<?xml version="1.0" encoding="utf-8"?>
<COLLADA xmlns="http://www.collada.org/2005/11/COLLADASchema" version="1.4.1" xmlns:xsi="http://www.w3.org/2001/XMLSchema-instance">
  <asset>
    <contributor>
      <author>Blender User</author>
      <authoring_tool>Blender 4.2.0 commit date:2024-07-16, commit time:06:20, hash:a51f293548ad</authoring_tool>
    </contributor>
    <created>2025-01-23T17:28:06</created>
    <modified>2025-01-23T17:28:06</modified>
    <unit name="meter" meter="1"/>
    <up_axis>Z_UP</up_axis>
  </asset>
  <library_effects>
    <effect id="Surface_3_003-effect">
      <profile_COMMON>
        <technique sid="common">
          <lambert>
            <emission>
              <color sid="emission">0 0 0 1</color>
            </emission>
            <diffuse>
              <color sid="diffuse">0 0 0 1</color>
            </diffuse>
            <index_of_refraction>
              <float sid="ior">1</float>
            </index_of_refraction>
          </lambert>
        </technique>
      </profile_COMMON>
    </effect>
    <effect id="Surface_1_008-effect">
      <profile_COMMON>
        <technique sid="common">
          <lambert>
            <emission>
              <color sid="emission">0 0 0 1</color>
            </emission>
            <diffuse>
              <color sid="diffuse">0 0.200784 0.4 1</color>
            </diffuse>
            <index_of_refraction>
              <float sid="ior">1</float>
            </index_of_refraction>
          </lambert>
        </technique>
      </profile_COMMON>
    </effect>
  </library_effects>
  <library_images/>
  <library_materials>
    <material id="Surface_3_003-material" name="Surface_3.003">
      <instance_effect url="#Surface_3_003-effect"/>
    </material>
    <material id="Surface_1_008-material" name="Surface_1.008">
      <instance_effect url="#Surface_1_008-effect"/>
    </material>
  </library_materials>
  <library_geometries>
    <geometry id="es165rd-a00_lk1_1-mesh" name="es165rd-a00_lk1_1">
      <mesh>
        <source id="es165rd-a00_lk1_1-mesh-positions">
          <float_array id="es165rd-a00_lk1_1-mesh-positions-array" count="12318">0.176916 -0.1767719 0.318902 0.203601 -0.145065 0.318902 0.170656 -0.182843 0.345006 0.203601 -0.145065 0.326967 0.218756 -0.123477 0.345643 0.223698 -0.111333 0.326967 0.239511 -0.07153099 0.328452 0.244453 -0.05174195 0.345006 0.144959 -0.203757 0.326967 0.130134 -0.213651 0.345006 0.109379 -0.2226459 0.32633 0.127169 -0.216125 0.367078 0.07874 -0.244909 0.380448 0.03986495 -0.279989 0.38533 0.03986495 -0.279989 0.335456 0.03228795 -0.286061 0.326967 0.144959 -0.203757 0.318902 0.03261798 0.314578 0.302348 0.04019498 0.326947 0.321449 0.03657096 0.309631 0.321236 0.04612499 0.326047 0.30256 -0.254332 -0.392426 0.523279 -0.254991 -0.407493 0.524128 -0.250049 -0.395799 0.527099 -0.1311179 -0.298204 0.320812 -0.122223 -0.30495 0.302136 -0.1311179 -0.292132 0.302348 -0.293536 -0.131797 0.302348 -0.301443 -0.129773 0.321873 -0.287935 -0.1221269 0.3206 -0.144955 -0.307424 0.318902 -0.144955 -0.307424 0.322085 -0.143967 -0.252779 0.324632 -0.14759 -0.249181 0.394031 -0.145943 -0.200833 0.373657 -0.1452839 -0.204656 0.318902 -0.114316 -0.281113 0.321661 -0.113987 -0.293032 0.302136 -0.302761 -0.115606 0.321661 -0.304078 -0.119879 0.302348 -0.288265 -0.115606 0.30256 -0.241813 -0.165078 0.318477 -0.2309409 -0.164404 0.301499 -0.254991 -0.157882 0.302136 -0.115963 -0.301802 0.321873 0.279704 -0.01801097 0.392546 0.280033 -0.01801097 0.350949 0.360089 -0.01801097 0.39106 -0.06358098 -0.430655 0.42438 -0.101138 -0.430655 0.426927 -0.110692 -0.418287 0.42438 -0.001315951 -0.467084 0.483592 3.32e-4 -0.432004 0.48338 -0.188113 -0.550063 0.620056 -0.1943719 -0.551862 0.649768 -0.189101 -0.55501 0.644037 -0.1627449 -0.417162 0.477862 -0.1551679 -0.429755 0.483804 -0.186136 -0.486424 0.649343 -0.188442 -0.494294 0.620056 -0.16571 -0.479902 0.620056 -0.24313 0.250939 0.64998 -0.238848 0.247341 0.630243 -0.248072 0.248465 0.63003 -0.11201 -0.297754 0.424592 0.488903 -0.36814 0.506301 0.442122 -0.367915 0.600955 0.471113 -0.36769 0.553416 -0.245766 0.255437 0.630243 -0.086313 -0.433128 0.434991 -0.335046 -0.430205 0.754397 -0.334388 -0.415138 0.788778 -0.323186 -0.41244 0.727019 -0.143637 -0.185317 0.30638 -0.144296 -0.180145 0.302136 -0.211174 -0.266946 0.302985 -0.157144 -0.173848 0.30638 -0.254661 -0.01036494 0.325057 -0.283323 -0.01193898 0.300862 -0.2233639 -0.01508694 0.302136 -0.187783 0.301986 0.649768 -0.182183 0.294115 0.62048 -0.188113 0.306933 0.620056 0.301447 0.120287 0.302136 0.298812 0.112641 0.321236 0.300788 0.131981 0.321661 -0.04018998 -0.326988 0.321449 -0.03261297 -0.31462 0.302348 -0.04611998 -0.326088 0.30256 -0.03656595 -0.309672 0.321236 -0.173287 -0.1792449 0.301923 0.131123 0.291416 0.302136 0.117286 0.287594 0.321873 0.132111 0.297038 0.321236 6.61e-4 -0.46686 0.49293 0.001319944 -0.467084 0.520095 -0.004280984 -0.472706 0.502905 0.283987 -0.00159496 0.436053 0.282669 0.02066797 0.437963 0.280033 0.01999294 0.496962 -0.302431 -0.43043 0.705796 0.03986495 -0.299103 0.327391 2e-6 -0.299103 0.322085 0.08730596 -0.282463 0.325057 -0.116622 -0.539044 0.613052 -0.112998 -0.530724 0.650404 -0.136719 -0.549613 0.650192 -0.142978 -0.550063 0.620056 -0.311985 0.04900199 0.321449 -0.32121 0.04990094 0.302136 -0.307373 0.04360496 0.30256 0.287281 0.125684 0.30256 0.286293 0.124335 0.321873 -0.263886 -0.05264097 1.036238 -0.239836 -0.09424299 1.055763 -0.295183 -0.01823496 1.030295 -0.32714 0.03955698 0.3206 -0.349872 0.03483498 1.00504 -0.35086 0.004926979 1.002705 -0.21941 -0.07850199 1.065525 -0.2372 -0.04499495 1.057461 -0.264545 -0.01328796 1.044727 -0.302431 0.01437097 1.027112 -0.210515 -0.1126829 1.06977 0.114321 0.292766 0.302136 0.209531 0.122986 0.359013 0.208214 0.1382769 0.345006 0.201295 0.127483 0.345431 -0.280029 -0.03397697 1.021382 -0.248072 -0.07018095 1.035601 0.278386 0.07193899 0.390848 0.280033 0.01796895 0.39106 0.280033 0.01796895 0.350949 0.280033 -0.04072296 0.356679 0.280033 -0.07355499 0.327179 0.279045 0.07283896 0.327603 0.360089 0.01796895 0.39106 -0.325493 0.09689998 0.301711 -0.322198 0.03460997 0.302985 -0.30902 0.02853798 0.322934 0.205578 0.1421 0.327603 -0.111681 -0.26942 0.423531 -0.112669 -0.250306 0.405279 -6.57e-4 -0.472481 0.485927 -0.312644 -0.01418799 1.011619 -0.165051 -0.250081 0.402733 -0.169993 -0.10009 0.380024 -0.169993 -0.183293 0.345006 -0.171311 -0.126625 0.392121 -0.142978 -0.432004 0.579944 -0.112998 -0.432004 0.579944 -0.112998 -0.470008 0.579944 -0.142978 -0.470008 0.579944 -0.188442 -0.164179 0.345006 -0.1769109 -0.121902 0.344369 -0.204914 -0.14349 0.345006 0.290576 0.07014 0.326967 0.290576 0.07014 0.322085 0.26422 0.10612 0.323359 -0.1693339 -0.09829097 0.345431 -0.04579097 -0.279539 0.335456 -0.04611998 -0.263124 0.340337 -0.05863898 -0.266497 0.326967 -0.06852298 -0.291233 0.324632 -0.06391096 -0.2498559 0.333546 0.144959 -0.307424 0.322085 0.125851 -0.304275 0.321024 -0.07445299 -0.33171 0.322085 -0.05106198 -0.315969 0.321873 0.074458 -0.33171 0.322085 0.04612499 -0.325189 0.321236 2e-6 -0.34003 0.322085 0.04381895 -0.307649 0.321449 0.03228795 -0.318443 0.321661 0.1268399 -0.28696 0.321661 0.145289 -0.257052 0.325057 0.113662 -0.292582 0.321873 -0.07972395 -0.1540589 0.344582 -0.08466595 -0.146639 0.312323 -0.08104199 -0.157882 0.311898 -0.185477 -0.04409599 0.344794 -0.176252 -0.05848795 0.312535 -0.178229 -0.03847396 0.313384 -0.206891 0.03258597 0.712163 -0.2451069 0.051476 0.694336 -0.196349 0.05080097 0.727656 -0.331093 0.092628 0.311049 -0.329446 0.136028 0.311049 0.518224 -0.328787 0.39297 0.434874 -0.329911 0.39106 0.434874 -0.306974 0.39106 -0.188772 -0.01688599 0.344369 -0.1835 -0.02678096 0.312111 -0.186136 -0.01081496 0.312111 -0.323516 0.08880496 0.32251 -0.195031 -2.1e-5 0.311686 -0.2375299 0.1522189 0.630243 -0.259932 0.36495 0.629181 -0.169005 -0.1632789 0.410161 0.10872 -0.009239971 0.452182 0.124863 -0.03127795 0.410585 0.124534 0.009423971 0.50057 0.01416897 0.182577 0.312323 0.02108699 0.174032 0.323783 -0.005597949 0.18595 0.323783 -0.1726289 -0.09559196 0.302136 -0.185477 -0.06028699 0.311686 -0.1578029 -0.114706 0.311686 -0.242801 0.148846 0.64998 -0.246095 0.148621 0.63003 -0.114646 -0.157657 0.311686 -0.195031 -0.009239971 0.301711 -0.1835 0.04517894 0.760976 0.103449 0.01976799 0.524128 0.104767 0.01661998 0.487624 -0.222705 0.04000699 0.629181 -0.222705 0.36495 0.628969 -0.263227 0.03978198 0.628969 0.122557 0.135354 0.343308 0.117286 0.123435 0.312111 0.130464 0.1340039 0.313596 -0.01251697 0.105895 0.428837 -0.03195399 0.117139 0.449635 0.01120299 0.109043 0.448999 0.04052394 0.1245599 0.448999 0.042831 0.123885 0.428412 0.02503997 0.108819 0.38724 0.04184198 0.125009 0.370474 0.005602955 0.10657 0.369625 0.05271399 0.143224 0.448999 0.05996197 0.1544679 0.426714 0.05567896 0.148171 0.369625 0.05600798 0.176281 0.448999 0.05172598 0.196744 0.428412 0.06029099 0.17763 0.371959 0.04645395 0.202141 0.370049 0.03195899 0.212486 0.449211 0.02405196 0.219232 0.4282 0.009555995 0.223954 0.370686 0.04678398 0.197194 0.33397 2e-6 0.222155 0.448999 -0.01086997 0.2250789 0.427776 -0.03195399 0.213835 0.449635 -0.04282599 0.206189 0.428412 -0.05270898 0.18685 0.448999 -0.05995696 0.175606 0.426714 -0.05600398 0.153569 0.448999 -0.05303895 0.13333 0.40252 -0.05863898 0.170209 0.370049 -0.05402696 0.1544679 0.333546 -0.04677897 0.193146 0.333546 -0.04842698 0.181903 0.322722 -0.02800095 0.216084 0.369837 -0.05040299 0.198768 0.37111 0.05403196 0.170884 0.333546 -0.01745796 0.112866 0.333546 0.01746296 0.113991 0.326967 0.04645395 0.137153 0.333546 -0.02898895 0.1133159 0.370686 -0.03887295 0.126134 0.33397 -0.03854298 -0.163954 0.312535 -0.08796 -0.164853 0.312323 0.05501997 -0.163954 0.312323 -0.142978 -0.1538349 0.359013 -0.142978 -0.1538349 0.3501 -0.158792 -0.137194 0.350736 -0.142978 -0.122577 0.345006 -0.179876 0.03371 0.760339 0.374914 -0.424133 0.579944 0.399952 -0.396699 0.579944 0.399952 -0.470008 0.579944 0.374914 -0.470008 0.579944 0.397317 -0.53747 0.612203 0.374255 -0.549613 0.620056 0.434874 -0.329911 0.47765 0.434874 -0.329911 0.436053 0.434874 -0.306974 0.436053 0.02240496 0.213835 0.333758 0.135405 0.12366 0.345006 0.1294749 0.116239 0.312535 0.02207499 -0.178571 0.312111 0.01713395 -0.1880159 0.344369 0.01680397 -0.168676 0.34352 0.01054495 -0.168002 0.312747 0.002637982 -0.180145 0.344582 -0.2134799 -0.392201 0.801724 -0.206232 -0.42998 0.780713 -0.228964 -0.42953 0.816368 0.03195899 0.2046149 0.323359 0.124204 0.116914 0.344582 -0.171311 -0.02880495 0.342884 0.146277 0.102972 0.313172 0.148913 0.09937399 0.327179 0.151219 0.107694 0.327603 0.139688 0.101398 0.327603 0.141665 0.109718 0.327179 -0.2276459 -0.425258 0.84035 -0.274428 -0.43043 0.845019 -0.217763 -0.430205 0.833346 0.007249951 -0.187341 0.313596 -0.1676869 -0.01958495 0.314021 -0.173617 -0.009689986 0.344582 0.500105 -0.330586 0.466401 0.507352 -0.367465 0.463642 0.496151 -0.367465 0.470646 0.49714 -0.36769 0.459186 0.499116 -0.367465 0.436901 0.519213 -0.368365 0.511182 -0.212162 0.02291697 0.302985 -0.206891 0.03033697 0.342884 -0.197337 0.07193899 0.345006 -0.184818 0.100048 0.301923 -0.1769109 0.117813 0.344369 -0.184489 0.129057 0.302136 -0.14792 0.01706999 0.345006 0.309354 -0.04949295 0.321236 0.324838 -0.04791897 0.302772 0.308036 -0.04319596 0.302348 -0.170322 -0.05916297 0.344582 -0.294854 0.11534 0.321661 -0.286947 0.119612 0.302772 -0.304078 0.116914 0.302136 0.113332 0.01999294 0.544926 0.006261944 0.017744 0.554264 0.07643395 0.01999294 0.542167 -0.313303 0.138952 0.3102 -0.145943 -0.09491795 0.345218 -0.142978 0.01751995 0.348402 0.326485 -0.04207199 0.321024 -0.132436 0.072389 0.374082 -0.122552 0.06699198 0.380236 -0.139684 0.06721699 0.377902 -0.142978 0.07283896 0.384056 -0.132106 0.06699198 0.395305 -0.152203 0.173357 0.302348 -0.1578029 0.173357 0.306593 -0.143967 0.185051 0.30638 0.661205 0.143674 0.583764 0.669441 0.05394899 0.591829 0.669111 0.15087 0.594376 0.646709 0.143899 0.574426 0.646709 0.05394899 0.574426 -0.120905 0.07283896 0.384056 0.668453 0.07396298 0.540045 0.664499 0.06924098 0.537498 0.811433 0.06901597 0.540045 -0.04480296 0.06361895 0.332697 -0.01449298 0.07756096 0.364743 -0.06588697 0.04405498 0.364956 0.775523 0.05664795 0.441995 0.775853 0.067891 0.458761 0.769264 0.068116 0.427351 0.11465 -0.09694099 0.345006 0.105096 -0.04566997 0.394456 0.104108 -0.08884596 0.344794 0.250053 -0.467084 0.505027 0.253348 -0.472931 0.511394 0.25829 -0.46686 0.520095 0.66977 0.143899 0.570606 0.676689 0.06856596 0.57379 0.637484 0.06901597 0.544714 0.637484 0.143899 0.544714 0.614094 0.06901597 0.510333 0.614094 0.143899 0.510333 0.601904 0.06901597 0.470646 0.601904 0.143899 0.470646 0.601904 0.06901597 0.429261 0.601904 0.143899 0.429261 0.614094 0.06901597 0.389574 0.614094 0.143899 0.389574 0.637484 0.06901597 0.355405 0.637484 0.143899 0.355405 0.678665 0.06834095 0.325269 0.66977 0.143899 0.329301 0.368325 -0.467759 0.384693 0.359101 -0.467759 0.493991 0.367666 -0.467084 0.405067 0.400611 -0.460563 0.384693 0.125851 -0.08884596 0.345006 0.951449 0.04562896 0.39488 0.952766 0.044954 0.333758 0.951119 0.04562896 0.510757 0.815716 0.06924098 0.362621 0.815716 0.07418799 0.36538 0.829882 0.07396298 0.378326 0.978463 0.04585397 0.40061 0.958696 0.04607897 0.328664 0.975498 0.04517894 0.387028 0.146277 -0.1473129 0.362621 0.09850698 -0.186441 0.380448 0.1294749 -0.185542 0.364107 0.869087 0.105445 0.377902 0.876664 0.09510099 0.376628 0.863486 0.09779995 0.385117 0.755427 0.05664795 0.416527 0.680972 0.150195 0.569545 0.885559 0.05372399 0.386815 0.88457 0.104996 0.380873 0.887206 0.10612 0.401035 0.883912 0.09375196 0.399549 0.895442 0.08992898 0.45006 0.871063 0.09600096 0.401884 0.666476 0.149746 0.576973 0.982087 0.04382997 0.445391 -0.144625 0.1873 0.302136 -0.211833 0.266455 0.302985 -0.268827 0.04000699 0.540045 -0.272781 0.36495 0.536225 -0.268827 0.36495 0.543229 -0.053698 -0.401871 0.787292 -0.05040299 -0.391976 0.774983 -0.07609999 -0.391752 0.81085 0.553146 -0.02205795 0.633002 0.58016 -0.02295798 0.654861 0.652969 -0.02295798 0.632365 0.60421 -0.02295798 0.600318 0.566653 -0.02295798 0.55384 0.549851 -0.02295798 0.518398 0.688549 0.140976 0.579944 0.687231 0.150195 0.587584 0.600916 0.137827 0.523916 0.599927 0.05552297 0.519459 0.595974 0.05687296 0.542592 0.367337 -0.435377 0.405492 0.30013 -0.43965 0.484865 0.297494 -0.432004 0.47956 -0.2259989 0.254312 0.30256 0.59268 0.116464 0.546624 0.747191 0.06968998 0.403581 0.754768 0.065418 0.395092 0.734342 0.06339401 0.405704 0.402588 -0.460563 0.443693 0.755427 0.07306295 0.359862 -0.139025 0.117139 0.345006 -0.07016998 0.149071 0.346067 -0.115305 0.127258 0.345006 0.579831 0.05327498 0.517973 0.585102 0.03371 0.515851 0.576207 0.03236097 0.522642 -0.193384 -0.426832 0.810638 -0.199643 0.04000699 0.345643 -0.199643 0.01976799 0.345643 -0.199973 0.01999294 0.415042 -0.199973 0.04000699 0.415042 -0.349872 0.01999294 0.600106 -0.349872 0.04000699 0.600106 -0.349872 0.01999294 0.64998 -0.349872 0.04540395 0.600106 -0.349872 0.01257199 0.690091 -0.349872 0.01257199 0.949224 -0.349872 0.04540395 0.955166 -0.349872 0.003351986 0.991457 -0.165381 -0.425258 0.790051 -0.155497 -0.432004 0.779652 -0.1742759 -0.432679 0.808728 0.11465 -0.157657 0.311686 0.064574 -0.176097 0.308503 0.074458 -0.159681 0.314233 0.973851 0.017744 0.437963 0.978463 0.01639497 0.459822 0.381503 -0.371063 0.436053 0.379856 -0.369939 0.55002 0.379856 -0.306974 0.436053 -0.235224 0.164587 0.31869 -0.253673 0.160315 0.30256 -0.2325879 0.162339 0.302136 0.724788 0.07373797 0.394031 0.722482 0.06609195 0.370261 0.576866 0.03348594 0.511182 -0.17164 -0.425033 0.830799 0.662852 0.150195 0.323571 0.661205 0.143899 0.316355 0.05765599 -0.160356 0.344794 0.679983 0.1429989 0.593527 0.996583 0.03978198 0.398063 0.996912 0.01572096 0.401459 0.985052 0.01572096 0.394668 0.169668 -0.438975 0.485078 0.178893 -0.432004 0.47765 0.769593 0.08025997 0.605836 0.764981 0.05394899 0.603502 0.752791 0.05327498 0.619419 0.07182198 -0.16148 0.344794 0.765969 0.074638 0.587797 0.770581 0.084082 0.562541 0.760369 0.06834095 0.562541 -0.145614 0.01999294 0.421621 -0.14792 0.01999294 0.3501 0.983734 0.04607897 0.39488 0.726106 0.06901597 0.352859 0.977475 0.03753298 0.430959 0.685913 0.150645 0.311474 0.688549 0.140976 0.320387 0.679983 0.1429989 0.306593 0.680972 0.15042 0.330362 0.399952 0.109943 0.64998 0.399293 0.340214 0.650617 0.399952 0.04607897 0.64998 0.143971 -0.184867 0.30638 0.14463 -0.187341 0.302136 0.152207 -0.173399 0.302136 -0.151214 0.09982395 0.312323 -0.152862 0.109268 0.345006 -0.140013 0.09892398 0.344369 0.791007 0.01661998 0.682239 0.787054 0.04382997 0.67184 0.809456 0.044954 0.684149 -0.147261 0.116914 0.312747 0.846025 0.04585397 0.256931 0.792325 0.04607897 0.2055709 0.808139 0.04585397 0.21873 0.2118369 -0.266497 0.302985 0.549851 -0.06905698 0.627484 -0.114646 0.157841 0.311686 -0.127824 0.139177 0.313808 0.537991 0.058896 0.565937 0.537991 0.04000699 0.565937 0.399952 0.04000699 0.608171 0.578843 0.05394899 0.552991 0.571924 0.110168 0.555538 0.399952 0.109943 0.608171 0.537991 0.05394899 0.562329 -0.293536 0.36495 0.5358 -0.293207 0.04000699 0.536225 -0.29716 0.04000699 0.543229 -0.29716 0.04000699 0.644886 -0.29716 0.36495 0.641703 -0.29716 0.36495 0.543229 -0.132436 0.102747 0.313384 0.372608 0.296813 0.649555 0.373267 0.338865 0.648919 0.650003 0.06901597 0.521581 0.652639 0.074413 0.525613 0.650003 0.07396298 0.378326 0.59235 0.144124 0.395517 0.582137 0.120737 0.391484 0.585761 0.143899 0.430959 0.975828 0.04562896 0.461096 0.870075 0.10567 0.521157 0.863486 0.09779995 0.51479 0.876334 0.095326 0.523279 0.99823 0.04765295 0.464279 0.990323 0.01594495 0.465552 0.997901 0.01594495 0.462369 0.157808 -0.173399 0.306593 0.650003 0.06901597 0.378326 0.725447 0.06901597 0.588646 0.834824 0.06901597 0.552354 0.794961 0.06901597 0.562966 0.794961 0.06924098 0.578246 0.829882 0.07306295 0.523067 0.754109 0.067891 0.344157 0.839436 0.06901597 0.35201 0.829882 0.06901597 0.378326 0.806491 0.06901597 0.327391 0.767946 0.06901597 0.313384 0.727094 0.06901597 0.311049 0.664499 0.06924098 0.361984 0.792325 0.01661998 0.663563 0.806491 0.04585397 0.66335 -0.043814 0.307607 0.321449 -0.144955 0.307607 0.322085 -0.01251697 0.2183319 0.327603 0.812092 0.01661998 0.2274309 0.810445 0.04585397 0.2321 0.814069 0.01819396 0.674386 0.970886 0.04607897 0.439024 0.290576 -0.07018095 0.322085 0.290576 -0.07018095 0.326967 0.265867 -0.104137 0.324844 0.792984 0.08318299 0.611142 0.793972 0.07733595 0.596286 0.872051 0.09644997 0.497175 0.862827 0.10522 0.503966 0.882264 0.10522 0.498873 0.66417 0.07418799 0.36538 0.885888 0.09240299 0.503754 0.796937 0.01684498 0.239104 0.853932 0.01616996 0.238255 0.683278 0.01616996 0.2380419 0.637155 0.01751995 0.250988 0.844048 0.01616996 0.251413 0.746861 0.01594495 0.248017 0.30013 0.109943 0.610081 0.30013 0.04000699 0.610081 0.271797 0.03978198 0.602865 0.537991 0.04000699 0.430959 0.30013 0.109943 0.430959 0.289258 0.03978198 0.431808 0.271468 0.109718 0.437963 0.25796 0.04000699 0.452819 0.250383 0.109718 0.470009 0.250053 0.04000699 0.481045 0.250053 0.109943 0.559995 0.250383 0.03978198 0.571031 0.25796 0.110168 0.588221 0.281022 0.109943 0.606261 0.565006 0.115565 0.430959 0.584443 0.07553696 0.430747 0.537991 0.109943 0.430959 0.537991 0.07890999 0.430959 0.672735 0.04450398 0.23592 0.667135 0.01684498 0.2304019 0.612446 0.017744 0.255445 0.612117 0.04540395 0.248229 0.622989 0.04585397 0.2616 0.485938 0.03978198 0.386815 0.464854 0.04000699 0.39106 0.553475 0.04000699 0.39106 0.566324 0.03978198 0.33206 0.566983 0.04427999 0.357103 0.579172 0.04000699 0.30638 -0.02009397 0.175381 0.312111 -0.02108198 0.1704339 0.323995 0.790678 0.01841896 0.216607 0.796937 0.04585397 0.215758 0.788701 0.04585397 0.223823 -0.08828997 0.01999294 0.541955 -0.105092 0.03955698 0.532193 -0.07313495 0.04000699 0.544926 0.07346898 0.03978198 0.543865 0.287611 -0.127524 0.30256 0.291234 -0.113582 0.321661 0.292223 -0.131572 0.3206 0.949142 0.04540395 0.557872 0.930693 0.017744 0.557023 0.953096 0.01706999 0.564027 0.297164 -0.113357 0.302136 0.766628 0.04607897 0.698581 0.766628 0.01594495 0.698581 0.823623 0.01594495 0.685634 0.823623 0.04607897 0.685634 0.876005 0.01594495 0.659742 0.876005 0.04607897 0.659742 0.92081 0.01594495 0.622602 0.92081 0.04607897 0.622602 0.956061 0.01594495 0.575912 0.956061 0.04607897 0.575912 0.979122 0.01594495 0.52243 0.979122 0.04607897 0.52243 0.989664 0.04607897 0.464916 -0.002303957 0.1429989 0.314233 -0.01284599 0.146597 0.323571 0.01515698 0.149071 0.323783 0.01943999 0.156942 0.313172 0.927069 0.044954 0.566574 0.938271 0.01616996 0.576973 0.94486 0.04562896 0.576761 0.01779198 0.08475697 0.345218 0.01647496 0.086331 0.36538 0.04908996 0.06092 0.36729 0.727753 0.01751995 0.217881 0.732036 0.04585397 0.210665 0.72973 0.04517894 0.227643 -0.01943498 0.156942 0.313384 0.237534 0.110618 0.629818 0.255325 0.102972 0.645948 0.280363 0.108819 0.645523 0.721494 0.04607897 0.20069 0.74785 0.04540395 0.208967 0.279704 -0.431554 0.593315 0.301118 -0.432004 0.590343 0.30013 -0.472032 0.595012 0.321544 -0.432454 0.579307 0.32978 -0.472032 0.590556 0.310672 -0.472706 0.57761 0.16242 -0.06231099 0.313384 0.159455 -0.05466496 0.34352 0.173292 -0.06455999 0.344794 0.172963 -0.122577 0.36538 0.182187 -0.104587 0.361984 0.07149296 0.254987 0.45006 0.07511597 0.253413 0.429473 -0.07148796 0.254987 0.429898 -0.07148796 0.254987 0.45006 -0.08927798 0.239695 0.429473 -0.081371 0.246217 0.45006 0.167032 -0.04634499 0.312111 0.185482 -0.05668896 0.30638 0.1785629 -0.04926794 0.344157 0.196353 -0.07490396 0.364531 0.189106 -0.12595 0.365592 0.2075549 -0.03487598 0.364531 -0.176252 0.292091 0.64998 -0.144955 0.296813 0.649343 -0.148579 0.293665 0.62048 0.04876095 0.149071 0.322934 -0.03195399 0.125459 0.323359 0.659887 -0.02295798 0.2026 0.659887 -0.06905698 0.2026 0.606516 -0.06905698 0.226794 0.606516 -0.02295798 0.226794 0.560064 -0.06905698 0.262449 0.560064 -0.02295798 0.262449 0.225015 0.254987 0.306593 0.226004 0.253862 0.301923 0.161432 0.1841509 0.303197 0.07643395 0.01594495 0.333546 0.06127995 0.04203099 0.314233 0.07313996 -0.01373797 0.314233 0.06984496 -0.02857995 0.331636 0.07775199 0.01459598 0.364743 0.04217195 -0.06141096 0.314233 -0.06226295 0.04068195 0.314233 -0.07511198 0.01459598 0.331636 -0.07313495 -2.1e-5 0.314021 -0.06489896 -0.04229694 0.329513 -0.061275 -0.04207199 0.314233 -0.02865999 -0.06995695 0.331636 -0.01383495 -0.07332998 0.314233 0.01581597 -0.07625299 0.333546 0.05370199 -0.05331599 0.331636 0.06589198 -0.04544496 0.364743 -0.04513198 -0.06590896 0.364743 -0.07774698 -0.01463699 0.364743 0.01449799 -0.07760196 0.364743 0.05337297 0.05372399 0.331636 0.01482695 0.07598698 0.330574 0.330109 -0.472032 0.505027 0.330109 -0.467084 0.505027 0.32945 -0.467759 0.518185 0.560064 -0.06905698 0.358164 0.559735 -0.02295798 0.358589 0.55051 -0.06905698 0.379812 0.558087 0.01999294 0.362409 0.546557 -0.06433498 0.39106 0.546886 0.01999294 0.39106 0.543921 -0.06905698 0.401035 0.788701 -0.06905698 0.25396 0.719517 -0.06905698 0.248654 0.720505 -0.02295798 0.248654 0.679983 0.01594495 0.257143 0.647697 -0.02273297 0.269028 0.620024 0.01594495 0.287492 0.588067 -0.02295798 0.316992 0.572913 0.017744 0.334819 0.631225 0.01594495 0.620268 0.693161 0.01594495 0.646584 0.718858 -0.06905698 0.650829 0.760369 0.01594495 0.651041 0.785736 -0.06905698 0.646796 0.82494 0.01594495 0.633214 0.847672 -0.06905698 0.620905 0.880288 0.01594495 0.595225 0.897748 -0.06905698 0.576124 0.920151 0.01594495 0.541106 0.930364 -0.06905698 0.517549 0.940247 0.01594495 0.476801 0.941895 -0.06905698 0.451545 0.937941 0.01594495 0.409736 0.931352 -0.06905698 0.38533 0.913891 0.01594495 0.346916 0.899725 -0.06905698 0.326118 0.870404 0.01594495 0.295769 0.850308 -0.06905698 0.280701 0.812421 0.01594495 0.261388 0.65198 -0.06905698 0.632365 0.574889 -0.06973201 0.652314 -0.192725 0.36495 0.536225 -0.188772 0.040232 0.540045 -0.196349 0.04000699 0.5358 0.30013 0.04000699 0.544926 0.2998 0.108144 0.645523 0.30013 0.330095 0.64998 0.30013 0.109943 0.544926 0.30013 0.100048 0.64998 0.30013 0.336391 0.612628 0.309354 0.353707 0.650404 0.485279 -0.06883198 0.3987 -0.141331 0.07306295 0.459822 -0.1426489 0.06699198 0.453243 -0.130459 0.06721699 0.465765 0.483303 -0.062761 0.39106 -0.14759 0.339989 0.620692 -0.143637 0.334367 0.649555 -0.165381 0.344487 0.64998 -0.125517 0.06744199 0.446452 -0.1377069 0.07216399 0.447088 -0.1261759 0.072389 0.446876 -0.1242 0.07306295 0.462369 0.203601 0.145023 0.318902 0.307048 0.144798 0.320175 0.260925 0.219906 0.31869 0.176916 0.176731 0.318902 0.1825169 0.217433 0.318902 0.144959 0.203715 0.318902 0.195694 0.278149 0.318902 0.144959 0.307158 0.320812 -0.204914 -0.55501 0.55002 -0.218092 -0.55501 0.622815 -0.217433 -0.55501 0.538135 -0.188772 -0.555235 0.536649 -0.29716 -0.55546 0.648707 -0.297489 -0.555235 0.538135 -0.269157 -0.555235 0.536649 -0.279699 -0.55501 0.548746 -0.26751 -0.554785 0.627059 -0.226329 -0.55501 0.629181 -0.204585 -0.55501 0.636185 -0.27937 -0.55501 0.636185 -0.26125 -0.2199479 0.31869 -0.22567 -0.254803 0.302985 -0.19569 -0.27819 0.318902 -0.146602 -0.306749 0.301923 -0.07511198 -0.331485 0.301923 2e-6 -0.34003 0.301923 0.07511597 -0.331485 0.301923 0.144959 -0.307424 0.318902 0.146607 -0.306749 0.301923 0.195694 -0.27819 0.318902 0.226004 -0.253904 0.305956 0.260925 -0.219273 0.318902 0.280033 -0.1927379 0.301923 0.307048 -0.14484 0.319751 0.31792 -0.120328 0.301923 0.331757 -0.074229 0.322085 0.337687 -0.04094797 0.301923 0.339993 -2.1e-5 0.322085 0.337687 0.04090595 0.301923 0.331757 0.07418799 0.322085 0.31792 0.120287 0.301923 0.280033 0.192697 0.301923 0.226004 -0.253904 0.301923 -0.275087 -0.199934 0.301923 -0.307043 -0.145065 0.320812 -0.311326 -0.136744 0.301923 -0.331752 -0.074229 0.322085 -0.333399 -0.067483 0.301923 -0.339988 -2.1e-5 0.322085 -0.340647 0.01189798 0.304046 -0.339988 0.06968998 0.322085 -0.336694 0.07216399 0.307229 -0.17164 -0.263124 0.443905 -0.169993 -0.432004 0.485078 -0.169993 -0.334634 0.484865 -0.169664 -0.186441 0.373233 -0.171311 -0.190939 0.39297 -0.250049 -0.432004 0.485078 -0.209856 -0.306749 0.48529 -0.250049 -0.391976 0.485078 -0.24939 -0.279989 0.484653 -0.211833 -0.224895 0.438599 -0.249719 -0.213876 0.484441 -0.250049 -0.391976 0.614962 -0.250049 -0.306974 0.515002 -0.250049 -0.232541 0.500995 -0.251696 -0.392651 0.685847 -0.251367 -0.407043 0.649555 -0.249719 -0.265147 0.514365 -0.328787 -0.407043 0.607958 -0.329116 -0.392651 0.684361 -0.327469 -0.406818 0.650404 -0.330105 -0.391976 0.607534 -0.102456 -0.472032 0.5167 -0.14792 -0.472481 0.495265 -0.132436 -0.472257 0.478074 -0.06423997 -0.472481 0.542804 -0.07906496 -0.472257 0.560419 0.250053 0.109943 0.367502 0.25203 0.074413 0.375779 0.251042 0.074638 0.329513 0.249724 0.109943 0.410585 0.250383 0.133105 0.333333 0.257631 0.145023 0.324208 -0.132106 -0.432454 0.479772 -0.143308 -0.432004 0.486139 0.464854 0.01999294 0.39106 0.434874 0.01999294 0.39106 0.553475 0.07396298 0.39106 0.280033 0.109943 0.39106 0.595974 0.07396298 0.39106 0.545898 0.109943 0.39106 0.262902 0.109943 0.386391 0.590044 0.04607897 0.249927 0.579172 0.01999294 0.30638 0.566983 0.02044296 0.331848 0.486268 0.02021795 0.386603 0.590044 0.01594495 0.249927 0.435203 -0.09289395 0.391272 0.280033 -0.02992898 0.39106 0.300459 -0.03195297 0.390635 0.378538 -0.097166 0.391909 0.379856 0.01999294 0.39106 0.434874 0.01999294 0.384905 0.434544 -0.156758 0.410161 0.434874 -0.292582 0.409948 0.434874 -0.329911 0.384905 0.434874 0.01999294 0.436053 0.434874 0.01999294 0.55002 0.435203 -0.09289395 0.43584 0.434874 -0.102788 0.413556 0.08994197 0.09330195 0.45006 0.088624 0.08947896 0.429473 0.08994197 0.1499699 0.429898 0.09060096 0.148621 0.344794 0.089612 0.180104 0.346067 0.08994197 0.180104 0.429898 0.08994197 0.2365469 0.429898 0.08994197 0.2365469 0.45006 0.08137595 0.246217 0.45006 -0.03458994 -0.469333 0.490808 -0.043814 -0.472032 0.454729 -0.08730095 -0.473831 0.429686 -0.06325197 -0.472032 0.425441 -0.01021099 -0.279989 0.413981 -0.04414397 -0.27909 0.414617 0.02537 -0.279989 0.399974 0.020428 -0.280439 0.415466 -0.2358829 -0.109759 1.043878 -0.137048 -0.138318 1.000371 -0.102127 -0.157208 0.984878 -0.09356099 -0.148663 1.0165 -0.156156 -0.128874 1.045576 -0.204585 -0.144165 0.320175 -0.184489 -0.1290979 0.302136 0.00395596 -0.467084 0.485078 0.250053 -0.467084 0.485078 -0.266192 -0.431105 0.628969 -0.268827 -0.432229 0.538347 -0.289912 -0.432004 0.5358 -0.29716 -0.432229 0.540045 -0.216445 -0.432904 0.536225 -0.218751 -0.431329 0.626635 -0.146602 -0.432229 0.496538 -0.112998 -0.432004 0.64998 -0.07939499 -0.432679 0.558721 -0.188113 -0.432004 0.620056 -0.188772 -0.432229 0.538559 -0.06391096 -0.432229 0.543865 -0.002962946 -0.432004 0.64998 -0.06588697 -0.425033 0.663987 -0.01943498 -0.425033 0.663987 0.001648962 -0.432004 0.519671 0.09653097 -0.431779 0.684573 0.082035 -0.432004 0.810001 0.118604 -0.432004 0.656983 0.321873 -0.432004 0.520095 0.14463 -0.432004 0.64998 0.268832 -0.432004 0.579944 0.252689 -0.432229 0.58525 0.250053 -0.432004 0.610081 0.30013 -0.432004 0.610081 0.330109 -0.432004 0.620056 0.330109 -0.432004 0.595012 0.339993 -0.432229 0.514365 0.367666 -0.432004 0.482319 0.367666 -0.432004 0.620056 0.30013 -0.432004 0.64998 0.064574 -0.1196539 0.989972 -0.036237 -0.252105 0.989972 0.06490397 -0.252105 0.989972 -0.03755497 -0.299328 0.983605 0.06490397 -0.304051 0.982331 -0.04183799 -0.342954 0.965353 0.06490397 -0.351499 0.960047 -0.04809695 -0.380058 0.93649 0.06819796 -0.385005 0.931396 -0.056333 -0.408392 0.899137 0.072151 -0.410641 0.895317 -0.06588697 -0.425932 0.856055 0.077093 -0.426607 0.853932 -0.07609999 -0.432004 0.810001 -0.03656595 -0.123926 0.988698 -0.083678 -0.2044309 1.013954 -0.08960795 -0.298654 1.008223 -0.04084897 -0.05196696 0.970022 -0.03722494 -0.09199398 0.984878 0.03459399 -0.08524799 0.983817 -0.103444 -0.02340799 0.978936 -0.152862 -2.46e-4 0.977875 -0.154838 0.01369696 0.956015 -0.198984 0.04540395 0.81085 -0.245766 0.04540395 0.842048 -0.154838 0.04292994 0.863271 -0.154838 0.03528499 0.912932 -0.154838 0.04540395 0.779228 -0.185148 0.04540395 0.770102 0.03327697 0.047203 0.664412 -0.04908496 0.04540395 0.64998 -0.05830997 0.04540395 0.697095 0.113003 0.04540395 0.64998 -0.288594 0.04540395 0.839289 -0.32121 0.04540395 0.81085 -0.335046 0.04540395 0.770102 -0.329116 0.044954 0.732325 -0.330105 0.04540395 0.600106 -0.102127 -0.362293 0.981907 -0.1251879 -0.407943 0.932033 -0.143308 -0.425708 0.893195 -0.166369 -0.432454 0.845019 -0.185148 -0.425033 0.765433 -0.170322 -0.424583 0.85754 -0.096197 -0.41199 0.690091 -0.259932 -0.41199 0.690091 -0.2909 -0.432004 0.64998 -0.349872 -0.41199 0.690091 -0.349872 -0.432004 0.64998 -0.184159 -0.412215 0.765221 -0.193713 -0.41199 0.733598 -0.224352 -0.412215 0.701764 -0.282335 -0.412665 0.696246 -0.349872 -0.41199 0.74994 -0.29716 -0.432004 0.641703 -0.349872 -0.432004 0.600106 -0.142978 -0.432004 0.620056 0.209531 0.01751995 0.3501 0.206566 0.01639497 0.345006 0.202942 -0.05016797 0.345006 -0.112669 -0.178346 0.387664 -0.07906496 -0.199484 0.395941 -0.07016998 -0.198585 0.38533 -0.02865999 -0.215 0.395941 -0.005927979 -0.210503 0.383632 0.03064095 -0.211627 0.392333 0.05073696 -0.203757 0.380448 -0.04743796 -0.325189 0.484229 -0.112998 -0.273917 0.457063 -0.112669 -0.328562 0.507149 -0.04743796 -0.346552 0.509484 0.01943999 -0.342729 0.497387 0.020428 -0.238387 0.41292 -0.112998 -0.35847 0.515002 -0.169993 -0.335083 0.515002 -0.169993 -0.300003 0.515002 -0.112998 -0.300003 0.515002 -0.112998 -0.199934 0.473193 -0.169993 -0.199934 0.473193 -0.112998 -0.10009 0.380024 -0.144625 -0.099415 0.379387 -0.2108449 -0.247157 0.480833 -0.212821 -0.263348 0.498236 -0.21974 -0.307873 0.515426 -0.211174 -0.298654 0.51479 -0.217104 -0.407043 0.515002 -0.03557795 -0.374211 0.515002 0.250053 -0.407043 0.515002 0.02009898 -0.369489 0.514578 0.03755897 -0.372412 0.515002 -0.170322 -0.304275 0.508211 -0.169664 -0.280214 0.483592 0.209861 -0.01396298 0.401247 0.176916 -0.111558 0.345218 0.133758 -0.161031 0.345218 0.07775199 -0.1949869 0.347553 0.02734595 -0.208029 0.345006 -0.05303895 -0.202857 0.345643 -0.113328 -0.175423 0.345218 0.2075549 0.01976799 0.494203 0.379856 -0.292582 0.409948 0.396328 -0.303151 0.429473 0.395011 -0.14394 0.429686 0.380185 -0.160806 0.411858 0.391716 -0.12595 0.434143 0.379856 -0.139443 0.423319 -0.142978 0.04000699 0.593527 -0.142978 0.04000699 0.620056 -0.142978 0.317052 0.620056 -0.142978 0.360003 0.620056 -0.142978 0.109943 0.544926 -0.1551679 0.06946599 0.345006 -0.153191 0.03978198 0.346916 -0.152862 0.06699198 0.3501 -0.152862 0.040232 0.56148 -0.152862 0.06721699 0.561692 -0.142978 0.06699198 0.593527 -0.142978 0.06699198 0.544926 -0.323186 -0.43043 0.813184 -0.349872 -0.391976 0.600106 -0.349872 -0.391976 0.74994 -0.323186 -0.391752 0.811274 -0.295513 -0.391976 0.836105 -0.112998 0.01212298 0.401884 -0.115305 0.01999294 0.468311 -0.106409 0.01999294 0.527311 0.38348 -0.369939 0.55002 0.420049 -0.329911 0.626635 0.420049 -0.329911 0.47765 0.349876 -0.407043 0.436053 0.349876 -0.407043 0.64998 0.399952 -0.351949 0.64998 0.330109 -0.467084 0.485078 0.30013 -0.467084 0.485078 -0.26718 0.04000699 0.621753 -0.218751 0.04000699 0.621753 -0.217433 0.04000699 0.543229 -0.276075 0.04000699 0.5358 -0.213151 0.040232 0.536437 -0.330105 0.04000699 0.600106 -0.188113 0.04000699 0.620056 -0.289912 0.04000699 0.649343 -0.329446 0.03528499 0.675447 -0.112998 0.04000699 0.64998 -0.251367 0.03168696 0.694336 -0.286947 0.03371 0.698368 -0.325163 0.03348594 0.727868 -0.08565396 0.03348594 0.679904 -0.05073297 0.04000699 0.650192 -0.08466595 0.04000699 0.644886 -0.112998 0.04000699 0.63003 0.669111 0.07396298 0.519671 0.814069 0.07418799 0.5358 0.727424 0.07396298 0.506301 0.696456 0.07396298 0.485502 0.682289 0.07396298 0.450909 0.764322 0.07396298 0.500783 0.794631 0.07396298 0.463218 0.784748 0.07396298 0.415891 0.754439 0.07418799 0.392758 0.695138 0.07396298 0.415891 0.850637 0.05394899 0.340761 0.834824 0.10522 0.324632 0.813739 0.05394899 0.313172 0.77124 0.120512 0.297679 0.74785 0.05439895 0.29301 0.724788 0.131981 0.295344 0.672406 0.05394899 0.307017 0.669441 0.15042 0.305744 0.250053 -0.472032 0.485078 0.330109 -0.472032 0.485078 0.286622 -0.467309 0.517124 0.895772 0.05372399 0.453243 0.922457 0.05394899 0.379387 0.888194 0.05394899 0.32251 0.83713 0.05394899 0.280488 0.862168 0.05394899 0.327816 0.728083 0.05394899 0.277093 0.774864 0.05394899 0.257568 0.708645 0.05394899 0.256931 0.633531 0.05394899 0.310837 0.64605 0.05394899 0.278578 0.593997 0.05394899 0.319751 0.559076 0.05394899 0.375992 0.602563 0.05394899 0.345218 0.628919 0.05394899 0.341398 0.674712 0.05394899 0.288978 0.806821 0.05394899 0.288129 0.603222 0.05394899 0.375992 0.885559 0.05372399 0.514365 0.895442 0.05394899 0.568696 0.869416 0.05394899 0.563603 0.846684 0.05394899 0.613901 0.797596 0.05372399 0.612203 0.785736 0.05394899 0.640005 0.719846 0.05394899 0.644462 0.672076 0.05394899 0.61093 0.655933 0.05394899 0.626422 0.84306 0.05394899 0.566361 0.794961 0.05394899 0.595437 0.721823 0.05394899 0.604351 0.633531 0.05394899 0.586948 0.601904 0.05394899 0.588221 0.935306 0.05394899 0.44433 0.926081 0.05394899 0.510121 0.606187 0.118938 0.556387 0.58049 0.109943 0.575275 0.623977 0.116464 0.581218 0.593997 0.109943 0.590768 0.618376 0.143899 0.546836 0.590044 0.144349 0.492506 0.588397 0.058896 0.484441 0.584114 0.07328796 0.448362 0.581478 0.05417394 0.450696 0.86711 0.067891 0.395092 0.866121 0.06834095 0.506513 0.879629 0.06901597 0.45006 0.879629 0.09397697 0.45006 0.567312 0.05394899 0.473193 0.538321 0.05417394 0.45197 -0.329446 0.05057597 0.741239 0.709963 0.01594495 0.698156 0.709963 0.04607897 0.698156 0.658899 0.04607897 0.686483 0.59861 0.04607897 0.657832 0.606187 0.01684498 0.660379 0.659887 0.01594495 0.686908 0.559735 0.01999294 0.64998 0.559735 0.04607897 0.64998 0.103449 0.01999294 0.650617 -0.03854298 0.01279699 0.687332 -0.06193399 0.01257199 0.700278 -0.154838 0.01257199 0.779228 0.280033 0.06699198 0.64998 -0.05303895 0.06699198 0.64998 0.350206 0.199668 0.64998 0.333733 0.293215 0.648919 0.331427 0.33864 0.649131 0.330109 0.360003 0.64998 0.376562 0.359553 0.650192 0.280033 0.100048 0.64998 0.235558 0.06721699 0.638095 0.222709 0.103197 0.627484 0.210849 0.06699198 0.610081 0.203931 0.104996 0.5948 0.199977 0.101398 0.569969 0.200307 0.040232 0.580581 0.210849 0.04000699 0.610081 0.199977 0.04000699 0.345006 0.200307 0.106795 0.397851 0.203931 0.108144 0.569969 -0.08466595 0.06699198 0.644886 -0.112998 0.06699198 0.63003 -0.178888 0.21316 0.305956 0.422355 -0.371963 0.418013 0.422355 -0.371963 0.623876 0.399623 -0.530499 0.650617 0.399952 -0.396699 0.64998 0.374914 -0.424133 0.620056 0.169339 -0.407043 0.485078 0.04546594 -0.373762 0.484865 0.250053 -0.407043 0.485078 0.01910996 -0.369939 0.484441 -0.06588697 -0.249406 0.396366 -0.06160497 -0.287635 0.425017 -0.01811695 -0.295281 0.425229 -0.01877599 -0.431105 0.425229 -0.04743796 -0.259301 0.401035 -0.001644968 -0.317093 0.441783 0.002967 -0.368365 0.480409 0.727424 0.1313059 0.311049 0.789689 0.11579 0.317416 0.839766 0.103646 0.352434 0.601904 0.04607897 0.588221 0.622989 0.143899 0.347341 0.601904 0.074413 0.376841 0.748508 0.126359 0.606897 0.814398 0.109943 0.586523 0.850967 0.100948 0.558933 -0.204914 0.143449 0.345006 -0.204914 0.144349 0.320175 0.727424 0.1313059 0.588858 0.790019 0.11534 0.582279 0.839766 0.103646 0.547473 -0.144955 0.203715 0.326967 -0.144955 0.203715 0.318902 -0.19569 0.156267 0.319539 -0.157474 0.194046 0.345006 0.16242 0.189998 0.345006 0.144959 0.203715 0.326967 0.104108 0.227327 0.345006 0.09060096 0.232949 0.326967 0.03755897 0.247116 0.345006 2e-6 0.251164 0.327179 -0.03162497 0.2480159 0.345006 -0.09059596 0.232949 0.326967 -0.09850299 0.2298009 0.345006 0.540956 0.109943 0.410797 0.399952 0.109943 0.420135 0.213155 0.110168 0.42629 0.374914 0.109943 0.610081 0.374914 0.109943 0.620056 0.374914 0.317052 0.620056 0.374914 0.109943 0.544926 0.374914 0.04000699 0.544926 0.374914 0.04000699 0.610081 0.374255 0.359553 0.620268 -0.144955 0.307607 0.318902 -0.07511198 0.331669 0.301923 -0.146602 0.306708 0.301923 -0.19569 0.278149 0.318902 -0.260921 0.219457 0.319114 -0.283323 0.188199 0.301923 -0.308361 0.143449 0.319539 0.211179 0.26713 0.302985 0.146607 0.306708 0.301923 0.07511597 0.331669 0.301923 0.074458 0.331669 0.322085 2e-6 0.339989 0.301923 2e-6 0.339989 0.322085 -0.07445299 0.331669 0.322085 0.332745 -0.486648 0.649343 0.372608 -0.484625 0.648707 0.134747 -0.407043 0.650617 0.104437 -0.407268 0.668232 0.09488296 -0.407043 0.694336 0.082035 -0.402096 0.810001 0.07676398 -0.394675 0.856479 0.100155 -0.407043 0.64998 0.09850698 -0.402096 0.66335 0.07182198 -0.373087 0.898288 0.06819796 -0.34003 0.931609 0.06589198 -0.298204 0.952619 0.06490397 -0.252105 0.960047 0.06490397 -0.125725 0.959835 0.05304294 -0.099415 0.955378 0.01153296 -0.074454 0.946889 -0.05732196 -0.04454594 0.927576 -0.116293 -0.01756095 0.924817 -0.151214 -0.00159496 0.912083 0.30013 -0.526002 0.650192 0.315284 -0.548489 0.650617 0.331757 -0.529375 0.648919 0.376232 -0.549838 0.650192 0.373596 -0.528925 0.649131 0.227322 -0.03757494 0.360711 0.422355 -0.42211 0.418438 0.314296 -0.471582 0.520095 0.330109 0.04000699 0.544926 0.330109 0.04000699 0.610081 0.399952 0.04000699 0.544926 -0.144955 0.261958 0.326967 -0.144955 0.261958 0.322085 0.07972896 0.113091 0.429898 0.07149296 0.07508701 0.429898 -0.01383495 0.09442698 0.429898 0.02866399 0.09689998 0.429898 -0.01317596 0.07553696 0.429898 0.05172598 0.08520698 0.429898 0.070504 0.1499699 0.429898 -0.05237996 0.112641 0.429898 -0.06588697 0.09869897 0.429473 -0.07049995 0.1499699 0.429898 -0.08861899 0.1499699 0.429898 0.059632 0.124335 0.429898 -0.281017 0.36495 0.550657 -0.192395 0.3654 0.643189 -0.281017 0.36495 0.633214 -0.26718 0.36495 0.624937 -0.292877 0.36495 0.649131 -0.1960189 0.362477 0.64998 -0.217104 0.36495 0.540045 -0.2059029 0.36495 0.549171 -0.188772 0.36495 0.543229 -0.218751 0.36495 0.621753 -0.209856 0.36495 0.5358 -0.187783 0.332344 0.620056 -0.188113 0.360003 0.620056 -0.1867949 0.334817 0.649768 -0.188772 0.360003 0.641703 0.08005797 0.216084 0.429898 0.070504 0.180104 0.429898 0.059632 0.205514 0.429898 0.05106699 0.245542 0.429898 0.02734595 0.232499 0.43011 -0.02832996 0.232949 0.429898 -0.05007398 0.245092 0.429898 -0.05962795 0.205514 0.429898 -0.07049995 0.180104 0.429898 -0.08104199 0.216084 0.429898 -0.08993697 0.180104 0.429898 -0.2484019 -0.392201 0.715134 -0.2210569 -0.391976 0.731052 -0.04677897 -0.391976 0.712375 -0.204914 -0.392201 0.759703 -0.249719 -0.392201 0.825282 -0.281017 -0.391976 0.820825 -0.307373 -0.392201 0.800875 -0.31495 -0.391976 0.770102 -0.218751 -0.407493 0.646372 -0.217763 -0.392651 0.68712 -0.02635395 -0.393101 0.68521 0.05007797 -0.402096 0.66335 -0.02701199 -0.402096 0.684998 -0.04941499 -0.402096 0.719803 -0.07247596 -0.393775 0.858814 -0.08466595 -0.401871 0.813397 -0.241154 -0.402096 0.842897 -0.192725 -0.402546 0.846292 -0.157474 -0.400072 0.871335 -0.135401 -0.386804 0.908688 -0.06325197 -0.371738 0.900199 -0.111681 -0.34003 0.960472 -0.101138 -0.270994 0.982968 -0.05139195 -0.297304 0.953044 -0.05600398 -0.338456 0.932457 -0.05007398 -0.252105 0.960047 -0.05040299 -0.125051 0.957925 -0.05172097 -0.088171 0.951558 0.294858 -0.407043 0.436053 0.297164 -0.405919 0.38533 -0.220069 -0.407043 0.516912 -0.281017 -0.391976 0.719167 -0.220069 -0.391976 0.614962 -0.306385 -0.392201 0.738267 -0.259273 -0.391752 0.845656 -0.297819 0.131981 0.30256 -0.142978 -0.09491795 0.3501 -0.14166 -0.006766974 0.383207 -0.145943 -0.09986495 0.348402 -0.08993697 0.2365469 0.45006 -0.08993697 0.165037 0.45006 -0.090267 0.181228 0.344794 -0.08993697 0.153793 0.345218 -0.08861899 0.1499699 0.3501 -0.08565396 0.137153 0.45006 -0.01548194 0.07508701 0.450696 -0.06423997 0.100948 0.450272 0.08137595 0.083633 0.45006 0.07149296 0.07508701 0.45006 0.399952 0.330095 0.61093 0.39534 0.348759 0.616448 0.399952 0.109943 0.544926 -0.113328 0.06834095 0.345431 -0.113328 -0.01913499 0.380236 -0.112998 0.06721699 0.545775 -0.112998 0.04000699 0.55002 -0.10608 0.06631696 0.583764 -0.106739 0.04000699 0.577397 -0.112998 0.04000699 0.505027 -0.04842698 -0.07242995 0.365805 -0.08433598 -0.01666098 0.365168 -0.04743796 0.07216399 0.36538 -0.07840597 0.03258597 0.364956 0.01647496 -0.08412396 0.365592 0.05996197 -0.06006199 0.364956 0.08434098 -0.01688599 0.365168 0.07841098 0.03258597 0.364956 0.178893 -0.2134259 0.305956 0.537662 -0.06658297 0.434567 0.539309 -0.06905698 0.472556 0.53865 0.01999294 0.436053 0.549851 -0.06905698 0.518822 0.549192 0.01594495 0.516275 0.538321 0.01954299 0.44815 0.581478 0.01594495 0.575275 0.442122 -0.367915 0.384905 0.379856 -0.306974 0.384905 0.506694 -0.36814 0.384905 0.442122 -0.371963 0.384905 0.422355 -0.371963 0.384905 0.421696 -0.427507 0.384905 0.363384 -0.432454 0.385542 0.30013 -0.432004 0.384905 0.379856 0.01999294 0.384905 0.504058 -0.329911 0.385117 -0.05732196 0.121411 0.345006 -0.02635395 0.09689998 0.345218 0.01317995 0.09420198 0.345006 0.037889 0.103646 0.345006 0.05732595 0.121411 0.345006 0.07017499 0.1495209 0.346916 0.484621 -0.06883198 0.430959 0.482644 -0.06096196 0.436053 -0.176252 0.342013 0.620056 0.32385 0.03460997 0.321661 0.322861 0.05012595 0.321661 0.322203 0.03348594 0.303197 0.318579 0.05125099 0.30256 0.469136 -0.330136 0.553416 0.474078 -0.331485 0.542167 0.471443 -0.367015 0.540682 0.28168 -0.02992898 0.435416 0.461559 -0.330136 0.5462 0.461559 -0.367915 0.548322 0.378868 -0.09559196 0.434355 0.296176 -0.030604 0.431808 0.310672 -0.02992898 0.436053 0.306718 0.04203099 0.3206 0.308036 0.04180598 0.302136 0.070504 0.179879 0.347765 0.110697 0.04292994 0.581218 0.1736209 0.04292994 0.581218 0.110697 0.04292994 0.565088 0.1736209 0.04292994 0.565088 -0.185148 0.05057597 0.770102 -0.308691 -0.04679399 0.321661 -0.317586 -0.03127795 0.3206 -0.308691 -0.04611998 0.302985 -0.317256 -0.03262698 0.302136 -0.184489 -0.529375 0.649343 -0.186136 -0.525777 0.620056 0.03953599 -0.307649 0.30256 0.04843097 -0.322715 0.302772 0.032947 -0.320466 0.302136 -0.296501 -0.02498197 0.322934 -0.298478 -0.03330194 0.302136 -0.03096598 -0.1787959 0.312535 -0.05073297 -0.17947 0.313596 -0.03755497 -0.1835179 0.344794 -0.05073297 -0.173848 0.343945 -0.096197 -0.1493369 0.344794 -0.100479 -0.15361 0.312959 0.149901 0.08295798 0.344582 0.1634089 0.07306295 0.344369 0.149242 0.07958495 0.312535 0.169009 0.07261395 0.314021 -0.298478 0.035959 0.322722 -0.283323 0.02021795 0.324844 -0.297819 0.03438496 0.30256 -0.282005 0.01999294 0.302136 0.496151 -0.32384 0.435204 0.519871 -0.329911 0.436053 0.164067 0.09015399 0.344794 0.160773 0.09195297 0.312747 -0.09092497 -0.164853 0.344582 -0.04611998 0.325372 0.321236 -0.04842698 0.322674 0.302772 -0.03953099 0.307832 0.30256 -0.03228396 0.318401 0.321661 -0.03294295 0.320425 0.302136 0.505705 -0.326088 0.432445 0.506364 -0.36769 0.429473 0.495163 -0.367015 0.424804 0.500105 -0.325639 0.42247 0.124204 -0.30495 0.302348 0.113332 -0.292582 0.302136 -0.296831 0.13243 0.319539 -0.03327196 -0.1675519 0.343733 0.627272 0.01594495 0.660804 0.610799 0.01706999 0.653588 0.62793 0.044954 0.663138 0.613764 0.04585397 0.652951 0.336039 0.294115 0.620268 0.369314 0.29344 0.62048 0.669441 0.01594495 0.676084 0.676689 0.01661998 0.661228 0.669111 0.04585397 0.66993 0.683607 0.04540395 0.661016 0.954414 0.01684498 0.399125 0.955731 0.01639497 0.380661 0.958367 0.04562896 0.378963 0.154843 -0.095142 0.313808 0.148254 -0.113357 0.312535 0.157149 -0.101214 0.344369 0.142653 -0.114482 0.345431 0.102461 -0.133821 0.312747 0.122228 -0.138318 0.312959 0.105755 -0.132247 0.344582 0.119921 -0.144165 0.343308 0.691185 0.01616996 0.670142 0.691185 0.04585397 0.676296 0.973192 0.01639497 0.382358 0.683278 0.01661998 0.685634 0.676689 0.04517894 0.685847 -0.01581096 0.07283896 0.314445 0.971545 0.01616996 0.398276 0.965944 0.04585397 0.401035 -0.104103 0.137378 0.344369 -0.121235 0.143224 0.343308 -0.10608 0.1421 0.312747 0.135405 -0.1014389 0.312747 0.1393589 -0.096717 0.344369 0.863156 0.105895 0.395517 0.178234 -0.212752 0.318902 -0.112998 0.127258 0.312535 0.750815 0.01616996 0.683937 0.736648 0.01661998 0.69285 0.74785 0.04585397 0.689242 0.732365 0.04562896 0.69094 0.744884 0.01639497 0.669081 0.748838 0.04540395 0.672688 0.728742 0.01639497 0.676296 0.730059 0.04562896 0.673537 0.959685 0.01706999 0.456002 0.958037 0.04472899 0.451545 0.709963 0.01594495 0.739965 0.709963 0.04607897 0.739965 -0.259932 0.15087 0.320387 -0.282664 0.100498 0.301923 -0.284311 0.09555095 0.322085 0.06325596 -0.177671 0.343096 0.786395 0.08498197 0.58143 0.792325 0.08070898 0.562754 0.766628 0.01594495 0.739965 0.766628 0.04607897 0.739965 -0.07016998 0.179879 0.346704 -0.048756 0.219457 0.345431 -0.017129 0.235648 0.37302 3.32e-4 0.23947 0.345218 0.007249951 0.23992 0.378751 0.03689998 0.227327 0.345431 0.06226795 0.201467 0.344582 0.144959 0.261958 0.326967 0.144959 0.261958 0.322085 0.105426 -0.150237 0.312535 0.103449 -0.147988 0.344794 0.330109 0.109943 0.620056 0.330109 0.109943 0.610081 0.794302 0.04540395 0.23783 0.537332 0.07306295 0.447301 0.887536 0.10522 0.515851 -0.11794 0.287818 0.321873 -0.11827 0.304009 0.321873 -0.1136569 0.291416 0.302136 -0.120905 0.305359 0.302348 0.961991 0.01639497 0.521793 0.950131 0.01684498 0.507574 0.965285 0.04472899 0.523703 0.678665 0.01616996 0.214909 0.692173 0.01639497 0.225096 0.678336 0.04472899 0.212363 0.692173 0.04562896 0.228492 -0.1327649 0.297713 0.321236 -0.130789 0.292541 0.302772 0.636496 0.04540395 0.251413 0.625954 0.04562896 0.237618 0.622989 0.01616996 0.238255 0.330109 0.109943 0.544926 0.313637 0.35573 0.61857 0.330109 0.360003 0.620056 0.369643 -0.531848 0.62048 0.330109 -0.527351 0.621329 0.744555 0.01639497 0.2076939 0.750485 0.01751995 0.228492 0.749497 0.04585397 0.2259449 0.557758 0.074413 0.377053 -0.154838 0.005150973 0.895742 -0.1551679 0.01234698 0.855418 0.250053 -0.472032 0.610081 0.30013 -0.472032 0.610081 0.127828 0.01639497 0.345006 0.124863 0.015046 0.3501 0.128158 0.01999294 0.349887 0.128487 0.01999294 0.527948 0.250053 -0.472032 0.590556 0.379856 0.01999294 0.55002 0.379856 0.01999294 0.436053 -0.165051 -0.534097 0.620056 -0.143967 -0.5287 0.649343 -0.144955 -0.525552 0.620056 -0.062922 0.06676697 0.609444 -0.1426489 -0.494069 0.620056 -0.146602 -0.484625 0.649555 -0.178559 -0.174973 0.318902 0.519542 -0.329686 0.51097 0.490221 -0.329911 0.506301 0.442122 -0.371963 0.600955 0.519871 -0.36814 0.40061 0.468148 -0.315969 0.409948 -0.112998 0.330095 0.61093 -0.118929 0.350333 0.616872 -0.112998 0.109943 0.544926 -0.163404 0.2003419 0.620056 -0.148579 -0.142141 0.345431 -0.1643919 -0.122577 0.345006 2e-6 -0.342279 0.451545 0.372938 0.335717 0.620056 0.339334 0.344487 0.620692 0.958696 0.01594495 0.328664 0.983734 0.037983 0.39488 0.915868 0.01594495 0.272211 0.915868 0.04607897 0.272211 0.858874 0.01594495 0.229978 0.858874 0.04607897 0.229978 0.792325 0.01594495 0.2055709 0.721494 0.01594495 0.20069 0.65231 0.01594495 0.2159709 0.65231 0.04607897 0.2159709 0.349547 0.2248539 0.620056 0.32945 0.316377 0.619843 0.375244 -0.507112 0.619843 0.369643 -0.484175 0.62048 0.330109 -0.491821 0.620056 0.34164 -0.482151 0.620056 -0.335046 0.05057597 0.770102 0.325497 -0.551187 0.619207 0.330109 -0.530049 0.610081 0.330109 -0.472032 0.610081 0.549851 -0.06905698 0.45006 0.559405 -0.06905698 0.508635 0.92081 -0.06905698 0.391272 0.893795 -0.06905698 0.338215 0.851626 -0.06905698 0.296193 0.798585 -0.06905698 0.26924 0.739943 -0.06905698 0.259902 0.681301 -0.06905698 0.26924 0.62826 -0.06905698 0.296193 0.58642 -0.06905698 0.338215 0.559405 -0.06905698 0.391272 0.798585 -0.06905698 0.630667 0.851626 -0.06905698 0.603714 0.893795 -0.06905698 0.561692 0.92081 -0.06905698 0.508635 0.930034 -0.06905698 0.45006 0.62826 -0.06905698 0.603714 0.681301 -0.06905698 0.630667 0.739943 -0.06905698 0.640005 0.58642 -0.06905698 0.561692 0.028005 0.06744199 0.314021 0.266196 -0.472481 0.580793 0.30013 -0.529599 0.610081 -0.1251879 0.358204 0.650829 -0.112998 0.330095 0.64998 -0.1627449 0.251164 0.649768 -0.1617569 0.149746 0.64998 0.04876095 0.31098 0.302136 0.05106699 0.315928 0.321873 0.104108 0.03955698 0.345431 0.105096 0.04000699 0.484653 -0.32714 -0.04342097 0.30256 -0.324504 -0.04836899 0.321449 -0.048756 -0.310797 0.302136 0.468478 -0.367915 0.408251 -0.262568 -0.145739 0.320175 -0.283653 -0.09784096 0.301923 -0.295513 -0.06163597 0.322722 0.124204 0.304909 0.302348 0.118604 0.304234 0.321873 2e-6 -0.432004 0.444966 -0.29123 2.04e-4 0.325057 -0.207879 0.174032 0.318902 -0.212492 -0.02003395 0.331636 -0.2233639 0.01999294 0.325481 -0.186136 -0.2156749 0.318902 -0.1617569 -0.05061697 0.312535 -0.162086 -0.04454594 0.344157 -0.301113 -0.42998 0.728293 -0.313962 -0.42998 0.759278 -0.306714 -0.42998 0.8013 -0.265203 -0.42998 0.822735 -0.218092 -0.42998 0.812548 -0.186136 -0.430205 0.754609 -0.208209 -0.42998 0.748667 -0.228305 -0.42998 0.723199 -0.244448 -0.43043 0.69476 -0.206891 -0.42998 0.717044 -0.270804 -0.42998 0.716196 -0.185477 0.06024599 0.301923 -0.185477 0.06024599 0.311686 -0.1578029 0.114665 0.311686 -0.1578029 0.114665 0.301923 -0.114646 0.157841 0.301923 -0.06028699 0.185501 0.311686 -0.06028699 0.185501 0.301923 2e-6 0.194945 0.301923 2e-6 0.194945 0.311686 0.06029099 0.185501 0.301923 0.06029099 0.185501 0.311686 0.11465 0.157841 0.301923 0.114321 0.157391 0.311898 0.157808 0.114665 0.301923 0.157808 0.114665 0.311686 0.185482 0.06024599 0.301923 0.185482 0.06024599 0.311686 0.1950359 -2.1e-5 0.301923 0.1950359 -2.1e-5 0.311686 0.185482 -0.06028699 0.301923 0.06029099 -0.185542 0.301923 0.06029099 -0.185542 0.311686 0.11465 -0.157657 0.301923 0.157808 -0.114706 0.301923 0.157808 -0.114706 0.311686 0.185482 -0.06028699 0.311686 -0.114646 -0.157657 0.301923 -0.06028699 -0.185542 0.311686 -0.06028699 -0.185542 0.301923 2e-6 -0.1949869 0.311686 2e-6 -0.1949869 0.301923 -0.210186 -0.01688599 0.345218 0.1736209 0.04000699 0.565088 0.110697 0.04000699 0.565088 0.110697 0.04000699 0.581218 -0.05303895 0.04000699 0.610081 -0.08071297 0.03978198 0.604351 0.1736209 0.04000699 0.581218 -0.2059029 -0.039599 0.301287 -0.178229 -0.113807 0.302136 -0.197996 -0.06973201 0.345006 -0.265203 0.05057597 0.717257 -0.302761 0.05057597 0.706221 -0.302761 0.05057597 0.727444 -0.312644 0.05057597 0.764584 -0.32121 0.05057597 0.81085 -0.2184219 0.05057597 0.728929 -0.206232 0.05057597 0.759278 -0.213151 0.05057597 0.8013 -0.198984 0.05057597 0.81085 -0.254661 0.05057597 0.822735 -0.288594 0.05057597 0.839289 -0.301113 0.05057597 0.811487 -0.245766 0.05057597 0.842048 -0.080383 -0.13607 0.311898 -0.02800095 -0.155409 0.311898 -0.122552 -0.09963995 0.311898 -0.15978 -0.08637195 0.311898 -0.149567 -0.05084198 0.311898 -0.1578029 0.004251956 0.311898 -0.146602 0.058896 0.311898 -0.116952 0.1063449 0.311898 -0.072806 0.140301 0.311898 0.07280999 0.140301 0.311898 0.149572 -0.05084198 0.311898 0.157808 0.004251956 0.311898 0.146607 0.058896 0.311898 0.122557 -0.09963995 0.311898 0.028005 -0.155409 0.311898 0.116956 0.1063449 0.311898 0.080388 -0.13607 0.311898 0.318579 -0.03240299 0.302348 0.312978 -0.03352695 0.321873 0.130464 -0.291233 0.302348 0.20426 0.01999294 0.348614 -0.270804 -0.428856 0.824008 -0.298807 -0.429081 0.80894 -0.313962 -0.428856 0.780713 -0.310667 -0.429081 0.748879 -0.290571 -0.428856 0.724048 -0.259932 -0.429081 0.714922 -0.229294 -0.428856 0.72426 -0.209197 -0.429081 0.748879 0.619365 0.04540395 0.638307 0.625624 0.01639497 0.638095 0.635178 0.04585397 0.645523 0.636167 0.01616996 0.651253 0.934976 0.04562896 0.323146 0.941236 0.01639497 0.32251 0.949472 0.01751995 0.343096 0.724129 0.05709695 0.482531 0.739284 0.067891 0.486988 0.74785 0.05709695 0.485078 0.762345 0.06744199 0.478074 0.768275 0.05709695 0.472556 0.931682 0.04540395 0.342672 0.927399 0.01684498 0.337578 0.704362 0.05642294 0.458124 0.710622 0.067891 0.472768 0.908291 0.04540395 0.298103 0.902031 0.01661998 0.29874 0.892477 0.04585397 0.291312 0.891489 0.01616996 0.285582 0.572913 0.04472899 0.625998 0.567312 0.01684498 0.621966 0.571924 0.04517894 0.602653 0.578513 0.017744 0.600743 0.704033 0.067891 0.441146 0.71194 0.05709695 0.427351 0.58642 0.01616996 0.619843 0.588726 0.04562896 0.61475 0.914221 0.04585397 0.283672 0.91455 0.01616996 0.289402 0.899725 0.04517894 0.274121 0.906314 0.01684498 0.274546 0.71754 0.06744199 0.421833 0.732036 0.05709695 0.41483 0.739943 0.06744199 0.413981 0.864145 0.04540395 0.258841 0.858544 0.01661998 0.261812 0.080388 -0.13607 0.314021 0.028005 -0.155409 0.314021 0.07280999 0.140301 0.314021 -0.072806 0.140301 0.314021 -0.080383 -0.13607 0.314021 -0.02800095 -0.155409 0.314021 0.122557 -0.09963995 0.314021 0.116956 0.1063449 0.314021 -0.116952 0.1063449 0.314021 -0.122552 -0.09963995 0.314021 -0.146602 0.058896 0.314021 -0.149567 -0.05084198 0.314021 -0.1578029 0.004251956 0.314021 0.157808 0.004251956 0.314021 0.149572 -0.05084198 0.314021 0.146607 0.058896 0.314021 0.864145 0.04585397 0.241863 0.866451 0.01616996 0.246956 0.848331 0.04540395 0.239952 0.537991 0.01594495 0.597347 0.537991 0.01999294 0.597347 0.571924 0.017744 0.634912 0.97451 0.04562896 0.504815 0.975169 0.01661998 0.51097 0.960344 0.04585397 0.498873 0.965944 0.01616996 0.49866 0.997242 0.04045695 0.445391 0.304083 -0.1263999 0.302136 0.305071 -0.120778 0.321661 0.843719 0.04562896 0.651253 0.844707 0.01616996 0.645311 0.853932 0.04562896 0.637246 0.860191 0.01639497 0.638732 0.896101 0.04562896 0.603502 0.902031 0.01639497 0.601592 0.913233 0.04562896 0.606261 0.915868 0.01639497 0.611991 0.894125 0.04517894 0.622602 0.89116 0.01684498 0.616448 0.858544 0.04517894 0.66335 0.852285 0.01639497 0.66144 0.86678 0.04585397 0.647221 0.86678 0.01594495 0.653163 -0.2909 0.05012595 0.816368 -0.306385 0.01279699 0.801724 -0.313962 0.04967695 0.780713 -0.31495 0.01257199 0.759703 -0.306385 0.05012595 0.738904 -0.291889 0.01302194 0.723199 0.911256 0.04585397 0.621753 0.906314 0.01594495 0.624088 -0.270804 0.04967695 0.715983 -0.249719 0.01257199 0.714922 -0.229623 0.04990094 0.723624 -0.21381 0.01279699 0.738055 -0.209197 0.04945194 0.748879 -0.204914 0.01257199 0.770102 -0.2059029 0.04945194 0.780713 -0.213151 0.01279699 0.800663 -0.2210569 0.04945194 0.80894 -0.238848 0.01257199 0.820825 -0.249061 0.04945194 0.824008 -0.270475 0.01279699 0.825069 0.299141 -2.1e-5 0.326967 0.256972 -0.145289 0.324208 0.299141 -2.1e-5 0.322085 0.610799 0.04607897 0.303409 0.665488 0.04607897 0.26924 0.728742 0.04607897 0.254809 0.792984 0.04607897 0.261812 0.851296 0.04607897 0.289402 0.897748 0.04607897 0.334395 0.92674 0.04607897 0.392121 0.935306 0.04607897 0.456214 0.922786 0.04607897 0.519459 0.890171 0.04607897 0.575275 0.841083 0.04607897 0.617297 0.781124 0.04607897 0.641066 0.716552 0.04607897 0.644037 0.654286 0.04607897 0.625786 0.315284 -0.472032 0.595225 0.681301 -2.1e-5 0.26924 0.62826 -2.1e-5 0.296193 0.58642 -2.1e-5 0.338215 0.559405 -2.1e-5 0.391272 0.549851 -2.1e-5 0.45006 0.559405 -2.1e-5 0.508635 0.58642 -2.1e-5 0.561692 0.62826 -2.1e-5 0.603714 0.681301 -2.1e-5 0.630667 0.739943 -2.1e-5 0.640005 0.798585 -2.1e-5 0.630667 0.851626 -2.1e-5 0.603714 0.893795 -2.1e-5 0.561692 0.92081 -2.1e-5 0.508635 0.930034 -2.1e-5 0.45006 0.92081 -2.1e-5 0.391272 0.893795 -2.1e-5 0.338215 0.851626 -2.1e-5 0.296193 0.798585 -2.1e-5 0.26924 0.739943 -2.1e-5 0.259902 -0.178229 -0.212527 0.305956 -0.206232 0.1839269 0.301923 0.1802099 0.119163 0.301923 -0.03261297 0.07845997 0.345006 0.07841098 -0.03262698 0.345006 0.04744297 -0.07265496 0.345431 -0.01778799 -0.08524799 0.345218 -0.07247596 -0.04724395 0.345218 -0.08499497 -2.1e-5 0.345006 -0.07148796 0.04900199 0.345431 0.05996197 0.06002098 0.345006 0.08565896 0.01594495 0.345431 0.179881 0.119837 0.345006 -0.182512 -0.08637195 0.345006 -0.169993 -0.085473 0.345006 -0.117603 0.074261 0.469439 -0.146586 0.07419699 0.469363 -0.132811 0.07195699 0.455398 -0.146395 0.07192498 0.370468 -0.115726 0.07211697 0.431046 -0.132461 0.07198899 0.384433 -0.04382598 0.074229 0.429942 -0.04519397 0.07205295 0.370011 -0.14665 0.07678997 0.370772 -0.038863 0.04826897 0.440711 -0.03259497 0.036906 0.45205 -0.03472697 0.05262297 0.430513 -0.01636999 -0.052818 0.444858 -0.02088797 -0.05428999 0.449424 -0.01862895 -0.05412995 0.354562 -0.119258 0.07672595 0.428268 -0.01961499 -0.03517997 0.451631 -0.030559 0.026663 0.500832 -0.02244699 -0.03300398 0.498929 -0.02429199 -0.03415596 0.451479 -0.04159897 0.07659798 0.370087 -0.02909594 0.02339798 0.367538 -0.03870397 0.04852497 0.369479 -0.036318 0.04628497 0.35422 -0.02371895 -0.037741 0.382492 -0.03494995 0.02634298 0.451517 -0.03498095 0.02570199 0.496722 -0.08658397 0.01593899 0.48329 -0.07633996 -0.04190194 0.483214 -0.04617995 0.02371799 0.506768 -0.03307294 -0.03508394 0.51004 -0.03676295 -0.03553199 0.503838 0.900948 -0.222711 0.64181 0.91227 -0.2279469 0.634887 0.884709 -0.224985 0.667403 0.900147 -0.228 0.663421 0.871897 -0.227982 0.67614 0.880216 -0.222782 0.594651 0.906131 -0.228 0.604494 0.902349 -0.222711 0.619138 0.841378 -0.228 0.670721 0.849986 -0.228 0.58556 0.82118 -0.228 0.615023 0.832213 -0.228 0.597018 0.847539 -0.222341 0.59693 0.883086 -0.161486 0.65683 0.866959 -0.157449 0.665124 0.899457 -0.159389 0.639156 0.830278 -0.222817 0.641611 0.83744 -0.227753 0.660103 0.880995 -0.228 0.586312 0.855369 -0.222923 0.666783 0.84883 -0.157185 0.602393 0.839398 -0.161751 0.613807 0.861976 -0.161857 0.598965 0.833125 -0.158701 0.642363 0.835194 -0.163972 0.624358 0.843402 -0.162914 0.651078 0.853301 -0.162174 0.6584 0.896922 -0.163426 0.636303 0.898434 -0.159089 0.618341 0.895809 -0.15893 0.647849 0.840443 -0.161063 0.610422 0.830878 -0.157555 0.639399 0.845804 -0.157009 0.663465 0.895921 -0.161504 0.619669 0.88273 -0.159195 0.600513 0.861153 -0.159036 0.595779 0.866536 -0.163866 0.59819 0.883909 -0.1590009 0.601309 0.855347 -0.159265 0.662559 0.867381 -0.163972 0.661718 0.88967 -0.165118 0.60925 0.892651 -0.1558099 0.602835 0.862621 -0.157238 0.590979 0.894074 -0.157009 0.657471 0.90791 -0.15782 0.634577 0.833392 -0.157467 0.60998 0.834905 -0.161504 0.634091 0.831257 -0.222747 0.618585 0.822626 -0.227982 0.645991 0.886356 -0.162209 0.654529 0.877747 -0.1590009 0.662072 0.460591 -0.152548 0.686017 0.46805 -0.185756 0.736345 0.464623 -0.175961 0.714512 0.464925 -0.198069 0.71701 0.46291 -0.220456 0.701745 0.464724 -0.237246 0.711274 0.45918 -0.228011 0.675933 0.455148 -0.221482 0.633561 0.454846 -0.201333 0.642905 0.45404 -0.1791329 0.626437 0.457265 -0.1599169 0.656597 0.457164 -0.142847 0.649751 0.465429 -0.13837 0.706093 0.459583 -0.244522 0.669734 0.06719398 -0.225959 0.72108 0.05681198 -0.225493 0.709331 0.06295996 -0.228944 0.744579 0.369978 -0.122326 0.857355 0.350121 -0.125217 0.856523 0.35123 -0.121953 0.865404 0.334196 -0.323343 0.565285 0.313735 -0.314482 0.56547 0.314541 -0.321571 0.568708 0.06991499 -0.223347 0.745227 0.354456 -0.214579 0.654377 0.06457298 -0.223254 0.696194 0.06336295 -0.207956 0.68611 0.438316 -0.133239 0.715807 0.428841 -0.111972 0.699802 0.438215 -0.155906 0.763545 0.334297 -0.311497 0.571668 0.313836 -0.315694 0.579625 0.451822 -0.156466 0.73357 0.353649 -0.200494 0.647623 0.06285995 -0.189953 0.682594 0.430353 -0.09256899 0.697952 0.435191 -0.1104789 0.780105 0.43751 -0.168406 0.806564 0.321698 -0.355525 0.625882 0.340848 -0.353099 0.620331 0.342159 -0.350301 0.62838 0.341453 -0.359722 0.625697 0.314138 -0.350767 0.646143 0.319581 -0.353659 0.687497 0.309602 -0.323623 0.606454 0.310207 -0.260659 0.533367 0.330265 -0.262805 0.534847 0.329257 -0.262525 0.526521 0.329963 -0.254689 0.533089 0.350021 -0.116262 0.856893 0.416141 -0.08202898 0.777515 0.377336 -0.079324 0.784453 0.381267 -0.117848 0.816279 0.419467 -0.1199 0.808692 0.383383 -0.164954 0.833486 0.356975 -0.347036 0.73579 0.371288 -0.2448019 0.844033 0.381267 -0.262058 0.816556 0.376832 -0.215792 0.838482 0.388121 -0.215139 0.55002 0.348307 -0.215046 0.55113 0.347904 -0.1646749 0.550205 0.37028 -0.257768 0.859853 0.350827 -0.264297 0.864016 0.351331 -0.255529 0.865682 0.44517 -0.2166309 0.740694 0.350121 -0.257395 0.85643 0.435796 -0.128109 0.660113 0.345384 -0.339667 0.639944 0.35627 -0.328007 0.642905 0.366248 -0.33519 0.692678 0.390036 -0.119994 0.566487 0.350424 -0.117941 0.56806 0.06920999 -0.1540409 0.737456 0.06205296 -0.154507 0.751333 0.05933195 -0.151056 0.715714 0.07445096 -0.189953 0.775849 0.06497597 -0.179693 0.769188 0.06608498 -0.20665 0.766598 0.421584 -0.133239 0.638557 0.430051 -0.1629959 0.626807 0.33349 -0.126803 0.545024 0.330265 -0.352913 0.696749 0.323613 -0.343118 0.641517 0.326939 -0.345357 0.741896 0.336917 -0.343212 0.752073 0.332886 -0.323436 0.788431 0.342965 -0.314855 0.800736 0.337522 -0.287431 0.825715 0.347501 -0.27148 0.836817 0.340445 -0.241444 0.849677 0.349819 -0.2183099 0.85606 0.342763 -0.190047 0.85828 0.349819 -0.1616899 0.85606 0.340344 -0.138463 0.849862 0.347501 -0.10852 0.836817 0.336514 -0.09247601 0.82627 0.342965 -0.06514495 0.800736 0.332281 -0.05637699 0.789357 0.336917 -0.03678798 0.752073 0.340344 -0.311217 0.592947 0.354456 -0.300676 0.600163 0.326939 -0.02923297 0.74976 0.322101 -0.026434 0.708221 0.41594 -0.081842 0.623939 0.398603 -0.05796295 0.639667 0.400619 -0.04900795 0.687127 0.441037 -0.180719 0.749575 0.394067 -0.16626 0.553073 0.06870597 -0.143034 0.729222 0.35627 -0.150869 0.668902 0.06648796 -0.146578 0.711366 0.330366 -0.02708697 0.696749 0.389431 -0.2601 0.566395 0.314844 -0.059735 0.576016 0.334902 -0.05451095 0.563989 0.334297 -0.065705 0.569818 0.412916 -0.140702 0.577589 0.417452 -0.174189 0.607102 0.377336 -0.300396 0.784453 0.410497 -0.322037 0.735328 0.41604 -0.297971 0.777885 0.364837 -0.321478 0.815446 0.364837 -0.312429 0.794445 0.36645 -0.326421 0.82405 0.425112 -0.268028 0.669642 0.430353 -0.246761 0.651786 0.44144 -0.251891 0.706278 0.424709 -0.199375 0.618573 0.439122 -0.223534 0.631248 0.371691 -0.325862 0.741526 0.43116 -0.298158 0.746337 0.408582 -0.327821 0.687127 0.313231 -0.07055497 0.571206 0.432974 -0.246761 0.730794 0.43761 -0.221855 0.764562 0.427027 -0.287431 0.671122 0.06336295 -0.172044 0.68611 0.354456 -0.165421 0.654377 0.353649 -0.1847299 0.647716 0.360302 -0.175122 0.642535 0.373102 -0.14294 0.661686 0.369978 -0.186129 0.62949 0.312727 -0.167939 0.820719 0.319783 -0.169992 0.812115 0.319783 -0.210008 0.812115 0.313433 -0.209076 0.821737 0.31817 -0.247507 0.798608 0.310812 -0.250399 0.80786 0.41856 -0.224187 0.605436 0.313937 -0.05982798 0.566025 0.372699 -0.228011 0.650306 0.443356 -0.153015 0.682687 0.404348 -0.153015 0.687497 0.402333 -0.156653 0.671677 0.440634 -0.160664 0.658633 0.400216 -0.174003 0.654377 0.438921 -0.1817449 0.646883 0.399813 -0.198255 0.651786 0.439324 -0.206277 0.649103 0.401224 -0.219523 0.664276 0.44144 -0.223347 0.666774 0.404348 -0.226985 0.687497 0.443356 -0.226985 0.682687 0.321798 -0.02680695 0.626807 0.342159 -0.029419 0.629768 0.340445 -0.02755397 0.619684 0.341756 -0.019252 0.625605 0.364938 -0.19527 0.738566 0.364938 -0.179506 0.738566 0.07273697 -0.156746 0.762157 0.07404798 -0.172044 0.772334 0.364031 -0.165421 0.731812 0.382779 -0.151989 0.73135 0.372699 -0.204878 0.741989 0.393563 -0.08202898 0.59711 0.345888 -0.319332 0.821367 0.365442 -0.312709 0.816001 0.365946 -0.318866 0.823865 0.354456 -0.07960397 0.600163 0.33984 -0.06794399 0.593224 0.345384 -0.04070597 0.640315 0.06870597 -0.236966 0.729222 0.362217 -0.229131 0.71738 0.07092297 -0.233422 0.747077 0.07273697 -0.223254 0.762157 0.364031 -0.214579 0.731812 0.07404798 -0.207956 0.772334 0.06648796 -0.233422 0.711366 0.05529999 -0.200307 0.69129 0.05701297 -0.17335 0.693603 0.06457298 -0.156746 0.696194 0.07092297 -0.146578 0.747077 0.362217 -0.150869 0.71738 0.377739 -0.1352919 0.697304 0.359294 -0.143034 0.693141 0.370079 -0.289016 0.854025 0.359294 -0.236966 0.693141 0.35627 -0.229131 0.668809 0.376126 -0.244708 0.684537 0.38036 -0.23706 0.720248 0.400921 -0.271013 0.70415 0.384794 -0.258794 0.737733 0.376529 -0.272786 0.672417 0.40576 -0.248346 0.746152 0.407977 -0.221575 0.763915 0.388423 -0.221762 0.765303 0.409187 -0.189953 0.770483 0.389633 -0.176708 0.772889 0.40838 -0.1582379 0.764192 0.386508 -0.132027 0.747725 0.40576 -0.131654 0.746152 0.381065 -0.107308 0.709053 0.402433 -0.113744 0.7196 0.39699 -0.108987 0.672232 0.421181 -0.314202 0.664276 0.393765 -0.297971 0.597387 0.411706 -0.269521 0.590264 0.438013 -0.233608 0.800921 0.422189 -0.164861 0.82479 0.350525 -0.262152 0.568338 0.396184 -0.322504 0.639944 0.110837 -0.226612 0.732367 0.107813 -0.223347 0.708221 0.06931 -0.227079 0.71997 0.105898 -0.20749 0.690088 0.06709295 -0.213087 0.700264 0.332583 -0.217564 0.538733 0.407372 -0.211594 0.563989 0.06427097 -0.173536 0.694898 0.063968 -0.205624 0.696194 0.419367 -0.214019 0.8259 0.420072 -0.260006 0.808415 0.1061 -0.173536 0.690365 0.06598401 -0.189953 0.69166 0.338732 -0.355058 0.602846 0.347299 -0.378658 0.670382 0.330467 -0.288923 0.534477 0.335103 -0.269614 0.557513 0.356169 -0.372875 0.741434 0.361511 -0.355058 0.785748 0.06719398 -0.160664 0.704613 0.108821 -0.153388 0.715807 0.340344 -0.09471499 0.776034 0.335305 -0.07344698 0.738843 0.30295 -0.073354 0.742266 0.330063 -0.06598496 0.696749 0.298414 -0.06673097 0.699062 0.325225 -0.07307398 0.654469 0.292165 -0.07437998 0.657337 0.320589 -0.09471499 0.617371 0.288738 -0.09657996 0.620794 0.317162 -0.127829 0.589801 0.284202 -0.129601 0.593687 0.315045 -0.1684989 0.575554 0.283396 -0.170924 0.579625 0.315045 -0.211501 0.575554 0.283094 -0.211967 0.580827 0.284102 -0.251611 0.594334 0.308191 -0.09564799 0.77955 0.343771 -0.127829 0.803604 0.310913 -0.128296 0.807305 0.345082 -0.1684989 0.817944 0.320287 -0.285005 0.617648 0.324822 -0.306553 0.654654 0.292669 -0.306646 0.65928 0.330467 -0.314388 0.696749 0.298817 -0.313269 0.702207 0.335305 -0.306553 0.738843 0.30295 -0.30562 0.744302 0.33984 -0.285005 0.775849 0.308494 -0.28342 0.780475 0.343771 -0.252171 0.803604 0.345082 -0.211501 0.817944 0.288738 -0.284446 0.621904 0.317162 -0.252171 0.589801 0.07475298 -0.206277 0.762527 0.11497 -0.20693 0.759012 0.07263696 -0.223347 0.744857 0.07273697 -0.2064639 0.763545 0.06598401 -0.156653 0.713402 0.441642 -0.173909 0.649288 0.445069 -0.154787 0.67436 0.07062095 -0.153015 0.728944 0.111744 -0.156653 0.740046 0.07344299 -0.160664 0.752998 0.113861 -0.174003 0.757254 0.07515597 -0.1817449 0.764748 0.372397 -0.247973 0.633561 0.373102 -0.121206 0.643645 0.385198 -0.193964 0.752258 0.369171 -0.203292 0.608397 0.369877 -0.1582379 0.615983 0.07223296 -0.174376 0.762435 0.296701 -0.101897 0.626437 0.293576 -0.132493 0.600903 0.291863 -0.169992 0.587396 0.310711 -0.298064 0.738843 0.398704 -0.304967 0.688237 0.305873 -0.304967 0.699802 0.394067 -0.298158 0.649288 0.301035 -0.298064 0.66076 0.389834 -0.278196 0.614873 0.296701 -0.278103 0.626437 0.386609 -0.247507 0.589339 0.293576 -0.247507 0.600903 0.384895 -0.210008 0.575831 0.291863 -0.210008 0.587396 0.384895 -0.170085 0.575831 0.411202 -0.2473199 0.786674 0.314944 -0.278103 0.773074 0.407675 -0.278103 0.761602 0.40334 -0.298064 0.727279 0.386609 -0.132493 0.589339 0.389834 -0.101804 0.614873 0.412513 -0.210008 0.800643 0.389532 -0.1582379 0.61219 0.388423 -0.189953 0.606361 0.389129 -0.221575 0.612652 0.391749 -0.2486259 0.630045 0.394672 -0.266256 0.656967 0.391346 -0.131654 0.630415 0.412815 -0.189953 0.800181 0.407271 -0.235194 0.755311 0.402837 -0.266629 0.719693 0.40586 -0.287804 0.744209 0.39699 -0.269707 0.67251 0.389129 -0.205904 0.609044 0.393362 -0.1224189 0.643368 0.398906 -0.107121 0.688237 0.405961 -0.09219598 0.744117 0.40455 -0.1224189 0.733015 0.411202 -0.1326799 0.786674 0.393967 -0.081842 0.649196 0.398805 -0.075033 0.688237 0.301035 -0.081936 0.66076 0.305873 -0.075033 0.699802 0.40334 -0.081936 0.727279 0.310711 -0.081936 0.738843 0.407675 -0.101897 0.761602 0.314944 -0.101897 0.773074 0.31817 -0.132493 0.798608 0.412513 -0.169992 0.800643 0.317565 -0.314761 0.592854 0.304664 -0.287524 0.56954 0.31313 -0.271386 0.556773 0.302547 -0.241537 0.545764 0.310711 -0.2183099 0.53753 0.302849 -0.189953 0.53716 0.310711 -0.1616899 0.537623 0.302748 -0.138556 0.545949 0.31313 -0.108614 0.556773 0.305671 -0.09256899 0.56991 0.317565 -0.06523895 0.592854 0.310308 -0.05665695 0.607194 0.323613 -0.03697496 0.641425 0.315952 -0.03445595 0.653637 0.370179 -0.09107697 0.854025 0.364132 -0.06878298 0.805639 0.366349 -0.05357897 0.82405 0.356875 -0.02829998 0.738288 0.36141 -0.02494198 0.785748 0.372498 -0.245175 0.87336 0.371187 -0.162529 0.849399 0.372397 -0.134825 0.873268 0.369171 -0.110666 0.830433 0.36524 -0.05077999 0.743654 0.357479 -0.04051899 0.693233 0.359495 -0.054138 0.643183 0.408078 -0.05768299 0.735605 0.421483 -0.06318598 0.685184 0.427733 -0.073354 0.727371 0.338833 -0.02494198 0.602846 0.330467 -0.09098398 0.534477 0.328048 -0.134825 0.515141 0.328048 -0.245175 0.515234 0.344477 -0.00712496 0.647068 0.353246 -0.001341998 0.71812 0.441642 -0.198255 0.646606 0.446077 -0.226985 0.682316 0.442448 -0.219336 0.658077 0.333087 -0.06934297 0.717842 0.345586 -0.189953 0.818314 0.338026 -0.296106 0.757439 0.322907 -0.296106 0.635966 0.315348 -0.189953 0.575091 0.325931 -0.302449 0.853007 0.32079 -0.344611 0.811005 0.314138 -0.371662 0.758086 0.306679 -0.38099 0.699432 0.299624 -0.371569 0.64087 0.293475 -0.344331 0.587766 0.288133 -0.302635 0.546412 0.284505 -0.2490929 0.519305 0.309199 -0.200028 0.507 0.284505 -0.130721 0.519397 0.287831 -0.077645 0.546227 0.293173 -0.03548198 0.588136 0.299624 -0.008337974 0.641147 0.306679 9.9e-4 0.699894 0.314239 -0.008430957 0.758364 0.32079 -0.03557598 0.811283 0.325931 -0.07783097 0.8531 0.329257 -0.1309069 0.879929 0.35627 -0.1799719 0.88585 0.329056 -0.2490929 0.879929 0.66638 0.01596897 0.644526 0.657412 0.01596897 0.656148 0.657412 -0.01601499 0.656148 0.615238 0.01596897 0.6781 0.615238 -0.01601499 0.6781 0.66638 -0.01601499 0.644526 0.660442 -0.01601499 0.257837 0.6785 -0.01601499 0.19738 0.669774 -0.01592195 0.224498 0.302078 -0.1539 0.347055 0.302078 -0.1539 0.32205 0.325347 -0.09513896 0.32205 0.325347 -0.09513896 0.347055 0.335527 -0.03684198 0.322872 0.337345 -0.03302997 0.347055 0.602755 -0.01601499 0.275446 0.60833 -0.01601499 0.288946 0.60833 0.01596897 0.288946 0.602755 0.01596897 0.275446 0.604815 0.01596897 0.2279019 0.604815 -0.01601499 0.2279019 0.318318 -0.05376398 0.346585 0.312379 -0.05311298 0.322402 0.326317 -0.03414595 0.345998 0.251905 0.22684 0.32205 0.251905 0.22684 0.347055 0.299412 0.1616629 0.347642 0.300018 0.161477 0.321346 0.327892 0.08597999 0.347055 0.327892 0.08597999 0.32205 0.337345 0.032983 0.347055 0.337345 0.032983 0.32205 0.640445 0.01596897 0.209824 0.640445 -0.01601499 0.209824 0.6785 0.01596897 0.19738 0.26463 0.202852 0.323224 0.267296 0.197273 0.346116 0.251056 0.206106 0.34682 0.551975 -0.01601499 0.629617 0.551975 0.01596897 0.629617 0.562277 0.01596897 0.58313 0.571124 0.01596897 0.571508 0.571124 -0.01601499 0.571508 0.562277 -0.01601499 0.58313 0.22294 0.2007139 0.347055 0.22294 0.2007139 0.32205 0.264388 0.141766 0.32205 0.264388 0.141766 0.347055 0.290565 0.07463699 0.32205 0.290565 0.07463699 0.347055 0.300018 0.003137946 0.32205 0.300018 0.003137946 0.347055 0.292019 -0.06845396 0.32205 0.292019 -0.06845396 0.347055 0.267296 -0.136234 0.32205 0.267296 -0.136234 0.347055 0.56664 -0.01517897 0.606021 0.585061 0.01410895 0.603321 0.565428 0.01541095 0.613417 0.589787 -0.014063 0.610834 0.24027 0.195972 0.324046 0.247542 0.187046 0.344942 0.61342 -0.01601499 0.615061 0.572699 -0.01573598 0.624334 0.258328 0.183885 0.322168 0.71922 -0.01601499 0.243045 0.71922 0.01596897 0.243045 0.660442 0.01596897 0.257837 0.406545 -0.007461965 0.32205 0.401577 0.014853 0.321346 0.406545 0.007507979 0.347055 0.581667 0.01596897 0.656265 0.581667 -0.01601499 0.656265 0.631356 0.01531797 0.6592 0.635961 -0.01527196 0.652391 0.622994 -0.01573598 0.660726 0.307532 0.127727 0.322989 0.306441 0.117499 0.346703 0.301472 0.134328 0.346585 0.61342 0.01596897 0.615061 0.713645 0.01596897 0.2294279 0.713645 -0.01601499 0.2294279 0.389942 0.020989 0.347055 0.389942 -0.02103596 0.32205 0.401455 -0.01480698 0.347642 0.290686 0.109968 0.323811 0.290929 0.111642 0.346585 0.625902 -0.01582896 0.639713 0.626872 0.01438796 0.637952 0.684559 0.015504 0.21628 0.668683 0.01531797 0.225554 0.688316 -0.01331895 0.213463 0.616086 -0.01555097 0.243045 0.634628 -0.01489996 0.246685 0.619479 -0.015365 0.261241 0.626993 0.01522499 0.261359 0.631598 0.01429498 0.239876 0.680317 -0.01443499 0.24058 0.613056 0.015504 0.2486799 0.30838 -0.03312295 0.32252 0.304866 -0.03898096 0.346116 0.579607 0.015504 0.6241 0.288505 0.13219 0.322285 0.284748 0.127355 0.346703 0.613298 -0.015643 0.647578 0.613783 0.015504 0.654035 0.687589 0.01429498 0.236237 0.301957 -0.128238 0.32205 0.286444 -0.126193 0.32205 0.293231 -0.113548 0.32205 0.320984 0.05102097 0.32205 0.308017 0.04553496 0.32205 0.314924 0.03288996 0.32205 0.327528 0.03902697 0.32205 0.301957 -0.128238 0.347055 0.287778 -0.12861 0.347055 0.295291 -0.113734 0.347055 0.320984 0.03251796 0.347055 0.323044 0.04804599 0.347055 0.30838 0.03939896 0.347055 0.04907596 -0.007374942 0.393971 0.04653096 0.02736794 0.394 0.03893899 0.02421796 0.39399 0.01178497 0.05171996 0.394 0.01262599 0.03976696 0.393893 -0.03143799 0.03190594 0.394 -0.03351998 0.04373496 0.394 0.02429997 -0.02979296 0.393853 -0.01911199 -0.038001 0.394 -0.01703 -0.04982995 0.394 0.02827495 -0.04184496 0.394 0.02394199 0.03827899 0.354479 -0.03143799 0.03190594 0.354 -0.03351998 0.04373496 0.354 -0.01703 -0.04982995 0.354 -0.01911199 -0.038001 0.354 0.02827495 -0.04184496 0.354 0.03450095 -0.02661895 0.354264 0.05260998 -0.007101953 0.354 0.045753 0.01005798 0.354098 0.04653096 0.02736794 0.354 0.01178497 0.05171996 0.354 -0.03261595 0.03857696 0.3738 0.758362 0.185877 0.334769 0.760609 0.173819 0.335936 0.732287 0.176521 0.334981 0.717003 0.172641 0.339861 0.721723 0.202094 0.334769 -0.06904095 0.102577 0.546062 -0.07893097 0.09536898 0.526227 -0.06521999 0.09938895 0.527394 0.715204 0.257119 0.495148 0.779041 0.257396 0.480298 0.729141 0.256981 0.49186 -0.07803195 0.08968698 0.545108 0.757912 0.27493 0.415807 0.764206 0.272366 0.403927 0.758811 0.294334 0.404458 -0.05600398 0.09731 0.547229 -0.05532997 0.09723997 0.711533 -0.06094896 0.102022 0.618403 -0.068367 0.110269 0.710896 -0.06791698 0.108952 0.546911 0.776119 0.29475 0.437764 0.776793 0.271326 0.432566 0.07504099 0.07859796 0.551048 0.07728898 0.09432995 0.526121 0.06537497 0.08913201 0.5275 -0.09016996 0.110754 0.71079 -0.09016996 0.219558 0.711215 -0.08994495 0.219627 0.546911 -0.06679296 0.25504 0.546593 -0.07668298 0.25012 0.528348 -0.086124 0.239517 0.547229 -0.08972001 0.2314079 0.52803 -0.08994495 0.109715 0.546911 -0.06004995 0.254971 0.528454 0.05998098 0.254971 0.528454 -0.05487996 0.254971 0.547441 0.05458599 0.25504 0.547123 -0.05420595 0.255109 0.711321 0.05458599 0.255179 0.710578 0.07953596 0.251021 0.546486 0.07683897 0.25012 0.528348 -0.07668298 0.07991498 0.528348 -0.07938098 0.079014 0.546486 -0.08949595 0.09848797 0.52803 -0.05600398 0.242843 0.54638 -0.06769198 0.220805 0.546805 -0.05577898 0.232586 0.547759 0.07841199 0.09966599 0.545532 0.773646 0.272504 0.476056 0.768476 0.294403 0.475525 -0.001382946 0.122536 0.726489 -0.03667294 0.14492 0.726171 -0.027682 0.121288 0.726913 0.06829696 0.10923 0.547547 0.090101 0.110131 0.546911 0.08987599 0.110061 0.711427 0.783761 0.272366 0.477753 0.750045 0.27188 0.489633 0.782862 0.272019 0.461524 0.769825 0.258159 0.411458 0.782862 0.257119 0.46163 0.05526 0.23321 0.547229 0.05503594 0.232586 0.710896 0.06110495 0.227943 0.610978 0.103363 0.141108 0.701138 0.110106 0.1420789 0.627313 0.102014 0.14291 0.671544 0.02738797 0.208747 0.711533 -0.03914594 0.195233 0.712275 -7.09e-4 0.207083 0.726701 -0.03981995 0.167096 0.748764 -0.03577399 0.1886489 0.725852 -0.006777942 0.205074 0.749188 -0.04319196 0.175759 0.726701 -0.04274195 0.175898 0.711533 0.755889 0.278741 0.378895 0.757013 0.291008 0.402973 0.757013 0.272989 0.402973 0.724195 0.280474 0.397351 0.736109 0.293849 0.404564 0.728017 0.270148 0.402442 0.711383 0.294265 0.404458 0.830065 0.256842 0.395972 0.83029 0.256218 0.504376 0.830065 0.09238898 0.504801 0.825345 0.092251 0.529197 0.82984 0.07388597 0.516681 0.830065 0.09280496 0.394699 0.830065 0.07402396 0.390032 0.82512 0.06958895 0.369879 0.819051 0.092112 0.370409 0.114377 0.143118 0.669847 0.06852197 0.109992 0.711215 0.01727294 0.130159 0.711851 0.04402196 0.138198 0.711851 0.04536998 0.140623 0.727231 0.737907 0.285186 0.382395 0.739031 0.27292 0.403291 0.739031 0.291077 0.402973 0.697897 0.272227 0.450599 0.710934 0.281652 0.423975 0.696323 0.272296 0.422172 0.810959 0.07430195 0.519757 0.80534 0.09121096 0.516044 0.81523 0.09169596 0.522621 0.134607 0.1630769 0.63007 0.115276 0.146583 0.640359 0.115051 0.172641 0.631025 0.134831 0.144989 0.650224 0.654739 0.092251 0.370833 0.6698 0.07346999 0.360757 0.650019 0.07388597 0.38335 0.718351 0.06924295 0.439249 0.72015 0.062105 0.443704 0.721498 0.063699 0.466721 0.754316 0.06106495 0.440734 0.754091 0.011307 0.45919 0.75027 0.01109898 0.439037 0.04941594 0.182343 0.738263 0.04626899 0.1761749 0.724579 0.04559499 0.19357 0.748764 0.04447096 0.193985 0.711533 0.02828699 0.194748 0.711108 0.026039 0.194124 0.736141 0.02469098 0.193085 0.748445 0.02783799 0.208816 0.726807 0.1017889 0.186847 0.672711 0.114377 0.186501 0.670908 0.109881 0.188095 0.626888 0.102913 0.1887879 0.701986 0.06335198 0.1635619 0.743036 0.06335198 0.150256 0.743142 0.06470096 0.153098 0.728292 0.762857 0.246447 0.346649 0.762857 0.172918 0.348452 0.761733 0.217271 0.348452 0.675419 0.09121096 0.515196 0.660809 0.09204298 0.537789 0.663281 0.09197396 0.518696 0.664405 0.07326197 0.533546 0.73993 0.07534098 0.542456 0.700819 0.07042098 0.493981 0.728241 0.07388597 0.506498 0.685983 0.07381695 0.46163 0.752068 0.06154996 0.457175 0.794551 0.092597 0.360014 0.801294 0.09093397 0.374758 0.650019 0.09252798 0.505225 0.756114 0.068134 0.433839 0.762183 0.06820297 0.45569 0.718127 0.218172 0.348028 0.718351 0.216301 0.33583 0.717003 0.246724 0.347179 0.746673 0.06279796 0.427899 0.73993 0.06799495 0.427475 0.728466 0.272019 0.492921 0.712957 0.271465 0.492072 0.795225 0.09231996 0.540016 0.05526 0.09765595 0.711321 0.05526 0.09661698 0.547123 0.06267797 0.103686 0.632086 0.06357699 0.09765595 0.546062 0.054811 0.07499498 0.547229 0.087179 0.09037995 0.546593 0.684185 0.09398299 0.517423 0.68486 0.25705 0.517635 0.678116 0.254971 0.511907 0.672047 0.256357 0.505013 0.675419 0.09398299 0.508831 -0.062747 0.226211 0.623176 -0.06791698 0.219281 0.71079 -0.05487996 0.232864 0.710896 0.750719 0.2343879 0.345376 0.688681 0.25705 0.37794 0.674969 0.255317 0.390881 0.672272 0.256911 0.395336 0.68486 0.254971 0.381759 0.681263 0.09398299 0.385365 0.672497 0.09398299 0.394275 0.805789 0.256357 0.393745 0.710934 0.256981 0.405518 0.696323 0.25705 0.422596 0.649794 0.256842 0.504058 0.703291 0.257258 0.465661 0.794551 0.256496 0.381759 0.794775 0.256842 0.359908 0.685534 0.256426 0.359908 0.649794 0.256149 0.395442 0.807363 0.25705 0.505119 0.794775 0.257119 0.518696 0.685534 0.256634 0.540228 0.794326 0.256288 0.540122 0.710259 0.256565 0.421641 0.104487 0.1544139 0.688409 0.06762295 0.220181 0.711427 -0.06049895 0.225448 0.711533 -0.05443096 0.07471698 0.71079 0.05413699 0.07499498 0.711321 -0.02947998 0.1247529 0.712169 0.090101 0.219488 0.71079 0.078637 0.210341 0.711533 0.717227 0.272366 0.484011 0.699695 0.294681 0.456963 0.737907 0.294196 0.489951 -0.06904095 0.109992 0.548502 -0.06904095 0.219974 0.548502 -0.05510497 0.09599298 0.548502 -0.05487996 0.07499498 0.546911 -0.05510497 0.233972 0.548502 0.685309 0.09238898 0.540016 0.816803 0.07388597 0.535561 0.808487 0.09398299 0.394805 0.763981 0.172987 0.360014 0.763981 0.2474859 0.360014 0.685084 0.09398299 0.519014 0.716103 0.2474859 0.360014 0.090101 0.14097 0.701986 0.090101 0.14097 0.627525 0.06807297 0.220043 0.547865 0.090101 0.220251 0.546911 0.090101 0.188996 0.701986 0.090101 0.188996 0.627525 0.711833 0.293918 0.425354 0.795 0.09398299 0.519014 0.808262 0.09398299 0.505013 0.650019 0.09294396 0.395336 0.670923 0.09398299 0.395017 0.73521 0.011029 0.436385 0.738132 0.06148099 0.436067 0.650469 0.07388597 0.516362 0.737457 0.06175798 0.465448 0.733861 0.01095998 0.463433 0.670923 0.09398299 0.505013 0.685084 0.09398299 0.381016 0.684635 0.09238898 0.360014 0.795 0.09398299 0.381016 0.761508 0.2154 0.336466 0.799271 0.09398299 0.384941 0.716103 0.172987 0.360014 0.798821 0.09398299 0.514665 0.799046 0.255109 0.514983 0.04694396 0.148108 0.727443 0.04671895 0.1479 0.745369 0.04671895 0.1659179 0.745582 0.675644 0.09183496 0.381759 0.721948 0.01095998 0.449114 0.722622 0.06057995 0.450811 0.06267797 0.16377 0.729671 0.04716795 0.166057 0.727443 -0.06342196 0.08982497 0.546593 -0.06769198 0.08760797 0.52803 0.06739795 0.100913 0.52803 -0.02543395 0.136604 0.74887 0.06515097 0.230507 0.5275 0.06897199 0.228082 0.547017 0.07908695 0.234458 0.526333 0.078188 0.2400709 0.54532 0.06357699 0.24014 0.546486 0.06784796 0.242566 0.52803 0.806239 0.07388597 0.36012 0.03210794 0.1402069 0.72861 0.019746 0.13501 0.7494 0.04536998 0.146306 0.748764 0.135056 0.184976 0.646829 0.115276 0.183382 0.656588 0.134607 0.166889 0.666983 0.115051 0.157394 0.665922 -0.06004995 0.07499498 0.528454 0.08965098 0.231478 0.52803 0.090101 0.105002 0.528454 0.08560496 0.08760797 0.528242 0.06649899 0.07547998 0.52803 0.805565 0.07416296 0.372955 0.810285 0.07444 0.386107 0.673171 0.07353895 0.382819 0.77477 0.07180696 0.415489 0.765105 0.07173699 0.501619 0.759036 0.07083696 0.457705 0.732287 0.07069796 0.468949 0.717452 0.07076698 0.449962 0.732287 0.07076698 0.431081 0.755439 0.07076698 0.434582 0.731613 0.06321299 0.431506 0.73993 0.01095998 0.449962 0.04559499 0.168898 0.748339 0.674745 0.09197396 0.528242 0.801069 0.09238898 0.386001 0.81568 0.09107297 0.38685 0.747572 0.211449 0.334981 0.738132 0.21242 0.315358 0.759935 0.195718 0.31504 0.752742 0.06508499 0.468843 0.719925 0.192322 0.31504 0.73431 0.06806498 0.471707 0.741953 0.1755509 0.315358 0.250572 -0.474143 0.485588 0.250572 -0.474385 0.604386 0.305743 -0.471966 0.583659 0.334089 -0.47245 0.60534 0.333709 -0.47245 0.48527 0.374421 -0.482001 0.574647 0.374611 -0.482243 0.440423 0.535558 -0.482364 0.571466 0.499411 -0.482485 0.507111 0.530992 -0.482485 0.441483 0.53727 -0.482485 0.449223 -0.225419 -0.421309 0.416356 -0.209058 -0.421913 0.41238 -0.24178 -0.395073 0.419218 -0.21838 -0.430256 0.40305 0.531182 -0.487079 0.574541 0.53727 -0.486958 0.566748 -0.228082 -0.189783 0.391123 -0.217048 -0.177814 0.395098 -0.221234 -0.219888 0.38826 -0.228082 -0.102372 0.391123 -0.217048 -0.09040296 0.395098 -0.221234 -0.132355 0.38826 -0.229414 -0.1784189 0.404428 0.535368 -0.4872 0.443497 -0.229414 -0.09100699 0.404428 0.333519 -0.477044 0.48527 -0.142663 0.006680965 0.478803 -0.137907 -0.004441976 0.490518 -0.159785 -3.31e-4 0.454047 -0.145326 0.007889986 0.496084 0.283484 -0.476077 0.571943 0.37404 -0.486716 0.440635 0.37347 -0.486596 0.574117 0.332948 -0.476682 0.605234 0.499031 -0.486958 0.505626 -0.237024 -0.407647 0.403421 -0.2265599 -0.207677 0.404057 -0.2265599 -0.120144 0.404057 -0.1639699 0.005108952 0.473555 0.888403 -0.214857 0.593953 0.881055 -0.169871 0.588072 0.86074 -0.21503 0.587935 0.843019 -0.169871 0.592859 0.835671 -0.214857 0.600519 0.826162 -0.169354 0.613103 0.82573 -0.214857 0.61666 0.823569 -0.169526 0.634852 0.823569 -0.215719 0.641965 -0.817598 -0.162976 0.787229 -0.815436 -0.1657339 0.784904 -0.817165 -0.155393 0.778749 -0.218963 0.05678397 0.830179 -0.232794 0.05057895 0.836061 -0.200377 0.05057895 0.809525 0.325643 0.05799096 0.364841 0.299277 0.04902797 0.34911 0.302735 0.05126899 0.363199 -0.193894 0.05643999 0.797351 -0.814572 -0.16108 0.790649 0.308786 0.02575898 0.364704 0.321321 0.022484 0.3487 0.335152 0.03454995 0.34911 0.303599 0.03075796 0.34911 -0.1887069 0.05057895 0.769994 -0.1887069 0.05678397 0.754811 -0.330045 -0.430137 0.755632 -0.326155 -0.435997 0.742638 -0.331774 -0.436169 0.783399 -0.310595 -0.429964 0.719384 -0.301518 -0.443753 0.766301 -0.282068 -0.450475 0.736619 -0.298493 -0.450303 0.782989 -0.229769 0.065575 0.81527 -0.256999 0.05730098 0.826213 -0.2180989 0.05626696 0.807747 -0.244897 -0.436342 0.69873 -0.260025 -0.429964 0.698456 -0.219828 -0.430137 0.71063 -0.314053 -0.436169 0.759872 -0.309731 -0.443064 0.74934 -0.313189 -0.443064 0.7808 -0.293738 -0.435997 0.726087 -0.260025 0.05643999 0.841532 -0.210319 0.065575 0.790649 -0.265644 -0.443408 0.729643 -0.242303 -0.450303 0.734841 -0.228904 -0.443064 0.745647 -0.2137759 -0.443408 0.739902 -0.290281 -0.443236 0.723351 -0.311027 -0.434963 0.769994 -0.310163 -0.422208 0.754401 -0.302383 -0.423759 0.79571 0.803686 -0.192623 0.584242 0.828323 -0.228646 0.565913 0.799364 -0.227957 0.603392 0.739284 -0.197793 0.627192 0.739717 -0.2024469 0.627055 0.739284 -0.185901 0.624456 0.1765249 -0.2033089 0.701876 -0.252677 -0.443753 0.716102 -0.326155 -0.429964 0.797351 0.74231 -0.168664 0.649761 0.179118 -0.170388 0.786819 0.740581 -0.171422 0.637998 -0.26305 -0.435825 0.71788 -0.245761 -0.422553 0.722804 -0.282068 -0.422208 0.724993 -0.300222 -0.435135 0.73744 -0.22804 -0.434963 0.73019 -0.217234 -0.423932 0.741543 -0.209886 -0.435135 0.758641 -0.210319 -0.422208 0.774508 -0.214209 -0.434963 0.792153 -0.220692 -0.422036 0.804874 -0.2094539 -0.435997 0.719384 -0.193894 -0.429964 0.742638 -0.27472 -0.435135 0.739902 -0.289848 -0.446339 0.752349 -0.260457 -0.446339 0.735935 0.744471 -0.194174 0.666859 0.180847 -0.190382 0.734978 0.743607 -0.182281 0.664124 -0.294603 -0.43548 0.766575 -0.289848 -0.445994 0.784357 0.090079 0.236557 0.450057 0.08748596 0.240522 0.528981 0.090079 0.09332495 0.528434 0.090079 0.09332495 0.450057 0.07495099 0.07557195 0.528981 0.08143496 0.083673 0.450057 -0.239278 -0.435825 0.740859 0.33083 0.05281996 0.34911 0.313108 0.06109297 0.3487 -0.304544 -0.436342 0.805421 0.331694 0.03230899 0.363199 -0.230201 -0.446339 0.752623 -0.276882 -0.443408 0.806516 -0.285094 -0.444098 0.819921 -0.45323 -0.223992 0.775603 -0.444153 -0.214168 0.761103 -0.440696 -0.229163 0.791606 -0.44545 -0.180557 0.754538 -0.455824 -0.198483 0.756179 -0.455824 -0.156599 0.771909 -0.291577 0.05747395 0.780937 -0.293306 0.06678098 0.761514 -0.284229 0.06678098 0.793658 -0.264347 -0.447028 0.804464 -0.280772 -0.434963 0.795847 -0.249219 -0.43548 0.803233 -0.29979 0.05678397 0.831137 -0.31924 0.05023497 0.809662 -0.273856 0.05023497 0.840438 -0.254406 -0.45082 0.808841 -0.226743 -0.444098 0.795983 -0.260025 -0.435997 0.824024 -0.229337 -0.443064 0.816364 -0.29979 0.04454696 0.805148 -0.308434 0.05764597 0.787092 -0.276882 0.05816298 0.8191 0.304032 -0.10627 0.364841 0.309218 -0.11144 0.34911 0.291497 -0.1031669 0.3487 -0.277314 0.06678098 0.823614 -0.305841 0.05626696 0.801865 -0.2254469 0.06798797 0.7689 -0.244897 0.05799096 0.738397 -0.225879 0.05867999 0.784357 0.805847 -0.214857 0.653318 0.07149398 -0.229163 0.693122 0.799796 -0.219166 0.631706 -0.224582 -0.435825 0.726907 -0.2046999 -0.436514 0.766164 -0.246193 -0.429792 0.840165 -0.275153 -0.436342 0.841259 -0.22026 -0.436342 0.831137 -0.314053 0.06574696 0.781347 -0.2271749 -0.435135 0.778065 -0.29979 -0.429792 0.829632 -0.310595 -0.435997 0.820604 -0.258728 0.06695395 0.734841 -0.200377 0.05023497 0.730327 -0.22026 0.05695694 0.708852 -0.234091 -0.446166 0.790786 -0.219395 -0.450303 0.774919 -0.249651 0.04471898 0.821288 -0.232362 0.05764597 0.813492 -0.281204 0.04454696 0.820878 -0.26694 0.05799096 0.804327 -0.205564 -0.443236 0.781347 -0.251812 0.06678098 0.80337 -0.223285 -0.435652 0.81185 -0.44934 -0.225027 0.810482 -0.436806 -0.2153739 0.822793 -0.188275 -0.436169 0.75659 -0.189572 -0.430137 0.784357 -0.440263 -0.196242 0.769721 -0.45323 -0.183832 0.770952 -0.452366 -0.206584 0.776423 -0.282068 -0.422036 0.817595 -0.253541 -0.436686 0.822656 -0.300222 -0.435135 0.801865 -0.25138 -0.423759 0.817869 -0.416059 -0.21727 0.773277 -0.441128 -0.2222689 0.792837 -0.443721 -0.209514 0.767943 0.007955968 -0.169526 0.661798 -0.41822 -0.196587 0.757684 0.904395 -0.1846939 0.695174 0.90137 -0.183143 0.67575 0.925574 -0.182453 0.676708 -0.205132 0.05678397 0.759599 -0.206429 0.06626397 0.751529 -0.23971 0.05678397 0.716375 0.741446 -0.21141 0.641554 0.1618289 -0.209514 0.646342 0.74231 -0.208652 0.653318 -0.391854 -0.194174 0.764797 -0.391422 -0.181764 0.766301 -0.439399 -0.173318 0.776286 -0.389693 -0.168664 0.778749 0.142379 -0.150049 0.732926 -0.451069 -0.166424 0.787503 -0.389261 -0.171422 0.778338 0.903531 -0.200724 0.694353 0.927735 -0.199862 0.672878 0.900937 -0.201068 0.675887 0.846044 -0.15522 0.701055 0.844316 -0.163838 0.699414 0.847773 -0.178489 0.704065 -0.446315 -0.198483 0.830863 -0.435941 -0.181936 0.83059 0.904827 -0.196759 0.64812 0.910446 -0.193312 0.674793 0.90915 -0.191761 0.638135 -0.413033 -0.219511 0.801728 -0.411304 -0.213478 0.80761 -0.387964 -0.211238 0.793248 -0.387532 -0.208652 0.793658 0.904395 -0.189175 0.650172 -0.390557 -0.182281 0.767395 0.918659 -0.227957 0.67958 0.939838 -0.228301 0.637724 0.828323 -0.155393 0.56687 0.875436 -0.156082 0.5588 0.859444 -0.190037 0.553465 0.904395 -0.190037 0.565092 0.892293 -0.228474 0.560989 0.927303 -0.190037 0.585746 0.926871 -0.227957 0.591765 0.939838 -0.190037 0.613787 0.94027 -0.190037 0.644564 0.929032 -0.155565 0.667817 0.892725 -0.156082 0.697225 0.877597 -0.190037 0.704749 0.877597 -0.228129 0.703244 0.849502 -0.2119269 0.700919 0.830484 -0.184349 0.697225 0.919091 -0.155737 0.578634 0.937677 -0.156082 0.62131 0.832645 -0.228301 0.69449 -0.41044 -0.202964 0.815954 -0.387532 -0.171422 0.793658 0.837832 -0.165217 0.680264 0.821408 -0.1614249 0.686556 0.74231 -0.171422 0.653318 -0.444586 -0.183143 0.762882 -0.438102 -0.211755 0.786545 -0.390989 -0.20848 0.773551 0.822272 -0.203481 0.688198 0.839561 -0.205205 0.681358 -0.417355 -0.190037 0.759325 -0.416923 -0.202964 0.762334 0.808008 -0.156082 0.672604 0.811466 -0.181419 0.683273 0.832213 -0.171595 0.658516 0.833078 -0.167113 0.649761 0.857715 -0.169699 0.67534 -0.331342 0.05678397 0.785314 -0.2094539 -0.429964 0.820604 0.277666 -0.115232 0.34911 -0.414762 -0.219166 0.782442 -0.416923 -0.1769379 0.762334 -0.417355 -0.171595 0.763292 -0.416059 -0.160219 0.779843 -0.286823 0.05799096 0.747835 -0.232794 0.05057895 0.703928 0.846044 -0.220028 0.679991 -0.193894 -0.435997 0.797351 -0.438534 -0.150911 0.805969 -0.448043 -0.1622869 0.821288 0.830052 -0.213823 0.682726 0.836535 -0.218304 0.682042 0.804118 -0.202964 0.665218 0.807144 -0.190037 0.666312 0.281124 -0.112992 0.363199 0.287175 -0.138501 0.364704 0.313541 -0.129711 0.34911 0.310083 -0.131951 0.363199 0.818382 -0.223992 0.684504 0.299709 -0.141776 0.3487 0.802822 -0.1665959 0.656874 0.806712 -0.172284 0.660567 0.803686 -0.16108 0.638135 -0.313621 0.05661195 0.759052 0.281988 -0.133503 0.34911 -0.306273 0.06574696 0.739902 0.792448 -0.19021 0.608863 -0.242736 0.05816298 0.720889 -0.270398 0.04471898 0.7187 -0.219828 0.04454696 0.734978 0.744471 -0.177455 0.664124 0.792016 -0.171422 0.650172 0.793313 -0.184349 0.660704 -0.262618 0.06695395 0.713913 -0.294171 0.05643999 0.725813 0.799796 -0.160736 0.631706 0.801093 -0.1717669 0.615702 -0.287687 0.05764597 0.726497 -0.238846 0.04454696 0.719248 -0.331342 0.05057895 0.769994 0.808008 -0.227957 0.672604 0.799364 -0.156082 0.603392 0.788126 -0.195725 0.618438 0.743607 -0.208652 0.657968 0.138921 -0.2300249 0.707621 0.740581 -0.17125 0.633211 0.788558 -0.1791779 0.621037 0.790287 -0.168664 0.633894 -0.27472 0.05661195 0.698456 -0.260025 0.05057895 0.698456 -0.29979 0.05023497 0.71063 -0.386667 -0.198311 0.805695 -0.386235 -0.197793 0.804464 -0.386235 -0.185901 0.8072 0.740581 -0.208652 0.637998 -0.389261 -0.208652 0.778338 -0.320969 0.05695694 0.729917 -0.326155 0.05057895 0.742638 0.80239 -0.215891 0.62514 0.797203 -0.202964 0.611462 0.800228 -0.196242 0.609957 -0.410872 -0.197793 0.819921 -0.410007 -0.190037 0.818826 -0.414762 -0.160736 0.782442 -0.413033 -0.1614249 0.802686 0.797203 -0.1769379 0.611462 0.859876 -0.2222689 0.587251 0.870681 -0.216926 0.587935 0.842587 -0.216753 0.594501 0.894454 -0.220373 0.600793 0.176093 -0.18952 0.696131 0.792881 -0.200724 0.658105 0.01616799 -0.159874 0.740312 0.827026 -0.2202 0.616933 -0.804199 -0.136088 0.885166 -0.808089 -0.116439 0.840165 -0.815004 -0.12385 0.805969 -0.81414 -0.132124 0.794068 -0.8297 -0.183832 0.759599 -0.801173 -0.206584 0.90883 -0.803766 -0.159874 0.890227 -0.801173 -0.171077 0.908283 -0.816733 -0.233645 0.781347 -0.811114 -0.262429 0.828811 -0.811114 -0.249674 0.838933 -0.807224 -0.25519 0.871078 -0.802037 -0.238988 0.892826 -0.287255 -0.435997 0.703928 -0.304976 -0.435997 0.730327 -0.260025 -0.435997 0.715965 -0.309731 -0.436342 0.719521 -0.03829199 -0.15815 0.733063 -0.411304 -0.1665959 0.80761 -0.410872 -0.176593 0.816774 -0.436373 -0.190037 0.823203 -0.43767 -0.170388 0.816911 -0.439399 -0.159702 0.799266 -0.441992 -0.161942 0.779159 -0.06292897 -0.24571 0.806789 -0.437238 -0.209514 0.816501 0.804551 -0.190037 0.66809 -0.44934 -0.213478 0.799676 -0.435509 -0.2067559 0.807884 -0.25916 0.07281398 0.776423 -0.808953 -0.250191 0.837566 -0.211615 0.05764597 0.752896 -0.212047 0.05747395 0.786819 -0.308002 0.05747395 0.75317 0.743607 -0.197793 0.664124 0.791584 -0.211238 0.645247 -0.386235 -0.182281 0.804464 0.179983 -0.176593 0.729233 -0.387532 -0.171422 0.798445 -0.434644 -0.183832 0.814449 0.847341 -0.179523 0.680127 -0.07157397 0.075055 0.528434 -0.08756595 0.08936095 0.528981 -0.07459896 0.07557195 0.44951 -0.09015899 0.09332495 0.450057 0.739284 -0.182281 0.627192 -0.443289 -0.210548 0.771773 -0.442425 -0.159012 0.771773 -0.438967 -0.162459 0.805695 -0.437238 -0.18659 0.821288 -0.438967 -0.217615 0.805695 0.871978 -0.227957 0.676161 0.900073 -0.227957 0.66344 0.832213 -0.227957 0.596963 0.820975 -0.227957 0.615018 0.822704 -0.227957 0.646068 0.84129 -0.227957 0.670689 0.881055 -0.227957 0.586294 0.849934 -0.227957 0.58561 0.906124 -0.227957 0.604486 0.912175 -0.227957 0.634852 -0.436806 -0.168147 0.797488 0.802822 -0.213478 0.656874 0.82962 -0.210721 0.652497 -0.287255 -0.429964 0.703928 0.789423 -0.208652 0.62897 0.08143496 0.2463819 0.450057 0.07149398 0.255 0.450057 0.07149398 0.255 0.528434 -0.07157397 0.255 0.450057 -0.07459896 0.254483 0.528981 -0.09015899 0.236557 0.528434 -0.08151495 0.2463819 0.450057 -0.09015899 0.236557 0.450057 0.07149398 0.075055 0.450057 -0.207725 0.04454696 0.773004 -0.221556 0.04471898 0.802139 -0.390557 -0.197793 0.767395 0.908717 -0.214685 0.634715 0.907421 -0.169871 0.615702 0.901802 -0.214857 0.607222 0.893589 -0.214857 0.66426 0.892293 -0.169181 0.667543 0.907853 -0.169009 0.642785 0.86852 -0.214857 0.672604 -0.445882 -0.182798 0.819921 0.846044 -0.156082 0.598741 0.878029 -0.156082 0.594637 0.900937 -0.15591 0.621721 0.893589 -0.156082 0.657148 0.870681 -0.156082 0.667406 0.82962 -0.156082 0.617891 0.838697 -0.156082 0.653044 0.843019 -0.213823 0.665765 0.805415 -0.177972 0.653318 0.80239 -0.174525 0.626098 0.801093 -0.19538 0.618027 0.802822 -0.210031 0.632663 0.805415 -0.204688 0.652497 -0.298493 0.04471898 0.73785 -0.312324 0.04454696 0.766985 0.861605 -0.170043 0.592996 0.894022 -0.170043 0.607358 0.764786 -0.18297 0.625414 0.766082 -0.207273 0.635536 0.767379 -0.1709049 0.647573 0.768676 -0.203998 0.656464 0.769108 -0.184866 0.661525 0.901258 -0.07941496 0.478534 0.88203 -0.02400898 0.532041 0.881759 -0.07993495 0.531951 0.845379 -0.02400898 0.575639 0.845108 -0.07986497 0.575548 0.796089 -0.02400898 0.604103 0.795909 -0.07979595 0.604013 0.74003 -0.02400898 0.614012 0.739849 -0.07972699 0.613832 0.683879 -0.02400898 0.604103 0.683879 -0.07989996 0.603923 0.63459 -0.02400898 0.575639 0.63459 -0.07972699 0.575458 0.597939 -0.02400898 0.532041 0.59812 -0.07993495 0.53177 0.57853 -0.02400898 0.478444 0.578621 -0.07972699 0.478264 0.57853 -0.02400898 0.421515 0.578711 -0.07941496 0.421515 0.597939 -0.02400898 0.368008 0.59821 -0.07993495 0.368008 0.63459 -0.02400898 0.324411 0.634861 -0.07986497 0.324411 0.683879 -0.02400898 0.295856 0.68415 -0.07979595 0.296036 0.74003 -0.02400898 0.286037 0.74012 -0.07972699 0.286127 0.796089 -0.02400898 0.295856 0.796089 -0.07989996 0.296126 0.845379 -0.02400898 0.324411 0.845379 -0.07972699 0.324591 0.88203 -0.02400898 0.368008 0.881849 -0.07993495 0.368189 0.901529 -0.02400898 0.421515 0.901348 -0.07972699 0.421695 0.901529 -0.02400898 0.478444 0.669887 -0.088117 0.330986 0.632604 -0.080316 0.360172 0.714663 -0.08024698 0.31279 0.625834 -0.087978 0.487002 0.626827 -0.08991998 0.378187 0.615994 -0.08804798 0.408183 0.74003 -0.088602 0.313962 0.774153 -0.08111298 0.470968 0.751133 -0.06679397 0.460969 0.789861 -0.066863 0.487812 0.857024 -0.08922696 0.383772 0.864607 -0.06301498 0.408183 0.837706 -0.06391596 0.363504 0.76007 -0.05958199 0.474301 0.775688 -0.06356996 0.449799 0.747883 -0.06391596 0.482678 0.767924 0.05195599 0.463401 0.771986 -0.05978995 0.449439 0.787062 -0.08000397 0.320807 0.682977 -0.08756196 0.556362 0.679546 -0.063708 0.539247 0.71367 -0.063847 0.578071 0.620778 -0.06658595 0.435027 0.619514 -0.08100897 0.406742 0.631521 -0.08229196 0.455745 0.733981 -0.05926996 0.481417 0.721343 -0.081321 0.463041 0.73019 -0.04664999 0.363054 0.73353 -0.087632 0.359001 0.716017 -0.089643 0.367198 0.759258 -0.05958199 0.425028 0.744543 -0.06426298 0.418812 0.608501 -0.08828997 0.49619 0.633868 -0.08021199 0.540508 0.604619 -0.08000397 0.47385 0.653728 -0.08846396 0.55375 0.725857 -0.08922696 0.344588 0.669345 -0.087978 0.350894 0.749238 -0.08828997 0.374674 0.705635 -0.066863 0.470607 0.74662 -0.08669596 0.349542 0.659596 -0.06665498 0.472409 0.604619 -0.08000397 0.426109 0.676206 -0.04401499 0.509071 0.659235 -0.04768997 0.515646 0.661582 -0.04772496 0.501504 0.794916 -0.081564 0.549426 0.79952 -0.06700199 0.520961 0.77993 -0.066621 0.568072 0.751855 -0.08104395 0.579782 0.824255 -0.04370296 0.494838 0.824074 -0.04762095 0.477003 0.836893 -0.04772496 0.483308 0.728836 -0.06689798 0.580503 0.738856 -0.08922696 0.584466 0.765577 -0.06377798 0.578251 0.776951 -0.08801299 0.570774 0.794194 -0.063986 0.551137 0.7997 -0.08804798 0.546453 0.79952 -0.06391596 0.511323 0.799971 -0.08867198 0.495379 0.810533 -0.06422799 0.480246 0.824165 -0.08766597 0.470788 0.847365 -0.06374299 0.457906 0.86244 -0.08766597 0.433856 0.708434 -0.059201 0.45061 0.717371 -0.06391596 0.470607 0.71051 -0.06381195 0.431784 0.755647 -0.06575399 0.372873 0.782548 -0.08135598 0.356568 0.74355 -0.08145999 0.393501 0.835088 -0.087493 0.490154 0.768285 0.05178296 0.436378 0.7468 0.05192095 0.419893 0.640187 -0.08808195 0.468716 0.61798 -0.06356996 0.434126 0.656527 -0.06374299 0.470878 0.667359 -0.08801299 0.475472 0.678644 -0.06426298 0.495919 0.680539 -0.08832496 0.49619 0.870655 -0.08832496 0.498802 0.87544 -0.08000397 0.47385 0.84592 -0.08007299 0.539427 0.814325 -0.04394596 0.509161 0.810804 -0.04723894 0.501684 0.824074 -0.04741299 0.509251 0.820915 -0.08790898 0.48484 0.821547 -0.087978 0.509161 0.818026 -0.08804798 0.546633 0.692997 -0.08801299 0.579152 0.809992 -0.04671895 0.516367 0.87535 -0.08801299 0.426199 0.729919 -0.04730898 0.348371 0.725947 -0.04394596 0.356028 0.716017 -0.047517 0.355578 0.82922 -0.08776998 0.476462 0.828317 -0.08801299 0.555281 0.847455 -0.06582295 0.456195 0.820915 -0.08128696 0.471238 0.859461 -0.08145999 0.435657 0.798166 -0.066863 0.475021 0.807554 -0.084858 0.517989 0.814957 -0.08766597 0.500874 0.72044 -0.05992895 0.425478 0.74021 -0.08142495 0.417641 0.739398 -0.06665498 0.40395 0.724503 -0.066863 0.453943 0.714753 -0.08100897 0.46169 0.6939 -0.06700199 0.471959 0.682525 -0.08111298 0.474301 0.719176 -0.08135598 0.369179 0.708253 -0.06700199 0.362964 0.686317 -0.08100897 0.355488 0.674762 -0.066863 0.354677 0.637479 -0.081321 0.367558 0.632243 -0.06682896 0.374764 0.74355 -0.04401499 0.356208 0.760431 -0.04768997 0.349542 0.758175 -0.04772496 0.363685 0.805568 -0.06693297 0.354677 0.827866 -0.08111298 0.360352 0.846462 -0.06682896 0.373773 0.853052 -0.08100897 0.384763 0.860454 -0.06700199 0.406742 0.742467 -0.06700199 0.422235 0.870565 -0.08038496 0.401968 0.75321 0.05199098 0.477453 0.786882 -0.08801299 0.579152 0.711774 0.05192095 0.435927 0.726759 0.05199098 0.422506 0.74003 -0.004003942 0.615003 0.796451 -0.004003942 0.605094 0.696698 -0.005355954 0.629775 0.796992 -0.003483951 0.625452 0.74003 -0.002997994 0.635 0.846101 -0.004003942 0.576359 0.848448 -0.003483951 0.599239 0.882933 -0.004003942 0.532491 0.889252 -0.003483951 0.558434 0.902522 -0.004003942 0.478624 0.920125 -0.005459964 0.493487 0.91498 -0.004592955 0.39314 0.902522 -0.004003942 0.421335 0.880766 -0.005216956 0.329995 0.882933 -0.004003942 0.367468 0.846101 -0.004003942 0.3236 0.74003 -0.004003942 0.284956 0.796812 -0.004767 0.275138 0.796451 -0.004003942 0.294955 0.74003 -0.004696965 0.26613 0.683609 -0.004003942 0.294955 0.643798 -0.005216956 0.292073 0.633958 -0.004003942 0.3236 0.597127 -0.004003942 0.367468 0.591169 -0.00455898 0.341886 0.577537 -0.004003942 0.421335 0.564087 -0.002997994 0.39287 0.55533 -0.005494952 0.434936 0.564538 -0.003483951 0.506999 0.577537 -0.004003942 0.478624 0.590717 -0.003483951 0.558434 0.597127 -0.004003942 0.532491 0.631792 -0.004696965 0.598789 0.633958 -0.004003942 0.576359 0.683609 -0.004003942 0.605094 0.925 -0.002997994 0.449979 0.848719 -0.002997994 0.30036 0.682796 -0.002997994 0.274057 0.657429 -0.08766597 0.510332 0.672686 -0.08673 0.515106 0.604619 -0.08794397 0.426019 0.666728 -0.08783996 0.501414 0.732537 0.05178296 0.480426 0.828317 -0.08801299 0.344768 0.828407 -0.08000397 0.344678 0.692997 -0.08000397 0.579242 0.74003 -0.08000397 0.587529 0.787062 -0.08000397 0.579242 0.786611 -0.08780497 0.352695 0.782368 -0.08853298 0.320717 0.826151 -0.08801299 0.357649 0.762237 -0.087632 0.354767 0.753029 -0.08783996 0.363865 0.792659 -0.08100897 0.405661 0.812248 -0.08100897 0.406111 0.79636 -0.08100897 0.4271 0.811707 -0.08100897 0.424758 0.747522 -0.08100897 0.502495 0.724954 -0.08100897 0.506008 0.718003 -0.08100897 0.520961 0.706448 -0.08121699 0.571225 0.732447 -0.08100897 0.539517 0.755015 -0.08100897 0.536004 0.761966 -0.08100897 0.520961 0.685053 -0.08100897 0.498261 0.681262 -0.08118295 0.532851 0.795006 -0.08100897 0.498261 0.726489 -0.08100897 0.522853 0.738134 -0.08100897 0.507539 0.741835 -0.08100897 0.534473 0.75348 -0.08100897 0.519159 0.642263 -0.06381195 0.363414 0.619514 -0.063986 0.395572 0.693178 -0.063847 0.353055 0.744182 -0.06499099 0.377917 0.775236 -0.08114796 0.468716 0.808999 -0.08097499 0.433045 0.74996 -0.08100897 0.444214 0.78643 -0.08097499 0.429532 0.780923 -0.08100897 0.408994 0.795999 -0.08097499 0.393951 0.820012 -0.08104395 0.407012 0.813241 -0.06703698 0.423677 0.75655 -0.06682896 0.455204 0.792388 -0.06700199 0.426199 0.78977 -0.06703698 0.405391 0.810624 -0.06700199 0.402779 0.680359 -0.08100897 0.400977 0.692004 -0.08100897 0.41638 0.664561 -0.08100897 0.410705 0.675304 -0.08100897 0.426649 0.711864 0.05171298 0.463581 0.782368 0.05199098 0.566541 0.74003 0.05199098 0.574017 0.678914 0.05205994 0.555731 0.679005 0.05205994 0.344228 0.632604 0.05199098 0.388006 0.74003 0.05199098 0.326032 0.782368 0.05199098 0.333508 0.833553 0.05199098 0.528528 0.862079 0.05199098 0.471508 0.854767 0.05199098 0.408273 0.819741 0.05199098 0.355037 0.61789 0.05199098 0.449979 0.632604 0.05199098 0.512043 0.663207 -0.063986 0.410435 0.682074 -0.063986 0.401247 0.692275 -0.063986 0.420074 0.672956 -0.06405496 0.428271 0.728836 -0.063986 0.532221 0.724773 -0.063986 0.516908 0.795909 -0.06401997 0.428271 0.787694 -0.063986 0.408904 0.787875 -0.063708 0.351884 0.807103 -0.06401997 0.400707 0.815227 -0.063986 0.420074 0.737953 -0.063986 0.506278 0.755286 -0.063986 0.516908 0.745627 -0.063986 0.534743 0.663478 -0.08100897 0.429532 0.68397 -0.08100897 0.435027 0.698323 -0.08100897 0.417281 0.681262 -0.08094 0.394671 0.657971 -0.08100897 0.408994 0.687671 -0.06700199 0.426199 0.690289 -0.06703698 0.405301 0.669345 -0.06700199 0.402779 0.666818 -0.06703698 0.423587 0.689657 -0.06658595 0.555461 0.680359 -0.06668996 0.509791 0.726218 -0.06703698 0.515376 0.734433 -0.06700199 0.534743 0.753841 -0.06703698 0.526546 0.745627 -0.06700199 0.507269 0.845379 -0.005008995 0.324411 0.796089 -0.005008995 0.295856 0.74003 -0.005008995 0.286037 0.683879 -0.005008995 0.295856 0.63459 -0.005008995 0.324411 0.597939 -0.005008995 0.368008 0.57853 -0.005008995 0.421515 0.57853 -0.005008995 0.478444 0.597939 -0.005008995 0.532041 0.63459 -0.005008995 0.575639 0.683879 -0.005008995 0.604103 0.74003 -0.005008995 0.614012 0.796089 -0.005008995 0.604103 0.845379 -0.005008995 0.575639 0.88203 -0.005008995 0.532041 0.901529 -0.005008995 0.478444 0.901529 -0.005008995 0.421515 0.88203 -0.005008995 0.368008 -0.305663 0.005904972 0.780682 -0.302786 0.008374989 0.789485 -0.304512 0.009986996 0.763515 -0.291855 0.004830956 0.804597 -0.302211 0.00525999 0.751924 -0.2838 0.01030898 0.765129 -0.28265 -0.01332294 0.778481 -0.281787 -0.01450496 0.756326 -0.280061 0.01020097 0.729329 -0.261075 0.004507958 0.723166 -0.289553 0.005367994 0.734611 -0.79958 -0.165536 0.697343 -0.807059 -0.127617 0.7239 -0.80447 -0.213874 0.701011 -0.23087 0.01030898 0.731823 -0.223679 0.006011962 0.740039 -0.215049 0.00773096 0.767917 -0.273732 0.009556949 0.792273 -0.259636 -0.01536399 0.795794 -0.247555 -0.01482695 0.746642 -0.23576 0.009878993 0.760581 -0.266253 0.009986996 0.746055 -0.806484 -0.147382 0.858445 -0.793251 -0.141366 0.835409 -0.788649 -0.1587679 0.873264 0.109435 -0.239977 0.539176 0.108285 -0.239977 0.531253 0.107709 -0.1900269 0.524797 0.108572 -0.1900269 0.532573 0.108285 -0.13997 0.531253 0.103107 -0.13997 0.539763 -0.798717 -0.08464896 0.747669 -0.793827 -0.06069499 0.788751 0.05966895 -0.13997 0.545632 0.058806 -0.13997 0.537415 0.05794298 -0.1900269 0.530959 0.05909395 -0.1900269 0.538882 0.058806 -0.239977 0.537415 0.06599795 -0.239977 0.544751 -0.119257 -0.1716589 0.947652 -0.1005589 -0.184227 0.940463 -0.128174 -0.1618829 0.942077 -0.302498 -0.385744 0.75075 -0.300197 -0.390256 0.757206 -0.298183 -0.390578 0.798582 -0.118106 -0.207751 0.947946 -0.269417 -0.391008 0.724047 -0.286677 -0.386066 0.73197 -0.2469789 -0.38467 0.724927 0.270814 -0.05596798 0.596985 0.317128 -0.05242395 0.597718 0.322881 -0.02836197 0.64467 -0.1140789 -0.216452 0.940463 0.291813 -0.29519 0.847441 0.301594 -0.281978 0.845827 0.296991 -0.323978 0.807972 0.265924 -0.09796899 0.55913 0.312525 -0.090128 0.560304 -0.789799 -0.03964096 0.835703 -0.805046 -0.05188697 0.812374 -0.794977 -0.05865395 0.884561 0.304758 -0.1900269 0.87121 0.304183 -0.22988 0.867982 0.301882 -0.159413 0.875318 -0.18657 -0.1699399 0.952347 -0.193762 -0.176815 0.961738 -0.17305 -0.1759549 0.992109 -0.161256 -0.167899 0.948386 -0.171899 -0.1759549 0.9679 0.259308 -0.220642 0.530519 0.26391 -0.242555 0.54211 0.26276 -0.1900269 0.533747 -0.138818 -0.2040989 0.969367 -0.150037 -0.2106519 0.947065 -0.236048 0.007945954 0.806652 -0.26539 0.005367994 0.814281 -0.218501 0.006548941 0.791539 0.297279 -0.05607599 0.806945 0.341867 -0.05242395 0.795941 0.34647 -0.090128 0.833355 -0.138818 -0.175311 0.957043 0.295841 -0.1900269 0.881334 0.294978 -0.134706 0.872677 0.303608 -0.137499 0.862993 0.301882 -0.097862 0.844653 0.291238 -0.02868396 0.757646 0.291813 -0.08486396 0.847441 -0.237774 -0.365764 0.7575 -0.235473 -0.389611 0.773346 -0.238349 -0.365657 0.784056 -0.21246 -0.385529 0.77672 -0.217638 -0.39133 0.761461 -0.218501 -0.385637 0.747963 -0.245541 -0.390041 0.750163 -0.271143 -0.364475 0.795354 -0.252157 -0.390363 0.793153 -0.279198 -0.390148 0.788018 -0.234897 -0.01407498 0.776133 -0.284663 -0.366409 0.773052 -0.246116 0.01052397 0.788898 0.256143 -0.29519 0.560011 0.271389 -0.323978 0.597865 0.266787 -0.282085 0.560304 -0.193186 -0.210866 0.954695 -0.172475 -0.205281 0.959684 -0.184556 -0.205066 0.981692 -0.160105 -0.204851 0.979638 -0.131051 -0.204529 0.986827 -0.162694 -0.203347 0.994604 -0.267403 -0.385207 0.814428 -0.296745 -0.384992 0.800049 0.252979 -0.245348 0.534774 -0.307101 -0.385852 0.770851 0.317128 -0.327523 0.597718 0.312525 -0.289927 0.560304 -0.172475 -0.221716 0.946478 -0.207282 -0.207859 0.952347 -0.141695 -0.1766 0.993136 -0.122421 -0.174989 0.974209 -0.151763 -0.174989 0.979931 -0.01397198 -0.05381995 0.4105 -0.02087599 -0.002151966 0.430014 -0.01397198 -0.05381995 0.450555 -0.03209495 0.04854995 0.4105 -0.03209495 0.04854995 0.450555 -0.798142 -0.2106519 0.79374 -0.798429 -0.163065 0.793006 -0.813388 -0.200769 0.791979 -0.8131 -0.169403 0.795501 0.27743 -0.351263 0.647164 0.322881 -0.351692 0.64467 -0.26654 -0.364475 0.744441 -0.278622 -0.389289 0.751777 -0.222528 0.01030898 0.793006 -0.290704 0.009663999 0.80137 -0.254459 0.009986996 0.813548 -0.241514 -0.390256 0.812814 -0.2395 -0.385207 0.811053 -0.222816 -0.385852 0.798142 -0.194912 -0.16038 0.94956 -0.211021 -0.176707 0.953375 -0.792964 -0.311303 0.90745 -0.749814 -0.321937 0.935768 -0.77369 -0.26522 0.964966 -0.783471 -0.331283 0.886762 -0.724212 -0.363509 0.884415 -0.703501 -0.340521 0.935181 -0.709829 -0.366946 0.883681 -0.338744 -0.353841 0.871797 -0.805046 -0.328597 0.813254 -0.789799 -0.340413 0.835703 -0.723062 -0.376077 0.827486 -0.805909 -0.26522 0.706587 -0.749239 -0.297231 0.682084 -0.801594 -0.30518 0.739893 -0.744349 -0.337621 0.722139 -0.768225 -0.348362 0.777894 -0.724212 -0.366946 0.769678 -0.508177 -0.377043 0.798142 -0.815977 -0.266187 0.775693 -0.82173 -0.2089329 0.706293 -0.814826 -0.279722 0.729182 -0.807922 -0.203025 0.688833 -0.752403 -0.246315 0.656261 -0.735431 -0.299379 0.677389 -0.730541 -0.340521 0.718178 0.29354 -0.344281 0.587741 -0.224542 -0.351692 0.667705 0.29958 -0.371565 0.640855 -0.149174 -0.358138 0.669172 -0.09480595 -0.365335 0.678416 -0.805621 -0.284985 0.855364 -0.738883 -0.247496 0.651125 -0.753554 -0.1900269 0.647457 -0.81799 -0.142655 0.706293 -0.807922 -0.163924 0.688833 -0.811374 -0.232565 0.817803 -0.814251 -0.211081 0.794767 -0.806196 -0.232565 0.858445 -0.800155 -0.195291 0.921389 -0.78606 -0.259849 0.957189 -0.771389 -0.21613 0.982719 -0.709829 -0.2464219 1.000619 -0.708678 -0.1900269 1.009423 -0.694008 -0.1900269 1.01133 -0.695158 -0.132558 1.002233 0.32921 -0.130839 0.880013 -0.80332 -0.168973 0.88148 -0.803032 -0.200554 0.883828 -0.788361 -0.100655 0.945158 -0.784621 -0.1900269 0.975823 -0.771389 -0.176922 0.982719 -0.712993 -0.297231 0.974943 -0.695158 -0.247496 1.002233 -0.69861 -0.299379 0.976117 0.325758 -0.302387 0.853016 0.32921 -0.249108 0.880013 0.320868 -0.344603 0.811053 -0.504725 -0.376077 0.780535 0.288074 -0.302709 0.546365 0.284622 -0.249108 0.519368 -0.805909 -0.114834 0.706587 -0.752403 -0.133632 0.656261 -0.740034 -0.1900269 0.642175 -0.817127 -0.142548 0.773199 -0.814538 -0.1795 0.79242 -0.811949 -0.08293098 0.747963 -0.801594 -0.07476699 0.739893 -0.769088 -0.03158396 0.776573 -0.744349 -0.04243397 0.722139 -0.730541 -0.03953295 0.718178 -0.735431 -0.080675 0.677389 0.293252 -0.03545194 0.588181 0.287786 -0.07766699 0.546219 -0.806196 -0.08464896 0.853603 -0.811374 -0.147382 0.817803 -0.777718 -0.07476699 0.931659 -0.709829 -0.133632 1.000619 -0.77369 -0.114834 0.964966 -0.212172 -0.371887 0.830861 -0.202679 -0.351692 0.860939 -0.345935 -0.37425 0.834969 -0.425043 -0.363616 0.861673 -0.471932 -0.37092 0.843479 -0.500123 -0.376291 0.818976 -0.405194 -0.381877 0.776573 -0.396276 -0.380373 0.808559 -0.483438 -0.371565 0.750604 -0.351976 -0.37425 0.725661 -0.440864 -0.363294 0.720819 -0.360606 -0.354163 0.690447 -0.252157 -0.369524 0.698223 0.260171 -0.1900269 0.512913 0.309361 -0.200017 0.507044 0.284622 -0.1307319 0.519368 -0.749239 -0.08271598 0.682084 -0.738883 -0.1324509 0.651125 -0.724212 -0.01310795 0.769678 -0.723062 -0.00386995 0.827486 -0.483438 -0.009133994 0.750604 -0.44259 -0.01643794 0.721552 -0.364921 -0.006125986 0.730356 -0.359456 -0.025891 0.690154 -0.280924 -0.009348988 0.702919 -0.250431 -0.02954298 0.669466 -0.150325 -0.02170199 0.669906 -0.07150501 -0.01031595 0.685312 0.29958 -0.008381962 0.641148 -0.03698498 -0.004729986 0.703212 -0.02001297 -0.001399993 0.720379 -0.15579 -0.002043962 0.712602 -0.115805 0.003755986 0.762048 -0.754705 -0.03158396 0.886616 -0.717884 -0.04243397 0.934887 -0.709829 -0.01310795 0.883828 -0.507314 -0.003010988 0.803424 -0.505013 -0.00376296 0.781269 -0.402605 0.001822948 0.799169 -0.401454 3.19e-4 0.765863 -0.156653 -0.005373954 0.81032 -0.238925 -6.48e-4 0.822204 -0.335867 -0.005803942 0.835703 -0.712993 -0.08282297 0.974943 -0.703501 -0.03953295 0.935181 -0.423317 -0.016653 0.861966 -0.471932 -0.008381962 0.843332 -0.69861 -0.080675 0.976117 0.320868 -0.03555899 0.8112 -0.200666 -0.02825397 0.860646 0.314251 -0.008381962 0.75838 -0.127887 -0.02180898 0.840691 -0.077546 -0.01461195 0.818389 -0.03669798 -0.006877958 0.789338 -0.01512295 -0.00129199 0.758673 -0.01253396 -5.4e-4 0.736518 0.306772 9.63e-4 0.699837 0.326045 -0.077775 0.853163 0.307347 -0.1900269 0.892044 0.35625 -0.17993 0.885882 -0.500123 -0.00386995 0.819563 -0.337018 -0.025891 0.871797 -0.03669798 -0.373821 0.789192 0.314251 -0.371672 0.758086 -0.07898396 -0.36512 0.819123 -0.127887 -0.358138 0.840691 -0.133352 -0.378977 0.791539 -0.169598 -0.37468 0.705706 -0.048204 -0.373069 0.696609 0.306772 -0.381018 0.699397 -0.01195895 -0.379407 0.741947 -0.118106 -0.383811 0.742534 -0.01972597 -0.378655 0.721112 -0.01512295 -0.378547 0.759407 -0.807059 -0.237506 0.838344 -0.794114 -0.241051 0.829394 -0.811374 -0.227087 0.808559 -0.810511 -0.146737 0.817656 -0.801881 -0.200447 0.884121 -0.788361 -0.219675 0.874291 -0.804183 -0.227087 0.867395 -0.781457 -0.233961 0.942077 -0.771101 -0.213874 0.969954 -0.77369 -0.258668 0.953815 -0.705802 -0.243092 0.989762 -0.786923 -0.1900269 0.883241 -0.802457 -0.169403 0.880453 0.349346 -0.137499 0.857271 0.350497 -0.1900269 0.865488 0.349346 -0.242555 0.857271 0.263047 -0.150067 0.536975 0.251828 -0.1900269 0.526118 0.309649 -0.242555 0.536388 0.308498 -0.1900269 0.528172 0.309649 -0.137499 0.536388 0.267074 -0.360179 0.648778 -0.723062 -0.35556 0.773346 -0.716445 -0.364046 0.826606 -0.752979 -0.348792 0.830127 -0.75039 -0.338802 0.882214 -0.788073 -0.321078 0.858738 -0.776855 -0.295298 0.923296 -0.251294 -0.363616 0.800196 0.273978 -0.368987 0.703799 0.261034 -0.33472 0.599332 -0.729103 -0.330853 0.725221 -0.732267 -0.353196 0.775253 -0.793539 -0.319252 0.788605 0.280595 -0.360179 0.758673 -0.709829 -0.35556 0.880013 -0.703788 -0.330853 0.928138 -0.713281 -0.328812 0.927845 -0.708678 -0.290893 0.965552 0.283759 -0.360716 0.703212 0.329497 -0.359964 0.696903 0.290951 -0.351155 0.758673 0.335826 -0.351692 0.74899 0.341867 -0.327523 0.795941 0.34647 -0.289927 0.833355 -0.795553 -0.310229 0.815015 -0.799005 -0.295512 0.747963 -0.806196 -0.245885 0.738866 -0.803032 -0.258668 0.717297 -0.798142 -0.074337 0.794327 -0.788073 -0.05242395 0.83585 -0.787786 -0.09689497 0.884561 -0.777718 -0.08464896 0.923296 -0.782032 -0.06069499 0.882361 -0.775704 -0.144374 0.959977 -0.738308 -0.328812 0.727715 -0.736869 -0.243737 0.662423 0.252979 -0.134706 0.534774 -0.73802 -0.1900269 0.653913 -0.746075 -0.243092 0.665798 0.261034 -0.04522699 0.599332 0.256143 -0.08486396 0.560011 -0.733705 -0.08765697 0.686926 -0.736869 -0.13621 0.662423 -0.746075 -0.1369619 0.665798 -0.746938 -0.1900269 0.657581 0.277143 -0.02879196 0.646284 0.329497 -0.01998299 0.696903 0.283759 -0.01933896 0.701745 0.335826 -0.02836197 0.74899 0.273978 -0.01106697 0.703799 0.267074 -0.01976799 0.648778 -0.259061 -0.01643794 0.738572 -0.723062 -0.024495 0.773346 0.280595 -0.01976799 0.758673 -0.703788 -0.04920095 0.928138 0.286923 -0.04522699 0.808119 -0.696021 -0.13621 0.990936 0.294978 -0.245348 0.872677 -0.696021 -0.243737 0.990936 -0.695158 -0.1900269 0.999299 -0.704651 -0.1900269 0.998125 -0.737445 -0.14996 0.983159 0.286923 -0.33472 0.808119 -0.699186 -0.29229 0.966433 -0.739458 -0.103233 0.962471 -0.713281 -0.051135 0.927845 -0.699186 -0.08765697 0.966433 -0.719322 -0.02675098 0.880453 -0.709829 -0.024495 0.880013 -0.720473 -0.01590096 0.827193 -0.732267 -0.02675098 0.775253 -0.738308 -0.051135 0.727715 -0.772252 -0.102696 0.700864 -0.729103 -0.04920095 0.725221 -0.74291 -0.290893 0.690007 -0.733705 -0.29229 0.686926 -0.228987 0.005389988 0.445411 -0.226309 0.007551968 0.390035 -0.221024 0.007551968 0.445477 -0.114023 0.009713947 0.465025 -0.153044 0.007551968 0.476467 -0.116195 0.009834945 0.521905 -0.163469 0.009713947 0.524978 -0.168971 0.009713947 0.389969 0 -0.47654 0.485031 0 -0.471975 0.485031 -2.9e-4 -0.471975 0.579244 -0.2431769 -0.39774 0.372513 -0.248679 -0.402665 0.379443 -0.193803 -0.351733 0.374801 -0.13176 -0.413836 0.372382 -0.181134 -0.465849 0.372644 -0.180844 -0.469092 0.384804 -0.179686 -0.464287 0.377024 -0.246217 -0.408791 0.4443 -0.205386 -0.443506 0.485097 -0.246145 -0.401704 0.436454 -0.233693 -0.214433 0.374932 -0.233476 -0.211911 0.397684 -0.233765 -0.215394 0.444038 -0.175415 -0.471975 0.494969 -0.006080985 -0.47666 0.591404 -0.156085 -0.374917 0.376501 -0.13205 -0.414797 0.377351 -0.01266896 -0.471615 0.594412 -0.2321 -0.01503098 0.353749 -0.2290599 -0.01707297 0.371336 -0.233403 -0.01623195 0.371467 -0.04597097 -0.474258 0.595 -0.146022 -0.471975 0.494969 -0.146022 -0.47654 0.494969 -0.221965 0.01199698 0.44528 -0.200029 -0.454678 0.387354 -0.1790339 -0.475579 0.495034 -0.176862 -0.47654 0.385066 -0.04350996 -0.471975 0.455022 -0.09997797 -0.471975 0.385 -0.101499 -0.471975 0.518244 -0.128792 -0.471975 0.490915 -0.2302899 0.01139599 0.389904 -0.233476 0.006590962 0.445542 -0.1529 0.01199698 0.476401 -0.233476 -0.1477659 0.397488 -0.233403 -1.5e-5 0.388727 -0.234996 0.01523995 0.383823 -0.231521 0.01499998 0.354141 -0.228987 -0.211791 0.397488 -0.228698 -0.218037 0.376893 -0.228987 -0.209989 0.372513 -0.228987 8.25e-4 0.389119 -0.228987 -0.209989 0.445477 -0.228987 -0.1441619 0.397553 -0.2286249 -0.218878 0.440638 -0.09997797 -0.47654 0.385 -0.07304698 -0.47654 0.486012 -0.287121 1.05e-4 0.329428 -0.262941 -0.01503098 0.327662 -0.262724 0.01499998 0.327858 -0.29646 0.01439899 0.32727 -0.296388 -0.01442998 0.32727 -0.2321 -0.415878 0.410172</float_array>
          <technique_common>
            <accessor source="#es165rd-a00_lk1_1-mesh-positions-array" count="4106" stride="3">
              <param name="X" type="float"/>
              <param name="Y" type="float"/>
              <param name="Z" type="float"/>
            </accessor>
          </technique_common>
        </source>
        <source id="es165rd-a00_lk1_1-mesh-normals">
          <float_array id="es165rd-a00_lk1_1-mesh-normals-array" count="34473">0.1987034 -0.01474696 -0.9799487 0.1628792 -0.2919997 -0.9424471 -0.1037426 -0.3267291 -0.9394071 -0.2525423 -0.4880502 -0.8354815 -0.01492923 -0.71343 -0.7005675 -0.168985 -0.4419526 -0.8809779 -0.1038753 -0.3267397 -0.9393887 -0.3030152 -0.3199874 -0.897658 -0.2805218 -0.03860974 -0.9590709 0.2580544 -0.9421948 0.2137219 -0.2218995 0.22058 -0.9497922 -0.2218961 0.2206735 -0.9497712 -0.2218961 0.2206735 -0.9497713 0.809956 -0.5498551 -0.2040367 0.8823392 0.2064697 0.422904 -0.6852034 -0.7283516 6.1633e-4 -0.689333 -0.7244313 0.004399538 -0.7003501 -0.7137942 0.002789795 -0.8475782 -0.5306634 0.002766668 -0.5182801 -0.8551912 0.005805492 -0.7003863 -0.7137585 0.002798199 -0.7003818 -0.7137631 0.002789139 -0.7152256 -0.6988761 0.004954993 -0.7112239 -0.7029647 0.001179099 -0.711233 -0.7029555 0.00118035 0.8492656 -0.2953217 -0.4376452 0.9178069 -0.03790944 -0.3952134 0.7946864 -0.06094604 -0.6039529 0.8879256 0.04757559 -0.4575204 0.7946137 -0.06079155 -0.6040642 0.7946344 -0.06076836 -0.6040394 0.2510343 0.965046 -0.07528686 0.1321787 0.9899029 -0.05119675 -0.3004794 0.8185816 0.4895266 -0.9999991 3.32161e-6 -0.001370728 -0.9999992 5.31381e-6 -0.001369357 -0.9986538 0.0467137 0.02255105 -0.2326796 0.9724974 0.01044374 -0.5970211 0.801869 -0.02391529 -0.8430947 0.5354477 0.04987311 -0.9807625 0.1951621 -0.004115879 -0.9960408 -0.08219683 0.0338611 -0.1404448 0.9885042 -0.0559895 0.08832186 0.9960749 -0.00584352 9.3079e-4 0.9999777 0.006631851 0.03957557 0.9991737 0.009263038 -6.42885e-4 0.9999995 -8.46336e-4 -6.49015e-4 0.9999995 -8.50323e-4 0.2182921 0.9756123 -0.02300631 0.08838504 0.996069 -0.005898892 0.4448903 0.8928909 -0.06941723 0.5777814 0.8064092 -0.1259877 -0.5802116 -0.8046199 -0.1262592 -0.7398462 -0.672309 -0.02506732 -0.9514093 -0.3079283 -6.83755e-4 -0.9514692 -0.3077437 -5.9665e-4 -0.8915143 -0.4528651 0.01075446 -0.05508351 0.01440131 0.9983779 -0.07123982 -0.08037751 0.9942156 -0.02197998 -0.03681921 0.9990803 0.02025604 -0.001874804 0.9997931 -0.05684185 0.03815728 0.9976539 -0.2025008 0.1261221 0.9711266 0.02024257 -0.00188899 0.9997934 0.005671679 -0.01707321 0.9998382 -0.05682915 0.03815871 0.9976544 -0.9868327 0.1612397 0.01276725 0.9833198 0.1223605 0.1345739 0.9833194 0.1223562 0.1345809 0.9534742 0.2298331 0.1950992 0.9979761 -0.01878142 -0.06075394 0.983348 0.1222174 0.1344981 0.9840006 -0.01030933 -0.1778668 0.01436072 0.03683531 0.9992182 0.05973774 0.02099621 0.9979933 0.3930417 -0.9195195 0.001517653 0.04127693 -0.9991478 -3.68733e-4 0.02222865 -0.9997506 0.002146005 -0.1587918 0.2139271 0.9638571 0.3117795 0.2533859 0.9157451 0.176243 0.05904245 0.9825745 0.1827695 0.1910564 0.9644132 0.3118429 0.25345 0.9157058 0.4663504 0.318439 0.8252962 0.9888594 -0.1283925 -0.07531553 0.9504321 -0.3074998 -0.04607474 0.984587 -0.1561488 0.07877945 0.9070774 0.150326 -0.3932082 0.943241 0.03957432 -0.3297431 0.9585603 -0.01500749 -0.2844941 0.9996604 -1.85405e-4 -0.02605932 0.6823863 0.7309886 -0.002160608 0.6744614 0.7382801 0.006658673 0.7062923 0.7079185 0.001681149 0.3289212 0.9434028 0.0424506 -0.1292668 0.9828268 -0.1316878 -0.1950929 0.9463611 -0.2575646 -0.09160625 0.9952453 -0.03309494 -0.9766068 -0.2049354 0.06512212 -0.9531543 0.2663179 0.1434293 -0.9697078 -0.2439095 -0.0132355 -0.6136368 0.7136766 0.3378102 -0.6822953 0.58878 0.4333722 -0.601211 0.7728487 0.2031021 -0.3008707 0.9525827 0.04541993 -0.6135335 0.7137241 0.3378974 -0.2737182 0.8936477 0.3556292 -0.6127047 0.6406226 0.4628129 -0.7466787 0.6147984 0.2539565 -0.7922313 0.520828 0.3179744 -0.9165923 0.3428305 0.2057324 -0.9166653 0.3427318 0.2055719 -0.9989581 -0.03445404 -0.02992969 -0.9975178 0.05605775 0.04261398 0.05973529 0.02099269 0.9979935 0.1049714 0.005096733 0.9944622 0.9989122 0 -0.04663163 0.6267467 -0.1454494 -0.765528 0.3325842 -0.198316 -0.9219862 0.3597683 -0.2326238 -0.9035778 0.006385982 0.1271271 -0.9918659 0.01164329 0.4665793 -0.8844028 -0.05092424 0.07420837 -0.9959417 -0.762242 -0.4904189 -0.4224647 -0.9784432 -0.1447665 -0.1472809 0.9999995 -5.95185e-4 -8.9909e-4 0.999997 -0.001378834 -0.002083539 0.9986013 0.02415591 0.04703211 0.9216476 -0.03760522 0.3862016 0.9807074 -0.02211707 0.1942268 0.9891811 0.06046819 -0.1336585 0.991593 0.03120642 -0.1255778 0.9306757 0.1557039 -0.3310575 0.9891616 0.06056559 -0.1337587 0.8259086 0.1629123 -0.5397543 0.6120848 0.2214835 -0.7591425 0.01989334 -0.9995508 0.02241885 0.03757899 -0.9992679 0.007182419 0.0222426 -0.9997503 0.002145826 0.3673297 -0.9300658 0.006817221 0.2625594 -0.9649152 0.001175642 0.2445062 -0.9649395 0.09543859 0.2855682 -0.9501991 0.1247906 0.1416807 -0.9479594 0.2851309 -0.9985259 9.49746e-4 0.05427014 -0.3319736 0.9422038 0.0452283 -0.5417793 0.8399099 0.03203934 0.2363905 0.03419476 -0.9710563 -0.05091929 0.07406401 -0.9959527 3.31956e-4 -0.2283548 -0.9735779 0.03185945 -0.5555966 -0.8308414 0.03186231 -0.5555948 -0.8308426 -0.2070733 -0.3314937 -0.9204524 0.3179346 -0.6903575 -0.6498647 0.03193807 -0.5557034 -0.8307669 0.2671943 -0.7156865 -0.6452909 -0.5537067 -0.001154422 0.832711 -0.7594965 0.03701823 -0.6494573 -0.5655432 -0.01101791 -0.8246452 -0.9754394 -0.03879737 -0.2168247 -0.976904 -0.2014581 0.07122582 -0.8749405 -0.4768365 0.08429783 -0.8749413 -0.4768355 0.08429527 0.9232236 -0.3598564 -0.134765 0.9995617 -0.01416134 -0.02599763 0.9800077 -0.07307159 -0.1850556 0.65073 0.6249052 -0.4313282 0.8904964 0.3807679 -0.2490624 0.8904967 0.3807528 -0.2490842 0.03393077 0.9992284 0.01978522 0.04631149 0.9985046 0.0290482 0.1578571 0.9837331 0.08573532 0.3660858 0.9184018 0.1500647 0.1690103 0.9803891 0.1013551 -0.001393735 0.9989389 0.04603409 0.04211342 0.9987428 -0.02719134 -0.1659213 0.9831131 0.07719409 -0.06058526 0.9981594 -0.002722978 -0.1291958 0.9828557 -0.1315417 -0.2367421 0.6847711 0.6892328 -0.03584921 0.5390235 0.8415276 0.9759486 0.09371834 -0.1968284 0.9947825 0.01071035 -0.1014546 0.9805637 0.191565 0.04239928 0.03216826 0.9989413 0.03288704 0.03131896 0.9994741 0.008411645 0.3981073 -0.916215 0.04539519 0.398545 -0.9160229 0.04543215 0.9958865 7.22212e-4 0.09060716 -0.3809037 0.05284988 -0.9231031 -0.6952368 -0.01761937 -0.7185649 -0.06408333 -0.9979336 -0.004690647 -0.3378686 -0.2349397 0.9113991 -0.4618795 -0.2786702 0.8420275 -0.02765572 -0.09493309 0.9950994 -0.2110168 0.9573697 0.1972692 0.9995667 -0.01411354 -0.02583336 0.9597 -0.2778003 -0.04246222 0.9498392 -0.2797675 0.1397704 -0.08640074 0.9929481 0.08117258 -0.03451037 0.991227 0.127586 0.03114688 0.9995144 9.57839e-4 0.0385726 0.9988098 -0.02985429 0.0528084 0.9986012 -0.002624452 0.01454669 0.9998425 -0.01017481 0.8803951 -0.4660745 -0.08763062 0.761874 -0.5410931 -0.3560428 0.7182406 -0.6942424 -0.04645413 -0.9993274 0.0287519 -0.0227611 -0.9988752 0.01191258 -0.04589629 0.9557473 0.02892059 -0.2927642 0.3376312 0.3673624 -0.8666315 0.7617374 -0.5411949 -0.3561804 0.8196527 -0.5574532 -0.131968 0.6387146 -0.6143327 -0.4632917 0.1369571 -0.06107383 0.9886925 -0.06068319 0.2001675 0.9778807 0.08560097 0.07236373 0.9936981 0.2271829 -0.05838871 0.9721002 0.1763512 0.05894964 0.9825606 0.1369608 -0.06119012 0.9886847 0.07202655 -0.05775511 0.9957292 0.1603975 -0.06434476 0.9849531 -0.03309124 0.9990432 -0.02859359 -0.0350092 0.9989256 -0.03036844 -0.050152 0.9987375 -0.002910554 -0.03123992 0.9991548 -0.02672141 -0.03308176 0.9990434 -0.02860295 -0.03121203 0.9991544 -0.0267657 -0.01608288 0.9983956 -0.05429261 -0.01617234 0.9983885 -0.05439561 0.6710058 -0.7414246 0.006397902 0.6782555 -0.7348237 0.001922547 0.689415 -0.724358 0.003537178 0.8450613 -0.5346497 0.004617452 0.3932229 -0.9194421 0.00148195 0.6894381 -0.724336 0.003527224 0.6894327 -0.7243412 0.003536105 0.5167566 -0.8561323 3.66223e-4 0.7004192 -0.7137132 0.005151689 0.6894248 -0.7243486 0.003537297 0.5007027 -0.8656029 0.005339562 0.8366057 -0.5477721 0.006060063 0.03121864 -0.05144226 0.9981879 -0.04063218 0.06704795 0.9969221 -0.03934204 0.18355 0.9822228 0.02585345 -0.0217989 0.9994281 0.07951694 -0.1681033 0.9825571 0.1372387 -0.09158813 0.9862947 -0.03918296 0.1836202 0.9822161 0.005270838 0.1183943 0.9929527 -0.04157471 -0.08474558 0.9955349 -0.6742663 -1.18643e-4 0.7384883 -0.668419 0.1793437 0.7218393 -0.7005867 0.08890432 0.7080072 -0.6684401 0.1795289 0.7217736 -0.7205251 0.1783819 0.6700922 -0.7257643 -9.85173e-4 0.6879429 -0.7153074 0.6988003 0.003675222 -0.7468045 0.6649888 0.008535683 -0.9156937 0.4018399 0.005473673 -0.6918371 0.7220169 0.007285475 -0.6822531 0.7311151 -0.00122565 -0.7152761 0.6988325 0.003660142 -0.7153241 0.6987833 0.003661036 -0.6822748 0.7310948 -0.001230299 -0.7379584 0.6748462 1.89917e-5 -0.7467948 0.6649999 0.00853157 0.02524244 -0.03953737 -0.9988993 -0.03806501 0.04191637 -0.9983958 -0.1950163 0.0112378 -0.9807357 0.08030122 0.02434229 -0.9964734 0.08839035 -0.1208013 -0.9887337 0.02526217 -0.03961575 -0.9988957 -0.02965158 -0.1029846 -0.994241 -0.03807294 0.04187476 -0.9983972 -0.6823489 0.5377876 -0.4951613 -0.694259 0.1186881 -0.7098715 -0.6053349 0.5591279 -0.5665208 -0.6815682 0.2456052 -0.6893061 -0.6780984 -0.04921787 -0.7333213 -0.6942543 0.1186156 -0.7098882 -0.6956331 -0.002576291 -0.7183927 -0.7128385 -0.003831386 -0.7013178 0.006050586 0.9991986 -0.03956842 0.001132786 0.9995105 -0.03126406 0.004639625 0.9988589 -0.04753333 -0.006312608 0.9999713 -0.004194617 0.0051229 0.9999758 0.004724323 -0.00746423 0.9995801 0.02800053 -0.00681436 0.999976 0.001334607 -0.08774459 0.9960972 0.00955069 0.004830241 0.9999253 0.01123404 4.35937e-4 0.9999598 -0.00896871 -0.2286203 0.973496 0.006211042 -0.1859918 0.9781244 -0.09316569 -0.2287939 0.9734548 0.006242394 -0.4415174 0.8960704 0.04604756 -0.03390997 0.9994046 -0.006376385 0.001494109 0.998488 0.0549519 0.001726567 0.9987605 0.04974579 0.006073892 0.9999758 0.003395915 -0.002152979 0.9999222 -0.01229304 6.12082e-4 0.9998518 0.01721012 0.001203238 0.9995896 0.02862387 0.003215789 0.9992409 0.03882271 0.001493155 0.9984878 0.05495595 0.006093859 0.9999756 0.003410756 -0.003251373 0.9999941 -0.001190304 0.03644931 0.9993194 0.005676627 0.008742451 0.9986526 -0.05115354 0.002419471 0.9999941 -0.00248152 0.03663694 0.9989556 0.02730679 0.9927289 -0.06295657 -0.1025958 0.9991815 -0.01393711 -0.03797602 0.997738 -0.06368511 0.02152371 0.9946478 0.03580898 -0.09692001 0.9990226 0.03514641 0.02680659 0.999022 0.03513735 0.02683991 -2.61854e-4 0.004263401 0.9999909 0.02595967 -0.00218445 0.9996607 0.007045388 0.01035618 0.9999216 0.008210957 9.30023e-4 0.9999659 -0.004300713 0.008160591 0.9999575 3.41891e-5 -0.001923739 0.9999982 0.01280611 4.32565e-4 0.999918 0.006819248 0.01420879 0.9998759 -0.04503375 0.003924727 0.9989778 -0.07661324 -0.005214393 0.9970473 -0.05801713 0.00132513 0.9983147 -0.1129341 0.09359478 0.9891845 -0.1325793 0.09426981 0.9866793 -0.1320078 0.1280778 0.9829395 -0.01485329 -0.00615108 0.9998708 -0.01116168 -6.12176e-4 0.9999375 0.007079362 -0.001499414 0.9999738 -0.004955947 -0.003906369 0.9999801 -0.004802703 -0.03316307 0.9994385 0.01665765 -0.01041442 0.9998071 0.04300081 -0.00150299 0.999074 0.00505191 -0.006235659 0.9999678 -0.008183836 -0.00697112 0.9999423 -0.02774876 -0.03211706 0.9990988 0.0448845 0.0248062 0.9986842 0.02596503 0.01568979 0.9995398 -0.9609936 -0.06542068 0.2687219 -0.7631058 0.1595689 0.6262646 -0.7631098 0.1595746 0.6262583 -0.7630165 0.1596841 0.6263442 -0.597852 0.07337981 0.7982409 -0.4123072 0.1458881 0.8992884 -0.02226912 -0.9997322 0.006307721 -0.004589974 -0.9999817 0.003984987 -0.2556853 -0.9667472 0.004994213 -0.004555761 -0.9999818 0.00398004 -0.004556059 -0.9999818 0.003977954 0.0131241 -0.9999125 0.001650929 -0.01662778 0.9998617 3.97421e-4 -0.00201261 0.9999954 0.002294003 -0.002044498 0.9999954 0.00229007 0.01252645 0.9999128 0.004182994 -0.9160751 -0.4009971 0.002807021 -0.9996773 -0.02539134 8.25907e-4 -0.9996776 -0.02537888 8.25926e-4 -0.9999367 -0.01092082 0.00272113 0.9166149 -0.3997714 -4.20484e-4 0.9993801 -0.03514367 0.002115905 0.9993801 -0.03514391 0.002113997 0.9993792 -0.03516817 0.002118885 0.957982 -0.2868008 0.003983438 0.998766 -0.04949575 0.004102349 0.9185562 0.3952468 0.005889594 0.9641382 0.2653989 -0.001048326 0.9996792 0.02531778 7.21433e-4 0.9995238 0.03085982 -2.62347e-5 0.2932131 -0.9553918 -0.03539252 0.1167631 -0.9882407 -0.09872591 0.07393461 -0.9533339 -0.2927257 0.07393586 -0.9533388 -0.2927094 0.09199655 -0.9957113 0.009778857 0.04233574 -0.9714435 -0.2334634 -0.9999408 0.01078802 0.001459002 -0.9655466 0.2601545 0.006293296 -0.9997856 0.02052545 0.002775847 -0.9997857 0.02051866 0.002775192 -0.9655397 0.2601211 0.008383035 -0.9995354 0.03020662 0.004085421 0.01738649 0.9995993 -0.02233642 0.01439327 0.9996025 -0.02424043 0.01435256 0.9996025 -0.02426564 0.01426792 0.9996025 -0.02431964 0.01426798 0.9996025 -0.02431982 0.1320628 0.9899194 -0.05117666 9.70692e-4 -0.001292109 0.9999988 -0.02179676 1.57729e-5 0.9997624 6.06309e-4 -0.001049876 0.9999994 0.1067321 0.04311704 0.9933525 0.2139657 0.01443117 0.9767346 -0.02759641 -0.09476321 0.9951173 -0.09761846 -0.1894116 0.9770333 0.09119671 0.007727861 -0.9958029 0.04304134 5.54441e-4 -0.9990732 0.4176961 0.004477322 -0.9085758 0.04298651 5.45758e-4 -0.9990756 0.04298686 5.43235e-4 -0.9990756 -0.005273342 -0.0066154 -0.9999643 0.9950509 0.001287579 -0.09935832 0.9959171 -0.001184701 -0.09026479 0.9959157 -0.001188039 -0.09027993 0.9964824 0 -0.08380198 -0.9999406 0.001355111 0.01081585 -0.9997942 1.16867e-4 0.02028673 -0.9997933 1.11551e-4 0.02033126 -0.9995553 -0.001121044 0.02979868 0.005121588 0.9969452 -0.07793664 0.002559542 0.9976394 -0.06862407 0.002559959 0.9976394 -0.06862396 0.00256294 0.9976388 -0.06863254 0.002562522 0.9976387 -0.06863266 0 0.9982423 -0.05926406 0.1410455 -0.02556401 0.989673 0.1388128 -0.0249139 0.9900052 0.1388128 -0.0249139 0.9900052 0.1386388 -0.02486419 0.9900308 0.1386389 -0.02486377 0.9900309 0.1363542 -0.02422004 0.990364 0.01040506 -0.9999459 0 0.03285771 -0.9994519 -0.004037797 0.03285789 -0.9994519 -0.004036664 0.0328778 -0.9994513 -0.004041194 0.03287786 -0.9994513 -0.004041016 0.2894105 -0.9570828 -0.01530385 -0.009479284 0.9999548 -8.69881e-4 0.01075452 0.9999405 0.001891136 0.0107547 0.9999405 0.001889824 0.0107665 0.9999403 0.001891732 0.2575454 0.9662547 0.004725277 0.03094726 0.9995102 0.004653692 0.01623243 0.9998385 -0.00772053 0.03130316 0.9994748 0.008372783 0.03087687 0.9995158 -0.003859162 0.03086602 0.9995161 -0.003860592 0.03131622 0.9994744 0.008389949 0.04550385 0.9989643 0 0.06396269 -0.01714223 0.9978051 0.03201854 -0.008576989 0.9994506 0.03204804 -0.008587598 0.9994495 -1.08789e-6 0 1 0.9939627 -0.06604671 0.08761245 0.9995779 -4.77953e-4 0.0290516 0.999577 -5.11204e-4 0.0290814 0.9974467 0.06495678 -0.02968037 -0.06930798 -0.0277329 -0.9972098 -0.002357721 0.03161001 -0.9994975 -0.002385079 0.03158396 -0.9994983 0.06454014 0.09072107 -0.9937828 -0.9784546 -0.1446937 -0.1472771 -0.9993728 0.02121359 -0.02835685 -0.9841291 0.08181548 -0.157468 -0.998687 0.03068917 -0.04101669 -0.9989603 -9.30078e-4 0.04557913 -0.9178277 0.1444717 -0.3697568 -0.9809893 0.09116154 -0.171317 -0.9984692 0.001536309 0.05529046 -0.9896891 -0.09506833 0.1071339 -0.9896513 -0.01620209 0.1425757 -0.95233 -0.08418506 0.2932246 0.9999429 0.001358151 -0.01060539 0.9999803 0.003408551 0.005273878 0.9999803 0.003408372 0.005273938 0.9999802 0.003411114 0.005285918 0.9658955 0.1068915 0.2358394 0.9997611 0.005467951 0.02116298 0.03238135 -4.71438e-4 0.9994755 0.2700729 -1.02036e-4 0.9628399 0.0211268 0.001053512 0.9997763 0.0211203 0.001053333 0.9997765 0.02112036 0.00105369 0.9997765 0.009911715 0.002580285 0.9999476 -0.01528424 6.28378e-4 -0.9998831 -0.009999275 0.001313686 -0.9999492 -0.01002037 0.001310706 -0.999949 -0.004785358 0.00199747 -0.9999866 0.1733048 0.01940888 -0.9846771 0.2252572 -0.001334667 -0.9742984 0.2252588 -0.001330196 -0.9742981 0.225264 -0.001334726 -0.9742969 0.2252655 -0.001330792 -0.9742965 0.276489 -0.02206885 -0.9607636 -0.9999991 -0.00137943 8.79644e-6 -0.9984111 0.02950501 -0.04800951 -0.9999991 -0.001375555 3.52258e-6 -0.9961631 0.03560435 0.07994675 -0.4620105 -0.2786835 0.8419512 -0.6847144 -0.1349997 0.7161992 -0.9455091 -0.04824292 0.322002 -0.9455558 -0.04816597 0.3218766 -0.87825 -0.05978995 0.4744493 -0.9754527 -0.03873974 -0.2167747 -0.8978784 -0.0658645 -0.4352889 0.492567 0.05466902 0.8685557 0.35402 7.04773e-4 0.9352376 0.3540225 6.98565e-4 0.9352366 0.3538537 6.57652e-4 0.9353005 0.2452991 -0.2401926 0.9392209 0.2058511 -0.05333262 0.9771289 -0.04271483 0.007037043 0.9990626 -0.01631146 0.003486871 0.9998609 -0.01631134 0.00348705 0.9998609 -0.01627051 0.003479599 0.9998616 -0.01627039 0.00348103 0.9998616 0.01014477 -7.02461e-5 0.9999486 -0.9997681 -0.00149089 0.02148717 -0.9999879 0.001982569 -0.004502296 -0.9999879 0.001981973 -0.004502415 -0.999988 0.001982569 -0.004481494 -0.999988 0.001982271 -0.004481494 -0.9995209 0.005458652 -0.03046739 0.9997726 -0.001377642 -0.02128309 0.9999847 6.6858e-4 -0.005497694 0.9999848 6.6958e-4 -0.00548309 0.9318285 0.005661308 -0.3628548 0.02289897 0.9877105 -0.154608 0.02240031 0.9879835 -0.1529279 0.0224002 0.9879835 -0.1529279 0.02238196 0.9879936 -0.1528652 0.02239495 0.9879862 -0.1529108 0.02188974 0.9882635 -0.1511827 0.9838328 -0.01900058 -0.1780784 0.9949135 0.003179907 -0.1006826 0.9950462 0.001307308 -0.09940475 0.9994212 0.0253244 -0.02271521 0.9317734 0.004085838 -0.3630174 0.5489719 0.008204996 -0.8358005 0.7302126 0.007727861 -0.6831763 0.7306772 0.007684409 -0.6826798 -0.9974979 0.00695008 -0.07035547 -0.9988747 0.01190364 -0.04590958 -0.9983425 0.003475844 -0.05744755 -0.9990044 0 -0.04461246 0.7148784 -0.002377629 0.6992447 0.5420581 3.17493e-4 0.840341 0.7344862 0.09884727 0.6713861 0.7345073 0.0989207 0.6713522 0.7400281 7.06467e-4 0.6725756 0.7412455 0.1495918 0.6543527 0.9182583 0.1606927 0.3619112 -0.4121923 0.1457788 0.8993588 0.160333 -0.06428188 0.9849676 0.03714871 0.1842802 0.9821715 0.2586714 0.09315145 0.9614635 0.2449652 0.0563324 0.967894 0.311847 0.2533472 0.915733 0.4229388 0.1216266 0.8979587 -0.01059252 0 -0.9999439 -0.02161312 -0.004697024 -0.9997555 0.2016102 -0.004772901 -0.9794542 0.3108369 -0.00723809 -0.9504358 0.4356106 -0.03595858 -0.8994167 0.3109955 -0.007242918 -0.9503839 0.6788902 0.1770336 -0.7125778 0.2741314 -0.948842 -0.1566874 0.2076794 -0.9746097 -0.08369755 0.2076756 -0.9746103 -0.08370119 0.2075843 -0.9746385 -0.0835992 0.2075805 -0.9746389 -0.08360308 0.1389601 -0.9902501 -0.009745597 0.1316136 0.007899403 0.9912697 0.140661 -0.001875877 0.990056 0.1406616 -0.001875102 0.990056 0.1406465 -0.001859486 0.9900582 0.1406471 -0.00185883 0.9900581 0.1496837 -0.01168566 0.9886649 0.2221135 0.8645372 -0.4508227 0.1141773 0.9231246 -0.3671573 0.1141513 0.9231365 -0.3671358 0.003688514 0.9613209 -0.2754062 -0.9333354 -0.03008955 0.3577424 -0.925345 -0.0648334 0.3735416 0.9905765 -0.09550178 -0.0981723 0.9902358 -0.02373242 -0.1373677 0.9947686 0.01061064 -0.101602 0.994778 0.01062411 -0.1015075 0.9902375 -0.02371871 -0.1373584 0.9962609 -0.008508205 -0.08597582 -0.3776201 -0.8072724 -0.4535576 -0.1943969 -0.9153071 -0.3527364 -0.1943815 -0.9153136 -0.3527277 -3.7732e-4 -0.972636 -0.232334 0.03148567 0.9992578 -0.02219605 0.01844549 0.9998261 0.002759814 0.01844686 0.9998261 0.002757906 0.005411803 0.9996016 0.02770477 -0.7686876 -0.01143401 0.6395223 -0.7368551 0.005074441 0.6760317 -0.7368356 0.005081295 0.6760529 -0.7030415 0.02157348 0.7108216 -0.6921215 0.03553855 -0.7209056 -0.6909514 0.03487163 -0.7220597 -0.6909514 0.03487157 -0.7220597 -0.6908544 0.03481644 -0.7221552 -0.6908544 0.03481638 -0.7221552 -0.6896213 0.03410422 -0.7233667 0.163049 0.1567757 -0.9740824 0.1060296 0.07852864 -0.9912573 0.1059939 0.07849645 -0.9912637 0.1059178 0.07838666 -0.9912805 0.1059125 0.0783903 -0.9912808 0.04792249 -5.98107e-4 -0.998851 0.1414815 0.9899064 0.008271992 0.1428577 0.9896962 0.009659469 0.1428577 0.9896962 0.009659528 0.142943 0.989683 0.009746968 0.1429431 0.9896829 0.009746849 0.1442986 0.9894713 0.01115435 -0.9070597 -0.4045405 -0.1165748 -0.9938189 -0.1028165 0.0418663 -0.9938094 -0.102934 0.04180294 -0.9577218 0.2114876 0.1950433 0.52989 0.8187233 0.221154 0.2817457 0.9579703 0.05396765 0.2817332 0.9579729 0.05398625 0.2815794 0.9580255 0.05385339 0.2815815 0.958025 0.05384969 0.002738296 0.9928655 -0.1192089 -0.02407622 0.9796153 -0.1994347 -0.0142154 0.9988496 -0.04579693 -0.04441887 0.9989454 -0.0116254 -0.05402117 0.9951184 0.08258974 -0.331791 0.9422678 0.04523432 -0.0415194 -0.002474069 0.9991347 -0.1030102 0.005174875 0.9946669 0.05862689 0.08103942 0.9949852 0.06814289 0.0489763 0.9964727 0.100575 -0.04292458 0.9940031 -0.08865267 -0.09864366 0.9911661 0.1005095 -0.04296576 0.994008 -0.08879643 -0.09865444 0.9911521 -0.1114528 -0.08083695 0.9904765 -0.1030389 0.00515747 0.994664 -0.06174188 -0.0237019 0.9978107 -0.06173455 -0.02366781 0.997812 0.1274768 -0.980422 -0.1500744 -0.2019576 -0.9777094 0.0574246 -0.201962 -0.9777088 0.05741816 -0.2020815 -0.9776807 0.05747765 -0.2020835 -0.9776804 0.05747509 -0.5007988 -0.8267637 0.256247 0.9692222 -0.1742565 0.1739054 0.9858674 0.1664404 0.0190593 0.985879 0.1663658 0.01910942 0.8642445 0.4836624 -0.1383919 1.08275e-4 0.9998939 0.01457804 8.60501e-4 0.9999306 0.01175677 -0.002047836 0.9999975 -9.96047e-4 -0.005980134 0.9999501 -0.008009731 -0.006947755 0.9999598 -0.005664467 -0.006577253 0.9999654 0.005108594 -0.001454412 0.9998607 0.01663458 0.8433913 0.5372736 0.005309045 0.5324991 0.846412 0.005616068 0.7062929 0.7079178 0.00170052 0.7063047 0.707906 0.001682817 0.7294057 0.6840592 0.005518913 0.7367334 0.6761754 -0.003301858 0.9120955 0.4099771 -7.87992e-4 -0.1165426 -0.9925919 -0.03434079 -0.5404676 -0.7942834 0.2775046 -0.8204078 -0.5640798 0.09351515 -0.92271 -0.3849518 -0.02046006 -0.7403094 -0.6606391 0.1244909 -0.9765724 -0.205062 0.06523752 -0.2557891 0.9519598 0.1683586 -0.5641789 0.8253734 -0.02147209 -0.5640904 0.8254353 -0.02141785 -0.7894824 0.5774256 -0.2080797 -0.01535844 -0.9908891 -0.1338017 -0.299872 -0.9530628 0.04181158 -0.2998272 -0.9530785 0.04177337 -0.5503643 -0.8073973 0.2126237 0.05237734 0.09896463 0.9937115 0.04501318 0.0888524 0.9950273 0.05787497 0.05585002 0.9967604 0.05517917 -0.01928871 0.9982903 0.0450443 0.0888493 0.9950261 -0.103839 0.01742976 0.9944415 -0.04269665 -0.02735143 0.9987136 -0.04277271 -0.02745819 0.9987075 -0.1039665 0.01735067 0.9944294 -0.05053484 -0.07335674 0.9960246 0.05174571 -0.01143056 0.9985949 0.9073912 0.4003524 -0.1279029 0.9948884 0.09499341 0.03425586 0.9948771 0.09514194 0.0341717 0.9559038 -0.222226 0.1919993 -0.9345216 -0.354586 0.03063201 -0.9227223 -0.3849187 -0.02052485 -0.9603 -0.2702738 -0.06910985 -0.9603139 -0.2702087 -0.0691713 -0.9696957 -0.2439538 -0.01329976 -0.9917792 -0.09093719 -0.09002411 -0.9989518 -0.03464806 -0.02991724 0.001296818 -0.006006538 -0.9999812 -0.001602411 -0.006061673 -0.9999803 -7.96822e-4 -0.006025135 -0.9999815 -8.0817e-4 -0.005979418 -0.9999818 -0.001605629 -0.006053984 -0.9999804 0.06438559 0.03863781 -0.9971768 -1.9287e-6 0 -1 -7.97855e-4 -0.006014823 -0.9999817 0.001738071 -0.005922257 -0.9999811 0.001296639 -0.006006717 -0.9999811 0.001302003 -0.005986332 -0.9999813 0.001734256 -0.005936026 -0.9999809 0.00112003 -3.36341e-4 -0.9999994 -0.06801295 0.03707075 -0.9969955 0.2222133 0.08868145 -0.9709567 -0.172449 0.09675306 -0.9802552 -0.06812483 0.03710532 -0.9969866 -0.3862696 -0.02025228 -0.9221636 -0.5654228 -0.01093024 -0.8247288 0.7149237 0.208355 -0.6674371 0.6120298 0.2214785 -0.7591882 0.2445852 -0.9649175 0.09545969 0.3007799 -0.9351525 0.1871395 0.2220143 -0.9748175 0.02099114 0.2917944 -0.9353651 0.1998708 0.08735078 -0.9920906 0.09014576 0.2917162 -0.9353827 0.1999022 -0.3074197 -0.9188931 0.2472421 0.2799062 -0.9286721 0.2433532 0.1415361 -0.9479458 0.2852482 0.3006724 -0.9351608 0.1872709 0.2355368 -0.9622761 0.1361879 0.2356652 -0.9622537 0.1361241 0.2486305 0.5854376 -0.7716513 0.2435395 0.5882672 -0.7711229 -0.003731369 0.7905699 -0.6123606 -0.003826737 0.7906572 -0.6122473 -0.003817737 0.7906619 -0.6122412 -0.2557137 0.8920735 -0.3725796 0.9997497 -0.02225691 0.002298474 0.9999831 -0.00577569 5.96502e-4 0.9999855 -0.005378603 5.55497e-4 0.9999377 0.01110559 -0.001146793 -0.05102592 0.07407861 -0.9959462 -0.05095988 -0.1640094 -0.9851416 -4.65423e-4 -0.2583471 -0.9660521 -4.34887e-4 -0.2584301 -0.96603 0.1882514 -0.1676682 -0.9677029 0.07837891 -0.3672323 -0.926821 -4.15675e-4 -0.2584908 -0.9660137 0.07837939 -0.3672434 -0.9268167 0.098966 -0.43522 -0.8948684 0.2435644 -0.58785 0.7714331 -0.009437501 -0.7903206 0.6126208 -0.009438633 -0.7903193 0.6126226 -0.2612268 -0.889863 0.3740382 0.9806924 -0.02216684 0.1942964 0.7837954 0.03448426 0.6200611 0.6094791 -0.008730947 0.7927542 0.4441565 -0.05571401 0.8942153 0.6093608 -0.008650779 0.7928459 0.1068294 0.04322785 0.9933372 1 0 0 1 -2.38936e-7 0 0.9996455 -0.02567398 0.007044732 0.9999864 -0.002211689 0.004737436 0.9999462 -0.004401326 0.009397566 0.9999904 -4.90408e-4 0.00437355 0.00256884 -0.9999952 -0.001703381 -0.04008257 -0.999136 0.01098144 0.001045346 -0.9999993 -6.92447e-4 0.04142904 -0.9990611 0.01266884 -0.4475448 -0.8916245 -0.06862598 -0.5800946 -0.8047111 -0.1262162 -0.1112165 -0.9936525 -0.0169028 0.5779286 0.8063034 -0.1259906 0.7388765 0.6733793 -0.02493935 0.9514875 0.3076872 -4.94108e-4 0.9515288 0.3075595 -4.01325e-4 0.8920724 0.4517706 0.01049816 0.9973825 0.06585383 0.02986019 0.9950796 -0.09886062 -0.006576478 0.9999906 -4.86282e-4 0.004335165 0.9999906 -4.85902e-4 0.004335224 0.9973847 0.06582534 0.02984666 0.9234501 -0.3834403 0.01462113 0.7748252 -0.6315004 -0.02921277 0.4838297 -0.8750762 0.01227128 0.240488 -0.9705816 -0.01169896 -0.1111247 -0.9936637 -0.0168482 -0.2231743 -0.9745299 -0.02202117 -0.01091718 -0.001670777 0.9999391 -0.01148313 -0.001515746 0.999933 0.002087354 0.003629565 0.9999912 0.01180845 0.009141564 0.9998885 0.01067513 0.009639322 0.9998967 0.00152415 0.007474184 0.9999709 -0.0152629 7.265e-5 0.9998836 0.9676946 0.0886228 -0.2360365 0.903204 0.4179354 -0.09773766 0.9564029 0.2884287 -0.04585379 0.9800568 0.191779 0.05205321 0.9966894 -0.01036441 0.08064073 0.965735 -0.2557331 0.04423505 0.99669 -0.01036816 0.08063203 0.9657335 -0.2557484 0.04417526 0.9471246 -0.2937239 -0.1291565 0.8467915 -0.4452419 -0.2910394 0.9657055 -0.2558472 0.04421865 0.6860725 -0.7101429 -0.1581193 0.9471054 -0.2937404 -0.1292602 0.8498941 -0.2942342 -0.4371573 0.8934985 0.06004685 -0.4450335 -0.05331104 -0.9984921 0.01310199 -0.01678091 -0.9993705 0.03125864 -0.04066473 -0.9988807 -0.02416515 -0.002464592 -0.999997 -6.86151e-5 0.03173035 -0.9991855 -0.0249356 0.01203161 -0.9994536 0.03078782 0.01512044 -0.9949224 0.09950351 -0.007199525 -0.9988518 0.0473628 -0.01073437 -0.9909954 0.1334657 9.69352e-4 -0.9999869 -0.005040645 -0.09106808 -0.9957029 0.01680099 -0.01065558 -0.9999359 0.003834784 -0.002269804 -0.999949 0.009837746 -0.1123598 -0.9935459 0.01555502 -0.1476292 -0.9816681 0.120555 -0.1475283 -0.9816657 0.1206973 -0.00644803 -0.9982894 0.05811053 0.003010213 -0.9987038 0.05081093 0.001109302 -0.9758806 0.218302 -0.07505041 -0.9947149 0.0700699 0.04904055 -0.998768 0.007600247 0.01189523 -0.9998959 0.008170485 -0.01907086 -0.9996848 -0.01633298 -0.006398797 -0.9990422 -0.04328888 0.02808314 -0.9992675 -0.02599692 -0.6933078 -0.665161 -0.2772819 -0.5677543 -0.2360201 -0.7886378 -0.4568415 -0.2861917 -0.8422532 -0.362043 -0.1463322 -0.9206041 -0.2262189 -0.36712 -0.9022461 0.01857507 -0.9998044 0.006797134 0.01020193 -0.9999426 0.003281295 0.01663583 -0.9998549 0.003702104 0.008354663 -0.9999651 5.10813e-4 8.10913e-4 -0.9999911 -0.004166781 7.87211e-4 -0.9999912 -0.004148185 0.01015305 -0.9999433 0.003250241 0.002892851 -0.999993 -0.002406775 -0.2110896 0.3320242 0.9193482 0.02697241 0.555419 0.8311332 0.02699828 0.5554472 0.8311135 0.2619703 0.7153398 0.6478122 0.9905709 -0.09562677 -0.09810626 0.9750258 -0.1700505 0.1428553 0.975905 -0.1140789 0.1859984 0.9799498 0.02318549 0.1978909 0.9638592 -0.004588305 0.2663731 0.002716362 0.9999911 -0.003262698 0.01455825 0.9998424 -0.01017522 0.005073189 0.9995842 -0.02838432 0.006192624 0.9991465 -0.04084366 0.03855711 0.9988096 -0.02987855 0.03125166 0.9995113 8.04953e-4 0.1017226 0.9595365 -0.2625685 0.02171641 0.9859198 -0.1658033 -0.0168451 0.9824184 -0.185931 0.02161526 0.9859424 -0.1656813 -0.0169571 0.9824464 -0.1857728 -0.08645391 0.9929468 0.08113229 0.2522695 -0.04650127 -0.9665391 0.1988579 -0.0146991 -0.9799181 0.1984453 0.1156695 -0.9732626 0.03208833 0.1363801 -0.9901368 0.1984251 0.1157844 -0.9732531 0.03202551 0.1365282 -0.9901185 -0.1830595 0.1036987 -0.9776175 -0.2805471 -0.03857231 -0.9590649 -0.4047859 -0.0923776 -0.9097334 0.5874235 0.7714887 -0.2444155 0.7905177 0.6123996 0.006978571 0.7905406 0.6123696 0.007009804 0.8910321 0.3738286 0.2575154 0.634791 -0.1722503 -0.7532399 0.8168171 0.04977279 -0.5747457 0.8168031 0.04975485 -0.5747671 0.9054835 0.2661333 -0.3305645 0.718124 -0.6943702 -0.04634684 0.39283 -0.8549618 0.338711 0.7415289 -0.6614998 -0.1120401 0.8803997 -0.4660977 -0.08745944 0.6654968 -0.7327611 0.1420403 0.9500163 -0.279978 0.138136 0.02865892 -0.9994193 0.0184378 0.005136489 -0.9996737 -0.02502375 0.003416478 -0.9998862 -0.0146948 0.003427922 -0.9998865 -0.01468163 -0.01205343 -0.9633885 -0.2678387 -0.009242713 -0.9994647 -0.03138524 0 -0.9999822 0.005964398 -0.9453389 -0.2497919 -0.2096148 -0.8737491 2.6635e-4 -0.486377 -0.873763 2.41687e-4 -0.486352 -0.6761651 0.2502731 -0.6929389 -0.7141141 0.6510027 -0.2573646 -0.5550985 0.8313466 -0.02699297 -0.5550739 0.8313637 -0.02696859 -0.3344768 0.9195221 0.2064084 0.159891 0.01985853 0.9869349 0.2003467 -0.01159179 0.9796565 0.2003651 -0.01160669 0.9796527 0.2403577 -0.0430414 0.9697297 -0.01345247 -0.7348778 0.6780661 -0.04829883 -0.8270409 0.5600631 0.1604485 -0.8543919 0.4942375 0.03780525 -0.8087466 0.586941 -0.04832172 -0.8270261 0.5600828 0.06538891 -0.7688617 0.6360629 0.16053 -0.8544473 0.4941155 0.006777942 -0.9060534 0.4231093 0.1445986 -0.9492709 0.2792423 -0.01583969 -0.001641809 -0.9998732 2.49499e-4 2.52013e-5 -1 1.57972e-4 1.6394e-5 -1 0.0156697 0.001624226 -0.9998759 -0.8925063 -0.3665097 0.2628752 -0.791936 -0.610562 0.007172882 -0.7919502 -0.610544 0.007149279 -0.6104682 -0.7421091 -0.2767719 -0.7918441 -0.6106826 0.007061958 -0.5842971 -0.7721869 -0.2496482 0.7178095 -0.6442046 -0.2641023 0.5569772 -0.8300113 -0.02929186 0.5569576 -0.8300251 -0.02927064 0.3317814 -0.9199345 0.2089061 0.006700456 -0.906053 0.4231114 -0.2307906 -0.8524694 0.4690753 -0.3222447 -0.9459692 0.03606379 -0.3223329 -0.9459416 0.03600251 -0.6792821 -0.7219121 0.1319803 -0.6892545 -0.7020222 -0.1791459 -0.3222153 -0.9459827 0.03597497 -0.4293966 -0.9020373 -0.04412811 -0.1073464 -0.9790977 -0.1727558 0.6862314 -0.7273768 0.003066241 0.7593024 -0.6505205 0.01682704 0.7104701 -0.6860328 0.1568155 0.7114367 -0.7019413 0.03370958 0.7593047 -0.6505178 0.01682895 0.7987433 -0.6016675 -0.00235641 0.7104724 -0.6860228 0.1568497 0.7987251 -0.6016918 -0.002288758 0.8559087 -0.4845398 0.1806698 0.8843202 -0.4659162 0.03000134 0.7987734 -0.6016273 -0.002412199 0.8960004 -0.4412502 -0.04981786 0.9337791 -0.3522726 0.06293427 0.9337823 -0.3522574 0.06297194 0.9349572 -0.3338568 0.1199783 0.8560013 -0.484373 0.180679 0.5927799 -0.8052188 -0.01532495 0.5036953 -0.8634668 -0.02676057 0.5605843 -0.8276964 -0.02577191 0.4621011 -0.8847852 -0.06014895 0.4621054 -0.8847827 -0.06015282 0.5889201 -0.8081908 9.45259e-4 0.5606358 -0.8276626 -0.0257349 0.3478814 -0.9373217 0.0201627 0.4457117 -0.8951621 -0.005106091 0.6351397 -0.7722607 -0.01452732 0.6451694 -0.7640397 0 0.6861897 -0.7274163 0.003040492 0.5928068 -0.8051987 -0.01534199 0.5927991 -0.8052042 -0.01534742 0.6861754 -0.7274299 0.003033459 0.7113964 -0.7019833 0.03368604 0.7103928 -0.6861072 0.1568409 0.9484072 -0.1954172 -0.2496718 0.6274159 -0.7432006 0.2323837 -0.6321612 0.0711258 0.7715656 0.8090128 0.5583729 0.183625 -0.4923907 0.8225068 -0.2846646 -0.9949684 0.007521867 0.09990626 -0.9998367 0.01807701 0 -0.9994142 -4.63362e-4 0.03422152 -0.9985387 0.01179087 -0.05274033 -0.9994713 -0.008386135 -0.03141248 -0.9994156 -4.69168e-4 0.03417849 -0.9622545 -0.2688686 0.04214531 -0.9994118 -4.68671e-4 0.03428852 -0.9953404 -0.01592791 0.09509962 -0.9949535 0.007511317 0.1000561 -0.01639407 -0.6431984 0.7655241 -0.03838592 -0.8531925 0.520182 0.253582 -0.9479771 0.1924465 0.482407 0.8759409 -0.003346025 0.2612353 0.9433138 0.2047321 0.4824141 0.875937 -0.003337144 0.2399746 0.943945 -0.2266716 -0.004023909 -0.9195617 0.3929251 0 -1 0 -0.1664312 -0.01917856 -0.9858666 -0.4415875 -0.509261 -0.7386839 -0.2458322 -0.1384299 -0.9593767 0.7006829 -0.6777646 -0.2228871 -0.943587 0.3055112 0.1276965 0.7009863 -0.05538266 -0.7110211 0.4898601 0.008959293 -0.8717551 0.5230013 -0.04232197 -0.8512806 0.6413825 0.7457433 0.1802655 -0.3549292 -0.4440583 -0.8227015 -0.5005771 -0.3023162 -0.8111889 -0.3166014 -0.7679886 -0.556738 -0.2850995 -0.8278825 -0.4830411 -0.1877329 -0.8073333 -0.5594366 -0.3549576 -0.4440224 -0.8227084 0.3009228 -0.9536454 -0.002479791 0.5260003 -0.8308176 0.1818404 0.3009338 -0.9536418 -0.002494394 -0.4016477 -0.863578 -0.3048155 0.1230164 0.9806815 -0.1520881 -0.5005893 -0.3022435 -0.8112086 -0.6586734 -0.4133333 -0.6287329 -0.71667 -0.006610155 -0.6973811 -0.06135636 0.9975804 -0.03269112 0.9331974 -0.3027392 -0.1936274 -0.7594297 -0.6489283 -0.04646122 -0.3098497 -0.8875515 -0.3409479 -0.01394045 -0.9902168 -0.1388395 -0.03236746 -0.9956742 -0.08709377 -0.9129617 0.3798688 -0.1489992 -0.9545956 0.1190416 0.2730869 -0.801926 0.3336557 -0.4955688 -0.5937187 0.4638789 0.6575064 -0.4984331 -0.5870004 -0.6379617 0.02145916 -0.994799 -0.09957188 0.1424032 -0.9842622 -0.1046387 -0.1334533 -0.9908131 0.02189666 0.9708566 0.2390044 -0.01773434 0.7975023 0.6032397 -0.009585142 0.9897741 0.1420022 0.01351988 -0.9900839 0.1032473 -0.09525728 -0.6273859 0.743229 0.2323737 -0.9484049 0.1954168 -0.2496805 -0.02430492 -0.5923511 0.8053133 -0.5313719 0.8197169 -0.2137948 0.9301044 -0.3453744 -0.1249894 0.7433051 -0.6685382 -0.02354574 0.9974535 0.0551725 0.04519641 -0.7251718 -0.02487736 -0.6881184 -0.565299 -0.1267613 -0.8150881 -0.9149525 -0.3569515 -0.1882758 0.1172901 -0.4579981 -0.8811815 0.5017166 -0.8646587 0.02541685 0.6183011 -0.7777395 0.1132483 0.3553032 -0.934544 0.01968067 0.1386389 -0.9895549 -0.03950512 0.02209645 -0.9878891 0.1535805 0 -0.9981721 -0.06043648 -0.4130579 -0.8973256 0.155531 0.4657937 -0.8840804 -0.03792279 -0.2991123 -0.8230392 0.4828441 -0.5161212 -0.6225432 -0.5882678 -0.5371869 -0.592352 -0.6004577 0.5184124 -0.8061873 -0.2851505 -0.4428097 -0.02986192 0.8961182 -0.4612804 -0.05390632 0.8856154 -0.5012295 -0.1241176 0.8563667 -0.4284154 -0.004464447 0.9035709 -0.4278937 -0.008259713 0.9037914 -0.4852357 -0.1237406 0.8655834 -0.4267209 -0.006875693 0.9043573 -0.4246694 -0.006006717 0.9053286 -0.5598835 -0.3050699 0.7703654 0.07771402 0.9672136 0.2417817 -0.6650051 0.6392156 0.3862277 -0.6832985 0.4603134 0.566758 -0.7916731 -0.610088 0.03234845 -0.4693667 -0.7607951 -0.448203 -0.7428944 -0.668608 -0.0327323 0.9996333 0.02654629 0.005360901 0.9995347 0.03050249 0 0.9998804 0.01497405 -0.003886938 0.9999668 0.001995623 0.007908642 0.9999917 0.001002132 0.003972768 0.9999966 6.42585e-4 0.002547144 0.9999563 0.002351343 -0.009053587 0.9998803 0.01496422 -0.003926455 0.9998618 0.01469784 -0.007785975 0.9996335 0.02653151 0.00538069 0 1 0 -0.3022381 0.07431179 -0.9503315 -0.07840734 -0.01631706 -0.9967879 -0.01640439 -0.005582511 -0.9998499 0.958338 -0.04627209 0.2818639 0.5259118 0.8457666 -0.0899772 0.9844331 -0.06485432 -0.1633573 0.9472493 0.3115913 -0.07503175 0.9472524 0.3115868 -0.07501178 0.9975281 -0.01415961 -0.06882649 -0.1697806 0.9854056 0.01226079 -0.169922 0.9853812 0.01227015 -0.169922 0.9853812 0.01227015 0.9301502 -0.3452373 -0.1250271 0.8718373 -0.1008623 -0.4792982 0.7844805 -0.06267035 -0.6169789 -0.5309835 -0.2630679 0.8055133 -0.5578129 -0.773938 0.2997745 -0.7962393 -0.5518876 0.2478369 0.002147197 -0.9997137 -0.02383559 -0.03341096 -0.974925 -0.2200114 6.62857e-4 -0.9948291 -0.1015614 -0.9993336 -8.84794e-5 -0.03650128 -0.9997514 4.89613e-4 -0.02229273 -0.952692 -2.77609e-4 -0.3039374 0 0 -1 9.17353e-7 -0.147423 -0.9890736 -0.01714283 -0.3002543 -0.9537051 -0.02513653 -0.4400648 -0.8976141 -0.01284259 -0.1142592 -0.993368 -0.2916359 -0.6982946 -0.6537072 -0.3957165 -0.5557154 -0.7311559 -0.235817 -0.8108107 -0.5357019 0.004484236 0.003135979 0.9999851 -0.02180057 -0.01236218 0.9996859 0.01409476 0.01122075 0.9998378 0.8067153 0.5909403 0 0.004470825 0.003126204 0.9999852 -0.005139529 -0.00496 0.9999746 -0.02662026 0.1178077 0.9926796 -0.5911785 -0.05881273 0.8043936 -0.6427094 -0.3386343 0.6872055 -0.3908131 -0.2137886 0.8952986 -0.1294295 -0.03995072 0.9907835 -0.108173 -0.1581719 0.9814684 -0.3906667 -0.2137608 0.8953692 -0.04168611 -0.1408218 0.989157 -0.1293283 -0.03997015 0.9907959 -0.04169672 -0.1407575 0.9891657 -0.01588565 -0.04430896 0.9988916 0.01643848 0.02928268 0.9994361 0.04154127 0.01741921 0.9989849 0.01674664 -0.1114072 0.9936338 -0.04161298 -0.1407951 0.9891639 0.0166552 -0.1114864 0.9936264 -0.0416935 -0.1408756 0.989149 -0.2401748 -0.3592287 0.9018154 -0.2401474 -0.3593057 0.9017919 -0.04334747 -0.2750654 0.9604479 -0.3907202 -0.2138344 0.8953283 -0.3763706 -0.5299046 0.7599648 -0.3907702 -0.2138695 0.8952981 -0.6802111 -0.5300346 0.5063362 -0.01826661 -0.01085901 0.9997742 -0.03200525 0.004648387 0.9994769 -0.01585972 -0.04430347 0.9988923 0.004750609 0.05146056 0.9986637 0.0111919 0.02344453 0.9996625 4.36659e-4 -0.06047976 0.9981694 -0.005991101 0.06046795 0.9981522 -0.004210829 0.05000603 0.9987401 0.004941165 0.01918953 0.9998037 0 0 1 -0.004745066 0.005090117 0.9999759 -0.01826357 -0.01084482 0.9997745 -0.004740774 0.005124986 0.9999756 4.31878e-4 -0.06036502 0.9981763 -0.001365184 -0.006391763 0.9999787 0.00496304 0.01919585 0.9998035 -0.001366078 -0.006383299 0.9999787 6.17858e-4 -0.1039103 0.9945865 -0.02431803 -0.06053268 0.99787 0.001116394 -0.03580832 0.9993581 0.01634627 -0.03202825 0.9993533 0.03918957 -0.09231591 0.9949584 0.03109097 -0.1520476 0.9878841 -0.1292673 -0.03995847 0.9908044 0.003628194 0.03463155 0.9993936 0.01475197 0.0114454 0.9998257 0.03919231 -0.09225195 0.9949641 0.01684564 -0.176232 0.9842046 -0.009570062 -0.3336606 0.9426447 0.007229506 -0.1896297 0.9818291 0.03105509 -0.1520051 0.9878917 -0.9409729 0.1200346 0.3164836 -0.9829881 -0.1831504 -0.01379609 -0.9993337 -1.11119e-4 -0.03649991 -0.948321 -0.3084852 0.07432496 0.9014556 0.4276581 0.06698191 0.901505 0.4275448 0.06703859 0.9673721 0.08544003 0.2385186 0.6146072 0.1842364 -0.7670168 0.1598335 0.1398614 -0.9771859 0.6983147 0.4946623 -0.5173643 -0.6420161 0.1078532 -0.7590672 -0.863689 0.0327776 -0.5029584 0.259946 0.01960253 -0.9654242 0.02290934 0 -0.9997376 0.9805908 0.1618936 0.110599 0.09092158 -0.9250956 -0.3686891 -0.7691683 -0.6142215 0.1763867 -0.9022331 -0.3857136 0.1928746 0.548632 0.06190758 0.8337689 0.03495901 0.4784865 0.8773987 -0.1428655 0.5580231 0.8174349 0.08767646 0.4521225 0.8876363 -0.1577947 -0.8932436 0.4209712 0.1074615 -0.8078412 0.5795212 0.1332156 -0.9320814 0.3368648 -0.3739949 -0.8373936 -0.3986224 0.794547 0.564908 -0.222652 0.9114224 0.2885909 -0.2932994 0.80466 0.4091996 -0.4302071 0.8015897 0.5533343 0.2264404 0.6711678 0.6743832 0.3078004 0.6338317 0.7662995 0.1050833 -0.4346339 0.7405527 0.5125184 0.006565451 -0.1571806 -0.9875481 0.006566584 -0.1572753 -0.987533 0.006565451 -0.1571806 -0.9875481 0.973725 0.2025632 0.104057 0.80167 0.5532091 0.2264621 0.9896584 0.08865427 0.1127688 0.9698252 0.03247386 -0.2416296 0.7645664 -0.009609401 -0.6444734 0.9028831 -0.1979874 -0.3815797 -0.7612119 0.2168167 0.6111848 -0.9409225 0.120058 0.3166247 -0.8757454 0.3091176 0.3708319 -0.9928674 -0.1163965 -0.0258103 -0.9918276 -0.04017734 -0.1210952 -0.002807497 0.002253234 -0.9999936 0.05497121 9.51768e-4 -0.9984875 -0.02996534 -0.004577398 -0.9995405 0.05501168 9.53291e-4 -0.9984853 0.1119917 -0.004533529 -0.9936989 0.03691726 -0.004907786 -0.9993063 0.02806162 0.004687309 -0.9995953 -0.03220021 0.004818975 -0.9994699 -0.03984177 -0.005349695 -0.9991917 0.1960338 0.001522064 -0.980596 0.1120433 -0.004523873 -0.9936931 -0.002791881 0.002247512 -0.9999936 0.6001836 -0.7757364 0.1949687 0.2247927 0.9726387 -0.05867034 0.3671185 0.9175164 -0.1529303 -0.1412803 0.9758429 -0.1666448 -0.6212775 0.7766438 -0.104109 -0.7722166 0.6342301 -0.03786659 -0.3995985 0.9163028 0.02665227 -0.7086861 0.6982286 0.1011974 -0.1038147 0.9877433 0.1165577 -0.9119101 0.3852642 -0.1413913 -0.9780955 0.2037324 -0.04268985 -0.9656744 0.2546606 0.0511949 -0.9536865 -0.2146739 -0.2107067 -0.8541984 -0.5148103 -0.07290714 -0.9832047 -0.1824945 0.002040266 -0.7937347 -0.607633 0.02770477 -0.5930026 -0.7811454 -0.1953456 -0.4078726 -0.9119881 -0.04379266 -0.7300132 -0.6819202 0.04544919 -0.2252607 -0.9715669 0.07290792 -0.7204976 -0.6908119 0.0605154 -0.07141882 -0.9826636 -0.1710897 0.1975255 -0.9795494 -0.03829866 0.5334319 -0.8349435 -0.1353507 0.713109 -0.7000137 -0.03816443 0.8987438 -0.4051269 -0.1677257 0.9825476 -0.1780967 -0.05368316 0.9640486 0.212906 -0.1590009 0.8892939 0.4573352 -9.81182e-4 0.9220193 0.3870192 0.009836316 0.9890574 -0.1400876 0.04627132 0.9966208 -0.02930843 0.076734 0.8892953 0.4573325 -0.001000463 0.9788042 0.2014423 0.03692328 0.9890464 -0.1401289 0.04638248 0.9911878 0.07602989 0.1084725 0.8452723 -0.4979392 0.1938332 0.8900316 -0.4469052 0.09010875 0.9911935 0.0760219 0.1084265 0.9820391 -0.1840277 0.04163116 0.856842 0.5155506 0.005437552 0.9640154 0.213044 -0.1590178 0.7001832 0.7106087 -0.06912916 -0.1626932 -0.9834783 0.0793811 0.1975347 -0.9795522 -0.03817772 0.4362489 -0.8977416 0.06121432 0.5137653 -0.8570811 0.03817415 0.5138362 -0.857038 0.03818696 0.8437164 -0.536754 0.006145954 -0.793787 -0.6075654 0.02768748 -0.7205435 -0.6907683 0.06046891 -0.9923987 -0.1229045 -0.006284296 0.2199117 0.932369 0.2869269 -0.1037569 0.9877458 0.1165885 -0.2701191 0.9162476 0.2958482 -0.4505329 0.8594552 0.2415716 -0.8499972 0.4843599 0.2071239 -0.9792454 -0.04322022 0.1980161 0.3453191 0.9200743 0.1849812 0.4500478 0.8912265 0.05632334 0.7113937 0.6925758 0.1194064 0.8263013 0.5632055 0.005084991 0.856814 0.5155956 0.005563497 0.9615406 0.209316 0.1778382 0.544619 0.8213275 -0.1697393 0.2249543 0.972604 -0.0586273 0.720389 0.6935703 4.76465e-5 -0.969077 -0.154376 -0.1925045 0.002131521 -0.3390158 0.9407784 0.7248884 0.6888663 0 -1 1.67144e-6 0 -0.3878737 0.920149 0.05366486 0.9532387 0.1838935 -0.2398317 0.8320581 0.2892044 -0.473329 0.7167069 0.08753192 -0.6918594 3.21482e-6 0 -1 4.05913e-6 0 -1 1.21235e-6 -0.1470344 -0.9891315 -0.02296727 -0.3003624 -0.9535486 -0.03368073 -0.4402292 -0.8972536 -0.04451334 -0.08885949 -0.9950491 -0.2127376 -0.04403114 0.9761168 -0.3886905 -0.9182749 0.07543802 -0.4677964 -0.8701072 0.1551777 -0.7204856 -0.6908283 0.06047302 -0.9845024 0.04468178 0.1695833 -0.9871264 -0.0237869 -0.1581637 0.6163684 -0.7744888 -0.1423278 -0.8323099 -0.01483535 -0.5541123 -0.9737581 0.05124461 -0.2217414 -0.7093405 0.01780515 -0.7046411 -0.7877218 -0.5790022 -0.2103592 -0.9345154 -0.3460639 -0.08319211 -0.690473 -0.7174618 -0.09217131 -0.9924076 -0.1228298 -0.006322622 -0.9657089 0.254535 0.05117046 -0.8971337 -0.4417434 -0.003736138 -0.02423894 -0.02278566 0.9994466 -0.3582407 -0.1196018 0.9259369 -0.6672736 -0.7351448 0.1196168 0.5056289 0.8602958 0.06504446 0.546814 0.8213195 -0.1625695 -0.9385173 0.2478793 0.2402942 0.2187361 0.9542318 0.2039514 0.900201 -0.1940364 0.3898565 0.07075142 -0.6138668 0.7862328 0.1349791 -0.4038904 0.9047945 0.1471149 -0.6981359 0.700688 -0.2083126 -0.9062431 0.3678714 0.4714765 0.8718969 -0.1323089 -0.9820945 -0.1045578 -0.1567102 -0.4259651 0.8759713 0.2263366 0.970786 -0.1574548 0.1810597 -0.4881575 0.8549191 0.1755435 -0.6561438 -0.7413598 -0.1409291 -0.5297484 -0.04071784 -0.847177 -0.3930063 -0.145159 0.9080061 0.9915087 -0.09623897 0.08745551 -0.3062142 0.9472789 0.09431761 -0.306082 0.9473249 0.09428459 -0.3062142 0.9472789 0.09431755 -0.9607459 0.2769787 0.01581752 -0.9392331 0.07572537 0.3348237 -0.9470091 0.3210337 0.010553 -0.8531869 0.5208986 -0.02714723 -0.9469922 0.3210847 0.01050418 -0.9660181 0.2550759 0.04177707 -0.9726071 0.2135666 0.09178602 -0.983774 0.009841024 0.1791419 -0.510401 0.8538736 -0.101935 0.9782923 0.07400506 -0.193565 -0.3698761 0.2302276 -0.9001039 0.2521743 0.9231516 0.2901716 0.6995941 0.705291 -0.1145978 -0.1592931 0.9751673 0.1538656 0.006907224 -0.9932587 0.1157143 0.008488476 -0.9999331 -0.007853865 0.01975178 -0.999755 -0.01000052 0.05288147 -0.002006769 0.9985988 -0.1689641 -0.002410829 0.9856193 -0.3338384 0.1281949 0.9338726 -0.7263987 -3.08091e-4 0.6872735 0.4266227 -0.8945243 -0.1334893 -0.4374663 -0.8769289 0.1990451 -0.3875384 0.8874939 -0.2493366 0.091385 -0.6713178 -0.7355144 -0.6628883 -0.6945242 0.2796699 -0.4948356 0.5735893 -0.6527886 -0.678874 0.003684222 0.7342457 -0.561042 0.004140257 0.827777 -0.7956879 -0.01861876 0.6054207 -0.6187508 0.3091243 0.7222117 -0.6078843 0 0.7940256 -0.4494634 -0.002064943 0.8932964 0.6170811 0.3011442 -0.726996 -0.01606231 -0.4642238 0.8855724 0.566237 -0.8210177 0.07284021 0.3855825 -0.9219536 0.03643935 0.7120465 -0.7009742 0.04031085 -0.964879 0.1607142 0.2077966 -0.9987188 0.04887098 -0.01313203 -0.9067792 0.04089123 0.4196183 -0.2972788 -0.6909392 0.6589602 -0.2139999 -0.768712 0.6027321 -0.5070907 -0.6454229 0.5712165 -0.8772929 0.02739644 0.479173 0.4084642 -0.009741425 -0.9127224 0.3869094 -0.01323151 -0.9220228 0.6904863 0.007119238 -0.7233105 0.7672679 0 -0.6413269 0.8785668 0 -0.4776196 0.9220308 0 -0.3871167 0.9802666 0 -0.1976802 0.995102 0 -0.0988537 0.9951021 0 0.09885358 0.9802771 0 0.1976279 0.9217053 5.56931e-6 0.3878912 0.9802524 -5.4948e-6 0.1977505 0.9216442 0 0.3880361 0.8776544 0 0.4792942 0.7565798 -7.73118e-4 0.653901 0.689172 0.01095402 0.724515 0.4669551 -0.01324486 0.8841819 0.3055492 -0.01480907 0.9520612 -0.6279466 0.377221 -0.6807258 -0.5364212 0.8427357 -0.04526644 0.123353 -0.9923616 0.001638829 0.2175085 -0.9758859 0.01835656 0.4377005 -0.8991044 -0.005439758 0.1076089 -0.8078277 0.5795125 0.2106193 -0.7070142 0.6751078 0.5702887 -0.305763 0.7624171 -0.5082284 -0.8612213 -0.001445889 -0.5082284 -0.8612213 -0.001445889 -0.5082283 -0.8612213 -0.001445889 0.5173285 0.3106444 -0.7974154 0.3659231 0.4532819 -0.8127951 0.6988458 0.1935378 -0.6885911 -0.6718987 -0.7178428 0.1823564 0.128198 -0.01778632 0.9915892 0.3209154 -0.05867415 0.9452887 0.2654442 -0.1664153 0.9496555 -0.5587372 -0.3147743 -0.7672874 -0.9067403 0.04105895 0.419686 -0.7380366 0.3408187 0.5823613 -0.9067238 0.04102402 0.419725 0.2227835 0.1577746 -0.962016 -0.2458007 0.2809609 -0.9277085 0.2719417 0.002754867 -0.9623098 0.9590598 0.03329455 -0.2812399 0.9915239 0.004075586 -0.1298609 0.5257894 -0.2381465 0.8165977 0.3454473 -0.2021065 0.9164165 0.3454546 -0.2020795 0.9164198 0.959051 0.03334796 -0.2812635 0.9709748 0.1078682 -0.2134771 0.9969505 0.04331678 -0.06491202 0.171741 0.003984212 0.9851341 -0.0307945 0.1322451 0.9907386 0.3453024 -0.2020699 0.9164792 -0.1165884 0.7007411 -0.7038246 -0.178613 0.821574 -0.5413998 -0.2555539 0.6425991 -0.7223287 -0.3112413 0.9490575 0.04918164 -0.1720398 0.9847001 0.02771681 -0.4880817 0.8718488 0.04069668 -0.7450305 -0.6302393 -0.2184674 -0.2806959 0.9502078 0.1353328 -0.4077568 0.8036123 0.4335225 -0.5361276 0.7920317 0.2919813 -0.678744 0.003721415 0.7343656 0.8655765 3.72163e-4 -0.5007768 0.7127607 4.35234e-4 -0.7014072 0.9832429 0.001803994 -0.1822916 0.7422305 0.4111492 0.5291978 -0.8158673 0.4489616 0.3644095 0.01182407 0.9999301 -3.61549e-4 0.009201586 0.9995141 0.02978128 0.009062349 0.9999264 0.008067727 0.01006531 0.9998797 -0.01180744 0.01470303 0.9998528 -0.008852303 0.01763153 0.9998096 -0.008358597 0.8595195 0.1581927 -0.4860054 0.8595055 0.1582098 -0.4860247 0.8751333 0.3767514 -0.3036448 -0.9973854 -0.004228353 -0.07214212 -0.9758436 -0.11695 0.184532 -0.9634873 -0.002952635 -0.2677381 -0.6765217 -0.4624273 -0.5731312 -0.5086133 -0.4306649 -0.7455469 -0.207736 -0.7828683 -0.5864836 0.529636 0.4809652 0.6986832 -0.2064306 0.4404401 -0.8737271 -0.2557011 0.642535 -0.7223336 -0.2458984 0.281081 -0.9276462 -0.8695853 0.008150577 -0.4937156 -0.7672275 9.64284e-4 -0.6413743 -0.9973833 -0.004226982 -0.07217121 -0.4114931 0.6120731 -0.6753073 -0.5362393 0.7920134 0.2918258 -0.7172181 0.6939243 0.06377649 -0.3774589 0.9033707 0.2035833 0.7281131 -0.5066992 0.4616355 0.1233 -0.9923682 0.001620769 0.1874924 -0.9822443 0.00654155 0.1573148 -0.9875345 -0.005271673 0.3657302 0.4533109 -0.8128658 0.2845879 0.6669753 -0.6885883 0.07776707 0.7668669 -0.6370772 -0.1612823 0.3780697 -0.9116201 -0.5979758 -0.07454401 -0.7980402 0.6404734 0.2528446 0.7251644 0.308116 0.05744153 0.9496132 -0.9999888 0 -0.00475502 -0.9999887 0 -0.00475502 -0.9745222 0 -0.2242913 -0.8963354 0 -0.4433769 -0.8969255 -5.53019e-6 -0.4421819 -0.8962672 -9.56096e-6 -0.4435144 -0.8970091 -3.46565e-6 -0.4420121 -0.9752646 0 -0.2210408 -1 0 0 -1 -2.86939e-6 0 -1 -1.19837e-7 0 -0.999804 -0.008705317 -0.0177806 -0.9998041 -0.008696973 -0.01778125 -0.9986701 -0.03368437 -0.03903192 -0.9992133 -0.01743805 -0.03562051 -0.9994488 0.03247827 0.006882786 -0.7477184 -0.07913511 -0.6592836 -0.7154386 -0.0519194 -0.696744 -0.926835 -0.3371963 -0.1651535 -0.03586751 0.132008 -0.9905995 -0.08802789 0.1959623 -0.9766524 -0.02967143 0.3545864 -0.9345523 -0.9265264 0.3754197 -0.02467316 -0.9472767 0.2379815 0.2145501 -0.9928615 0.08998948 -0.07828128 -0.8838253 0.4678077 -0.002961874 -0.9995694 -0.02568739 -0.01419192 -0.9415188 0.3368351 -0.009203672 -0.1639432 -0.9863774 -0.0135008 0.2855098 -0.9555548 -0.0734806 -0.2514222 -0.9636042 0.09085047 0.8332139 0.4977044 -0.2409253 0.9859877 -0.1617472 0.04081982 -0.7746519 0.6204267 -0.1224141 -0.89821 0.4115803 0.1543387 -0.7643378 0.4454478 -0.4662232 -0.476456 -0.220664 0.8510565 -0.7705098 -0.3826908 0.5097672 0.06395936 -0.9978661 0.01313561 0.2052368 -0.9744433 0.09131276 0.04487395 -0.976551 -0.2105578 0.7736327 -0.3350775 0.5377876 0.4936115 -0.1149231 -0.862056 0.7550928 -0.03007173 -0.6549279 -0.1428769 -0.9053409 -0.39993 0.003323197 -0.6575205 -0.7534294 0.005841732 -0.9316011 -0.3634353 -0.7833533 0.189816 -0.5918846 -0.07892686 -0.9947353 -0.0653631 -0.6346564 0.754684 0.1663233 -0.6346532 0.7546893 0.1663109 -0.8378577 0.5435708 0.05025237 -0.1995372 -0.9284783 0.3132302 -0.2140092 -0.7687193 0.6027195 -0.1578665 -0.893212 0.4210115 -0.1563438 -0.9871951 0.03166007 -0.09948927 -0.989275 0.1069432 -0.4435228 -0.8961491 0.01430016 -0.3110495 0.9491204 0.04918324 -0.03023707 0.9994774 0.01143342 -0.07570111 0.9967182 0.02867168 0.8453662 -0.5269722 0.08750033 0.8921852 -0.4421617 -0.09218734 2.30466e-4 -0.7846777 -0.6199039 0.04484033 -0.9765346 -0.210641 0.7976881 -0.2765575 -0.5359196 0.8631554 0.2051775 0.4613731 0.8633651 0.4484963 0.2311967 0.8631284 0.2052097 0.4614092 0.4372357 -6.91798e-4 0.8993468 0.6947356 0 0.7192653 0.1132123 0.001605272 0.9935696 0.9900648 -0.06241106 0.1260026 0.8115767 -0.4410726 0.3831427 0.6097025 0.7691476 -0.1915072 0.47562 -0.2528905 -0.8425153 0.9672718 -0.2265701 0.1142421 -0.08088368 -0.9934902 0.08021932 0.7394853 0.6251825 -0.2496163 -0.9646682 0.01170426 0.263208 -0.9174481 0.01766306 0.3974632 -0.9784523 0.01986479 0.2055158 0.472059 -0.5747743 -0.6684272 0.6137706 -0.6919147 -0.3801839 0.6030377 -0.4967584 -0.6241607 -0.2768747 0.1516961 -0.9488566 -0.2925702 0 -0.9562442 -0.2926295 -5.35072e-5 -0.9562259 -0.3644855 0.1583178 -0.9176524 -0.3202164 -2.35717e-4 -0.9473445 -0.2926572 0 -0.9562175 -0.4588794 0.01108247 -0.8884294 -0.3645629 0.1583538 -0.9176154 -0.6540915 -0.001678407 -0.7564136 -0.7671093 9.95185e-4 -0.6415157 -0.1816097 0.5794566 -0.7945113 -0.8851751 -7.6586e-4 -0.4652575 -0.8708676 -0.001524686 -0.4915153 -0.970867 -4.03219e-4 -0.2396189 -0.9660271 0.002520382 0.2584286 -0.98517 0.001677215 0.1715728 -0.9709032 -3.79423e-4 -0.2394722 -0.9743621 0 -0.2249853 -0.8851854 -7.63195e-4 -0.4652381 -0.1578469 0.9839855 0.08280754 0.5766529 -0.7168652 -0.3918876 0.490908 -0.8630027 -0.1193135 0.03270399 0.008135139 0.9994321 0.07110476 -4.87458e-4 0.9974688 -0.03640508 -0.02675795 0.9989789 -0.9712885 0.06072628 -0.2300244 -0.9753813 0.2203939 0.007621049 -0.9027847 0.4298368 0.01484358 -0.9753812 0.220394 0.007625699 -0.9061877 0.2133318 -0.3651212 -0.8407912 0.4970681 -0.2144609 -0.9569213 0.273489 -0.09749555 -0.6836816 -0.707365 0.1794833 -0.9928572 0.08991986 -0.07841581 -0.9294498 -0.06796801 -0.362634 -0.9928608 0.08989357 -0.07840067 -0.5660684 -0.1773721 0.8050502 0.3865685 -0.05945062 0.9203426 0.5013009 -0.593158 -0.6299692 0.002023816 0.9999974 0.001094818 0.002023756 0.9999974 0.001094937 -0.002349376 0.9999892 -0.004012823 -0.002384245 0.9999889 -0.004078984 0.002046048 0.9999974 0.001106679 -0.01212537 0.9998714 0.01049709 -0.004765808 0.9999853 0.002602875 -0.0481165 0.9966655 -0.06589889 -0.01618033 0.9993017 0.03368359 -0.0217272 0.9995203 0.02207535 0.1117654 0.993531 0.02011811 -0.0257979 0.998399 0.05034005 -0.005802631 0.9996594 0.02544313 -0.01614022 0.9993032 0.0336582 -0.005806088 0.9996584 0.02548575 -0.04972445 0.998134 -0.03544086 -0.2629982 0.9643704 0.02866631 -0.003919541 0.999884 -0.01472324 -0.01490581 0.968419 0.2488825 -0.01211124 0.9995571 0.02718591 9.5603e-4 0.998624 0.0524351 -0.05044078 0.9944272 0.09257638 -0.03354555 0.9969335 0.07069873 0.009873509 0.9939972 0.1089601 0.009873747 0.9939951 0.1089777 -0.03353816 0.9969344 0.07068902 0.02766168 0.999609 -0.004093229 0.03684812 0.9992727 0.009811043 0.02772289 0.9996069 -0.0041821 0.04383093 0.940527 -0.3368797 0.03293496 0.9653908 -0.2587198 0.1117744 0.9935304 0.02009648 0.01715332 0.9998527 -7.7841e-4 0.1938647 0.9809854 -0.009178876 0.01159918 0.9999061 -0.007296204 0.02032798 0.9966036 -0.0798 -0.009478092 0.9998043 0.01737254 0.008052289 0.9998949 0.01205849 -0.005391299 0.9998459 -0.0167095 -0.003890037 0.9998801 -0.0149967 0.2776752 0.960664 -0.004590451 0.1509442 0.9885162 -0.007187128 0.1939212 0.9809741 -0.009185314 0.4095513 -0.1919577 0.8918634 -0.006226122 0.1433283 -0.9896557 -0.006226122 0.1433283 -0.9896557 -0.006226122 0.1433283 -0.9896556 0.5138149 -0.8570475 0.03826236 0.8451866 -0.4980961 0.1938039 0.4785743 -0.8361468 0.2680025 -0.9821002 -0.08238571 0.1693869 0.8452266 -0.4980469 0.1937559 0.5710527 -0.8204846 0.02653056 0.9737306 -0.2229602 0.04623335 0.1091639 -0.06832259 0.991673 -0.4472677 0.2230442 0.8661426 -0.2431718 0.4573383 0.8554 0.9831123 0.1693413 0.06938195 0.09048849 0.9958971 -0.001046538 0.05066472 0.9987141 -0.001803636 0.08446121 0.9767468 -0.1970585 -0.5052301 -0.08503031 0.8587855 0.808577 -0.5883904 0 -0.9754164 0.2202395 0.007597804 -0.962679 0.1051772 0.2493728 -0.03266721 0.9292836 -0.3679196 -0.4717208 0.1733034 -0.8645493 -0.4717335 0.1733171 -0.8645397 -0.228287 0.4345303 -0.8712455 -0.4306282 0.4910602 -0.7572447 -0.4306278 0.4910726 -0.7572368 -0.1197487 0.5564543 -0.8222038 0.3579239 -0.2422211 -0.9017868 7.38257e-4 0.806312 -0.5914902 0.006834387 0.9656995 -0.2595723 0.2214913 0.01084327 -0.9751021 0.2468122 0 -0.9690634 0.4970732 0.006808876 -0.867682 0.001711845 0.005824029 0.9999816 0.06055158 -0.003391981 0.9981594 0.2738035 0.01894485 0.9615991 0.5697752 -3.78333e-4 0.8218007 0.2739742 0.01894009 0.9615506 0.5699403 -3.96656e-4 0.821686 0.8191283 0.02161425 0.5732029 0.9593878 -0.003698229 0.2820663 0.9958025 0.01281076 0.09062808 0.9958141 -0.01272928 -0.09051221 0.9584661 0.004546642 -0.2851701 0.8304607 -0.01164293 -0.5569555 0.4171213 -0.01085835 -0.908786 0.004346728 -0.003184616 0.9999855 0.002839684 -0.003922164 0.9999883 0.003359556 -0.002693593 0.9999907 0.003249168 -0.002722263 0.9999911 0.002555489 -0.004060626 0.9999885 0.001854181 -0.001614034 0.999997 0.003318548 -0.00264585 0.9999911 0.001883387 -0.001589119 0.999997 0.001543581 0 0.9999988 0.00143814 0 0.999999 0.001849591 -0.001598775 0.999997 0.06050992 -0.003391206 0.9981619 0.001703262 0.005795061 0.9999818 0.4291042 0.09237849 -0.8985188 0.7692952 -0.152695 -0.6203783 -0.001524209 0.9995861 -0.02872854 0 0.9985983 -0.0529291 -0.2029531 0.9770262 -0.06503856 -0.3156568 0.9435145 -0.1007045 -0.4847277 0.8476572 -0.2156766 -0.3157428 0.9434797 -0.1007606 -0.3236021 0.9413843 -0.09527516 -0.3325574 0.9297132 -0.1582369 0.1702275 -0.8263375 0.5368325 0.6873407 -0.68906 -0.2296937 0.693128 -0.1362251 0.7078251 0.3855875 0.01931929 -0.922469 0.5057328 0.003857314 -0.8626816 0.1688515 -0.1726974 -0.9703942 -0.01671499 -0.103941 -0.9944431 -0.09229314 -0.1806529 -0.9792072 -0.1714193 0.05870193 -0.9834477 -0.3267198 0.2737142 -0.9046186 0.970167 0.0670734 -0.2329747 -0.2898305 0.1643722 0.9428574 0.8083282 -0.5379035 0.2393022 0.2215169 0 0.9751566 0.2215175 0 0.9751565 0.2971952 0 0.9548168 0.37151 0 0.928429 0.5112281 -1.49287e-6 0.8594451 0.5766234 0 0.8170101 0.6956608 -1.85846e-5 0.7183704 0.74926 1.48792e-5 0.662276 0.8435134 1.92215e-5 0.5371081 0.8838378 1.53562e-6 0.4677938 0.9439757 1.22666e-5 0.3300152 0.9661407 0.00848174 0.2578763 0.9823275 0.01267433 0.1867408 0.9832984 0.0253061 0.1802334 0.5519134 -0.6189287 0.5588551 0.47854 -0.8361241 0.2681345 0.7885462 -0.5703448 0.2300038 -0.07611674 0.8985791 -0.4321596 -0.9683285 -0.2139045 0.1287825 -0.4843697 0.784793 0.3866342 0.3582043 -0.2663884 0.8948336 0.7632231 0.06477832 -0.6428799 0.7632334 0.06475597 -0.6428697 0.4968137 -0.1173077 -0.8598926 0.7633126 0.06480348 -0.6427709 0.7633037 0.06482368 -0.6427795 0.9142392 0.2370908 -0.3285645 0.5604099 0.8228645 0.09399443 0.6152368 0.7880538 -0.02133363 0.6040571 0.7796385 0.1651636 0.9848203 -0.1159718 0.1291496 0.5757054 0.7297896 0.3687418 -0.1801103 0.9562361 0.2305921 -0.2289063 0.6265084 0.7450431 -0.03614395 0.8887431 0.4569784 -0.2028113 -0.7878246 0.5815497 0.1261481 0.02204144 -0.9917665 -0.3101527 0.02620166 -0.9503257 0.1261463 0.0220437 -0.9917668 0.7409595 -0.03638762 -0.6705632 0.7409616 -0.03639954 -0.6705603 0.5598881 -0.1166412 -0.8203172 0.5843312 0.7984404 -0.1450862 -0.176567 0.1357628 0.9748808 -0.4340465 0.3770038 0.8182126 -0.3356715 0.2611606 0.9050524 0.2381432 0.9712158 -0.005282819 0.3599975 0.9329192 -0.007972955 -0.2266774 0.9736157 -0.02626889 -0.4646848 0.8854535 0.006349325 -0.6888788 0.724179 0.03179389 -0.706537 0.7060674 0.04769152 0.9516533 -0.2621299 0.1601374 -0.195117 0.9711543 0.1370719 -0.9230464 0.308597 -0.229681 -0.07897359 0.03192818 0.9963653 0.08660233 -0.08233016 0.9928352 0.01878952 0.007831633 0.9997929 -0.06899505 0.997551 -0.01148295 -0.1503643 0.9846603 -0.08851414 -0.06899398 0.997551 -0.01148426 0.2728427 -0.9442402 -0.1843026 0.0383169 0.4463568 0.8940343 -0.1037638 -0.07459563 0.9918007 0.1438385 0.2193261 0.9649904 -0.4663394 -0.8802669 0.08750993 0.7281991 0.6401035 -0.2449361 0.8934561 0.4484871 -0.02440315 0.5062373 0.8622493 -0.01580995 -0.4128756 0 -0.9107874 -0.4128754 0 -0.9107875 -0.4810438 0 -0.8766966 -0.5467032 2.05697e-6 -0.8373266 -0.608881 0 -0.7932616 -0.5467479 -1.62795e-6 -0.8372973 -0.6088811 0 -0.7932616 0.04340499 0.03815364 0.9983288 0.08268594 0.3954277 0.9147678 0.3386475 0.116863 0.9336279 -0.6886523 0.06430572 -0.7222346 -0.6886502 0.06429743 -0.7222374 -0.8553149 -0.03915059 -0.5166274 -0.6885508 0.06436926 -0.7223257 -0.5245587 0.004438579 -0.8513628 -0.466244 0.1625939 -0.869586 -0.7017029 0.6444279 -0.3038517 0.2073026 0.8438457 0.4949244 -0.1515286 0.7020744 0.6957951 0.1781081 0.2814862 0.9428908 -0.8886964 0.458214 -0.01608753 -0.8925279 0.435903 -0.1156836 -0.8925862 0.4358708 -0.1153547 -0.9628047 -0.2604066 0.07207995 -0.7946677 -0.5473279 0.2625557 -0.9553405 0.1727677 0.2397416 -0.9261722 0.3558579 0.1247815 -0.9976508 -0.06681734 0.01511329 -0.6497491 -0.7600894 -0.009506285 -0.6178814 0.7440506 0.2541881 0.8147263 -0.5396485 0.2121334 0.9760404 -0.201009 0.08331006 0.9827582 0.0679714 0.1719484 0.868906 0.4815207 0.1146309 0.7219962 0.6504715 0.2358142 0.376614 0.9206149 0.1031028 0.1721305 0.957399 0.2318587 -0.2622201 0.9629823 0.06249701 0.1720126 0.9573955 0.2319604 -0.6895224 0.7168926 0.1030725 -0.7601523 0.6483595 0.04240715 0.7336693 0.6781535 0.04286289 0.868991 0.4813909 0.1145325 0.9840841 0.1776474 0.00448215 0.9827778 -0.1299475 0.1313831 0.9841132 0.1774883 0.004374384 0.9760363 -0.2010927 0.08315664 0.9278453 -0.3668122 0.06746822 0.5754483 0.8175649 0.02114391 0.4023655 0.9111652 0.08876913 -0.07088083 0.9973909 0.01368576 -0.6401166 0.7658827 0.06061655 -0.923793 0.3743557 0.08040148 -0.7554438 -0.6537166 0.04426699 -0.698968 -0.7071855 0.1064541 -0.9627702 -0.2605506 0.07202214 -0.6496321 -0.7601898 -0.009463191 -0.237532 -0.9664607 0.09763413 -0.6989049 -0.707251 0.1064331 -0.3076434 -0.940486 0.1443669 -0.7600905 -0.6250946 0.1775366 0.4905986 -0.863121 0.1197295 -0.1667029 -0.9779071 0.1261261 0.1801523 -0.9830574 -0.03381258 -0.01993334 -0.9993823 0.02894783 -0.2374523 -0.9664871 0.09756588 -0.5623613 -0.8267795 -0.01362061 0.9987483 0 0.05002027 -0.9999925 -0.003498256 -0.001685142 -0.9903853 -0.003371477 -0.1382954 -0.9999921 -0.003606379 -0.001737117 -0.9903626 -0.00460124 -0.1384232 -0.9265806 -0.01273918 -0.3758804 -0.933013 -0.02032113 -0.3592685 -0.9265383 -0.01274478 -0.3759846 -0.9330204 -0.02033901 -0.3592483 -0.9191394 0.006641507 -0.3938767 -0.9427393 -0.02504044 -0.3325893 -0.9313502 0.003633081 -0.3641067 -0.95091 -0.09280639 -0.2952239 0.2269482 -0.01115769 -0.9738429 0.2311449 -0.01559031 -0.9727945 0.02944278 0.01851207 -0.9993951 0.1709292 -0.00173825 -0.9852819 0.02926391 0.0185799 -0.9993991 -0.1439303 0.001720726 -0.9895864 -0.2878336 0.03603482 -0.9570023 -0.4553041 -0.01509201 -0.8902082 -0.2879179 0.03608131 -0.9569752 -0.4554219 -0.01503825 -0.8901487 -0.6005608 0.0242927 -0.7992101 -0.7253972 -0.03071016 -0.6876451 -0.866283 0.0433517 -0.497669 -0.5415921 0.03560459 0.8398872 -0.2523851 -0.004654645 0.9676157 -0.2537774 0.01859563 0.9670839 -0.1438663 -0.009720027 0.9895494 0.08756548 0.009846329 0.9961102 0.2396036 -0.01045894 0.9708145 0.4097179 0.01102858 0.9121456 0.5445024 -0.009788811 0.8387022 0.6856818 0.0112825 0.7278141 0.7891842 -0.009532988 0.6140828 0.8859887 0.01153886 0.4635633 0.9466854 -0.01005864 0.3220028 0.9891255 0.009946048 0.1467372 0.9999136 -0.01140481 -0.006540179 0.9827317 0.009582757 -0.1847879 0.943311 -0.01106017 -0.3317258 0.8677014 0.01012706 -0.4969828 0.7810425 -0.009983956 -0.6243981 0.6555653 0.01143467 -0.755052 0.5333172 -0.00960052 -0.8458609 0.3728471 0.01036834 -0.9278348 0.09632337 -0.0280351 0.9949552 0.09650593 -0.02807039 0.9949365 -0.1709328 0.00643146 0.9852617 0.2730494 -0.04357635 0.9610126 0.2503647 -0.08074897 0.9647783 0.5053886 5.58075e-4 -0.8628918 0.7059147 2.42774e-4 -0.7082968 0.163514 -0.001665949 -0.9865397 -0.9999973 4.18756e-4 -0.002311348 -0.9994789 8.35365e-4 0.0322659 -0.9969639 0.07360762 0.02539545 -0.9999973 4.15416e-4 -0.002291798 -0.9999973 4.18694e-4 -0.002311348 -0.9969539 0.07373571 0.02541673 -1 0 0 -0.9999973 4.18702e-4 -0.002311348 -0.9972702 0 0.07383894 -0.9449644 0.3271544 -0.003548145 -0.8778429 0.4789209 -0.005168199 -0.06931746 -0.9960334 -0.05578947 0.252691 -0.8970161 -0.3626425 -0.003050744 -0.8508596 -0.5253843 -0.6076884 -0.5192587 0.6009038 0.2003763 -0.741117 -0.6407769 -0.003078579 -0.8507723 -0.5255255 0.1796553 -0.8843061 -0.4309602 -0.2524919 -0.9675872 -0.00479871 -0.4209162 -0.8994508 -0.1175494 -0.2524949 -0.9675864 -0.004793703 -0.01994127 0.08274143 -0.9963715 -0.8364521 0.4759758 -0.2716526 -0.2766499 -0.6146957 -0.7386569 -0.1186618 0.5906874 0.7981277 0.9811263 0.1419478 -0.1313095 0.7213575 -0.6696192 0.1767868 -0.005246579 0.006850481 0.9999628 0.07142663 0.02685117 0.9970844 0.06364274 0.1230338 0.9903597 0.001502335 4.94262e-4 0.9999988 0.001326441 -2.28062e-4 0.9999991 0.009031057 -0.006156504 0.9999403 0.009916245 -0.006335675 0.9999309 0.009016871 -0.00614506 0.9999405 0.009927034 -0.006346821 0.9999306 0.0123642 0.0262084 0.99958 -0.004976809 -0.9999845 0.002489507 0 -1 0 -0.003703773 -0.9999856 0.003900825 -0.009995579 -0.9999389 0.004754066 0.002662241 -0.9968118 0.07974487 0.01782733 -0.9869476 0.1600521 0.02213323 -0.9878622 0.1537477 0.01370626 -0.9998967 0.004361212 -0.006790399 -0.9998965 0.0126813 -7.44758e-4 -0.999963 0.008577823 0.001683413 -0.9999986 1.31425e-4 -0.003254711 -0.9999437 0.01010376 -0.001314818 -0.9999988 -9.0252e-4 0.008939802 -0.9998887 -0.01194596 -0.6097104 -0.7874571 0.09035873 -0.7299222 -0.6805824 0.06341397 -0.6933583 -0.7200748 0.02732473 -0.5651651 -0.8248547 0.01425099 -0.4526028 -0.8912996 -0.02712577 -0.5651607 -0.8248575 0.01426935 -0.4525509 -0.891327 -0.02709555 -0.3855301 -0.9226912 0.002739191 -0.2741028 -0.9616948 -0.003294944 -0.3855036 -0.9227023 0.002735912 -0.2740601 -0.961707 -0.003297507 -0.3257108 -0.9454694 1.52111e-5 -0.1842722 -0.9828722 -0.002442061 -0.03724092 -0.9993033 -0.002478778 0.03785783 -0.9992801 -0.002496361 0.2204866 -0.9753844 -0.003313004 0.2555014 -0.9668056 -0.002466499 0.3706689 -0.9287629 0.002074301 0.3256949 -0.945475 0 0.4526191 -0.8912753 -0.02764773 0.370737 -0.9287357 0.002072215 0.45272 -0.8912245 -0.02763366 0.5883843 -0.8069832 0.0508151 0.5908942 -0.8067221 0.006612718 0.7047477 -0.7092262 0.01813173 0.7589773 -0.6502724 0.03315705 0.8109882 -0.5834153 -0.04387217 0.8951823 -0.4428902 0.04997122 0.9370096 -0.3478664 -0.03165245 0.9726045 -0.2293799 0.03775286 0.9922577 -0.1178094 -0.03931564 0.9993699 -4.34846e-6 0.03549641 0.992257 0.1178146 -0.03931808 0.972677 0.2291634 0.03719711 0.9370919 0.3476609 -0.03147792 0.8959307 0.4418206 0.04585677 0.8318722 0.5511512 -0.06496888 0.7467839 0.665062 0.002538979 0.7210171 0.6825436 -0.1194515 0.7494828 -0.6620239 0 -0.8236214 -0.5654391 -0.04389309 -0.891017 -0.452061 0.04158896 -0.9254087 -0.3788984 0.007408082 -0.967976 -0.2492707 0.02977401 -0.9856276 -0.1689301 -9.24178e-4 -0.9975736 -0.0669322 0.01916331 -0.9979313 -0.005193412 -0.06408101 -0.9632609 0.2564259 -0.07983905 -0.9621992 0.01771724 -0.27177 -0.9632548 0.2564359 -0.07988184 -0.9041038 0.3576216 -0.2338869 -0.9109196 0.4125748 -0.002750515 -0.9632279 0.256542 -0.07986491 -0.8506444 0.4342125 0.2964181 -0.8582134 0.4454935 0.254962 -0.9989107 -0.02894854 -0.0365985 -0.9999192 -0.01121348 -0.005992889 -0.9991864 8.82639e-5 0.04033094 -0.9826118 -0.1749151 -0.06227946 -0.9547561 -0.02592623 -0.2962577 -0.9979762 -0.02953934 -0.05631238 -0.9547609 -0.0259059 -0.2962443 -0.9526946 -3.32355e-4 -0.3039292 -0.9826186 -0.1749004 -0.06221503 -0.952696 -3.03194e-4 -0.303925 -0.9522995 -0.3039941 -0.02670806 -0.1209285 -0.1640174 -0.9790171 -0.009945392 -0.3833013 -0.9235699 -8.18169e-4 6.3772e-4 -0.9999995 -0.1714146 -0.2489483 -0.9532271 0.009360492 -0.001924932 -0.9999544 -0.1550998 -0.2518228 -0.955264 -0.3918311 -0.1786922 -0.9025173 -0.5895901 -0.260672 -0.7644827 -0.3615427 -0.4912145 -0.7924615 -0.6035383 -0.281996 -0.7458015 -0.8865112 0.002096831 -0.4627027 -0.9977874 0.06633335 -0.004508614 -0.9724133 -0.001791357 -0.2332583 -0.9362282 7.03137e-6 -0.3513929 -0.8916388 -0.1394507 -0.4307365 -0.9361628 -1.38432e-5 -0.351567 -0.5896708 -0.2605111 -0.7644752 -0.9526523 -2.90816e-4 -0.3040618 -0.8783075 -0.1682444 -0.447515 -0.9992367 0.03806573 -0.008781552 -0.9998812 0.002851247 0.01515495 -0.9999738 0.001562595 0.007086336 -0.9991303 0.03485924 -0.02288246 -0.9857853 0.1680104 -3.61271e-4 -0.9231138 0.3836939 0.02529507 -0.9989244 0.008575081 0.04556792 0.9674823 0.1278777 0.2182324 0.9901382 0.1383875 -0.02179861 0.9813695 0.189534 -0.0314778 0.8824341 0.06241965 0.4662768 0.7464529 0.04461294 0.6639411 0.7435469 0.005157113 0.668664 -0.00471574 -0.99998 0.004216432 0.01386481 -0.9998684 -0.008427441 -0.01111543 -0.9998339 0.01444756 -0.0232551 -0.9995881 0.0168209 0.001711308 -0.9999802 -0.006058394 0.989524 -0.006937384 -0.1442029 0.9525472 -0.01776695 -0.3038721 0.9782724 0.01080065 0.2070424 0.9999665 -0.002984523 0.007635831 0.9762492 -0.007938802 0.2165057 0.9762094 -0.007929146 0.2166855 0.8990668 0.0197255 0.437367 0.5990362 0.004293799 0.8007106 -0.1000036 -0.9901193 -0.09830147 -0.226252 -0.8696066 -0.4388561 -0.3098988 -0.8875548 -0.3408948 -0.009925007 -0.383481 -0.9234955 -0.1877096 -0.8073131 -0.5594736 -0.06184899 -0.8571595 -0.5113242 -0.04135972 -0.9352532 -0.3515548 0.1608033 -0.002491533 -0.9869834 0 -0.003927767 -0.9999924 0.07779103 0.008186697 -0.9969362 3.94582e-4 -0.003250956 -0.9999946 -0.06570166 -0.002225875 -0.9978368 0.07779079 0.008183121 -0.9969362 -0.0669766 5.20472e-4 -0.9977545 -6.12451e-4 -0.00208342 -0.9999977 -6.15287e-4 -0.001917004 -0.999998 1.5798e-7 0 -1 -0.001571834 -9.20379e-4 -0.9999983 4.98672e-4 0.001863479 -0.9999982 0.06635308 -1.14269e-4 -0.9977963 4.8843e-4 0.001804649 -0.9999983 0.06634587 0 -0.9977967 0.05661612 0.02124494 -0.99817 0.00413388 0.005753815 -0.999975 0.1133799 0.04255008 -0.9926402 0.06645858 -1.02448e-4 -0.9977892 0.07788538 0.008231401 -0.9969284 0.5541887 0.004433274 -0.8323794 0.6821605 0.009633898 -0.7311391 0.5542884 0.00438565 -0.8323132 0.8495685 0.02525812 -0.5268732 0.9895091 -0.006999373 -0.1443014 0.2171053 0.07305043 -0.973411 -0.9772523 -0.07923245 -0.1967237 -0.9661009 0.04439985 -0.2543179 -0.9439689 -0.06630659 -0.3233051 -0.8098924 -0.01323699 -0.5864291 -0.6926639 -0.01239472 -0.721154 -0.4503465 -0.00114113 -0.8928532 -0.3270617 0.001667439 -0.9450016 -0.8944189 -0.06559616 -0.4423936 -0.8663557 0.0434373 -0.497535 -0.9769212 0.08835601 -0.1944697 -0.001694381 -9.92088e-4 -0.9999982 -0.003225445 -0.00188744 -0.9999931 -7.35599e-4 -0.002007544 -0.9999978 -0.008409023 0.1234945 -0.9923096 -0.01334404 0.1161972 -0.9931365 -0.005900442 0.07471817 -0.9971873 0.1237164 0.02554839 -0.9919887 0.01859217 -0.005292534 -0.9998131 3.60369e-4 -0.004897654 -0.999988 3.06695e-4 -0.004783809 -0.9999885 0.4479551 0 -0.8940561 0.4479551 0 -0.8940562 0.9998129 3.68481e-4 -0.01934283 0.9999958 0.002914905 0 0.9999901 -9.21759e-4 -0.004350364 0.9998468 -0.007221281 0.01595091 0.9998925 2.71873e-4 0.01465773 0.99999 -9.1492e-4 -0.004375159 0.9998178 -7.48667e-4 -0.01907265 0.9998124 3.63604e-4 -0.01936656 0.9999958 0.002914071 0 0.9999085 -0.008069097 0.01086413 0.9999694 -0.007167935 0.003125965 0.9999815 -0.006081342 -3.83805e-4 1 2.8765e-6 0 0.9898162 -0.142317 0.003121554 0.9312465 -0.3643018 0.008007764 0.999897 0.002440571 -0.01415276 0.99949 0.0311048 0.007246375 0.9998779 0.01554334 0.001656532 0.9999992 0 -0.001312136 0.9723697 0.2334465 1.93482e-7 0.8838278 0.4678102 0.001472711 0.7221808 0.691377 0.02128028 0.7071078 0.7063851 0.03191816 0.7070842 0.7064079 0.03193396 0.5780872 0.8159702 -0.002815961 0.2382223 0.9711964 -0.005280196 -0.1371803 -0.9774137 0.1607615 -0.05043011 -0.9956019 0.07895356 -0.1369789 -0.9721996 0.1899072 -0.02216339 -0.999339 0.02881681 0.03246414 -0.9993541 0.01541799 0.02341735 -0.999605 -0.0155431 -0.1371141 -0.9774429 0.1606401 -0.01037228 -0.9999463 -6.54457e-5 -0.01378583 -0.9998489 -0.01059526 -0.0263676 -0.9996331 0.006219208 -0.0084908 -0.9927294 0.1200681 0.3476342 -0.9244062 0.1569193 0.3477125 -0.937384 0.02018505 -0.006098389 -0.9998867 -0.01376849 -0.01306837 -0.9993633 -0.03319978 -0.3847102 -0.8838127 0.2662204 -0.4515827 -0.8208281 0.3497349 -0.2683057 -0.9501003 0.1591277 -0.3322678 -0.883988 0.3288821 -0.2996562 -0.9303672 0.2112424 -0.2527295 -0.962925 0.09435701 -0.57771 0.8120974 -0.0821526 -0.6107047 0.7913051 -0.02960157 -0.7385016 0.6740581 0.01615965 -0.7367005 0.6758199 0.02323406 -0.5401042 0.8302805 -0.1375567 -0.4633581 0.8462063 -0.2631238 -0.05032819 -0.9956187 0.07880651 0 -1 2.47e-6 0 -1 4.46942e-7 0 -1 -1.53927e-7 4.52463e-4 -0.9999721 0.007465124 -0.009218096 -0.9999182 0.008862197 0.01954847 -0.9997733 0.008442044 0.01694399 -0.9998549 0.001752316 -0.04414308 -0.9984076 -0.03512525 0.02382332 -0.9995408 0.01872402 -0.07344651 -0.9952747 -0.06351351 0.006997287 -0.9999533 -0.0066697 -0.009060978 -0.9999586 9.04835e-4 -0.02782154 -0.9995534 0.01091474 -0.07336562 -0.9916453 -0.1060989 -0.003887772 -0.9999833 -0.004287898 0.005169808 -0.9639488 0.2660378 -0.01000571 -0.9998229 0.01594054 0.006564795 -0.9998551 0.01571017 -0.001815497 -0.9999546 0.009367406 0.003010451 -0.9999948 0.001208186 0.02122396 -0.9997695 0.003245055 0.0118969 -0.9998861 0.009286403 5.08405e-4 -0.9914571 0.1304329 -0.001019179 -0.9619445 0.2732432 -3.80725e-6 -0.9736449 0.2280696 0.02357614 -0.999702 -0.006349802 0.001556336 -0.9999974 0.001693904 -1.2461e-4 -0.9999991 0.001435399 0.001144468 -0.9995425 0.03022396 -2.00879e-4 -0.9999989 0.00147897 0.0014925 -0.9999975 0.00169301 -0.001652956 -0.9999976 0.001407384 -0.001642286 -0.9999977 0.001398742 0.00151205 -0.9999975 0.0016703 -0.004351258 -0.9999905 -3.10836e-4 -0.001605749 -0.9999978 0.001367628 -0.004351317 -0.9999905 -3.10171e-4 -0.001548111 -0.9999981 -0.001210868 -0.00102967 -0.9999841 0.005548775 0.0197156 -0.9996529 0.01747542 -0.004349529 -0.9999905 -3.0388e-4 0.003961265 -0.999985 0.00377953 -0.004370331 -0.9999904 -3.3044e-4 0.003943085 -0.9999852 0.00376445 -0.001534104 -0.9999983 -0.001100361 0.001681566 -0.9999887 0.004443109 0 -1 1.86449e-6 -0.003566563 -0.9999932 0.001068234 0.007957994 -0.9999613 0.003763556 0.003301501 -0.9999943 7.63822e-4 -7.59848e-4 -0.9999964 -0.002622246 -0.0239973 -0.9996869 -0.007090449 0.006009757 -0.9999806 0.001638531 -0.00154823 -0.9999981 -0.001210749 -0.01076316 0.05676615 0.9983295 0.2144942 -0.05592942 0.9751226 0.001867771 -0.09325599 0.9956404 0.2000257 -0.2755547 0.9402443 0.003446459 -0.3213431 0.9469566 0.151618 -0.4968096 0.8545129 0.002295672 -0.5663893 0.8241347 0.1486961 -0.7193735 0.6785215 4.30118e-4 -0.757955 0.6523069 0.09602963 -0.8757961 0.4730323 4.34888e-4 -0.7580204 0.6522309 -3.54643e-4 -0.8970128 0.4420045 0.04330372 -0.9690659 0.2429736 -5.98327e-4 -0.978603 0.2057573 0.008520126 -0.9980925 0.0611447 -0.03238779 -0.9956813 -0.08700531 -0.09996503 -0.9901283 -0.09824937 -0.2234454 -0.9369069 -0.2688451 0.2507628 0.07007557 0.9655089 0.4239511 -0.01198571 0.9056057 0.4018354 -0.2122665 0.8907701 0.3609753 0.5141856 0.7780168 0.3991069 0.3247144 0.8574813 0.2866508 0.4202425 0.8609458 0.2818297 0.2132372 0.9354689 -0.01151204 0.2094708 0.9777472 0.3358585 0.6098001 0.7178739 0.2878525 0.7242214 0.6266133 0.2878235 0.7242987 0.6265374 0.4153213 0.8470754 0.3316197 0.3309506 0.8519324 0.4058117 0.2252053 0.8442872 0.4862736 0.03003841 0.9993098 0.02185761 0.014207 0.9997556 0.01694673 0.04016947 0.9983953 0.03991538 0.02891248 0.9981049 0.05432116 0.1294536 0.9546105 0.2682547 0.1673607 0.9209903 0.3518058 0.242986 0.8333231 0.4965183 -0.01554447 0.9998061 0.0120911 0.01692438 0.9998473 0.004356801 0.07036024 0.9975152 0.00359404 -0.01058018 0.9978924 -0.06402343 -0.0077129 0.9990527 -0.04282748 -0.009166896 0.9999529 -0.003232657 0 0.9923204 -0.1236953 0 1 0 0.01623678 0.9998672 -0.001414895 0.02890914 0.9981063 0.05429756 0.01622104 0.9998674 -0.001414835 0.01628804 0.9998673 -2.97362e-4 0.024351 0.9997035 -4.23043e-4 0.01622128 0.9998684 -2.78476e-4 0.02433979 0.9997038 -4.18142e-4 0 0.9999942 0.003403425 0.4193417 0.1567405 0.8941953 0.4268518 0.08034437 0.9007455 0.4272887 0.03105926 0.9035816 0.3496074 -0.5559679 0.7541051 0.2221269 -0.837133 0.499868 0.07742834 -0.9748334 0.2090569 0.03491449 -0.997788 0.05656903 0.01214045 -0.9999231 -0.002565503 0.03403544 -0.9994199 -0.001219332 0.005705475 -0.9995014 0.03105455 0.07519406 -0.9968143 0.02659088 0.01321995 -0.9997177 -0.01974731 0.07733553 -0.9748535 0.2089977 -0.03067255 -0.9993616 0.01831948 0.06045609 -0.9580224 0.2802466 -2.13906e-4 -0.9837975 0.1792831 0.002358913 -0.9800552 0.1987114 -3.30905e-7 -0.9398247 0.3416572 -0.00600475 -0.9869856 0.1606965 -5.24697e-4 -0.993419 0.1145361 -0.002797365 -0.9999765 -0.006269991 -1.43044e-4 -1 -3.21072e-4 0.005225837 -0.9996769 -0.02487897 0.001325786 -0.9982994 -0.0582807 -0.03016918 -0.9993419 -0.02014261 -0.04055196 -0.9987957 -0.02761775 -0.06419104 -0.9964113 -0.05517232 1.58364e-4 -0.9999995 0.00100857 -0.1768904 -0.9724829 -0.1516143 -0.001813948 -0.9999546 0.009365499 0.003155112 -0.9999946 9.93123e-4 -0.9838663 0.03729939 0.1749746 -0.867798 0.04724645 0.494666 -0.9560294 0.2222964 0.1912906 0.3596344 0.8168298 0.4510568 0.2695247 0.7494031 0.6047738 0.3235768 0.9139543 0.2449199 0.1017452 0.7400078 0.6648583 0.02956342 0.9707964 0.2380768 -0.03591847 0.8481769 0.5284941 -0.2039436 0.9726375 0.1112798 0.1273613 0.6846902 0.71762 0.177733 0.6051905 0.7759868 0.2987348 0.7201116 0.6262562 0.1516029 0.5760138 0.8032589 0.077941 0.4722724 0.878 0.05885547 0.6424433 0.7640697 0.02236241 0.6176509 0.7861346 0.01318728 0.07826215 0.9968456 0.04550474 0.05431771 0.9974864 -4.67385e-7 0.1965823 0.9804874 0 0.1965902 0.9804857 0 0.4912903 0.8709959 8.49319e-7 0.6152969 0.7882955 -0.007227241 0.4840922 0.8749873 -0.007141351 0.4841029 0.8749821 -0.08195632 0.7815935 0.6183807 0.2302606 0.4465095 0.864644 0.5061249 0.528327 0.6816951 0.4604778 0.5134515 0.7241048 0.420887 0.5222865 0.7416678 0.443322 0.4672006 0.7649766 0.1867722 0.2143071 0.9587433 -0.01353186 0.01533287 0.9997909 0.03004717 0.01898056 0.9993683 0.1425215 0.1868163 0.9720017 0.01468604 -1.98754e-5 0.9998922 0.005241453 0.08896446 0.9960211 0.01463258 -1.82003e-5 0.999893 3.72662e-7 0 1 0.03682005 0.291531 0.9558526 -0.001549839 0.06290829 0.9980182 0.2906521 0.4364785 0.8514739 0.4238315 0.5873633 0.6894719 0.1943825 0.4667312 0.8627731 0.4605011 0.5133687 0.7241488 0.4156978 0.455788 0.7870532 0.4629836 0.4218767 0.7795295 -0.9999068 0.00777477 0.01122456 -0.9857325 0.1598924 0.05259329 -0.9857159 0.1600221 0.05250817 -0.9560207 0.2224026 0.1912103 -0.8886894 0.4582298 -0.01602351 -0.8208516 0.5696266 0.04157227 -0.7275231 0.6849091 -0.04012316 -0.6482989 0.7613801 0.002977013 -0.5107321 0.859609 -0.01500314 -0.3717759 0.927403 0.04131084 -0.103849 0.9936392 0.0435512 0.2225037 0.9731981 0.05811667 0.4221339 0.9039938 0.06781089 0.4282187 0.8717793 0.2379695 -0.9994029 -0.03192931 -0.01320606 -0.9397234 -0.003202259 0.3419207 -0.7662306 -0.007197499 0.6425255 -0.7141112 -0.1044726 0.6921926 -0.9140219 -0.1339071 0.382927 -0.5572996 -0.2659197 0.7865773 -0.7140438 -0.1046125 0.6922411 -0.2209154 -0.5183047 0.8261699 -0.5572488 -0.2659499 0.7866032 -0.097566 -0.4630005 0.8809719 -0.088952 -0.573255 0.8145344 -0.9888026 -5.06378e-4 0.1492295 -0.9997876 0.008813917 0.01863247 -0.9167907 -0.0354641 0.3977905 -0.9789165 -0.01199704 0.2039085 -0.990719 -0.007990419 0.1356907 -0.9950097 0.003234744 0.09972649 -0.9799869 -7.77876e-4 0.1990607 -0.9950063 1.83124e-6 0.09981262 -0.9330286 -0.07628965 0.3516216 -0.9149746 -0.3569889 -0.1880968 -0.8722384 -0.1117536 0.4761422 -0.9906243 0 -0.1366151 -0.9920958 1.36858e-6 0.1254838 -0.9652211 0.0188418 0.2607554 -0.965507 0.01716208 0.2598109 -0.844932 0.0379582 0.5335252 -0.8051542 -0.1124767 0.5823022 -0.4997732 0.005304694 0.8661401 -0.8864742 -4.73154e-5 -0.462778 -0.8864607 0.00206393 -0.4627993 -0.7552596 0 -0.6554259 -0.01809591 -0.9657222 0.2589467 -0.03908419 -0.8666892 0.4973152 -0.09938865 -0.9892768 0.1070206 -0.008043706 -0.9333601 0.3588511 -0.05681514 -0.9977032 0.03688454 -0.09651982 -0.9843899 0.1471756 0.00159204 -0.9999691 -0.007702708 0.001313328 -0.9999986 0.001052677 0 -1 0 -0.009030997 -0.9997202 -0.02186965 -0.7369858 0.675904 0.00238943 -0.7392716 0.6734074 -2.74498e-4 -0.7382873 0.6744864 0 -0.8837784 0.4678966 -0.002906501 -0.7510799 0.6602115 0 -0.740916 0.6715964 0.00133115 -0.7400003 0.6726033 -0.002098321 -0.7392703 0.6734088 -2.90734e-4 -0.7409576 0.6715506 0.001307606 -0.7392556 0.673425 -3.20483e-4 -0.7370023 0.6758861 0.002386212 -0.0405845 -0.9990369 -0.0166803 0.1231763 -0.9923835 0.001625418 0.03675442 -0.9958341 0.08344894 -0.07789653 -0.9965319 -0.02926409 0.01069569 0.9999427 3.37868e-4 0.05898988 0.9982579 -0.001188933 0.02668297 0.9996436 8.48317e-4 -0.002948224 0.9999946 0.001525402 0 1 -1.66453e-7 -0.00129497 0.9999469 0.01022493 -0.001856863 0.9999731 0.007097303 -0.001293182 0.999947 0.01021623 0.001973927 0.9999543 0.009357333 -0.00185734 0.9999729 0.007119774 -0.001858592 0.9999731 0.007104873 0.001986503 0.9999543 0.009352505 0.001957476 0.999998 -5.3013e-4 0.001944243 0.999998 -5.2302e-4 -0.02860778 0.9993692 0.02104514 -0.0286054 0.9993693 0.02104508 -0.04772919 0.9974987 0.05213665 0.001963973 0.9999979 -5.2842e-4 0.001968622 0.9999545 0.00934714 -0.005516886 0.9999848 3.87728e-5 -0.006048738 0.9999815 -6.9099e-4 -0.006086587 0.9999812 -6.92001e-4 -0.005533277 0.9999847 3.94192e-5 -0.007951974 0.9999671 0.001601099 -0.0060575 0.9999814 -6.99166e-4 -0.007952511 0.9999671 0.001602232 0.006442666 0.9999793 2.38037e-4 0.006438851 0.9999793 2.49404e-4 -0.00794816 0.9999672 0.001600086 0.006672024 0.999975 0.002366364 0.02275824 0.9997411 0 0 0.9999961 0.002812087 0.004901289 0.9999859 -0.002104759 -0.01870292 0.9881642 0.1522554 -0.01377671 0.9975848 0.06808054 0.001204073 0.9926405 0.1210927 0.009896039 0.994468 0.1045734 0.03637564 0.9993376 0.001186132 0.01939195 0.9992768 0.03270906 -0.004463732 0.9953011 0.09672594 -0.01216542 0.9997667 -0.01784807 -0.01185911 0.9997907 -0.016676 -3.61683e-4 0.9942108 0.1074466 0 1 7.20427e-7 0.00121057 0.9926483 0.1210284 0.008455991 0.9999642 -2.67911e-4 0.01302802 0.9999151 4.21597e-4 0.009026944 0.9999575 -0.001942753 -6.56849e-4 0.9999942 -0.003383934 0 1 0 0.00378555 0.9999924 9.81565e-4 -0.001603066 0.9999901 -0.004148006 -0.00658071 0.9999783 -4.3669e-4 0.009428262 0.9999555 2.65015e-4 0.003069221 0.9999126 -0.01286298 0.1871004 0.9816721 0.0362392 0.01019972 0.9999287 0.006217479 0.03273832 0.9989132 -0.03317826 0.03001326 0.9922761 -0.1203638 0.0146647 0.9997199 -0.01858425 0.005718588 0.9999833 9.48343e-4 0.03390902 0.9978503 -0.0560792 0.03684872 0.9992738 0.009705901 0.01226001 0.9999248 -4.18115e-4 -0.01837033 0.9998276 -0.002725839 0.6103211 0.06273382 -0.7896662 0.1893365 0.2554616 -0.9480987 0.3835122 0.08792161 -0.9193412 0.684906 -0.03198623 -0.7279291 0.6104574 0.06277054 -0.7895581 0.9123469 0.009468615 -0.4093086 0.7323725 5.24516e-4 -0.680904 0.6057648 0.006807625 -0.7956147 0.4343038 -0.02089673 -0.9005241 0.6056419 0.00682789 -0.7957081 0.4341696 -0.02086538 -0.9005896 0.25366 0.01806569 -0.9671248 0.05845677 -0.004110038 -0.9982815 -0.1211826 0.01335078 -0.9925404 -0.3722726 -0.01016432 -0.9280678 0.04797124 0.1169221 -0.9919819 0.04809242 0.1168824 -0.9919807 -0.2511749 -0.004022836 -0.9679334 0.193633 0.1644726 -0.9671893 0.04812675 0.1170118 -0.9919638 0.1937663 0.1646091 -0.9671394 0.3058235 0.3323617 -0.8921926 0.05362021 -0.9586963 0.2793323 0 -0.999417 -0.03414279 -0.01630818 -0.9985443 0.05141431 0.02386862 -0.9546762 0.2966879 0.003145933 -0.9615334 0.2746702 -0.008902609 0.9999604 1.8918e-4 -0.003605127 0.9999932 8.4291e-4 -0.005073368 0.999985 0.002045989 7.90893e-4 0.9999989 0.001359224 -0.005085229 0.999985 0.00204873 -0.004769682 0.9999842 0.002974987 -0.005091547 0.999985 0.002047419 -0.004737854 0.9999843 0.002975642 -0.008929193 0.9999601 1.93094e-4 0.001768052 0.9999977 -0.001235842 7.37165e-4 0.9999991 0.001234829 7.37372e-4 0.999999 0.001235306 0.001728713 0.9999978 -0.001207947 0.001468062 0.9999981 0.001307368 0.001530945 0.999998 0.001363515 -0.004184782 0.9999552 -0.00849682 2.05934e-4 0.9999877 -0.004948437 0 1 1.74052e-7 0 1 -4.00145e-7 0 1 1.49623e-7 0 1 3.9785e-7 -0.001498103 0.999995 -0.002786338 -0.001498162 0.999995 -0.002786695 0 1 -2.68974e-7 -0.001520931 0.9999949 -0.002829134 0 1 1.83124e-7 0 1 -1.62224e-7 -0.001497745 0.999995 -0.002787113 -0.001497745 0.999995 -0.002786636 -0.001531839 0.9999949 -0.002848923 -0.002561748 0.9998986 -0.01400899 0.001738548 0.9999977 -0.0012151 0 1 -1.63042e-7 0.001728892 0.9999978 -0.001208245 0 1 -1.69916e-7 -0.008797347 0.9999614 1.5504e-4 -0.003849923 0.9999859 -0.003665328 -0.003681063 0.9999911 -0.002058923 1.97211e-4 1 2.26328e-4 -0.003018617 0.999988 -0.00386691 -0.003829002 0.9999868 -0.00342518 -0.006174623 0.999827 -0.01754242 -0.004483759 0.9998733 0.01527762 0.002485871 0.9999445 -0.01024168 -0.001817941 0.9998821 0.01525652 0 1 0 0 1 0 -2.36263e-4 0.9999974 -0.002253472 0.002692461 0.9999766 0.006296753 -0.01004952 0.9978136 0.06532442 8.44893e-4 0.9990769 0.04295235 -0.001821875 0.9998816 0.01527935 0 1 -1.45389e-7 0 1 1.22783e-6 0 1 -3.64664e-7 0 1 0 -0.00362432 0.9999932 6.99645e-4 -0.003839612 0.9999925 -5.7847e-4 -0.003915309 0.9999921 -6.76881e-4 -0.003688514 0.999993 7.03479e-4 -0.4701461 0.7994261 0.3740062 -0.6490067 0.6244957 0.4345061 -0.3829463 0.8704556 0.3092886 -0.1667575 0.9829605 0.0773347 -0.1184511 0.9879336 0.09978181 -0.3303767 0.8946052 0.3008866 6.35155e-4 0.9999937 0.003489315 -0.05566179 0.9972695 0.04853177 -0.5728785 0.4294993 0.698098 -0.6825972 0.558152 0.4717283 -0.7602367 0.4890602 0.4276218 -0.958733 0.1348057 0.2503166 -0.9591141 0.2509244 0.130909 -0.9587347 0.1347614 0.2503345 -0.9758206 -0.1169292 0.1846668 -0.9726601 -0.07732737 0.2189815 -0.9945299 0.05597794 0.0881865 -0.9631519 -0.1557629 0.2192629 -0.9569746 0.2733323 -0.09741199 -0.999682 0.01932513 -0.01620173 -0.0115242 0.9999251 -0.004136621 -2.49811e-4 0.9999967 -0.002590239 -0.06925749 0.997588 -0.004643619 0.223511 0.9746866 0.005379259 0.2112188 0.9773448 0.01355636 0.1742349 0.9846494 0.01038771 0.2581375 0.9661012 0.003677904 0.2632549 0.9647222 -0.002833783 0.2783995 0.960451 0.00528264 -0.04283857 0.9987273 -0.02662181 -0.223106 0.9701793 -0.09474235 -0.148544 0.9882668 -0.03554499 -0.03542566 0.999307 0.01142746 0.03135722 0.999507 0.001608788 -0.0263921 0.9996454 -0.003565073 0.003169775 0.9999879 0.003785848 4.66349e-4 0.9999979 0.002040147 0.9999499 0.0063771 -0.007713139 0.9999721 0 -0.007479906 0.978486 0.1921578 -0.07510435 0.894946 0.3915902 -0.2138427 0.9181626 0.3707725 -0.1396616 0.9824672 0.1827762 -0.03675818 -0.2210097 0.003261029 0.9752662 -0.2228486 0 0.9748531 -0.3307063 -0.006994605 0.9437079 -0.3159517 7.60138e-4 0.9487751 -0.2645114 0.04076617 0.9635207 -0.3334038 0.002346038 0.9427812 -0.05455482 0.006155192 0.9984919 -0.1394959 0.01140749 0.990157 0.02983623 -0.002898275 0.9995507 0.1411269 0.03979754 0.9891913 0.2533729 0.005673825 0.9673521 0.357307 0.03034156 0.9334941 0.4953368 -0.01461732 0.868578 0.5958126 0.0112937 0.8030441 0.6477692 0.001035511 0.7618361 0.6475603 0 0.7620143 -0.08429753 -0.01390069 0.9963437 -0.0197606 0.002222061 0.9998024 0.04016888 0.007355391 0.9991658 0.02065682 0.006789386 0.9997636 0.06530869 0.01511412 0.9977506 0.05544108 -0.002439498 0.998459 0.03119134 -0.02629941 0.9991674 0.01069813 -0.04589366 0.998889 -0.03655058 -0.02676427 0.9989734 -0.09313082 -0.0276187 0.9952709 0.01236611 -5.24674e-4 0.9999234 -0.02056574 -0.002211272 0.9997861 -0.01162344 -0.004461884 0.9999226 0 0.1234241 0.992354 -0.04066091 0.2388347 0.9702087 -0.2948697 0.2188925 0.9301279 -0.5147179 -0.02088838 0.8571051 -0.6650484 0.1663289 0.7280421 -0.8487927 -0.009752094 0.5286357 -0.9459565 0.1135423 0.3037674 0.007852077 0.4674835 0.883967 -0.08643263 0.5848137 0.8065497 -0.2841703 0.3315384 0.8996275 -0.3462047 0.8235291 0.4493799 -0.6594811 0.3234661 0.6785679 -0.2842979 0.3315932 0.899567 -0.9621655 0.2658458 0.05969506 -0.9923203 -4.17993e-4 0.1236945 -0.927081 -0.01058936 0.3747117 -0.9999409 0.009342312 -0.005571126 -0.9911107 0.1330401 1.39918e-4 -0.9596511 0.2784894 0.03890472 -0.9621233 0.2660017 0.05968117 -0.7137799 0.6968026 0.0706014 -0.8705562 0.381333 0.3109939 -0.9998027 0.0151267 -0.0128743 -0.07823908 0.00297445 0.9969303 -0.2623825 -0.00196582 0.964962 -0.3654094 0 0.9308469 -0.4643873 0 0.8856322 -0.4643859 0 0.8856331 -0.009672641 -0.04063779 -0.9991271 0.02312248 -0.02391397 -0.9994467 0.02889817 0.00340116 -0.9995766 -0.03299432 -0.05605983 -0.9978822 0.05317091 0.01219725 -0.998511 0.7392536 -0.6734254 -0.001485228 0.9325204 -0.3611175 1.54757e-5 0.7425332 -0.6698056 -0.002224206 0.9968842 -0.06215918 -0.04856336 0.9992746 -0.03110718 -0.02196902 0.9996607 -0.02154737 -0.01463776 0.9028903 -0.4298707 -5.47727e-4 0.9364168 -0.2522678 0.2438946 0.737012 -0.6758797 -2.26685e-4 0.7390583 -0.6736406 -0.001156032 0.9028314 -0.4299944 -5.40286e-4 0.7425402 -0.6697977 -0.002244234 0.9325925 -0.3609312 2.73485e-5 0.7356221 -0.6773922 0 0.7356218 -0.6773926 0 0.001047074 -0.2800688 -0.9599794 -0.2096676 -0.6646952 -0.7170913 -0.1344559 -0.2563149 -0.957196 3.85056e-4 -0.003899633 -0.9999924 -8.48132e-4 -0.001927375 -0.9999979 -0.00243169 -0.1509098 -0.9885445 -0.001957595 -0.001577436 -0.9999969 -0.002437055 -0.1508976 -0.9885465 -0.001957952 -0.001598894 -0.9999969 -0.1345339 -0.1243089 -0.9830808 0.0748403 -0.01030004 -0.9971424 -0.2614921 -0.003465175 -0.9651994 0.005232751 -0.005998313 -0.9999684 0 -0.00639975 -0.9999796 -8.83321e-4 -0.001968085 -0.9999977 -8.63751e-4 -0.001924276 -0.9999978 3.81499e-4 -0.003864169 -0.9999925 0.1424369 -0.182403 -0.972852 -0.02935481 -0.8657913 -0.4995436 -0.1481666 -0.6327459 -0.7600522 -0.1068182 -0.4683211 -0.8770778 -0.1057667 -0.4348897 -0.8942508 0.0163064 -0.1655537 -0.986066 0.05268204 -0.3249106 -0.9442763 -0.007527112 -0.04357212 -0.999022 0.01444107 0.03739148 -0.9991964 0.1332894 -0.02310359 -0.9908079 -0.1577703 -0.5908145 -0.7912312 -0.1120023 -0.6103117 -0.7842036 0.004708349 -0.5915591 -0.8062481 0.1381473 -0.5357708 -0.8329857 0.06935656 -0.6006209 -0.7965202 0.1440693 -0.4378337 -0.8874378 0.3451095 -0.03624421 -0.9378624 0.5925109 -0.07412856 -0.8021446 0.2395491 0.9708842 3.91008e-4 0.2395812 0.9708758 -0.001033306 0.2398918 0.9707773 -0.006599962 0.236066 0.9717009 0.008389592 0.2304201 0.9729747 0.01506227 0.2217355 0.9749329 0.01841896 0.2178903 0.9758176 0.01743662 0.2140057 0.9766559 0.01857143 0.2139708 0.9766624 0.01862657 0.2178943 0.975817 0.01741856 0.2130306 0.9768384 0.02012026 0.23955 0.9708788 0.003192007 0.4370716 -6.83269e-4 0.8994266 0.07121717 -5.03807e-4 0.9974608 0.296984 -6.66563e-4 0.9548822 0.3006705 -8.26576e-4 0.9537277 0.3007248 -8.18581e-4 0.9537106 0.296989 -6.6691e-4 0.9548807 0.3014767 9.06933e-4 0.9534732 0.3007922 -8.11057e-4 0.9536894 0.3015102 8.99324e-4 0.9534626 0.2947071 9.03202e-4 0.9555873 0.2902709 0.001592278 0.9569433 0.2947188 9.03538e-4 0.9555836 0.2902647 0.001590192 0.9569452 0.2862769 0 0.9581469 -0.7452345 0.1366873 -0.6526425 -0.7938964 0.5362386 -0.2866649 -0.833849 0.2671094 -0.4830617 -0.8338555 0.2669401 -0.483144 -0.4764206 -0.009634554 -0.8791648 -0.745247 0.1366477 -0.6526365 -0.7451955 0.1366549 -0.6526938 -0.3724445 -0.01016038 -0.9279989 -0.6892876 1.59684e-4 -0.7244879 -0.8071817 0.01612901 -0.5900827 -0.793808 -0.01917475 -0.6078661 -0.807307 0.01615488 -0.5899107 -0.7938009 -0.0191797 -0.6078753 -0.8616594 0.04693204 -0.5053124 -0.8860096 0.05439776 -0.4604648 -0.8072513 0.01612681 -0.5899877 -0.885966 0.05432468 -0.4605573 -0.9061845 0.2131745 -0.3652209 -0.004951477 0.1015193 0.9948213 0.337767 0.3733534 0.8640143 0.2050539 0.1794592 0.9621577 -0.3442798 0.002298951 0.9388643 -0.005101919 0.1014904 0.9948235 -0.4492947 -0.002079308 0.8933813 -0.1330307 -9.00519e-5 0.991112 0.08709037 0.0325846 0.9956675 -0.04177898 -0.05628544 0.9975402 0.05119043 0.1183131 0.991656 0.4302008 0.04376727 0.9016717 0.08723682 0.03261828 0.9956535 0.4302421 0.04367369 0.9016565 0.478652 0.0186491 0.8778066 0.6058392 -0.01782184 0.7953876 0.7393569 0.01756513 0.6730846 0.8935623 -0.003422021 0.4489262 0.5173052 -0.009190559 0.8557517 -0.6056134 -0.7957549 -0.002560138 -0.6742877 -0.7346898 -0.07461255 -0.6453632 -0.7621289 -0.05163317 -0.5867779 -0.8094559 0.02175086 -0.3622468 -0.9281701 0.08530879 -0.2516006 -0.963563 0.09079444 0.238798 0.9710525 -0.005707561 0.2381929 0.9711419 -0.01215338 0.2329065 0.9716107 -0.04156154 0.2399294 0.970767 0.0067299 0.2387947 0.9710532 -0.005727052 0.2377307 0.9704852 -0.04052883 0.2377245 0.9704857 -0.04055541 0.2287496 0.9723795 -0.04638546 0.2260603 0.974101 -0.004905402 0.2211179 0.9752346 -0.004933714 0.2161403 0.9763203 -0.009066402 0.2054765 0.9783202 -0.02586692 -0.5920889 0.8058348 -0.00781691 -0.6830515 0.7303702 0 -0.7147496 0.6969382 0.05839753 -0.7498649 0.6471622 0.137418 -0.7292757 0.6837711 0.02478301 -0.6806087 0.7287923 0.07505798 0.7331092 0.6794914 0.02902376 0.6314969 0.7752329 -0.01502782 0.6403789 0.766918 0.0418539 0.5449336 0.8383834 0.01267856 0.6403363 0.7669512 0.04189771 0.544918 0.8383935 0.01268535 0.4351625 0.8994007 0.04137587 0.3208941 0.9450903 -0.06189721 0.1665788 0.9855293 0.03136515 0.004180014 0.9983772 -0.05679333 -0.1506166 0.9882598 0.02563911 -0.3135353 0.9477638 -0.05864846 -0.4210344 0.9064536 0.03274142 0.7570852 0.6512703 0.0516653 0.7331123 0.6794881 0.02902221 0.8958702 0.4437928 -0.02155578 0.8992674 0.4360476 -0.03436326 0.7331249 0.6794745 0.02902156 0.7657749 0.6422312 0.03358513 0.7644189 0.6433224 0.04242777 -0.09876918 0.9949203 -0.0194503 -0.05113363 0.9986636 -0.007522404 -0.3838269 0.9190828 -0.08923983 -0.95692 0.2734826 -0.09752625 -0.7007808 0.6969677 -0.1521263 -0.3838678 0.9190626 -0.08927243 -0.5656528 0.8128534 -0.1389474 -0.1594933 0.9870795 -0.01536262 -0.001333475 0.9999983 0.001310169 0 1 -3.60111e-7 -0.002311468 0.9999967 0.001164674 -0.002311885 0.9999967 0.001164555 -0.001333594 0.9999983 0.001310229 -0.002322733 0.9999967 0.001170516 -0.001356363 0.9999982 0.001341104 -9.58672e-4 0.9999921 0.003855466 -0.001078069 0.999991 0.004120707 -0.001368522 0.9999982 0.001408398 1.65866e-4 0.9999939 0.003495573 -9.74658e-4 0.9999921 0.003855347 2.61141e-4 0.9999942 0.003417015 0.04464423 0.9990016 0.001695454 0.04464238 0.9990016 0.001694798 2.92715e-4 0.9999942 0.003424823 0.09779912 0.9952045 0.001869022 0.05895709 0.9910404 0.1198456 -0.1193184 0.9913976 0.05379521 -0.1178665 0.9407154 0.3180598 -0.2084119 0.9771215 0.04240518 -0.3279816 0.925838 0.1877559 -0.4892728 0.8590607 0.1504229 -0.1193169 0.9913977 0.05379849 -0.294499 0.8917559 0.3435722 -0.3279353 0.9258266 0.1878929 -0.1179211 0.9406973 0.3180934 -0.0941981 0.9266493 0.3639339 -0.1408287 0.9785742 0.1501995 0.01453769 0.999879 -0.005545616 0.01004868 0.9999068 0.009239077 -0.03004014 0.9856558 0.1660733 0.004005312 0.9993412 0.03607219 0.01228332 0.9991281 0.03990477 -0.01011484 0.998668 0.05059731 -1 0 0 -0.9996877 0.02096402 0.01360982 -0.9998821 -0.005237936 0.01443499 -0.998939 -0.01570564 0.04329282 -0.3708584 0.9286888 -0.001143634 -0.2199013 0.9755216 -9.57424e-4 -0.4544015 0.8900915 -0.03544837 -0.5890412 0.8069607 0.04295355 -0.5911822 0.8065072 0.007064878 -0.6928972 0.7208142 0.01790541 -0.7617562 0.6471779 0.02980566 -0.8303456 0.5410299 -0.1334644 -0.7618223 0.6470923 0.02997219 -0.8158476 0.576949 0.03901791 -0.8654784 0.4475597 0.2250279 -0.8442341 0.3753679 0.3825806 -0.8506181 0.4341594 0.2965714 -0.7475576 0.297967 0.5936105 0.7025057 0.7113201 -0.02257341 0.1875382 0.2581467 0.9477288 0.3107875 0.5782482 0.7543475 0.5219389 0.708051 0.4756509 0.703194 0.6915012 0.1653615 0.5426526 0.7874256 0.2923853 0.5642886 0.8252096 0.0246489 0.5642083 0.8252676 0.02454358 0.5968426 0.8019544 0.02545738 0.4519432 0.8918811 -0.01719707 0.3864963 0.9221954 0.01327997 0.2575681 0.9662355 0.006901323 0.3864895 0.9221981 0.01328414 0.2575474 0.966241 0.006909847 0.1842721 0.9828635 0.004805505 0.0371977 0.9993072 0.001206457 -0.03691124 0.9993179 0.001217782 -0.2538214 0.9672394 0.004756867 -0.323 0.946399 0 -0.02824765 -0.01571083 0.9994776 0.0078547 -0.01018297 0.9999174 -0.1467227 -0.01580941 0.9890514 0.01156204 -0.005298078 0.9999192 0.1954849 -0.01481062 0.9805949 0.01156634 -0.005289256 0.9999192 0.1955929 -0.01480758 0.9805734 0.1308395 0.0265271 0.9910486 0.5311301 0.04697883 0.845987 0.77187 -0.005485236 0.6357569 0.9519638 0.02874255 0.3048589 0.9850214 -0.0169155 0.1716009 0.9936908 -0.001440048 0.1121453 0.9935836 4.34155e-4 0.1130995 0.9936307 0 0.1126859 0.9936872 -0.001344561 0.1121788 0.9933613 3.86403e-4 0.1150361 0.9935902 4.47289e-4 0.1130424 0.9933623 4.00931e-4 0.1150278 0.993376 0.001083791 0.1149045 0.9933709 0.001079976 0.1149488 0.9933588 3.90546e-4 0.1150576 0.9933757 1.03752e-4 0.1149117 0.9929412 0.01181906 0.1180179 0.9933502 -0.008531093 0.1148157 0.9933733 1.07577e-4 0.1149322 0.9933573 3.88326e-4 0.1150705 0.9937415 -3.32714e-4 0.1117042 0.9933722 1.082e-4 0.1149427 0.9937345 -3.40957e-4 0.1117669 0.9938175 -7.46264e-4 0.1110241 0.9938152 -7.64395e-4 0.111044 0.9937345 -3.31654e-4 0.1117661 0.9940199 -5.15587e-4 0.1091985 0.9938073 -7.76878e-4 0.1111159 0.9939701 -5.18094e-4 0.1096504 0.9928196 -8.87807e-4 0.1196189 0.9965462 -7.18581e-4 0.08303743 0.9994545 -1.26678e-7 0.033028 0.999994 8.06666e-4 0.003382325 0.9903843 0.136823 -0.02045273 0.9270711 0.3737207 0.0295332 0.7507777 0.6605508 -0.002369999 0.5642284 0.8251596 0.02753591 0.4426146 0.8965098 -0.0190398 0.4042369 0.9146254 0.007285892 0.409617 0.912257 0.001081824 0.4127622 0.9009861 0.1336092 0.4160194 0.9093556 -5.25425e-4 0.594832 0.8038493 0.001097321 0.4988611 0.804825 0.3215503 -0.02468037 0.002254784 0.9996929 0.02263998 0.03325176 0.9991906 0.0224651 0.03438234 0.9991563 -0.1015552 0.03862094 0.99408 -0.1905756 0.02577012 0.9813343 -0.07644689 -0.01565808 0.9969507 -4.9946e-4 0.002415597 0.999997 -0.02823406 -0.01569837 0.9994781 -4.84955e-4 0.00234729 0.9999971 0.3342444 -0.1909146 0.9229477 0.6316037 -0.6269657 0.4560603 0.7629413 -0.4339575 0.4791676 0.5475589 -0.3165814 0.774568 0.3810985 -0.3661101 0.8489568 0.334277 -0.1908736 0.9229444 0.3866847 -0.1166966 0.9147989 0.2755372 -0.1631017 0.9473528 0.386509 -0.1166108 0.914884 0.01896154 0.007797062 0.9997898 0.9535362 -0.08538502 0.2889261 0.9378441 0.002948939 0.3470443 0.756352 0.02798676 0.653566 -0.4684918 0.1010361 0.8776714 0.001347661 0.02209645 0.999755 -0.1830192 0.01578086 0.9829828 0.04427677 0.00243473 0.9990164 -0.182837 0.01576149 0.983017 0.04429513 0.002429246 0.9990156 0.1450208 -0.003999531 0.9894206 0.3639043 -0.03971892 0.9305891 0.5785562 -0.02010631 0.8153947 0.7167716 -0.01268941 0.6971927 0.7563458 0.02801883 0.6535717 0.754789 0.03717857 0.6549134 0.9390049 0.009150862 0.3437821 -0.7531427 -0.06701385 0.6544351 -0.6982026 0.09620106 0.7094073 -0.6972 0.06886333 0.7135615 -3.18182e-4 0.9999998 -6.33018e-4 -9.04585e-4 0.9999996 0 -0.001974999 0.9999974 -0.001164793 -0.001365184 0.9999987 -9.54493e-4 -0.002043724 0.9999974 -0.001047074 0.001105666 0.9999985 -0.001378357 0.001167774 0.9999984 -0.001403689 -0.001989603 0.9999974 -0.001163184 0.002058506 0.9999958 -0.002073049 0.001130104 0.9999985 -0.001367032 0.002019286 0.9999959 -0.002048254 -0.001947581 0.9999974 -0.001179099 -0.01030689 0.9999464 -9.97178e-4 0.001916408 0.9999961 -0.002054035 0.008810043 0.9999582 0.00246793 0.003075659 0.9999931 0.002099454 0.004696547 0.9999876 0.001650631 -9.36144e-4 0.9999994 5.67301e-4 -0.001978516 0.9999974 -0.001167118 -0.01417243 0.9998995 -3.97927e-4 -0.01033723 0.9999461 -9.94009e-4 -1.09692e-4 0.9999999 -4.66665e-4 1.18266e-4 0.999999 -0.001433253 1.35334e-4 0.9999989 -0.001502811 -1.45675e-4 0.9999997 -8.87348e-4 -0.001915276 0.9999975 -0.001197874 7.11952e-5 0.9999986 -0.0016613 -0.001947581 0.9999974 -0.001179337 -0.00133711 0.9999986 -9.75724e-4 -0.01424223 0.00357449 -0.9998922 -0.02885514 0.007096827 -0.9995585 -0.007555305 0.001636445 -0.9999702 2.31547e-6 0 -1 0.00300008 0.003169119 -0.9999905 0.002998292 0.003167748 -0.9999906 -9.48482e-7 0 -1 0.002998411 0.003168523 -0.9999906 -0.007542908 0.001634359 -0.9999703 -0.01372569 0.003801465 -0.9998987 0.002998471 0.003168463 -0.9999906 0.01199716 0.008687615 -0.9998904 0.01197922 0.00866115 -0.9998908 0.003021061 0.003192007 -0.9999904 0.0120089 0.01147335 -0.9998621 0.01196986 0.008677065 -0.9998908 0.01198297 0.01144021 -0.9998628 0.01045131 0.009218871 -0.999903 0.01045697 0.009218156 -0.9999029 0.01196146 0.01143193 -0.9998632 0 0.008288621 -0.9999657 1.67257e-5 0 -1 -1.87235e-6 0 -1 -0.001694977 0.999998 -0.001086592 -0.002615272 0.9981445 0.06083571 -0.0012362 0.9999744 -0.007051348 -0.001792967 0.9999978 -0.001084029 -0.001695036 0.999998 -0.001086473 0 1 3.86805e-6 -0.001694977 0.999998 -0.001086592 0 1 2.30924e-7 0 1 -5.9804e-6 0.0078969 0.9781573 0.2077164 0.04288142 0.9951211 0.0888549 -0.003179728 0.9999942 -0.001213967 -0.00317943 0.9999942 -0.001214027 0 1 7.98007e-7 -0.006225943 0.9999765 -0.002867937 -0.00326395 0.9999939 -0.001246154 -0.006229937 0.9999765 -0.002868711 -0.00459975 0.9999258 -0.01128131 0 1 7.66718e-7 -0.003221213 0.9999942 -0.001229763 0 1 1.00223e-5 0 1 -1.22862e-5 0 1 -7.50871e-7 -0.00622636 0.9999766 -0.002868592 0.9997072 -0.01335984 -0.02017945 0.9882149 0.1386542 -0.06485664 0.96149 0.2746778 0.009440839 0.9897966 0.1418474 0.01349252 0.9956671 0.09298217 -0.001166224 0.9990758 -0.03006547 -0.03071945 0.9999657 6.88311e-5 -0.008286237 0.9661409 0.002535879 -0.2580027 0.9881973 0.1387536 -0.06491196 0.8644495 2.08203e-4 -0.5027196 0.7060451 2.73254e-4 -0.7081668 0.8446136 0.492353 0.2102777 0.8276062 0.4721639 0.3035281 0.7536348 0.3533159 0.5542587 0.01174366 -0.004126548 -0.9999226 0.005603194 -0.00421673 -0.9999755 0.004181444 -0.02014958 -0.9997882 0.009243845 -0.004463434 -0.9999474 -0.01203399 -0.003593742 -0.9999212 -0.001096606 -0.03305667 -0.9994529 -0.00218594 -0.01229792 -0.999922 0.004273951 -0.03309881 -0.9994431 -0.001224637 -0.002432405 -0.9999963 0.006809234 -0.003457546 -0.9999709 -0.001188814 -0.002348303 -0.9999966 9.93276e-6 0 -1 0.006808102 -0.00345844 -0.9999709 4.3114e-7 0 -1 0.01509559 -0.003726899 -0.9998792 0.03025108 -0.007437348 -0.9995148 0.01506376 -0.003725171 -0.9998796 -0.321839 -0.9071788 0.2710102 -0.05473184 -0.9616358 0.2688144 -0.2004715 -0.8171992 0.5403673 0.5136744 -0.8571365 0.0381537 0.2200673 -0.9168919 0.3329863 -0.1627234 -0.9834802 0.07929676 -0.2268892 -0.9711226 0.07377034 0.001223683 0.9998087 -0.0195254 -2.53332e-4 0.9999972 -0.002360522 -9.07553e-4 0.9999297 -0.01183235 -5.9279e-4 0.9999963 0.002669155 -0.001866042 0.9999943 -0.002862095 -0.002373158 0.9999877 -0.004353582 -0.001863896 0.9999943 -0.002846896 -0.0024423 0.9999873 -0.004420578 -0.00373882 0.9998156 -0.01883918 -0.001101493 0.9998738 -0.01585489 3.72558e-4 0.9999145 -0.01307648 0.007321238 0.9999591 -0.00530833 0.01178395 0.9999085 -0.006665647 0.01989287 0.9997188 -0.01291632 0.01163417 0.9999259 -0.003585994 0.001125395 0.9735514 -0.2284658 0.001425385 0.9971138 -0.07590895 9.57644e-4 0.9809771 -0.1941218 0.001153886 0.9854434 -0.1700006 0 1 -1.39029e-7 2.83999e-4 0.999646 -0.02660697 8.59881e-4 0.9999989 -0.001253008 0.001725971 0.9999985 -4.09549e-4 -0.0735051 0.941594 -0.3286302 -1.80627e-4 0.9636368 -0.2672153 -0.0186395 0.9962605 -0.08436536 2.88012e-4 0.9996442 -0.02667558 -0.01862156 0.9962658 -0.08430659 0.006377577 0.9991202 0.0414524 -0.009506464 0.9998973 -0.01072877 -0.07748669 0.9835978 -0.1628845 -0.1940425 0.8803208 -0.4328774 -0.136058 0.7872018 -0.6014995 -8.54794e-4 0.8351427 -0.5500329 -0.3411908 0.5757253 -0.743054 -0.4076784 0.1680983 -0.8975195 -0.250328 0.3163012 -0.9150353 -0.1545187 0.5624834 -0.8122415 -0.1917837 0.06459522 -0.9793092 -0.4332539 -0.02143865 -0.901017 -0.2480869 -0.1017777 -0.9633765 -0.4285257 -0.08056706 -0.8999304 -0.4052047 -0.2185176 -0.887727 -0.1980548 -0.3315489 -0.9224151 -0.2506389 -0.5794234 -0.7755312 -0.3742433 -0.4215836 -0.8259597 -0.39574 -0.5555748 -0.7312501 -0.2916829 -0.6982117 -0.6537749 0.01942896 -0.4013043 -0.9157388 0.01107162 -0.2178899 -0.9759106 0.01065319 -0.05968832 -0.9981603 0 0.0794968 -0.9968352 -6.64701e-4 0.30572 -0.9521213 2.06701e-4 0.6248815 -0.7807196 -5.51013e-5 0.9999955 0.002992868 0.007224261 0.9977902 -0.06605029 0.01730293 0.9998162 0.008257269 0.03485149 0.9993839 0.004143774 0 1 0 0.064471 0.9979196 -3.9743e-4 1.93566e-4 0.9999984 0.001789093 8.76926e-4 0.975667 -0.2192559 0.002196848 0.9999818 0.005626499 0.002213299 0.9999815 0.005665898 0.04025858 0.9991893 0 0.1549816 0.9879132 -0.002900183 0.1567542 0.9875914 -0.009560585 0.1546415 0.9878798 -0.01339572 0.1655565 0.9859943 -0.02015715 0.004434287 0.9999258 0.01135307 0.008809089 0.9997069 0.02255362 0.002224385 0.9999917 0.003452956 0.00111109 0.9999635 -0.008467614 -0.001202344 0.9932919 -0.1156287 2.61141e-4 0.9722944 0.2337599 0.004754841 0.8887619 0.4583445 0.006813526 0.7627968 0.6466024 0.01353132 0.7617341 0.6477485 0.001177906 0.9917882 -0.1278871 0.003018081 0.9663987 -0.2570303 0.002527713 0.9999858 -0.004704713 0.001957952 0.9999915 -0.003643453 0.5753762 0.8145251 0.07410359 0.3092836 0.9498637 0.04585653 0.2059502 0.9781305 0.02907389 0.005695819 0.9999787 0.003178954 0.01978361 0.9998034 0.001347124 0.008901834 0.9999572 -0.00252664 0.02218282 0.9910976 -0.1312766 0.008233129 0.9999011 0.01140826 -0.002589166 0.9999039 -0.01362365 0.1247382 -0.04338788 -0.9912406 0.01792639 -0.02011817 -0.9996369 -0.06947457 2.73794e-4 -0.9975838 -0.1342491 0.03659713 -0.9902717 0.02951556 -0.01349741 -0.9994733 -0.9793182 0.1447579 0.1413544 -0.9296036 -0.02730977 0.3675479 -0.7265402 -2.91561e-4 0.687124 -0.9944182 -0.1004094 -0.03240925 -0.9829566 -0.03174823 0.181076 -0.9996451 -0.02197778 -0.01506161 -0.9793339 0.1447885 0.1412143 -0.9602345 0.2789713 -0.01117658 -0.8617703 0.506452 0.029302 -0.8810731 0.472725 0.01553851 -0.9348888 0.3541104 0.02426511 -0.7065525 0.7060509 0.0477063 -0.934948 0.3539569 0.02422249 -0.9711647 0.2376597 0.01889497 -0.9971186 -0.07534295 0.008828938 -0.9999499 0.008018672 0.005992352 -0.9999909 -0.003379285 0.00260961 -0.9881626 -0.1525359 0.01635664 -0.9817243 -0.1896641 0.01565086 -0.9760576 -0.2161152 -0.02461576 -0.6980939 -0.7157797 0.01801174 -0.9331825 -0.359014 0.01671499 -0.207516 -0.9772352 -0.04414236 -0.224206 -0.9744732 0.0115568 -0.6851606 -0.7163828 0.1317215 0.9898043 -0.1423999 0.003121972 0.7020701 -0.710663 0.0453422 0.809615 -0.5869046 0.008163332 0.6830648 -0.7297321 0.03022646 0.7020351 -0.7106986 0.04532408 0.4572815 -0.8893054 0.005433559 0.2248632 -0.9743591 -0.007816493 0.9317328 0.3619507 0.0294243 0.9978867 0.06445753 -0.008211672 0.8462597 0.5316174 0.03503566 0.9915125 0.1289702 -0.01642155 0.9999682 0.001392006 0.00784707 0.9978909 0.06439286 -0.008201897 0.9998139 0.01626861 0.01036691 0.9999868 -0.005136966 3.916e-4 0.992296 0.07341569 -0.09979331 0.9999952 0.00219053 -0.002212762 0.999921 0.001397609 -0.01249158 0.9999931 0.002864003 -0.002409279 1 1.0004e-4 2.50916e-4 0.9991236 0 0.04185819 0.9997162 0.005135893 0.02326315 0.9998741 0.003430008 0.01549345 0.9999917 0.003072977 0.002710342 0.9999951 0.001243293 0.002914369 0.9981122 -0.009466826 -0.06068319 0.9948188 0.003212928 -0.1016137 0.9247434 0.05183941 -0.3770444 0.876536 0.09234237 -0.4723957 0.3857248 0.01940172 -0.92241 0.8668153 0.06498038 -0.4943771 0.8047595 0.09590572 -0.5858023 0.8921667 0.1725194 -0.4174634 0.8668954 0.06488424 -0.4942493 0.9906278 0.09999585 -0.09304475 0.07095867 0.09204506 0.9932234 0.06229561 0.1264175 0.9900192 -0.001062929 0.1045938 0.9945145 0.06237816 0.02914541 0.997627 0.06178849 0.008180081 0.9980558 0.03108459 -0.02048063 0.999307 0.01757413 0.01079064 0.9997873 0.02000898 -0.1425607 0.9895838 0.02155846 -0.1052688 0.9942102 0.04343169 -0.1294738 0.9906312 0.01510649 -0.01649123 0.99975 -0.01043367 0.1259687 0.9919794 -0.06077289 0.0658853 0.9959748 -0.05556279 0.02989035 0.9980078 -0.08558166 0.02071827 0.9961158 -0.02326846 -0.005219042 0.9997157 -0.01832598 -0.01113212 0.9997702 0.01757234 0.01079267 0.9997874 0.06168216 0.07288897 -0.9954309 0.03472071 0.05728214 -0.9977542 0.04907351 0.06556737 -0.9966408 0.01320034 0.02285355 -0.9996517 0.01321715 0.02286195 -0.9996513 0.06348598 0.07389765 -0.995243 -0.9989747 0.0106458 0.04400485 -0.9949843 0.005968749 0.09985321 -0.9999592 -0.004095613 0.008055746 -0.9993452 0.03333216 0.01408314 -0.9784199 0.01983761 0.2056726 -0.9812417 7.79962e-4 0.1927804 -0.9435293 0.02278053 0.3305051 -0.9990556 0.00467354 0.04320091 -0.3786824 -0.004045724 0.9255179 -0.5416643 0.03556615 0.8398422 -0.6712868 -0.003932118 0.7411874 -0.7821367 0.03536164 0.6221027 -0.8572105 0.009360551 0.5148813 -9.5007e-7 0 -1 -4.01338e-4 -2.62528e-4 -0.9999999 0.1241437 0.01121914 -0.9922008 -4.01165e-4 -2.62441e-4 -0.9999999 -4.01152e-4 -2.62461e-4 -0.9999999 -0.002116084 -6.20294e-4 -0.9999976 -5.55899e-4 -3.63652e-4 -0.9999998 -0.002099394 -6.22656e-4 -0.9999976 -0.214504 -0.01229876 -0.9766457 -0.2146527 -0.01232171 -0.9766127 -0.002119004 -6.01641e-4 -0.9999976 -0.007988333 -0.004948198 -0.9999559 -0.003894329 0.006458699 -0.9999716 -0.00873965 0.01861864 -0.9997885 -0.005195438 0.02331376 -0.9997147 -0.3155964 -0.02043449 -0.9486735 -0.6155624 -0.02111506 -0.7878053 -0.2616732 4.61244e-4 -0.9651565 -0.1632788 -0.002873063 -0.9865759 7.66785e-4 0.001440405 -0.9999988 7.43283e-4 0.001396417 -0.9999988 -4.01183e-4 -2.62413e-4 -0.9999999 7.43316e-4 0.001396417 -0.9999988 7.66161e-4 0.001440167 -0.9999988 0.2503402 0.02262473 -0.9678936 0.1241403 0.01122802 -0.9922012 0.2664963 -0.0103302 -0.9637806 0.2505072 0.02265393 -0.9678497 0.4500723 -0.01923483 -0.8927851 -0.9032328 -0.4291194 0.005201876 -0.7462154 -0.6657043 5.91897e-4 -0.8996139 -0.4366847 0.001141607 -0.7847929 -0.6194874 -0.01831388 -0.3835613 -0.9234682 -0.009350836 -0.1491412 -0.9887273 0.0132367 0.1174368 -0.9930161 -0.01130706 -0.1489531 -0.9887555 0.01325118 0.1176335 -0.9929929 -0.0112999 0.4562388 -0.8898549 0.002117931 0.5250861 -0.8509836 -0.01056951 0.7633932 -0.6459214 0.004071116 0.8486629 -0.5289322 -0.001426398 0.9152685 -0.4028001 -0.005975008 0.9206251 -0.3904449 -0.001537382 0.2470376 -0.8820642 0.4011673 0.3906037 -0.6752241 0.6257006 0.5045945 -0.8633431 0.004823267 0.2091601 -0.3645427 0.9073923 0.2514185 -0.6494764 0.7176135 0.07601642 -0.2677133 0.9604952 -0.004341781 -0.2948874 0.9555222 0.005614101 -0.004511058 0.9999741 0.1034679 -0.158589 0.9819084 0 -0.001886785 0.9999983 -0.001279473 0.999999 6.56584e-4 -0.001012325 0.9999929 -0.003649234 0 1 0 0 1 0 -4.56316e-4 0.9999859 -0.005301356 -4.56641e-4 0.9999859 -0.005301594 0 1 0 -0.001012325 0.9999929 -0.003649353 -4.56051e-4 0.9999859 -0.005289196 -0.001010119 0.999993 -0.003625392 -0.002019524 0.9999715 -0.007287681 -0.002019464 0.9999715 -0.007281243 -0.00101155 0.999993 -0.003634393 -0.001348555 0.9999989 6.91992e-4 -0.03794747 -0.00550127 -0.9992646 -0.04987245 0.08632761 -0.9950178 -0.1062072 -2.28966e-6 -0.9943441 0.007779717 -0.005332589 -0.9999555 0.01166439 0.007689952 -0.9999024 -5.78232e-6 0 -1 -0.9936965 -0.0633406 0.09249413 -0.9807623 -0.1263116 0.1488311 -0.9807285 -0.1264368 0.1489478 -0.9605773 -0.1886318 0.2042286 -0.9165931 -0.04825288 -0.3968991 -0.9767829 0.01356834 -0.2138018 -0.9768083 0.01361089 -0.2136827 -0.996955 0.07485103 -0.0218687 -0.994522 0.07944941 0.06792682 -0.9983361 0.02362823 0.05260139 -0.9983358 0.02362835 0.05260568 -0.9987934 -0.03219515 0.03708642 0.9998314 -0.002430975 -0.01820176 0.9996995 -0.006382465 -0.0236665 0.9997052 -0.006238281 -0.02346712 0.9995293 -0.01020497 -0.02893656 -0.05188792 -0.01519912 -0.9985373 0.01596486 1.46161e-4 -0.9998726 0.01594221 1.35727e-4 -0.999873 0.08365571 0.01547163 -0.9963746 0.6883956 0.0134896 -0.7252101 0.6864997 0.01946365 -0.7268697 0.6864985 0.01946747 -0.7268706 0.6845866 0.02540177 -0.7284889 -0.999642 0.007687568 -0.02563077 -0.9998603 0.001273334 -0.01666808 -0.9998595 0.001308977 -0.01671802 -0.9999568 -0.005087614 -0.007781744 0.2999786 -0.06203311 0.951927 0.4618116 -0.008935689 0.886933 0.4619534 -0.008899629 0.8868595 0.6084185 0.04450678 0.7923675 0.6890757 -0.04064309 -0.7235488 0.5851879 -0.008038103 -0.810858 0.5850818 -0.008017599 -0.8109347 0.4698869 0.0247367 -0.88238 -0.6182044 -0.7852849 0.03392678 -0.2960447 -0.9543704 0.03917592 -0.6296541 -0.7768666 -0.003741621 -0.3863723 -0.922289 -0.009967029 -0.003722965 -0.9855367 0.169421 -0.02498519 -0.9959947 0.08585113 -0.07213401 -0.997322 0.01206654 0.4509962 -0.879333 -0.1528925 0.5656541 -0.8231951 -0.04883903 0.5656659 -0.8231879 -0.04882478 0.6649265 -0.7447658 0.05653977 0.9919779 0.09097033 -0.08777362 0.9168927 0.3920433 0.07489889 0.916863 0.3921044 0.07494193 0.7292164 0.6450244 0.2284448 -0.6788191 0.0258246 0.7338514 -0.6831416 0.01267099 0.7301761 -0.6831334 0.0126962 0.7301833 -0.6873157 -4.66292e-4 0.7263588 -0.01201808 0.9999241 -0.00273931 -0.005971372 0.9999812 -0.001361072 -0.00601089 0.999981 -0.001370251 0.6983901 0.4946855 -0.5172402 0.9493688 0.3138411 -0.01423829 0.9325575 0.3134216 -0.1791744 0.953269 0.1838513 -0.239744 0.9494234 0.3136792 -0.01417076 0.9840831 0 0.1777088 -0.8668801 -0.4981925 -0.01797908 -0.856158 -0.5167053 0.003018736 -0.8561685 -0.516688 0.002998948 -0.8447058 -0.5346941 0.02396786 0.9953334 0.03816652 -0.08862739 0.9961432 0.05557757 -0.06789672 0.9989638 0.02798134 -0.03589636 0.9989651 0.0279746 -0.0358656 0.9961445 0.05561125 -0.06784933 0.9962233 0.07297027 -0.04705941 -0.8462937 -0.4969549 0.1918927 -0.9459948 -0.3230561 0.02699482 -0.9459959 -0.323053 0.02699011 -0.9819621 -0.1274025 -0.1397106 0.6824339 0.725916 0.08561646 0.5254459 0.8148876 0.2446728 0.525427 0.8148936 0.2446934 0.3380503 0.856705 0.3895877 -0.4520595 -0.7438208 0.4923139 -0.5814558 -0.1803953 0.7933264 -0.6300402 -0.7062472 0.3228999 -0.7705618 -0.4995349 0.3958529 -0.7705601 -0.4995409 0.3958486 -0.7961387 -0.5515556 0.2488968 0.1361821 0.9795274 0.1482589 0.2909785 0.9560663 0.0356208 0.2909802 0.9560658 0.03562068 0.4349392 0.8970522 -0.07826572 0.7647454 -0.02322375 0.643914 0.7293795 0.006761133 0.6840758 0.7293962 0.006748378 0.6840582 0.6912982 0.03672391 0.7216358 0.02154648 -0.9947817 -0.0997253 0.6134737 -0.7837496 -0.09688496 0.4049912 -0.9141265 -0.01884168 0.6135841 -0.7836772 -0.09677225 0.8261835 -0.5524857 -0.1103644 0.9579336 -0.2860341 0.02340799 0.1801242 0.9835736 -0.01176279 -0.005304932 0.9980825 -0.06167072 -0.005292773 0.9980862 -0.06161123 -0.02626216 0.9898696 0.1395301 0.3020465 0.9532852 -0.00390619 0.3021591 0.9532494 -0.003952026 0.5913237 0.7929439 -0.146889 -0.9499472 0.225679 -0.2160306 -0.9938889 0.0298072 0.106285 -0.9939023 0.02989667 0.1061337 -0.8946285 -0.1702699 0.4130958 -0.2733575 -0.9457384 -0.1756551 0.07035821 -0.995847 -0.05778044 0.07047319 -0.9958407 -0.05774772 0.4047369 -0.9119043 0.0679602 0.5871826 0.8036625 -0.09666144 0.4643847 0.8852722 -0.02530449 0.4643454 0.8852933 -0.0252844 0.3290905 0.9431394 0.046772 0.8856552 -0.4578586 0.07733392 0.7966918 -0.603156 -0.03853636 0.7966839 -0.6031659 -0.03854715 0.6738697 -0.722878 -0.1527968 0.7220962 0.6911266 -0.03035181 0.6984205 0.7156874 6.73849e-4 0.6984202 0.7156878 6.73505e-4 0.698395 0.7157123 7.04963e-4 0.4990826 0.8665496 -0.002933025 0.2258887 0.9730556 0.04623007 0.01385438 0 0.9999041 0.006948173 0.06940209 0.9975646 0.006935179 0.06940078 0.9975649 0.006938636 0.06943488 0.9975624 0.00693494 0.06943452 0.9975624 0 0.1384989 0.9903626 -0.9824036 0.04234749 -0.1819062 -0.9824395 -0.1778574 -0.05638742 -0.9824246 -0.1779568 -0.05633312 -0.9193199 -0.3867213 0.07278496 -0.710414 0.7017525 -0.05343604 -0.701521 0.7102405 -0.0585401 -0.7015088 0.7102519 -0.058546 -0.6924967 0.7186079 -0.06364917 0.668637 0.741045 0.06145638 0.8325034 0.5512307 -0.05552333 0.8325612 0.5511394 -0.05556297 0.9326301 0.3191874 -0.1682874 0.9819772 0.1257742 -0.1410737 0.9451871 0.3252429 0.02895826 0.9451834 0.3252526 0.02896714 0.8421664 0.5019673 0.1969385 -0.6748464 0.7236931 -0.1443978 -0.794578 0.6062133 -0.03393071 -0.7945802 0.6062105 -0.03392952 -0.8822996 0.4641975 0.07789903 -0.2893126 -0.05683529 -0.955546 -0.518782 -0.009469807 -0.8548542 -0.5189041 -0.009434521 -0.8547804 -0.7146122 0.03857672 -0.6984564 -0.377945 0.09708005 0.9207243 -0.6635293 0.02574914 0.7477071 -0.6636697 0.02573204 0.747583 -0.8718857 -0.04862093 0.48729 0.4519374 -0.8868433 -0.09623706 0.6016756 -0.798487 -0.02013069 0.6017 -0.7984687 -0.02012062 0.7297606 -0.6813472 0.05670607 0.7488006 0.656688 -0.08976966 0.7215217 0.6905315 -0.05072206 0.7215524 0.6904963 -0.0507636 0.6918048 0.721992 -0.01156622 -0.03894734 -0.3168779 0.9476664 0.03259378 -0.02326905 0.9991979 -0.03284108 -0.2112448 0.9768813 -0.03292047 -0.211264 0.9768745 0.01759719 0.3560729 0.9342926 -0.007250666 0.4840021 0.8750368 -0.8983272 -0.1549654 -0.4110888 -0.8809662 -0.4346439 -0.1870382 -0.8809632 -0.4346591 -0.1870169 -0.7502121 -0.6583715 0.06106442 -0.0424056 -0.9989802 0.0155065 -0.02117991 -0.999721 0.01046186 -0.02119249 -0.9997207 0.01046729 0 -0.9999854 0.00541085 -0.02693206 0.999548 -0.01337021 0.01671302 0.9996638 0.01982486 0.01671665 0.9996639 0.01982021 0.01210439 0.9609641 0.2764083 0.01675087 0.9996628 0.01984685 0.06034332 0.9967705 0.05298548 -0.4467066 -0.8913331 -0.07732188 -0.2971007 -0.9539178 0.04209464 -0.2970979 -0.9539184 0.0421018 -0.1354601 -0.9778099 0.1598075 -0.8864014 -0.4525178 0.09757262 -0.9932107 -0.1114724 -0.03326261 -0.9932271 -0.1113144 -0.033302 -0.9561162 0.2458999 -0.1592956 0.7850586 -0.6090593 0.1128262 0.5879057 -0.8084941 -0.02653592 0.5877756 -0.8085865 -0.02660465 0.3328871 -0.9287108 -0.1633482 0.4040901 0.0642488 -0.91246 0.495215 -0.006700456 -0.8687446 0.4952531 -0.00673598 -0.8687227 0.5788163 -0.07758623 -0.8117586 -0.9335298 -0.004914164 -0.3584662 -0.7635816 -0.002238869 -0.6457075 -0.8475878 -0.1620384 -0.5053105 -0.717454 -0.3093653 -0.6241418 -6.63779e-7 0 1 -0.024181 0.9996937 0.005276799 -0.009902119 0.9999506 8.92748e-4 -0.0019719 0.9999952 0.002422213 -0.002525508 0.9999969 -9.0392e-6 0.01991409 0.9028584 0.4294769 0.001329779 0.9979128 0.06456249 -0.04563111 0.9862765 0.158671 -0.01947945 0.9998086 0.001886487 -0.002838492 0.9999918 -0.002877473 0.004821419 0.9999836 -0.003125011 -0.006303846 0.999976 -0.002884328 0.01307851 0.9999144 -5.31336e-4 0.02617996 0.9996567 -0.001062989 0.2756132 -0.1632224 0.9473099 0.357382 -0.2231141 0.9069168 0.4413965 -0.4584205 0.7713753 0.388915 -0.5115438 0.7662037 0.02005988 0.999254 0.0330044 -0.03507459 0.9987366 -0.03598624 -0.03508162 0.9987362 -0.03599143 -0.0899536 0.9904264 -0.1047092 -0.66285 0.1605554 0.7313357 -0.7057725 0.009337723 0.708377 -0.7057449 0.009500145 0.7084024 -0.9302513 -0.07629078 0.3589044 0.8923993 0.1003636 0.4399439 0.738464 -0.00927329 0.6742292 0.7384684 -0.009286046 0.6742241 0.7383576 -0.009327054 0.6743448 0.5238674 0.06848746 0.8490421 0.5174853 -0.1181324 0.8474986 -0.933597 -0.004899203 -0.3582912 -0.9492061 -0.04195266 -0.3118458 -0.9946069 -0.07581919 0.07077258 -0.9945929 -0.07589584 0.07088655 -0.9945932 -0.0758866 0.07089227 -0.9749117 -0.1405889 0.1725745 0.9913638 0.1121479 0.06797671 0.9710729 0.02685713 0.2372679 0.9710693 0.0268532 0.2372831 0.9154993 -0.05944019 0.3979046 -0.9346518 0.3286042 0.1358137 -0.8351143 0.5495652 0.02371376 -0.8350645 0.5496425 0.0236718 -0.6760106 0.7313645 -0.09008765 -0.2219967 -0.9724553 0.07105135 -0.4489476 -0.8913546 -0.06271415 -0.4490246 -0.8913122 -0.0627653 -0.6418681 -0.7424335 -0.191828 -0.1926503 0.3471 0.9178276 -0.736751 0.02001833 0.6758678 -0.7368402 0.0199728 0.675772 -0.890979 -0.09217113 0.4445907 -0.09651446 0.06638741 0.9931152 -0.266108 -0.02301257 0.9636685 -0.2661332 -0.02302575 0.9636613 -0.4256818 -0.1115857 0.8979665 -0.8856165 0.09427911 -0.4547473 -0.7429838 -0.0128104 -0.6691868 -0.7428947 -0.01286053 -0.6692848 -0.5424063 -0.118945 -0.8316535 0.9662566 0.002527236 -0.2575689 0.9840268 1.95009e-4 -0.1780202 0.9832757 0.001781105 -0.1821148 0.9645822 0.002574026 -0.2637705 0.5583568 0.1349307 -0.8185545 0.7587022 0.02922743 -0.6507818 0.7587956 0.02916997 -0.6506755 0.8987855 -0.07881408 -0.4312461 -0.09653675 -0.9921048 0.08005368 0.3823288 -0.9199756 0.08642733 0.2153694 -0.9483885 0.232756 0.2154424 -0.9483494 0.2328481 0.5662591 -0.8209867 0.07301855 0.8146637 -0.539745 0.2121286 -0.04603165 0.08383536 -0.9954158 0.1772032 -0.005632162 -0.9841582 0.17734 -0.005683839 -0.9841333 0.3903368 -0.09484934 -0.9157733 -0.3138554 -0.9417288 -0.1210028 -0.09118437 -0.995797 -0.008582234 -0.09110713 -0.9958046 -0.008540391 0.1375049 -0.9849823 0.1044138 0.6746186 0.7248361 0.1396512 0.8784375 0.4778396 -0.004118323 0.8785172 0.4776925 -0.004180848 0.9740366 0.1717914 -0.1474458 0.03182435 0.9993837 -0.01481616 0.01768875 0.9992129 -0.03550869 0.01770919 0.9992136 -0.03547942 0.003535985 0.9984177 -0.05612295 -0.001103281 -0.002182126 0.999997 0.03352767 -0.02348709 0.9991618 -0.003247022 -4.68536e-4 0.9999946 -0.008222043 0.006919503 0.9999424 -0.003133416 -4.37934e-4 0.999995 -0.001081645 -0.002138972 0.9999971 -0.001082062 -0.002138972 0.9999971 -4.63027e-7 0 1 -0.001081347 -0.002138197 0.9999971 1.72119e-6 0 1 9.44952e-7 0 1 -0.003133416 -4.37996e-4 0.999995 -0.6710902 0.7398409 -0.04767972 -0.8045195 0.592812 0.03636395 -0.8045892 0.5927148 0.03640788 -0.9006124 0.4180893 0.1187384 -0.9902582 0.09574031 -0.1011061 -0.9400656 -0.004095196 -0.3409693 -0.9400186 -0.004157423 -0.3410981 -0.823988 -0.1036993 -0.5570371 0.9165009 0.314049 -0.2477889 0.8122408 0.5734515 -0.1068571 0.8121784 0.5735508 -0.106797 0.6282589 0.7767228 0.04463666 -0.5277151 0.09807771 -0.8437404 -0.3272468 0.008761823 -0.9448984 -0.3271197 0.008723676 -0.9449427 -0.1074771 -0.08110958 -0.9908935 -0.9253267 0.08003586 0.3706277 -0.9868942 -0.004660964 0.1613016 -0.9869167 -0.00472033 0.1611618 -0.9943901 -0.0891503 -0.05692619 0.4071335 0.06762158 0.910862 0.2303583 -0.03145188 0.9725975 0.2303519 -0.03145956 0.9725988 0.0432471 -0.1290786 0.990691 0.7754968 0.1452144 0.6144245 0.7376199 0.09582853 0.6683815 0.7376212 0.09582865 0.66838 0.6947023 0.04581683 0.7178368 -0.0159915 0.9998497 0.006709814 -0.01567137 0.9998506 0.007299721 -0.01562565 0.9998508 0.007384002 -0.01558905 0.9998508 0.007462084 -0.01552385 0.9998507 0.007590293 -0.01537185 0.9998508 0.007889389 -0.833758 0.1784445 -0.522499 -0.6473215 0.1026446 -0.7552741 -0.7153918 -0.0517174 -0.6968069 -0.647703 4.17054e-4 -0.7618928 0.2856538 -0.9554992 -0.07364338 0.7991794 -0.5955581 -0.08138138 0.5372657 -0.8431463 -0.02121239 0.7200835 -0.6850885 -0.1101521 0.7992466 -0.5954685 -0.08137798 0.9450687 -0.3251894 0.03311961 0.9478234 -0.3187952 -7.85319e-4 0.9732604 -0.2268626 0.03602111 0.9736415 -0.2227119 0.04921114 0.2010737 0.06073045 -0.9776918 0.3427149 -0.0262351 -0.939073 0.3427176 -0.02623468 -0.9390721 0.4744024 -0.1124258 -0.8730996 0.7933488 0.6060172 0.05780076 0.882856 0.46885 -0.02729469 0.8828595 0.4688431 -0.02730083 0.9422926 0.3156866 -0.1114754 -0.4880815 0.8719515 0.0384311 -0.1148595 0.9921758 0.04893374 -0.4003337 0.9147726 0.05407571 -0.1147397 0.992196 0.04880535 -0.1147227 0.9921969 0.04882603 0.1526139 0.9728264 -0.1741206 -0.8769764 -3.13488e-4 -0.4805335 -0.9671986 1.29641e-4 -0.2540217 -0.8798965 -1.56867e-4 -0.4751654 -0.9681732 0 -0.2502815 -0.9805021 -0.00121957 -0.1965049 -0.9578477 -0.00183171 -0.2872708 -0.9804754 -0.001209139 -0.1966382 -0.8565092 -4.78483e-5 -0.5161319 -0.695405 -4.95151e-4 -0.718618 -0.7620103 0.6472468 -0.02029955 -0.9414685 0.3369758 -0.009185373 -0.7647125 0.6442919 -0.01013523 -0.9918884 0.1123197 -0.05951362 0.8969136 0.104125 -0.4297722 0.9582442 0.02394944 -0.284947 0.9582577 0.02392113 -0.2849039 0.9897255 -0.0569638 -0.1311436 -0.9193705 0.3933646 -0.004710555 -0.8350543 0.5501677 -1.04055e-4 -0.9004455 0.4345182 -0.01979458 -0.9004302 0.4345496 -0.01980119 -0.8349545 0.5503191 -7.96914e-5 -0.6083552 0.7927551 -0.03799158 -0.3261495 0.9445073 0.03914839 -0.2913966 0.9561638 -0.02896422 -0.08340126 0.9948802 -0.0570752 0.07150405 0.9972887 0.01739919 0.522509 0.852406 -0.01971483 0.3567638 0.9327049 0.05273622 0.7739499 0.6331939 0.008190155 0.8707025 0.4918097 -8.25035e-4 0.9270403 0.3749361 0.004388332 0.9343622 0.3563236 -9.76132e-4 -0.9173855 0.01760888 0.3976101 -0.667419 -0.002732157 0.7446776 -0.8381139 0.02197521 0.5450525 -0.6673905 -0.002706289 0.744703 -0.6673902 -0.002707064 0.7447033 -0.6282047 0.02845376 0.7775277 -0.5768218 0.8091497 0.1120423 -0.4140872 0.9101055 0.01548945 -0.4140741 0.9101115 0.01548516 -0.2323212 0.9691928 -0.08180695 -0.6067724 0.09191185 -0.7895439 -0.4768359 0.009827792 -0.8789374 -0.476849 0.009832561 -0.8789303 -0.3318274 -0.07257252 -0.9405445 0.02863645 0.2412732 0.9700346 0.002769291 0.183202 0.9830715 0.002769947 0.1831957 0.9830726 -0.02309411 0.1243143 0.9919741 -0.006174623 0.9997034 -0.02356481 0.008593678 0.9998432 -0.01548051 0.008571147 0.9998431 -0.01550209 0.02354252 0.9996961 -0.007310092 0.9830554 0.1769369 0.04791128 0.9995898 0.01597934 -0.02377063 0.9995903 0.01592248 -0.02378517 0.9848083 -0.1455476 -0.09470307 -0.007640004 0.9919369 0.1265022 0.03122967 0.9717158 0.2340795 0.03123641 0.9717073 0.2341137 0.06968253 0.9383656 0.3385473 -0.9763037 -0.01989859 -0.2154884 -0.9660696 -0.2495688 -0.06652033 -0.9660658 -0.2495862 -0.06651085 -0.883342 -0.4605143 0.0873695 0.7664089 -0.04590874 -0.6407105 0.7234839 0.006106555 -0.6903143 0.7234601 0.006133019 -0.6903389 0.6754725 0.05810093 -0.7350928 -0.7630304 -0.6463627 0 -0.7000069 -0.6140768 0.3645547 -0.6999747 -0.6141152 0.3645519 -0.6999419 -0.6140413 0.3647392 -0.6999328 -0.6140525 0.3647379 -0.5402941 -0.4970681 0.6789741 -0.674578 0 -0.7382037 -0.699261 0.1907247 -0.6889545 -0.6992399 0.190732 -0.6889739 -0.6992616 0.1909018 -0.6889047 -0.5334854 0.3329682 -0.7775124 -0.4308021 0.491005 -0.7571815 -0.6015586 0.06405752 0.7962563 -0.6836378 -0.005865633 0.729798 -0.6836408 -0.005868136 0.7297952 -0.7547054 -0.0757032 0.6516816 -0.8229619 0.06555497 -0.5643017 -0.6154334 -0.06871795 -0.7851876 -0.6153273 -0.06877315 -0.785266 -0.3401832 -0.19547 -0.9198189 0.3999835 -0.9090451 -0.1168345 0.6151437 -0.7854501 0.06831097 0.615154 -0.7854409 0.06832522 0.7713293 -0.5866081 0.2468649 -0.7944623 -0.02802258 0.6066666 -0.7366417 0.02786237 0.6757091 -0.7366437 0.02785861 0.675707 -0.6705448 0.08342981 0.7371629 0.00473088 0.1737831 -0.9847727 0.004737138 0.1738517 -0.9847605 0 0.1454164 -0.9893706 0.01136976 0.2864274 -0.9580345 0.01163119 0.2864097 -0.9580367 0.02318352 0.136632 -0.9903506 0.5521447 0.8163218 -0.1695731 0.3281396 0.9445427 0.01279437 0.3281629 0.9445348 0.0127778 0.07144725 0.9784229 0.1938663 0.9619245 0.07705277 -0.2622292 0.9422562 0.1195034 -0.3128454 0.9422611 0.119495 -0.3128339 0.9181277 0.1613547 -0.3619477 -0.01019406 0.9949255 -0.100097 0.0522629 0.9984849 -0.01722311 0.05229103 0.998484 -0.01718759 0.1141721 0.9912729 0.06590008 0 0.9999964 -0.00270456 0.03290349 0.9994455 0.005115211 0.0328871 0.999446 0.005112588 0.06574547 0.9977528 0.01292258 -0.9585013 0.09711045 0.2680388 -0.9823361 0.03576529 0.1836753 -0.982336 0.03576463 0.1836761 -0.994926 -0.02595549 0.09720337 0 0.04145228 -0.9991405 -0.002399325 0.0464639 -0.9989171 -0.002399027 0.04646402 -0.9989172 -0.002417087 0.04650098 -0.9989153 -0.002416968 0.04650104 -0.9989153 -0.004794478 0.05146855 -0.9986631 0.5202748 0.1360672 0.8430895 0.3221876 0.04153054 0.9457646 0.3220942 0.04148328 0.9457983 0.1050344 -0.05550295 0.9929186 0.5949498 0.8037622 0.001078546 0.9875642 0.1571853 -0.003118336 0.833567 0.5523993 -0.004610061 0.9503303 0.3112341 -0.002407431 0.9875938 0.157 -0.003105163 0.9982988 0.05772757 -0.008187353 0.9999938 -0.001966714 -0.002937197 0.9999808 -0.006026089 -0.001523554 0.9999722 -0.007407963 9.01571e-4 0.9999721 -0.007423818 9.06945e-4 0.9999807 -0.006017684 -0.00155729 0.9999801 -0.00594139 0.002146482 0.9999721 -0.007424056 8.99176e-4 0.9999801 -0.005951702 0.002148985 0.2313175 -0.01193827 -0.9728052 0.6081038 -0.00658226 -0.7938302 0.4182975 -0.004438877 -0.9082993 0.418305 -0.00441128 -0.908296 0.6080952 -0.006563365 -0.793837 0.6049528 0 -0.7962614 0.9418984 -0.335893 0.001858532 0.9999438 -0.005895018 -0.008815169 0.9535866 -0.08534699 0.2887709 0.9369002 -0.2503741 0.2439893 0.8660115 -0.01626837 0.4997593 0.9803696 -0.1481816 0.1300681 0.8777654 -0.2491622 0.4092019 0.9650495 -0.003662705 0.2620422 0.9803992 -0.1481165 0.129919 0.9999707 0.006073236 0.004651486 0.951251 -0.308353 -0.006327092 0.7686095 -0.6265962 0.1289053 0.9803892 -0.14816 0.1299448 0.8910631 -0.4537605 -0.01039558 0.9512246 -0.308435 -0.006297528 0.8911393 -0.4536111 -0.01037728 0.9380936 -0.3463777 -0.001733303 -0.9982594 0.02585196 -0.05301004 -0.9982594 0.02585655 -0.05300778 -0.9982557 0.02588337 -0.05306309 -0.9982557 0.02588361 -0.05306303 -0.9930359 0.05164921 -0.1058864 -0.2414406 -0.9551317 -0.1715515 0.03136849 -0.9988752 -0.03555911 0.03150713 -0.9988734 -0.03548544 0.3013842 -0.9478304 0.1038514 0.9762861 -0.1163729 0.1825456 0.8745259 -0.4848396 0.01162326 0.9418402 -0.3360561 0.001861274 0.5739169 -0.8188962 -0.005339741 0.6083874 -0.04409754 0.7924143 0.7453395 0.05035901 0.6647805 0.7453565 0.05036878 0.6647608 0.8494961 0.1426187 0.5079532 0.05154001 0.01487183 -0.9985602 0.001156985 -0.001342654 -0.9999985 -0.2135092 0.006487607 -0.9769195 -0.3462644 0.00188297 -0.9381352 -0.6113703 0.0211752 -0.7910615 0.1200574 0.01338112 -0.9926768 0.03397244 -0.00116223 -0.9994221 -0.1516965 0.004309117 -0.9884177 -0.2870901 -5.00107e-4 -0.9579035 -0.5056608 0.01474672 -0.8626064 -0.9999964 0.002674758 -5.92124e-6 -0.9999979 0.001268386 0.001667201 -0.9772485 0.01294869 0.2117022 -0.9474879 0.01810085 0.3192789 -0.7971104 0.0342018 0.6028642 -0.9883158 -0.01349008 0.1518222 -0.9989715 -0.03087407 0.0332089 -0.9996417 -0.01909679 0.01876467 -0.999711 -0.0121898 0.02072274 -0.9999635 0.008547008 0 -0.9935764 -0.008118867 -0.1128724 -0.939792 -0.00321412 0.341732 -0.9793086 0.003799915 -0.2023372 -0.9919052 0.1121766 -0.05950176 -0.9793462 0.003794968 -0.2021549 0.002485871 0.9996765 -0.02531409 -0.01493966 0.9882543 0.1520862 -0.0149241 0.9882543 0.1520878 -0.003967881 0.9181329 0.3962528 -0.01495379 0.9882292 0.152248 0.03211849 0.8268505 0.5615042 0.6846958 -0.1177512 -0.719254 0.8717569 -0.1009737 -0.4794207 -0.1718377 -0.02661776 -0.9847657 -0.3051507 0.05078947 -0.9509488 -0.1665301 -0.01908051 -0.9858518 -0.4308584 0.1269057 -0.8934518 -0.4924744 0.04116976 -0.8693527 -0.6257437 -0.01275342 -0.7799246 -0.7653337 0.005487203 -0.6436104 -0.8678326 -0.01309549 -0.4966843 -0.9527793 0.04071414 -0.3009217 -0.06889379 0.997559 -0.01139903 0.353719 0.9353259 -0.006959795 0.1839373 0.9822643 -0.03638446 0.3538911 0.9352608 -0.006962001 0.5850012 0.8108441 0.01747894 0.797398 0.6033765 -0.009661257 -0.6567972 0.171712 -0.7342565 -0.6526059 0.1267659 -0.7470181 -0.6505326 0.03270894 -0.7587738 -0.6424658 -0.03769332 -0.7653869 -0.6287489 -0.1563685 -0.7617243 0.3654534 0.9261493 0.09322756 0.1795038 0.9829694 -0.03936517 -0.01408118 0.9998247 0.01233839 -0.2085079 0.9775595 -0.03003263 -0.3888688 0.9145309 0.1114204 -8.04789e-4 0.9999729 -0.007322192 -0.00198543 0.999996 0.002082824 -0.00299263 0.9998756 0.01549077 -0.002597093 0.9998617 0.01642763 -0.001855552 0.9999954 0.0024333 0.06093251 0.9981272 -0.005438864 0.03901445 0.999216 -0.006745576 7.46169e-4 0.9999596 -0.008962869 3.65712e-4 0.999984 -0.00563991 -0.182807 -0.5059645 -0.8429601 -0.07854503 -0.4000651 -0.9131149 0.01632148 -0.1657174 -0.9860382 -0.04060411 -0.5440285 -0.8380838 -0.1985373 -0.5915549 -0.7814384 -0.009945154 -0.3833928 -0.923532 -0.182824 -0.5059689 -0.8429536 -0.02944052 -0.4188941 -0.9075577 0.03767871 -0.4159242 -0.9086184 -0.02948349 -0.4189055 -0.9075511 -0.07857519 -0.4000805 -0.9131056 -0.3240469 -0.3845678 -0.8643503 -0.4046878 -0.3433697 -0.8475406 -0.01582306 -0.04445171 0.9988863 -0.009570538 -0.3336517 0.9426479 -0.1074026 -0.2698142 0.9569039 -0.01757514 -0.6267333 0.7790357 -0.01867485 -0.479548 0.8773169 -0.0742253 -0.8267613 0.5576347 -0.5130171 -0.8350865 0.1986051 -0.2492301 -0.968423 0.00642246 -0.2492523 -0.9684176 0.0063892 0.02207767 -0.997095 0.07289808 -0.2490761 -0.9684632 0.0063349 0.3007816 -0.9536895 -0.002588272 -0.8549196 -0.5185692 0.01409846 -0.9338035 -0.3573816 0.01701325 -0.9950681 -0.09905898 0.00519061 -0.9950718 -0.09902125 0.005198657 -0.9950718 -0.09902065 0.005195915 -0.9994359 -0.02625811 0.02094286 -0.7823115 -0.622853 0.006566345 -0.7735818 -0.6336485 -0.007809519 -0.7559598 -0.654618 -5.49681e-4 -0.7177002 -0.6962921 -0.009159505 -0.8818724 -0.4711164 -0.01872426 -0.9998894 -0.007808566 -0.01265805 -0.9998489 0.002456486 0.0172162 -0.9990244 0.007996082 0.04343336 -0.9988285 0 0.04839092 -0.9993342 -1.02957e-4 -0.0364874 -0.9994516 -0.01930886 -0.02689975 -0.9995958 -0.007648706 -0.02738207 -0.004446566 0.9999751 -0.005483686 -0.05432474 0.9975399 -0.04430723 -0.06488734 0.9953353 -0.0713967 -0.01424854 0.9997768 -0.01560169 0.00478959 0.9998767 0.01495587 0.06975489 0.9975029 0.01105058 -0.02429288 0.9996752 -0.007707893 0.00409913 0.9973046 0.07325869 0.03678703 0.9989476 0.02739793 -0.002388954 0.875704 0.4828425 0 0.8750674 0.4840011 -0.001895129 0.9287384 0.3707312 -0.003470897 0.8719551 0.4895736 0.07723009 0.9297105 0.3601027 0.07722342 0.9297186 0.3600831 0 0.9287951 0.3705939 0.004102826 0.9972945 0.0733968 -0.004482746 0.9999749 -0.005499184 -0.01038438 0.8756831 0.4827746 -0.001986265 0.872064 0.4893878 0.004437565 0.8757221 0.4827954 0 -0.6221534 0.7828955 -0.006009042 -0.6208335 0.7839195 0.2057615 -0.4067838 0.8900502 0.06434696 0.9979215 0.003479063 0.07465982 0.9971659 0.009283125 0.07457172 0.997173 0.009233176 0.08490741 0.996275 0.01506209 0.758406 -0.001174807 0.6517816 0.7585686 -7.65206e-4 0.6515929 0.7581895 -8.29447e-4 0.6520339 0.758199 -8.16631e-4 0.6520228 0.7586397 -5.85445e-4 0.6515101 0.9377514 -0.001333832 0.3473048 0.7581992 -8.23712e-4 0.6520226 0.7577238 -7.7943e-4 0.652575 0.7581664 -9.89863e-4 0.6520605 0.7582 -8.26868e-4 0.6520217 0.7577983 -6.86763e-4 0.6524885 0.758361 0 0.6518348 0.758502 -5.53991e-4 0.6516706 0.7584974 1.94531e-4 0.6516762 0.8871403 -0.003857553 0.4614839 0.9844911 -0.01837575 -0.1744701 0.9723117 -0.005446612 0.2336247 0.6346228 -0.0276857 -0.772326 0.8222526 -0.007262408 -0.5690765 0.9844747 -0.01841771 -0.1745577 0.9329752 -0.03058409 -0.3586389 0.9997484 0.01525372 -0.01645088 0.9930982 -0.08884984 -0.07656216 0.9982725 -0.04450732 -0.03835469 0.9992325 -0.0296747 -0.02557003 -0.2192652 -0.9755668 0.01387357 0.03050386 -0.9981105 0.05333954 -0.9989196 3.55206e-4 0.04647183 -0.8450986 0.4373104 0.3075192 -0.8499785 0.484358 0.2072054 -0.4348174 0.8083658 0.3968359 -0.09133583 0.2224239 -0.9706624 -0.4323188 0.2972043 -0.8513343 -0.2159175 0.07712876 -0.9733606 -0.4882963 0.1146323 -0.8651162 -0.4325007 0.2972195 -0.8512367 -0.628576 0.369439 -0.6844027 -0.02963382 0.3545704 -0.9345597 -0.004590272 0.1206081 -0.9926897 0.003935933 0.08551353 -0.9963293 0.01571398 -0.02501809 -0.9995636 0.07727771 0.929761 0.359962 0.2701733 0.9627739 0.008534431 0.2568904 0.9664101 0.007675111 0.1802404 0.9835528 -0.01171851 0.2718667 0.9622917 0.009131252 0.06984734 0.9974964 0.01106721 0.2106189 0.9774277 0.01658409 0.2338533 0.9722698 -0.002007842 0.2718711 0.9622904 0.009131252 0.006911993 0.2863094 -0.9581124 0.006276786 0.1699285 -0.9854364 0.001383364 0.2865934 -0.9580513 -0.049892 0.08646017 -0.9950053 0 0.1352913 -0.9908059 0.01413279 -0.009949803 -0.9998507 0.02830624 0 -0.9995993 -0.1061891 -3.8246e-7 -0.994346 -0.0198965 6.74444e-4 -0.9998019 -0.01990133 0.00218749 -0.9997996 0.03163379 0.007906258 -0.9994683 0.07122015 0.01877766 -0.9972839 0.07112646 0.01648807 -0.997331 -0.4377927 0.1446121 0.8873698 -0.2252696 0.08553296 0.9705348 -0.2252601 0.08556485 0.9705342 -0.2251101 0.0855053 0.9705743 -0.225114 0.08549147 0.9705746 0 0.02171897 0.9997642 0.1741886 -0.3008235 -0.9376373 0.08765244 -0.3567452 -0.9300807 0.08764934 -0.3567392 -0.9300833 0.08752185 -0.3568118 -0.9300674 0.08752441 -0.3568157 -0.9300657 0 -0.4089299 -0.9125658 -0.6490646 0.03751331 -0.7598079 -0.6484616 0.02813428 -0.7607272 -0.6484637 0.02816689 -0.7607243 -0.6478094 0.01878267 -0.7615709 0.1382658 -0.5356975 -0.8330132 0.686624 -0.08597558 -0.7219112 0.1623071 -0.2969277 -0.941005 0.6612237 -0.1559611 -0.7337979 0.9055161 -0.04681086 -0.4217221 0.7749642 0.02328324 -0.6315761 -0.2491414 -0.9624476 0.107811 -0.1249744 -0.9910394 -0.04714262 -0.124957 -0.9910405 -0.04716342 0.004254162 -0.9797359 -0.2002487 0.2644658 -0.001705586 -0.9643936 0.1633392 -0.001661181 -0.9865686 -0.1781826 0.001027941 -0.9839969 -0.2799427 9.45767e-4 -0.9600163 -0.1783519 9.77469e-4 -0.9839664 -0.5015819 -9.0761e-4 -0.8651098 -0.6952861 -4.78742e-4 -0.718733 0.7552178 -0.03000426 -0.6547869 0.9056522 0.01470994 -0.4237661 0.9621452 0.1854163 -0.1997435 0.9353646 0 -0.3536852 0.850699 1.57071e-5 -0.5256532 0.7361577 0 -0.6768101 0.6684543 1.8248e-5 -0.7437532 0.5163852 2.30044e-5 -0.8563566 0.4319171 0 -0.9019134 0.2547279 4.53799e-6 -0.9670129 0.1620381 0 -0.9867845 -0.02628481 0 -0.9996545 -0.1219393 -1.83738e-5 -0.9925376 -0.3060845 1.81023e-5 -0.9520044 -0.3945369 0 -0.9188801 -0.4787733 0 -0.8779386 -0.4787735 0 -0.8779386 0.008894443 -0.005772709 -0.9999439 0.01073968 -0.01059293 -0.9998862 0.01073312 -0.01057946 -0.9998865 0.01258283 -0.01529181 -0.999804 -0.8953667 9.06281e-4 0.445329 -0.8112162 0.1171841 0.5728842 -0.7465158 0.08835244 0.6594756 -0.475669 0.1746658 0.8621084 -0.2745144 0.06300359 0.9595168 -0.03086543 0.1323789 0.9907186 -0.02480566 -0.0013327 -0.9996914 -0.002167463 -1.1663e-4 -0.9999977 0.1723177 -0.001449823 -0.9850404 0.2715648 -0.001488864 -0.962419 0.1724982 -0.001435935 -0.9850088 0.5101947 6.86904e-4 -0.8600587 0.7126441 4.34985e-4 -0.7015257 -0.0363835 -0.9599767 -0.2777065 -0.1124485 -0.9440054 -0.3101763 -0.08480161 -0.9746939 -0.2068347 0.006175279 -0.9969989 -0.077169 -0.01712685 -0.9975427 0.06793725 -0.01641052 -0.998549 0.05129182 -0.9825798 0.1845732 0.02167397 -0.997526 0.07021611 -0.003419935 -0.9975215 0.07028079 -0.003407597 -0.9985801 -0.04503703 -0.02845144 0.9773635 0.1475485 -0.1516242 0.9942063 0.09462481 -0.05099231 0.9942071 0.09461224 -0.05099916 0.9942237 0.09452676 -0.05083447 0.9942229 0.09453737 -0.05082851 0.997909 0.0403676 0.05047988 0.9999809 0.006191551 0 0.9993358 0.001976966 -0.0363869 0.9997047 0.001315534 -0.02427113 0.9993374 -0.001115322 -0.03638184 0.9997047 0.001316368 -0.02426666 0.9993382 -0.001116096 -0.03636002 0.8695822 0.468266 0.1566968 0.988166 0.1501446 0.03137701 0.8591635 0.2506723 0.4460961 0.8591601 0.2505087 0.4461944 0.8591576 0.2505138 0.4461962 0.7359721 0 0.6770119 -0.01024556 0.002919971 -0.9999433 -0.02116197 8.95354e-4 -0.9997757 -0.01902115 0.002339303 -0.9998164 0.04786652 0.01017695 -0.998802 0.1108585 0.02466833 -0.9935301 0.002930581 -4.95265e-4 -0.9999956 0.003006875 -5.08184e-4 -0.9999954 0.09869128 0.01586997 -0.9949916 -0.003976821 -0.9839612 0.1783385 -0.00264728 -0.7010439 0.7131133 -0.06266605 -0.8409173 0.5375232 -0.002769768 -0.7009476 0.7132074 0.02881526 -0.5084289 0.8606218 -0.03295856 -0.2113964 0.9768446 -0.3234419 0.4174445 0.8491911 -0.1996163 0.1863047 0.962 -0.1996142 0.1863071 0.9619999 -0.1995227 0.1861241 0.9620544 0.09216427 0.1462835 0.9849401 0.3769837 -3.77791e-4 0.9262198 -0.8702923 0.05303603 0.4896718 -0.9659826 0.1829993 0.1827265 -0.9461718 -0.06428098 0.3172175 -0.9461895 -0.06444084 0.3171325 -0.9461959 -0.0644313 0.3171149 -0.9268629 -0.3371861 -0.1650179 0.999995 0.003192365 0 0.9949374 -0.003193914 0.1004464 0.9931038 -0.001727819 0.1172261 0.9793419 -0.008061766 0.202051 0.994937 -0.003198504 0.1004497 0.9420601 0.007906615 0.3353509 0.9988418 0.04622745 -0.01334315 0.9784643 0.06050902 -0.1973487 0.9434474 0.1551886 -0.2929568 -0.9683103 0.03759777 -0.2469043 -0.9658655 0.1260324 -0.2263177 -0.9675492 0.1770522 0.1802809 -0.9675025 0.1772031 0.1803835 -0.9675009 0.1771957 0.180399 -0.8380966 0.4248186 0.3422328 0.005832552 -0.9316539 -0.3633002 -0.00369668 -0.9999932 -1.02993e-4 -0.0423693 -0.9773786 -0.20721 -0.08636409 -0.9947012 -0.05577605 -0.1674793 -0.941846 -0.2913362 -0.08650386 -0.9946839 -0.05586642 -0.4127816 -0.8405056 -0.3509443 -0.002775311 0.002555429 -0.999993 -0.09216266 -0.004871785 -0.9957321 -0.0582574 -0.006722152 -0.998279 -0.05219352 -0.006395339 -0.9986165 0.005134403 -0.001539707 -0.9999856 0.007353961 0.00169152 -0.9999716 -0.2212738 4.83492e-4 0.9752117 0.05109041 0.1184726 0.9916421 -0.04004889 0.1929762 0.9803858 0.1439603 0.3719504 0.9170215 -0.9327442 0.007683157 -0.3604573 -0.699699 0.02513206 -0.7139956 -0.9153687 0.009543597 -0.4025037 -0.701542 -3.38012e-4 -0.7126281 -0.3717747 0.008547723 -0.9282837 -0.4043729 0.03657639 -0.9138627 -0.2905223 0.06138271 -0.9548974 0.1367158 -9.63408e-4 -0.99061 0.09740573 -0.005298495 -0.9952307 -0.1577783 0.002088904 -0.9874724 0.859472 0.1580601 -0.4861324 0.6973476 0.1286816 -0.7050868 0.4913221 -0.003716409 -0.87097 0.3867592 -0.01322293 -0.922086 0.5327144 -0.0153346 -0.8461562 0.005545198 0.2865962 -0.9580354 -0.002924501 0.1741778 -0.98471 -0.007269561 0.2874561 -0.9577663 0.004428863 0.06723231 -0.9977276 0 0.1451275 -0.989413 -0.07196152 -0.9973725 -0.008342623 -0.01200824 -0.997251 -0.07311928 0.2187398 -0.9754818 -0.0242567 0.3653303 -0.9303316 -0.03189021 0.6406442 -0.7639397 0.07727313 1.54432e-4 0.9994829 0.03215718 6.47929e-5 0.9994932 0.031834 2.63681e-5 0.9994976 0.03169548 1.42864e-4 0.9994851 0.03208881 1.42916e-4 0.9994851 0.03208881 0 0.9994996 0.03163146 -0.9699375 0.1880241 -0.1544941 -0.9803213 0.09456992 -0.1732825 -0.9347003 0.1558076 -0.3194672 -0.9347031 0.1557408 -0.3194916 -0.9803305 0.09442728 -0.1733081 -0.9816933 0 -0.1904688 0.9987832 -0.04920065 -0.003360629 0.999567 -0.004884421 -0.02901667 0.9972869 -0.01206672 -0.07261836 0.9960712 -0.02217948 -0.08573365 0.9799501 -0.1937472 0.04647451 0.9949745 -0.09736663 0.02335917 0.9999894 -0.00162357 -0.004328608 0.9918617 0.0101701 -0.126914 0.966579 0.02050745 -0.2555473 0.9918426 0.01016646 -0.1270631 0.8794202 -0.02772253 -0.4752387 0.7410806 -0.03631293 -0.6704335 0.02483391 -0.1799612 0.9833603 -0.01160705 -0.1017159 0.9947459 -0.1038703 -0.07467693 0.9917834 -0.1036981 -0.07463991 0.9918043 -0.01163381 -0.1016082 0.9947565 0.1455751 0.08306741 0.9858538 -0.6485595 -0.003484666 0.761156 -0.1263931 -0.05674028 0.9903562 0.02108514 0.002746999 0.9997739 0.04083204 -0.1721239 0.9842287 0.08643889 0.0190711 0.9960746 -0.1262376 -0.05671042 0.9903778 -0.01884025 0.0478661 0.9986761 0.02110606 0.002738595 0.9997735 -0.04592639 0.001411259 0.9989438 0.599042 0.272817 0.7528078 0.1439318 0.2192461 0.9649947 -0.01164525 -0.1015773 0.9947596 -0.00332868 -0.9999925 -0.001999318 -0.003328561 -0.9999925 -0.001999557 -0.01247131 -0.9999217 -0.001002311 -0.2680343 -0.9632545 -0.0172761 -0.2507744 -0.9677337 0.02457457 -0.06928437 -0.9960414 -0.05568909 0.2699305 -0.9555951 0.1182188 0.2139781 -0.9302636 -0.2980316 0 -1 6.13274e-7 0 -1 0 0 -1 5.15838e-7 0 -1 3.4761e-7 0 -1 0 0 -1 1.21984e-7 0 -1 -2.70908e-7 0 -1 -3.85427e-7 0 -1 0 0 -1 1.4457e-7 0 -1 1.29392e-7 0 -1 -3.883e-7 7.42372e-5 -0.9999869 -0.005127668 0.00461471 -0.9999806 -0.004191577 0.002410292 -0.9999952 -0.001995384 0.002363026 -0.9999953 -0.001956701 0.004612982 -0.9999806 -0.004190146 0.002362549 -0.9999953 -0.001956582 0 -1 7.10993e-7 0 -1 7.28903e-7 0 -1 -6.9888e-7 -0.01249134 -0.9999215 -0.00100404 -0.003312468 -0.9999926 -0.001990139 0.00932157 -0.9999371 -0.006258308 -0.01142156 -0.4866174 0.8735406 0.1075142 -0.8078168 0.5795453 -0.2138344 -0.7687273 0.6027712 -0.04753047 -0.8938176 0.4459048 0.9100398 0.3191385 -0.2645342 0.9789202 0.1859519 -0.08448302 0.9789206 0.1859478 -0.08448618 0.9789455 0.1858758 -0.084356 0.9789481 0.1858548 -0.08437269 0.9940499 0.04245203 0.1003137 0.270113 -0.9555439 0.1182147 0.504615 -0.8633314 0.004756033 0.3062764 -0.9032985 -0.3004109 0.2528924 -0.8969842 -0.3625808 0.5046084 -0.8633357 0.004675924 0.4341916 -0.7492617 -0.5000846 0.30075 -0.8511647 -0.4301955 0.4341925 -0.7491605 -0.5002354 0.2005314 -0.7410627 -0.6407912 -0.07358586 0.1283646 0.9889933 0.1816373 0.002191424 0.9833632 -0.1765069 0.1357008 0.9749003 -0.1764178 0.1356501 0.9749235 0.2652913 -0.1663452 0.9497104 0.2754855 -0.1631103 0.9473662 -0.07893598 0.03191214 0.9963688 -0.6708958 -0.7376162 0.07629752 -0.4045415 -0.9061484 0.1234564 -0.3802511 -0.9096899 0.1669534 -0.3801158 -0.9097338 0.1670223 -0.2373793 -0.9664908 0.09770816 0.2152992 -0.9483847 0.2328364 -0.2523298 -0.9676299 -0.004699707 -0.02938795 -0.9991266 -0.02970725 0.3451153 -0.9381747 0.02690517 0.3451967 -0.9381451 0.02689421 0.1754915 -0.9843237 0.01759624 0.5323475 -0.846373 -0.01609361 0.6419515 -0.7655736 0.04237389 0.1262644 0.02213823 -0.9917496 0.3205562 0.03439068 -0.9466051 0.3735653 -0.007769167 -0.9275714 0.5994794 0.04662704 -0.7990309 0.5994737 0.04660958 -0.7990362 0.775359 -0.06367295 -0.6283026 -0.7331981 -0.6787068 -0.04216295 -0.3127411 -0.9496261 -0.02008438 -0.3957093 -0.9183743 0.001739621 -0.2133813 -0.9768493 -0.01529598 -0.312594 -0.9496755 -0.02004218 0.1588788 -0.9871326 0.01807987 0.3724337 -0.9278318 0.02052897 0.5487762 -0.8353325 0.03262245 0.6328228 -0.7676399 0.1013129 -0.7333197 -0.6785809 -0.0420745 -0.9561793 -0.2916102 0.02616995 -0.9320614 -0.3616083 -0.02238678 -0.9809986 -0.1932392 0.01732891 -0.9562392 -0.2914183 0.02611595 0.9999535 -0.005281865 -0.008071064 0.9989651 0.02797061 -0.03586757 0.9999865 2.23185e-4 -0.00519675 0.9983026 -0.05822366 -0.001354038 0.9959101 -0.09032154 -0.002271294 0.9836584 -0.1800131 0.003390669 0.5048202 0.8628472 0.02552127 0.4542409 0.8902681 -0.03298449 0.4541 0.8903355 -0.03310716 0.400573 0.9117115 -0.09123194 0.009629189 -0.01565241 0.9998311 -0.001858234 0.006172895 0.9999793 7.73275e-5 -0.002588033 0.9999967 0.002871334 -0.004683971 0.9999849 -0.004368424 -0.008202552 0.9999569 -0.007636606 -0.02752435 0.999592 -0.01223683 -0.03727203 0.9992303 -0.01242977 -0.03140884 0.9994294 -0.01820945 -0.00258553 0.999831 -0.00871241 -0.002981901 0.9999576 -0.01040625 0.008219003 0.9999121 -0.002670228 -9.52458e-4 0.9999961 -0.1139184 -0.002325952 0.9934874 -0.002216815 -6.75906e-4 0.9999974 -0.001852989 -8.23893e-4 0.999998 -0.1887542 -1.84851e-5 0.9820244 0.2154902 0.9547528 0.2049662 -0.09071403 0.9957993 0.01244872 -0.09071141 0.9957996 0.01244652 -0.09084224 0.995789 0.01233452 -0.09086686 0.9957862 0.01237255 -0.3850516 0.9048029 -0.1818436 -0.9998005 -9.91375e-5 0.01997661 -0.9999191 -0.004820644 0.01177519 -0.9999485 0.001645565 0.01002138 -0.9918174 -0.04010701 -0.1212013 -0.9480097 -0.04181212 -0.3154829 -0.8831869 -0.06854689 -0.4639853 -0.878232 -0.09130561 -0.469438 0.7372972 -0.6726875 0.06232523 0.8393062 -0.5373142 -0.08281779 0.8392988 -0.5373276 -0.08280533 0.8995103 -0.3752155 -0.2238181 -0.8110045 0.5604483 0.1678377 -0.941327 0.3331878 0.05375385 -0.9413312 0.333169 0.05379664 -0.9413841 0.3330339 0.05370748 -0.9413844 0.3330326 0.05371028 -0.9948098 0.0785318 -0.06470173 0.3839235 -0.9032189 -0.1918289 0.08365952 -0.9964805 0.005270898 0.083651 -0.9964812 0.005256474 0.08355712 -0.9964886 0.005372047 0.08352738 -0.9964913 0.005323529 -0.2282157 -0.9524779 0.2017507 0.1354943 0.9629121 0.2333276 0.01823246 0.990507 0.1362479 0.01824122 0.9905058 0.1362555 -0.09952449 0.9943878 0.03588694 -0.07788759 -0.9966543 -0.02477645 0.004233181 -0.999989 0.002039074 0.0342738 -0.9994121 -8.7552e-4 0.00479418 -0.999984 0.003002285 0.0342527 -0.9994128 -8.72373e-4 0.004796445 -0.9999841 0.002999067 -0.04370605 -0.9988839 -0.01791483 -0.003484547 -0.9999898 0.002924025 -0.01961326 -0.9997692 0.008782267 0.0169354 -0.999856 -0.00115931 0.004919588 -0.9999842 0.00272125 0.02115166 -0.9995806 -0.01978367 0.007590353 -0.9998979 -0.01210546 0.006087064 -0.9999562 -0.007111191 -0.04268705 -0.9990751 -0.005184113 -0.01876771 -0.9997878 -0.008497953 0.02113497 -0.9995813 -0.01976794 0.004117965 -0.9999895 0.002013385 -0.03927898 -0.9991073 -0.01554971 -0.01874184 -0.9997882 -0.008506476 -0.001367628 -0.9999685 -0.007829308 0.007616639 -0.9998978 -0.01209652 -0.07803797 -0.9966415 -0.02481704 0.6959174 0.6937704 -0.1854227 0.8874583 0.4606656 -0.01431977 0.887458 0.4606661 -0.01431918 0.887531 0.4605296 -0.01418948 0.887537 0.4605173 -0.01421362 0.9722352 0.1720017 0.158664 1.57523e-5 0 -1 -0.01280796 -0.1140817 -0.9933889 -0.01280176 -0.1140825 -0.9933888 1.82803e-6 0 -1 -2.15807e-5 0 -1 -3.13671e-5 0 -1 0.482562 0.8758552 -0.003432095 0.6546927 0.7553202 0.02948051 0.8501209 0.5205646 -0.07941621 0.8502085 0.5204374 -0.07931256 0.8018609 0.5941641 -0.06315088 0.9384121 0.342091 0.04854649 0.9779394 0.2082147 -0.01677167 0.9916164 0.1256547 0.03013151 0.9779549 0.2081328 -0.0168823 0.9906713 -0.113985 0.07468545 0.9579716 -0.2859156 0.02329963 -0.396148 -0.8259308 0.4011297 -0.08923977 -0.9946097 0.05280101 -0.1791485 -0.9750558 0.1310424 -0.1790513 -0.975077 0.1310169 -0.1994299 -0.9285478 0.3130922 -0.9917322 -0.0587421 -0.1140909 -0.9998952 0.003721117 -0.01399755 -0.9993078 0.007149457 -0.03650981 -0.9964706 0.07298856 0.04146087 -0.8744738 -0.4512149 0.178047 -0.7139484 -0.7001619 0.007142961 -0.7139623 -0.7001482 0.007110238 -0.7138661 -0.7002471 0.007010817 -0.7138561 -0.7002572 0.007034659 -0.4698113 -0.8672609 -0.1647302 0.9967702 -0.02357393 -0.07677018 0.9270588 0.02743756 -0.3739109 0.9506101 0.008107006 -0.3102819 0.9269915 0.02743566 -0.3740777 -0.03451818 -0.4988509 0.8660001 0.01879644 -0.558121 0.8295468 0.007575452 -0.7581872 0.651993 -0.003837227 -0.9733663 0.2292238 0.007551431 -0.7582423 0.6519293 -0.005011558 -0.9516916 0.3070147 -2.36619e-6 0 -1 -1.31986e-6 0 -1 -0.0139352 -0.9902361 -0.1387024 -0.02903056 -0.999561 -0.00592339 -0.02904099 -0.9995608 -0.005918741 -0.04825598 -0.998835 4.13829e-4 0.03114891 0.005459129 -0.9994999 -0.3966266 0.04554152 -0.9168497 -0.2159782 0.07704883 -0.9733535 -0.3629568 0.08443599 -0.9279726 -0.65826 0.06158941 -0.750267 -0.8341619 0.08351743 -0.5451595 -0.810468 -0.5260829 0.2576401 -0.7447506 -0.667312 0.006418943 -0.3026742 -0.9433236 0.1361221 -0.2193492 -0.9755479 0.01386624 -0.5405595 -0.8411858 0.01421016 -0.2325341 -0.9725883 -3.5365e-4 -0.001112937 -0.9992402 -0.03896176 -0.03908294 -0.006127953 0.9992172 -0.0787993 0.01314979 0.9968038 -0.04515027 0.01409357 0.9988809 0.003447055 0.01870346 0.9998192 -5.2496e-4 0.008138954 0.9999668 0.001659452 -0.005266129 0.9999848 -0.009977996 -0.009804666 0.9999022 -0.01710605 0.005943119 0.9998361 -0.00970304 -0.001869797 0.9999513 8.76153e-4 -0.01001262 0.9999495 0.7588389 -0.6210306 0.1961749 0.9279413 -0.3724217 0.01507121 0.9279366 -0.3724343 0.01505064 0.9279872 -0.3723109 0.01498407 0.9279829 -0.3723223 0.01496374 0.9827051 -0.07783788 -0.1680243 0.05528175 -0.04911476 0.9972622 -0.00802356 -0.06630516 0.9977672 -0.001906991 -0.03591459 0.9993531 -0.001962065 -0.03591543 0.999353 -0.008198082 -0.06624323 0.9977699 -0.03877937 -0.01842731 0.999078 -0.003825604 0.007005453 0.9999682 -0.02000814 0.002269864 0.9997972 0.01863563 -0.01962685 0.9996337 0.01803165 -0.008300781 0.999803 -0.09337413 -0.03368967 0.995061 -0.02758771 -0.008828461 0.9995805 -0.01951074 0.04483509 0.9988039 0.04429024 0.01690971 0.9988757 0.01249986 -0.00360018 0.9999155 -0.03035551 0.03328573 0.9989848 -0.1030578 0.02782565 0.9942862 -0.02686512 0.004651129 0.9996283 -0.005221962 0.004483461 0.9999763 0.0302605 -0.02844244 0.9991374 -0.00290811 0.03630673 0.9993365 -0.1143163 -0.007821738 0.9934136 -0.03954529 0.01109755 0.9991562 -0.0349223 0.0699045 0.9969422 -0.03260761 0.06392443 0.9974219 0.01763087 -0.01717323 0.9996971 -0.03377407 0.08386486 0.9959046 0.01144075 -0.02505737 0.9996206 0.013022 -0.03035175 0.9994544 9.22658e-4 0.003585219 0.9999932 -0.004893481 0.04237014 0.99909 -4.2524e-4 0.03552281 0.9993688 -0.006383061 0.01353228 0.9998881 -0.005914628 0.01018375 0.9999307 -0.001020491 0.00294727 0.9999952 -0.001021146 0.002943754 0.9999952 0.002351343 0.002731382 0.9999936 -0.4380258 0.01919579 0.8987574 -0.2964761 0.01180428 0.9549674 -0.03299546 0.01768171 0.9992992 -8.7218e-4 1.33114e-4 0.9999997 4.95148e-4 -0.004629433 0.9999892 1.52141e-6 0 1 0.0200423 -0.003731012 0.9997922 -8.53009e-4 1.30213e-4 0.9999997 0.00448352 -0.0166459 0.9998515 0.009967565 -0.01323717 0.9998628 -0.5186721 -0.853308 0.05333626 -0.6116528 -0.7910725 -0.009236276 -0.6300321 -0.7764664 -0.01264035 -0.7753404 -0.6314114 -0.01292306 -0.9275456 -0.3720369 -0.03532648 -0.8151839 -0.5789213 -0.01803183 -0.6301096 -0.7764028 -0.01267784 -0.6939687 -0.7195539 -0.0254904 -0.717682 -0.6963108 -0.00916773 0.00321716 -0.02292537 0.9997321 -0.09091001 -0.09320932 0.9914875 -0.1252706 -0.15543 0.9798719 -0.2564681 -0.2902078 0.9219563 0.01899355 -0.08434695 0.9962554 0.01208305 -0.0536521 0.9984866 0.00321567 -0.02292871 0.999732 0.01207727 -0.05364364 0.9984871 -0.008411228 0.003789842 0.9999575 -0.999914 0.00587511 0.0117256 -0.9998952 0.003712952 -0.01400196 -0.9999842 1.31508e-4 0.00563234 -0.9999933 -0.002655684 0.002516806 -0.9999843 1.9243e-4 0.005605399 -0.9999934 -0.002644777 0.002505719 -0.2506687 -0.5795346 -0.7754384 -0.4016066 -0.7276371 -0.5561084 -0.2670723 -0.7789697 -0.5673435 -0.2915989 -0.8561425 -0.426603 -0.1912121 -0.8909198 -0.4119463 -0.9720133 -0.1744827 0.157309 -0.8869474 -0.4616295 -0.0149241 -0.8869513 -0.4616216 -0.01493883 -0.8868945 -0.4617279 -0.01501876 -0.8868943 -0.4617282 -0.01501774 -0.6959167 -0.6937715 -0.1854213 0.1116459 0.3599482 0.9262681 0.03215831 0.826792 0.5615878 0.02362304 0.8342753 0.5508419 0.01014041 0.9407342 0.3389933 0.0235607 0.8343822 0.5506827 0.03331583 -0.4863778 0.8731132 0.4220174 -0.07467067 0.9035075 0.3396266 -0.2032434 0.9183388 0.4323269 -0.04986464 0.9003373 0.4220287 -0.07465296 0.9035035 0.4477475 0.001076877 0.8941595 0.4519392 -3.00982e-4 0.8920487 0.9992833 0.02062565 -0.03174173 0.9988741 0.04261088 -0.02085703 0.9995317 0.02735179 -0.01372361 0.9995189 0.03065776 -0.004711806 0.9999944 -0.003309786 5.08624e-4 -0.5819562 -0.7997347 0.1474837 -0.3217359 -0.946658 -0.0180214 -0.5699095 -0.8195053 0.06011825 -0.3215903 -0.9467059 -0.01810044 -0.321586 -0.9467076 -0.01809209 -0.02385467 -0.9831075 -0.1814685 0.01291799 -0.9998161 0.01417559 0.01046782 -0.9999449 8.73398e-4 0.01583302 -0.9998696 0.003183245 0.01465266 -0.9998347 -0.01077818 0.01944428 -0.9979681 -0.060678 0.01699537 -0.9966185 -0.08039182 0.04216331 -0.9973611 -0.05910128 0.08453196 -0.9963859 0.008339345 0.07520997 -0.9968133 0.02658772 0.06669104 -0.9969783 0.0398333 0.01383191 -0.999724 0.01898741 -0.01164436 -0.9999176 0.005416035 -0.004769563 -0.9999873 0.001658022 0.007799625 -0.9996663 0.02463084 0.0029096 -0.999879 0.01528722 2.04603e-4 -0.9999054 0.01375949 0.002398371 -0.9997652 0.02153873 0.003018379 -0.9999848 -0.004621446 0.9552229 0.2845099 -0.08126109 0.9896837 0.08857244 0.1126104 0.9989012 -0.04647082 -0.006078422 0.9521178 -0.3040758 0.03177487 0.9511566 -0.3087092 0 0.8391953 -0.5438303 0 0.77717 -0.6292908 0 0.6523581 -0.7397951 -0.1647186 0.5440796 -0.8390337 0 0.3079504 -0.9514025 0 0.3079503 -0.9514025 0 0.05214291 -0.9986397 0 -0.0521422 -0.9986397 0 -0.2572107 -0.9663553 0 -0.3605093 -0.9325702 -0.01859569 -0.5461443 -0.8368654 -0.03718715 -0.6290847 -0.7764479 -0.03716403 -0.7751449 -0.6315099 -0.01859956 -0.8375768 -0.5463197 1.92118e-4 -0.9336185 -0.3582687 0 -0.9660657 -0.258297 0 -0.9986074 -0.05275636 0 -0.9986086 0.05273556 0 -0.9511857 0.3086192 1.09803e-5 -0.3095203 0.9508928 0 -0.3095203 0.9508929 0 -0.5451062 0.8383671 0 -0.6289906 0.777413 0 -0.5452725 0.8382589 0 -0.6291452 0.7772879 0 -0.7760596 0.6306596 2.55267e-5 -0.8387282 0.5445504 0 -0.9511572 0.308707 0 -0.951156 0.3087108 0 -0.9986032 0.05283588 -7.8436e-6 0.8394876 0.5400694 0.05988144 0.633801 0.7663415 0.1049625 0.5552262 0.8316994 1.47333e-4 0.3599067 0.9329884 0 0.2582488 0.9660785 0 0.05214214 0.9986397 0 -0.05214214 0.9986397 0 -0.296581 0.01178759 0.954935 -0.7898049 -0.267004 0.5521932 -0.6999101 0.06212693 0.7115239 -0.9392325 0.07568758 0.334834 -0.899594 -0.2095215 0.3831859 -0.9933905 -0.07524257 0.08668291 -0.4744995 0.8738251 0.1062067 -0.702542 0.7116397 0.001970231 -0.7024549 0.7117254 0.002032995 -0.8679153 0.4860537 -0.102346 -0.006271004 0.9999758 0.003033041 -0.003262937 0.9999941 -0.0010885 -0.03408801 0.9994183 -0.001023709 -0.002085447 0.9999969 -0.001376271 -0.002004981 0.999997 -0.00139898 -0.002028286 0.9999977 -7.34512e-4 -0.004342019 0.9999842 0.003592491 0.02850759 0.9995922 -0.00165373 -0.00194931 0.9999967 -0.001729846 -0.001987159 0.999997 -0.001494705 -0.001904189 0.9999966 -0.001820147 -0.002006649 0.9999977 -7.54395e-4 -0.002005338 0.9999977 -7.42834e-4 -0.001934587 0.9999967 -0.001742064 -0.007511854 0.9999709 0.001313626 -0.001823484 0.9999973 -0.001528084 0.02805602 0.9995949 -0.00479263 0.03299188 0.999441 -0.005423605 0.04035484 0.9991794 -0.003491461 -0.004698038 0.9999886 -9.48529e-4 -0.009926795 0.9999411 0.004410028 0.997491 0.07079362 2.78465e-7 0.9981122 -0.009465217 -0.06068456 0.9974857 0.07086879 -3.12179e-6 0.9731386 0.2287296 0.02615654 0.9400472 0.3388354 0.03875273 0.9155505 0.3947123 0.07726347 0.9497985 0.05255693 -0.3084162 0.9997414 -0.02273553 -5.97745e-4 0.9997408 -0.02276211 -4.4705e-4 0.9467234 -0.09573251 0.3074903 -0.8783422 -0.4656929 0.1079126 -0.8010404 -0.5218172 0.2933277 -0.543851 -0.8370271 0.06009733 -0.3839049 -0.919267 0.08697754 -0.6064946 -0.7833731 0.1359816 0.0213989 -0.9947906 -0.09966844 -0.7368006 0.6757098 0.02326655 -0.8957192 0.4207296 0.1437839 -0.9923292 -0.1235308 -0.004799902 -0.9923174 -0.1236233 -0.004843771 -0.9995045 0.00154072 0.03143823 -0.9479236 -0.3169663 -0.03119641 -0.8784247 -0.4655601 0.107814 -0.9451516 -0.2863622 0.1571153 -0.8783434 -0.4656922 0.1079061 -0.8743535 -0.4605769 0.1528885 -0.6887072 -0.6541526 0.3126771 -0.007375359 0.9997958 0.01881748 -0.008409202 0.9994567 0.03187096 -0.006400644 0.999688 0.02414363 -0.003034591 0.9999421 0.0103271 0 1 -1.36199e-7 0 1 0 0 1 0 -0.009116411 0.9997864 0.0185548 -0.004356205 0.999985 0.003340363 -0.001045942 0.9999974 0.002037286 -0.001051187 0.9999974 0.002046942 -0.004362106 0.9999848 0.003371 0 1 0 -0.001051187 0.9999974 0.002046823 0 1 4.49147e-7 0 1 -2.48946e-7 -0.08285611 -0.02939462 -0.996128 -0.08800506 0.1958652 -0.9766739 -0.03328853 0.07935786 -0.9962902 -0.06132638 0.2962424 -0.953142 -0.03328078 0.0792483 -0.9962993 -0.06119191 0.2961394 -0.9531826 0.05169332 0.211538 -0.9760019 0.002620697 -0.05000233 -0.9987457 -0.004606723 0.1205635 -0.992695 -0.01967006 0.02437365 -0.9995095 -0.006423652 -0.1163014 -0.9931932 0.01790344 -0.007283866 -0.9998132 0.05372202 0.06903982 -0.9961664 0.002619087 -0.05002039 -0.9987448 0.0157091 -0.02501696 -0.9995636 0.03653943 0.04413139 -0.9983574 0.01171916 -3.30819e-4 -0.9999313 -0.009447038 -0.0226795 -0.9996982 -0.005455791 -0.02245992 -0.9997329 -0.003940045 0.03004509 -0.9995409 0.002516448 0.01449865 -0.9998918 0.01675266 -0.0218482 -0.999621 0.04917567 0.05561858 -0.9972404 0.06443464 0.03578305 -0.9972802 0.005114078 0.001270592 -0.9999861 0.07556897 0.002598106 -0.9971372 -0.03660285 -0.007005214 -0.9993054 -0.06247448 -0.02134954 -0.9978182 0.01657205 -0.02193588 -0.9996221 0.003338575 -0.01437973 -0.9998911 0.01741337 0.01617008 -0.9997177 -0.03209877 -0.03031253 -0.999025 0.003356695 -0.01440399 -0.9998907 0.07553493 0.002589523 -0.9971398 0.09881442 0.04233193 -0.9942052 0.01552057 -0.003471791 -0.9998735 0.1284375 -0.1488075 -0.9804897 0.1598471 -0.1449158 -0.9764469 0.09042221 -0.04913741 -0.9946907 0.09040915 -0.04912346 -0.9946925 0.03745907 -0.04647749 -0.9982168 0.05114865 0.00154078 -0.9986899 -0.01156145 0.02402281 -0.9996446 0.03743243 -0.04649251 -0.9982171 -0.05389791 0.01703482 -0.9984012 -0.0421189 -0.01003193 -0.9990623 -0.03299206 0.0028584 -0.9994516 -0.03492903 0.03387755 -0.9988154 -0.02300667 0.06859415 -0.9973794 -0.01535987 0.006220877 -0.9998627 0.009969532 -0.00136888 -0.9999494 0.02612715 -0.07075959 -0.9971512 0.01080662 -0.03057736 -0.999474 0.007357835 -0.0222823 -0.9997246 0.01079732 -0.03051751 -0.9994759 0.007358431 -0.02230179 -0.9997243 -0.003981113 -0.03637069 -0.9993305 -0.001490294 -0.05311393 -0.9985874 -0.01084321 -0.04648071 -0.9988604 -0.03300613 0.002814173 -0.9994512 -0.06617796 -0.09354764 -0.993413 -0.003540813 0.02104055 -0.9997724 -0.0344066 0.02050381 -0.9991976 -0.09666937 -0.07509088 -0.99248 -0.0325483 -0.06131047 -0.9975879 -0.1027854 -0.0172556 -0.9945539 -0.07793229 -0.03699529 -0.9962721 -0.00390315 -0.008568704 -0.9999558 0.01575911 0.0400443 -0.9990737 -0.004754364 -0.02511793 -0.9996732 -0.03431433 0.02064043 -0.999198 -0.06167286 0.03052413 -0.9976297 -0.2656121 0.09325248 -0.9595594 -0.04695522 0.00807321 -0.9988644 -0.1232596 -0.001893103 -0.9923728 0.05219542 -0.03866106 -0.9978883 1.46049e-4 -0.002810895 -0.9999961 0.02019274 0.04310101 -0.9988666 -0.06663185 0.005200922 -0.9977641 -0.2656437 0.0932241 -0.9595534 -0.1741254 0.07716327 -0.9816957 -0.1234182 -0.001837432 -0.9923532 -0.1740146 0.07719826 -0.9817125 -0.05707514 0.02178323 -0.9981322 0.06916588 0.01166683 -0.997537 0.03994154 -0.007052421 -0.9991772 -0.01595318 0.05980956 -0.9980823 -0.04018765 0.0390194 -0.99843 -0.03587305 0.1319224 -0.9906108 -0.00393784 0.0300498 -0.9995407 0.003528177 0.06050539 -0.9981616 0.004355728 0.04605519 -0.9989295 0.00394088 0.08561509 -0.9963206 -0.009438574 -0.02263349 -0.9996994 -0.003507912 0.02112179 -0.9997708 0.04174983 0.05075418 -0.9978382 0.04729545 0.01504498 -0.9987677 0.02817839 -0.01946896 -0.9994133 0.03000873 -0.01935815 -0.9993622 0.705802 -0.689454 0.1627782 0.8797882 -0.4751968 0.01268148 0.8797846 -0.4752039 0.01266688 0.8798705 -0.4750469 0.01258742 0.8798638 -0.4750601 0.01256144 0.9669367 -0.2139365 -0.1387977 0.8753448 -0.4624602 0.1410755 0.9683598 -0.1751245 -0.1777939 0.9597928 -0.2771151 0.04477757 0.9849576 -0.006374597 -0.1726786 0.8670769 -0.005542397 -0.4981437 0.7153598 -0.1069451 -0.6905239 0.4639908 0.05398243 -0.8841937 0.1476849 -0.09376269 -0.98458 -0.2433013 0.07626998 -0.9669474 -0.5652439 -0.1266493 -0.8151437 -0.837522 0.121697 -0.5326791 -0.97826 0.06314384 -0.1975353 -0.9671942 0.2447938 -0.06790697 -0.9671974 0.2447795 -0.06791365 -0.9078117 0.4142972 0.06508362 0.004966974 -0.758782 0.6513258 -0.10637 -0.6017497 0.7915698 -0.1014576 -0.9208062 0.3765931 -0.1391135 -0.9526541 0.2703661 -0.2497229 -0.7607738 0.5990507 -0.4662614 -0.8532032 0.2337617 0.1243209 -0.09126174 0.9880363 0.0720877 0.02960318 0.9969589 -0.1507697 -0.2148193 0.9649463 -0.241014 -0.02745068 0.9701334 0.07198452 0.02966904 0.9969645 -0.4996572 0.005270242 0.8662072 -0.7255571 -0.01626378 0.6879698 -0.9361685 -0.1796984 0.3021542 -0.9050475 -0.09890049 0.4136517 -0.9039679 -0.05589079 0.4239321 -0.8882138 0.005369663 0.4593993 -0.9053129 0.01326078 0.4245383 -0.9100826 0.005587875 0.4143893 -0.9110553 0.008551597 0.4121955 -0.8983362 0.001493692 0.4393061 -0.9106988 0.01585906 0.4127665 -0.8702578 0.05295693 0.4897417 0.8506973 -0.312059 0.4230053 0.4196513 -0.1291238 0.8984541 0.3422582 -0.0636366 0.9374486 0.3421691 -0.06357485 0.9374853 0.4195271 -0.129012 0.8985283 0.08326911 -0.03998273 0.9957247 0.08313977 -0.04007965 0.9957316 0.006589412 -0.1597142 0.9871414 -0.3179876 -0.04117602 0.9472004 -0.3181174 -0.04106533 0.9471616 -0.02978527 -0.01218926 0.999482 -0.5717762 0.03725934 0.8195631 -0.7530221 -0.03939986 0.6568146 0.876431 0.09242391 -0.4725745 0.8539047 -0.006307482 -0.5203913 0.4921935 0.009192287 -0.8704373 0.4920986 0.009095132 -0.870492 0.6219173 -0.01285833 -0.7829774 0.2433795 -0.04968804 -0.9686576 0.06849718 0.00953108 -0.9976058 0.001168727 -0.01143568 -0.999934 0.3923045 -0.919812 -0.006562292 0.2377495 -0.9646969 0.1132923 0.2377597 -0.9646955 0.1132825 0.07360875 -0.9707375 0.2285835 -0.910864 -0.3620187 0.1981652 -0.7731783 -0.6341878 -0.001035571 -0.7731803 -0.6341856 -0.001040518 -0.7731019 -0.6342809 -0.001115858 -0.773097 -0.6342869 -0.001104295 -0.5327656 -0.82225 -0.2001646 -0.709221 0.01771205 -0.7047638 -0.5513818 0.06010532 -0.8320851 -0.2022175 -0.004828751 -0.9793288 -0.2020762 -0.00478059 -0.9793582 -0.3687686 0.01689064 -0.9293678 0.1518648 0.04986119 -0.9871429 0.415247 -0.008721292 -0.909667 0.6724541 0.04194486 -0.7389494 0.8519386 0.00833851 -0.5235754 0.9771754 0.03927487 -0.2087723 0.9990833 -0.008194446 0.04201692 0.9395716 0.03762376 0.3402789 0.8115512 0.001085162 0.5842805 0.5715567 0.03207284 0.8199357 0.3447929 -0.01414102 0.9385723 0.04013067 0.03246796 0.9986669 -0.2324398 -0.001821279 0.9726091 -0.538729 0.03268903 0.8418447 -0.7339928 -0.01138144 0.6790619 -0.9073649 0.03474831 0.4189052 -0.9908278 -0.01120758 0.1346653 -0.9738003 0.05118179 -0.2215706 -0.9265972 0.03066295 -0.3748033 0.948365 -0.02964353 -0.3157929 0.9506043 0.008107125 -0.3102997 0.9943595 -0.004243254 -0.1059778 0.9969846 0.03925055 -0.06694191 -0.4110106 -0.09530663 0.9066349 -0.6130276 -3.92899e-4 0.7900615 -0.6129492 -4.38917e-4 0.7901223 -0.7761104 0.09449517 0.6234768 -0.5116557 -0.128045 0.8495958 -0.7625374 0.05396372 0.6446895 -0.7624711 0.05389046 0.6447741 -0.9081385 0.2284629 0.3508407 0.9045668 0.05210089 -0.4231364 0.9543892 -0.1723381 -0.243805 0.9543808 -0.1723556 -0.2438257 0.9543863 -0.1725192 -0.2436884 0.9543823 -0.1725291 -0.2436975 0.9230457 -0.3822116 -0.0436027 -0.4457072 0.8888315 -0.1064133 -0.5421796 0.8400028 -0.02089458 -0.1659723 0.9861263 -0.002871513 -0.1658108 0.9861536 -0.00281161 -0.2511838 0.9679393 7.05577e-4 0.2257709 0.9730845 0.04619711 0.362762 0.9318071 0.01181071 -0.243034 0.457444 0.8553827 -0.1925363 0.3471697 0.9178252 -0.01368331 0.4379817 0.8988798 -0.01369965 0.4378011 0.8989675 -0.007188975 0.242973 0.9700064 -0.2643669 0.04083877 0.9635571 -0.9178197 -0.1045082 -0.3829951 -0.8405557 -0.01694512 -0.5414601 -0.8405997 -0.01699125 -0.5413904 -0.7307724 0.07119882 -0.6788979 -0.1597791 0.9527369 0.2583854 2.86417e-4 0.9999967 0.002574265 0.0128566 0.9998998 -0.005940794 0.02111518 0.9997408 -0.008512735 0.03094571 0.9993843 -0.01653659 0.01531106 0.9998681 -0.005425214 0.007426977 0.9999722 -7.67891e-4 0.003980457 0.9999866 0.003312408 0.006642103 0.9999707 0.003798127 0.01205337 0.9999079 0.006258726 0.00488013 0.9999865 0.00175482 6.84315e-4 0.9999991 -0.001230418 6.05872e-4 0.9999992 -0.001089215 0.004872083 0.9999867 0.001751244 6.05717e-4 0.9999992 -0.001088976 0 1 3.063e-7 0.455154 0.1344166 -0.8802086 0.06300598 -0.04188376 -0.9971339 -0.271101 0.09952789 -0.9573915 -0.2711943 0.09943246 -0.9573751 -0.1345111 0.06819069 -0.9885631 -0.5841495 -0.04447501 -0.8104266 -0.8009288 0.1252868 -0.5855052 -0.9036514 0.1031751 -0.4156552 -0.8009687 0.1253979 -0.5854268 -0.9757429 -0.02519327 -0.2174651 -0.9987114 0.04900223 -0.01321345 0.2914622 0.9563552 0.02084863 -0.07770121 0.9969767 -2.60965e-4 -0.178709 0.9838743 0.00736916 -0.4729328 0.8809272 -0.01738017 -0.5793039 0.8146927 -0.02613449 -0.7288067 0.6847072 0.004108905 -0.4730768 0.8808505 -0.01734238 -0.9448974 0.3273472 -0.003573119 0.8461709 0.531755 0.03509157 0.7343192 0.678708 0.0114417 0.2916372 0.9562999 0.02093601 0.5517332 0.8330329 0.04057955 0.2365891 0.9714387 -0.01823401 -0.3810151 -0.2565934 -0.8882496 -0.07775312 -0.064745 -0.9948682 -0.07777625 -0.06476074 -0.9948654 0.2363465 0.1361578 -0.9620818 0.9712618 -0.1745245 0.1618389 0.8989043 -0.01712179 0.4378105 0.8989484 -0.01719146 0.4377171 0.7311935 0.1420543 0.6672157 0.9295025 -0.08781784 0.3582083 0.8454925 0.03186959 0.5330355 0.8455052 0.03185266 0.5330162 0.7176038 0.1498598 0.6801375 -0.985137 0.00169605 0.1717627 -0.8704939 2.52906e-4 0.4921791 -0.7170941 3.49703e-4 0.6969764 -0.3890092 0.001324951 0.921233 -0.7169796 3.26871e-4 0.697094 -0.1140229 -0.002308011 0.9934754 -0.9693186 0.2313798 0.08297508 -0.9922413 0.1240966 0.007569849 -0.9996876 0.02096718 0.01360833 -0.9987087 -0.04548692 -0.02262318 -0.994184 -0.1052524 0.02281165 0.6988911 0.1933854 -0.688588 0.8606395 0.137651 -0.490257 0.9333881 -1.6775e-5 -0.3588688 0.9334538 -5.288e-7 -0.3586976 0.9334538 4.83217e-6 -0.3586976 0.9245691 -0.3308059 0.1890493 0.9886062 -0.1442704 0.04294216 0.9931252 -0.001693665 0.1170445 0.9854699 0.1695497 -0.01009279 0.9549002 0.2842653 0.08578538 -0.4156657 -0.00144118 0.9095164 -0.6817844 -0.01603215 0.7313776 -0.748623 0.0335381 0.6621472 -0.8953744 8.85062e-4 0.4453132 -0.748708 0.03360176 0.6620479 -0.8953706 9.56036e-4 0.4453209 -0.9406254 -7.60794e-4 0.3394455 0.8631295 0.2050513 0.4614776 0.5800409 -6.98511e-4 0.8145871 0.6035379 0.1159437 0.7888595 0.4456726 -0.01262271 0.8951071 0.4667775 -0.01323002 0.8842759 0.1542438 0.008966088 0.9879922 0.02229148 -0.01192396 0.9996805 -0.1707892 0.01459348 0.9851996 -0.4752246 0.01689004 0.8797026 0.7188925 0.3638745 -0.5922745 0.6173086 0.06325185 -0.7841745 0.4552221 0.1342769 -0.8801946 0.2801358 0.003080666 -0.9599555 -0.01020944 0.002928555 -0.9999436 0.01942539 0.007829666 -0.9997807 0.004441142 0.06710779 -0.9977359 0.02105677 -0.00829184 -0.999744 0.02319067 0.1364576 -0.9903745 0.09872096 0.01586979 -0.9949887 -0.8954514 9.01768e-4 0.4451585 -0.9814413 0.06675422 0.1797695 -0.983491 0.1309106 0.1249312 -0.9819803 0.1327804 -0.1344774 -0.9819802 0.1327761 -0.134482 -0.8823145 0.3574342 -0.3062061 0.1232373 -0.9796239 0.1585866 0.03233706 -0.9955986 0.08796507 0.1233665 -0.979583 0.158738 0.03689581 -0.9958199 0.08355534 0.3898794 -0.1050356 -0.9148561 0.6036167 -0.005298376 -0.7972571 0.6035017 -0.005365133 -0.7973437 0.7753216 0.09472918 -0.624422 0.9806566 -0.1904424 -0.04521703 0.9750905 -0.007628142 0.2216764 0.9750991 -0.007655918 0.2216374 0.8674917 0.1759514 0.465295 -0.02628833 0.9996128 0.009121119 -0.2806093 0.9502543 0.1351853 -0.007022798 0.9995657 -0.02862036 -0.007015287 0.9995652 -0.02863931 -0.1224889 0.9895834 -0.07563948 0.01231348 0.9977235 -0.06630343 0.944196 -0.264173 -0.1967397 0.9983092 0.05528497 0.01795881 0.9983092 0.05527889 0.01797157 0.9750974 -0.0118314 0.2214612 0.9983013 0.05539447 0.01805794 0.7984352 0.1414921 0.5852189 -0.9327909 0.007709562 -0.3603356 -0.9958276 0.05125176 -0.07550263 -0.9980701 0.02848398 0.05518019 -0.9205654 0.001589477 0.3905856 -0.8954381 9.31181e-4 0.4451853 0.9590587 0.03328841 -0.2812446 0.9969627 0.04324549 -0.06477147 0.9978314 0.01911187 0.06298834 -0.1032773 0.1626363 -0.9812662 -0.3525077 0.03481233 -0.9351612 -0.3524738 0.03483527 -0.9351732 -0.5733411 -0.09579396 -0.8136975 -0.9207822 -0.0837503 -0.3809805 -0.7884201 0.01422953 -0.6149726 -0.7885053 0.01416951 -0.614865 -0.5916383 0.1109986 -0.7985259 0.9839961 0.00174582 -0.178182 0.8678935 1.23163e-4 -0.4967503 0.7172589 9.80888e-5 -0.6968067 0.3979828 0.002498328 -0.9173895 0.7171297 7.27656e-5 -0.6969398 0.1121315 -0.00452882 -0.9936832 -0.9109704 0.138482 0.3885303 -0.7798916 -0.02844196 0.6252681 -0.7799108 -0.02842807 0.6252449 -0.5699601 -0.1924998 0.7988049 -0.5429173 -0.1137707 0.8320439 -0.7311355 -0.01529014 0.682061 -0.7310378 -0.01534289 0.6821645 -0.8698585 0.08418524 0.4860647 0.9147954 -0.1056986 0.3898428 0.7842898 0.02225995 0.6199953 0.7843728 0.02219748 0.6198925 0.586179 0.1482617 0.7965004 0.8992202 0.1215947 0.4202591 0.7984054 0.1414306 0.5852746 0.5779443 -0.04996049 0.8145455 0.2715694 0.04374933 0.9614241 -0.04483616 -0.1374008 0.9895003 -0.2362685 -0.111212 0.9653026 -0.04493182 -0.1375306 0.9894779 -0.2363577 -0.1113735 0.9652621 -0.3825413 -0.3467441 0.8564058 0.9755269 0.2198565 -0.003237307 0.9380924 0.3349295 0.08834689 0.9380863 0.3349432 0.08835887 0.879019 0.4423564 0.1778947 -0.4718295 0.1732059 -0.8645096 -0.7094719 0.1814038 -0.6809862 -0.8944035 0.03274106 -0.446061 -0.8724356 0.02190291 -0.488238 0.1010614 -0.1215842 -0.9874228 0.3531403 -0.004982233 -0.9355571 0.3530327 -0.005036532 -0.9355974 0.5769357 0.1119787 -0.8090773 -0.004206597 6.20784e-4 -0.9999911 -0.002871394 0.001008331 -0.9999955 -0.001308739 0.002298057 -0.9999966 0.00252068 -0.003411531 -0.9999911 0.002228319 -0.007137358 -0.9999721 -0.003521561 0.02102148 -0.9997729 -0.003544211 0.02104258 -0.9997724 0.002211391 -0.007142961 -0.9999721 -0.002696156 -0.006551802 -0.9999749 -0.006437361 -0.001785397 -0.9999777 0.009966015 -0.001352369 -0.9999495 0.007219374 -0.005135476 -0.9999608 0.002191007 -8.33673e-4 -0.9999973 0.01156151 -2.82745e-4 -0.9999332 0.002951622 6.66137e-4 -0.9999954 0.008224427 5.86053e-4 -0.9999661 5.07214e-4 0.002303838 -0.9999973 8.96209e-4 0.002428293 -0.9999967 5.65844e-4 0.002487123 -0.9999969 0.002834498 6.40978e-4 -0.9999958 0 0.002583026 -0.9999967 -0.001329779 0.002400338 -0.9999963 -0.001165866 0.002373218 -0.9999966 2.70885e-4 0.002334237 -0.9999973 -0.002534091 0.002639472 -0.9999934 -0.001405715 0.00238806 -0.9999962 -0.002530395 0.002638936 -0.9999934 -0.004207909 6.5734e-4 -0.999991 -0.002912402 9.6468e-4 -0.9999953 -0.002300739 -3.37978e-5 -0.9999974 -0.002345681 -3.07452e-5 -0.9999973 -0.002983093 9.82463e-4 -0.9999952 -0.004222393 6.25037e-4 -0.9999909 -0.002245604 -1.23465e-4 -0.9999975 -0.004215002 6.30075e-4 -0.999991 0.002523958 -0.003414034 -0.999991 0.002540767 -0.003416359 -0.999991 -0.004249155 5.8253e-4 -0.9999909 -0.001108407 -0.002029299 -0.9999974 0.002606153 -0.003376781 -0.9999909 -0.001092493 -0.002031028 -0.9999974 0.002255558 -0.007091403 -0.9999724 0.002196192 -8.33183e-4 -0.9999973 0.002815127 5.89912e-4 -0.9999959 0.002815067 5.9025e-4 -0.9999959 -1.2754e-6 0 -1 1.19813e-6 0 -1 -1.19813e-6 0 -1 2.55074e-6 0 -1 -0.002298235 -3.36622e-5 -0.9999974 -0.9969665 -0.07780617 -0.002062201 -0.969465 0.02278548 -0.2441689 -0.969499 0.02272552 -0.2440398 -0.8746482 0.1217676 -0.4692156 0.5881154 0.1281309 0.7985631 0.5880382 0.1280956 0.7986255 0.732325 -0.005847513 0.6809303 0.4445363 0.1585916 0.88161 0.5879996 0.1282441 0.79863 0.444411 0.1587257 0.881649 0.2803692 0.3527813 0.8927142 -0.1173413 -0.07994246 0.9898689 -0.3546442 0.008390784 0.9349638 -0.3545123 0.008315026 0.9350144 -0.5680769 0.09610444 0.8173449 0.9864624 -0.09105044 0.1363884 0.9246286 0.01376068 0.3806216 0.9246767 0.01370394 0.3805065 0.7940083 0.1175058 0.5964422 -0.8807876 0.4710477 -0.04824215 -0.8685098 0.494845 -0.02862274 -0.8685281 0.4948111 -0.02865165 -0.8552721 0.5181009 -0.009012281 0.6124944 0.2910518 0.7349419 0.3373551 0.4884811 0.8047222 0.337356 0.4884853 0.8047192 0.2145853 0.7356909 0.6424267 0.337205 0.4885661 0.8047335 0.02171647 0.6276512 0.7781918 -0.9990568 0.004684388 0.04317045 -0.9337044 0 0.3580448 -0.9337103 -1.34467e-7 0.3580294 -0.7420698 0 0.6703227 -0.8905849 -0.1136701 -0.4403837 -0.7836744 0.0058375 -0.6211444 -0.7836825 0.005823075 -0.6211343 -0.6309738 0.124969 -0.7656728 0.8353038 -0.5497491 -0.006605327 0.9760147 -0.2011426 0.08328938 0.6302125 -0.7662484 0.1252828 0.7191638 -0.6882652 0.09536534 0.9601905 -0.2743993 0.05233889 0.8146983 -0.5397207 0.2120573 0.03930348 0.9962735 0.07677453 0.0287531 0.9995737 -0.005082726 0.003170847 0.9998735 0.01558881 0.004188716 0.9997878 0.02016884 0.003152966 0.9998726 0.01565521 0.004166603 0.9997878 0.02017694 -0.003325819 0.9999159 0.01253831 -0.386653 -0.07953691 0.9187891 -0.6164289 0.01476281 0.7872722 -0.6163263 0.01469898 0.7873537 -0.797455 0.1078479 0.593662 0.7872713 -0.09440529 0.609337 0.6550289 -0.003955423 0.7555935 0.6550883 -0.004006981 0.7555417 0.4920259 0.08660745 0.8662619 0.9987503 -0.007388353 -0.04942983 0.9994516 0.004107296 -0.03285694 0.999624 0.006632983 -0.02661097 0.9996237 0.006626248 -0.02662038 0.9994512 0.004095494 -0.03287249 0.9997916 0.01364582 -0.01518172 0.9998326 0.01167941 -0.01408815 0.9994541 0.003508567 -0.03285109 0.9998689 -0.004764258 -0.0154736 0.9999773 -0.002965211 -0.006049096 0.9942082 0.002053737 0.1074526 0.9683241 -0.001297235 0.2496934 0.8741283 0.006559669 0.485651 0.7325087 -0.006075501 0.6807307 0.453891 0.02025175 0.8908271 0.2030717 0.01174217 0.9790934 0.1356977 -0.01925373 0.9905632 0.3208223 -0.05861228 0.9453242 0.397189 -0.02964478 0.9172579 0.2654576 -0.1663237 0.9496676 -0.8694809 -0.4612404 0.1768059 -0.7037001 -0.7103396 0.01496297 -0.7036924 -0.7103468 0.0149824 -0.7035788 -0.7104618 0.01486456 -0.7035763 -0.7104643 0.01486933 -0.4562645 -0.8773345 -0.1486845 0.2701159 -0.04243141 0.9618925 0.5623137 -0.06065022 0.8246968 0.6701843 0.02139508 0.7418863 0.908483 -0.03828042 0.416165 0.9687136 -0.09854483 0.2277786 0.9716832 -0.2287127 0.05934846 0.8507766 -0.3119989 0.42289 -0.9686663 0.222192 0.1109798 -0.9947208 0.1008178 0.01914012 -0.9993978 -0.004061698 0.03446233 -0.9911659 -0.1320502 0.01237297 -0.9661809 -0.2386462 0.0976848 -0.005512118 0.009826302 0.9999366 0.005576252 0.01220411 0.99991 0.01039779 0.08434671 0.9963823 0.01183962 0.0119481 0.9998586 0.01104885 0.02292931 0.9996761 0.005599617 0.01223421 0.9999095 0.01103973 0.02292019 0.9996764 0.02486389 0.01659452 0.9995532 0.01238894 0.0261842 0.9995804 -7.1668e-5 0.05740034 0.9983512 0.0164085 -0.02258962 0.9996103 0.0144093 -0.01990848 0.999698 0.003417313 -0.02949506 0.9995592 -0.003567159 -0.03767955 0.9992836 -0.002436816 -0.05530452 0.9984666 -0.005008816 -0.01881563 0.9998104 0.006060898 -0.06232392 0.9980376 0.004202902 -0.05089175 0.9986954 0.001418888 0.005933165 0.9999815 -0.005022287 -0.01882141 0.9998103 0.001423835 0.005866885 0.9999818 0.003414988 -0.029527 0.9995582 0.004757344 -0.005174577 0.9999753 0.004760503 -0.005153357 0.9999755 0.01641738 -0.02260202 0.9996098 -0.999275 0.02340292 0.03002899 -0.9993979 -0.004040896 0.03446203 -0.9999125 0.006484389 0.01153063 -0.9999962 -0.001820445 0.002082407 -0.06022632 0.970566 0.2331833 -0.366994 0.9298945 0.0247339 -0.3669831 0.9298992 0.02471745 -0.3671044 0.9298533 0.02464246 -0.3671211 0.9298461 0.02466803 -0.6227661 0.7596766 -0.1872267 -0.5123562 0.8576052 0.04477214 -0.5670716 0.8048633 0.1750004 -0.1802305 0.9562288 0.2305288 -0.4451118 0.7229929 0.528353 0 -0.9987282 -0.05041807 -0.001537859 -0.9995628 -0.02952647 -0.04965168 -0.9980151 -0.03873705 -0.2170104 -0.9724982 -0.08458018 -0.3465706 -0.9260327 -0.1495075 -0.2469533 -0.9652792 -0.08514767 -0.25509 -0.962866 -0.08842015 0.9459173 -0.2359368 0.2226532 0.9023381 -0.08975458 0.4215807 0.9023494 -0.08972692 0.4215624 0.9022902 -0.0896238 0.4217108 0.9022905 -0.08962333 0.4217104 0.8019681 0.06220179 0.5941196 -0.1685085 0.2707307 -0.9477921 -0.3997654 0.1393997 -0.9059555 -0.3997774 0.1394241 -0.9059464 -0.3998982 0.1393144 -0.90591 -0.3999075 0.1393328 -0.9059032 -0.6021879 -0.002064585 -0.7983518 -0.2554421 0.08807134 0.9628047 -0.3437318 0.1470147 0.9274887 -0.343726 0.1470237 0.9274894 -0.343849 0.1471076 0.9274305 -0.3438519 0.1471031 0.9274302 -0.4278871 0.2041957 0.8804639 0.8046402 -0.0913515 0.5866933 0.6215908 0.01974999 0.7830932 0.6216905 0.01968991 0.7830156 0.3861916 0.1291093 0.9133384 -0.1582555 -0.09630483 0.9826905 -0.3913167 0.002968072 0.9202513 -0.3912217 0.002916991 0.920292 -0.5976498 0.1020044 0.795242 0.9872057 -0.124845 0.09919112 0.9343067 -7.19652e-5 0.3564703 0.9343489 -1.3686e-4 0.3563598 0.8025087 0.1246632 0.5834715 -0.9999991 -3.46586e-4 -0.001337766 -0.9999716 0.007475733 -9.98707e-4 -0.9998882 -0.006328999 0.01354944 -0.9999713 0.007511019 -9.96685e-4 -0.9998879 -0.00632447 0.01357412 -0.9999811 -0.006038844 0.001151621 -0.9997833 -0.02075368 0.001669824 -0.999188 0 -0.04029202 0.6283573 -0.08532446 -0.7732316 0.7869197 0.01561504 -0.6168579 0.7868957 0.01559138 -0.6168891 0.8983924 0.1155914 -0.4237098 -0.6097493 -0.09051936 0.7874085 -0.783127 -0.004033684 0.6218488 -0.7830441 -0.004099667 0.6219528 -0.9055777 0.08265823 0.4160489 0.7080998 -0.01678699 -0.7059128 0.8314042 0.01915496 -0.5553379 0.9784959 -0.06089562 -0.1970724 0.978529 -0.06085664 -0.1969205 0.9259521 -0.02444356 -0.3768491 0.9835997 0.02268821 0.1789333 0.9317497 -0.01151514 0.3629188 0.8350175 -0.05887258 0.5470648 0.9835637 0.02276366 0.1791216 0.7095857 -0.02089035 0.7043094 -0.9857861 -0.1131869 -0.1241549 -0.9224104 -0.01654249 -0.3858566 -0.9224664 -0.01661425 -0.3857198 -0.783633 0.08140134 -0.6158679 -0.08210086 -0.09206825 -0.9923623 0.1705703 0.09791886 -0.9804682 0.1705896 0.09789335 -0.9804673 0.1707253 0.09801089 -0.980432 0.1707253 0.09800964 -0.980432 0.4062839 0.2781509 -0.8703824 0.7094837 -0.02098631 0.7044094 0.5561032 0.01449531 0.8309869 0.1924135 -0.06760764 0.9789823 0.1922782 -0.06754034 0.9790136 0.3725355 -0.03170466 0.9274762 -0.1855643 0.01650822 0.9824935 -0.5223426 -0.04265743 0.8516682 -0.7962735 0.01764291 0.6046794 -0.9389248 -0.0347945 0.342359 -0.9992195 0.01197832 0.03764373 -0.9758054 -0.03100562 -0.2164314 -0.8510109 0.003626644 -0.5251356 -0.6771724 -0.03224563 -0.7351175 -0.4181976 0.01300555 -0.9082631 -0.1491411 -0.0477218 -0.9876638 0.2046934 0.006940186 -0.9788016 0.3687907 -0.01484131 -0.929394 0.5504787 -0.05798506 -0.8328331 0.204858 0.007026016 -0.9787665 0.7079834 -0.01671439 -0.7060313 -5.88321e-7 0 1 -9.42572e-4 -0.001765727 0.9999981 -5.67242e-4 0.005487382 0.9999848 2.61382e-6 0.004441678 0.9999902 -5.66643e-4 0.005505859 0.9999848 1.02748e-6 0.00443989 0.9999902 5.66358e-4 0.005505859 0.9999848 5.66963e-4 0.005487382 0.9999848 -3.67651e-6 0.004441499 0.9999902 9.42531e-4 -0.001765668 0.9999981 5.88332e-7 0 1 -0.9596608 -0.1807084 -0.2153965 -0.8602808 -0.02100497 -0.5093877 -0.8602909 -0.02096903 -0.5093721 -0.8601928 -0.02087998 -0.5095414 -0.8601974 -0.02086538 -0.5095342 -0.656006 0.1413909 -0.7413938 -0.8854059 -0.09057658 -0.4559082 -0.7211278 0.0379011 -0.6917647 -0.7212007 0.03783625 -0.6916922 -0.4854694 0.1625607 -0.8590073 0.7166763 0.08742797 -0.6919043 0.134939 -0.04268056 -0.9899343 0.1597887 0.139737 -0.977211 -0.3168089 0.03132784 -0.9479719 -0.5574675 0.1138615 -0.8223537 -0.7078289 0.03413641 -0.7055587 -0.9346376 0.1558666 -0.3196222 -0.04662722 -0.07008945 -0.9964504 0.21118 0.03842991 -0.9766914 0.2110693 0.03836381 -0.976718 0.4523012 0.1438428 -0.8801892 -0.01648145 -0.9982489 -0.05681109 0.008102595 -0.999899 -0.01167875 0.02798175 -0.9993017 -0.02476656 0.02664285 -0.9995335 -0.01493811 -0.01042598 -0.9999446 0.001480698 -0.05661314 -0.9978065 -0.03431117 -0.03750151 -0.9991564 -0.01673746 -0.02316737 -0.9995797 -0.01742899 -6.53151e-5 -0.9997583 0.02198642 0.007048487 -0.9999497 0.007144331 0.00499612 -0.9995883 0.02825307 -0.004412949 -0.9999837 0.003617882 -0.03130501 -0.9983487 0.04816603 -0.03026288 -0.9992967 0.02214151 -0.06028079 -0.9979982 0.01913255 -0.01842135 -0.9997815 -0.009879589 -0.03086602 -0.9994915 0.008011341 -0.0409289 -0.998664 0.03154659 -0.02078324 -0.9992725 0.0319761 -0.007333159 -0.9998487 0.01577621 0.01798117 -0.9997816 -0.01065748 0.01359111 -0.9998505 -0.01069355 0.005048096 -0.9999817 -0.0033257 -0.005534648 -0.9987516 0.04964685 -0.00466448 -0.9998065 0.01911604 0.02575087 -0.9995192 -0.01727187 -0.0376203 -0.9987868 -0.03177672 -0.01628291 -0.9982661 -0.05656623 -0.02318745 -0.9995792 -0.01742935 0.02616429 -0.9995306 -0.01593804 -0.02308827 -0.9989577 0.03937882 0.004072606 -0.9991616 -0.04073655 -0.01653957 -0.999588 0.02346009 -0.001948952 -0.9986649 0.05162078 -5.3967e-4 -0.9985177 -0.05442655 -0.009731948 -0.9998929 0.01093602 -0.02805584 -0.9993396 0.0230894 -0.01107203 -0.998985 -0.04366332 -0.009019494 -0.9987059 0.05005413 0.006532132 -0.9976144 -0.06872314 -0.02713423 -0.985059 0.1700659 0.00191462 -0.9994353 -0.03354644 0.02173936 -0.9974594 -0.06783878 0.006533265 -0.9976106 -0.0687794 0.02236449 -0.997483 -0.06728816 0.005224108 -0.9938899 0.1102523 0.004436612 -0.9970285 0.07690548 0.01589983 -0.9994595 0.02877664 0.01793116 -0.9989758 0.04154479 0.01566463 -0.9989344 0.04341524 0.01087093 -0.9999403 0.001128494 0.01209139 -0.9994226 0.03175485 0.03692388 -0.999035 0.02378416 0.04373741 -0.9990381 -0.00319463 0.00776422 -0.9990587 -0.04267996 -0.01793026 -0.9993434 -0.03148657 -0.02317517 -0.9953681 -0.09330296 -5.54088e-4 -0.9985161 -0.05445605 0.001912653 -0.999437 -0.03350073 -0.009720623 -0.9998931 0.01092118 -0.001954555 -0.998664 0.05163693 -0.01790797 -0.9993456 -0.03142797 -0.2468007 -0.9653232 -0.08509242 0.0237348 -0.9991928 -0.03240931 -0.01685351 -0.9985446 -0.05123203 -0.01537281 -0.9997188 -0.01805973 -0.01411831 -0.9995382 -0.02690881 -0.05632543 -0.996999 -0.05310934 -0.05683696 -0.9983059 0.01245176 0.007835984 -0.9999091 -0.0109862 0.009536027 -0.9999492 -0.003288447 -0.003956079 -0.9998698 -0.01564335 -0.004439115 -0.9997923 -0.01989036 -0.01713973 -0.9996667 -0.01931101 0.006472468 -0.9997097 0.023207 0.02112728 -0.9996348 0.01685518 0.006843984 -0.9999355 -0.009062886 0.006578266 -0.9999773 -0.001467525 -0.01516067 -0.9995836 0.024553 -0.02229058 -0.9927372 -0.11822 -0.02923655 -0.9977819 -0.05980515 -0.02921766 -0.9977731 -0.05996024 -0.02227658 -0.9927376 -0.1182197 0.004328072 -0.9941939 -0.1075168 -0.003797352 -0.9982782 -0.05853486 -0.006639957 -0.9995068 -0.03069418 0.00159502 -0.9981169 -0.06132006 0.003580033 -0.9989655 -0.04533666 -7.92297e-4 -0.9987808 -0.04936015 -0.02596026 -0.9985405 0.04735875 -0.02592259 -0.9996637 -6.89283e-4 -0.001077413 -0.9999527 -0.009673118 0.01933044 -0.9950342 -0.0976389 0.003590047 -0.9989638 -0.0453729 0.001191675 -0.999839 0.01791143 0.002662301 -0.9999859 -0.004598319 0.005896508 -0.9999756 -0.003740489 0.002560675 -0.998907 0.04667252 -7.81427e-4 -0.99878 -0.04937607 -0.01261967 -0.9996765 0.02208453 0.002557277 -0.9989028 0.04676282 -0.001609444 -0.9999203 0.01252073 8.92719e-4 -0.9996209 0.02752089 0.006783366 -0.9999503 0.007313013 -0.01670747 -0.9996688 0.01957833 -0.008544385 -0.999721 0.0220257 -0.01262223 -0.9996768 0.02207076 -0.02592515 -0.9996637 -6.72448e-4 -0.02292656 -0.999413 -0.02546083 -0.0505234 -0.9976503 0.04627376 -0.01082164 -0.9988847 0.04595935 -0.01148337 -0.9999044 0.007713556 -0.02237075 -0.9997486 -0.001548707 0.005514442 -0.9999346 0.01002693 -0.006540894 -0.9989114 0.04618763 -0.02610015 -0.9993891 0.02324348 -0.08764624 -0.9960781 -0.01211041 -0.07295799 -0.9971372 -0.01986223 -1.74587e-4 -0.9995067 -0.0314058 -0.03066581 -0.9994416 0.01327908 -0.06878805 -0.9966961 0.04318672 -0.1390386 -0.9526755 0.2703292 -1.78439e-4 -0.9995071 -0.03139388 0.08489978 -0.9935039 0.07577645 0.08504152 -0.9934824 0.07590049 0.08934676 -0.9920163 0.08899945 0.3365879 -0.9033052 0.2659859 -0.04751902 -0.893825 0.4458912 3.4287e-5 -1 1.16915e-4 -0.001102626 -0.9999563 0.009284555 -0.01432406 -0.9974983 -0.06922531 8.10825e-4 -0.9981594 -0.06064134 -1.81153e-4 -0.9995038 -0.03150039 0.00159496 -0.9999681 -0.00782907 -0.01860839 -0.9991658 -0.03635501 -0.03567898 -0.9966892 -0.07305955 -0.00262171 -0.9999962 -8.96018e-4 0.006426036 -0.9999502 0.007637262 -0.01739227 -0.9989517 -0.04234504 0.009578108 -0.9999199 0.008281707 -0.00376445 -0.999984 -0.004218161 -0.04404085 -0.9950558 -0.08901995 -0.01742422 -0.9989477 -0.04242587 -0.04408866 -0.9950442 -0.08912569 -0.1143594 -0.9627282 -0.2451052 -0.2337459 -0.9445244 -0.2307302 -0.1911954 -0.8909375 -0.411916 -0.3367931 -0.8859933 -0.3187262 -0.233857 -0.9445279 -0.2306033 -0.4345382 -0.8931341 -0.1161385 -0.4729005 -0.863305 0.1762664 -0.4729177 -0.863268 0.1764007 -0.4960998 -0.8594932 0.1231114 -0.5925692 -0.6975612 0.4028279 0.002450644 -0.9999539 0.009291768 0.008199989 -0.999966 -9.71774e-4 0.007327318 -0.9999729 6.35579e-4 0.004973053 -0.7588074 0.6512962 0.005222082 -0.9500404 0.3120835 -0.00353378 -0.996612 0.08217114 -0.09076488 -0.985844 0.1409738 -0.007407844 -0.9391872 0.343326 -7.23905e-4 -0.9175412 0.3976403 -0.004051387 -0.9195225 0.3930167 -5.92866e-5 -0.8566553 0.5158892 -0.004487216 -0.8116929 0.5840674 -0.01759052 -0.7266749 0.6867564 -0.02522987 -0.6874212 0.7258207 -0.01760667 -0.7265616 0.6868758 0.291558 -0.4786614 0.828177 -0.01361054 -0.4726108 0.8811662 0.03131204 -0.1601423 0.9865972 0.05105888 -0.06315541 0.9966968 0.06188839 -0.04740995 0.9969565 0.03650701 -0.05131119 0.9980152 0.03310793 5.32483e-4 0.9994516 0.05360579 -0.02979063 0.9981178 0.09295684 -0.02065646 0.9954559 0.078911 -0.04965078 0.9956445 0.07892912 -0.0496602 0.9956426 0.09295421 -0.02065134 0.9954562 0.06521761 -0.03247672 0.9973425 0.01359784 -0.009175479 0.9998655 0.02933961 -0.05255883 0.9981868 0.03352767 -0.02349221 0.9991617 0.02633672 0.01816827 0.9994881 -0.0215215 0.01455217 0.9996625 -0.02296817 -0.004475891 0.9997262 0.04217231 -0.02795952 0.998719 0.01698303 0.01236265 0.9997794 0.02636861 0.01810717 0.9994883 -0.0296241 0.01219713 0.9994868 -0.001853168 0.006117284 0.9999797 -0.02310055 -0.03034782 0.9992724 0.1146091 0.01234865 0.9933339 0.07138764 0.02685207 0.9970872 0.4365842 0.05992394 0.8976656 0.101447 0.05706769 0.9932028 0.2896838 0.1314107 0.9480583 0.1363608 0.1649231 0.9768348 0.1013372 0.05706554 0.9932141 0.03855139 0.03639405 0.9985938 0.07144743 0.02685737 0.9970828 0.1404833 0.04602509 0.9890128 0.1147121 0.01232945 0.9933223 0.06250369 0.08303648 0.9945845 0.101337 0.05714553 0.9932096 0.2142356 0.1002681 0.9716221 0.07523411 0.08710199 0.9933544 0.0546692 -0.008644819 0.9984672 0.05465334 -0.008635699 0.9984681 0.01424759 -0.004323303 0.9998891 0.02273672 -0.02686846 0.9993804 -0.007175803 -0.9999051 -0.01176041 -0.00244373 -0.999989 -0.004005074 -0.1599816 -0.969537 0.1854831 -0.46623 -0.8532726 0.2335716 -0.07287448 -0.9971435 -0.01985257 -0.008693158 -0.9999373 -0.007061243 0 -1 0 -0.02097791 -0.9995976 -0.0191015 -0.006516575 -0.9986686 0.05117237 0.005009233 -0.9995879 0.02826744 -0.006572365 -0.9986655 0.05122584 -0.9562935 0 -0.2924085 -0.9413792 -0.01991963 -0.3367618 -0.9369096 -0.02336275 -0.3487902 -0.9368865 -0.02338796 -0.3488506 -0.9413799 -0.01991653 -0.33676 -0.9012607 0.08412075 -0.4250329 -0.894397 -0.06553602 -0.4424465 -0.9028877 0.1253734 -0.411188 -0.9012213 0.08431297 -0.425078 -0.7493672 0.1080389 -0.6532813 -0.8943549 -0.06558549 -0.4425245 -0.7493581 0.1078361 -0.6533252 -0.641828 -0.1050577 -0.7596183 -0.4946078 0.1053498 -0.8627077 -0.3615268 -0.09854078 -0.9271398 -0.1805459 0.1016721 -0.9782975 -0.3614619 -0.09874355 -0.9271436 -0.1804976 0.1015098 -0.9783233 -0.03467738 -0.09945267 -0.9944379 0.1553606 0.09918558 -0.9828659 0.2960784 -0.08477419 -0.9513943 0.471998 0.1011208 -0.8757812 0.5903834 -0.07597553 -0.8035392 0.7335455 0.09638714 -0.6727709 0.8214929 -0.07412195 -0.5653807 0.9177641 0.08063995 -0.3888526 0.9627913 -0.07377868 -0.2599802 0.9950593 0.07672166 -0.06301492 0.9960511 -0.05759483 0.06756502 0.9608647 0.06991457 0.2680506 0.9960412 -0.05773687 0.06759065 0.9608575 0.06976884 0.2681143 0.9187471 -0.0531125 0.3912578 0.8175435 0.06039613 0.572691 0.7385378 -0.04511016 0.6727013 0.5805551 0.04677104 0.8128765 0.4756155 -0.03671628 0.8788868 0.2795311 0.04062718 0.9592767 0.1624348 -0.02319991 0.9864465 -0.05349022 0.02818155 0.9981707 -0.1711166 -0.0101388 0.9851986 -0.381267 0.03296774 0.923877 -0.4863714 0.01214027 0.8736678 -0.5798294 0.0273655 0.8142783 -0.58277 0 0.8126372 0.06098997 0.9981366 0.001924633 0.06344687 0.9979839 0.001619815 -0.04546076 0.9989542 -0.00490117 0.06237024 0.9980323 0.006445705 -2.09641e-4 0.9999998 5.50725e-4 -0.03643864 0.9990059 -0.02568447 -0.04188704 0.9988843 -0.0218141 -0.04549688 0.9989525 -0.004911839 -0.07630842 0.9970738 -0.004555761 -0.08580112 0.996248 0.01132488 0.005268454 0.9999792 -0.003724455 0.06102174 0.9981346 0.001921534 0.05307984 0.9985858 -0.002998828 -0.02733999 0.9993385 0.02398431 0.01832509 0.9998303 0.001954674 -0.08589333 0.9962399 0.01133507 -0.07574647 0.9967142 0.02869248 -0.06177747 0.9980885 0.001700639 -0.07756614 0.9967677 0.02092295 -0.04122298 0.998974 -0.01875352 -0.07903933 0.9967873 -0.01295953 -0.05194777 0.9986231 -0.007295489 -0.04221022 0.9986271 -0.0310201 0.07421106 0.9971973 -0.009500563 -0.003993451 0.9996344 0.02674561 -0.02264893 0.9990193 -0.03804725 0.007272481 0.9999279 0.009563922 -0.0176534 0.9998436 0.001117765 -0.02779054 0.9984456 0.04831242 -0.03343605 0.9992115 0.02141267 -0.0358228 0.9980049 -0.05199092 -0.02797114 0.9979606 -0.05737966 0.02798533 0.9995729 0.008421123 -0.002833247 0.9998617 0.0163902 -0.0266835 0.9988552 0.03970235 -0.01338386 0.9997349 0.01873958 -0.03957086 0.9985576 0.0362907 -0.04711461 0.9949771 -0.08832252 0.008241415 0.9983241 -0.05728167 0.03124099 0.9994202 0.01353555 0.01443427 0.999451 0.02982538 0.01680463 0.9998441 -0.005424916 0.02964842 0.9995591 0.001662552 0.008640885 0.9999266 0.008493959 1.34035e-4 1 1.87083e-4 0.01791322 0.9988048 -0.04547733 0.004965543 0.9999731 0.005391776 -0.02843731 0.9994723 0.01570266 0.002092957 0.9996005 0.02818697 0.009741663 0.9999019 0.01007193 0.03507763 0.9992964 0.01328665 0.0374968 0.9984306 0.04159843 -0.04040497 0.9991829 9.83071e-4 0.003936171 0.9997507 -0.02197647 0.01143878 0.9997661 -0.01835882 0.02583819 0.9968534 0.07493931 0.04565566 0.9987831 -0.01865512 0.02730602 0.9995603 -0.01155912 0.01291847 0.9998733 -0.009306669 0.009306013 0.9997897 -0.01827979 0.01066148 0.999337 -0.03481459 0.02011519 0.9985198 -0.05053335 0.03298532 0.9994478 0.004011631 0.002901017 0.9999605 -0.008409321 0.01922941 0.9997485 -0.01155066 1.30846e-4 1 1.78271e-4 0.008226394 0.9983236 -0.05729246 0.009881615 0.9784078 -0.2064478 -0.0278021 0.9874937 -0.1551881 -0.07207071 0.9959306 -0.05411261 0.01003259 0.9783766 -0.206588 0.08956491 0.9557491 -0.2802175 0.08443832 0.9767148 -0.1972269 0.08444046 0.9767138 -0.1972312 0.08945989 0.9557848 -0.2801294 -0.02722817 0.986512 -0.1614086 -0.1364201 0.9905841 -0.01151794 -0.1359226 0.9906558 -0.01122409 0.1745178 0.9843581 -0.02413827 0.1108613 0.9937875 -0.009812057 -0.07617276 0.9970843 -0.004544496 -0.02314895 0.999723 0.004261255 0.05051672 0.9987217 -0.001788794 -0.07752913 0.996771 0.02090275 -0.01434904 0.9998876 -0.004359245 -0.06688243 0.9977273 0.008186101 -0.01933658 0.9996391 0.01865148 -0.03972041 0.9983351 0.04182511 -0.01828986 0.999776 0.01066446 -0.07438331 0.9960969 0.04752224 -0.004116177 0.9999911 -0.001055121 -0.00805509 0.9997738 0.01968628 0.003162264 0.9998729 0.01562988 0.01439958 0.9998415 -0.0104829 0.01439774 0.9998415 -0.01047796 0.00725156 0.9999251 -0.009865939 0.00581938 0.9999444 -0.00879532 0.02875554 0.9995734 -0.005107343 0.0232746 0.9996681 -0.01105141 0.04042619 0.9991127 -0.01181614 -0.005970895 0.9999809 0.001640677 -0.005963504 0.9999809 0.001635968 0.01438039 0.9998419 -0.01046383 -0.003330171 0.9999157 0.01255625 0.03736048 0.999298 0.002752363 -0.01105535 0.999939 -1.36904e-4 0.01312822 0.9997767 -0.01656061 0.006636738 0.9998575 0.01552325 0.03929573 0.9962758 0.07674962 0.02560025 0.9995869 -0.01306986 0.01316046 0.9997767 -0.01653659 0.0392999 0.9962731 0.0767827 0.006662666 0.9998578 0.01549696 0.01780289 0.9993235 0.03218275 0.02232688 0.9985465 0.04905623 0.04715991 0.9934017 0.1045424 -0.009193003 0.9999423 -0.005565762 0.01207906 0.9996585 -0.0231744 -0.009182214 0.9997531 -0.02023494 -0.006972074 0.9999631 -0.005046665 0.01324772 0.999808 0.01443696 -0.006961941 0.9999632 -0.005028963 0.01328104 0.9998072 0.01446497 -0.3235237 0.9414161 -0.09522807 0.02572065 0.9996655 -0.002708077 -0.03106433 0.9994961 0.006531715 0.04649645 0.9820017 0.1830599 0.1108574 0.9937878 -0.009836614 -0.1656398 -0.7976602 -0.5799154 -0.1117799 -0.9473097 -0.3001829 -0.07410079 -0.9771949 -0.198996 -0.02318799 -0.9997174 0.005265414 -0.9676091 0.2334769 0.09602779 -0.990438 0.1353527 0.02668792 -0.9997879 0.008806884 0.01861822 -0.9962459 -0.08251565 0.02617943 -0.9754437 -0.1987655 0.09487771 0.004441022 -0.1593972 -0.9872046 -0.002380549 0.05240207 -0.9986233 -0.04449725 -0.08872747 -0.9950615 -0.06055015 0.008130848 -0.9981321 -0.09215879 -0.004864692 -0.9957324 -0.00419718 -0.9999912 0 -7.3736e-4 -0.9993893 -0.03493869 -7.36062e-4 -0.9993889 -0.03494888 0.002741575 -0.9975647 -0.0696932 0.01409852 0.9994624 0.02960222 0.1123035 0.9902017 -0.08299708 0.1797927 0.9826049 -0.04649955 0.3517962 0.9240849 -0.1493542 0.04287415 0.9951387 0.08866107 0.0450707 0.991932 -0.1184887 0.00446546 -0.1595979 -0.987172 -0.003023087 -0.2017534 -0.9794317 -0.00201267 -0.1342218 -0.9909493 -1.31082e-6 0 -1 -0.006790816 -0.9999585 0.006088256 0.003786146 -0.9999238 0.01175433 0.01373153 -0.9996663 0.02188622 -0.007557988 -0.9997309 0.02193415 -0.01944273 -0.9997921 0.006141602 -0.007432341 -0.9999536 0.006132006 -0.01944011 -0.9997922 0.006144583 -0.007439374 -0.9999533 0.006178021 -0.01113969 -0.9998955 0.009214401 -0.02780336 -0.9996134 0 -0.5174826 -0.07930749 -0.8520107 -0.4179748 -0.03978073 -0.9075872 -0.4179766 -0.03977501 -0.9075867 -0.1634097 0.02711439 -0.9861857 -0.4178543 -0.03971207 -0.9076458 -0.3122619 4.08951e-4 -0.9499961 0.05300211 0 0.9985944 0.2586575 0 0.9659691 0.3582828 0 0.9336131 0.5443241 0 0.8388752 0.6304528 0 0.7762278 0.7778924 0 0.6283975 0.8393579 0 0.5435792 0.9330455 0 0.3597588 0.9653398 0 0.2609967 0.9985476 0 0.05387955 0.9985162 0 -0.05445635 0.9652434 0 -0.2613527 0.9329716 0 -0.3599502 0.839358 0 -0.5435791 0.7778924 0 -0.6283976 0.6304526 0 -0.7762277 0.5443465 0 -0.8388606 0.3583557 3.69176e-6 -0.9335852 0.5442287 -3.75882e-6 -0.838937 0.3582308 0 -0.9336332 0.2586572 0 -0.9659692 0.05300265 0 -0.9985944 -0.05300277 0 -0.9985945 -0.2586572 0 -0.9659693 -0.3582832 0 -0.933613 -0.543242 0 -0.8395763 -0.6284093 0 -0.7778829 -0.7762401 0 -0.6304376 -0.8386571 0 -0.5446598 -0.9336274 0 -0.3582458 -0.9661955 0 -0.2578108 -0.9986173 0 -0.05256891 -0.9986442 0 0.05205577 -0.9662995 0 0.2574205 -0.9336814 0 0.3581048 -0.8386569 0 0.54466 -0.77624 0 0.6304375 -0.6284095 0 0.7778828 -0.5432423 0 0.8395761 -0.3582829 0 0.9336131 -0.2586576 0 0.9659691 -0.05300229 0 0.9985944 -0.0791037 -8.89293e-4 -0.996866 -0.05821663 -0.00766468 -0.9982746 -0.03947323 -0.004447221 -0.9992108 -0.01356917 0.002097606 -0.9999058 0.01696854 0.01260322 -0.9997766 0.02669781 0.01255202 -0.9995648 -0.03083646 0.00506097 -0.9995117 -0.0308659 0.005052328 -0.9995108 -0.07913404 -8.74316e-4 -0.9968636 -0.04450827 0.0114842 -0.9989431 -0.01303964 0.02549546 -0.9995899 0.009715199 0.03946387 -0.9991739 -0.01370137 0.02259933 -0.9996507 -0.00655514 0.008179605 -0.9999452 -0.001632511 -0.002743482 -0.999995 0.09565228 -0.05769193 -0.9937416 0.04854774 -0.03816676 -0.9980915 0.1495549 -0.0951603 -0.9841636 -0.07824373 -0.01630765 -0.9968009 0.01174032 -0.001803636 -0.9999296 -5.66427e-4 0.005023181 -0.9999873 6.72535e-4 0.004275441 -0.9999907 -0.01623696 -0.00556457 -0.9998527 0.02662014 0.009071648 -0.9996045 0.03126251 0.005477607 -0.9994963 -0.05597043 0.02831238 -0.9980309 -0.1118018 0.04136133 -0.9928694 -0.06344151 -7.43968e-5 -0.9979856 -0.06954395 2.75316e-4 -0.9975789 -0.04455345 0.01149845 -0.9989409 -0.06939619 2.88648e-4 -0.9975892 0.02037829 0.02215516 -0.9995469 0.004933834 0.02087885 -0.9997699 -0.006189346 0.003564357 -0.9999745 1.7611e-4 3.60847e-4 -1 -0.00663197 0.006523489 -0.9999567 3.72189e-4 0.002909481 -0.9999957 0.02887135 0.00341922 -0.9995773 -0.01230424 0.002094388 -0.9999221 0.01760125 -0.005181491 -0.9998317 -0.06340932 -7.83469e-5 -0.9979877 0.01791846 -0.02009999 -0.9996374 -0.01477921 0.00548321 -0.9998758 -0.02359163 0.00749737 -0.9996936 0.007070899 0.002756714 -0.9999712 -0.008267223 0.008629083 -0.9999286 0.001618623 0.01201403 -0.9999265 -0.009675562 -0.04062741 -0.9991275 0.01658666 -0.02201557 -0.9996201 -0.002889335 0.001085519 -0.9999953 -0.01694017 0.005958676 -0.9998388 0.005675196 -0.0164988 -0.9998478 0.005250453 -0.02605843 -0.9996467 0.01021081 -0.011366 -0.9998834 -0.01613718 0.00626868 -0.9998502 -0.001323223 -0.003377199 -0.9999935 -0.00220251 -0.01299887 -0.9999131 -0.05072867 0.02464139 -0.9984084 -0.06067085 0.01548808 -0.9980376 4.12147e-4 0.00209093 -0.9999978 0.00518006 0.002796053 -0.9999828 -0.01173609 0.008126378 -0.9998982 0.005221426 0.00279355 -0.9999825 -0.002209663 -0.01300483 -0.999913 -0.006732821 -0.01559895 -0.9998557 -0.00685054 -0.01413404 -0.9998767 0.02644634 -0.01106464 -0.999589 0.001479983 -0.001328527 -0.9999981 -0.006736099 -0.01452934 -0.9998719 -0.006751239 -0.01453953 -0.9998716 0.001459121 -0.001319944 -0.9999981 -0.007412135 -0.01034909 -0.9999191 -0.006754696 -0.01455545 -0.9998713 -0.007409155 -0.01036733 -0.9999189 -0.006862342 -0.01417511 -0.999876 0.1661442 -0.1021115 -0.9808004 0.08885866 -0.05581635 -0.9944791 -0.008694052 0.007267236 -0.9999358 -0.006242632 0.002121984 -0.9999784 0.02480274 0.004682719 -0.9996815 -6.55948e-4 -1.37347e-4 -0.9999998 0.007913649 -0.0040012 -0.9999608 -0.006219387 0.002114415 -0.9999784 -0.01650291 -0.02205812 -0.9996205 0.04282665 -0.002963483 -0.9990782 -0.004089117 -0.006532073 -0.9999704 -0.0151509 -0.003433227 -0.9998794 0.01229262 -0.002544283 -0.9999212 -0.1168851 -0.001253008 -0.9931448 -2.30239e-6 0 -1 -0.1112304 0.01848673 -0.9936228 -0.0789929 0.01507818 -0.9967612 0.03679674 0.0108512 -0.9992639 8.69123e-4 -0.005241155 -0.9999859 0.04767024 0.002507567 -0.99886 0.009075284 0.005084931 -0.9999459 -0.02469438 1.63525e-4 -0.9996951 0.01226621 -0.002540647 -0.9999216 0.003959536 0.004308223 -0.999983 0.003988981 0.004310131 -0.9999828 0.009058356 0.005129098 -0.9999459 -0.0788716 0.01509296 -0.9967706 0.007228016 -0.002373993 -0.9999711 0.06165635 0.07286536 -0.9954341 -0.01090365 0.01403707 -0.9998421 -0.006188809 0.01743829 -0.9998288 -0.007172286 0.01545989 -0.9998548 -0.01024502 0.001862823 -0.9999458 0.01173037 -0.004185557 -0.9999225 0.05116927 -0.02473211 -0.9983838 0.00122112 0.00358057 -0.9999929 0.002208173 0.01328879 -0.9999093 -0.005269467 -0.002782344 -0.9999822 0.002217233 0.01328909 -0.9999094 0.006762742 0.01605749 -0.9998483 0.007050216 0.01205766 -0.9999026 0.01162099 -0.008083701 -0.9998999 6.57087e-4 -9.27106e-4 -0.9999994 -4.42131e-4 -0.002049148 -0.9999979 0.003135621 -0.004426479 -0.9999853 0.006333112 0.01134002 -0.9999157 -0.01440334 0.04259026 -0.9989888 5.41803e-4 6.08307e-5 -0.9999999 0.001139581 0.004485964 -0.9999894 0.009487688 7.62728e-4 -0.9999548 -7.51447e-4 8.96478e-4 -0.9999994 0.004867732 0.002445876 -0.9999852 -0.007394254 -0.01035267 -0.9999191 0.01166766 0.00466901 -0.999921 0.001442015 -0.001246511 -0.9999982 0.01166808 0.004671394 -0.9999211 0.00445795 0.01193463 -0.9999188 2.67293e-6 0 -1 -0.006215691 0.002112686 -0.9999786 3.47189e-6 0 -1 1.89528e-6 0 -1 -3.47191e-6 0 -1 -6.60245e-4 -1.38108e-4 -0.9999998 0.001658618 -0.001726984 -0.9999971 0.001641094 -0.001737713 -0.9999971 -7.83704e-4 -1.64022e-4 -0.9999998 0.004343807 -0.003199517 -0.9999855 0.001709818 -0.001758217 -0.999997 0.004359066 -0.003203988 -0.9999854 0.0108242 -0.004478335 -0.9999314 0.007215917 -0.00249046 -0.9999709 0.01089298 -0.004477024 -0.9999307 0.007196605 -0.002451896 -0.9999711 0.01174521 -0.004189848 -0.9999223 0.01188802 -0.004137158 -0.9999209 0.01088196 -0.004473865 -0.9999308 0.0029217 -0.001078248 -0.9999952 0.01632672 -0.006308615 -0.9998469 0.06125187 -0.0156148 -0.9980003 -0.002533614 -0.004272162 -0.9999877 -0.005567193 -5.46639e-5 -0.9999845 0.00369209 0.01484072 -0.9998831 0.003678143 0.01481497 -0.9998835 0.007053971 0.01208466 -0.9999022 0.006336927 0.01135581 -0.9999154 0.003679513 0.01481521 -0.9998835 0.006333768 0.01131737 -0.9999159 0.003915667 0.004641056 -0.9999816 0.003929197 0.004628121 -0.9999816 -0.005269348 -0.002783715 -0.9999823 -0.02595877 0.04857951 -0.998482 -0.01438462 0.04261392 -0.9989882 0.003533899 -0.03186452 0.999486 0.008093476 -0.03470224 0.9993649 0.00617516 0.0495637 0.9987519 -0.006275534 0.0562874 0.998395 0.005562305 0.04025745 0.9991739 0.00653094 0.03087639 0.999502 0.01987427 0.005957245 0.9997848 0.01587432 0.03174823 0.9993699 0.009546458 -0.01585888 0.9998287 0.01239144 -0.04534697 0.9988945 -0.002783 -0.07353019 0.9972891 -0.008489847 0.00371921 0.9999571 -0.03706306 0.1176672 0.9923612 -8.33192e-4 -0.01247602 0.9999219 -0.1144396 0.2547843 0.9602024 -0.02993953 0.06391668 0.997506 0.001522958 0.02528148 0.9996793 -3.2548e-4 0.01508998 0.9998862 -0.008325934 0.04577612 0.9989171 -0.05142849 0.007353127 0.9986497 -0.2017872 0.03312939 0.978869 -0.4423736 0.008500516 0.8967906 -0.207219 0.01735442 0.9781407 -0.008641839 -0.01636034 0.9998289 -0.168866 -0.002418398 0.9856361 -0.07584023 -0.02775263 0.9967337 -0.008621513 -0.01636296 0.9998291 0.04393893 -0.07753485 0.996021 -0.07585507 -0.02777504 0.996732 0.04396224 -0.07755851 0.9960182 0.06109452 -0.03105324 0.9976488 0.001832485 -0.005055606 0.9999856 0.01568657 -0.04283779 0.998959 -0.006372034 -0.217996 0.975929 0.009526193 -0.01585423 0.9998289 0.01218229 -0.02865844 0.9995151 0.009273648 0.03003537 0.9995058 0.008026301 -0.04409813 0.998995 0.005109608 -0.01783984 0.9998278 -0.00617206 -0.08996009 0.9959263 -0.02205485 0.01882559 0.9995795 0.004384696 0.0118184 0.9999206 0.07493537 -0.06406772 0.9951282 0.04233545 -0.02351987 0.9988266 0.02670598 -0.1796734 0.9833638 0.03179973 -0.03677117 0.9988178 0.0422703 -0.02346217 0.9988307 -0.03376013 0.01874184 0.9992542 -0.0472368 0.06971997 0.9964476 -0.0901097 0.1778304 0.9799269 0.001660466 0.04136985 0.9991425 0.0422644 -0.02342057 0.998832 0.03182685 -0.0367794 0.9988164 0.001648187 0.04137408 0.9991425 -0.01232838 0.02936542 0.9994928 0.007594347 -0.004718184 0.9999601 0.007134675 -0.01435095 0.9998716 0.001092195 -0.01474708 0.9998907 0.01261872 -0.005479395 0.9999055 5.57121e-4 -0.002032458 0.9999979 2.39652e-4 5.19808e-4 1 0.002250313 0.008121371 0.9999645 2.03035e-4 0.002034246 0.999998 0.002098441 0.005088269 0.9999849 0.003373563 -0.002636432 0.9999908 -0.00713396 0.003269135 0.9999693 -0.001127123 -0.00865817 0.999962 -0.01237118 0.01867622 0.9997491 -0.008665621 0.009673237 0.9999157 0.02272039 0.05450397 0.9982551 0.03662866 0.07105958 0.9967994 0.004293739 0.006315767 0.9999709 0.0268864 -0.06653439 0.9974219 -0.01277214 -0.03163576 0.9994179 -0.001222908 0.01471066 0.9998911 -0.007505655 0.009753704 0.9999243 0.002739429 0.02278852 0.9997366 0.004642307 0.005435168 0.9999745 0.002488017 -0.004485964 0.999987 -0.001483261 0.02014124 0.9997961 -0.001508533 0.01918691 0.9998148 -0.004641592 0.01452898 0.9998838 -0.02488994 0.02372473 0.9994087 -0.001142084 -0.002898514 0.9999952 -0.02243441 0.0191406 0.9995651 0.009762167 -0.0557937 0.9983947 -0.02295929 -0.05724024 0.9980965 -0.01185959 -0.03460192 0.9993308 -0.01947152 9.1519e-4 0.99981 -0.05159562 0.1072832 0.9928889 -0.007158577 -0.001503944 0.9999733 -0.01838129 -0.03059434 0.999363 -0.01948708 9.16168e-4 0.9998097 -0.0509563 -0.06917351 0.9963024 -0.05088704 -0.06900542 0.9963176 0.002169251 -0.008561849 0.9999611 0.03945213 -0.08933025 0.9952205 -0.02664679 0.1178086 0.9926788 -0.01434677 0.002153515 0.9998948 -0.02185451 -0.01239275 0.9996844 0.005060255 -0.002526581 0.9999841 -0.07021123 0.5398754 0.8388116 -0.1701548 0.1506893 0.9738276 -0.02667593 0.1178987 0.9926673 -0.1700633 0.150523 0.9738693 -0.1148904 0.04274743 0.9924581 0.01188051 0.01100623 0.9998689 0.03380537 0.008658289 0.999391 0.06109559 -0.03099352 0.9976506 -0.1688618 -0.002401411 0.9856368 -0.2247163 0.05090147 0.9730939 -0.3545894 0.08782446 0.9308884 -0.1149135 0.04270237 0.9924573 -0.3299737 0.03312224 0.943409 0.02461558 -0.001764714 0.9996954 -0.07585549 -0.02773433 0.9967331 0.03380227 0.008656501 0.9993911 -0.02703839 0.06239467 0.9976853 8.44009e-4 0.001262068 0.9999989 0.005559027 -0.01650786 0.9998484 -4.53027e-4 0.03293412 0.9994575 -0.002705276 0.03887379 0.9992405 0.09779953 -0.1118981 0.9888955 0.03703409 -0.02030867 0.9991077 0.08504492 0.1770184 0.9805263 -0.08897763 0.08007681 0.9928095 -0.05261015 0.04590761 0.9975594 -0.007151365 -0.001540899 0.9999732 -0.001235306 -0.02440685 0.9997014 -0.003668546 0.002123951 0.9999911 -0.05164057 0.1073557 0.9928787 -0.05265641 0.04596948 0.9975541 -0.07378351 0.058905 0.9955331 0.3526106 0.9350689 0.03622043 0.6040498 0.7796232 0.1652629 0.7024835 0.697923 0.1393573 0.8769606 0.4535077 0.1589685 0.9859658 0.1667311 -0.008499205 0.9807397 -0.1809009 0.07365262 0.9026218 -0.4269912 -0.05433577 0.7342153 -0.6729364 0.08991438 0.5137084 -0.8568199 -0.04430919 0.1758878 -0.9778093 0.1138095 -0.192334 -0.9771313 -0.09067648 0.009389221 -0.9991815 0.03934925 0.1757906 -0.9778084 0.1139675 -0.5228691 -0.7790462 0.3459696 -0.1922916 -0.9307075 -0.3111391 -0.7207533 -0.6931658 -0.005994439 -0.8276526 -0.5570883 -0.06814587 -0.8276774 -0.5570633 -0.06805014 -0.5581216 -0.8212666 0.1184132 -0.9690445 -0.2288197 0.09270578 -0.997383 0.04514127 -0.05647492 -0.9367784 0.3395432 0.08459645 -0.8154651 0.5781809 -0.02690118 -0.5564802 0.8283542 0.06449025 -0.3219225 0.9456455 -0.04605054 -0.169949 0.9850274 0.0289542 0.1987615 0.977865 0.06537652 0.04850888 -0.9927033 0.110395 -0.06845617 -0.993416 0.09186112 -0.008386671 -0.9981155 0.06078791 -0.01589304 -0.9998677 0.003472745 -0.008370518 -0.9981159 0.06078279 -0.01580339 -0.9998692 0.003472805 0.03384882 -0.9993384 0.01331388 0.02635389 -0.9995228 -0.01611918 0.02587282 -0.9996549 -0.00456196 0.00142771 -0.9993417 0.03625202 0.04854309 -0.9927045 0.1103696 -0.998631 -0.05230283 -7.27219e-4 0.6491814 0.5681162 0.5057742 0.446155 0.7433801 0.4983291 0.7692811 0.5257344 0.3630563 0.8848441 0.3797416 0.2699028 0.6493005 0.5679473 0.505811 0.9112622 0.367378 0.1861043 0.3151646 -0.9490187 0.005904495 0.7923674 0.6100265 0.004671692 0.7252061 -0.1264751 0.6768162 0.9236404 0.02644568 0.3823468 0.9200811 0.003429949 0.3917129 0.9545604 0.1367249 0.2648035 0.9096637 0.110925 0.4002596 0.9761214 0.09563261 0.1950417 -0.05649632 -0.1108279 0.9922325 -0.001969754 0.5151126 0.8571202 -0.02553039 -0.9996705 0.002662003 -0.214761 -0.9761407 0.03204947 0.9504614 0.3104757 0.01509982 0.9861292 0.1658879 0.005513608 0.9795605 0.1539171 -0.1295028 0.976336 0.2133681 -0.03524476 0.9322772 0.3491789 0.09451746 0.9763293 0.2133854 -0.03532588 0.9622299 0.2632405 -0.06941264 0.9795427 0.1539407 -0.1296082 0.9545606 0.1367343 0.2647975 0.9865066 0.1625176 0.01982426 0.9841981 0.1766422 0.01231878 0.9861246 0.1659148 0.005533337 0.9841977 0.176643 0.01233023 0.982652 0.1130458 0.1470238 0.9563509 0.2700185 0.1117279 0.9563447 0.2700434 0.1117195 0.9504787 0.3104238 0.0150783 -0.05305242 0.02626562 -0.9982463 -0.1952344 0.001107633 -0.980756 -0.1008042 0.01118528 -0.9948434 -0.005027651 0.02069258 -0.9997733 -0.005465686 0.04120439 -0.9991358 -0.006394863 0.06203335 -0.9980537 -0.002361059 0.9982041 0.05985903 -0.005306899 0.99948 0.03180736 -0.02759617 0.9986895 0.0431022 0.0321542 0.998653 0.04072225 0.01701009 0.9996451 0.02050477 -0.005318105 0.9994804 0.03179144 -0.02552902 0.9995859 0.0132758 -0.0276336 0.9986895 0.043078 -0.973582 -0.2278836 0.01440274 -0.9633306 -0.2664425 0.03166329 -0.9786058 -0.2042497 -0.02475857 -0.9783334 -0.1806921 -0.1010657 -0.9800382 -0.1934281 -0.04594379 -0.9863187 -0.1257821 0.1065574 -0.9749017 -0.2168483 -0.05043375 -0.9795794 -0.2010397 0.002714991 -0.9846942 -0.1722525 0.02658373 -0.9863095 -0.125726 0.1067086 -0.9846926 -0.172262 0.02657806 -0.987828 -0.04095506 0.1500623 -0.9813525 -0.1912328 0.01942622 -0.9779244 -0.2089278 -0.003633201 -0.9733858 0.2127104 0.08528977 -0.9181569 0.1870175 0.3493027 -0.4878371 -0.08753967 0.8685343 -0.5030066 -0.0777781 0.8607757 -0.5029357 -0.07782393 0.8608131 -0.5179635 -0.06800669 0.8526951 -0.0253427 -0.9996755 0.002594113 0.170377 -0.9849157 -0.03021293 0.170419 -0.9849076 -0.03023916 0.1758322 -0.9838484 -0.03354758 0.4503388 0.08092588 -0.8891828 0.4661101 0.1002534 -0.8790284 0.4660736 0.1002088 -0.8790527 0.4815243 0.1194678 -0.8682522 -0.1931328 0.9809356 -0.02157014 -0.208732 0.9779651 -0.003912091 -0.2087186 0.977968 -0.003925025 -0.2244554 0.9743886 0.01366275 -0.6421873 -0.1652488 -0.7485241 -0.4931997 -0.0867325 -0.8655816 -0.4932958 -0.08681106 -0.865519 -0.3236266 -0.004646539 -0.9461736 0.9096037 0.1108954 0.4004041 0.8642891 0.1462492 0.4812647 0.5366221 0.1030438 0.8375076 0.5364719 0.1030913 0.8375979 0.5364714 0.1030721 0.8376005 0.3315611 0.1259307 0.9349913 -0.5229125 -0.8191599 -0.2356684 -0.4789656 -0.8708227 -0.1107234 -0.2807937 -0.8772368 -0.3893719 -0.2123528 -0.9218468 -0.3241989 -0.4788525 -0.8708875 -0.1107045 -0.2752537 -0.8704209 -0.4081703 -0.2807059 -0.8772577 -0.3893884 -0.2752962 -0.8703487 -0.4082956 -0.1359403 -0.8588349 -0.4938856 -0.1348918 -0.9231108 0.3600984 -0.3114298 -0.9407976 0.1338332 -0.4507735 -0.8843407 0.1214285 -0.1357705 -0.8589219 -0.4937811 0.05720162 -0.9912814 -0.1186983 -0.2122715 -0.9218255 -0.3243128 -0.3133212 0.1964946 0.9290962 0.09295761 -0.9749706 0.2019685 0.2101619 -0.9734894 0.09027981 0.2085929 -0.9418501 0.2634527 -0.1347189 -0.9230941 0.3602057 0.3369182 -0.8119726 0.4766408 -0.4429793 -0.7450192 -0.4987142 -0.451943 -0.8747945 -0.1745914 0.9365748 0.09148055 -0.338318 -0.3112865 -0.9408604 0.1337259 0.09298986 -0.9749706 0.2019537 0.1298243 -0.9844421 -0.1184035 0.4210948 -0.8888882 -0.1804361 0.3677246 -0.8531 -0.3701339 0.2484322 0.8983352 0.3623195 0.6268011 0.6648409 0.4063338 0.4019483 0.6859562 0.606549 -0.5051181 -0.8422106 0.1885128 -0.398634 -0.8383857 0.3717532 -0.02728956 0.9713491 -0.2360853 -0.0466879 0.8594397 -0.5091009 0.1995854 0.8848502 -0.4209582 0.99589 0.01931095 0.08848905 -0.8625555 0.4501983 -0.2309101 0.7084692 -0.6198175 0.3374873 -0.02724021 0.9713835 -0.2359494 0.1510496 0.9815782 -0.116997 0.02370899 0.9990202 -0.03736871 -0.4055659 -0.8979201 0.1710434 -0.4519639 -0.8748146 -0.1744366 -0.3612248 -0.7064204 -0.6086764 -0.02986103 -0.7126417 -0.7008924 0.06508326 0.7175167 -0.6934941 0.2763434 -0.4384872 -0.8551979 0.2308662 -0.2162364 -0.9486532 0.4584532 -0.3468039 -0.818259 -0.2740609 -0.7968739 0.5384074 -0.3985276 -0.8383613 0.3719223 0.01909011 -0.7819019 0.6231092 0.6480833 -0.7509458 -0.126762 0.6026714 -0.7894099 0.1167023 0.5075281 -0.7375383 -0.44548 0.01179051 -0.5697566 0.821729 0.458473 -0.3468986 -0.8182078 0.6280366 -0.5557495 -0.5447134 0.06350278 -0.5649847 -0.8226541 0.5637168 -0.4041635 -0.7203299 0.4585897 -0.3468406 -0.818167 0.7545425 -0.1255567 -0.6441283 -0.3462987 0.4504793 0.8228886 0.5152545 -0.4636895 -0.720767 -0.6696369 -0.1160008 0.7335737 -0.3480629 -0.1261606 0.9289433 -0.2072249 0.9781087 -0.01901197 -0.2367519 0.9615598 0.1391096 -0.1478658 0.9820755 0.1168919 -0.0273202 0.9713855 -0.2359319 -0.1722382 0.9691053 -0.176548 -0.2051811 0.9777455 -0.04375505 -0.1476442 0.9821121 0.116864 0.006322503 0.9999756 0.003010332 0.1058571 0.980816 0.1636899 -0.001683473 0.9999956 0.002449274 0.006281614 0.9999759 0.002965033 -0.03399187 0.9989085 -0.03203707 -0.001646101 0.9999957 0.002489626 -0.03398591 0.9989095 -0.03201401 0.1510571 0.9815776 -0.116992 0.6269424 0.6647887 0.4062011 0.648993 0.757455 -0.07120531 0.6489964 0.7574516 -0.07121068 0.648873 0.7575448 -0.07134187 0.3378903 0.9400191 -0.04684239 0.1997808 0.8848274 -0.4209135 0.4211214 -0.8889135 -0.1802487 0.2103385 -0.9734428 0.09037053 0.4868987 -0.8287596 0.2758394 0.2087435 -0.941823 0.2634306 0.4869938 -0.8286582 0.2759761 0.339318 -0.8375422 0.4282362 0.3370569 -0.811917 0.4766377 -0.03404456 -0.9901774 -0.135609 0.05721312 -0.991292 -0.1186042 0.1296979 -0.9844713 -0.1182999 0.03682124 -0.9990702 -0.02242559 0.2101603 -0.9734908 0.09026759 0.6026331 -0.7894128 0.11688 0.6064038 -0.5162407 0.6047893 0.510091 -0.5863608 0.629276 0.3394625 -0.3583018 0.869704 0.02204781 -0.5936627 0.8044119 0.1790683 -0.4361754 0.881865 0.3393498 -0.358205 0.8697879 -0.3479279 -0.1261844 0.9289907 0.98607 -0.07271802 -0.1495928 0.9849474 -0.01233357 -0.1724144 0.9860582 -0.02251148 -0.1648709 0.9854854 0.01540255 -0.16906 0.9861696 0.02399444 -0.1639938 0.9841232 0.1371204 -0.1126927 0.9768224 0.1974679 -0.08260953 0.987286 0.1474114 -0.05946773 0.9978153 0.01636028 -0.06400883 0.9978466 -0.01174807 -0.06453174 0.9951497 -0.03141206 -0.09322297 0.9916242 -0.07090795 -0.1079512 0.9860699 -0.0727269 -0.1495897 0.9811575 -0.1071479 -0.160777 0.9849461 -0.01234698 -0.1724205 0.9924578 -0.001411855 -0.1225794 -0.3705568 0.9274046 0.05107247 -0.08133965 0.9904682 0.1111609 -0.3705555 0.9274056 0.05106443 -0.1225528 0.9363974 -0.3288477 0.1923633 0.4257284 0.8841673 -0.429891 0.884482 -0.1813434 -0.4917243 0.7566381 -0.4309364 -0.4721219 0.8497268 0.2346602 -0.2769933 -0.5625244 -0.779 -0.4038898 -0.6555266 -0.6380894 -0.3653665 -0.3759988 -0.851547 0.7493488 0.6201103 0.2322487 0.9500693 0.306153 0.06032282 0.9908519 0.1123027 0.07483875 0.1682729 -0.9820441 -0.08528554 -0.1931935 -0.4641357 0.8644387 0.4468857 0.7560573 0.4781951 0.3599452 0.7853124 0.5037102 0.3705703 0.5348933 0.75932 -0.2688546 -0.2068517 -0.940707 -0.2543522 -0.3518648 -0.9008308 -0.2618201 -0.04127424 -0.9642338 0.9916494 0.07666611 -0.1037009 0.9901851 0.07895684 -0.1153229 0.9998381 0.01716148 0.005428016 0.9955114 0.08632087 0.03880697 0.9137913 0.28709 0.2873411 0.9132235 0.05934971 0.4031136 0.939939 0.2443692 0.238324 0.9955124 0.08631765 0.03878772 0.9901863 0.0790233 -0.1152672 0.2030049 -0.9346733 0.2918478 0.1411976 0.630969 0.7628509 -0.9908064 0.02796852 0.1323657 0.1048444 0.9942725 0.02073585 0.04961705 -0.209682 -0.9765099 -0.03576952 -0.04165726 0.9984915 0.3918285 0.7057223 0.5902765 0.3534155 0.7360493 0.5773466 0.5262503 0.4568055 0.7172095 0.8844873 0.3188471 0.3406156 0.4703776 0.692802 0.546599 0.4448041 0.4401167 0.78003 0.3302999 0.4755583 0.8153198 0.4446551 0.4400758 0.780138 0.526254 0.4567247 0.7172582 0.3555911 0.2090884 0.9109539 -0.2380242 -0.822676 -0.5162837 -0.9879677 0.07733911 0.133935 -0.9879677 0.07733911 0.133935 -0.9879447 0.07767307 0.1339116 0.9827787 -0.1065893 0.1509463 0.8133248 -0.344456 0.468885 0.8403136 -0.06009852 0.538759 0.2548707 -0.1327405 -0.9578209 0.2493575 -0.2055848 -0.9463381 0.20484 0.1264919 -0.9705876 -0.2673012 0.1946862 -0.9437412 0.7277591 -0.3793146 0.5713905 0.4720867 -0.5431135 0.6943789 0.5294955 -0.07489365 0.8450004 -0.1010255 0.7311834 0.674659 0.3880804 0.8988901 0.2034462 0.3130311 0.9395769 -0.1385895 0.4904011 0.7977573 0.3508421 0.8966026 -0.3806907 -0.2262268 0.4991986 -0.7775362 -0.3824112 0.4484578 -0.8883635 -0.0984686 0.1731526 0.4043918 -0.8980453 0.2048668 0.1265965 -0.9705684 0.2651584 0.5411164 -0.7980502 -0.05273497 -0.977537 0.2040598 -0.3698335 -0.9282128 0.04054784 -0.1058917 -0.9904872 -0.08787488 -0.3698204 -0.9282168 0.04057651 0.9784408 0.206281 -0.01009052 0.9277419 0.3584189 0.1040717 0.7609874 0.5968841 -0.2542194 -0.567724 -0.02634769 0.8227974 -0.5864093 0.228719 0.7770533 -0.6446347 -0.2781466 0.712096 0.5008954 0.8033285 -0.3221291 0.3709414 0.9281063 -0.0319603 0.3370717 0.8172768 -0.467377 0.868433 0.3274632 -0.3722797 0.546974 0.735051 -0.4006488 0.493725 0.4029245 -0.7706412 0.3985658 0.4712185 -0.7868281 0.4105792 0.7748112 -0.4807209 0.3393304 0.7224053 -0.6024826 0.887274 0.1321849 -0.4418959 0.6814611 0.3694402 -0.6317632 0.500759 0.1392627 -0.8543104 -0.0863716 0.996074 0.01940715 -0.0711252 0.9964803 -0.04436582 -0.1628878 0.9189497 0.3591645 -0.0710268 0.9964821 -0.04448205 0.1343685 0.9861679 0.09704685 0.09883469 0.9605293 -0.2600291 0.02722495 0.9271296 -0.3737508 0.1307882 0.8232544 -0.5524008 -0.02565628 0.75079 -0.6600426 0.1156036 0.6024595 -0.7897331 -0.04948657 0.4880789 -0.8713956 0.1160815 0.3172706 -0.9412037 -0.08088523 0.1696382 -0.9821815 0.09034591 0.001193881 -0.9959098 -0.08103072 0.1695469 -0.9821853 0.09018146 0.001105666 -0.9959248 -0.09210884 -0.1680895 -0.9814592 0.08488148 -0.3156439 -0.9450736 -0.08570468 -0.4855298 -0.8700089 0.05589085 -0.60526 -0.7940633 -0.08394825 -0.7504494 -0.6555749 0.1665713 -0.8259526 -0.5385689 0.01215344 -0.9375142 -0.3477348 0.8466753 -0.378881 -0.3736175 0.4428896 -0.6861524 -0.5770995 0.4991859 -0.7775104 -0.3824803 -0.9930772 -0.02962648 0.1136659 0.1595565 -0.8819405 -0.4435345 0.1667278 -0.8259307 -0.5385541 0.3188129 -0.9405135 -0.1174431 0.7937591 0.5143489 -0.3246411 0.4879958 0.825088 -0.2847629 0.3707805 0.9254363 -0.07803583 0.1994637 0.4763898 0.8563101 0.2569363 0.5572962 0.7895599 0.1407981 0.6518105 0.7451972 0.3500743 0.1544102 -0.9239078 0.2940435 0.1413156 -0.9452875 0.2859508 0.4202974 -0.8611517 0.9813912 0.03885877 0.1880464 0.9277873 0.3582887 0.1041155 -0.2531667 0.9667412 -0.03630977 -0.1560604 0.8746195 -0.4590054 -0.3452041 0.8818944 -0.3210863 0.4042929 -0.9127768 -0.05818879 0.7325974 -0.6731401 0.1009139 0.7511655 -0.6017625 -0.2713527 0.2048181 0.1265096 -0.9705901 0.350061 0.1543478 -0.9239233 0.3319864 -0.1542446 -0.9305878 -0.08116734 -0.996699 -0.001751005 -0.06614357 -0.9959943 0.06016886 -0.2348621 -0.9210827 -0.3105586 0.2494963 -0.2056159 -0.9462948 0.3319689 -0.1543118 -0.930583 0.2399609 -0.4406017 -0.865037 -0.3885813 -0.4089574 -0.8256868 0.9020645 0.1500419 -0.4046816 0.925568 0.1659656 -0.3402637 0.9085189 0.1053689 -0.4043399 0.4292991 -0.7673474 0.4763196 0.2592244 -0.910061 0.3234065 0.297335 -0.7434723 0.5990333 0.9958808 -0.005100369 -0.09052973 0.9050065 -0.3531222 0.2372089 0.9828084 -0.1065871 0.1507546 0.5758605 0.7508265 0.3234878 0.5758605 0.7508265 0.3234878 0.5758605 0.7508266 0.3234877 0.9515851 -0.2055314 -0.2285666 0.7834618 -0.4795388 -0.3952597 0.7896951 -0.607491 0.08565342 -0.05442494 -0.4891518 -0.870499 0.02912229 -0.5657903 -0.8240348 0.1008859 -0.7074007 -0.6995757 0.3518335 -0.8919449 0.2839853 0.4998217 -0.7225803 0.4775521 0.3735486 -0.8682526 0.3264951 0.9021458 -0.4213649 0.09265398 0.3942353 -0.8869946 0.2404564 0.4944382 -0.8683761 -0.03813076 0.4942921 -0.8684593 -0.03812956 0.3518658 -0.8919705 0.2838649 0.4041545 -0.9128456 -0.05807089 0.2218456 -0.9745388 -0.03253847 -0.1557163 0.4205549 -0.8938043 -0.7953817 0.534796 -0.2852391 -0.7953817 0.5347961 -0.2852391 -0.7953817 0.5347959 -0.2852391 -0.3961129 0.3546663 -0.8469395 -0.1274244 0.5845282 -0.8013051 -0.2511936 0.1384801 -0.9579797 -0.528967 0.4456825 -0.7221919 -0.452363 0.7686954 -0.4521893 -0.3425269 0.577319 -0.7412006 0.1860933 0.9211242 -0.3419059 0.3812518 0.8454928 -0.3738838 0.5405818 0.6333905 -0.5537039 -0.8008854 -0.08740597 -0.5924044 -0.565798 -0.101684 -0.81825 -0.6796157 0.0549879 -0.7315046 -0.8009087 -0.08747726 -0.5923624 -0.8097666 0.06892329 -0.58269 -0.8170285 0.1487862 -0.5570703 -0.7904239 0.3133805 -0.5263296 -0.794183 0.3706069 -0.4815848 0.686677 -0.5465652 -0.4793133 0.9073185 -0.3050957 -0.2892922 0.9460498 -0.1074954 -0.3056706 0.8755007 -0.3562993 -0.3264192 0.9585362 -0.08200073 -0.2729182 0.8993114 -0.01769411 -0.4369509 0.8043688 -0.05289077 -0.5917716 0.9585292 -0.08192187 -0.2729665 0.9085088 0.1053472 -0.4043685 0.7447641 0.2930669 -0.5995317 0.9262696 0.1318717 -0.3530364 0.2446079 -0.9695325 -0.01318138 -0.6213058 0.3389071 -0.706485 -0.7120718 0.1200199 -0.6917725 -0.5349706 0.5047064 -0.677553 -0.7865309 -0.01006209 -0.617469 -0.9961746 -0.05640006 -0.0667473 -0.9200416 -0.2648445 -0.2887575 0.01526176 -0.9649484 0.261996 0.02721881 -0.9749539 0.2207354 0.06577211 -0.9064589 0.4171408 0.0820719 -0.7535824 0.65221 0.1385279 -0.4526515 0.8808614 0.1116878 -0.1743324 0.9783323 0.1434431 0.1700131 0.974946 0.09481698 0.4600942 0.8827928 0.09021741 0.7618938 0.6413882 0.04280495 0.908842 0.4149386 0.04967683 0.9647911 0.2582833 0.0270887 0.9751947 0.2196855 0.1019985 0.9811524 0.1641232 0.2682379 -0.5870929 0.763787 -0.1436792 0.004802584 0.9896128 -0.008162617 -0.1364039 0.9906197 -0.0312227 0.209048 0.9774069 -0.2374702 0.655605 0.7167915 -0.1490749 0.3773123 0.9140089 -0.07829618 0.5632331 0.8225803 -0.03127419 0.2092056 0.9773715 -0.3434405 0.5061702 0.7911008 -0.0701844 0.2953644 0.9528033 -0.0311923 0.2090867 0.9773996 -0.1422888 0.08943831 0.9857762 -0.5863055 0.2287979 0.7771084 -0.2373046 -0.01382768 0.9713369 -0.1492305 0.3772455 0.9140111 -0.02815532 0.3531492 0.9351434 -0.0198757 0.04294353 0.9988798 -0.03119868 0.2091057 0.9773953 0.7308079 0.5883823 -0.3460147 0.3448082 0.6641178 -0.6633663 0.3063398 0.8692763 -0.3879622 0.7042211 -0.641678 0.3038454 0.618832 -0.7387354 0.2670527 0.7278473 -0.3793513 0.571254 0.5151506 -0.6848407 0.5153768 0.5653081 -0.4455853 0.6941762 0.5033012 -0.776925 0.3782534 0.2688979 -0.9199281 0.2853531 0.4446035 -0.8500278 0.2824547 0.5785219 -0.7350308 0.353613 0.9084735 0.1054017 -0.4044336 0.7131268 0.5084335 -0.4826443 0.493727 0.402912 -0.7706462 0.2889805 -0.08031529 0.9539601 0.01494944 0.9544234 -0.2980815 0.438718 0.7240141 -0.5322878 0.83204 0.3451222 -0.4342814 0.8991902 0.3828541 -0.2118488 -0.9966503 0.06567096 0.04873925 0.3876418 -0.7534349 -0.5311025 0.2893816 -0.5166072 -0.8058383 0.3685629 -0.9080664 -0.1989393 -0.2367555 -0.9667116 0.09703338 -0.04183232 -0.873737 0.4845964 -0.2579061 -0.8808797 0.3969076 -0.1817954 -0.6829739 0.7074582 0.06790471 -0.5851097 0.8081063 -0.06066894 -0.3997111 0.9146313 -0.1782342 -0.3562934 0.9172173 0.06794518 -0.5850044 0.808179 -0.008195757 -0.1365773 0.9905956 -0.4039755 -0.6555885 -0.6379715 -0.2666361 -0.9061734 -0.3282605 -0.6900851 -0.6789796 -0.2505382 -0.4085223 -0.9115679 0.0464068 -0.6901931 -0.6789164 -0.2504118 -0.6424515 -0.7628319 0.07309991 -0.656914 -0.6680422 0.3495479 -0.6568157 -0.6680865 0.3496478 -0.3358396 -0.9372186 0.09398478 -0.2580605 -0.8808073 0.3969679 -0.2851442 -0.6573512 0.6975545 -0.0715875 -0.7274833 0.6823806 -0.2578609 -0.8808515 0.3969995 -0.09160345 -0.8435372 0.5292013 -0.09161901 -0.8435007 0.5292567 -0.4656974 0.0157659 -0.8848037 -0.3655307 -0.3759227 -0.8515101 -0.7553856 -0.2289448 -0.6139844 -0.755447 -0.2290424 -0.6138725 -0.423416 -0.4179623 -0.8037578 -0.4679278 -0.6047226 -0.6444798 -0.6901596 -0.6788999 -0.250549 -0.7488334 0.02739989 -0.6621917 -0.7554782 -0.2288886 -0.6138914 -0.7978146 0.2786203 -0.5346612 -0.7210798 0.6694412 -0.1785843 -0.7444674 0.5137047 -0.4264689 -0.7978251 0.2787683 -0.5345684 -0.7977694 0.2787685 -0.5346515 -0.5179767 0.6040804 -0.6056295 -0.4630261 0.3909615 -0.7954598 -0.7977939 0.2786616 -0.5346705 -0.4671639 0.2933067 -0.8341038 -0.5291472 0.06070476 -0.8463558 -0.2376318 0.6556326 0.7167127 -0.1792646 0.905438 0.3847677 -0.6090452 0.6777189 0.4120209 -0.407147 0.9117007 0.0550757 -0.6091237 0.6777083 0.4119222 -0.6404013 0.7631482 0.0865519 -0.7210714 0.6694908 -0.1784327 -0.7209631 0.6695731 -0.1785611 -0.3483592 0.9373197 -0.008809149 -0.3453549 0.8818267 -0.32111 -0.4462593 0.6574643 -0.6071189 -0.4479969 0.5640122 0.693678 -0.1578915 0.8366857 0.5244304 -0.1579266 0.8367773 0.5242736 -0.3287184 0.6438246 0.6909661 -0.3616479 0.9065816 0.2175329 -0.2197377 0.9751923 0.0267471 -0.4523545 0.7687864 -0.4520429 -0.2159352 0.8445379 -0.4900284 -0.2480872 0.8078512 -0.5346301 -0.2159123 0.8444628 -0.4901679 -0.4877893 0.545769 -0.6813207 -0.2744105 0.54016 -0.7955666 -0.3452172 0.8818549 -0.3211807 -0.215836 0.8445021 -0.4901338 -0.2353815 0.728231 -0.6436421 -0.3482379 0.6831764 -0.6418725 -0.2158738 0.8444626 -0.4901852 -0.1273992 0.5846532 -0.8012179 -0.282162 0.3970816 -0.8733332 -0.1565863 0.9821362 -0.1043514 -0.2531821 0.9667427 -0.03615999 -0.1790651 0.9054701 0.3847852 -0.03434705 0.7334357 0.6788905 0.9910616 0.007639348 -0.1331872 0.9911447 0.001662015 -0.1327763 0.9958747 -0.005011677 -0.09060043 0.9940997 -0.04480075 -0.09878659 0.9937626 -0.05722892 0.0957117 0.991061 0.007635056 -0.1331915 0.9937618 -0.05722111 0.09572547 0.9943643 0.006509423 -0.1058171 0.5080131 0.4957864 0.7043569 0.5391919 0.2059503 0.816613 0.5223358 0.5701259 0.6341308 0.5653045 -0.4454992 0.6942344 0.5836816 0.0577712 0.809925 0.4507047 0.08267635 0.8888363 0.2863505 0.2669593 0.9201827 0.5836939 0.05790525 0.8099065 0.3706082 0.5347408 0.759409 -0.1270357 -0.9820345 0.139536 -0.2195708 -0.9751992 0.0278446 -0.09171539 -0.8435863 0.5291036 -0.2368306 -0.966705 0.09691673 -0.2664701 -0.906207 -0.3283025 -0.2816166 -0.8371192 -0.46896 -0.4045139 -0.9062841 -0.1225465 -0.4874253 -0.6441227 -0.5895105 -0.198602 -0.7336577 -0.6498491 -0.2816302 -0.8370373 -0.4690981 -0.6036474 -0.564145 -0.5633387 -0.5251489 -0.5060945 -0.6841689 -0.2689358 -0.2069405 -0.9406642 -0.3280354 -0.7691822 0.5484082 0.09128963 -0.9774447 0.1904422 0.006065309 -0.7892442 0.6140496 0.002113401 -0.9985318 0.05412763 0.1011431 -0.7393708 0.6656582 0.02445977 -0.4605826 0.8872798 0.04856485 -0.3317504 0.9421164 0.1119053 -0.06037735 0.991883 0.06401979 0.1797152 0.9816333 0.07869404 0.424582 0.9019631 0.003286004 0.6472706 0.7622533 0.01893579 0.7583547 0.651567 0.08866894 0.9110544 0.4026386 0.1198271 0.9367442 0.3288646 -0.007384061 0.9632289 0.2685807 0.1199278 0.9367771 0.3287344 0.04025018 0.9776337 -0.2064278 0.8063536 -0.5419938 -0.2367209 0.4976128 -0.6820326 -0.5359227 0.8195924 -0.2858856 -0.4965258 0.8063008 -0.5419917 -0.2369055 0.8528699 -0.4668685 -0.2337666 0.8196606 -0.2857962 -0.4964647 0.990428 -0.05314481 -0.12739 0.9022178 -0.4212159 0.09262961 0.9299762 -0.3638917 0.05222284 0.9904347 -0.05305987 -0.1273728 0.9905163 -0.09340357 0.1007642 0.9533659 -0.1715537 0.24832 0.8572652 -0.2425831 -0.4541473 0.9585428 -0.0819984 -0.2728952 0.9904309 -0.05306494 -0.1274008 0.9904452 -0.05295848 -0.1273331 0.9705244 -0.01235824 -0.2406859 0.9869893 -0.07634681 -0.1415038 0.9904369 -0.05298662 -0.1273865 0.9516254 -0.2053503 -0.2285616 0.984137 -0.1765822 0.01712459 0.9495111 -0.2786933 0.1440795 0.8574636 -0.3165829 0.4056248 -0.2688394 -0.206853 -0.9407111 -0.3780871 -0.08570492 -0.9217944 -0.2972569 -0.2943451 -0.9082947 -0.6099541 0.1795781 -0.771821 -0.2689726 -0.206887 -0.9406655 -0.3747024 0.1635596 -0.9126042 -0.2511644 0.1383426 -0.9580072 -0.2688722 -0.2067982 -0.9407138 -0.3793202 -0.002850949 -0.9252611 -0.2937534 0.3259071 -0.8986064 -0.003203928 0.8804275 -0.47417 -0.215748 0.7006825 -0.6800713 -0.2157781 0.7006325 -0.6801132 -0.4024628 0.4368938 -0.8044549 0.593286 0.1836833 0.7837553 0.6719254 0.2234717 0.7060996 0.9137423 0.2871296 0.2874575 0.5065869 0.3803126 0.7737779 0.2979414 -0.6945024 -0.6549026 0.3347456 -0.4565805 -0.8243056 0.2458711 -0.7013297 -0.6690921 0.1208392 -0.4758637 -0.8711783 0.4991179 -0.7775653 -0.3824576 0.3694619 -0.6900425 -0.622366 0.2609997 -0.9002323 -0.3485126 0.3349916 -0.6909887 -0.6405587 0.8062822 -0.5420238 -0.2368949 -0.2179995 0.4194166 0.8812299 -0.2985063 0.6051872 0.737999 -0.5863788 0.2289078 0.7770207 -0.609085 0.677644 0.4120852 0.8872971 0.1322081 -0.4418428 0.8320339 0.345076 -0.4343298 0.3611214 0.4948541 -0.7903864 0.4331137 0.6785524 -0.5932785 -0.04858493 0.9771229 -0.2070521 0.03711068 0.9109015 0.4109517 0.03698045 0.9458385 0.3225246 0.03603297 0.8821027 0.469677 0.0372107 0.9108348 0.4110905 0.1199848 0.663278 0.7386921 0.03700286 0.945799 0.3226379 0.1199333 0.6632711 0.7387067 0.1169671 0.6115651 0.7825003 -0.06591743 -0.3272807 0.9426252 -0.2505442 -0.2941151 0.922347 -0.3087239 -0.0584563 0.9493537 -0.6446143 -0.2781722 0.7121044 0.8485475 -0.06933259 -0.5245574 0.294187 0.1412276 -0.945256 0.2941739 0.1412085 -0.945263 0.5933465 -0.1089978 -0.7975334 0.63204 0.2428152 -0.7359118 0.9020087 0.1500154 -0.4048156 0.95854 -0.08196789 -0.2729147 0.8132385 -0.06878447 -0.5778511 0.819634 -0.2857602 -0.4965293 0.6677696 -0.6951721 -0.2661193 0.4942941 -0.8684554 -0.03819441 0.2609034 -0.9003044 -0.3483983 0.3195098 -0.9450064 -0.06983119 0.4329828 -0.8232679 -0.3670914 0.4024786 -0.1802937 -0.8974995 0.8195462 -0.2858251 -0.4966369 0.3012654 -0.381318 -0.873977 0.2401177 -0.4406657 -0.8649609 0.7789998 -0.317694 -0.5405831 0.3351078 -0.6908733 -0.6406223 0.9784845 0.2060737 -0.01009303 0.9653242 0.08872389 -0.2455145 0.9901944 0.07893592 -0.115257 0.9262669 0.1318974 -0.3530339 -0.3614847 -0.501511 0.7860124 -0.4321706 -0.3373116 0.836331 -0.5198728 -0.1185689 0.8459751 -0.1393978 -0.1623429 0.9768384 -0.4036458 -0.1785625 0.8973214 -0.0312578 0.2090804 0.9773988 -0.3298135 -0.01670449 0.9438984 -0.2674037 0.1914576 0.9443724 -0.4204655 0.4266595 0.8007314 -0.3670596 0.6013982 0.709639 -0.6419267 0.7129446 0.282206 0.4446477 0.4400709 0.7801449 0.441926 0.1697388 0.8808463 0.5931748 0.1836966 0.7838362 0.5215775 0.1654123 0.837016 0.4419559 0.1696273 0.8808527 0.4840029 -0.1513109 0.8618853 0.4962096 -0.6639163 0.5594563 0.4995626 -0.4413327 0.7454279 0.408855 -0.5141924 0.7539522 0.4088751 -0.5140895 0.7540114 0.3720588 -0.427016 0.8241539 0.5722725 -0.1097869 0.8126814 0.4997085 -0.4411987 0.7454093 0.7844628 -0.2934917 0.546334 0.4841827 -0.1513255 0.8617817 0.4841834 -0.1512822 0.861789 0.9278734 -0.1877248 0.3221961 0.1176525 -0.2109551 0.9703896 0.1475757 -0.02166658 0.9888134 0.1151134 0.1743513 0.9779319 0.1037309 0.5174027 0.8494319 0.147676 -0.02160006 0.9887999 0.1170563 0.6114315 0.7825914 0.992055 0.002599418 -0.125778 0.9891734 -0.05938649 -0.1341989 0.9931599 0.01552939 -0.1157254 0.9922476 -0.007344543 -0.1240599 0.992704 0.03242981 -0.116135 0.5795323 -0.6952933 -0.4250996 0.8966042 -0.3806712 -0.226253 0.8467589 -0.3787397 -0.3735716 0.9760576 -0.1111553 -0.1869656 0.9672423 -0.2531326 -0.01913863 0.9299941 -0.2829288 -0.2346538 0.9760648 -0.111088 -0.186968 0.9920553 0.002604663 -0.1257753 0.9864625 -0.0500822 -0.156153 0.9141361 -0.1185929 -0.3876741 0.8466691 -0.378815 -0.3736986 0.8880386 -0.1832819 -0.4216576 0.3695656 -0.6899288 -0.6224305 0.9901376 -0.03561508 -0.1354953 0.9672465 -0.2531204 -0.01909071 0.9923554 -0.03355699 -0.1187638 0.9375507 -0.3141008 0.1494637 0.9911472 0.001641333 -0.1327583 0.9940862 -0.04715067 -0.09782397 0.1476402 -0.02176541 0.9888017 0.07133549 -0.4275567 0.9011696 0.08451539 -0.6135193 0.7851442 0.08986037 -0.7613579 0.6420742 0.08446949 -0.6136338 0.7850596 0.02992588 -0.8852675 0.4641185 -0.2560516 -0.3933597 0.8830096 -0.6445792 -0.27833 0.7120746 -0.3553488 -0.6043741 0.7130634 -0.6191819 -0.5133548 0.5942059 -0.6446833 -0.2782886 0.7119965 -0.6569246 -0.6679479 0.349708 0.3348674 -0.4565031 -0.824299 0.05068343 0.8014784 0.5958722 0.03826612 0.9410645 0.3360553 0.02392405 0.941299 0.3367253 -0.008822977 0.9984415 0.05510783 -0.03405493 0.9975576 -0.0609855 -0.05610471 0.9583151 -0.2801507 -0.07968705 0.9140118 -0.3977845 -0.1015897 0.7975167 -0.5946821 -0.1172708 0.7208322 -0.6831168 -0.1253826 0.5463603 -0.8281123 -0.1342266 0.4379399 -0.8889275 -0.1352116 0.2210831 -0.9658365 -0.1468937 0.09917676 -0.9841679 -0.1452172 -0.1731728 -0.9741269 -0.1577551 -0.1769602 -0.9714929 -0.13451 -0.4415466 -0.8870985 0.05792498 0.7261679 0.685073 0.08174616 0.5498653 0.8312435 0.08911871 0.442191 0.8924825 0.09929764 0.1729099 0.9799194 -0.08940613 -0.8017605 -0.5909203 -0.04660791 -0.9382227 -0.3428788 -0.05958819 -0.9399638 -0.3360319 -0.02903777 -0.9984519 -0.04744112 -0.02063143 -0.9970754 0.07358682 0.01941537 -0.9568023 0.2900903 0.03179144 -0.9142497 0.4039021 0.05772793 -0.7993015 0.598151 0.05959671 -0.7227241 0.6885624 0.08332157 -0.5487073 0.831852 0.086519 -0.4381713 0.894718 0.1047435 -0.2213726 0.9695478 0.099011 -0.0999698 0.990052 0.08715593 0.1765176 0.9804313 -0.1046894 -0.7280941 -0.6774358 -0.1224144 -0.5517872 -0.8249519 -0.07148104 0.4336686 -0.8982328 -0.09084969 0.5800676 -0.8094863 -0.04634404 0.8697094 -0.4913834 -0.04633569 0.8697929 -0.4912366 -0.08457297 0.7667455 -0.6363559 -0.04856115 0.9770836 -0.2072426 0.005202054 0.9802322 0.1977826 -0.4853147 -0.191403 -0.8531321 -0.5019405 0.2734789 -0.8205273 -0.4213997 0.510986 -0.7492101 -0.4213932 0.5110782 -0.7491507 -0.3872953 0.4253405 -0.817978 -0.4916757 0.7566279 -0.4310096 -0.5758351 0.7525491 -0.3195056 -0.5132644 -0.8508906 -0.1120042 -0.3708093 -0.8853349 0.2805045 -0.3683183 -0.7585563 0.5375259 -0.3682393 -0.758522 0.5376284 -0.4780418 -0.7542313 0.4501236 -0.2210001 -0.513004 0.8294492 -0.1694121 -0.4279059 0.887804 -0.285755 -0.2743865 0.9181809 -0.2209957 -0.512916 0.8295048 -0.2673262 0.1913764 0.9444108 0.4291227 -0.7455251 0.5099471 0.2002377 -0.8960266 0.3962845 0.2001075 -0.8960969 0.3961912 -0.04638552 -0.967741 0.2476404 0.5937562 -0.8021951 -0.0627436 0.7955629 -0.5900974 0.1373496 0.9451292 -0.3252079 -0.03115701 0.9451403 -0.3251726 -0.03118866 0.5099066 -0.8215729 0.2549771 0.5591332 -0.7218316 0.4078348 0.9049505 -0.353227 0.2372663 0.02998119 -0.8853473 0.4639628 0.001930356 -0.9611557 0.276 0.01161599 -0.9987292 -0.04904091 0.01155239 -0.998722 -0.04920405 0.01847046 -0.9964562 0.08206099 -0.07483869 -0.9183368 -0.3886605 -0.08155745 -0.7529718 -0.6529792 -0.142685 -0.4376544 -0.8877499 -0.1151858 -0.1578114 -0.9807283 -0.1323925 0.01642602 -0.9910613 -0.1151893 -0.1576357 -0.9807561 -0.1120534 0.2704239 -0.9561982 -0.07414299 0.4335532 -0.8980727 -0.9961786 -0.05634444 -0.06673431 -0.9985424 -0.03313857 0.04260247 -0.9933549 -0.1018499 -0.05359709 -0.9935922 -0.05685126 0.09768605 -0.9904324 -0.07134467 0.1181257 -0.9848418 -0.05953359 0.1629186 -0.9947865 0.05866122 0.08341902 -0.9893157 0.0702871 0.1277273 -0.9875464 0.05543416 0.1472386 -0.9508394 0.1008912 0.2927893 -0.9787039 0.03226107 0.2027268 -0.9497649 0.05576694 0.3079558 -0.6110973 0.01122897 0.7914759 -0.9497608 0.05582863 0.3079572 -0.8224976 0.2640396 0.5037666 -0.9928534 -0.004520654 0.1192553 -0.9993274 -0.005709767 0.03622698 -0.9948924 0.06447106 0.07767093 -0.9913494 0.004538297 0.1311708 -0.9773777 0.005225479 0.211437 -0.9835504 -0.0651583 0.1684722 -0.5489889 0.01699346 -0.8356569 -0.4853656 -0.1914911 -0.8530836 -0.5974301 -0.4272899 -0.678602 -0.5235625 -0.6039891 -0.600899 -0.6890268 -0.7152887 -0.1166372 0.3321022 -0.154267 -0.9305427 0.4442049 0.1386531 -0.8851313 0.6594178 0.1059232 -0.7442771 -0.3988112 -0.5975389 0.695627 -0.6562867 -0.3679743 0.6586977 -0.4864446 -0.4225173 0.7647554 -0.6401422 -0.3124804 0.7018362 -0.6563032 -0.3677966 0.6587806 -0.6579707 -0.149073 0.7381408 -0.6452766 -0.06947088 0.7607837 -0.6352433 0.08945214 0.7671143 -0.1865274 0.9379966 -0.2921816 -0.007320344 0.9982523 -0.05864131 -0.1847024 0.9821463 0.03568851 0.007412254 0.9983258 0.05736446 -0.00606358 0.998263 -0.05860346 0.03550708 0.9585927 0.2825585 0.04955732 0.9183139 0.3927387 0.07400363 0.8026757 0.591807 0.08522748 0.7272477 0.6810632 0.1032025 0.5500236 0.8287481 -0.08218592 0.4755848 0.8758223 0.1102784 0.4480935 0.8871589 0.1028295 0.5498612 0.8289023 0.1200261 0.2307188 0.9655892 -0.06794512 0.1562432 0.9853789 -0.06321835 0.09118765 0.9938251 0.1200398 0.230552 0.9656274 0.1214123 -0.1729977 0.9774103 -0.1300667 -0.123147 0.983828 -0.2928392 0.4824986 -0.8254941 -0.1048388 0.5504596 -0.8282531 -0.270978 0.6972648 -0.663621 -0.07380884 0.8002955 -0.5950459 -0.08617025 0.7248377 -0.6835094 -0.07427054 0.8003845 -0.5948687 -0.04212707 0.9397294 -0.3393143 -0.0423206 0.9398401 -0.3389831 -0.1865082 0.9379885 -0.2922196 -0.04128217 0.9398884 -0.3389774 -0.007324457 0.9982519 -0.05864864 0.2527931 -0.7839174 -0.5670707 0.02930855 -0.5657687 -0.824043 0.2892556 -0.5165875 -0.8058962 0.09866636 -0.2398821 -0.9657751 0.2893912 -0.5164641 -0.8059266 0.5257176 -0.06262999 -0.8483505 0.2747974 0.1908165 -0.9423776 0.2747283 0.1910037 -0.9423599 0.223905 -0.1087303 -0.9685268 0.3985754 0.4711527 -0.7868626 0.2185268 0.5905445 -0.7768547 0.1213169 -0.1733345 0.9773625 0.1215548 -0.1731355 0.9773682 0.1099519 -0.447836 0.8873295 0.1032461 -0.5496386 0.8289979 -0.08054262 -0.4796804 0.8737389 0.1035745 -0.5497826 0.8288615 -0.1000999 -0.699314 0.7077712 0.07437354 -0.8023782 0.5921638 -0.1057443 0.5502963 -0.8282465 -0.112787 0.4514121 -0.8851589 -0.1225863 0.1760191 -0.9767242 -0.1209223 0.173192 -0.9774367 -0.1221021 0.1758727 -0.9768111 -0.3646774 0.1229339 -0.9229831 -0.3028698 -0.09104079 -0.9486736 -0.1460148 0.7909504 -0.5942029 -0.2013415 0.457661 -0.86603 -0.1893267 0.3243074 -0.9268118 -0.1265758 0.05277323 -0.9905521 -0.1590632 -0.1806537 -0.9705994 -0.1384363 -0.4181399 -0.8977719 -0.191536 -0.640356 -0.7438133 -0.1504272 -0.7552112 -0.6379873 -0.0130636 -0.9124217 -0.4090429 0.04485052 -0.9379945 -0.3437364 -0.07268702 -0.9639874 -0.2558223 0.04498451 -0.9380315 -0.3436183 0.09143012 -0.9774516 0.1903392 -0.01429164 0.9985601 -0.05170643 0.04006457 0.9776242 -0.2065083 -0.05847072 0.7426648 -0.6671059 -0.4824751 -0.0554344 0.8741538 -0.6352158 0.08941209 0.7671417 -0.3462753 0.1045878 0.9322848 -0.4588364 0.2190854 0.861087 -0.63523 0.08955693 0.7671131 -0.6269456 0.3099259 0.7147624 -0.6163512 0.1612036 0.7707949 -0.6269445 0.3099246 0.7147639 -0.6487762 0.3730253 0.663281 -0.4924821 0.4699837 0.732514 -0.6269476 0.3100144 0.7147223 -0.6754594 0.487178 0.5535451 -0.6488043 0.3731023 0.6632103 -0.6755061 0.4872264 0.5534456 -0.6915343 0.5360771 0.4841504 -0.7044373 0.6156197 0.3532429 -0.7097985 0.6452839 0.2824797 -0.7388394 0.6622635 0.1245938 -0.7362593 0.6753025 0.04346185 -0.750522 0.6515935 -0.1101946 -0.5943128 0.8041543 -0.01132458 -0.7504815 0.6516435 -0.1101749 -0.4995032 0.8447183 -0.1922171 -0.751667 0.6345693 -0.1797733 -0.7505108 0.651588 -0.1103024 -0.7868725 0.5346254 -0.3082326 -0.786335 0.4887778 -0.3778542 -0.7941839 0.3706831 -0.4815248 -0.5541765 0.5976672 -0.579381 -0.794155 0.3707529 -0.4815188 -0.6575923 0.4227786 -0.623563 -0.03138613 0.4629679 0.8858193 -0.03639501 0.449881 0.8923466 -0.03639268 0.4498868 0.8923438 -0.04134362 0.4367457 0.8986345 -0.9924792 2.47335e-5 0.1224139 -0.9923989 -1.49351e-4 0.1230637 -0.9923003 -3.09012e-4 0.1238555 -0.9922884 -3.71324e-4 0.1239511 -0.9924027 -1.63084e-4 0.1230325 -0.9923352 3.50673e-4 0.1235759 -0.9923043 -4.97831e-5 0.1238233 -0.9923403 5.92136e-4 0.1235327 -0.9924212 0.004582047 0.1227972 -0.9924218 0.004581868 0.122793 -0.9923588 4.88274e-4 0.1233854 -0.9924141 6.53696e-4 0.1229389 -0.9924219 0.00464344 0.1227892 -0.9923999 0.001105666 0.1230502 -0.9923301 0.001003026 0.1236119 -0.992343 0.001027524 0.1235091 -0.9924004 0.001135647 0.1230456 -0.992227 6.51452e-4 0.1244398 -0.9923198 9.55683e-4 0.1236958 -0.9921942 4.79358e-4 0.1247016 -0.992122 -2.42226e-5 0.1252757 -0.9920805 3.82746e-4 0.1256032 -0.9921781 6.649e-4 0.1248291 -0.9920149 2.69932e-4 0.1261207 -0.9920712 3.03687e-4 0.1256775 -0.9919754 2.03106e-4 0.1264319 -0.9919722 0 0.126457 -0.9919671 3.67724e-5 0.1264969 -0.9920185 2.89061e-4 0.1260925 -0.9920566 -8.6631e-4 0.1257897 -0.9919738 3.99868e-5 0.1264441 -0.9920479 -7.92088e-4 0.1258592 -0.9921591 -3.90343e-4 0.1249809 -0.9921671 -4.57576e-4 0.1249174 -0.9920534 -8.28666e-4 0.1258152 -0.9923233 -4.53706e-4 0.1236696 -0.99217 -3.33632e-4 0.1248937 -0.9923267 -3.38285e-4 0.1236431 -0.9923358 1.55468e-4 0.123571 -0.9923532 -2.13418e-6 0.1234314 -0.9923498 -3.53917e-4 0.1234574 -0.9923158 0.002562642 0.1237049 -0.9923388 6.08344e-5 0.1235462 -0.9923151 0.002616405 0.123709 -0.9922671 -0.001582682 0.1241111 -0.9922628 -0.0015527 0.1241456 -0.9923089 0.002507686 0.1237612 -0.9922794 8.05256e-4 0.1240206 -0.9922682 -0.001574099 0.1241019 -0.9923215 9.22293e-4 0.1236821 -0.9923779 0.00106281 0.1232272 -0.9923757 0.001162946 0.1232451 -0.9922902 8.37043e-4 0.1239341 -0.9924505 4.18458e-4 0.1226456 -0.9923706 0.001125216 0.1232853 -0.9924425 4.85763e-4 0.1227104 -0.9924679 9.75468e-5 0.1225045 -0.9924776 -2.71178e-6 0.1224264 -0.9924526 3.95659e-4 0.1226286 -0.9926181 4.38906e-5 0.1212823 -0.9924792 2.98705e-5 0.1224143 -0.9926182 1.72992e-4 0.1212814 -0.992397 -1.77764e-4 0.1230779 -0.9923381 -1.41002e-6 0.1235519 -0.992267 -0.001588761 0.1241126 -0.9921905 -0.008534312 0.1244398 -0.9921904 -0.00852847 0.1244405 -0.9924473 0.01813358 0.121324 -0.9924219 0.004616975 0.1227911 -0.9924538 0.009947001 0.1222158 -0.9923279 9.9025e-4 0.1236302 -0.1088056 -0.9383255 0.3281869 0.00744754 -0.998338 0.05714786 -0.1881521 -0.9820895 0.009961128 -0.007251262 -0.9982867 -0.0580613 0.005263805 -0.9983467 0.05723804 -0.03529876 -0.9583092 -0.283545 -0.04886531 -0.918015 -0.3935234 -0.0731697 -0.8003143 -0.5950996 -0.08633476 -0.7247854 -0.6835441 -0.1061561 -0.5503673 -0.8281466 -0.1126229 -0.4515206 -0.8851245 -0.1210111 -0.2342543 -0.9646146 -0.3057546 -0.1541047 -0.9395563 -0.1193655 -0.2340956 -0.9648581 0.08511406 -0.7273126 0.6810081 0.07410633 -0.8024852 0.5920522 0.0425952 -0.9400256 0.338434 0.04299408 -0.9401827 0.3379467 0.04292136 -0.9402558 0.3377525 0.3225572 0.945763 0.03859144 0.2441439 0.8856971 0.3948853 0.2726181 0.8303722 0.4859645 0.2724609 0.8303802 0.4860389 0.07935887 0.9381452 0.3370248 0.06308829 0.7504544 0.6579044 0.2250128 0.6074241 0.7618433 0.110269 0.4858362 0.8670663 0.2902725 0.3167961 0.9029852 0.1392288 0.1670476 0.9760689 0.31178 -0.002243757 0.9501518 0.1470482 -0.169566 0.9744867 0.3164353 -0.3183522 0.8935999 0.1454979 -0.4879106 0.8606821 0.3165416 -0.3184204 0.8935379 0.1456644 -0.4880094 0.8605979 0.2820945 -0.6053518 0.7442929 0.1225365 -0.7516444 0.648086 0.2357367 -0.8268851 0.5105774 0.08790349 -0.927661 0.3629298 0.131044 -0.9632847 0.234329 -0.06601828 -0.9959968 0.06026673 0.1217573 -0.9841648 -0.1288207 0.9944018 0.00810033 -0.1053539 0.9694747 0.2370018 0.06284165 0.9937595 0.0117594 -0.1109228 0.9806087 0.1693773 -0.0985794 0.9938763 0.05003309 -0.09852302 0.9974155 -0.03895223 -0.06037515 0.9828048 -0.1065578 0.1507982 0.9964163 -0.02395004 -0.08112329 0.9964189 -0.02392649 -0.08109921 0.9937647 -0.05719012 0.09571379 0.9569028 0.06518876 0.2829976 0.9938362 0.00941056 -0.1104585 0.9965131 0.01262027 -0.08247584 0.9569525 0.1925883 0.2171446 0.8189575 0.4625141 0.3396902 0.9694518 0.2370918 0.0628547 0.608085 0.6655808 0.4327067 0.6138161 0.7641184 0.1983758 0.994368 0.006528139 -0.105782 0.95686 0.06511849 0.2831584 0.982792 -0.1065889 0.1508607 0.6604791 -0.1102381 0.7427079 0.5429633 0.6747967 0.4998404 0.5264077 0.4567196 0.7171486 0.4420162 0.1696572 0.8808168 0.4885657 0.1303337 0.862738 0.893995 0.4409561 0.07956534 0.8061358 0.5751671 -0.1390252 0.6001919 0.7923124 -0.1095941 0.8992187 0.3828052 -0.2118158 0.3491017 0.8762388 -0.3321651 0.3649389 0.7242172 -0.5850889 0.1762306 0.8854221 -0.430082 0.2963242 0.7689142 -0.566536 0.1762351 0.8854299 -0.4300642 0.1421433 0.7433229 -0.6536562 0.3707313 0.9254577 -0.07801514 0.3061838 0.869351 -0.387918 0.3489304 0.8763334 -0.3320952 0.4768827 0.8717856 -0.112129 0.3715823 0.8892831 0.2666499 0.4251468 0.8634042 0.271631 0.4559825 0.7288366 0.5107614 0.4702433 0.6929141 0.5465724 0.7841507 0.6151959 -0.08149814 0.7308416 0.5884047 -0.3459054 0.5985323 0.687343 0.4114837 0.9137527 0.287224 0.2873295 0.8519555 0.5112795 0.1129834 0.9901801 0.07910209 -0.1152654 0.9020537 0.150049 -0.4047029 0.8888723 0.3622739 -0.2804707 0.9901847 0.07902139 -0.115282 0.7938355 0.5142024 -0.3246863 0.5076935 0.5751971 -0.6414014 0.793753 0.5142475 -0.3248167 0.9019995 0.1501564 -0.404784 0.2651308 0.5411804 -0.7980161 0.3446426 0.6641021 -0.6634681 0.2859661 0.4204238 -0.8610849 0.3627868 0.4299021 -0.8267829 0.4074816 0.6045016 -0.6844974 0.9020047 0.1501379 -0.4047793 0.2861102 0.4203512 -0.8610725 0.8568148 0.1899564 -0.479359 0.4441974 0.1388124 -0.88511 0.261331 0.6997379 -0.6648858 0.2651657 0.5411804 -0.7980045 0.2904936 0.7381841 -0.6088496 0.9917205 0.06853586 -0.1085973 0.9883992 -0.0371856 -0.1472558 0.8742044 0.2594502 -0.4104292 0.9857009 -0.03469938 -0.1648935 0.9270318 0.1402728 -0.3477579 0.9921042 -0.003047883 -0.1253793 0.9826651 0.01019316 -0.1851097 0.885511 -0.08673268 -0.4564512 0.9922102 -0.006240308 -0.1244194 0.9852644 -0.0234245 -0.1694267 0.9893439 0.08567053 -0.1177253 0.9740336 0.1604943 -0.1596875 0.9141498 -0.1185979 -0.3876398 0.9740138 0.1606662 -0.159636 0.9819073 0.0494349 -0.1827956 0.9893389 0.08575463 -0.1177062 0.9884074 -0.03725355 -0.1471835 0.9856933 -0.03475332 -0.164927 0.9883859 -0.03728342 -0.1473205 0.9786146 -0.01742666 -0.2049634 0.8741901 0.2594941 -0.4104322 0.9918776 -0.01977956 -0.1256488 0.9859774 0.09654152 -0.1361194 0.9878342 0.1199395 -0.09898525 0.9914937 0.01859843 -0.1288191 0.9924333 0.04952651 -0.1123546 -0.1700916 -0.3003452 0.9385424 0.0385648 -0.2088887 0.9771788 0.03857094 -0.2089001 0.9771761 0.1498533 0.01928234 0.9885202 0.03873991 -0.2088276 0.977185 0.3049672 0.1849966 0.9342224 0.2037124 0.9419871 0.2667611 -0.04542481 0.8811264 0.4706941 0.09170007 0.7757915 0.6242907 0.09155344 0.7757549 0.6243575 -0.04558932 0.8810828 0.4707596 0.02538484 0.6339761 0.7729361 0.09166663 0.7757542 0.6243419 0.1103591 0.4063889 0.9070111 0.3049947 0.1851858 0.9341759 0.3520258 -0.8918807 0.2839486 0.8229853 -0.5483998 0.148166 0.496335 -0.6639068 0.5593563 0.649096 -0.5747263 0.4983614 0.9021646 -0.4213041 0.09274709 0.9278804 -0.1878254 0.3221175 0.5623359 -0.6041323 0.5646261 0.9278731 -0.1878157 0.3221439 0.5876549 -0.4626475 0.6637914 -0.9925206 9.55874e-4 0.1220741 -0.9925946 0.003243684 0.1214308 -0.9925331 0.001560747 0.1219658 -0.9925287 0.001672327 0.1220001 -0.992595 0.003256142 0.1214277 -0.9924709 9.19638e-4 0.1224771 -0.9925273 0.001654207 0.1220117 -0.9924719 9.42136e-4 0.1224691 -0.9925016 -0.01166003 0.1216752 -0.9923464 -0.02417194 0.1210964 -0.9926639 -0.02068954 0.119124 -0.9931539 -0.00873351 0.1164868 -0.9934043 -0.00579828 0.1145176 -0.993395 -0.005840957 0.1145957 -0.9931544 -0.008732974 0.1164821 -0.9934915 -0.00379616 0.113843 -0.9934093 -0.005691766 0.114479 -0.9934999 -0.003683865 0.1137743 -0.9936471 -0.001584947 0.1125307 -0.9936381 -0.001665651 0.1126087 -0.9934938 -0.003760039 0.1138251 -0.9936451 -1.24115e-5 0.1125589 -0.9936535 -0.00149846 0.1124751 -0.9936633 -7.96979e-7 0.1123986 -0.9936534 0.001498103 0.1124756 -0.9936452 0.001591384 0.1125464 -0.9936428 4.00818e-6 0.1125795 -0.9934675 0.004131436 0.1140406 -0.9936524 0.001501679 0.1124851 -0.9934645 0.004180371 0.1140645 -0.9933336 0.005769729 0.115131 -0.9933271 0.005870759 0.1151826 -0.9934643 0.004186153 0.1140673 -0.9930502 0.009725034 0.1172898 -0.9933322 0.005788564 0.1151418 -0.9930486 0.009751558 0.1173014 -0.988393 0.09439963 0.1190302 -0.9806507 0.1547316 0.1199268 -0.9863511 0.1111924 0.1214406 -0.9923917 -3.54394e-4 0.1231209 -0.9925075 -6.80227e-4 0.1221827 -0.9925071 -6.7837e-4 0.122185 -0.992453 -5.89078e-4 0.1226248 -0.992519 -0.001197159 0.122085 -0.9924982 -5.95901e-4 0.1222586 -0.9925207 -8.93327e-4 0.122074 -0.9924897 -4.02945e-4 0.1223282 -0.9924682 2.71845e-5 0.1225026 -0.9925011 -5.8731e-4 0.1222348 -0.9924975 -4.50673e-4 0.1222656 -0.9924472 -2.0191e-4 0.1226723 -0.9924718 2.33695e-4 0.1224737 -0.9924368 -8.72592e-5 0.1227564 -0.9925074 7.94224e-4 0.1221817 -0.9924693 2.16968e-4 0.1224941 -0.9925054 7.65259e-4 0.122199 -0.9925323 0.00158149 0.1219721 -0.9928371 -5.62837e-4 0.119475 -0.9928315 0.003032505 0.1194842 -0.9927708 7.12658e-4 0.120024 -0.992763 8.38323e-4 0.120088 -0.9928315 0.003069043 0.1194838 -0.9927991 0.01023799 0.119354 -0.9928132 0.008609235 0.1193646 -0.9927624 0.004657447 0.1200055 -0.6563138 -0.3678848 0.6587208 -0.6751081 -0.4844479 0.5563626 -0.6919323 -0.5311927 0.4889417 -0.6870558 -0.6330326 0.3566849 -0.7010318 -0.6516036 0.289771 -0.7010372 -0.6516612 0.2896283 -0.4388621 -0.8443791 0.307285 -0.573166 -0.8044591 0.1559695 -0.7010601 -0.6516184 0.2896692 -0.7241864 -0.6757565 0.1375036 -0.746573 -0.662638 0.05949574 -0.7562193 -0.6464886 -0.1009202 -0.7665995 -0.6183673 -0.1730523 -0.7841647 -0.5403079 -0.3052099 -0.7904394 -0.4891197 -0.3687379 -0.798842 -0.3709928 -0.4735144 -0.7919785 -0.304248 -0.5293423 -0.7888728 -0.1566401 -0.5942589 -0.7919762 -0.3041971 -0.529375 -0.6581072 -0.2155624 -0.7214068 -0.8008934 -0.08754539 -0.592373 0.2517697 -0.8456478 -0.4706293 0.3684593 -0.9081324 -0.1988298 0.3210285 -0.9432685 0.08476603 0.5513269 -0.8093728 0.2023718 0.3685612 -0.9080996 -0.1987913 0.4252199 -0.8122276 0.3993425 -0.07534164 -0.5405663 0.8379212 -0.09166842 -0.8434946 0.5292579 -0.3109357 -0.5444629 0.7790246 -0.3391793 -0.4439068 0.8294 -0.1122608 -0.8066101 0.5803256 -0.3280092 -0.7690939 0.5485479 -0.1537327 -0.5780064 0.8014206 0.1552764 -0.4981623 0.8530672 0.1252598 -0.6013521 0.7891044 0.1369819 -0.716199 0.6843208 0.09604692 -0.8076654 0.5817658 0.1070167 -0.8786362 0.4653449 0.06644243 -0.9439467 0.323342 0.08498489 -0.9771715 0.1947137 0.02865523 -0.9993261 0.02294147 0.0412749 -0.988879 -0.1428804 -0.01506096 -0.9485489 -0.3162726 0.01444333 -0.8748839 -0.4841173 -0.01794385 -0.7939597 -0.6077055 0.004546225 -0.7126223 -0.7015332 -0.04158055 -0.6152032 -0.7872713 -0.04894024 -0.5138174 -0.8565026 -0.07501274 -0.3581702 -0.930638 0.09604179 -0.2126225 -0.9724031 0.08448529 -0.02144277 -0.9961941 0.09198802 0.1914724 -0.9771779 -0.07929182 0.3388684 -0.9374865 -0.05684274 0.499983 -0.8641678 -0.06791299 0.6028336 -0.7949714 -0.02960741 0.7150175 -0.6984794 -0.04458117 0.8054745 -0.5909514 -0.008300364 0.8769535 -0.4805035 -0.01433098 0.9438066 -0.3301875 0.03494763 0.9771347 -0.2097299 0.02218574 0.9993283 -0.02916711 0.07480776 0.9888869 0.1284777 0.06249755 0.9485964 0.3102564 0.1187967 0.8848402 0.4504944 0.09625566 0.8067612 0.5829848 0.1366497 0.7153386 0.6852865 0.1246955 0.6006831 0.789703 0.1557602 0.4978898 0.8531381 0.1544891 0.3577779 0.9209388 0.3313537 0.2127897 0.9191982 0.3260758 0.0217635 0.9450931 0.328437 -0.1914058 0.9249287 0.1517277 -0.3384922 0.9286559 0.9525395 -0.1449395 0.2676959 0.8530616 -0.4153899 0.3158121 0.5027419 -0.4689222 0.7261974 0.502751 -0.4689221 0.7261911 0.9049552 -0.3531739 0.2373276 0.5685719 -0.6761472 0.4685627 0.4088712 -0.5141665 0.7539612 0.3314522 -0.7503418 0.5719498 0.4152042 -0.6998755 0.5811882 0.7917027 0 0.6109066 0.6417346 0 0.7669269 0.6417279 0 0.7669325 0.4617088 0 0.8870317 0.4617073 0 0.8870324 0.7917006 0 0.6109094 0.1467831 0.9881966 0.04384249 0.9297556 -0.3681773 0 0.9297557 -0.3681771 0 0.9526047 -0.3042114 0 0.9695863 -0.2443085 -0.01468962 0.9832733 -0.1808099 -0.02194458 0.9809026 -0.1894878 -0.04387205 -0.9848726 0 0.17328 -0.9242875 0 0.3816971 -0.9848716 0 0.1732861 -0.9990627 0 -0.04328757 -0.9990627 0 -0.04328757 -0.5696952 0.8058118 0.1616013 -0.859729 0.3391168 -0.381924 0.8067591 0.5908378 0.007116317 0.8081136 0.5890268 0 0.8568301 0.5154763 0.01124083 0.9008087 0.4340707 0.01124703 0.9562759 0.2923963 0.006382942 0.9723971 0.2333322 2.67552e-7 0.9844621 0.1755973 0 0.9844622 0.175597 0 -0.4524722 0 -0.8917785 -0.4063122 0 -0.9137344 -0.3589667 0 -0.9333505 -0.3108051 0 -0.9504737 -0.3108053 0 -0.9504737 -0.4771941 -0.8649796 -0.1552299 -0.9763134 0 -0.2163616 -0.9763134 0 -0.2163617 -0.9071395 0 -0.4208302 -0.7956931 0 -0.6057001 -0.795691 0 -0.6057029 -0.9071362 0 -0.4208375 -0.8180279 -0.5751787 0 -0.8614584 -0.5078282 0 -0.8995867 -0.4367426 0 -0.9577144 -0.2877205 0 -0.9777346 -0.2098454 0 -0.9987157 -0.05066615 0 -0.9995347 0.03050303 0 -0.9818913 0.1894453 0 -0.9636563 0.2671456 0 -0.9394559 0.3426699 0 -0.9394561 0.3426695 0 0.4383054 -0.1947866 0.877466 -0.2087447 0.2191574 0.9530979 0.9172948 -0.1321054 -0.3756574 0.04531031 -0.9989591 0.005286395 -0.0122022 -0.9874075 -0.1577264 0.004439711 -0.9983305 0.05758941 0.04530501 -0.9989593 0.005280375 0.004375994 -0.9983285 0.05763024 -0.04032558 -0.9991455 0.009069621 -0.02712506 -0.9996295 0.002297341 -0.0403093 -0.9991475 0.008923828 -0.0445162 -0.9953391 -0.08554887 -0.06340157 -0.9581926 -0.2790111 0.004381597 -0.9983293 0.0576151 -0.04449021 -0.9953522 -0.08540952 -0.9360719 0.3008681 0.1823394 0.2440498 0 0.9697628 0.2440502 0 0.9697627 0.3367587 0 0.941591 0.4270699 0 0.9042186 0.512578 0 0.8586407 0.5125784 0 0.8586404 0.9999948 -0.002768218 0.00164771 0.8511628 0.5246993 -0.01458382 0.9573478 0.2863901 0.03829038 -0.5452314 0 0.8382856 -0.5452305 0 0.8382863 -0.5876983 3.46461e-6 0.8090803 -0.628697 -9.89943e-6 0.7776505 -0.6679291 0 0.744225 -0.6679298 0 0.7442244 -0.4210491 0.8497094 -0.3173508 -0.5403999 0.1044874 -0.8348954 0.2695658 -0.9207512 0.2820488 0.5606355 0.8138885 0.1525563 -0.9456979 -0.2803843 -0.1644392 0.486182 0 -0.8738576 0.4861811 0 -0.8738582 0.5686492 0 -0.8225803 0.6464274 0 -0.7629755 0.717383 0 -0.6966789 0.717383 0 -0.696679 0.6738002 0 -0.7389137 0.8196294 0 -0.5728941 0.925442 0 -0.3788893 0.8196331 0 -0.572889 0.3822574 0.9240528 -0.002420127 0.8510723 0.5248478 -0.01451992 0.6919451 0.7202391 -0.04967498 -0.4528438 -0.89159 0 -0.4528438 -0.8915899 0 0.459973 0.887925 -0.003764688 0.2461048 0.9677668 -0.05347812 0.3821285 0.9241059 -0.002518653 0.3820962 0.9241194 -0.002467215 0.2460989 0.9677688 -0.0534684 0.2223289 0.9749717 0 0.07281035 -0.9925911 0.0972709 0.4023872 -0.9141454 0.04922139 0.2746105 -0.9540359 0.1200191 0.4624287 -0.8866226 0.00776416 -0.6697788 0.7425608 0 -0.6697798 0.7425598 0 -0.6950578 0.6712455 0.257535 -0.5437045 0.8332907 0.1000602 -0.5437126 0.8332852 0.100062 -0.3520606 0.933726 -0.06487715 -0.7832196 0.061199 0.6187258 -0.900825 -0.06724268 0.4289436 -0.9008568 -0.06727749 0.4288716 -0.9586722 -0.191212 0.210679 0.504473 -0.01861214 0.8632268 0.5084168 -0.01496821 0.8609811 0.5085668 -0.01482999 0.8608949 0.5125418 -0.01112169 0.8585903 -0.03237205 -0.9909114 -0.1305632 -0.06343954 -0.9581494 -0.2791507 0.03628426 -0.9993384 -0.002529323 0.02510303 -0.9996128 0.01200336 0.02989512 -0.9994358 0.01531237 0.01664173 -0.9994223 0.0296331 -0.002318203 -0.9999969 -0.001012086 -0.04142343 -0.9934281 0.1066989 -0.01705509 -0.9985094 -0.05184841 0.005713999 -0.9996959 -0.02398955 0.0276007 -0.999577 -0.009176552 -0.6853643 0.171082 -0.7078183 -0.8763064 0.0124849 -0.4815925 -0.8762351 0.01256537 -0.4817202 -0.968392 -0.1474328 -0.2011979 0.1373543 -0.9896154 0.04237115 -0.04137104 -0.9934199 0.106796 -0.06955456 -0.9908522 0.1156471 -0.1280155 -0.9917014 0.01184552 -0.029971 -0.995555 -0.08928692 0.137364 -0.9896138 0.04237478 -0.01703888 -0.9985094 -0.051853 0 -1 0 -0.1954787 0.2034605 0.9593706 0.1194623 0.04324287 0.9918966 0.1193345 0.04331499 0.9919089 0.4191777 -0.1223391 0.8996239 0.07261097 -0.9926082 0.09724622 0.03983843 -0.9964738 -0.07384443 0.03982776 -0.9964732 -0.07385832 0.03998595 -0.9964607 -0.07394158 0.03997486 -0.99646 -0.07395601 0.2141274 -0.9550084 -0.2052035 0.9746918 0.1283136 -0.183062 0.8727971 -0.01688855 -0.4877912 0.87285 -0.0168308 -0.4876986 0.662522 -0.1599164 -0.7317728 0.9627515 0.1914729 0.1909127 0.8932552 0.4492914 0.01525306 0.8932486 0.4493038 0.0152747 0.8931782 0.4494464 0.01518702 0.893181 0.4494413 0.01517844 0.7323944 0.6613123 -0.1620633 0.59659 -0.1378423 -0.79062 0.8138546 -0.01359808 -0.5809094 0.8138582 -0.01361304 -0.5809041 0.8139516 -0.01355296 -0.5807747 0.8139503 -0.01354885 -0.5807765 0.94441 0.1121395 -0.3090544 -0.2306744 -0.9508128 0.2067472 0.08021539 -0.9957697 0.04481542 0.08022618 -0.995768 0.04483461 0.08032071 -0.9957646 0.04473638 0.08032697 -0.9957637 0.04474717 0.3811826 -0.9163093 -0.122789 -0.9468312 -0.2211499 -0.2336736 -0.8411322 -0.04790568 -0.5387037 -0.8411315 -0.04790598 -0.5387048 -0.8410549 -0.04784446 -0.5388299 -0.8410547 -0.04784399 -0.5388302 -0.6224166 0.1318545 -0.7714998 0.5294634 0.0324077 0.8477135 0.6570899 -0.05603247 0.7517268 0.6570888 -0.0560351 0.7517276 0.7628082 -0.1426244 0.6306996 0.03572857 0.9993549 0.003641009 0.03710389 0.999305 -0.003602206 0.01313465 0.9998032 -0.01486885 -0.01557946 0.9992785 -0.03463774 -0.03322303 0.9989507 0.03152859 -0.02148312 0.9996089 0.01790606 -0.002983748 0.998809 0.04870128 -0.02138215 0.9996113 0.0178917 -0.002931535 0.9988114 0.04865431 0.03887462 0.999141 0.0143578 -0.005373001 0.9995475 -0.0295996 0.01328623 0.9993417 -0.0337575 -0.007431268 0.9999128 0.01092147 -0.02286124 0.9987264 -0.04497683 -0.03548663 0.9993653 -0.003097653 0 1 -3.96941e-7 0.9298641 0.3660554 -0.0368278 0.9682497 0.2403893 0.06859761 0.9682379 0.2404515 0.06854587 0.9791641 0.1079137 0.1720243 0.4025072 -0.9140945 0.0491867 0.8503402 -0.5259197 0.01817077 0.691866 -0.7200279 0.05367833 0.8504184 -0.5257902 0.01826 0.9566353 -0.2892491 -0.03440809 0.9999943 -0.002909839 0.00176686 0.8333241 0.0477218 -0.5507209 0.676714 -0.10352 -0.728932 0.6767632 -0.1034761 -0.7288925 0.4666256 -0.2465128 -0.8494069 0.8003324 0.1097276 -0.5894303 0.573384 -0.00644803 -0.8192614 0.5733786 -0.006432056 -0.8192653 0.5732543 -0.006494104 -0.8193519 0.5732592 -0.006512343 -0.8193483 0.2787078 -0.121857 -0.9526138 0.005429089 -0.9993438 0.03581291 0.02034336 -0.9993032 0.03129243 0.01093167 -0.9998806 0.01092708 0.01736515 -0.999813 -0.008525311 9.01122e-4 -0.9998291 -0.01846855 -0.005101799 -0.9999827 -0.002947628 9.1875e-4 -0.9998292 -0.01846075 -0.005114018 -0.9999827 -0.002951502 -0.0142247 -0.9998988 5.00845e-4 -0.0444647 -0.9953562 -0.0853762 -0.01222449 -0.987407 -0.1577272 -0.9799666 -0.1414391 0.1402163 -0.9973077 0.02920508 -0.06726521 -0.9973083 0.0292052 -0.06725478 -0.9423808 0.1977406 -0.2698466 -0.002150177 0.9999319 0.01147282 0.04921311 0.9985553 0.02157908 0.04098039 0.9991499 -0.00449419 0.03626799 0.9993364 -0.003400206 0.007495522 0.9997555 -0.02080136 -0.009231865 0.9993768 -0.03407156 -0.01228326 0.999409 -0.03210806 -0.001564264 0.9996089 0.02792191 -0.01893573 0.9997978 -0.006764352 0.02449035 0.9996683 0.007967472 -0.04322159 0.9980726 -0.0445311 -0.04532325 0.9980906 0.04196453 -0.02527737 0.9987977 0.04200333 -0.006935 0.9995778 0.02821689 -2.99681e-6 0 -1 -3.54922e-6 0 -1 0.009649753 0.002503514 -0.9999504 0.004118859 0.004602551 -0.999981 4.23292e-6 0 -1 6.16526e-6 0 -1 -1.04591e-6 0 -1 0.0123195 -0.01886898 -0.9997462 8.31578e-5 -0.0264272 -0.9996508 0.007900238 -0.02680122 -0.9996096 -0.001604914 -0.01613086 -0.9998687 0.003828406 -0.007719933 -0.9999629 0.01087319 0.01027917 -0.9998881 0.007905602 -0.0267412 -0.9996111 1.39317e-6 0 -1 -2.91125e-5 0 -1 0.01843392 0.01648128 -0.9996942 -0.001503229 0.008394241 -0.9999637 -0.003578662 0.003210365 -0.9999885 0.0189709 0.005529522 -0.9998047 0.1146162 8.15795e-4 -0.9934096 0.0248149 -0.01756137 -0.9995379 -0.06867486 -0.1170702 -0.9907464 0.02478629 -0.01758092 -0.9995382 -0.06873345 -0.1170507 -0.9907447 -0.09543955 -0.06646317 -0.993214 -0.08738142 -0.05335396 -0.9947451 -0.04122447 0.0131222 -0.9990638 3.28142e-6 0 -1 -3.9313e-5 0.009572744 -0.9999542 -0.06457334 -0.01110899 -0.9978511 0.01114195 0.006940841 -0.9999139 0.002085804 -0.04797345 -0.9988465 -0.09371829 -0.04963982 -0.9943606 -4.87687e-7 0 1 -0.009092688 0.008123219 0.9999257 -2.80592e-7 0 1 0.02167415 0.006818234 0.9997419 -0.04853945 0.1412191 0.9887877 -5.43808e-4 0.01327055 0.9999119 0.01184123 -0.00531578 0.9999158 1.51088e-6 0 1 -0.01504027 -0.002699434 0.9998833 0.01167255 0.005704641 0.9999156 -0.03991717 0.0817871 0.9958502 0.03608089 -7.31819e-5 0.9993489 0.0142377 0.02058631 0.9996867 0.01424455 0.02058541 0.9996866 -0.009121477 0.008133113 0.9999253 -0.1155689 0.2265204 0.9671259 0.02864557 0.01863574 0.9994159 0.01906901 0.005175173 0.9998048 0.05949199 -0.00577259 0.9982122 0.02504289 -0.04261261 0.9987778 0.05949729 -0.005780935 0.9982118 0.025047 -0.04260593 0.998778 -0.04810643 -0.05186629 0.9974948 -0.07029777 -0.0503565 0.9962542 -0.09063619 -0.0378881 0.9951631 -0.06269669 -0.03366059 0.9974649 0.02821189 0.004116952 0.9995936 0.01226592 0.009905874 0.9998758 -0.09175139 -0.02655929 0.9954277 -0.09067422 -0.03790491 0.9951591 -0.09184843 -0.02658766 0.995418 -9.50903e-7 0 1 -0.006520688 0.003631711 0.9999722 -9.40623e-4 -9.03502e-4 0.9999992 -0.003704249 -0.003897726 0.9999856 -0.003684639 -0.003879964 0.9999858 -8.29022e-4 -0.001178562 0.9999991 -0.001551628 -0.004847228 0.9999871 -0.003726899 -0.003921389 0.9999855 -0.001554846 -0.004900157 0.9999869 -0.002933204 -0.009184718 0.9999536 0.001996815 -0.004356741 0.9999886 -0.001560509 -0.004886209 0.999987 0.001997828 -0.004357635 0.9999885 -0.003624439 0.006740689 0.9999708 0.003275156 5.76735e-4 0.9999945 6.11328e-4 0.006051123 0.9999816 -0.006527364 0.003636837 0.9999721 -0.003644645 0.006754696 0.9999706 -0.007104933 0.009810984 0.9999266 6.15385e-4 0.006042361 0.9999817 -0.0193383 -0.03263872 -0.9992801 0.008476018 0.001491963 -0.999963 0.006943047 -0.0145936 -0.9998695 6.78606e-4 0.008361577 -0.9999648 -0.01929116 0.01941478 -0.9996254 -0.01931583 0.01943445 -0.9996246 6.7881e-4 0.00837022 -0.9999648 -0.02412664 0.01939868 -0.9995208 -0.0330975 0.01232087 -0.9993762 -0.02118939 -0.003080248 -0.9997708 -0.03891271 -0.03527206 -0.9986199 -0.01933616 -0.03265208 -0.9992798 -0.03117609 -0.06371939 -0.9974809 -0.03118282 -0.06372618 -0.9974802 -0.9847675 -0.1738765 5.01616e-6 -0.9848614 -0.1733441 -1.91648e-4 -0.9849402 -0.1728954 -4.22792e-5 -0.9847643 -0.1738947 0 -0.9848476 -0.1734225 0 -0.9848613 -0.1733442 1.87853e-4 -0.9848707 -0.1732907 0 -0.9849302 -0.1729531 6.92695e-5 -0.9849059 -0.1730912 -1.01125e-4 0.5739336 0.8189019 0 0.7621147 0.6474421 2.13087e-6 0.7621147 0.6474421 1.98478e-5 0.8434519 0.5372048 1.82669e-5 -0.2076708 0.9781988 0 -0.1966856 0.9803449 0.01545107 -0.3654097 0.9304206 -0.02816641 -0.3654294 0.9304134 -0.02814775 -0.1966613 0.9803492 0.01548486 -0.4435572 0.8952373 -0.04251307 -0.9968266 -0.009085595 0.07908415 -0.7847189 -0.6191402 -0.02969443 -0.9701356 -0.2275694 0.08395922 -0.8847858 -0.4657821 0.01418048 -0.7846679 -0.619208 -0.02963089 -0.6615765 -0.7497133 -0.01570999 -0.9968198 -0.008951246 0.07918483 -0.8414029 0.5382736 0.04798769 -0.9623541 0.2714333 0.01409798 -0.8413224 0.5384051 0.04792058 -0.5554183 0.8308776 0.03395795 -0.4436929 0.8951669 -0.04257524 -0.1735745 0.9848208 0 -0.1735745 0.9848208 0 0.1756268 -0.9844569 0 0.1447057 -0.9888547 0.03502452 -0.07600426 -0.996994 -0.0150417 -0.07599413 -0.9969951 -0.01502686 0.1446899 -0.9888564 0.03504389 -0.2073921 -0.977997 -0.02259844 -0.07609343 -0.996987 -0.01505839 -0.4328866 -0.9013351 0.01429915 -0.7846207 -0.6192621 -0.02974557 0.9329354 -0.3556514 0.05606824 0.6648516 -0.7465266 0.02589553 0.4167987 -0.9089989 2.41442e-5 0.4167124 -0.9090384 1.21243e-5 0.5371252 -0.8435025 -1.28366e-4 0.1735745 -0.9848207 0 0.1735745 -0.9848208 0 0.8435501 0.5370505 1.83535e-5 0.8562457 0.5160037 0.02415531 0.993954 -0.09429889 0.05624371 0.973497 -0.224668 0.04275345 0.9913629 0.1234506 0.04426527 0.9690333 -0.2321747 0.08408153 0.8375495 -0.5451723 0.03602987 -0.03172421 0.9994873 -0.004332542 -0.03338557 0.9990592 0.02768433 -0.01751911 0.9997844 0.01115423 0.07494682 0.9970321 0.01761198 0.1153193 0.9933232 -0.003252387 0.1554105 0.9878491 -0.001325249 0.06011176 0.9981903 -0.001690268 0.001389741 0.9999973 -0.001938939 0.001321077 0.9999982 -0.001458644 0.001306354 0.9999981 -0.00145322 0.001421391 0.9999971 -0.001957833 3.42928e-4 1 -3.58995e-4 3.31848e-4 0.9999999 -3.48937e-4 0.001460433 0.999997 -0.001994669 0.001199603 0.9999988 -9.72835e-4 2.89755e-4 1 -3.50049e-4 -0.03171491 0.9994876 -0.004338145 0.2374057 0.04217779 0.9704945 0.1153889 -0.7949666 0.5955784 0.8755865 -0.3693422 0.3113434 0.7497525 -0.3170737 0.5808058 0.2000315 0.1377545 -0.9700573 0.1995527 0.1382086 -0.9700913 -0.4815251 0.6420423 -0.5965864 0.8599212 0.4061534 -0.3091524 0.7077851 0.4116607 -0.574087 0.9999086 -0.01349592 -9.34705e-4 0.9317677 0.3627416 -0.01509118 0.965238 0.1456691 -0.2170167 0.9999057 -0.01370531 -9.60872e-4 0.9216024 -0.3879078 0.013291 0.9682092 -0.1273623 0.2152906 -0.4815 0.6420298 -0.5966201 -0.003827869 1.58288e-4 -0.9999927 0.8317272 -0.1927357 -0.5206562 0.8719673 0.479063 0.1008548 -0.1301252 -0.991497 -0.001108825 -0.03267693 -0.9994584 0.003882288 -0.04417163 -0.9990086 -0.005543947 -0.07971167 -0.9968175 9.72811e-4 -0.1193426 -0.992853 5.71844e-4 -0.130193 -0.9914881 -0.001101672 -0.09338229 -0.995585 0.009511709 -0.04077327 -0.9991108 0.01074445 0.02194899 -0.9997578 0.001623868 0.00441873 -0.9999901 6.6377e-4 0.004499554 -0.9999887 0.001497209 -0.003274023 -0.9999943 8.55778e-4 0.01788556 0.5344845 0.8449891 0.007914125 0.2230055 0.9747852 0.007879972 0.2230067 0.9747851 0.007852315 0.2228361 0.9748244 0.2122391 0.07812166 0.9740901 0.3930385 -0.1728696 0.9031262 -0.7323544 0.06135398 -0.678154 -0.733865 0.0458768 -0.6777445 -0.7338615 0.04590779 -0.6777462 -0.7351975 0.03041559 -0.6771703 0.5158064 0.73918 -0.4330781 0.502063 0.5831293 -0.638665 0.5020864 0.5832135 -0.6385698 0.4548033 0.3881933 -0.801536 0.8925066 -0.1574866 0.4226466 0.772676 -0.05643343 0.6322872 0.7727818 -0.05650234 0.6321517 0.6000767 0.04841011 0.7984763 0.8922803 -0.1579702 0.4229437 0.7725735 -0.05659204 0.6323984 0.7726612 -0.05665516 0.6322855 0.600065 0.04861038 0.798473 -0.4279977 -0.890143 0.1564081 -0.5213453 -0.7702335 0.3673415 -0.5213025 -0.7703168 0.3672274 -0.5794338 -0.5983574 0.5533761 0.006695806 -0.04819083 -0.9988157 0.01114636 -0.2177893 -0.9759322 0.01114553 -0.2176141 -0.9759712 0.01525974 -0.3807603 -0.924548 -0.01090788 -0.02209341 0.9996965 0.2961265 -0.1034999 0.9495245 0.3919634 -0.1415182 0.9090309 0.3931897 -0.172941 0.9030467 0.2924328 -0.1691446 0.9412084 -0.4774778 0.03677541 0.877874 -0.4103531 -0.007618188 0.9118949 0.1249875 0.03895145 0.9913934 0.125187 0.0388742 0.9913713 -0.04447537 0.01698988 0.9988661 0.4694477 0.001047611 0.8829597 0.7087593 0.03256672 0.7046983 0.8976241 0.005571305 0.4407266 0.9685369 0.01564967 0.2483776 0.9915286 0.05589336 -0.1172473 0.9685871 0.01565682 0.2481815 0.9915263 0.05591076 -0.1172587 0.9643884 -0.006748974 -0.2644039 0.8567769 0.361899 0.3673725 0.975629 0.1818866 0.1227417 0.9765456 0.1979774 0.08463913 0.5241903 -0.5613911 0.6403629 0.3244585 -0.492026 0.8078597 0.7215352 -0.5130078 0.4649839 -0.1560162 0.9804769 0.1196831 -0.4411075 0.862545 0.2478722 -0.274944 0.9577087 -0.0848518 0.746102 0.3505405 0.5660858 0.8753372 0.3301371 0.3532625 0.523383 0.3466221 0.7784109 0.2549237 0.7322558 -0.6315183 0.436933 -0.8634861 0.2519553 0.5387331 -0.6363008 0.5521668 0.4369074 -0.8634947 0.2519702 -0.08146572 -0.9888716 -0.1244838 -0.4212461 -0.8949885 -0.14679 0.9767455 -0.07431703 0.20111 0.8770876 0.4409652 -0.1904395 0.936023 0.07751506 0.3432965 -0.9344092 -0.3315499 -0.1302084 -0.9015216 -0.2345172 -0.3636767 -0.9239574 -0.3380582 0.1789397 0.9767289 -0.07446694 0.2011355 0.7216626 -0.5129387 0.4648625 0.9646006 -0.258209 0.05360829 -0.8391858 0.1537669 -0.521654 -0.8383241 0.5132704 -0.1837558 -0.7608833 0.07150858 -0.6449366 -0.1815294 -0.9817889 -0.05601388 -0.2024989 -0.976724 -0.07074314 -0.2044062 -0.9759441 -0.0758385 0.4162961 -0.1957045 0.8879174 0.244899 0.5464756 -0.8008676 0.0257526 0.2932783 -0.9556802 0.4969986 0.4892338 -0.7166888 -0.9043619 -0.415028 -0.09940528 -0.8843362 -0.2971083 -0.3601058 -0.7867215 -0.5967335 0.1580458 -0.8293651 0.04412508 -0.5569617 -0.9137338 0.3696006 -0.168778 -0.681052 0.1092213 -0.7240436 0.188355 -0.04101812 0.9812442 0.5232377 0.3465947 0.7785207 0.04319816 0.1029355 0.9937497 0.7066422 0.4347823 0.5582305 0.8750882 0.340759 0.3436626 0.4541663 0.5228363 0.7213705 -0.5122113 0.7021173 -0.4946422 0.3318088 0.5402379 -0.7733344 -0.00300765 -0.9999321 -0.01127058 -0.009087383 -0.983476 -0.1808106 0.00275278 -0.9995309 -0.03050184 0.9552076 -0.1453813 -0.2577652 0.937588 -0.2928218 -0.1875745 0.899421 -0.1736555 -0.4011057 -0.7402169 0.003690958 -0.672358 -0.6510869 -0.06031429 -0.756603 -0.900488 -0.1168689 -0.4188833 -0.003520131 -0.8862184 -0.4632543 -0.03047049 -0.6654212 -0.745846 0.9384999 0.07743746 0.3364841 0.8809916 0.3493056 0.3191232 0.9026459 -0.13793 0.4076834 0.1161916 0.2700677 0.955805 0.1217707 0.2535994 0.9596141 0.1151784 0.3966849 0.9107003 -0.008326292 -0.9995704 0.02810078 -0.8160619 0.5732446 0.07371377 -0.7941346 0.5042026 0.339308 -0.8383285 0.5133207 -0.1835954 0.002427101 -0.9967197 -0.08089572 0.01953625 -0.9996578 0.01740109 0.005653858 -0.9977863 0.06626224 0.06549763 -0.04828512 0.9966838 -0.2878041 -0.2162004 0.9329664 0.4318457 -0.1977689 0.8799982 0.2741746 -0.1157718 0.9546859 0.4318549 -0.1976609 0.8800179 0.7463716 0.05917197 0.6628937 0.8577586 -0.01451861 0.5138478 0.7463734 0.05932551 0.6628782 0.8578078 -0.01437038 0.5137699 0.9861938 0.1651698 -0.01186841 -0.2879275 -0.2160884 0.9329542 -0.1480123 -0.1687406 0.974484 -0.5978218 0.01892733 0.8014056 -0.8258662 -0.1162245 0.551758 -0.9758611 0.03365075 0.2157837 -0.9903798 -0.111724 -0.08164393 -0.9739028 -0.01617646 -0.2263885 -0.935071 -0.1554819 -0.31854 0.8248196 0.04489505 -0.5636108 0.4971629 0.4891876 -0.7166063 0.8754935 0.2384892 -0.4202786 0.4714334 -0.3648383 -0.8028971 0.6683304 -0.3490574 -0.6568816 0.1855737 -0.3594494 -0.9145264 0.4655135 0.2974737 0.8335507 -0.1233721 -0.07884305 -0.9892236 -0.1237031 -0.1252683 -0.9843808 -0.1165944 -0.2533714 -0.960317 0.9139009 0.405914 -0.004375278 0.9709139 0.2392859 0.008277297 0.9324194 0.3611611 0.0125215 0.9747636 -0.2229548 0.01127773 0.8854273 -0.4647709 -0.002578794 0.7219032 -0.6919166 -0.01036167 0.7013138 -0.7126834 -0.01553869 -0.03227335 -0.3698483 0.9285315 0.7400128 -0.3919873 0.5465594 0.07798695 0.988694 -0.1280716 0.4208292 0.8937925 -0.1550418 -0.8740819 0.4495074 0.1841847 -0.913724 0.3697013 -0.1686108 0.1520327 -0.9803926 0.1253646 0.436883 -0.8635507 0.2518205 0.2686066 -0.9593433 -0.08666658 -0.4208918 0.4904521 0.7630903 -0.6298581 0.6773824 0.380042 -0.4411565 0.8624841 0.2479963 -0.5422895 0.6401609 0.5441655 -0.4411522 0.8624855 0.2479991 -0.1596605 -0.9805495 0.1141553 -0.449668 -0.8886436 0.0900641 -0.580005 -0.7109094 0.3977464 0.2177572 -0.8658946 -0.4503425 -0.6028613 0.2805096 -0.7469087 0.8970909 -0.3620145 -0.253325 0.2063134 -0.3669641 -0.9070679 0.1629916 -0.1830731 -0.9694937 -0.3876287 -0.7231855 0.5716178 -0.6075966 -0.6751768 0.4182855 -0.1526748 -0.5908322 0.7922171 0.1568582 0.695585 0.7011113 0.06209033 -0.5971819 0.7996991 -0.4720386 -0.5639567 -0.6775931 0.6431615 -0.4397093 -0.6268964 0.855955 -0.3988627 -0.3290132 0.0780031 0.9886913 -0.1280817 0.420849 0.8937898 -0.1550037 -0.3586032 -0.5646743 0.7433348 -0.7727231 0.553076 0.3114579 0.03436261 -0.9563168 0.2903059 0.04542869 -0.9476085 0.3161875 -0.02320128 -0.9885915 -0.1488239 0.7964884 0.4574904 -0.3953592 0.5848544 0.3844517 -0.7142425 0.8319535 0.5524199 -0.05182403 0.1529057 -0.537563 0.8292443 -0.1699771 -0.4695265 0.8664022 0.4810799 -0.4510793 0.7517244 -0.3135597 0.5958744 0.7393336 -0.009125471 0.4820783 0.8760807 -0.6149483 0.5928065 0.5200183 0.4298945 -0.5771971 -0.6942869 0.6841919 -0.567041 -0.4586349 -0.8603061 -0.4208628 0.2876597 -0.4742702 -0.3496748 0.8079575 -0.6697972 -0.3411923 0.6595147 -0.1701327 -0.4694475 0.8664144 -0.5482258 -0.6259016 0.5547032 0.6956835 0.5383648 -0.4755922 0.3701974 0.4572079 -0.8086501 0.8770346 0.4410099 -0.1905797 -0.1352341 0.7128611 0.688143 0.1351737 0.6565611 0.7420618 -0.4492027 0.5885487 0.6721812 -0.8881707 0.4500924 -0.09257262 0.6562274 -0.6547297 -0.3750931 0.6267195 0.7791687 -0.01090174 -0.1195138 -0.3906243 -0.9127591 0.2767828 0.4199641 -0.8643041 0.1570083 0.5595631 0.8137799 0.4540103 0.5228709 0.7214435 0.0055359 -0.9999634 -0.006541252 0.621324 0.4165593 -0.6636527 0.1882829 -0.0411815 0.9812511 -0.1525371 -0.5907428 0.7923102 0.3242601 -0.2363541 0.9159651 0.8562169 -0.4886668 -0.1676231 0.88045 -0.4314585 0.1965997 0.6843137 -0.5669945 -0.4585107 0.2462853 -0.5133736 -0.8220652 0.7605912 0.5765259 0.298528 0.8319438 0.552452 -0.05163681 -0.2330223 0.3601489 0.9033235 0.009168803 0.3454154 0.9384052 -0.4986615 0.4577038 0.7361006 -0.370735 0.5571534 -0.7430584 0.7955806 -0.5608217 -0.2291955 0.8595017 -0.5109487 0.01373326 0.6852444 -0.5658668 -0.4585138 0.3354479 -0.8763628 0.3456344 -0.4002795 -0.916227 0.01745438 0.8248551 0.04473716 -0.5635715 0.9118511 -0.368678 -0.1805658 0.7311722 -0.1024643 -0.674454 0.8244684 0.5597746 -0.08309203 0.7975484 0.4957736 -0.3436934 0.8507918 0.4910969 0.187022 0.05997449 0.2466991 0.9672345 0.0780934 -0.01722645 0.9967972 0.0462585 0.5046186 0.8621023 0.3754888 0.4515592 -0.809384 -0.1898553 -0.3128889 -0.9306211 -0.01102679 -0.34562 -0.9383098 -0.189859 -0.3129107 -0.9306129 -0.1898564 -0.9737684 -0.1254182 -0.1942656 -0.9679388 -0.1592333 -0.5467796 -0.7104248 -0.44309 -0.3844543 0.4157793 -0.8242102 -0.7201793 -0.2803345 -0.6346293 -0.02927714 -0.8678604 -0.4959446 -0.01965177 -0.9623542 -0.2710875 -0.09235984 -0.7664831 -0.6355892 -0.06247287 -0.8258386 -0.5604352 -0.06900089 -0.8073619 -0.5860083 -0.149228 -0.4794883 -0.8647671 -0.1656031 -0.602397 -0.7808288 0.03173446 -0.9959208 -0.08446681 0.9824734 -0.05227124 0.1789243 0.9707176 0.2182509 0.1003699 0.9376194 0.1208376 0.3259883 0.7186842 -0.3910898 -0.5749278 0.02137184 0.9970734 0.07340413 0.01402646 0.9996031 -0.02443397 -0.01157528 0.9969564 -0.07709687 0.9824527 -0.05247986 0.1789769 0.9160695 -0.3187913 0.2432877 0.9824566 -0.05248588 0.1789537 0.09932529 0.01924467 0.9948689 0.0187928 0.274908 0.9612869 0.09623843 -0.4649581 0.8800864 0.1494508 -0.2664015 0.9522052 0.1039983 -0.1125543 0.9881883 0.0699715 -0.5001426 0.8631114 0.09627318 -0.4649735 0.8800745 0.01013088 -0.7083003 0.7058386 0.09624016 -0.4651024 0.88001 0.04924011 -0.685104 0.7267792 0.1010771 -0.6303961 0.769665 0.01019877 -0.7083196 0.7058184 -0.02063888 -0.8611559 0.5079218 0.04791229 -0.5013915 0.863893 0.001623928 -0.9999133 0.01307475 0.005633533 -0.9977917 0.06618249 -0.02310252 -0.9889049 -0.1467429 -0.04631042 0.9988539 -0.01210159 -0.6196267 0.1548703 0.7694662 -0.831916 -0.2173326 0.5105707 -0.6426876 -0.1160489 0.7572883 0.3742283 -0.2197568 0.900922 -0.6983264 0.7136724 0.05488318 -0.1292035 -0.6989418 0.7034109 0.06226944 -0.9163325 0.3955472 -0.04664254 -0.729917 0.6819426 -0.1731897 0.5477812 -0.8184993 -0.2538686 0.1926929 -0.9478503 -0.5128201 -0.8583036 -0.01818507 -0.7940449 -0.04580926 0.6061304 -0.5882148 0.2380543 0.7728735 0.8711978 -0.05099624 0.4882766 0.6985862 -0.1382738 0.7020384 0.9832565 -0.1135296 0.1425402 -0.4952743 0.1271926 -0.859375 0.170534 0.1519951 -0.9735583 -0.1233432 0.009391129 -0.9923197 0.4609516 0.02356421 -0.8871124 0.3996147 -0.1284357 -0.9076412 0.5399664 -0.07918661 -0.8379533 0.7819756 -0.03925496 -0.6220718 0.8647684 -0.1263681 -0.4860112 0.9665156 0.01576429 -0.2561234 0.9805311 0.03978157 0.1922921 0.8820277 0.1063102 0.4590484 0.738155 0.1363203 0.6607149 0.4286155 0.160847 0.889054 0.738032 0.1363987 0.6608359 0.428466 0.160826 0.8891298 0.4284405 0.0415185 0.9026157 0.1505602 0.06061625 0.9867408 0.1489179 -0.1075681 0.9829815 -0.1227783 -0.02898907 0.9920107 0.1487336 -0.1075893 0.9830071 -0.2626636 -0.01831352 0.9647137 -0.284626 -0.1509283 0.9466831 -0.4705686 -0.1439184 0.8705474 0.09034484 -0.1163542 -0.9890903 -0.2903056 -0.07362389 -0.9540976 -0.1233413 0.009281933 -0.992321 -0.4767208 -0.1317751 -0.8691218 -0.6481337 0.004579722 -0.7615128 0.7584626 0.1219093 -0.640213 0.9869801 0.1398584 -0.07943546 -0.2453089 0.1955694 0.9495137 -0.4106933 -0.3249779 0.8518924 0.5197887 -0.09876215 0.8485669 0.6984437 -0.1382607 0.7021827 0.5198931 -0.09872227 0.8485077 0.6984993 -0.1381651 0.7021462 0.6392906 -0.06550669 0.76617 -0.4071394 -0.6754807 0.6147874 -0.06637114 -0.6421006 0.763742 -0.270459 -0.590772 0.7601583 0.005436122 -0.9995524 -0.02942091 -0.02312242 -0.9888958 -0.1468011 -0.03132712 -0.9568114 -0.2890168 0.01361012 -0.9966138 0.08109247 -0.1756104 -0.9758743 0.129732 -0.002020835 0.9998657 -0.01627027 -0.1855584 0.01591932 -0.9825043 -0.05716496 -0.2139271 -0.9751756 -0.1538708 -0.4099549 -0.8990333 -0.05276453 0.9679425 0.2455675 -0.1054484 0.9919469 0.07015627 -0.0907939 0.9572779 0.274546 -0.1872594 -0.9543294 -0.2327859 -0.328589 -0.5513491 0.7668401 0.9451739 -0.0437417 -0.323625 0.2966081 0.3082823 0.9038726 -0.008968651 0.4820117 0.8761189 0.7844473 -0.315236 0.5341055 0.8804534 -0.4313845 0.1967466 -0.5808352 0.216647 0.784662 -0.891263 0.1519815 0.427261 -0.7181314 -0.01296669 0.6957867 0.3300282 -0.8530933 -0.4041202 0.2739155 -0.9422115 -0.1928931 -0.9078787 0.4027314 0.1164634 -0.7104708 0.5058768 0.4892034 -0.4987649 0.4577511 0.7360011 -0.8555531 0.4883465 0.1718907 0.395086 0.5481063 0.7372155 0.6254227 0.4836673 0.6123009 0.135364 0.6564771 0.7421014 -0.4411422 0.8624802 0.2480354 -0.542279 0.6401453 0.5441944 -0.4411471 0.8624787 0.248032 -0.9611363 -0.2637864 0.08144843 -0.8284466 -0.3955478 0.3965077 0.01231783 -0.9914553 0.1298639 -0.01432001 -0.9598333 -0.2802057 0.02000707 -0.9770864 0.2119009 0.9829327 0.1063785 -0.1500899 0.2738702 -0.942267 -0.1926867 0.01377886 -0.9966154 0.08104312 0.202474 -0.9788497 0.02928608 0.885685 0.4444864 0.1341415 0.4842276 -0.6135559 0.6237571 0.5304145 -0.5341466 -0.6582917 0.6851501 -0.5658344 -0.4586946 0.1777226 0.5874713 0.7894885 -0.7119779 -0.3274592 0.6211747 -0.8636597 -0.4053641 0.2996196 0.9118951 -0.3901649 0.1273525 0.857648 -0.3609984 0.3662241 0.9118703 -0.3687373 -0.1803482 -0.6167295 0.7650526 0.1853091 -0.6496273 0.7389525 -0.1787003 0.5549489 0.822209 -0.1265079 0.6821555 -0.3550384 0.6392275 0.7634471 -0.545651 0.3455629 0.7096578 -0.06019985 0.70197 -0.1560319 0.9804787 0.1196488 -0.4410927 0.8625458 0.2478954 -0.2749487 0.9577136 -0.08478254 0.1520227 -0.9803935 0.1253712 0.4368698 -0.8635505 0.2518441 0.2686128 -0.9593478 -0.0865969 -0.05246961 0.8874608 0.4578867 0.4369149 -0.8634869 0.2519837 0.5387038 -0.6363631 0.5521234 0.4369397 -0.8634788 0.2519688 0.2938016 0.8956668 0.3338589 0.6817513 0.4892358 0.5439334 0.5441371 0.8375847 0.04864931 -0.8897024 -0.4282456 0.1582258 -0.8988323 -0.4054279 -0.1665202 -0.08148133 -0.9888676 -0.1245065 -0.4212232 -0.8950068 -0.1467445 -0.9113377 0.3744287 -0.1710753 -0.7312839 0.4810256 -0.4835684 -0.04044908 0.9445318 -0.3259197 -0.03347414 0.02458405 -0.9991373 0.06144273 0.03208923 -0.9975947 -0.004368305 0.4368072 -0.8995445 -0.2757354 0.4271337 0.8611196 -0.09930378 -0.554784 -0.826047 -0.08332043 -0.8614864 -0.5008981 -0.1213548 -0.4118145 -0.9031512 -0.1422461 -0.5237425 -0.8399166 0.6801051 0.6282152 -0.3778926 0.7399868 0.6677235 -0.08102321 0.68518 0.4127137 -0.6001632 0.1183276 -0.3920143 0.9123176 -0.8126038 -0.3394777 -0.4737405 -0.898819 -0.4053915 -0.1666795 -0.4476147 0.5196359 -0.7277497 -0.7311669 0.4810335 -0.4837374 -0.005567967 -0.9999619 0.006732463 -0.7825263 -0.5770809 0.2337315 -0.6077454 -0.6751164 0.4181668 -0.6288522 -0.2030653 0.7505395 -0.7963857 -0.1872023 0.5750873 -0.4108227 -0.32506 0.8517987 -0.7402116 0.003839313 -0.6723631 -0.8979196 0.1162899 -0.4245198 -0.495404 0.1272761 -0.859288 0.1032124 0.2249773 0.968882 0.12905 -0.07698166 0.9886456 0.1162225 0.2700892 0.9557951 -0.05173355 0.9612247 -0.2708705 -0.01160883 0.9969658 -0.07697039 -0.03453099 0.9993573 0.009630203 0.06564271 -0.8359632 0.5448454 0.08739286 -0.5058372 0.8581907 0.04198098 -0.9138326 0.4039157 0.7363027 0.6447639 -0.2052753 0.6818817 0.5499554 -0.4822723 0.7685117 0.6387599 0.03709322 -0.235332 -0.5732161 -0.7848834 -0.4596152 -0.5705416 -0.6806147 -0.1330239 -0.8962909 -0.4230452 -0.1330614 -0.8961647 -0.4233009 -0.1330488 -0.8962067 -0.4232157 0.0138241 -0.9655666 0.2597888 0.005589127 -0.9977982 0.06608784 -0.04136824 -0.9984996 -0.03587752 -0.9500988 0.06994163 -0.3040074 -0.90346 -0.1491438 -0.4018907 0.001684784 -0.9999066 0.01356351 -0.4761468 0.52465 -0.7057101 -0.8029102 0.4687901 -0.3682 -0.163734 0.4973064 -0.8519846 -0.6559531 -0.5328667 -0.5345827 -0.4597722 -0.5705119 -0.6805334 0.7174969 -0.6937459 -0.06257003 0.7130714 -0.5931178 -0.3738187 0.763406 -0.5457309 0.3455274 0.632234 -0.4289788 -0.6451802 0.5269671 -0.05749702 -0.8479386 0.7130284 -0.5930578 -0.373996 -0.08512198 0.9570803 0.2770409 0.05093735 0.8085438 0.5862272 0.07173281 0.8021973 0.5927342 0.8783868 -0.4776425 -0.01715266 0.8763955 -0.4245988 0.2272595 0.7918055 -0.5574747 -0.2495315 -0.09083777 0.9572736 0.2745465 -0.085114 0.9570977 0.276983 0.04862427 0.9112696 0.4089297 0.009831488 -0.9756096 0.2192931 0.002471685 -0.9967179 -0.08091664 0.01387721 -0.9655647 0.2597928 -0.08251988 -0.8949611 -0.4384464 -0.09441828 -0.8093938 -0.5796265 -0.05006235 -0.9616615 -0.2696313 0.9746395 -0.07915395 0.2093146 0.09684628 0.9946187 0.03680461 0.07242542 0.9931779 -0.09139037 0.1091176 0.9818407 0.1551844 0.4345642 0.1374907 -0.8900845 0.6851809 0.4125501 -0.6002746 0.5270161 -0.05739909 -0.8479149 0.1941001 -0.5005253 0.8436822 -0.3361487 0.2258229 0.9143348 -0.001353859 0.9999397 -0.01089918 -0.01159644 0.9969636 -0.07700157 0.01297414 0.9897313 0.1423504 -0.3274871 0.5653663 0.7570423 0.417656 0.585977 0.6944023 0.1021798 0.0622394 0.9928171 0.1235005 -0.1293511 0.983878 0.1142309 -0.3648234 0.9240429 -0.1149506 0.1939095 -0.9742615 -0.1248674 -9.00209e-4 -0.992173 -0.1254864 0.5084164 -0.851919 -0.02549666 0.8959028 0.4435179 0.121918 0.9248949 0.3601465 0.03319251 0.9683382 0.2474256 0.09874552 0.979094 0.177832 -0.02360063 0.9779979 -0.2072758 0.09667038 0.9946363 0.03678888 0.01853132 0.9891059 0.1460353 0.4313136 0.7975531 0.4217557 0.03489738 -0.5332862 0.8452149 -0.01447987 -0.1495887 0.9886423 -0.9865755 0.06599909 0.1493753 -0.9720967 0.1722494 0.1592423 -0.9944712 0.0925101 0.04968959 -0.9782477 0.1515312 0.1416683 -0.9753629 0.2193875 -0.02315896 -0.9136996 0.299582 -0.2745971 -0.9753377 0.2195069 -0.02308869 -0.9832828 0.07213234 0.1671886 -0.9814055 0.01693451 0.191198 -0.9900587 0.006135761 0.1405211 -0.9865729 0.06602233 0.1493825 -0.9900532 0.006163001 0.1405589 -0.9890782 0.008217453 0.1471628 -0.9950763 -0.02839052 0.09495872 -0.9929996 -0.07342553 0.09252279 -0.9932572 0.02190059 0.1138443 -0.9847925 -0.05287772 0.1654921 -0.9364041 -0.1350138 0.3239119 3.19031e-4 -0.9999923 0.00391972 -0.005032956 -0.9996664 0.0253328 -0.004271149 -0.9999222 0.01172745 -0.006658792 -0.9992046 -0.03931897 -0.002339363 -0.9999169 -0.0126844 -0.004315614 -0.999903 -0.01325035 0.007374584 -0.9998924 0.0126869 0.001779317 -0.9999693 0.007645666 0.001018226 -0.9999945 0.003190279 -0.005298435 -0.9999718 -0.005331456 -0.009786963 -0.9999494 0.002334594 -0.1595928 -0.9805603 0.1141571 4.76845e-4 -0.9995387 -0.03036886 -0.01087754 -0.9998061 -0.01641476 -0.001591384 -0.9999968 -0.002004384 0.01025074 -0.9999468 0.001206457 0.007708609 -0.9999615 -0.004194378 -0.001246511 -0.9999993 -4.93694e-5 0.003421485 -0.9999517 0.00922358 0.009942829 -0.9998517 0.01406496 0.009947836 -0.9998515 0.01407784 0.001787602 -0.9999691 0.007669329 -0.07962816 0.7500759 -0.6565406 -0.08458024 0.7272673 -0.681123 -0.02361369 0.977963 -0.2074388 -0.02111786 0.4476613 -0.8939538 -0.06661432 0.8807718 -0.4688322 0.02323168 0.985612 0.1674194 0.005187749 0.9996006 0.02778214 0.03322213 0.9683437 0.2474 0.03926068 0.871837 0.4882201 0.06675714 0.7004919 0.7105312 0.04167759 0.9493517 0.3114395 0.03322559 0.9682923 0.2476006 0.06678032 0.7005442 0.7104775 0.2243255 0.7851343 0.5772715 0.03322994 0.968311 0.2475274 0.2481087 0.8439366 0.4756187 0.2802506 0.9387167 0.2006757 0.06672507 0.7004922 0.710534 0.04048353 0.7365705 0.6751481 0.09214359 0.4570313 0.884665 0.09302407 0.04416561 0.9946839 0.07918924 0.6446663 0.7603515 0.03930765 0.8718543 0.4881854 0.07915413 0.6448343 0.7602127 0.09120911 0.9009451 0.4242391 -0.005319178 0.98709 0.1600784 -0.005274653 0.9871104 0.1599542 0.1219082 0.9249095 0.3601124 0.07233881 0.9931887 -0.09134203 -0.005328714 0.9871141 0.1599291 0.04580992 0.9784857 -0.2011653 -0.05326825 0.9376031 -0.3436027 -0.1235049 0.8564259 -0.5012797 0.0509901 0.9584704 -0.2805967 -0.1283926 0.5809429 -0.8037542 -0.1457585 0.7284101 -0.6694574 -0.02992957 0.4978408 -0.8667519 -0.1678313 0.4272485 -0.8884207 -0.2164085 0.2278987 -0.9493311 0.06195175 0.4436657 -0.8940485 -0.03721129 0.08178108 -0.9959555 0.08594435 0.6772595 0.7307073 0.1082692 0.458926 0.8818531 0.08546441 -0.01190561 0.9962701 0.032736 -0.2781632 0.9599758 0.09298372 0.04401999 0.9946941 0.05064201 -0.6460559 0.7616083 0.3116014 0.001823902 0.9502112 0.259554 0.4230453 0.8681386 0.1082731 0.4589122 0.8818598 0.07575309 0.7704439 0.6329911 -0.07407832 -0.815889 -0.5734437 -0.06245565 -0.8258913 -0.5603597 -0.08744686 -0.3668162 -0.9261744 -0.04152011 -0.9501651 -0.30897 -0.06245565 -0.8258942 -0.5603555 -0.073098 -0.8455494 -0.5288698 -0.01431429 -0.959805 -0.2803028 -0.02917855 -0.8679004 -0.4958806 -0.0527026 0.9679299 0.24563 -0.03452444 0.8694793 0.4927616 -0.09826219 0.9940795 0.04637241 -0.1206473 0.9695088 -0.2133004 -0.05053389 0.9987224 -9.55164e-5 -0.1665474 0.9063971 -0.3882093 -0.09839099 0.9940713 0.04627639 -0.08996361 0.6327103 -0.7691451 -0.1294821 0.695581 -0.7066834 -0.1239636 0.46714 -0.8754503 -0.1381419 0.6892799 -0.7112033 0.007791399 0.9997639 0.02028876 -0.1050986 0.9928535 -0.05653631 -0.1251631 0.9917412 0.02799373 -0.03492331 0.9929243 0.1134979 -0.03490769 0.9929242 0.1135038 0.08500719 0.9891265 0.1200107 0.128459 0.9897362 0.06261384 0.2106195 0.9523983 -0.2204021 0.134411 0.9553896 -0.2629914 0.07664126 0.9904493 -0.1146147 0.1345145 0.9553654 -0.2630265 0.2106318 0.9523735 -0.2204974 -0.08743923 -0.36671 -0.9262172 -0.1200422 -0.2288699 -0.9660272 0.1009773 -0.05000531 -0.9936313 -0.9418938 -0.08293586 0.3255114 -0.4309182 -0.2170644 0.8758953 -0.4706358 -0.1439445 0.8705068 -0.5268876 -0.1273465 0.8403406 -0.6130504 -0.00290358 0.7900384 -0.3420203 -0.1606806 0.9258531 -0.6289253 -0.2028945 0.7505244 0.9890873 -0.008125483 -0.147107 0.994326 0.008411288 -0.1060432 0.9939508 0.003920316 -0.1097565 0.9939493 0.003916263 -0.1097704 0.9943258 0.008408844 -0.1060453 0.982156 0.1266136 -0.1390634 0.9929258 -0.007174253 -0.1185204 0.9745072 0.004070997 -0.2243198 0.986761 -0.05996739 -0.1506875 0.9891241 -0.04787456 -0.1390745 0.9834881 -0.1645702 -0.07528644 0.9943836 0.05312496 -0.09153652 0.9607382 0.2726183 0.05158865 0.9904778 0.09638994 -0.09829968 0.9804788 0.1007643 -0.1688424 0.9878745 -0.002635121 -0.1552324 0.9867613 -0.05995976 -0.1506885 0.9905168 -0.01297247 -0.1367787 0.9454315 -0.138594 -0.2948747 0.945533 -0.04837608 -0.3219117 0.8343335 0.4791651 -0.2725594 -0.01927793 -0.9997707 0.009324729 -0.006933867 -0.9999451 -0.007856845 -0.06079286 -0.99815 -9.94756e-4 -0.002757668 -0.9999109 0.01306664 -0.005850732 -0.999912 0.01191854 0.003939092 -0.9999688 0.006852388 0.01368314 -0.9999034 0.002459645 0.01773959 -0.9998229 0.006286323 0.01407396 -0.9998731 0.00748533 -0.01928532 -0.9997706 0.009317398 0.002350032 -0.9999517 -0.009554326 0.002362906 -0.9999516 -0.009552836 -0.1897884 -0.9737876 -0.1253722 -0.02970594 -0.999166 -0.02801901 -0.001861095 -0.9999847 -0.00521785 -0.002755463 -0.999911 0.01306229 -0.001858115 -0.9999847 -0.005221068 -0.1455844 -0.06178516 -0.9874147 -0.1207549 0.1295278 -0.9841956 -0.115287 0.3632441 -0.9245338 -0.1152813 0.36322 -0.9245439 -0.1232759 0.003171861 -0.9923674 -0.1003861 0.4969025 -0.8619806 0.03772813 0.4980852 -0.866307 -0.1188281 0.2204648 -0.9681298 0.06393688 0.455507 -0.8879333 0.07880455 0.5812258 -0.8099176 0.2991387 0.4007535 -0.865975 0.3203893 0.5846371 -0.7453525 0.07247883 0.582764 -0.8094029 0.03224825 0.3373713 -0.9408192 -0.1254552 0.5085055 -0.8518704 -0.07042533 0.8325449 -0.5494627 -0.1255072 0.5085529 -0.8518345 -0.05900377 0.9111719 -0.40778 0.07248848 0.5827453 -0.8094155 -0.08995842 0.6327031 -0.7691518 0.03769606 0.4980399 -0.8663344 -0.115266 0.3634014 -0.9244746 -0.1399326 -0.352707 -0.9252117 -0.1108304 -0.4767944 -0.8719999 -0.1218332 -0.2131537 -0.9693928 -0.09750241 -0.59089 -0.8008385 -0.1108239 -0.4767426 -0.8720291 -0.0989654 -0.5892282 -0.8018829 -0.8257638 -0.5070014 -0.2471106 -0.80294 -0.3593975 -0.4755218 -0.9034076 -0.1493006 -0.4019505 -0.09898096 -0.5892581 -0.8018588 -0.1396867 -0.2092813 -0.967827 -0.186842 -0.5007498 -0.8451862 -0.2426683 -0.9666024 0.08241277 -0.2023741 -0.9767526 -0.07070505 0.09916752 -0.9905971 0.09425145 0.004218041 -0.9999883 -0.0024091 -0.06456303 -0.9921732 0.1068827 -0.1108875 -0.9777346 0.178155 0.02321428 -0.9475409 0.3187909 0.02329784 -0.9475949 0.3186241 0.1250575 -0.9847471 0.1209697 -0.4493319 0.5884698 0.6721638 -0.8748352 0.2446839 0.418083 -0.8247131 0.04554653 0.5637145 -0.731075 -0.0963881 0.6754545 -0.8247664 0.04537129 0.5636504 -0.9239524 -0.3379941 0.1790863 0.6007279 0.2841028 -0.7472695 0.7866892 -0.004326999 -0.6173341 0.7866364 -0.004164814 -0.6174026 0.8667489 -0.2919274 -0.4043821 -0.1900288 -0.312855 -0.9305971 -0.5010705 0.07736587 -0.8619415 -0.3469222 -0.07427048 -0.9349487 -0.5011636 0.07752758 -0.8618727 -0.5010986 0.07755583 -0.861908 -0.569158 0.4137679 -0.7105318 -0.140109 0.9015462 0.4093704 -0.1054382 0.9919487 0.07014721 -0.08522605 0.9570855 0.2769911 0.01298129 0.9897209 0.1424227 -0.7914854 -0.5290211 0.3060843 -0.9067907 -0.3853022 0.1710926 -0.9001729 -0.2576871 0.3511216 -0.9261307 -0.1034537 0.3627386 0.8507939 0.4910219 0.1872092 0.72306 0.2299648 0.6513836 0.8351833 0.0397039 0.5485369 0.900298 -0.1151154 0.4197762 0.8351446 0.03955221 0.5486065 0.4812428 -0.4509981 0.751669 -0.0370965 0.08172768 -0.9959641 0.08626705 0.3237162 -0.9422132 0.06160914 0.03216439 -0.997582 0.1952233 0.210067 -0.9579978 -0.16356 0.4972405 -0.8520563 0.3701058 0.4572169 -0.8086869 0.1767251 0.3788527 -0.9084267 0.1767237 0.3788644 -0.9084221 0.3701105 0.4572 -0.8086943 0.1847835 0.3467895 -0.9195609 -0.2357949 -0.9717755 0.007290363 -0.7105455 -0.7036244 0.006153762 -0.509086 -0.8607131 0.002126336 -0.7105716 -0.7035982 0.006137311 -0.8618158 -0.506977 0.0157473 -0.9710445 -0.2387533 0.008340537 0.09743398 -0.6022509 0.7923387 0.1273101 -0.1906062 0.9733763 0.08744692 -0.5057241 0.8582518 0.1223198 1.25058e-4 0.9924908 0.09743797 -0.6022585 0.7923324 0.1010826 -0.6303753 0.7696813 0.113781 -0.4924243 0.862886 0.1142067 -0.3649647 0.9239901 0.1137862 -0.4923378 0.8629347 0.1142498 -0.3648039 0.9240483 0.1230149 -0.002811074 0.9924008 0.1215221 -0.218081 0.9683353 0.1103301 -0.4341457 0.894061 0.1137489 -0.4925034 0.8628452 0.8186876 -0.3462839 0.4580811 0.9025976 -0.1381025 0.407732 0.8761218 -0.4250118 0.2275427 -0.9034609 0.3929542 -0.1713055 -0.8998557 0.4021516 -0.1689196 -0.8029443 0.4687985 -0.3681148 -0.8029536 0.4687968 -0.3680969 -0.8998609 0.4021384 -0.1689242 -0.8556001 0.4883105 0.1717595 0.1096616 -0.7956482 -0.5957503 0.09562283 -0.9618727 -0.2562366 -0.08328449 -0.8615196 -0.5008471 -0.08325445 -0.8615687 -0.5007675 -0.02904313 -0.9802265 -0.1957357 -0.00207889 -0.9999784 -0.006244778 0.5643051 -0.7332999 -0.3792507 0.348182 -0.698641 -0.6250361 0.321587 -0.7979398 -0.5097784 0.0984013 -0.8045947 -0.5856147 0.1096423 -0.795683 -0.5957072 -0.07463157 -0.8069291 -0.5859144 -0.9459324 -0.2097818 0.2473934 -0.9421269 -0.2158908 0.2564919 -0.9421269 -0.2158896 0.2564927 -0.9421281 -0.2158891 0.2564889 -0.9421282 -0.2158887 0.2564892 -0.9381971 -0.2219395 0.2655732 0.9472701 0.2075804 0.2441101 0.942829 0.2147837 0.2548362 0.942829 0.2147827 0.2548368 0.9428287 0.2147837 0.2548373 0.9428287 0.2147834 0.2548376 0.9381963 0.2219451 0.2655717 0.9472802 0.2075922 0.2440612 0.9428249 0.2147899 0.2548462 0.9428249 0.21479 0.254846 0.9428248 0.2147892 0.2548473 0.9428248 0.2147894 0.2548472 0.9381909 0.2219797 0.2655616 0.005715608 -0.9681196 -0.2504231 0.0123766 -0.9914557 0.1298555 -0.03807079 -0.9991372 -0.01659899 0.03104221 -0.9781863 0.2053974 -0.08181601 -0.8516669 0.5176579 0.05066382 -0.6461946 0.7614892 0.99465 0.01988655 -0.1013709 0.9948685 -0.003100097 -0.10113 0.9940615 -0.01532244 -0.1077358 0.993019 -0.0402199 -0.1108857 0.9930163 -0.04023712 -0.1109039 0.9914869 -0.03413271 -0.1256543 0.9914552 -0.02738803 -0.1275404 0.990089 -0.01327908 -0.1398126 0.9910886 6.18528e-4 -0.1332032 0.9913094 0.007031202 -0.1313633 0.9920091 0.005791544 -0.126034 0.9932174 0.0161668 -0.1151431 0.9946476 0.01993435 -0.1013838 0.9954157 0.02998262 -0.09082287 0.994869 -0.003088891 -0.1011242 0.9865294 -0.04511606 -0.1572401 0.9883747 -0.03504514 -0.1479439 0.9883782 -0.03502547 -0.1479254 0.9900323 -0.0249775 -0.1386082 -0.03797584 -0.9581215 -0.2838324 -0.03134423 -0.956817 -0.2889961 -0.05081856 -0.9185897 -0.3919318 -0.07465589 -0.8068701 -0.5859925 -0.03134083 -0.9567778 -0.2891264 -0.09442043 -0.8093784 -0.5796476 5.32377e-4 -0.9999656 -0.008285164 -0.00559628 -0.9999844 2.39004e-4 2.24952e-5 -0.9999964 -0.002719998 -0.008874893 -0.9999604 -8.31884e-4 2.35028e-4 -0.9999911 -0.004226326 0.002014219 -0.9999355 -0.01118695 0.003917872 -0.9999923 -4.71155e-4 0.005806386 -0.9998835 0.01411211 0 -1 -1.21793e-7 0.001054048 -0.9999849 0.005386769 0 -1 0 2.31727e-4 -0.9999913 -0.004164516 2.31755e-4 -0.9999913 -0.004164159 2.31978e-4 -0.9999913 -0.004164159 5.32535e-4 -0.9999656 -0.008276104 4.41671e-4 -0.999811 0.01943713 0.006140172 -0.999582 0.02825099 0.005311131 -0.9996724 0.02503705 7.80871e-4 -0.999784 0.02077353 -0.002090752 -0.9999889 0.004255533 -0.005480349 -0.9999842 -0.001300871 -0.01230466 -0.9999235 -0.00125283 0.08480793 0.04683923 0.9952959 0.1876573 -0.1244096 0.9743239 -0.2023283 -0.1142672 0.9726286 0.1877464 -0.1245602 0.9742875 0.1877558 -0.1245553 0.9742863 0.2829979 -0.2907942 0.9139754 0.1387555 0.6017534 0.7865366 0.1062491 0.7180612 0.6878222 0.1062413 0.7180607 0.6878239 0.1062117 0.7181726 0.6877116 0.1062088 0.7181724 0.6877123 0.07110989 0.8169909 0.5722493 0.9535905 -0.1938332 -0.2304213 0.9915058 0.05589359 -0.1174407 0.8257151 0.05871117 -0.5610238 0.8257132 0.058815 -0.5610156 0.9915046 0.05595517 -0.1174216 0.9148011 0.2568736 -0.311697 0.1023572 0.6125885 -0.7837464 0.1434297 0.8272165 -0.5432686 0.1434208 0.8271762 -0.5433326 0.1694049 0.9545064 -0.2453966 0.02884966 -0.9540246 0.2983368 -0.01406735 -0.9994539 -0.02990359 0.01858645 -0.8647249 0.5019018 0.01850765 -0.8647049 0.5019391 -0.09508019 -0.9879549 0.1220856 -0.0207529 -0.8612449 0.5077662 0.4119306 -0.4522439 0.7910681 0.1768161 -0.8148589 0.5520336 0.6123504 -0.6915287 0.3831645 0.2010532 -0.8780735 0.4342402 0.176693 -0.8149591 0.5519251 0.04545217 -0.9475772 0.3162776 0.407999 0.5146541 0.7541009 0.3116872 0.001756548 0.9501832 0.7095556 -0.06014388 0.7020781 0.4119751 -0.4521028 0.7911255 0.09472948 -0.7545544 0.6493643 -0.04669719 -0.7298841 0.6819741 0.1767322 -0.814858 0.5520619 0.2866739 -0.4708644 0.834329 -0.1146957 -0.4571214 0.8819778 0.01268583 -0.4323779 0.9016032 0.2867244 -0.4707127 0.8343971 0.3115251 0.001684486 0.9502364 0.01265782 -0.4323698 0.9016075 0.31155 0.001658022 0.9502283 0.1201689 -0.2191486 0.968263 0.8865919 -0.4013986 -0.2298567 0.6891908 -0.719727 -0.08372104 0.6891682 -0.7197484 -0.08372223 0.6622574 -0.7443424 -0.08584666 -0.9459292 -0.2097841 0.2474036 -0.9421235 -0.2158963 0.2564998 -0.9421235 -0.2158958 0.2565001 -0.942134 -0.2158796 0.2564756 -0.942134 -0.2158789 0.2564761 -0.9382029 -0.221935 0.2655565 -0.05572819 -0.1334803 -0.9894834 -0.0832017 -0.3142562 -0.9456853 -0.08319938 -0.3142564 -0.9456855 -0.08322668 -0.3144148 -0.9456303 -0.08322793 -0.3144146 -0.9456303 -0.1077684 -0.4841081 -0.8683464 0.09792703 0.9946473 0.03297162 0.09876608 0.9790803 0.1778966 0.0542941 0.8860687 0.4603635 0.05430752 0.8859831 0.4605265 0.03694242 0.9462343 0.321366 0.05034345 0.9160583 0.3978729 -0.9136386 -0.01309072 -0.4063167 -0.7608607 0.07131838 -0.6449844 -0.6533978 -0.07260876 -0.7535246 -0.4471777 -0.03135639 -0.8938955 -0.3053354 -0.1103538 -0.9458289 -0.02571606 0.0828467 -0.9962305 -0.305233 -0.1105087 -0.9458439 -0.1596625 -0.1624068 -0.9737207 0.1853927 -0.3593939 -0.914585 -0.05168265 0.9612172 -0.2709063 -0.04571866 0.9737812 -0.222845 0.02140247 0.9970722 0.07341015 0.01906609 0.9814715 0.1906568 -0.003152549 0.9999871 -0.003984749 0.0420891 0.8623778 0.5045127 0.1568675 0.9634132 0.2173189 0.04213106 0.8623309 0.5045894 0.2564572 0.7932598 0.5522395 0.1066814 0.5516872 0.8272003 0.04210215 0.8622976 0.5046486 0.1043351 0.4101884 0.9060131 -0.8985382 -0.1169052 -0.4230394 -0.680959 0.1091096 -0.7241478 -0.4513481 -0.04677522 -0.8911213 -0.06495374 0.09735715 -0.9931277 0.05087602 0.03058719 -0.9982365 0.5847798 0.3843625 -0.7143515 0.01658987 0.9636557 0.266632 0.02696841 0.8979041 0.4393643 0.05090534 0.8084995 0.5862911 0.7548912 0.5943094 0.2773732 0.5876341 0.7788642 0.2192184 0.6843045 0.5857694 0.4342829 0.06743264 0.7966759 0.6006332 0.002742469 -0.9995312 -0.03049623 -0.003158986 -0.999614 -0.02760362 -0.03231793 -0.9994031 -0.01220351 -0.181441 -0.981809 -0.05594819 -0.173569 -0.9798065 0.09926301 -0.0644924 -0.9921768 0.1068918 -0.003326475 0.9984496 0.05556583 1.26028e-4 0.9996695 0.02571088 1.00844e-4 0.9999082 0.01355421 0.001251459 0.999987 -0.004958987 9.89763e-5 0.9999085 0.01352792 0.001118123 0.9999869 -0.005002737 3.72781e-5 0.9999853 -0.005433142 0.9708925 0.2393717 0.00830394 0.7045264 0.7096767 -0.001320898 0.8164612 0.5773481 0.00777781 0.6935124 0.7204442 -8.79151e-4 0.7044746 0.709728 -0.001312255 0.468996 0.883198 0.002080619 0.2367388 0.9715707 0.002272903 -0.2323313 0.9726247 -0.004854857 -0.3511078 0.9363067 -0.007299125 0.003592431 0.04171675 0.999123 5.738e-4 0.006651639 0.9999777 2.90334e-4 0.003361165 0.9999943 -0.002825796 -0.01238536 0.9999194 -2.88227e-4 -0.003389358 0.9999943 -0.003580093 -0.0422036 0.9991026 -5.72814e-4 -0.006747126 0.9999771 0.002821743 0.01253575 0.9999175 0.0783528 -0.04521149 0.9959 -0.002262413 -0.003060579 0.9999928 -0.002251207 -0.003065824 0.9999928 -0.08284676 0.03909748 0.9957951 0 -1 -4.88187e-7 0.001419305 -0.9999981 -0.001407265 -0.1342441 -0.9836744 -0.1198471 0.02014821 -0.9997867 -0.004549443 0.01342648 -0.9999053 -0.003032922 0.02014803 -0.9997867 -0.004547119 0.03750085 -0.9992767 -0.006307184 0.007130384 0.999705 0.02322393 0.005058109 0.9979948 0.06309431 3.47323e-4 0.9990547 0.04346978 3.42736e-4 0.9990556 0.04344832 0.005242645 0.997991 0.06313884 -0.00532782 0.9997981 0.01937323 -0.01214605 0.9999072 -0.006178438 -0.02203667 0.9997454 0.004856407 -0.01423245 0.9991146 0.03959041 -0.008981883 0.9996758 0.02383011 0.004790902 0.9991589 0.04072487 0.005745828 0.9999716 -0.004867792 0.01235294 0.9999237 2.29107e-4 0.03146994 0.9995048 2.39576e-5 0.007132112 0.999705 0.02322006 -0.003501236 0.9998438 0.01732391 -0.003491163 0.9998434 0.01735472 -0.007315218 0.9987656 -0.04913127 0.9971515 0.006151914 -0.07517391 0.8994358 -0.1735068 -0.4011367 0.8584867 -0.108162 -0.5012999 0.8583806 -0.1082492 -0.5014626 0.8993613 -0.1735997 -0.4012638 0.7239241 -0.2168262 -0.6549202 0.09205174 0.7094076 0.6987613 0.009599685 0.8886762 0.4584349 0.07358968 0.575367 0.8145781 -0.07461673 0.8172361 0.5714523 0.08394998 0.4499194 0.8891146 0.001777529 0.5735702 0.8191546 0.01875776 0.2750428 0.961249 -0.001135766 0.9999849 0.005391538 -0.00644046 0.9999595 0.006279826 0.07662731 0.9904467 -0.1146459 0.003175318 0.9999487 0.009614944 0.01235771 0.9998695 0.01040428 0.02095079 0.9997097 0.01189851 0.01937317 0.9997916 0.00643444 0.02451068 0.9996896 -0.004479467 0.00575 0.9999822 0.001630485 0.02532285 0.9994174 -0.02288854 -0.007710397 0.9995735 0.0281676 0.005756795 0.9999821 0.001615047 -0.007714569 0.9995735 0.02816802 -0.007093191 0.9995952 0.02755397 0.002063512 0.9999905 0.003843307 -0.001386404 0.9999266 -0.01204019 -0.005891323 0.9999812 -0.001761674 -1.29788e-4 0.9999813 0.00612235 -0.001123249 0.9999848 0.005401611 -1.2806e-4 0.9999813 0.006134152 -0.2324234 0.9726028 -0.00483185 -0.7044514 0.7096652 -0.01111811 -0.576056 0.8173994 -0.004210531 -0.7218491 0.6920109 -0.007410109 -0.7044757 0.7096412 -0.01111245 -0.8852927 0.4650338 -7.12469e-4 -0.7218415 0.6920188 -0.007407903 -0.8853667 0.464893 -7.07619e-4 -0.9741211 0.2257444 0.01129615 -0.9710743 -0.2386325 0.008320748 -0.9327983 -0.3601792 0.01258617 -0.00315237 -0.9996142 -0.02759617 -0.003002583 -0.9999321 -0.01127022 -5.99456e-4 -0.9999627 0.008618474 0.02958202 -0.9994373 0.01581496 0.1250118 -0.9847664 0.1208602 0.03182667 -0.9992231 0.02324253 -0.06445986 -0.9921812 0.1068716 0.01735967 -0.9990188 -0.04074615 -0.06447899 -0.9921822 0.1068509 0.01730954 -0.9990184 -0.04077744 -0.02567392 -0.9996435 -0.007344305 0.7012937 -0.712703 -0.01554548 0.5761318 -0.8173305 -0.006564259 0.2312286 -0.9728634 -0.008369922 0.231123 -0.9728885 -0.008374214 0.3510637 -0.9363059 -0.009248793 -0.2357069 -0.9717968 0.007299959 -0.358139 -0.9336375 0.007585406 -0.6458948 -0.4442704 0.6208411 -0.8558982 -0.143186 0.4969267 -0.9214668 -0.2065317 0.329004 -0.9986798 0.01105189 -0.05016666 -0.925784 -0.09873276 -0.3649327 -0.770057 0.09323936 -0.631125 -0.6886985 0.05901634 -0.7226421 -0.688584 0.05915707 -0.7227396 -0.7699979 0.09335291 -0.6311802 -0.5457484 0.2470129 -0.8007143 0.1188656 0.2103807 0.9703664 -0.008654356 0.3959702 0.9182227 0.02435106 0.4872879 0.8729018 0.02422368 0.4872158 0.8729456 -0.1885674 0.3290086 0.9253084 -0.0936675 0.6739452 0.7328195 0.1515701 -0.1794393 0.9720227 0.1255836 -0.4551756 0.881501 0.1256018 -0.4550209 0.8815782 0.0889846 -0.6919988 0.7163934 -0.03236603 -0.2185783 0.9752826 0.06405657 -0.06947463 0.995525 0.2242399 -0.06408429 0.9724246 0.2242571 -0.06398046 0.9724275 0.06412076 -0.06936246 0.9955288 0.1117175 0.005403697 0.9937253 0.2242485 -0.06398212 0.9724294 0.1107864 0.004350781 0.9938347 -0.08902817 0.6916294 -0.7167446 -0.0940057 0.4335542 -0.8962108 -0.09398871 0.4337066 -0.8961388 -0.08966094 0.1330387 -0.987047 -0.1148192 -0.45712 0.8819625 -0.02664273 -0.5404183 0.8409747 -0.129346 -0.6988908 0.7034353 -0.006608724 -0.7277103 0.6858528 -0.02643793 -0.5404495 0.840961 0.0507878 -0.6461356 0.7615309 -0.8920394 0.1016779 -0.440372 -0.9865683 0.01049637 -0.1630125 -0.9886225 0.07834911 -0.1284024 -0.9628116 -0.004933059 0.2701287 -0.8244465 0.004577696 0.5659216 -0.5682263 0.01063889 0.8228036 -0.477635 0.03672337 0.8777906 -0.7529704 0.08156806 -0.6529796 -0.8655093 0.01990795 -0.5004972 -0.5845529 0.009326279 -0.8113021 -0.8655232 0.01986807 -0.5004749 -0.6903888 0.009947359 -0.7233702 -0.9521229 -0.03000766 -0.3042394 -0.09447139 0.0642364 -0.9934531 -0.865575 0.01990681 -0.5003835 -0.9521734 -0.02998578 -0.3040835 -0.1232759 0.002976953 -0.9923681 -0.1165648 -0.2534504 -0.9602998 -0.1165445 -0.2532939 -0.9603435 -0.1111848 -0.3919892 -0.9132264 -0.1217109 -0.270106 -0.9551069 -0.7560827 0.2452927 0.6067706 -0.5807797 0.2167544 0.7846736 -0.3658184 0.1653366 0.9158825 -0.6357823 -0.01941686 0.7716242 0.003728747 -0.004301249 -0.9999838 0.002774119 0.01407492 -0.9998971 0.001850306 0.009366989 -0.9999545 6.09055e-4 0.01079332 -0.9999417 6.06191e-4 0.01076883 -0.9999418 -0.02981281 0.9692693 0.2441892 -0.1723968 0.9792596 0.1064427 -0.1724139 0.9792585 0.1064248 -0.3081748 0.9506672 -0.03550261 -0.08096176 -0.8272838 -0.5559197 -0.1851336 -0.6672712 -0.7214394 -0.06215155 -0.8659896 -0.4961847 -0.0721184 -0.8214743 -0.5656667 -0.03412461 -0.9314084 -0.3623727 -0.07194322 -0.8215045 -0.5656453 0.2241424 -0.85499 -0.4677096 0.002262771 0.9998028 0.01972895 -0.002002 0.9998635 0.01640099 0.002157688 0.9999643 0.008172452 5.20079e-4 0.9999912 0.004167497 -3.3913e-4 1 -3.65431e-4 -0.004881262 0.9999482 -0.00893259 -0.001475572 0.9999868 -0.004912793 -0.004903435 0.9997947 -0.01966315 0.008450806 0.9993167 -0.03598511 0.004844605 0.9999556 -0.008090138 9.7681e-4 0.9999312 0.01169425 0 1 3.85837e-7 -5.71171e-4 0.9999762 -0.006888926 0.02212429 0.9987477 0.04487407 0.003745734 0.9999817 -0.004769325 0 1 3.78961e-7 -0.9923725 0.08422738 0.09001398 -0.9928811 0.07051348 0.0959956 -0.9872429 0.06289446 0.1462734 -0.9858815 0.02865397 0.1649745 -0.9779996 -0.01910614 0.2077305 -0.9724293 -0.06601214 0.2236599 -0.965272 -0.1588794 0.2073822 -0.9750087 -0.1623088 0.1517035 -0.9868587 -0.160684 0.01704412 -0.9990087 -0.04446959 -0.002064108 -0.9998058 0.01390349 -0.01397097 -0.4722367 0.0297178 -0.8809707 -0.09442567 0.06420731 -0.9934592 0.02142179 0.06554096 -0.9976199 0.2091616 0.0440815 -0.9768871 -0.09430718 0.06426936 -0.9934665 0.5197976 0.06125527 -0.8520906 -0.1396991 -0.2090801 -0.9678687 -0.1239771 0.4670057 -0.8755201 -0.2092132 0.03910541 -0.9770878 -0.2143042 0.2253868 -0.9504076 -0.1239206 0.4669793 -0.8755421 -0.1066809 0.4599252 -0.8815259 -0.08778101 0.4166123 -0.9048363 0.2374368 0.5162355 -0.8228759 0.07835566 -0.04521328 0.9958997 -0.002260088 -0.003061771 0.9999928 -0.00225228 -0.003065347 0.9999928 -0.08284831 0.03909862 0.995795 0.4122535 0.05995643 -0.9090942 0.5201151 0.06317359 -0.8517567 0.8256227 0.05875837 -0.5611548 0.7923395 0.04111206 -0.6086938 0.8256843 0.05875611 -0.5610644 0.7924135 0.04109925 -0.6085982 0.9643473 -0.006783366 -0.2645535 0.2171471 -0.1200225 0.9687321 0.270877 -0.1443629 0.9517274 0.3382399 -0.2285526 0.9128842 0.3383665 -0.2284481 0.9128634 0.2708833 -0.1443632 0.9517256 0.2774007 -0.1142097 0.9539418 -0.9667627 -0.01934754 0.2549424 -0.9403265 0.05751991 0.3353767 -0.9925282 -0.006857335 0.1218237 -0.998551 -0.003163933 0.05372262 -0.9923993 -0.01202023 0.1224712 -0.9922331 0.002663731 0.1243638 -0.9993832 -0.002775371 0.0350089 -0.9923378 -0.003276705 0.1235115 -0.9919711 -0.001277625 0.1264584 -0.8713421 -4.86284e-4 -0.4906759 -0.9941544 -0.04998838 -0.09569883 -0.9975914 0.03661555 -0.05891305 0.2707879 -0.1442588 0.9517685 0.03594923 -0.1100713 0.9932734 0.1731857 -0.04195219 0.9839953 0.1967786 -0.07784199 0.977353 0.1731883 -0.04194474 0.9839952 0.1967811 -0.07779377 0.9773564 0.2773543 -0.1140776 0.9539712 0.5457751 0.2469845 0.800705 0.6885997 0.0591216 0.7227276 0.769989 0.09334874 0.6311919 0.7700577 0.09324026 0.6311241 0.688677 0.05899089 0.7226646 0.9257841 -0.09873288 0.3649328 0.9987447 0.01594603 0.04748564 0.9207258 -0.2004731 -0.3347754 0.9987477 0.01608371 0.04737639 0.9865108 -0.05788862 -0.1531187 0.9321843 0.1931293 -0.3061593 -0.00938344 -0.999799 0.01771932 -0.009080648 -0.9996242 -0.02586835 -0.004174113 -0.9997599 -0.02151048 0.009524822 -0.9992528 -0.03746008 0.01008838 -0.9999425 -0.003665566 0.01233881 -0.9999236 8.38998e-4 -0.007049202 -0.9994655 0.03192353 -0.9929805 -0.003715097 0.1182193 -0.9926341 -0.004675209 0.1210618 -0.9928719 -0.005755662 0.1190482 -0.9928695 -0.00578016 0.1190662 -0.9926329 -0.004677951 0.1210702 -0.9928162 -0.006805717 0.1194565 -0.9928735 -0.005793988 0.1190324 -0.9928176 -0.006809175 0.1194438 -0.9933238 -0.008012771 0.1150809 -0.08354669 -0.9621668 -0.2593361 0.005403816 -0.999553 -0.02940607 -0.03800368 -0.9581111 -0.2838644 -0.8257369 -0.5071129 -0.246972 -0.7871347 -0.6167813 0 0.3955638 -0.1003556 -0.9129393 -0.03334873 0.02464073 -0.99914 0.1187802 0.4047247 -0.9066913 0.001836955 0.5735374 0.8191775 0.1013287 0.5902632 0.8008258 0.0243262 0.4872233 0.8729386 0.1217568 0.2537733 0.9595699 0.1230267 -0.00269407 0.9923998 0.12076 0.1226325 0.9850779 0.1216115 0.2536832 0.9596121 0.1290438 -0.07699239 0.9886455 0.6696597 -0.1198791 -0.7329291 0.6868813 -0.3741529 -0.6230599 0.6418157 0.1484792 -0.7523474 -0.1173132 0.07670098 -0.9901286 -0.1217068 -0.2701087 -0.9551067 -0.1380078 -0.2255222 -0.9644137 0.9727386 -0.004740715 0.2318559 0.8657955 -0.002367556 0.5003926 0.8346854 -0.004931151 0.550705 0.6425878 -0.002181231 0.766209 0.5967665 -0.003915071 0.8024054 0.3424921 -0.001414179 0.9395197 0.2864402 -0.0030151 0.9580934 1.26162e-4 -0.001414716 0.999999 0.2862458 -0.002999544 0.9581516 -0.05929863 -0.003223717 0.9982351 -0.3421372 -0.001443028 0.9396489 -0.3968122 -0.00296247 0.917895 -0.6423882 -0.001241743 0.7663784 -0.6870258 -0.003530085 0.7266244 -0.8663454 -0.002171456 0.499441 -0.8944085 -0.00435096 0.4472299 -0.9848753 -0.001343071 0.1732602 -0.9933432 -0.002539932 0.1151657 -0.9848724 -0.00140357 -0.1732762 -0.9728559 -0.003670096 -0.2313826 -0.8660427 -0.001912593 -0.4999666 -0.8348038 -0.004045546 -0.5505329 -0.6431621 -0.001559853 -0.7657284 -0.5965516 -0.003835976 -0.8025656 -0.3419135 -0.001994431 -0.9397293 -0.2856779 -0.003757178 -0.9583184 -2.20644e-4 -0.001077234 -0.9999995 0.05881726 -0.002685129 -0.9982653 0.3424924 -0.001836359 -0.9395189 0.3976681 -0.003966867 -0.9175208 0.642777 -0.00141102 -0.7660522 0.3977845 -0.003958821 -0.9174703 0.6867927 -0.003185093 -0.7268464 0.8658122 -0.001900196 -0.5003656 0.8939582 -0.00433582 -0.4481296 0.9847458 -0.001879751 -0.1739892 0.9933348 -0.004149258 -0.1151903 0.9848071 -0.002060592 0.1736402 -0.3820764 0.6460726 -0.6607631 -0.1478868 0.4496781 -0.8808627 0.1255682 0.9919469 -0.01655739 -0.1822711 -0.6561256 -0.7323091 -0.01345068 -0.3923063 -0.9197364 -0.3726779 -0.6696794 -0.6423713 0.6906584 0.08730942 -0.7178915 0.1836166 0.3239603 -0.9280812 0.8041482 0.1091921 -0.584314 -0.8729045 0.02883392 0.4870385 -0.948076 -0.02122491 0.3173348 -0.7567052 -0.05600631 0.651353 -0.7745685 0.2434106 -0.5837767 -0.564481 0.6784154 -0.4702273 -0.9115442 -0.01246029 -0.4110136 -0.9283354 -0.2508557 -0.2743448 -0.824231 -5.97646e-4 -0.5662533 0.1335436 0.05724257 -0.9893884 -0.1477546 0.4495506 -0.88095 0.2579264 -0.04953747 -0.9648938 0.6093035 -0.06519472 -0.7902524 0.7046783 -0.3439217 -0.6206016 0.6093159 -0.0651859 -0.7902437 -0.9147862 -0.3418437 0.2151954 -0.9637465 -0.2453995 -0.1047462 -0.03759407 -0.9896163 -0.1387312 -0.1865583 -0.7351334 -0.6517476 -0.4446744 -0.7401769 -0.5043838 -0.03388428 -0.07272684 -0.9967762 0.4981733 -0.3062122 -0.8112074 -0.03383398 -0.0727021 -0.9967797 -0.4283978 0.05428642 -0.901958 -0.4301961 0.8019716 0.4144549 -0.9337695 0.2913486 0.2078233 -0.7048913 0.3179775 0.6340493 -0.763872 0.5504536 0.3368983 -0.6121817 -0.3686654 0.6995137 -0.5931803 -0.7865478 0.1716967 -0.5834426 -0.6717831 0.4564014 0.01766043 -0.9998413 -0.002352476 0.01947849 -0.9975036 -0.06787621 0.001434743 -0.999987 -0.004890918 0.005396008 -0.9999777 -0.003928124 0.01368135 -0.9996956 0.02053171 0.0466811 -0.9987556 -0.0175507 -0.01557248 -0.9986987 -0.04856353 0.04668223 -0.9987551 -0.01757955 -0.01552355 -0.9986976 -0.0486015 0.01949226 -0.9975021 -0.06789505 -0.003356873 -0.9999555 0.008817672 -0.03392714 -0.07259798 -0.996784 -0.5557997 0.2348484 -0.7974541 0.1785433 0.07117116 -0.9813546 0.9307264 -0.2362261 -0.2791879 0.8160001 -0.5652768 -0.1208548 -0.6257895 0.430206 0.6506232 -0.8992413 -0.3964614 0.1848874 -0.9055497 -0.4242403 0 -0.9823411 -0.1462972 -0.1166331 0.2262332 -0.9732535 0.0399537 0.8425408 0.4119506 0.3470186 0.9548171 0.2947934 0.03769874 0.5223472 -0.4094846 0.7479811 0.1870943 -0.396485 0.8987745 -0.1132636 -0.9701833 0.2142798 0.02655237 -0.007680356 0.999618 0.2227196 0.3154041 0.9224513 -0.1717872 0.09825801 0.9802218 0.03895884 0.03907376 -0.9984766 0.2361749 -0.0104714 -0.9716542 -0.3612274 -0.0748282 -0.9294705 -0.1733487 -0.05809223 -0.9831458 -0.3613391 -0.07475608 -0.9294329 -0.6002702 -0.001521646 -0.7997958 -0.8354215 -0.1154637 -0.5373445 -0.9534564 -0.08685851 -0.2887501 -0.9873418 -0.005689978 -0.1585049 -0.9305925 0.01862025 -0.365583 -0.7515051 0.03869354 -0.6585916 -0.9305538 0.01855266 -0.365685 -0.7514498 0.0385639 -0.6586623 -0.7270293 -0.1102131 -0.6777031 -0.6428903 0.06467163 -0.7632232 -0.751411 0.03866833 -0.6587007 -0.7471268 0.02308803 -0.6642805 -0.842013 0.01153612 -0.5393338 0.4203146 -0.1326281 -0.8976333 0.2363122 -0.01037979 -0.9716218 0.6092369 -0.06507748 -0.7903136 0.6490686 0.7523369 -0.1126911 0.4971491 0.7482004 -0.4393621 -0.6322448 -0.3912918 -0.6686983 -0.6870366 -0.0928778 -0.7206625 -0.7015172 -0.1761894 0.6905295 -0.7657673 -0.003478586 0.6431085 -0.3055514 -0.01556545 0.9520484 0.4600632 -0.23274 -0.8568395 0.640211 -0.3700048 -0.6732209 0.5752595 -0.08522379 -0.8135192 0.6447376 0.06764298 -0.7614054 0.8995022 0.1204541 -0.4199844 0.9747072 0.08656531 -0.2060396 0.994912 0.09562361 -0.03172445 0.9927325 0.1129035 -0.04165452 0.7437986 0.5781413 0.3354346 0.8598901 0.4910299 0.1395669 0.6542069 0.4963559 0.5706523 -0.2946538 -0.8156042 0.497965 0.9970189 -0.07685995 0.006765246 0.008413851 0.9999612 0.002635955 0.008413851 0.9999612 0.002635955 0.008413851 0.9999612 0.002635955 -0.6630194 0.2072743 0.7193349 -0.5430426 0.03909176 0.8387948 -0.4119897 0.006323754 0.9111666 -0.2880928 -0.8228218 -0.4898642 0.3404398 0.1828758 -0.9223108 0.9999627 0.008020222 -0.003235161 0.8439274 -0.4434114 0.3019486 0.973963 -0.1915982 -0.1211872 0.2724654 -0.8209023 0.5018786 0.7071781 0.08117592 0.7023601 -0.01616942 -0.999835 0.00828737 -9.23654e-4 -0.9998464 -0.01750385 -0.06056594 -0.997915 -0.02230054 0.6941591 -0.4944891 0.5230905 0.6271798 -0.2710308 0.7301971 0.8438451 -0.4434528 0.3021177 0.6183663 -0.4076801 0.6718782 0.3035733 -0.3963939 0.8664382 0.1520224 -0.01941919 0.9881862 0.3355521 0.2945374 0.8947919 -0.04782998 0.08952683 0.9948353 -0.53376 -0.8342764 -0.1381411 -0.6535274 -0.6513214 -0.3855935 -0.5291658 -0.8329178 -0.1619616 0.08298301 0.9949938 -0.05568909 0.09167242 -0.9941018 0.05794817 0.4895451 -0.8329383 0.2579914 0.9176461 -8.40504e-4 0.3973977 0.91283 0.3034551 0.2732332 0.8115735 0.04338872 0.5826371 0.5950791 -0.1133802 0.7956293 0.3025067 0.04675126 0.952 0.02375048 -0.1288229 0.9913831 -0.1552469 -0.1179015 0.9808149 -0.3091261 -0.3759286 0.8735667 0.8624705 0.01039582 -0.5060007 0.8737764 -0.3039056 -0.379679 0.7309368 -0.03177225 -0.6817052 0.484177 0.1256497 -0.8659011 0.1360566 -0.07369762 -0.9879562 -0.1434311 0.0640912 -0.9875829 -0.3337848 0.02111738 -0.9424128 -0.4094732 0.2832737 -0.86723 -0.2271007 -0.9731047 -0.03863328 -0.1226677 0.06591987 -0.9902561 -0.3090205 0.3788385 -0.8723461 0.06468617 0.1498422 -0.9865916 0.4171742 -0.06955069 -0.9061613 0.713111 0.0667386 -0.6978673 0.8933752 -0.1443098 -0.4255062 0.9919788 0.07435691 -0.1022213 0.8934012 -0.1444175 -0.425415 0.9601436 -0.09488034 -0.2629107 0.9436178 -0.3079116 -0.1215565 0.8929968 0.3895286 0.2254423 0.958264 0.272756 -0.08564066 -0.8930496 0.3875311 -0.2286527 -0.9588338 0.2708718 0.08524256 0.9999611 0.008199751 -0.003271996 0.8902093 0.1215588 -0.4390341 0.9675911 0.2208205 0.1224985 -0.6701083 0.1906507 -0.7173613 -0.3787941 -0.007497906 -0.9254507 -0.809312 -4.06079e-4 -0.5873789 -0.03186315 -0.9992209 -0.02329403 -0.06053936 -0.9979168 -0.02229732 -0.005568444 -0.9999704 -0.005319058 -0.02111917 -0.9996909 0.01312452 -0.02167969 -0.9997567 0.004085063 -0.01247906 -0.9998908 0.007931172 -0.01617997 -0.9998347 0.008304834 0.01085233 -0.9998584 -0.01286387 0.1063614 -0.9940273 -0.02443379 0.005809068 -0.9999671 -0.005676388 -0.00340861 -0.9999821 -0.004925668 -0.02150481 -0.9997389 -0.007737934 -0.001545965 -0.9998452 -0.01753228 0.08856397 -0.9960683 -0.00209397 0.2895843 -0.9550128 0.06396627 -0.01611334 -0.9998356 0.008325755 -0.1391884 -0.9901845 -0.0126993 -0.03197383 -0.9992179 -0.02326929 -0.09550362 -0.9939399 -0.05442875 0.438207 0.1746961 0.8817346 0.3132354 0.5050604 0.8042373 0.2456585 0.174142 0.9535861 0.8004445 0.006030499 0.5993766 0.5840891 0.1431007 0.7989757 0.3669331 -0.006591618 0.930224 0.3667573 -0.006612896 0.9302932 0.4381413 0.1745744 0.8817914 0.08638954 0.1347664 0.9871044 -0.01100754 -0.9923307 -0.1231201 5.88801e-4 -0.9989733 -0.04530167 0.01262414 -0.9997284 -0.01959073 0.01824378 -0.9972757 0.07147389 0.02742308 -0.9765997 0.2133097 0.01661604 -0.9996131 0.02230679 0.0169999 -0.9996681 0.0193569 0.02443999 -0.9995717 0.01610141 -0.009350478 -0.9999299 0.007272064 -0.04257357 -0.9990934 2.69277e-4 0.04248529 -0.9990323 -0.01137578 0.03652578 -0.9993286 -0.002869069 -0.05461513 -0.9983436 0.01809567 -0.01237475 -0.9998093 -0.01510757 -0.07331049 -0.9966406 0.0365132 -0.03661608 -0.9983037 0.04526585 -0.002411901 -0.9993004 0.03732424 0.01222169 -0.9998736 -0.01017135 -0.01433575 -0.9991674 0.03819739 -0.01004147 -0.9995552 -0.02808094 0.01955997 -0.998441 0.05227881 0.01351428 -0.9998427 -0.01149159 0.04985183 -0.9972988 0.05394572 0.0385341 -0.9987614 0.0314759 -0.03643667 -0.9992272 -0.01474732 0.03847163 -0.999176 0.01293635 -0.2666403 -0.9572281 -0.1123276 -0.03690081 -0.9990071 -0.02496463 0.006306529 -0.999938 0.009182214 -0.03059619 -0.9995061 0.007175922 -0.03047215 -0.9994793 0.0106073 -0.0131464 -0.9999119 -0.001841127 -7.38705e-4 -0.9998722 -0.01597321 0.0276584 -0.9985759 -0.04562121 0.02806603 -0.997186 -0.0695163 0.2816132 -0.9592588 -0.02272683 0.1430479 -0.9633731 -0.2268253 -0.06435501 -0.9639891 -0.2580376 -0.001582503 -0.9998454 -0.01751923 0.004224956 -0.9997572 -0.0216304 -0.02847278 -0.9995067 -0.01325976 0.03166669 -0.9993473 -0.01738494 0.02739185 -0.9996218 -0.002487003 -0.01522874 -0.9997705 0.01507318 -0.08864319 -0.9960635 -7.44665e-6 -0.00340408 -0.9999554 0.008820414 -0.168733 -0.9779284 0.1232294 -0.01653695 -0.9998614 0.001989066 -0.003368437 -0.9999555 0.008822321 0.005806326 -0.9999824 0.001206398 0.01018476 -0.9999475 -0.001193344 -0.01502823 -0.9998596 0.007426142 -0.01638662 -0.999369 0.03151398 -0.06415003 -0.9972981 0.03579676 -0.005275428 -0.9999849 0.001546919 -0.9736292 -0.006896793 -0.228032 -0.9727874 -0.005138993 0.2316424 -0.9999733 0.004039883 0.006090402 -0.9282713 -0.2337132 0.2892935 -0.8950383 -0.01487314 0.4457414 -0.7016312 -0.1762084 0.6904088 0.2153805 -0.006491124 -0.9765087 -0.378655 -0.00747472 -0.9255077 0.05010157 5.40796e-6 -0.9987442 -0.2030265 2.11166e-4 -0.9791733 -0.3786435 -0.007463335 -0.9255126 -0.491791 -0.005647838 -0.870695 -0.8935025 0.4149528 -0.171661 -0.9395869 0.1539477 -0.3057394 -0.9395937 0.1539403 -0.3057222 -0.9906844 -0.0174393 -0.1350568 -0.9395988 0.15377 -0.3057923 -0.9027168 -0.1208506 -0.4129135 -0.8838624 0.04361933 0.465709 -0.9677217 -0.02044659 0.2511908 -0.9677222 -0.02043914 0.2511889 -0.9677662 -0.02050787 0.2510139 -0.9677696 -0.02047044 0.2510042 -0.9962719 -0.08338403 0.0221278 0.9106351 0.1098759 0.3983353 0.7308107 -0.007435381 0.6825397 0.7308049 -0.00740987 0.6825461 0.7307043 -0.007499277 0.6826528 0.7307031 -0.007496714 0.6826542 0.4581621 -0.1238305 0.8802008 -0.5277006 0.03475505 -0.8487192 -0.4901173 0.01285374 -0.8715618 -0.4901171 0.01285439 -0.8715618 -0.4901085 0.01285141 -0.8715668 -0.4901083 0.01285153 -0.8715669 -0.4513481 -0.009095072 -0.8923017 -0.7471644 0.02304381 -0.6642398 -0.9926927 -0.03348743 -0.1159306 -0.9389995 0.07751071 -0.3350704 -0.992713 -0.03336298 -0.1157922 -0.9888947 -0.1066161 0.1035387 -0.8728978 0.02894908 0.4870439 0.7074843 -0.01490098 -0.7065721 0.9023607 -0.05104219 -0.4279485 0.8300771 -0.2858109 -0.4788364 0.8300652 -0.2859459 -0.4787762 0.8296909 -0.1950902 -0.5230229 0.8784914 -0.4581869 -0.1353433 -0.7830848 -0.2314673 0.577236 -0.7152938 -0.698507 0.02104413 -0.8497305 -0.4914557 0.1908646 -0.8567713 -0.4935336 -0.1495579 -0.5215547 -0.8531336 0.01199555 -0.663952 -0.5282889 -0.5292246 0.002857208 -0.999991 -0.003168821 -0.00144726 -0.9998943 -0.01447218 0.003418862 -0.9999608 -0.008169233 -0.001109063 -0.999788 -0.02055966 0.004759848 -0.9999648 -0.006926 0.004712343 -0.999965 -0.006911337 0.003400921 -0.9999606 -0.00821191 0.006536304 -0.9999349 -0.009364306 0.004752099 -0.9999649 -0.006914317 0.006495058 -0.9999349 -0.009396255 0.01939588 -0.9997923 -0.006246149 0.01943087 -0.9997918 -0.006235063 0.00652641 -0.9999346 -0.009394109 0.01882117 -0.9998206 -0.002176046 0.01818889 -0.9998318 0.002377271 0.0262559 -0.9996514 0.002778351 0.04185003 -0.9991086 0.005550503 0.01572465 -0.999875 0.001700103 -0.007591485 -0.9999367 0.008305311 6.09714e-4 -0.9999901 0.004439413 -0.002640008 -0.9999632 0.008161544 -0.002620458 -0.9999627 0.00824213 -2.47526e-4 -0.9999915 0.004122555 7.98084e-4 -0.9999648 0.008359074 -0.002575814 -0.9999623 0.008302271 8.01013e-4 -0.9999646 0.008375525 0.001169502 -0.9999473 0.01020848 0.001170039 -0.9999507 0.009875118 8.11902e-4 -0.9999645 0.008386552 0.001901566 -0.9999606 0.008674204 0.00105071 -0.9999523 0.009720921 0.001869201 -0.9999609 0.008653163 0.001892685 -0.999973 0.007102727 0.001961231 -0.9999731 0.007066845 0.001886487 -0.9999606 0.008673667 0.007179141 -0.9999542 0.006340742 0.00581187 -0.9999735 0.004388868 -0.01154834 -0.9998338 0.01411324 -0.01015836 -0.9999442 0.002914667 -0.009442031 -0.9999554 1.36516e-4 -0.01725709 -0.9998422 -0.004225671 -0.026259 -0.9996514 -0.002778887 -0.04189944 -0.9991065 -0.005559325 -0.01572096 -0.999875 -0.001703262 -0.005500853 -0.9998551 -0.01611602 -0.0203973 -0.9996917 -0.0141589 -0.01784974 -0.9997913 -0.009949445 0.3695223 -0.009996414 -0.9291681 0.2530465 0.235177 -0.9384346 0.6460124 0.1765404 -0.7426316 0.6012139 0.394426 -0.6949604 0.4418235 0.3459374 -0.8277195 0.2805194 0.6469352 -0.7090724 -0.007957518 -0.9999654 0.002475976 -0.01348793 -0.9997227 0.01930642 -0.01077377 -0.9999203 0.006587505 -0.01196652 -0.9999265 -0.002011835 -0.02115172 -0.9996907 0.01308262 -0.02543842 -0.9994996 -0.01879835 -0.03743827 -0.9992923 -0.003664493 0.013682 -0.9996948 0.02057337 -0.03743368 -0.9992924 -0.003676235 -0.03777635 -0.9977812 -0.05482298 -0.01558125 -0.9986985 -0.04856467 0 -1 2.55377e-7 3.8134e-4 -0.9999902 0.004414319 0.007199645 -0.999952 0.006656646 0.009209096 -0.9999511 0.003624558 0.02421224 -0.9996994 0.003844738 0.01534646 -0.999882 7.59124e-4 0.002892553 -0.999993 -0.002411484 -0.009686589 -0.9999493 -0.002765297 -0.001423418 -0.9999986 -9.02337e-4 -0.01371169 -0.9999038 -0.00210607 -0.006083488 -0.9999785 -0.002479672 -0.0150817 -0.9998641 -0.006682455 -0.008637905 -0.9999583 -0.002973258 0.002757549 -0.9999753 -0.006474494 0.01913577 -0.9997585 -0.01081085 0.3748329 -0.05929559 0.9251942 0.5428919 -0.09544652 0.8343611 0.794048 0.01539641 0.6076601 0.9417535 -0.08225035 0.3260911 0.7941272 0.01544213 0.6075556 0.9418155 -0.08219105 0.3259267 0.9969727 0.07726854 0.008674442 0.9820348 0.09385156 -0.163706 0.8850205 0.3028956 -0.3535435 0.5427667 -0.09556156 0.8344294 0.1485587 0.04144394 0.9880348 -0.1975268 0.02138775 0.9800642 -0.1975896 0.02148723 0.9800494 -0.06552737 -0.0246697 0.9975458 -0.3252345 0.05265581 0.9441663 -0.3270695 -0.03691238 0.9442791 -0.006526887 -0.9999644 -0.005354285 -0.004158794 -0.9999752 -0.005700051 -0.004655122 -0.9999746 -0.005410492 -0.004652559 -0.9999746 -0.005407333 -0.004129111 -0.9999754 -0.005684494 0.001392304 -0.999999 4.71205e-4 0.005676686 -0.9999827 0.001602113 0.007750213 -0.9999532 0.005801916 0.01110804 -0.9999357 0.002312302 0.004318714 -0.9999774 0.005167067 -0.001865684 -0.9999954 -0.002447366 -0.005050182 -0.999978 -0.004293024 -0.00506854 -0.999978 -0.004301726 -0.001865267 -0.9999954 -0.002443969 -0.006532013 -0.9999643 -0.0053671 -0.005080938 -0.999978 -0.004290342 -0.006535053 -0.9999643 -0.005364239 -0.004654347 -0.9999746 -0.005407869 0.004324436 -0.9999773 0.005169153 0.004314422 -0.9999775 0.005159437 0.008115649 -0.9999504 0.005800485 0.004775822 -0.9999673 0.006521701 0.00479412 -0.9999672 0.006538391 -0.006540656 -0.9999642 -0.005390107 -0.003124415 -0.999994 0.001477062 -0.004150688 -0.9999752 -0.005688369 0.008093595 -0.9999507 0.005762755 0.005143463 -0.9999834 0.002614736 0.004782855 -0.9999673 0.006529033 -0.002457678 0.9999844 -0.00502485 -0.01000082 0.999869 -0.01273494 6.2097e-4 0.999979 0.006451725 -8.33848e-4 0.9999758 -0.006925165 0.002037644 0.999992 -0.003445982 0.0024091 0.999985 0.004914283 0.01042068 0.9998649 0.01272094 6.31269e-4 0.9999788 0.006490767 5.85251e-4 0.9999791 0.006436169 0.002337634 0.9999853 0.004887819 -0.002103984 0.9999921 0.00337702 -0.002102613 0.9999921 0.003379225 -0.01614356 0.9997293 -0.01675724 -0.03354042 0.9989046 -0.03263098 0.03632652 0.9987287 0.03495001 0.01709401 0.9997096 0.01699179 -0.3728466 -0.6696519 -0.6423019 -0.7474222 -0.4562258 -0.4829266 -0.7474282 -0.4562373 -0.4829066 -0.8305791 -0.307112 -0.4645652 -0.7475443 -0.4560856 -0.4828701 -0.9643405 -0.07503044 -0.2538072 -0.9101829 -0.1094179 -0.3994933 -0.9643864 -0.07490092 -0.2536705 -0.9823576 -0.1461418 -0.1166887 -0.9883096 0.04648774 0.1452009 0 -1 6.18269e-7 0.2903742 0.1131902 -0.9501951 -0.02619516 0.004807829 -0.9996453 -0.02603173 0.004889249 -0.9996492 -0.3396142 -0.1040848 -0.9347881 0.9780212 -0.005874156 -0.2084227 0.9068416 -0.01015323 -0.4213495 0.7198091 5.5591e-4 -0.6941719 0.6460475 0.176551 -0.7425984 0.7950471 9.86442e-4 -0.606547 0.5894231 -0.008715391 -0.8077775 0.3333008 -0.1642956 0.9283952 -0.04786652 0.08945238 0.9948402 -0.413003 -0.1000301 0.9052197 -0.7144097 0.06268543 0.6969143 -0.8926071 -0.1465889 0.4263381 -0.9922174 0.07126396 0.1021085 -0.8926284 -0.1467484 0.4262388 -0.9593937 -0.09844845 0.2643326 -0.941998 -0.3127188 0.1218474 0.8005564 0.006055235 0.599227 0.9098436 -0.006601631 0.4148989 0.9757246 -3.95959e-4 0.2190006 0.9999475 0.00644207 0.007975518 0.9757626 -4.16772e-4 0.2188316 0.9780603 -0.005898356 -0.2082387 0.3416895 -0.1209831 0.9319933 0.01710075 -0.006057679 0.9998355 0.01723998 -0.006111562 0.9998328 -0.3094602 0.1095709 0.9445785 -0.3054867 -0.01555544 0.9520693 -0.3054887 -0.01555657 0.9520687 0.002909362 -8.14952e-4 0.9999955 -0.6543197 -0.002724945 0.7562133 -0.7809553 0.04726773 0.622796 -0.6505177 -0.01070392 0.7594158 -0.6506542 -0.01063704 0.7592997 -0.4948766 -0.06819593 0.8662831 0.9964771 -0.06126171 0.05727642 0.9744467 0.01300823 0.2242423 0.974472 0.01295495 0.2241351 0.9194661 0.08677256 0.3834743 0.0206933 0.9997807 -0.003234386 -0.004032373 0.999991 0.001319587 0.002754807 0.9999958 -9.1853e-4 -0.003878891 0.9999925 -3.8183e-4 1.77092e-5 0.999997 -0.002448558 4.68723e-6 0.999997 -0.002438783 -0.003842353 0.9999926 -4.10646e-4 -0.001512408 0.9999988 5.91397e-4 1.40772e-5 0.9999971 -0.002441763 -0.001503765 0.9999988 6.0713e-4 0.002387583 0.9999969 -8.11233e-4 0.002381443 0.999997 -7.58606e-4 -0.001521706 0.9999988 6.14335e-4 -9.50349e-4 0.9999984 0.001579284 0.002370834 0.999997 -7.51937e-4 -9.88882e-4 0.9999984 0.001500666 -0.001487612 0.9999989 -6.17085e-7 -0.001530408 0.9999987 6.23432e-4 -0.009817421 0.9999393 0.005020976 -8.21282e-4 0.9999986 0.001510202 6.00041e-4 0.9999997 5.1556e-4 0.003810405 0.9999928 -5.61786e-5 0.007673203 0.9999701 -9.02208e-4 0.002307534 0.999997 9.83712e-4 -0.003697514 0.999993 5.30234e-4 -0.003802657 0.9999927 4.97332e-4 -6.71137e-4 0.9999998 0 -9.10829e-4 0.9999996 0 -0.001489937 0.9999989 0 -0.001154363 0.9999994 0 0.00236833 0.999997 -7.52112e-4 -0.007263839 -0.9999735 -2.70896e-4 -2.6446e-4 -0.9999998 -7.35997e-4 0.001172184 -0.9999959 -0.002614021 0.02034324 -0.9997924 0.001144587 0.02067083 -0.9997839 0.002204716 -0.0106588 -0.9999431 -5.93972e-4 -0.01349002 -0.9999082 0.001339018 -0.01065552 -0.9999431 -5.87678e-4 -0.0134496 -0.9999086 0.001360952 -0.007198989 -0.9999741 -2.90524e-4 -0.01345568 -0.9999086 0.001345634 7.98174e-4 -0.9999948 0.003128886 0.02425765 -0.9996367 0.01175117 0.00919491 -0.9999361 0.00658971 -0.002808213 -0.9999939 0.002096235 -0.001791596 -0.9999979 0.001049816 -0.004768431 -0.9999881 -0.00107485 -0.004760146 -0.9999881 -0.001108765 -0.001722097 -0.999998 0.001042664 -0.008732438 -0.9999618 -4.04195e-4 -0.00472927 -0.9999882 -0.001119434 -0.008727908 -0.9999619 -4.08529e-4 -0.03760027 -0.9896278 -0.1386474 -0.008696615 -0.9999621 -4.10953e-4 -0.001819849 -0.9999979 0.001048386 0.09157377 -0.9941133 0.0579046 -0.003658533 -0.9999934 -6.58935e-5 0.004904806 -0.9999879 3.51455e-4 -0.01423782 -0.9998986 -6.21365e-4 -0.01899617 -0.9998148 -0.003121137 -0.01041424 -0.9999458 -1.41751e-4 -8.07088e-4 -0.9999949 -0.003100275 0.008359789 -0.9999626 -0.002273797 -0.001686692 -0.9999945 -0.002837836 -0.004337668 -0.9999895 -0.00151813 -0.001645505 -0.9999946 -0.002852559 -0.004319071 -0.9999895 -0.001527011 -0.003514468 -0.9999939 -1.36137e-4 -0.003533065 -0.9999938 -1.19235e-4 -0.004349887 -0.9999894 -0.001515209 -0.002590537 -0.9999957 0.0013659 -0.002605676 -0.9999957 0.00136429 -0.1441 -0.9872682 -0.06735461 -0.01039129 -0.999946 -1.23776e-4 -0.004843473 -0.9999868 -0.001723468 0.01728081 -0.9997658 0.01302736 -0.0103935 -0.999946 -1.18041e-4 0.01729786 -0.9997659 0.01300388 0.002644419 -0.9999016 0.01377809 0.03793311 -0.99926 0.006374955 -0.001320362 -0.9999931 -0.003506124 0.008654534 -0.9999622 -8.80856e-4 -0.004839837 -0.9999869 -0.001723527 -0.01429671 -0.9998977 -6.24875e-4 0.002170264 -0.9999927 0.003153622 -0.001693069 -0.9999981 0.001068413 -0.002753019 -0.999994 0.002114474 0.0366587 -0.999326 -0.001919567 0.0250324 -0.9996864 -7.25767e-4 0.9843159 -0.06620627 0.1635205 0.8847761 0.01099634 0.4658867 0.8848547 0.01094293 0.4657385 0.6903914 0.08695346 0.7181914 -0.4468336 -0.05932307 0.8926481 -0.7278352 0.03779619 0.6847097 -0.7277123 0.03775304 0.6848427 -0.9129937 0.1298783 0.3867485 0.3130628 -0.8075508 -0.4998537 0.4142863 -0.5554931 -0.7209676 0.4142856 -0.5554945 -0.7209669 0.4646674 -0.2354581 -0.8536062 -0.9145031 0.1085985 0.3897315 -0.7255297 0.02142894 0.6878572 -0.7256507 0.02146905 0.6877283 -0.4407564 -0.06855243 0.8950053 0.007472515 -0.999972 -6.19103e-4 0 -1 8.6687e-7 -0.001700103 -0.9999986 7.31567e-5 -0.006675183 -0.9999741 0.002730131 -0.01301026 -0.9998016 0.01507824 -0.01368832 -0.9995257 0.02758949 5.55046e-4 -0.9999138 0.01312148 0.0195415 -0.9998068 -0.002135097 0.01884597 -0.9996397 -0.01911574 0.03579086 -0.9987491 -0.03491836 0.008591055 -0.9999315 -0.007949292 -0.01216626 -0.9999186 0.003857195 -0.004122018 -0.9999867 -0.003120362 -0.9853936 -0.0651369 -0.1573425 -0.8896803 0.01143503 -0.4564408 -0.8897595 0.01137238 -0.456288 -0.7011862 0.08677464 -0.707678 0.9307408 -0.2360934 -0.279252 0.722366 0.03558975 -0.6905945 0.7224695 0.0356456 -0.6904835 0.4421155 -0.06073033 -0.8948999 -0.3251501 0.05250704 0.9442037 0.1603544 -0.1018441 0.9817914 0.1044277 -0.02239388 0.9942803 0.2884284 -0.06657522 0.9551842 0.160525 -0.1017726 0.9817709 0.3131797 0.01120114 0.9496278 0.05746209 -0.02992385 0.9978992 -0.3416639 0.01198953 0.9397458 -0.4475881 -0.002649307 0.8942359 -0.6029472 -0.083516 0.7933977 -0.341798 0.01210349 0.9396955 -0.8728585 0.02894383 0.4871144 -5.90811e-5 0.9999981 -0.00200361 0.006799817 0.9999712 -0.003411471 0.005468547 0.9999849 4.37823e-4 0.01000237 0.9999135 -0.008540689 -0.004805147 0.9999877 -0.001228809 -0.002845048 0.9999958 5.94793e-4 -0.004663646 0.9999607 0.007554709 -3.12704e-5 0.9999884 0.004822671 0.006019115 0.9999805 0.00169301 0.005019545 0.9999713 -0.005666434 0.003457427 0.9999557 -0.008758187 0.00769031 0.9998681 -0.01430881 -0.139088 -0.9901989 -0.01267975 -0.1354737 -0.9901503 -0.03534764 -0.06056278 -0.9979154 -0.02229416 -0.06064379 -0.9979103 -0.02230739 -0.3733264 -0.9211676 -0.1098992 -0.1802045 -0.9826525 -0.04382449 -0.00633943 0.9999766 0.002603769 -0.002083957 0.9999956 -0.00211507 0.01046824 0.9999437 -0.001728236 0.01736223 0.999849 -8.66326e-4 0.00453329 0.999987 -0.002363443 0.005055427 0.9999873 2.38691e-4 0.005767405 0.9999811 -0.002183198 0.005676507 0.9999815 -0.002200245 0.004949808 0.9999878 1.76595e-4 0.002519249 0.999993 -0.002789855 0.005010426 0.9999875 -3.13246e-4 0.004489183 0.9999871 -0.00236845 -0.00238198 0.9999865 -0.004648208 -0.002438724 0.9999861 -0.004690468 0.004512429 0.999987 -0.002368569 -0.01012539 0.9999487 -8.08338e-5 -0.002027809 0.9999896 0.004080057 0.004989087 0.9999876 2.77376e-4 0.005023777 0.9999874 -3.17568e-4 0.00501722 0.9999874 -3.11689e-4 0.005029857 0.9999874 2.53026e-4 0.004479944 0.9999872 -0.002368211 0.537823 -0.08919841 -0.8383257 0.8042242 0.109086 -0.5842291 0.9446331 -0.1122869 -0.3083182 0.9955983 0.09035199 0.02491259 0.9446666 -0.1124184 -0.3081675 0.9859744 -0.08438551 -0.1439914 0.9525606 -0.3043448 -0.001625716 0.6005238 -0.0987063 -0.7934912 0.3749476 -0.1183455 -0.9194611 0.2579988 -0.04966753 -0.9648678 0.03004652 -0.1974256 -0.9798574 0.2120265 -0.1573489 0.9645135 -0.1718063 0.0981689 0.9802274 -0.5416729 -0.1450087 0.8279874 -0.8272058 0.06709396 0.5578791 -0.9693699 -0.1180228 0.2153899 -0.9848597 0.06320202 -0.161422 -0.8711822 -0.1527959 -0.466578 -0.6166839 0.02806186 -0.7867106 -0.8711138 -0.1529352 -0.4666603 -0.7717381 -0.1036962 -0.6274293 -0.6517814 -0.358347 -0.6684074 -0.6010656 -0.2304227 0.7652618 -0.4119118 0.006288588 0.9112021 -0.2849964 -0.1073142 0.9525023 -0.05743789 -0.2134215 0.9752703 0.0406906 -0.2155011 0.9756555 0.2686462 -0.124005 0.9552236 0.04080158 -0.2153313 0.9756883 0.2687398 -0.1238864 0.9552126 0.4113169 0.1186242 0.9037405 0.6210893 -0.04924374 0.7821913 0.4113522 0.11879 0.9037027 0.5200944 0.1834176 0.8341822 0.654099 0.4962984 0.5708261 0.5973153 7.81131e-6 -0.8020066 0.2860332 0 -0.9582198 -0.05808645 0 -0.9983116 -0.3970611 0 -0.9177922 -0.6865066 2.23014e-6 -0.7271236 -0.8940572 0 -0.4479529 -0.9933368 0 -0.115248 -0.9731752 0 0.2300651 -0.8351482 2.26612e-5 0.5500249 -0.5965464 -1.12101e-5 0.8025787 -0.2864152 0 0.9581057 0.05887025 0 0.9982658 0.3967498 0 0.9179268 0.6862057 0 0.7274076 0.8937727 0 0.4485204 0.9933016 -2.24694e-5 0.1155509 0.972864 0 -0.2313776 0.834802 0 -0.5505504 -0.5067245 0.8540076 0.1179035 -0.7929959 0.6025272 0.09010392 -0.6700813 0.6981639 -0.2521076 -0.7279385 -0.5603368 0.3951305 -0.9029591 -0.40266 0.1501001 -0.9030343 -0.402537 0.1499767 -0.9736751 -0.1982842 -0.1124292 0.9863908 -0.09727632 0.1325546 0.9861847 -0.04245948 -0.1601157 0.9240518 -0.05898481 0.3776894 -0.3670982 -0.2562711 -0.8941835 0.6948031 -0.1725817 0.6981865 0.9497244 -0.1970288 0.2433173 0.8487693 0.08036315 0.5226207 0.3180789 -0.6968352 -0.6428425 0.2179894 0.9598109 -0.1767595 0.4237366 0.8975836 -0.1216183 0.1934666 0.9796655 -0.05316203 0.9178459 0.05343395 -0.3933242 0.9861586 -0.04252713 -0.1602581 0.8062428 0.0415064 -0.590127 0.8061366 0.04158413 -0.5902667 0.5980128 0.2297669 -0.7678463 0.8061396 0.04159224 -0.5902619 -0.4123833 -0.2903135 0.863515 0.08787024 -0.907165 -0.4114981 0.04679566 -0.9727308 -0.2271677 -0.05134707 -0.8208038 -0.5688979 0.9918979 -0.002289891 -0.1270174 0.9896043 -0.007153332 -0.1436396 0.9925964 -5.95568e-4 -0.1214585 0.9944803 0.008406341 0.1045866 0.9762505 0.01132267 0.216349 0.8541387 0.01860201 0.5197125 0.9497576 -0.1970812 0.2431448 0.8934779 -0.3374136 0.2963939 0.96549 -0.2603895 0.005141735 -0.9922671 -0.002161622 0.124103 -0.9945232 0.003674268 0.1044514 -0.9914232 -9.5527e-4 0.1306878 -0.9388869 -0.008010983 0.3441326 -0.8960574 -0.007895469 0.4438678 -0.7139778 -0.0164411 0.6999753 -0.1222037 -0.1289551 -0.9840919 -0.1225467 -0.1292994 -0.9840041 -0.1230084 -0.04327803 -0.9914615 -0.1230099 0.04324096 -0.991463 -0.1222086 0.1286797 -0.9841274 -0.1225593 0.1283355 -0.9841287 0.3628858 0.8282766 0.4269329 0.6094018 0.7309769 0.3070868 -0.7433654 -0.642977 -0.1843601 -0.7433615 -0.6429835 -0.1843528 -0.9720473 -0.132875 0.1935676 0.2322764 0.2951906 0.9267742 0.3387353 -0.3577699 0.8702064 0.2932452 -0.01423877 0.9559313 -0.1547374 0.6509879 -0.7431495 -0.2071395 -0.7827221 0.5868895 0.06827729 -0.7668563 0.6381768 0.03412222 -0.9297992 0.3664823 0.2931504 -0.01423507 0.9559605 0.6259586 -0.283172 0.7266288 0.2450922 -0.2722867 0.9304783 -0.5464552 0.5686222 -0.6148623 -0.4523031 0.5235586 -0.7220168 -0.4917428 0.6986075 -0.5197467 -0.1828315 -0.5625097 0.8063222 0.09391921 -0.5254533 0.8456228 0.06827515 -0.7668005 0.6382442 -0.5668752 0.8184081 0.094132 -0.8633523 0.5041135 -0.02218753 -0.7868093 0.5422811 0.2947244 -0.2267923 0.04085159 -0.973086 -0.4699016 0.2216426 -0.8544396 -0.5898085 -0.1432501 -0.794736 -0.2373977 0.9115951 0.3356141 -0.4237467 0.7247131 0.5433505 -0.1162849 0.9848887 0.1283434 0.0347737 0.8952071 0.4442918 0.08499836 0.8602576 0.5027249 0.1066522 0.9849967 0.1356714 -0.07000041 -0.6310878 -0.7725465 -0.6606765 0.169571 0.7312676 -0.695581 0.2163313 0.6851043 -0.8900434 0.05260884 0.4528302 0.02871751 -0.923762 0.3818888 -0.01223057 -0.9964585 0.08319187 0.09087306 -0.9151172 0.3928138 0.1525938 -0.9520493 0.2651742 -0.4215628 -0.7114108 -0.5622984 -0.08137482 -0.8329061 -0.5473989 -0.1106874 -0.6169058 -0.7792148 -0.8993836 0.1720447 0.4018827 -0.3943632 -0.1315883 0.9094847 -0.5898363 -0.1433205 -0.7947027 -0.3441666 -0.02499854 -0.9385758 -0.3955537 -0.3030855 -0.8669929 -0.8150023 -0.171557 -0.5534793 -0.8292657 -0.2229214 -0.5124691 -0.9689357 -0.05879265 -0.2402234 -0.4326908 -0.260213 -0.8631731 -0.6788665 -0.1330835 -0.7221005 -0.4748514 -0.4645248 -0.7474845 -0.08133763 -0.8330061 -0.5472524 -0.341695 -0.7438502 -0.5743966 -0.4267454 -0.8644292 -0.2658019 -0.4748464 -0.464539 -0.7474787 -0.3957138 -0.3031372 -0.8669017 -0.4212987 -0.5436279 -0.7259312 -0.5729463 -0.2837822 -0.7688955 -0.5361017 -0.417946 -0.7334277 -0.6789268 -0.1330783 -0.7220448 -0.9811745 0.0318647 0.1904764 -0.9908402 0.09403973 -0.09691393 -0.9365794 0.04303199 -0.3478038 0.9278654 -0.3186489 -0.193723 0.1194216 -0.9910362 -0.05988186 -0.1643961 -0.9808001 -0.1049054 -0.06037414 -0.9953167 0.07549607 -0.07525128 0.0295372 -0.9967271 -0.07524049 0.02952408 -0.9967283 0.1838002 0.2163243 -0.9588646 -0.8994761 0.2146918 0.3805919 0.9645958 0.06017494 -0.2567763 0.9645919 0.06019192 -0.2567866 0.8533373 -0.1229633 -0.5066515 -0.3865737 -0.04351478 -0.9212315 -0.1119071 -0.2008016 -0.9732192 -0.3865662 -0.04350042 -0.9212352 -0.9811446 0.03196889 0.1906131 -0.9047788 0.1716796 0.3897454 -0.9811441 0.03196483 0.1906163 -0.3973472 0.5632936 0.7244415 -0.3352892 0.6617812 0.6705422 -0.3426684 0.4642744 0.8167177 0.04469293 -0.8404954 0.5399723 0.09088176 -0.9150398 0.3929921 0.1156577 -0.9651115 0.2349113 0.02359426 -0.919251 0.3929643 0.1156824 -0.9651493 0.2347434 0.06138741 -0.9953675 0.07399564 0.01290726 -0.9999102 -0.003623425 -0.0279752 -0.9989225 0.03702998 -0.01231551 -0.9964686 0.08305865 -0.02823531 -0.9895462 0.1414254 -0.0032413 -0.9905162 0.1373578 -0.0728771 0.9194734 -0.3863389 -0.4375082 -0.1213659 0.8909866 -0.1718326 0.08755344 0.9812279 -0.2780182 0.4643402 0.8408889 -0.1698192 0.3040514 0.9373976 -0.2288153 0.5443502 0.8070481 -0.9325971 0.1543884 0.3262316 -0.9720544 -0.1327388 0.1936247 -0.2687023 0.712558 0.6481205 0.05384773 0.8330696 0.5505413 0.08404719 0.6164664 0.7828827 -0.008604705 -0.6727906 0.739783 0.04459297 -0.8405256 0.5399336 -0.2581793 -0.8460488 0.4664173 0.1037895 0.9855172 0.1341028 0.1799442 0.9625925 0.2025731 0.09077054 0.9940602 0.06004154 0.0171163 0.9946281 0.1020892 -0.02382063 0.9966164 0.07866573 -0.01856142 0.9940016 0.1077792 -0.008809983 0.9993851 0.03393942 0.1036331 0.9855356 0.1340891 -0.0171597 0.9780926 0.207462 -0.02410811 0.9476548 0.3183855 -0.0171374 0.9780562 0.2076355 0.1746268 0.8569847 0.4848534 0.03480827 0.8951772 0.4443492 0.986604 0.1531016 -0.05632466 0.9846807 0.1743608 -0.00150901 0.9867557 0.1531281 0.05352711 0.9791861 0.1949971 -0.05631077 0.9793398 0.1950008 0.05355507 0 1 1.56777e-6 0.07635039 0.2878647 0.9546228 0.0545805 -0.04881793 0.9973153 0.126163 0.1530086 0.9801384 0.1262519 0.1529911 0.9801297 0.1825032 -0.2762491 0.9435991 0.3227759 -0.41188 0.8521565 0 -1 5.3133e-6 0 -1 -4.00157e-6 -0.9440596 -0.08203566 0.3194083 -0.7935349 -0.02345228 0.6080726 -0.8956132 0.02198076 0.4442905 -0.7085536 0.1083258 0.6972929 -0.7934885 -0.02335476 0.608137 -0.6819726 0.00784564 0.7313357 -0.9365265 0.04310196 -0.3479376 -0.5696708 0.01583462 -0.8217205 -0.7950623 -0.03054976 -0.605758 -0.5695325 0.01570093 -0.8218189 -0.3341694 0.09161633 -0.9380498 -0.07539409 0.02942776 -0.9967195 -0.188422 0.7449558 0.6399517 -0.3509443 0.8634033 0.3624539 0.05383205 0.8331694 0.5503917 0.01919579 0.9651605 0.2609537 -0.4145142 -0.1391811 0.8993368 -0.1900657 0.06317162 0.979737 -0.1900659 0.06317192 0.9797368 0.05294573 0.2593188 0.9643395 0.8250796 -0.2522622 0.5055765 0.9595661 -0.008290886 0.2813613 0.959558 -0.008261144 0.2813901 0.9595981 -0.008146405 0.2812562 0.9986165 -0.05204689 0.007503628 0.9646191 0.06028527 -0.2566629 0.0110417 0.9772813 -0.211659 -0.1212977 0.9893232 -0.0807861 -0.003825783 0.9999896 0.002477467 -0.003831982 0.9999896 0.00246334 -0.2079165 0.9676586 -0.1428548 -0.01576185 0.9998723 0.002647101 0.03041452 0.988476 -0.1482908 0.06255549 0.9978516 0.01946818 0.1764634 0.9678805 -0.1790759 0.06262147 0.9978476 0.01946645 0.1736662 0.9847366 -0.01157838 0.01890003 0.9993821 -0.0296365 0.004837214 0.9999345 -0.01037108 -0.01226371 0.9998957 -0.0076375 -0.009313464 0.999956 0.001197338 -0.01576304 0.9998722 0.00266385 -0.1213062 0.9893206 -0.08080565 -0.01872134 0.9996258 -0.01994705 0.03041613 0.9884642 -0.1483689 -0.02203279 0.8850891 -0.4649001 -0.1512704 0.9487366 -0.277518 -0.1716556 0.08765637 0.9812496 0.3801662 0.1656955 0.9099553 0.3801944 0.1656868 0.9099452 0.6124638 0.03119313 0.7898831 0.4825047 -0.01394343 0.8757824 0.3168339 0.01846688 0.9483013 -0.1047864 -0.05660295 0.9928826 -0.1048588 -0.05651783 0.9928799 0.1019223 -0.02548885 0.9944658 -0.2744741 -0.01621848 0.9614578 -0.1049445 -0.05658382 0.992867 -0.4884045 0.03394484 0.871957 -0.7934334 -0.02347123 0.6082043 0.1930727 0.5187723 0.8328256 0.1081277 0.3170043 0.9422404 0.1514427 0.6359308 0.7567411 0.1995773 0.5000373 0.8426932 0.1081226 0.3168503 0.9422926 0.09036684 0.332096 0.9389069 0.1515558 0.6359586 0.7566952 0.1654145 0.2879564 0.9432492 0.4038926 0.5627086 0.7212696 -0.1479582 -0.5348721 0.8318776 0.05674445 -0.4439481 0.894254 0.3386234 -0.3579125 0.8701913 0.3064092 -0.5231432 0.7952577 0.05677437 -0.4440333 0.8942098 0.2450835 -0.2724331 0.9304378 0.04264831 -0.09227871 0.9948195 -0.1758235 -0.2493836 0.9523098 -0.1569633 0.08387893 0.9840361 -0.5831907 0.1707762 0.7941815 -0.228616 0.1101004 0.9672707 -0.5913512 0.3796017 0.7114818 0.03473973 0.2859654 0.9576101 -0.7811965 -0.4694576 0.4115116 -0.3794218 -0.707041 0.5967682 -0.4923409 -0.4342956 0.7543129 -0.6216937 -0.6090419 0.4925088 -0.599781 -0.7351982 0.3158264 -0.3457804 -0.8748535 0.3392159 -0.07505267 -0.8227441 0.5634354 -0.04476553 -0.9374144 0.3453267 0.04559177 -0.8738505 0.4840525 -0.8234013 -0.4174251 0.3844044 -0.8683655 -0.4955543 0.01916801 -0.5484676 -0.8308714 0.09399956 -0.2008941 -0.9779311 0.05738103 -0.6602815 -0.3925364 -0.6402683 -0.450526 -0.5763354 -0.6818093 -0.6319616 -0.6363182 -0.4424068 -0.4313777 -0.7661446 -0.4763779 -0.5091411 -0.8342403 -0.2117043 -0.1704332 -0.9498577 -0.2621507 -0.0322448 -0.9986874 -0.03979742 -0.9949843 -0.04835128 0.0875706 -0.9658733 -0.06079381 -0.2517797 -0.9284557 -0.2552227 -0.2698733 -0.88909 -0.3142061 -0.3328568 -0.8862305 -0.1178039 -0.4480153 -0.737731 -0.1110064 -0.6659058 -0.4766493 -0.3070312 -0.8237339 -0.2101042 -0.5664214 -0.7968833 -0.168229 -0.8147097 -0.5549298 -0.07924968 -0.7909482 -0.6067293 -0.06653684 -0.8459417 -0.5291084 -0.0472427 -0.925163 -0.3766186 -0.04767513 -0.8798235 -0.4729035 -0.03905886 -0.9270249 -0.3729603 -0.8639513 -0.3527461 0.3593862 -0.9874687 -0.07882094 0.136722 -0.9245226 -0.3716792 0.08433657 -0.9949811 -0.04825496 0.08765953 -0.9009531 -0.432583 0.0339958 -0.734721 -0.6777847 -0.02815979 -0.7971218 -0.6034832 -0.02012401 -0.6320282 -0.6363091 -0.4423247 -0.8684021 -0.495497 0.01898783 -0.889086 -0.3143599 -0.3327223 -0.7789232 -0.3907907 -0.4904705 -0.2440361 -0.2798721 -0.9285032 -0.478384 -0.02528232 -0.8777867 -0.9658374 -0.06078076 -0.2519208 -0.9082248 0.1497108 -0.3907871 -0.6670554 0.1467118 -0.7304196 -0.9925214 -0.01574063 0.1210522 -0.9943829 -0.005442559 0.1057029 -0.9942742 -0.003778636 0.1067918 -0.9884822 -0.02740734 0.1488351 -0.9073527 -0.300997 0.2934484 -0.8639544 -0.3527346 0.35939 -0.8078483 -0.2264068 0.5441702 -0.8077626 -0.2264914 0.5442622 -0.8233568 -0.4173769 0.3845521 -0.4889141 -0.1450443 0.8601891 -0.2483034 -0.2682025 0.930813 -0.2487909 0.02558785 0.9682192 0.0124582 -0.007579028 0.9998937 -0.00756818 0.2692456 0.9630419 0.111683 0.2601075 0.9590991 -0.9944657 -0.104597 0.009872555 -0.9970931 0.01969158 0.07360422 -0.8706474 0.2105365 0.4445758 -0.8517292 0.01521617 0.5237615 -0.7892317 0.0122826 0.6139728 -0.6069468 0.02058613 0.7944759 -0.5081108 0.1297644 0.8514602 -0.7892207 0.01241517 0.6139842 -0.8254739 0.2676164 0.4969652 -0.2437103 -0.5285113 0.813192 0.02064144 -0.3146562 0.9489812 -0.04971617 -0.6364139 0.769744 0.09849154 -0.544325 0.8330725 0.1234131 -0.2396464 0.9629843 0.06691247 -0.8261772 0.559423 -0.04915434 -0.9911013 -0.1237022 -0.1045599 -0.5883408 -0.8018244 -0.1252788 -0.280351 -0.9516872 -0.1252647 -0.2168971 -0.9681242 -0.8014451 0.1784201 -0.5708345 -0.6688109 0.4050389 -0.6234064 -0.4702104 0.2678366 -0.8409315 -0.2315775 0.02200001 -0.9725677 -0.9424902 0.1176931 -0.3128269 -0.9907618 -7.24293e-4 -0.1356121 -0.9962714 0.04452461 0.0738973 -0.9933896 -0.00397551 0.1147231 -0.9056246 0.3605046 -0.22334 -0.900521 0.4346544 -0.01173752 -0.9055386 0.3606504 -0.2234531 -0.8633282 0.5041502 -0.02229565 -0.6370143 0.6402802 -0.4292483 -0.4797919 0.8459579 -0.2327124 -0.409644 0.7458561 -0.5252528 -0.1916813 0.8327654 -0.5193843 -0.2202727 0.6250143 -0.7488905 -0.07226777 0.826249 -0.5586502 -0.108023 0.5451112 -0.8313753 -0.9860913 0.08641141 0.141976 -0.9920982 0.006339371 0.1253044 -0.9965413 -0.05964201 0.05786335 -0.7869189 0.5421395 0.2946924 -0.4911052 0.6369455 0.5942358 -0.8254767 0.2677317 0.4968983 -0.2584326 0.3063398 0.9161707 -0.4828022 0.3918589 0.7831658 0.08146601 -0.8841795 0.4599891 0.0612939 -0.8490316 0.5247746 -0.002454638 -0.9283345 0.3717379 0.03109937 -0.9146203 0.4031162 0.004572212 -0.9678581 0.2514554 -0.01558893 -0.9930864 0.1163469 -0.04851841 -0.9971336 -0.05805611 -0.02436214 -0.9848952 0.1714287 -0.05876803 -0.9643415 -0.2580544 -0.1073077 -0.9443418 -0.3109723 -0.07009315 -0.9060202 -0.4173902 -0.07708674 -0.8663222 -0.4935014 -0.05935668 -0.8640277 -0.4999328 -0.2466469 -0.8898363 -0.3838707 0.116836 -0.9153452 -0.3853476 -0.120545 -0.2063379 -0.9710271 -0.1252826 -0.05521643 -0.9905834 -0.1252876 -0.2801912 -0.9517332 -0.1237369 0.0198841 -0.9921158 -0.1209957 -0.01266914 -0.9925722 -0.1142415 0.2919396 -0.9495895 -0.1205425 -0.2064083 -0.9710124 -0.1281913 4.18854e-4 -0.9917494 -0.4532997 0.5361002 -0.7121208 -0.22393 0.3467619 -0.9108301 -0.1258482 0.2472826 -0.960736 -0.9082451 0.1498298 -0.3906942 -0.1699124 0.9331043 -0.3169324 -0.6821703 0.7236033 -0.1050807 -0.2259869 0.9741281 -0.002138793 -0.05551469 0.967759 -0.2456843 -0.06402051 0.9207091 -0.3849626 -0.09666496 0.9385713 -0.3312702 -0.07736039 0.873515 -0.4806112 -0.07833343 0.8654949 -0.4947552 -0.07040429 0.839006 -0.5395481 -0.04919409 0.8840068 -0.4648784 -0.03823006 0.92972 -0.3662776 -0.02563232 0.976077 -0.2159092 -0.01234012 0.9741826 -0.2254241 0.004225671 0.9925675 -0.1216221 0.003719866 0.9544718 -0.298278 0.04151642 0.9984204 0.03785777 -0.4430941 0.8285083 0.342406 -0.2981553 0.7674303 0.5675863 -0.09993749 0.9500602 0.2956318 -0.02190375 0.998775 0.04437226 -0.04339838 0.9931007 -0.1089395 -0.03314918 0.9971541 0.06771093 -0.06520485 0.9841927 -0.1646603 -0.1854102 0.9670265 -0.1745936 -0.3235538 0.8678069 -0.3771264 -0.02204781 0.8851262 -0.4648286 0.2178976 0.9598307 -0.1767653 0.1736773 0.984734 -0.01162856 0.07913708 0.9964102 0.0300703 0.08802318 0.9540709 0.2863578 0.173748 0.9847224 -0.01155441 0.1298493 0.9660971 0.2231498 0.07355135 0.8930716 0.443862 0.02045983 0.9352236 0.3534659 -0.01944482 0.9411185 0.3375173 -0.1199383 0.9789747 0.1649953 -0.01952236 0.9411616 0.3373928 -0.1199524 0.9789763 0.1649758 -0.2658901 0.9580393 0.1070662 -0.6463779 0.379382 0.6620158 -0.2697926 0.5766371 0.771169 -0.02584499 0.8142253 0.5799734 0.03389507 0.9057349 0.4224873 0.006094992 0.9645823 0.2637119 -0.06551879 0.9924961 0.1032412 -0.007913649 0.5661837 0.8242412 0.0717442 0.7895191 0.6095182 0.06416785 0.848075 0.5259765 0.04598742 0.9259167 0.3749181 0.07346206 0.8835538 0.4625322 0.05302155 0.9274262 0.3702289 0.04328817 0.9693391 0.2418839 0.03418666 0.9918163 0.123011 0.0123068 0.9990994 -0.04060804 0.006118834 0.9982382 0.05901849 0.09470885 0.5882097 0.8031436 0.1213423 -0.004829227 0.992599 0.1179446 -0.3380569 0.9337059 0.04275959 -0.09228962 0.9948137 -0.09550112 -0.03745275 0.9947246 -0.156828 0.08397001 0.9840499 0.1225456 0.01214754 0.9923886 -0.123756 0.2312993 -0.9649794 -0.1258353 0.2473906 -0.9607098 -0.1142455 0.2921228 -0.9495326 -0.01800286 0.9915055 0.1288127 0.04391676 0.8672148 0.4959939 -0.2939926 0.7810124 -0.5509881 -0.3237447 0.8677253 -0.3771501 -0.5312436 0.8216559 -0.2065476 -0.3073645 0.9450388 -0.1114846 0.04291045 -0.9640144 0.2623641 0.02977961 -0.9720277 0.2329707 0.06110101 -0.9178901 0.3921027 0.068632 -0.8728122 0.4832064 0.1384897 -0.8997006 0.4139561 0.2398226 -0.9451389 0.2218057 0.066482 -0.9745732 0.2139799 -0.04846954 -0.9896022 0.1354187 -0.0328347 -0.8924464 0.4499571 1.0281e-4 -0.9415817 -0.3367848 -0.01695227 -0.9692197 -0.2456134 -0.008808255 -0.9982194 -0.05899518 0.02210557 -0.9990962 0.03630775 0.02478927 -0.997886 -0.06007641 0.003389656 -0.9918247 -0.1275629 0.03484964 -0.9924685 0.117439 0.148014 -0.9853832 0.08433246 0.1745204 -0.984202 -0.02981615 -0.0816273 -0.9929077 0.08643764 -0.1456306 -0.9868245 -0.07049334 -0.2870171 -0.9443993 -0.1604091 0.1195595 -0.9910147 -0.05996096 0.1007318 -0.9745966 -0.2000367 0.02820563 -0.9988576 0.03857326 -0.04003244 -0.9942837 -0.09898215 -0.1593905 -0.9764276 -0.1455468 -0.2468053 -0.8897986 -0.3838564 -0.2467756 -0.8897984 -0.3838758 -0.3123111 -0.9421778 -0.1215028 -0.4407178 -0.8885835 -0.1272291 0.1170006 -0.915335 -0.3853214 -0.06805866 -0.9952087 -0.07019704 -0.08152312 -0.9929144 0.08645772 0.01882231 -0.9995288 -0.02424865 -0.1645271 -0.9807608 -0.1050671 0.07175177 -0.9926959 -0.09698796 -0.06817352 -0.9951913 -0.07033342 0.1195425 -0.9910267 -0.05979722 0.05808919 -0.9794747 0.1930158 -0.03289848 -0.8924189 0.4500071 0.2399059 -0.9451233 0.2217819 0.9239985 -0.05904597 0.3778101 0.7704071 0.04397839 0.6360338 0.5248319 0.02396744 0.8508685 0.5247121 0.02403861 0.8509404 0.5247121 0.02403897 0.8509403 0.2672688 0.2235661 0.9373291 0.2320206 0.9714667 -0.04918086 0.09382778 0.9727001 0.2122521 0.1701267 0.7708522 0.6138762 0.1700755 0.7708283 0.6139203 0.1200474 0.8677886 0.4822154 0.03198021 0.6550014 0.7549507 0.1701555 0.7707936 0.6139416 -0.01556098 0.4627322 0.8863617 0.1262124 0.1530967 0.9801183 0.3228672 -0.4119851 0.8520711 0.1487102 -0.6129602 0.775993 0.1926533 -0.9024929 0.3852159 0.1925386 -0.9025259 0.3851959 0.09709417 -0.8071733 0.5822749 0.07049 -0.9717057 0.2254313 0.1926268 -0.9025239 0.3851566 -0.04577308 -0.9988495 0.01430326 0.08799785 -0.9071552 -0.4114922 -0.03822404 0.2436736 -0.9691039 -0.1360027 0.6125644 -0.7786324 -0.03450655 0.8297937 -0.5570025 -0.03456974 0.8298488 -0.5569165 -0.06416451 0.7497685 -0.658582 -0.1123881 0.922672 -0.368843 -0.03446024 0.8298618 -0.5569039 0.06851392 0.9820879 -0.1755257 0.2319186 0.9714826 -0.04934757 0.9760234 0.04808801 -0.212287 0.6765722 0.06183153 -0.7337759 0.7231377 0.3012263 -0.6215583 0.5491425 0.3597044 -0.7543576 0.5373263 0.08755391 -0.8388176 0.2543835 0.3160927 -0.9139883 -0.06780236 0.4159641 -0.9068499 -0.03829634 0.2435247 -0.9691384 -0.1655088 -0.04631239 -0.9851204 -0.02252453 -0.3885989 -0.9211317 -0.04552328 -0.5182099 -0.8540411 -0.1227545 -0.6778984 -0.7248346 -0.02243262 -0.3887096 -0.9210873 0.08800065 -0.907126 -0.4115561 0.48264 -0.01388657 0.8757088 0.6798765 -0.0592069 0.7309327 0.9145142 -6.62133e-5 0.404554 0.9145818 -1.50137e-4 0.404401 0.8434956 -0.01712799 0.5368632 0.9084345 -0.1342239 0.3958925 0.9919599 0.03263038 0.1222732 -0.8531184 -0.2053217 -0.4796166 -0.6841949 -0.03999418 -0.7282018 -0.6842017 -0.03997796 -0.7281963 -0.6840837 -0.03991615 -0.7283105 -0.684082 -0.03992015 -0.7283118 -0.4345875 0.1301481 -0.8911764 0.5129792 -0.1349834 -0.8477216 0.7024926 -0.002361476 -0.7116872 0.7024928 -0.002366483 -0.711687 0.841413 0.1303963 -0.5244244 -0.1277938 -0.3469336 -0.9291425 -0.4746922 -0.4645705 -0.7475571 -0.1106929 -0.6167904 -0.7793053 -0.1106736 -0.6168673 -0.7792471 -0.4122489 -0.489681 -0.7682859 -0.3504725 -0.7091556 -0.611774 0.8923508 -0.1379253 0.4297517 0.7363435 -0.01658391 0.6764047 0.7363483 -0.01656728 0.6763998 0.7362089 -0.01650339 0.6765532 0.7362194 -0.01646894 0.6765425 0.5066502 0.1065171 0.8555465 -0.4175552 -0.4527271 -0.7878362 -0.1277838 -0.346804 -0.9291923 -0.2450906 -0.2829893 -0.9272797 -0.1240832 -0.05257433 -0.9908781 -0.1401804 0.233829 -0.9621193 0.01179146 -0.03938341 0.9991546 -0.2485848 -0.2219582 0.9428363 -0.3846155 0.1431924 0.9119029 -0.489867 0.1319549 0.8617529 -0.310568 -0.1767748 0.9339691 -0.3395095 -0.005888342 0.9405843 -0.1884611 0.7094706 0.6790685 0.08406764 0.6164292 0.7829099 -0.21438 0.4889637 0.8455505 -0.2778567 0.4643774 0.8409217 0.08405798 0.6163367 0.7829837 0.1053172 0.3472817 0.9318283 -0.2131497 0.4524359 0.8659498 0.1053392 0.3471319 0.9318816 -0.01648384 0.2831433 0.958936 0.1216778 0.05344378 0.9911299 0.09719616 -0.233433 0.967503 -0.3867035 -0.04340034 -0.9211823 -0.6165704 -0.1228867 -0.7776502 -0.8101386 -0.06725746 -0.5823676 -0.8102197 -0.06738585 -0.5822399 -0.8102322 -0.06735861 -0.5822255 -0.9121425 -0.2458063 -0.3279871 0.01179087 0.9968549 0.07836705 -0.1492232 0.9409842 0.3037781 0.02118057 0.9904008 0.1365928 0.1830465 0.9555345 0.231188 0.1972442 0.979692 -0.03603559 0.4444012 0.8953604 -0.02894175 0.4349548 0.8401506 -0.3239777 0.6804822 0.7122656 -0.1721101 0.4350304 0.8401088 -0.3239845 0.7652148 0.6152974 -0.1893554 0.6725676 0.5363488 -0.5098851 -0.004939436 0.9925071 -0.122088 -0.01539039 0.9865124 -0.1629612 -0.006489872 0.9957615 -0.09174484 -0.2910913 0.9561502 0.03228926 -0.3511 0.8633688 0.3623854 -0.2542657 0.7581193 0.6005033 0.1948753 0.8317987 0.5197448 0.3819383 0.8860647 0.2627025 0.6435025 0.7495517 0.1551676 -0.3174223 0.9128069 -0.2569565 0.1016427 0.954597 -0.2800239 0.05956381 0.8025097 -0.5936585 0.3043982 0.7625316 -0.5708655 0.2750131 0.5766868 -0.7692856 0.4557151 0.6731695 -0.5823801 0.5491345 0.3598262 -0.7543053 0.001458108 0.9984411 -0.05579662 0.7225142 0.678658 0.1318971 0.01917421 0.9652017 0.2608029 -0.2990306 0.889936 0.3443758 -0.3481702 0.9362386 0.04727578 -0.01859337 0.9983123 -0.0550177 -0.3822902 0.8894749 -0.2503772 -0.01859533 0.9983053 -0.05514448 -0.3059346 0.9212975 -0.2400313 -0.05521279 0.929833 -0.3638162 -0.05527108 0.92977 -0.3639683 -0.3821542 0.88951 -0.2504597 -0.4214723 0.7452152 -0.5167353 -0.05522972 0.9297668 -0.3639825 -0.3443809 0.7827952 -0.5182987 -0.08873695 0.7667991 -0.635724 -0.08880251 0.7666782 -0.6358608 -0.4214437 0.7451979 -0.5167837 -0.4521503 0.5235987 -0.7220835 -0.08875501 0.7667064 -0.6358333 -0.3746508 0.5628074 -0.7368071 -0.1130828 0.5257055 -0.8431169 -0.1131692 0.5255467 -0.8432043 -0.4521774 0.5235395 -0.7221094 -0.4033716 0.249542 -0.8803523 -0.1131105 0.5256099 -0.8431729 -0.3164743 0.2357246 -0.918846 -0.1401175 0.2340283 -0.9620801 0.8252478 0.5327965 -0.1873336 0.7225748 0.678592 0.1319036 0.9905565 0.1024551 -0.09110814 0.9905652 0.1023761 -0.0911026 0.8718386 0.4887952 -0.03125673 0.9850823 0.1717442 0.01080447 0.9979387 0.0461955 -0.04454731 0.9905959 0.1115588 0.07921081 0.9845157 0.005826234 0.1751995 0.9720752 -0.1683682 0.1634689 0.8032127 -0.5778046 0.1448833 0.9880393 -0.1288284 -0.08474576 0.9497504 -0.1971269 0.2431358 0.9915929 -0.1051517 0.07540965 0.9880469 -0.128721 -0.08481985 0.9685287 -0.2166004 -0.1226235 0.9871267 -0.05675458 -0.1495326 0.9909093 0.007139444 -0.1343427 0.9910543 4.39519e-4 -0.1334584 0.9926939 0.004412353 -0.1205798 0.9935855 -0.00710541 -0.1128597 0.9880284 -0.1288754 -0.08480012 0.7635551 -0.6306478 0.1388058 0.7902867 -0.6000385 -0.1240998 0.8791177 -0.247549 -0.4072733 0.9702428 -0.1649761 -0.1772339 0.9940704 0.001647174 -0.1087265 0.9760568 0.04805052 -0.2121424 0.9671201 -0.04001682 -0.2511522 0.9085215 -0.1453344 -0.3917482 0.9918708 0.009336948 -0.1269062 0.991855 0.01753747 -0.1261591 0.8775847 0.3591283 -0.3176035 0.912042 0.3474395 -0.217865 0.9759688 0.04799866 -0.2125585 0.9684007 0.2012065 -0.1473639 0.9289079 0.1266967 -0.347963 0.5529061 0.6542476 0.5159991 0.4299216 0.7478695 0.5058248 0.007081866 0.03721255 0.9992823 0.2200465 0.3288567 0.9183861 -0.04770153 0.2976631 0.9534786 -0.1696894 0.3041093 0.9374024 -0.1408736 0.5434364 0.8275455 -0.2487581 -0.2219551 0.9427913 -0.1903641 -0.2783393 0.9414291 -0.1038676 0.02494215 0.9942784 -0.09955632 -0.2697547 0.9577687 0.2519257 -0.00110495 0.967746 0.4691717 0.2674528 0.8416335 -0.3476273 -0.329239 0.8779277 -0.2487502 -0.221997 0.9427835 -0.3315964 -0.4727396 0.816432 -0.2604942 -0.5235359 0.8112047 -0.2485861 -0.2220314 0.9428187 0.09387475 -0.5253006 0.8457227 -0.178376 -0.2496944 0.9517535 0.09723138 -0.2335981 0.9674596 0.09391522 -0.5253443 0.8456912 -0.282026 -0.74511 0.6043778 -0.2480136 -0.7594379 0.601451 -0.2149677 -0.5465222 0.809384 0.2672016 -0.5827119 0.7674961 0.2418267 -0.3073077 0.9203705 0.4675673 -0.2995024 0.8316725 0.4777123 -0.02614235 0.8781273 -0.3728968 -0.8515509 0.3685229 -0.003923833 -0.998364 0.0570423 -0.238278 -0.9212093 0.3075664 0.03410011 -0.9298524 0.3663492 0.03409844 -0.929788 0.3665129 -0.3094308 -0.8893877 0.3365148 -0.2818397 -0.7451782 0.6043806 -0.3460266 -0.9374592 0.03789508 -0.04541254 -0.9653201 -0.2570896 -0.3704463 -0.8914719 -0.2608591 -0.04544895 -0.9652751 -0.2572517 -0.2860774 -0.9570885 0.04627531 -0.2435489 -0.9135873 0.3256411 0.02736407 -0.9848918 0.1709948 0.1302938 -0.9582604 0.2544808 -0.4268852 -0.8643788 -0.2657415 -0.2166266 -0.9414541 -0.2583355 0.05965656 -0.8321977 -0.5512605 -0.3945962 -0.7576145 -0.5199176 -0.3947346 -0.7575814 -0.5198606 -0.489955 -0.8258844 -0.2790323 -0.4886682 -0.7053827 -0.5134577 -0.5313525 -0.4647431 -0.7082926 -0.5653484 -0.5619208 -0.6038429 -0.4924464 -0.6602542 -0.5670636 -0.421753 -0.7113605 -0.5622195 -0.4211533 -0.5436958 -0.7259647 -0.237726 -0.03681224 -0.9706345 0.04779934 -0.3179157 -0.9469134 -0.2786854 -0.2975476 -0.9131264 -0.4523199 0.5235241 -0.7220314 -0.4076639 0.5467942 -0.7313181 -0.417528 0.2771297 -0.8653724 -0.4173896 0.2771151 -0.865444 -0.3274115 0.5450977 -0.7717968 0.009783744 0.3066273 -0.9517794 -0.332781 0.2686612 -0.9039237 0.02025371 -0.01715362 -0.9996478 0.2261628 0.03300857 -0.9735301 0.3379685 -0.2102559 -0.9173711 0.5373355 0.08743411 -0.8388241 -0.523139 0.4722038 -0.7094712 -0.5556166 0.3280815 -0.7639716 -0.5281093 0.1764242 -0.8306474 -0.4700317 0.2216424 -0.8543681 -0.4175305 0.2770553 -0.8653952 -0.3442831 -0.02486532 -0.9385367 -0.5890583 0.1275002 -0.7979687 -0.5602919 0.004806041 -0.8282813 -0.6789228 -0.1329433 -0.7220733 -0.4216158 0.7451604 -0.5166974 -0.3879257 0.7597374 -0.5218361 -0.4075033 0.5468729 -0.7313489 0.03048467 0.583394 -0.811617 0.2543093 0.3160898 -0.9140098 0.415656 0.08153641 -0.9058598 0.388978 0.4236879 -0.8180371 0.6426694 -0.2258274 -0.7321053 0.3751271 -0.4806855 -0.7926041 0.9760239 0.048078 -0.2122879 0.7980569 -0.179029 -0.5753728 0.8238219 0.005188524 -0.5668251 0.6246267 0.07628846 -0.7771883 0.3751987 -0.4806555 -0.7925883 0.7350296 -0.2067282 -0.6457515 0.7251766 -0.4625423 -0.5100722 0.4557209 -0.6185028 -0.6401349 0.3192776 -0.7386227 -0.5937159 0.07784354 -0.6170198 -0.7830881 -0.3409335 -0.5427 -0.7676205 0.4377904 -0.8099921 -0.3901956 0.3244795 -0.8833767 -0.3381697 0.06446552 -0.9495462 -0.3069306 0.2471851 -0.9686389 -0.02526402 0.620342 -0.7783029 -0.0970599 0.6266934 -0.7598999 0.1726487 -0.01344573 -0.9891644 -0.1461955 0.01396799 -0.9993194 0.0341413 0.02862566 -0.9928319 0.116041 0.02103406 -0.9933533 0.1131672 0.02101778 -0.9933595 0.1131166 -0.007006585 -0.9973741 -0.07208281 0.7029806 -0.6926715 0.1613214 0.3976352 -0.8847584 0.2430823 0.4257788 -0.7676377 0.4790042 0.5992291 -0.6222661 0.5036959 0.8955407 -0.2745771 0.3501634 0.6947166 -0.1726344 0.6982595 0.5466511 -0.4971446 0.67381 0.700052 0.09349381 0.707945 0.222837 -0.7889397 0.5726411 -0.3095885 -0.889352 0.3364641 -0.00395739 -0.9983717 0.05690717 -0.1902019 -0.2784251 0.9414365 -0.2606458 -0.5235278 0.8111613 -0.3491338 -0.6984006 0.6247738 -0.2818578 -0.7451485 0.6044088 -0.2604874 -0.5236046 0.8111624 0.0682733 -0.7667661 0.6382857 0.5776308 0.4229608 0.6981741 0.4505684 0.5368234 0.7133083 0.2194363 0.6247196 0.749382 -0.2286253 0.5444452 0.8070378 -0.2688882 0.7125037 0.6481031 -0.3456658 0.7072411 0.6167052 -0.2544258 0.7580937 0.6004678 -0.4096775 0.8244749 0.3903917 0.5467206 -0.4971403 0.6737568 0.7392212 -0.5436392 0.3975028 0.9254769 -0.2271361 0.3031533 -0.451918 0.8514317 -0.2661473 -0.1037266 0.02506101 0.9942901 -0.16969 0.3040186 0.9374317 -0.3846111 0.1432703 0.9118925 -0.4898492 0.1321066 0.8617399 -0.24577 0.3378583 0.9085422 -0.3412933 0.4181444 0.8418279 -0.4898024 0.1321149 0.8617652 -0.2780301 0.4643133 0.8408998 -0.2164811 0.2595274 0.9411597 0.2621319 -0.9647085 -0.02498763 0.1074379 -0.9940438 -0.01828014 0.05726313 -0.998359 5.77026e-4 0.03712511 -0.9990043 -0.02474391 0.01803314 -0.999832 0.003320932 0.008181035 -0.9993184 0.03599679 0.05724513 -0.99836 5.8328e-4 0.008170962 -0.9993191 0.03598046 0.004131555 -0.9996987 0.02419537 0.03763341 -0.9989117 -0.02755117 0.9999954 0 0.003078103 -0.6810641 0.7319351 -0.0205605 -0.9046695 0.4259381 0.01224374 0.05897355 0.08395761 -0.9947228 -0.2723001 -0.2498561 -0.9292064 -0.1787574 -0.149985 -0.9723941 0.6779568 0.7238587 0.1280752 0.7007248 0.7084815 0.08389723 0.591771 0.6434955 0.4855109 -0.03844273 0.7417156 0.6696119 -0.1025611 0.48439 0.8688197 0.9964222 -0.08451479 -1.36904e-4 0.7043638 0.7097858 -0.008715033 0.6111131 0.7878259 0.07662421 0.7041402 0.7099891 -0.01010626 -0.9047228 0.4258235 0.01229321 -0.9468578 -0.257216 0.1931328 -0.9973675 0.0581299 0.04335087 0.1520704 0.9883677 0.001976907 0.6752503 -0.736621 0.0377705 0.2394727 -0.970821 0.01262784 0.2394976 -0.9708098 0.01300585 0.8455776 0.5127806 0.1485088 0.6558502 0.5450155 0.5223206 -0.191835 -0.9781277 -0.08040958 0.05217438 -0.4602623 0.8862486 -0.38271 1.73253e-5 0.9238685 -0.38271 -1.30953e-5 0.9238686 -0.7070336 0 0.70718 -0.7997759 -0.1434718 0.5829017 0.007102429 0.0305407 0.9995084 0.006563305 0.08374601 0.9964655 0.01959693 0.04052782 0.9989863 -0.01783382 0.01056057 0.9997853 0.007117927 0.03055149 0.9995079 0.007379114 0.003903269 0.9999653 0.007372856 0.003903388 0.9999652 -0.6840016 -0.7201296 -0.1164278 -0.7488554 -0.6558445 0.09530884 -0.6647684 -0.6380963 -0.3884792 -0.6057009 -0.7722995 -0.1915205 -0.6130363 -0.6587188 -0.4362064 -0.5141833 -0.5529338 -0.6556522 -0.6647578 -0.6380347 -0.3885987 -0.2724487 -0.2499564 -0.929136 -0.7783952 -0.5407377 0.3189102 -0.8597244 -0.5032659 0.08716368 -0.7351258 -0.6696545 0.1056078 -0.592087 -0.801272 0.08600139 -0.1885952 -0.9820549 2.18909e-4 0 1 0 0.01184189 0.9998969 0.008123099 -0.04579222 0.998944 0.003743052 -0.01137238 0.9997319 0.02017086 -0.008308112 0.9998392 0.01589596 0 1 3.43859e-6 0.1520639 0.9883688 0.001941502 -0.03743571 0.9992247 -0.01219964 0 1 -3.20645e-7 0.6006723 0.799423 -0.0107606 -0.08036547 0.9927698 -0.08915972 -0.2035113 0.978869 0.01997035 -0.4234728 0.9043071 0.0538485 -0.1025738 0.9946343 0.01346313 -0.009379148 0.9989478 0.04489302 0.02016204 0.9997831 0.005224585 0.02953541 0.9992161 -0.0263639 -0.009379029 0.9989478 0.0448932 0.02959072 0.9992832 0.0236144 0.05352669 0.9984141 -0.01744228 -0.9999986 0.001691102 1.00364e-5 -0.9995517 0.02987045 -0.002086937 -0.9976497 0.06781488 -0.009816467 -0.963396 0.2661436 -0.03218257 -0.9978907 0.06340587 0.01392132 -0.9997777 -0.01014739 -0.01848191 -0.9995517 0.02990728 0.001392781 -0.9988854 -0.0424236 -0.02069741 -0.9997761 -0.01014178 -0.01857447 -0.9988852 -0.04235351 -0.02084988 -0.9955286 0.007775068 -0.09413993 -0.999777 -0.01014345 -0.01852363 -0.9955286 0.007774114 -0.09414035 -0.9972031 0.0201658 -0.07196879 0.9994971 0.03171473 1.59876e-4 0.9990885 0.04267305 0.001105129 0.9999552 0.009465098 4.33598e-4 0.9997069 0.01823228 0.01593196 0.9999758 0.006945013 -6.13628e-4 0.9989338 0.006382226 -0.0457229 1 4.98948e-4 7.46586e-5 0.998996 0.0447902 -0.001024246 0.9042149 0.4145932 0.1025084 0.9929811 0.117676 0.01187497 0.9873871 0.1526989 -0.04183232 0.9874133 0.1525171 -0.04187548 -0.5824903 -0.8127755 -0.01005589 -0.5744541 -0.8184621 -0.01105648 -0.574442 -0.8184707 -0.01105815 -0.5664815 -0.8239865 -0.01204884 0.3834601 -0.01865774 -0.923369 0.7072939 0 -0.7069196 0.7072936 0 -0.70692 -0.06392323 0.00626564 0.9979352 -0.001569211 -0.1617808 0.9868255 -0.01711916 -0.242936 0.9698913 0.2566488 -0.4540315 0.8532215 -0.01918965 0.04021596 0.9990068 0.00384885 0.01570302 0.9998694 -0.06394475 0.006281077 0.9979338 0.003868281 0.01567763 0.9998697 0.0269261 -0.007985353 0.9996056 0.2394232 -0.9708285 0.01299238 -4.4032e-5 -1 -5.21719e-4 0.1642271 -0.9859837 0.02942293 -0.02058631 -0.9995731 0.02073115 -0.02060419 -0.9995723 0.02075815 -0.01778805 -0.9995391 0.0246042 -0.05311995 -0.9957038 0.07584315 -0.1885603 -0.9820617 2.52193e-4 -0.503824 -0.8638063 2.45206e-4 -0.04836213 -0.002268731 0.9988273 -0.20979 -0.05156809 0.9763856 -0.3325867 0.03397512 0.9424605 -0.3327556 0.03527694 0.9423531 -0.2098718 -0.05158543 0.9763672 -0.6448686 0.001326918 0.7642925 -0.6442313 0.002437949 0.764827 -0.1237763 0.06855052 0.9899395 -0.1209751 -0.06985688 0.9901944 0.8886749 -0.4373336 -0.1378272 0.8183299 -0.5708314 -0.06699216 0.7866817 -0.6127249 -0.07549923 0.7223662 -0.6901689 -0.04305917 0.7177478 -0.6902523 -0.09159672 0.6779705 0.7238791 0.1278873 0.6987472 0.7145833 -0.03351235 -0.2536378 -0.1691094 -0.9524022 -0.1275683 -0.1028399 -0.9864838 -0.08527344 -0.06851315 -0.9939992 0.252874 -0.0123375 -0.9674206 -0.08521419 -0.06847512 -0.9940069 1.73282e-4 -0.01722604 -0.9998517 -8.59081e-4 0 -0.9999997 -0.10259 0.4842348 0.8689029 -0.07695126 0.09529441 0.9924704 -0.05128842 0.06352108 0.9966618 0.001215934 0.007831513 0.9999686 -0.05125755 0.06348693 0.9966655 -0.251797 0.005583345 0.967764 -0.3825616 0 0.92393 0.9272366 -0.3732509 0.03026878 0.9816188 -0.190227 0.01543635 0.9965419 -0.0828399 -0.006468832 0.9816533 -0.190051 0.01540935 1.29042e-4 -0.03392899 -0.9994243 0.05893582 0.02710062 -0.9978939 0.0635125 0.04570662 -0.9969339 0.0949549 0.08531737 -0.9918188 0.0724982 0.08274316 -0.9939305 0.1721346 0.2094553 -0.9625478 0.0590555 0.08406054 -0.9947091 0.08932572 0.1277217 -0.9877794 0.08923572 0.1276203 -0.9878006 0.05898219 0.08399569 -0.994719 0.001766502 0.02034771 -0.9997914 -7.31157e-5 -0.4780281 -0.8783446 -0.2354404 -0.260368 -0.9363633 -0.1670933 -0.1746563 -0.9703479 -0.244137 -0.01079058 -0.9696807 -0.03132957 -0.006109833 -0.9994905 0.9989302 0.006372272 -0.04580289 0.8673537 -0.01024568 -0.4975869 0.9255263 0.09833139 -0.3656941 0.8008906 -0.006653547 -0.5987739 0.8672536 -0.0102058 -0.4977623 0.6448705 -8.04367e-4 -0.7642915 0.6442331 3.36419e-4 -0.7648292</float_array>
          <technique_common>
            <accessor source="#es165rd-a00_lk1_1-mesh-normals-array" count="11491" stride="3">
              <param name="X" type="float"/>
              <param name="Y" type="float"/>
              <param name="Z" type="float"/>
            </accessor>
          </technique_common>
        </source>
        <vertices id="es165rd-a00_lk1_1-mesh-vertices">
          <input semantic="POSITION" source="#es165rd-a00_lk1_1-mesh-positions"/>
        </vertices>
        <triangles material="Surface_3_003-material" count="504">
          <input semantic="VERTEX" source="#es165rd-a00_lk1_1-mesh-vertices" offset="0"/>
          <input semantic="NORMAL" source="#es165rd-a00_lk1_1-mesh-normals" offset="1"/>
          <p>2574 0 2575 1 2576 2 2576 3 2575 4 2577 5 2576 6 2577 7 2578 8 2579 9 2580 9 2581 9 2582 10 2583 11 2584 12 2580 13 2579 13 2585 13 2586 14 2587 14 2588 14 2589 15 2590 16 2591 17 2590 18 2592 19 2591 20 2591 21 2592 22 2593 23 2591 17 2593 24 2589 15 2588 25 2594 26 2586 27 2595 28 2586 29 2594 30 2586 31 2595 32 2587 31 2596 33 2597 33 2598 33 2599 34 2600 35 2601 36 2602 37 2603 38 2604 39 2604 39 2603 38 2605 40 2604 39 2605 40 2601 36 2601 36 2605 40 2606 41 2601 36 2606 41 2599 34 2602 37 2607 42 2603 38 2607 42 2602 37 2608 43 2608 43 2602 37 2609 44 2608 43 2609 44 2610 45 2610 45 2609 44 2611 46 2610 45 2611 46 2612 47 2610 45 2613 48 2608 43 2608 49 2613 50 2614 51 2615 52 2616 53 2617 54 2617 55 2616 56 2606 41 2617 55 2606 41 2605 40 2618 57 2609 58 2602 59 2602 59 2604 60 2618 57 2618 57 2604 60 2619 61 2618 57 2619 61 2620 62 2604 63 2601 64 2619 65 2597 66 2596 66 2621 66 2622 67 2594 68 2623 69 2594 70 2622 71 2595 72 2624 73 2625 74 2626 73 2627 75 2628 76 2629 77 2630 78 2622 79 2583 80 2583 81 2622 82 2631 83 2632 84 2630 85 2583 86 2587 87 2595 88 2633 89 2633 89 2595 88 2632 84 2633 89 2632 84 2634 90 2634 90 2632 84 2583 86 2635 91 2636 92 2637 93 2638 94 2639 94 2640 94 2641 95 2642 96 2643 97 2644 98 2645 99 2625 100 2645 101 2644 102 2646 103 2646 103 2643 104 2645 101 2645 105 2643 106 2642 107 2645 108 2642 109 2647 110 2642 111 2648 112 2647 113 2625 114 2645 115 2647 115 2649 116 2650 116 2651 116 2652 117 2653 118 2654 119 2653 120 2652 121 2655 122 2652 123 2654 123 2655 124 2656 125 2657 126 2658 127 2659 128 2660 129 2658 127 2658 127 2660 129 2661 130 2658 127 2661 130 2656 125 2660 129 2662 131 2661 130 2661 130 2662 131 2663 132 2661 133 2663 134 2664 135 2665 136 2640 136 2639 137 2629 138 2666 139 2627 140 2667 141 2668 142 2669 143 2670 144 2671 144 2672 144 2673 145 2674 146 2675 146 2653 147 2655 148 2588 149 2679 150 2680 151 2681 152 2680 153 2679 154 2682 155 2676 156 2678 156 2677 156 2683 157 2684 158 2685 159 2686 160 2687 161 2688 162 2689 163 2690 164 2691 165 2692 166 2693 167 2694 168 2695 169 2696 170 2697 171 2646 172 2698 173 2697 171 2697 171 2698 173 2694 174 2697 171 2694 174 2695 169 2643 175 2646 172 2697 171 2643 176 2699 177 2641 178 2643 179 2697 180 2699 180 2693 181 2695 182 2694 183 2700 184 2701 184 2702 185 2702 186 2703 187 2700 187 2704 188 2705 188 2706 188 2707 189 2708 190 2709 190 2710 191 2711 191 2712 191 2711 192 2713 193 2714 194 2715 195 2716 195 2717 195 2690 196 2689 197 2718 198 2664 199 2719 200 2720 201 2710 202 2721 203 2711 204 2689 205 2722 206 2723 207 2724 208 2725 208 2577 209 2577 210 2726 210 2724 210 2727 211 2728 211 2722 211 2722 212 2689 213 2727 214 2729 215 2730 216 2582 217 2582 217 2584 218 2729 215 2729 215 2584 218 2583 219 2729 220 2583 221 2631 222 2678 223 2659 224 2658 225 2658 225 2677 226 2678 223 2678 227 2677 228 2731 229 2678 223 2731 230 2659 224 2732 231 2733 232 2734 233 2733 234 2627 235 2734 236 2734 237 2627 238 2666 239 2734 240 2666 241 2732 242 2735 243 2736 244 2596 245 2621 246 2627 247 2735 243 2735 243 2627 247 2733 248 2735 243 2733 248 2736 244 2596 249 2737 250 2621 246 2621 246 2737 250 2628 251 2621 246 2628 251 2627 247 2738 252 2739 253 2740 254 2739 255 2741 256 2740 254 2740 254 2741 256 2742 257 2740 254 2742 257 2738 252 2743 258 2744 259 2745 260 2745 261 2620 262 2743 263 2743 264 2620 265 2619 266 2743 264 2619 266 2744 267 2746 268 2726 269 2707 270 2707 271 2709 272 2746 273 2746 273 2709 272 2724 274 2746 273 2724 274 2726 275 2747 276 2748 277 2749 278 2747 279 2750 280 2748 281 2748 281 2750 280 2751 282 2748 281 2751 282 2752 283 2656 284 2753 285 2754 286 2754 286 2753 285 2749 287 2754 286 2749 287 2755 288 2755 288 2749 287 2756 289 2755 288 2756 289 2757 290 2749 287 2753 285 2747 291 2747 291 2753 285 2758 292 2747 291 2758 292 2759 293 2759 293 2760 294 2747 291 2747 295 2760 296 2750 297 2749 287 2761 298 2756 289 2757 290 2756 289 2582 299 2582 299 2756 289 2741 300 2582 299 2741 300 2762 301 2762 301 2741 300 2739 302 2762 301 2739 302 2763 303 2763 303 2739 302 2764 304 2763 303 2764 304 2765 305 2582 306 2762 307 2583 308 2583 308 2762 307 2656 284 2762 307 2657 309 2656 284 2754 286 2633 310 2656 284 2656 284 2633 310 2634 311 2656 284 2634 311 2583 308 2754 286 2755 288 2766 312 2640 313 2767 314 2638 315 2640 313 2700 316 2767 314 2767 314 2700 316 2703 317 2767 314 2703 318 2638 315 2641 319 2695 320 2636 321 2636 321 2695 320 2732 322 2636 321 2732 322 2768 323 2768 323 2732 322 2666 324 2768 323 2666 324 2629 325 2636 321 2612 326 2611 327 2648 328 2642 329 2611 327 2611 327 2642 329 2641 319 2611 327 2641 319 2636 321 2745 330 2744 331 2769 332 2769 332 2744 331 2590 333 2769 332 2590 333 2745 330 2745 330 2590 333 2648 328 2745 330 2648 328 2611 327 2590 333 2744 331 2592 334 2592 334 2744 331 2600 335 2592 334 2600 335 2599 336 2590 333 2770 337 2771 338 2668 339 2667 340 2771 338 2771 338 2667 340 2772 341 2771 338 2772 341 2590 333 2590 333 2772 341 2648 328 2732 322 2695 320 2771 338 2771 338 2695 320 2668 339 2695 320 2641 319 2696 342 2629 325 2773 343 2774 344 2774 344 2773 343 2768 323 2774 344 2768 323 2629 325 2673 345 2775 346 2776 347 2776 348 2775 349 2777 350 2599 351 2606 352 2592 353 2592 354 2606 355 2778 356 2601 357 2600 358 2779 359 2779 359 2600 358 2744 360 2590 361 2780 362 2770 363 2770 363 2780 362 2781 364 2733 365 2732 366 2736 367 2736 368 2732 369 2771 370 2636 371 2635 372 2612 373 2612 373 2635 372 2610 374 2667 375 2624 376 2772 377 2772 378 2624 379 2626 380 2782 381 2745 382 2609 383 2609 384 2745 385 2611 386 2630 387 2632 388 2622 389 2622 390 2632 391 2595 392 2764 393 2783 394 2765 395 2765 395 2783 394 2731 396 2784 397 2731 396 2714 398 2714 398 2731 396 2783 394 2714 398 2783 394 2711 399 2656 400 2661 401 2753 402 2753 403 2661 404 2785 405 2708 406 2707 407 2786 408 2786 408 2707 407 2787 409 2783 410 2764 411 2788 412 2788 412 2764 411 2739 413 2707 414 2726 415 2787 416 2787 417 2726 418 2789 419 2700 420 2640 421 2701 422 2701 423 2640 424 2665 425 2790 426 2791 427 2638 428 2638 429 2791 430 2639 431 2792 432 2768 433 2793 434 2793 435 2768 436 2773 437 2703 438 2702 439 2794 440 2794 441 2702 442 2795 443 2638 444 2703 445 2790 446 2790 446 2703 445 2794 447 2697 448 2696 449 2699 450 2699 450 2696 449 2641 451 2755 452 2675 453 2766 454 2766 454 2675 453 2674 455 2655 456 2754 457 2674 458 2674 458 2754 457 2766 459 2673 460 2776 461 2674 458 2674 458 2776 461 2796 462 2674 458 2796 462 2655 456 2675 463 2755 464 2673 465 2673 465 2755 464 2757 466 2797 467 2763 468 2731 469 2731 470 2763 471 2765 472 2762 473 2798 474 2657 475 2657 476 2798 477 2658 478 2799 479 2761 480 2800 481 2800 481 2761 480 2749 482 2691 483 2801 484 2689 485 2689 486 2801 487 2802 488 2761 489 2799 490 2756 491 2756 491 2799 490 2721 492 2713 493 2711 494 2803 495 2803 496 2711 497 2721 492 2803 496 2721 492 2685 498 2685 498 2721 492 2799 490 2685 498 2799 490 2683 499 2718 500 2804 501 2690 502 2690 503 2804 504 2805 505 2756 506 2721 507 2741 508 2741 509 2721 510 2806 511 2807 512 2750 513 2808 514 2808 515 2750 516 2760 517 2719 518 2759 519 2809 520 2809 520 2759 519 2758 521 2810 522 2725 523 2709 524 2709 525 2725 526 2724 527 2575 528 2810 529 2708 530 2708 530 2810 529 2709 531 2758 532 2753 533 2811 534 2811 534 2753 533 2785 535 2726 536 2577 537 2789 538 2789 538 2577 537 2812 539 2813 540 2798 541 2814 542 2814 543 2798 544 2762 545 2814 543 2762 545 2763 546 2775 547 2631 548 2777 549 2777 550 2631 551 2622 552 2777 550 2622 552 2623 553 2791 554 2795 555 2639 556 2639 556 2795 555 2702 557 2639 558 2702 559 2681 560 2706 561 2705 562 2815 563 2815 564 2705 565 2816 566 2705 567 2704 568 2816 569 2816 570 2704 571 2817 572 2649 573 2670 574 2650 575 2650 575 2670 574 2672 576 2673 465 2757 466 2730 577 2730 577 2757 466 2582 578 2693 579 2669 580 2695 581 2695 582 2669 583 2668 584 2670 585 2649 586 2671 587 2671 587 2649 586 2651 588 2799 589 2818 590 2683 591 2683 591 2818 590 2808 592 2819 593 2805 594 2820 595 2820 595 2805 594 2804 596 2801 597 2819 598 2802 599 2802 600 2819 601 2820 602 2821 603 2706 604 2822 605 2822 606 2706 607 2815 608 2704 609 2821 610 2817 611 2817 612 2821 613 2822 614 2579 615 2581 616 2823 617 2823 617 2581 616 2824 618 2580 619 2585 620 2824 621 2824 622 2585 623 2823 624 2729 625 2631 626 2730 627 2730 627 2631 626 2775 628 2730 627 2775 628 2673 629 2781 630 2823 631 2616 632 2616 632 2823 631 2585 633 2616 632 2585 633 2606 634 2606 634 2585 633 2579 635 2606 636 2579 637 2593 638 2593 638 2579 637 2823 639 2593 638 2823 639 2589 640 2589 641 2823 631 2781 630 2735 642 2825 643 2621 644 2621 645 2825 646 2597 647 2825 648 2735 649 2598 650 2598 650 2735 649 2596 651 2777 652 2623 653 2776 654 2776 654 2623 653 2594 655 2776 654 2594 655 2796 656 2796 656 2594 655 2588 657 2796 656 2588 657 2655 658 2636 659 2768 660 2637 661 2637 662 2768 663 2792 664 2637 662 2792 664 2635 665 2624 666 2826 667 2625 668 2625 669 2826 670 2644 671 2827 672 2828 673 2829 674 2829 674 2828 673 2830 675 2831 676 2832 677 2830 678 2830 678 2832 677 2829 679 2792 680 2828 681 2635 682 2635 682 2828 681 2831 683 2828 684 2793 685 2830 686 2830 687 2793 688 2613 689 2830 687 2613 689 2831 683 2831 683 2613 689 2610 690 2831 683 2610 690 2635 682 2828 691 2827 692 2831 693 2831 693 2827 692 2832 694 2626 695 2625 696 2772 697 2772 698 2625 699 2647 700 2772 698 2647 700 2648 701 2760 702 2759 703 2787 704 2787 705 2759 706 2719 707 2787 705 2719 707 2786 708 2787 709 2789 710 2760 711 2760 712 2789 713 2812 714 2786 708 2719 707 2812 714 2812 714 2719 707 2808 715 2812 714 2808 715 2760 712 2719 707 2833 716 2808 715 2808 715 2833 716 2684 717 2808 718 2684 719 2683 720 2663 721 2833 716 2664 722 2664 722 2833 716 2719 707 2667 723 2834 724 2624 725 2624 725 2834 724 2835 726 2624 727 2835 728 2826 729 2667 730 2669 731 2834 732 2834 732 2669 731 2836 733 2834 724 2836 734 2835 726 2679 735 2681 736 2837 737 2837 738 2681 739 2838 740 2837 741 2839 742 2679 743 2679 743 2839 742 2682 744 2655 745 2654 746 2754 747 2754 748 2654 749 2587 750 2754 751 2587 752 2633 753 2839 754 2840 755 2682 756 2682 756 2840 755 2680 757 2660 758 2659 759 2784 760 2784 761 2659 762 2731 763 2795 764 2791 765 2628 766 2628 766 2791 765 2790 767 2628 766 2790 767 2629 768 2629 768 2790 767 2773 769 2770 770 2781 771 2771 772 2771 772 2781 771 2736 773 2616 774 2615 775 2841 776 2614 777 2613 778 2842 779 2842 780 2613 781 2793 782 2842 780 2793 782 2843 783 2790 767 2794 764 2773 769 2773 784 2794 764 2795 764 2773 785 2795 764 2793 786 2793 782 2795 764 2628 766 2793 782 2628 766 2843 783 2843 783 2628 766 2737 787 2843 783 2737 787 2844 788 2844 788 2737 787 2596 789 2844 788 2596 789 2845 790 2845 790 2596 789 2736 773 2845 790 2736 773 2841 791 2841 791 2736 773 2781 771 2841 791 2781 771 2616 792 2644 793 2826 794 2646 795 2646 795 2826 794 2835 796 2646 795 2835 796 2698 797 2698 797 2835 796 2836 798 2698 797 2836 798 2694 799 2681 800 2702 801 2838 802 2838 802 2702 801 2701 803 2838 802 2701 803 2840 804 2840 804 2701 803 2665 805 2840 806 2665 807 2680 808 2680 809 2665 810 2639 811 2680 812 2639 813 2681 814 2846 815 2847 816 2848 817 2848 817 2847 816 2662 818 2848 817 2662 818 2849 819 2849 819 2662 818 2660 820 2849 819 2660 820 2850 821 2850 821 2660 820 2676 822 2850 821 2676 822 2716 823 2716 823 2676 822 2803 824 2716 823 2803 824 2717 825 2717 825 2803 824 2685 826 2717 825 2685 826 2848 817 2848 817 2685 826 2684 827 2848 817 2684 827 2846 815 2846 815 2684 827 2833 828 2846 815 2833 828 2663 829 2663 830 2662 818 2847 816 2676 822 2660 820 2784 831 2803 824 2676 822 2713 832 2713 832 2676 822 2784 831 2713 832 2784 831 2714 833 2715 834 2717 825 2848 817 2849 819 2850 821 2851 835 2716 823 2715 834 2850 821 2850 821 2715 834 2852 836 2850 821 2852 836 2851 835 2852 836 2715 834 2853 837 2853 837 2715 834 2848 817 2853 837 2848 817 2854 838 2854 838 2848 817 2849 819 2854 838 2849 819 2855 839 2855 839 2849 819 2851 835 2687 840 2686 841 2856 842 2856 842 2686 841 2728 843 2856 842 2728 843 2727 844 2690 845 2805 846 2691 847 2691 847 2805 846 2857 848 2691 847 2857 848 2801 849 2801 849 2857 848 2805 846 2801 850 2805 851 2819 852 2840 853 2839 854 2838 855 2838 855 2839 854 2837 856 2693 857 2692 858 2858 859 2858 859 2692 858 2694 860 2858 859 2694 860 2836 861 2712 862 2711 863 2859 864 2859 864 2711 863 2783 865 2859 864 2783 865 2710 866 2720 867 2860 868 2861 869 2861 869 2860 868 2661 870 2861 871 2661 872 2664 873 2575 874 2574 875 2810 876 2810 876 2574 875 2862 877 2810 878 2862 879 2725 880 2725 880 2862 879 2578 881 2725 880 2578 881 2577 882 2863 883 2862 884 2864 885 2864 885 2862 884 2574 886 2861 887 2847 888 2720 889 2720 889 2847 888 2846 890 2723 891 2865 892 2689 893 2689 894 2865 895 2718 896 2577 897 2575 898 2812 899 2812 900 2575 901 2708 902 2812 900 2708 902 2786 903 2664 904 2663 905 2861 906 2861 906 2663 905 2847 907 2866 908 2578 909 2863 910 2863 910 2578 909 2862 911 2663 912 2664 913 2846 914 2846 914 2664 913 2720 915 2867 916 2688 917 2865 918 2865 919 2688 920 2804 921 2865 922 2804 923 2718 924 2864 925 2868 926 2863 927 2863 927 2868 926 2866 928 2578 929 2866 930 2576 931 2576 932 2866 933 2868 934 2864 935 2574 936 2868 937 2868 937 2574 936 2576 938 2804 939 2688 940 2820 941 2820 942 2688 943 2687 944 2820 945 2687 946 2802 947</p>
        </triangles>
        <triangles material="Surface_1_008-material" count="7120">
          <input semantic="VERTEX" source="#es165rd-a00_lk1_1-mesh-vertices" offset="0"/>
          <input semantic="NORMAL" source="#es165rd-a00_lk1_1-mesh-normals" offset="1"/>
          <p>0 948 1 949 2 950 2 951 1 952 3 953 2 954 3 955 4 956 4 957 3 958 5 959 4 957 5 959 6 960 6 961 7 962 4 963 8 964 9 965 10 966 10 966 9 965 11 967 11 968 12 969 10 970 10 970 12 969 13 971 10 970 13 971 14 972 15 973 10 970 14 972 16 974 0 975 8 976 8 977 0 978 2 979 8 964 2 980 9 965 17 981 18 981 19 981 18 982 17 982 20 982 21 983 22 983 23 983 24 984 25 984 26 984 27 985 28 985 29 985 30 986 31 987 32 988 33 989 34 990 32 991 32 991 34 990 35 992 32 993 35 994 30 995 36 996 26 997 37 997 38 998 39 998 40 998 41 999 42 1000 43 1001 25 1002 24 1002 44 1002 45 1003 46 1004 47 1004 48 1005 49 1006 50 1007 26 1008 36 1008 24 1008 29 1009 40 1009 27 1009 51 1010 48 1011 52 1012 53 1013 54 1013 55 1013 56 1014 50 1015 49 1016 49 1017 57 1018 56 1019 58 1020 59 1021 60 1022 40 1023 29 1023 38 1023 61 1024 62 1024 63 1024 50 1025 56 1026 64 1027 65 1028 66 1028 67 1028 61 1029 63 1029 68 1029 61 1030 68 1030 62 1030 49 1031 48 1032 69 1033 70 1034 71 1035 72 1036 73 1037 74 1037 75 1037 74 1038 73 1038 76 1038 77 1039 78 1040 79 1041 80 1042 81 1043 82 1044 83 1045 84 1045 85 1045 86 1046 87 1046 88 1046 87 1047 86 1047 89 1047 76 1048 90 1048 74 1048 91 1049 92 1049 93 1049 94 1050 95 1051 96 1051 97 1052 98 1052 99 1052 72 1053 100 1054 70 1055 101 1056 102 1056 103 1056 104 1057 105 1058 106 1059 104 1057 106 1059 107 1060 107 1060 106 1059 54 1061 107 1060 54 1061 53 1062 108 1063 109 1063 110 1063 111 1064 85 1064 112 1064 85 1065 111 1065 83 1065 113 1066 114 1067 115 1067 109 1068 108 1068 116 1068 117 1069 118 1070 115 1071 119 1072 120 1073 114 1074 114 1074 120 1073 121 1075 114 1074 121 1075 115 1071 115 1071 121 1075 122 1076 115 1071 122 1076 117 1069 119 1072 114 1074 123 1077 92 1078 91 1078 124 1078 125 1079 126 1080 127 1080 113 1081 128 1082 129 1083 130 1084 131 1085 132 1086 45 1087 133 1088 46 1089 46 1089 133 1088 134 1090 46 1089 134 1090 132 1091 132 1091 134 1090 135 1092 132 1091 135 1092 130 1093 132 1094 131 1094 136 1094 137 1095 109 1096 138 1097 116 1098 138 1098 109 1098 138 1099 116 1099 139 1099 125 1100 140 1101 126 1102 141 1103 64 1103 142 1103 95 1104 94 1105 51 1106 94 1107 143 1108 51 1109 115 1110 144 1111 113 1112 33 1113 142 1114 145 1115 146 1116 147 1117 148 1118 149 1119 150 1119 151 1120 149 1119 151 1120 152 1121 152 1121 151 1120 104 1122 152 1121 104 1122 107 1123 128 1124 113 1125 144 1126 153 1127 154 1128 155 1129 156 1130 157 1130 158 1130 153 1131 147 1132 159 1133 160 1134 161 1135 162 1136 160 1134 162 1136 163 1137 163 1138 162 1139 36 1140 163 1141 36 1142 44 1143 31 1144 24 1145 32 1146 32 1146 24 1145 36 1147 32 1148 36 1149 164 1150 164 1151 36 1152 162 1153 164 1154 162 1155 161 1156 165 1157 166 1158 31 1144 31 1144 166 1158 44 1159 31 1144 44 1159 24 1145 167 1160 168 1161 31 1144 31 1144 168 1161 89 1162 31 1144 89 1162 165 1157 169 1163 170 1164 167 1160 167 1160 170 1164 86 1165 167 1160 86 1165 168 1161 169 1163 167 1160 171 1166 172 1167 170 1164 165 1168 165 1168 170 1164 169 1163 172 1169 89 1170 173 1171 173 1171 89 1170 86 1172 173 1173 86 1165 170 1164 174 1174 166 1158 175 1175 175 1175 166 1158 165 1157 8 1176 10 1177 175 1175 175 1175 10 1177 103 1178 175 1175 103 1178 174 1174 174 1174 103 1178 176 1179 163 1180 101 1181 15 1182 15 1182 101 1181 103 1183 15 1184 103 1178 10 1177 176 1179 103 1178 102 1185 44 1159 166 1158 102 1186 102 1186 166 1158 176 1187 159 1188 147 1189 146 1190 177 1191 178 1191 179 1191 180 1192 181 1193 182 1194 183 1195 184 1196 185 1197 137 1198 186 1199 187 1199 188 1200 189 1201 190 1201 191 1202 192 1202 193 1202 186 1203 137 1203 194 1203 182 1204 195 1205 192 1205 196 1206 197 1206 63 1206 198 1207 146 1208 148 1209 199 1210 200 1211 201 1212 202 1213 203 1213 204 1213 205 1214 206 1215 207 1216 205 1217 207 1218 210 1219 139 1220 110 1220 138 1220 172 1221 165 1222 89 1223 206 1224 205 1225 211 1226 212 1227 183 1228 185 1229 153 1230 159 1231 154 1232 213 1233 214 1234 199 1233 196 1235 63 1236 62 1237 63 1238 197 1239 68 1240 68 1240 197 1239 62 1237 209 1241 196 1235 215 1242 215 1242 196 1235 62 1237 215 1242 62 1237 216 1243 216 1243 62 1237 197 1239 215 1242 217 1244 209 1241 209 1241 217 1244 197 1245 209 1241 197 1245 196 1246 218 1247 219 1247 220 1247 221 1248 222 1249 223 1250 224 1251 225 1252 226 1253 226 1253 225 1252 227 1254 226 1253 227 1254 228 1255 224 1251 229 1256 225 1252 225 1252 229 1256 230 1257 225 1252 230 1257 227 1254 227 1254 230 1257 231 1258 229 1256 232 1259 230 1257 230 1257 232 1259 233 1260 230 1257 233 1260 234 1261 234 1261 233 1260 235 1262 232 1259 236 1263 233 1260 233 1260 236 1263 237 1264 233 1260 237 1264 235 1262 235 1265 237 1264 238 1266 235 1265 238 1266 239 1267 237 1264 236 1263 240 1268 237 1264 240 1268 241 1269 241 1269 240 1268 242 1270 241 1269 242 1270 243 1271 243 1271 242 1270 244 1272 243 1271 244 1272 245 1273 244 1272 246 1274 245 1273 245 1273 246 1274 247 1275 245 1273 247 1276 248 1277 248 1278 247 1279 249 1280 248 1281 249 1282 250 1283 250 1284 249 1285 251 1286 247 1287 246 1288 222 1289 238 1290 241 1291 252 1292 252 1293 241 1269 243 1271 252 1294 243 1271 253 1295 253 1295 243 1271 245 1273 253 1295 245 1273 248 1277 238 1266 237 1264 241 1269 235 1296 239 1297 254 1298 230 1257 234 1261 231 1258 255 1299 228 1300 256 1301 256 1302 228 1255 227 1254 256 1302 227 1254 257 1303 257 1303 227 1254 231 1258 257 1303 231 1258 254 1304 255 1305 258 1306 228 1255 228 1255 258 1306 221 1248 228 1255 221 1248 226 1253 226 1253 221 1248 223 1250 226 1253 223 1250 224 1251 258 1306 255 1305 259 1307 221 1248 258 1306 247 1308 247 1309 258 1306 259 1307 247 1309 259 1307 249 1310 222 1311 221 1312 247 1313 110 1314 139 1314 108 1314 260 1315 261 1315 262 1315 263 1316 264 1316 265 1316 264 1317 263 1317 266 1317 208 1318 196 1318 209 1318 212 1319 267 1320 183 1321 268 1322 269 1323 270 1324 268 1322 270 1324 271 1325 271 1325 270 1324 272 1326 271 1325 272 1326 273 1327 274 764 275 764 276 764 234 1328 235 1328 231 1328 238 1329 277 1330 239 1331 278 1332 220 1332 279 1332 280 1333 281 1333 282 1333 283 1334 282 1334 284 1334 285 1335 286 1336 287 1337 288 1338 254 1339 277 1340 254 1341 231 1342 235 1343 239 1344 277 1344 254 1345 282 1346 283 1346 280 1346 289 1347 279 1347 219 1347 192 1348 191 1348 290 1348 291 1349 292 1349 293 1349 291 1350 294 1350 292 1350 291 1351 295 1351 294 1351 296 1352 297 1353 298 1354 291 1355 293 1355 295 1355 299 1356 284 1356 281 1356 300 1357 290 1357 301 1357 290 1358 300 1358 192 1358 284 1359 299 1359 283 1359 281 1360 280 1360 299 1360 220 1361 278 1361 218 1361 302 1362 303 1362 304 1362 302 1363 305 1363 303 1363 302 1364 304 1364 305 1364 306 1365 307 1366 303 1367 308 1368 309 1369 310 1370 308 1371 310 1372 311 1373 311 1373 310 1372 312 1374 311 1373 312 1374 313 1375 279 1376 289 1376 278 1376 219 1377 218 1377 289 1377 180 1378 314 1378 290 1378 315 1379 316 1379 317 1379 181 1193 180 1192 318 1380 319 1381 320 1381 321 1381 322 1382 323 1383 324 1384 186 1385 325 1385 187 1385 314 1386 326 1387 327 1388 193 1389 301 1389 191 1389 301 1390 193 1390 300 1390 316 1391 315 1391 328 1391 329 1392 330 1392 331 1392 332 1393 331 1393 333 1393 334 1394 335 1394 336 1394 337 1395 338 1396 339 1397 340 1398 341 1399 338 1400 330 1401 329 1401 342 1401 343 1402 344 1402 345 1402 346 1403 347 1404 348 1405 349 1406 350 1407 351 1408 352 1409 353 1410 354 1411 355 1412 356 1412 357 1412 358 1413 359 1414 360 1415 358 1413 360 1415 361 1416 361 1416 360 1415 362 1417 361 1416 362 1417 363 1418 363 1418 362 1417 364 1419 363 1418 364 1419 365 1420 365 1420 364 1419 366 1421 365 1420 366 1421 367 1422 367 1422 366 1421 368 1423 367 1424 368 1425 369 1426 369 1426 368 1425 370 1427 369 1426 370 1427 371 1428 371 1428 370 1427 372 1429 371 1428 372 1429 373 1430 331 1431 332 1431 329 1431 374 1432 375 1432 376 1432 375 1433 374 1434 377 1435 200 1436 352 1437 378 1438 379 1439 380 1440 381 1441 382 1442 383 1443 384 1444 385 1445 386 1445 387 1445 388 1446 389 1447 390 1448 391 1449 392 1449 393 1449 351 1450 394 1451 349 1452 358 1453 395 1454 359 1455 396 1456 397 1457 398 1457 396 1458 398 1459 399 1460 396 1461 399 1462 400 1463 398 1464 401 1465 399 1466 340 1467 402 1468 358 1469 385 1470 387 1471 403 1472 404 1473 336 1473 405 1473 402 1474 340 1475 337 1476 338 1400 337 1477 340 1398 406 1478 407 1479 408 1480 409 1481 410 1481 411 1481 336 1482 404 1482 334 1482 412 1483 413 1484 414 1485 414 1485 415 1486 412 1483 412 1483 415 1486 416 1487 412 1483 416 1487 417 1488 418 1489 395 1490 419 1491 420 1492 421 1493 422 1494 423 1495 424 1496 425 1497 335 1498 334 1498 426 1498 358 1499 402 1500 395 1501 422 1502 427 1503 420 1504 428 1505 429 1505 430 1505 337 1506 339 1507 402 1508 342 1509 333 1509 330 1509 375 1510 377 1511 431 1512 383 1513 382 1514 432 1515 433 1516 434 1516 435 1516 436 1517 437 1517 438 1517 298 1518 439 1518 296 1519 440 1520 441 1521 442 1522 440 1520 442 1522 443 1523 443 1523 442 1522 444 1524 443 1525 444 1526 445 1527 445 1527 444 1526 446 1528 445 1527 446 1528 447 1528 447 1529 446 1529 448 1529 447 1528 448 1528 449 1528 447 1530 449 1530 450 1531 450 1532 449 1528 451 1533 450 1532 451 1533 118 1534 118 1534 117 1535 450 1532 452 1536 453 1537 454 1538 455 1539 456 1540 457 1541 403 1542 458 1543 459 1544 460 1545 461 1546 462 1547 463 1548 464 1549 465 1550 466 1551 430 1551 467 1551 436 1552 438 1552 468 1552 454 1553 469 1554 452 1555 436 1556 468 1556 437 1556 470 1557 471 1557 373 1557 472 1558 262 1559 457 1560 419 1561 473 1561 418 1561 474 1562 475 1562 476 1563 425 1564 477 1565 478 1566 479 1567 480 1567 481 1567 457 1560 482 1568 472 1558 483 1569 484 1570 485 1571 214 1572 353 1573 199 1574 486 1575 487 1576 327 1577 385 1578 488 1579 386 1580 466 1581 467 1581 489 1581 490 1582 385 1582 403 1582 455 1583 457 1584 179 1583 491 1585 492 1585 493 1585 492 1586 491 1587 494 1588 495 1589 496 1590 497 1591 11 1592 9 1592 390 1592 498 1593 499 1593 500 1593 501 1594 502 1594 503 1594 504 1595 505 1595 506 1595 502 1596 501 1596 507 1596 508 1597 509 1597 510 1597 499 1598 498 1598 511 1598 512 1599 412 1600 417 1601 507 1602 513 1603 514 1604 515 1605 516 1606 517 1607 518 1608 515 1605 519 1609 519 1609 515 1605 517 1607 519 1609 517 1607 520 1610 519 1609 427 1611 518 1608 518 1612 427 1613 422 1614 515 1605 518 1608 521 1615 522 1616 523 1617 524 1618 525 1619 526 1620 524 1621 524 1621 526 1620 527 1622 524 1621 527 1622 522 1623 503 1624 528 1624 501 1624 507 1625 433 1626 502 1626 529 1627 497 1628 530 1629 528 1630 503 1630 433 1630 531 1631 532 1632 533 1633 534 1634 535 1635 536 1636 433 1637 507 1637 528 1637 459 1638 537 1639 403 1640 538 1641 539 1641 540 1641 541 1642 542 1642 543 1642 500 1643 544 1643 498 1643 366 1094 364 1094 362 1094 366 1094 362 1094 368 1094 368 1094 362 1094 360 1644 368 1094 360 1645 370 1646 370 1647 360 1648 531 1649 370 1647 531 1649 545 1650 546 1651 344 1652 359 1653 359 1653 344 1652 531 1649 359 1653 531 1649 360 1648 547 1654 345 1655 548 1656 548 1656 345 1655 344 1657 548 1658 344 1652 485 1659 485 1659 344 1652 546 1651 485 1659 546 1651 483 1660 548 1656 549 1661 547 1654 345 1662 547 1663 550 1664 430 1665 429 1666 467 1667 467 1668 429 1669 551 1670 467 1668 551 1670 489 1671 551 1672 432 1673 382 1674 547 1675 552 1676 553 1677 553 1677 552 1676 554 1678 553 1677 554 1678 382 1679 382 1679 554 1678 555 1680 382 1679 555 1680 551 1670 551 1670 555 1680 556 1681 551 1670 556 1681 489 1671 489 1671 556 1681 372 1682 489 1671 372 1682 557 1683 557 1683 372 1682 370 1647 557 1683 370 1647 545 1650 550 1684 547 1685 553 1686 558 1687 559 1687 505 1687 560 1688 561 1689 19 1690 252 1691 250 1692 562 1693 563 1694 564 1694 510 1694 250 1695 252 1696 248 1697 253 1698 248 1698 252 1698 559 1699 558 1700 565 1699 505 1701 504 1701 558 1701 387 1702 566 1703 403 1704 458 1705 403 1705 566 1705 567 1706 568 1706 569 1706 533 1707 545 1528 531 1708 570 1709 571 1709 479 1709 572 1710 573 1711 574 1712 557 1713 575 1714 489 1715 574 1716 576 1716 572 1716 577 1717 578 1717 579 1717 580 1718 581 1718 582 1718 583 1719 584 1720 585 1721 586 1722 587 1723 588 1724 588 1724 587 1723 589 1725 588 1726 589 1727 590 1728 590 1728 589 1727 591 1729 590 1728 591 1729 592 1730 592 1730 591 1729 593 1731 592 1730 593 1731 594 1732 594 1732 593 1731 595 1733 594 1732 595 1733 585 1721 585 1721 595 1733 596 1734 585 1721 596 1734 583 1719 536 1735 597 1736 598 1737 598 1738 597 1739 599 1740 598 1741 599 1742 600 1743 600 1744 599 1745 587 1746 600 1744 587 1746 586 1747 601 1748 579 1748 602 1748 603 1749 604 1749 605 1749 606 1750 607 1751 608 1752 606 1750 608 1752 609 1753 609 1753 608 1752 610 1754 609 1755 610 1756 611 1757 202 1758 204 1758 612 1758 612 1759 204 1759 613 1759 614 1760 615 1760 616 1760 617 1761 618 1762 619 1763 617 1761 619 1763 323 1764 323 1764 619 1763 620 1765 323 1764 620 1765 324 1766 506 1767 565 1767 504 1767 621 1768 622 1768 623 1768 624 1769 625 1769 626 1769 622 1770 621 1770 627 1770 628 1771 629 1772 630 1773 628 1771 630 1773 631 1774 631 1774 630 1773 632 1775 631 1774 632 1775 633 1776 633 1776 632 1775 634 1777 633 1776 634 1777 635 1778 635 1778 634 1777 636 1779 635 1778 636 1779 637 1780 637 1780 636 1779 638 1781 637 1780 638 1781 639 1782 639 1782 638 1781 542 1783 639 1782 542 1783 640 1784 251 1785 562 1786 250 1787 641 1788 642 1788 643 1788 565 1789 506 1789 559 1789 643 1790 644 1790 641 1790 625 1791 624 1791 645 1791 646 1792 645 1793 647 1794 645 1795 646 1796 625 1797 648 1798 649 1799 650 1800 651 1801 652 1801 653 1801 642 1802 641 1802 654 1802 655 1803 656 1804 657 1805 616 1806 658 1806 659 1806 660 1807 661 1808 662 1809 663 1810 664 1811 665 1812 666 1813 667 1813 668 1813 669 1814 670 1815 388 1816 671 1817 672 1818 673 1819 671 1817 673 1819 674 1820 674 1820 673 1819 675 1821 674 1820 675 1821 676 1822 667 1823 666 1823 677 1823 668 1824 678 1824 666 1824 678 1825 668 1825 679 1825 680 1826 681 1827 682 1828 683 1829 684 1830 685 1831 677 1832 679 1832 667 1832 256 1833 686 1834 687 1835 679 1836 677 1836 678 1836 687 1837 249 1838 255 1839 688 1840 689 1841 690 1842 688 1840 690 1842 691 1843 691 1843 690 1842 692 1844 691 1845 692 1846 693 1846 259 1847 255 1848 249 1849 661 1850 665 1851 662 1852 665 1853 661 1854 663 1855 694 1856 695 1856 696 1856 255 1857 256 1858 687 1859 670 1860 669 1861 680 1862 697 1863 698 1864 699 1865 699 1865 700 1866 697 1863 697 1863 700 1866 701 1867 697 1863 701 1867 650 1868 700 1866 699 1865 702 1869 703 1870 704 1871 705 1872 705 1872 704 1871 706 1873 705 1872 706 1873 707 1874 707 1874 706 1873 708 1875 707 1874 708 1875 709 1876 709 1876 708 1875 710 1877 709 1878 710 1877 702 1869 702 1869 710 1877 711 1879 702 1869 711 1879 700 1866 700 1866 711 1879 712 1880 713 1881 706 1882 714 1883 714 1883 706 1882 704 1884 714 1885 704 1886 348 1887 706 1873 713 1888 708 1875 708 1875 713 1889 715 1890 708 1875 715 1890 710 1877 710 1877 715 1890 712 1891 710 1877 712 1891 711 1879 700 1866 712 1892 701 1867 650 1893 716 1894 697 1895 650 1896 717 1897 716 1898 716 1894 717 1899 698 1900 716 1894 698 1900 697 1895 346 1901 717 1902 347 1903 347 1904 717 1905 650 1906 718 1907 719 1907 720 1907 693 1908 692 1528 721 1909 693 1910 721 1911 722 1912 722 1912 721 1911 723 1913 722 1914 723 1915 724 1916 724 1916 723 1915 725 1917 724 1916 725 1917 726 1918 725 1917 723 1915 727 1919 728 1920 729 1921 582 1922 582 1922 729 1921 730 1923 582 1924 730 1925 731 1926 731 1926 730 1925 732 1927 731 1928 732 1929 733 1930 733 1930 732 1929 734 1931 733 1930 734 1931 735 1932 735 1932 734 1931 722 1914 735 1932 722 1914 724 1916 736 1933 414 1934 737 1935 737 1935 414 1934 738 1936 737 1935 738 1936 739 1937 739 1937 738 1936 740 1938 739 1937 740 1938 741 1939 741 1939 740 1938 742 1940 741 1939 742 1940 743 1941 743 1941 742 1940 744 1942 743 1941 744 1942 745 1943 745 1943 744 1942 746 1944 745 1943 746 1944 747 1945 747 1945 746 1944 748 1946 747 1945 748 1946 749 1947 749 1947 748 1946 750 1948 749 1947 750 1948 751 1949 751 1949 750 1948 752 1950 751 1949 752 1950 753 1951 753 1951 752 1950 754 1952 753 1951 754 1952 755 1953 755 1953 754 1952 728 1920 755 1953 728 1920 582 1922 738 1936 414 1934 756 1954 756 1955 414 1956 413 1957 756 1955 413 1957 757 1958 758 1959 759 1960 760 1961 761 1528 584 1528 583 1962 762 1963 763 1964 583 1965 583 1966 763 1967 764 1968 583 1969 764 1528 761 1528 762 1963 765 1970 763 1964 764 1968 763 1967 766 1971 766 1971 763 1967 767 1972 727 1973 768 1974 725 1975 769 1976 770 1976 771 1976 772 1977 725 1978 768 1979 773 1980 774 1981 775 1982 776 1983 777 1983 778 1983 770 1984 769 1984 777 1984 777 1985 776 1985 770 1985 771 1986 779 1986 769 1986 776 1987 778 1987 779 1987 779 1988 771 1988 776 1988 780 1989 781 1990 782 1991 780 1989 782 1991 783 1992 783 1992 782 1991 784 1993 783 1992 784 1993 785 1994 785 1994 784 1993 786 1995 785 1996 786 1997 787 1998 786 1995 784 1993 782 1991 788 1999 789 2000 790 2001 790 2001 791 2002 788 1999 788 1999 791 2002 55 2003 788 1999 55 2003 789 2000 792 2004 55 2003 54 2005 793 2006 794 2007 795 2008 795 2008 794 2007 796 2009 795 2008 796 2009 793 2006 797 2010 798 2011 796 2009 796 2009 798 2011 799 2012 796 2009 799 2012 793 2006 797 2010 789 2000 798 2011 798 2011 789 2000 55 2003 798 2011 55 2003 799 2012 799 2012 55 2003 792 2004 799 2012 792 2004 793 2006 75 2013 800 2014 801 2015 800 2014 75 2013 802 2016 802 2016 75 2013 803 2017 802 2018 803 2019 30 2020 30 2020 803 2019 804 2021 30 2022 804 2023 31 2024 31 2024 804 2023 167 2025 167 2025 804 2023 805 2026 167 2025 805 2026 171 2027 171 2027 805 2026 806 2028 171 2027 806 2028 169 2029 169 2029 806 2028 807 2030 169 2029 807 2030 165 2031 806 2028 808 2032 807 2030 807 2033 808 2034 809 2035 808 2034 511 2036 809 2035 809 2035 511 2036 810 2037 809 2035 810 2037 811 2038 811 2038 810 2037 812 2039 811 2038 812 2039 813 2040 813 2040 812 2039 814 2041 813 2040 814 2041 815 2042 815 2042 814 2041 816 2043 815 2042 816 2043 817 2044 817 2044 816 2043 818 2045 817 2044 818 2045 819 2046 819 2046 818 2045 820 2047 819 2046 820 2047 781 2048 781 2048 820 2047 821 2049 781 2048 821 2049 782 2050 782 2050 821 2049 695 2051 810 2037 822 2052 812 2039 801 2015 800 2014 823 2053 823 2053 800 2014 824 2054 823 2053 824 2054 825 2055 825 2055 824 2054 826 2056 825 2055 826 2056 827 2057 827 2057 826 2056 828 2058 827 2057 828 2058 829 2059 829 2059 828 2058 830 2060 829 2061 830 2062 831 2063 831 2064 830 2065 194 2066 831 2064 194 2066 137 2067 832 2068 833 2069 834 2070 833 2069 832 2068 835 2071 835 2071 832 2068 836 2072 835 2073 836 2074 148 2075 835 2076 148 2077 147 2078 834 2079 833 2080 837 2081 834 2079 837 2081 838 2082 838 2082 837 2081 839 2083 838 2082 839 2083 840 2084 840 2085 841 2086 838 2082 838 2082 841 2086 832 2087 838 2082 832 2087 834 2079 832 2087 841 2086 836 2088 839 2089 23 2090 840 2091 840 2091 23 2090 842 2092 840 2093 842 2094 841 2095 841 2095 842 2094 148 2096 841 2095 148 2096 836 2097 843 2098 844 2099 23 2090 23 2090 844 2099 845 2100 23 2090 845 2100 842 2092 846 2101 843 2098 847 2102 847 2102 843 2098 23 2090 847 2102 23 2090 22 2103 845 2100 844 2099 848 2104 849 2105 850 2106 851 2107 850 2106 849 2105 852 2108 852 2108 849 2105 22 2109 852 2108 22 2109 21 2110 853 2111 854 2112 855 2113 855 2113 856 2114 853 2111 853 2111 856 2114 857 2115 853 2111 857 2115 854 2112 858 2116 859 2117 860 2118 861 2119 858 2116 862 2120 862 2120 858 2116 860 2118 862 2121 860 2122 863 2123 864 2124 57 2125 49 2126 833 2127 57 2128 865 2129 865 2130 57 2125 864 2124 136 2131 131 2132 130 2133 608 2134 607 2135 130 2136 130 2136 607 2135 866 2137 130 2136 866 2137 867 2138 867 2138 866 2137 725 1119 867 2139 725 2140 772 2141 608 2134 130 2136 868 2142 868 2142 130 2136 869 2143 868 2144 869 2145 870 2146 870 2146 869 2145 871 2147 870 2146 871 2147 535 2148 869 2149 130 2150 872 2151 872 2151 130 2150 859 2152 872 2153 859 2154 858 2155 535 2148 534 2156 870 2146 873 2157 874 2158 611 2159 611 2159 874 2158 875 2160 611 2159 875 2160 609 2161 609 2161 875 2160 876 2162 609 2161 876 2162 606 2163 606 2163 876 2162 866 2137 606 2163 866 2137 607 2135 610 2164 873 2157 611 2159 735 2165 874 2158 877 2166 877 2166 874 2158 873 2157 866 2137 726 1119 725 1119 772 2167 878 2168 867 2169 879 2170 45 2171 880 2172 880 2172 45 2171 47 2173 880 2172 47 2173 881 2174 881 2174 47 2173 136 2131 881 2174 136 2131 882 2175 882 2175 136 2131 130 2133 882 2176 130 2136 867 2138 132 2177 136 2131 46 2178 46 2178 136 2131 47 2173 883 2179 867 2180 878 2181 884 2182 885 2183 878 2184 878 2184 885 2183 190 2185 878 2184 190 2185 883 2186 883 2186 190 2185 189 764 883 2186 189 764 886 764 887 2187 888 2188 889 2189 889 2189 888 2188 884 2182 889 2189 884 2182 890 2190 890 2190 884 2182 878 2184 190 2185 885 2183 276 2191 891 2192 892 2193 893 2194 894 2195 895 2196 893 2194 893 2194 895 2196 896 2197 893 2194 896 2197 891 2192 891 2192 896 2197 897 2198 891 2192 897 2198 898 2199 898 2199 897 2198 672 2200 898 2199 672 2200 899 2201 899 2202 672 2203 671 2204 96 2205 95 2206 900 2207 96 2205 900 2207 901 2208 901 2208 900 2207 902 2209 901 2208 902 2209 903 2210 96 2211 901 2208 143 2212 143 2212 901 2208 903 2210 904 2213 905 2214 160 2215 14 2216 13 2217 160 2215 160 2215 13 2217 906 2218 160 2215 906 2218 904 2213 904 2213 906 2218 907 2219 123 2220 908 2221 909 2222 910 2223 911 2224 909 2222 909 2222 911 2224 912 2225 909 2222 912 2225 123 2220 913 2226 155 2227 154 2228 154 2228 914 2229 913 2226 913 2226 914 2229 42 2230 913 2226 42 2230 41 2231 95 2232 51 2233 915 2234 915 2234 916 2235 95 2232 95 2232 916 2235 355 2236 95 2232 355 2236 357 2237 917 2238 918 2239 837 2240 837 2240 918 2239 919 2241 837 2240 919 2241 920 2242 833 2243 921 2244 837 2240 837 2240 921 2244 922 2245 837 2240 922 2245 917 2238 833 2243 865 2246 923 2247 924 2248 150 2249 925 2250 925 2250 150 2249 149 2251 925 2250 149 2251 923 2247 923 2247 149 2251 926 2252 923 2247 926 2252 833 2243 833 2243 926 2252 927 2253 833 2243 927 2253 921 2244 925 2250 928 2254 924 2248 924 2248 928 2254 929 2255 924 2248 929 2255 930 2256 930 2256 929 2255 931 2257 930 2256 931 2257 452 2258 932 2259 933 2260 934 2261 933 2262 932 2263 935 2264 935 2265 932 2266 936 2267 935 2268 936 2269 937 2270 660 2271 938 2272 936 2273 936 2273 938 2272 939 2274 936 2275 939 2276 937 2277 937 2277 939 2276 940 2278 937 2277 940 2278 941 2279 942 2280 943 2281 944 2282 944 2282 943 2281 663 2283 944 2282 663 2283 936 2273 936 2273 663 2283 661 2284 936 2273 661 2284 660 2271 944 2282 945 2285 942 2280 942 2280 945 2285 946 1004 941 1004 947 1004 937 2286 948 2287 949 2288 950 2289 950 2289 949 2288 951 2290 950 2289 951 2290 952 2291 952 2291 951 2290 953 2292 952 2291 953 2292 954 2293 954 2293 953 2292 955 2294 954 2293 955 2294 956 2295 956 2295 955 2294 957 2296 956 2297 957 2296 958 2298 958 2298 957 2296 959 2299 958 2298 959 2299 960 2300 960 2300 959 2299 961 2301 960 2300 961 2301 934 2261 934 2261 961 2301 929 2255 934 2261 929 2255 932 2259 932 2259 929 2255 928 2254 932 2259 928 2254 69 2302 69 2302 928 2254 864 2303 69 2302 864 2303 49 2304 948 2287 962 2305 949 2288 949 2288 962 2305 963 2306 949 2288 963 2306 964 2307 120 2308 119 2309 965 2310 965 2310 119 2309 966 2311 965 2310 966 2311 967 2312 967 2312 966 2311 962 2305 967 2312 962 2305 948 2287 120 2308 965 2310 968 2313 120 2308 968 2313 121 2314 121 2315 968 2316 969 2317 121 2315 969 2317 970 2318 971 2319 972 2320 973 2321 973 2321 972 2320 450 2322 973 2321 450 2322 974 2323 974 2323 450 2322 117 2324 974 2323 117 2324 970 2318 970 2318 117 2324 122 2325 970 2318 122 2325 121 2315 975 2326 212 2327 973 2321 973 2321 212 2327 976 2328 973 2321 976 2328 971 2319 977 2329 978 2330 979 2331 979 2331 978 2330 212 2327 979 2331 212 2327 975 2326 977 2329 980 2332 978 2330 450 2322 972 2320 981 1094 981 1094 982 2333 450 2322 450 2322 982 2333 983 2334 450 2335 983 2336 447 2337 447 2337 983 2336 984 2338 447 2339 984 2340 985 2341 119 2309 123 2342 966 2311 966 2311 123 2342 912 2343 966 2311 912 2343 962 2305 962 2305 912 2343 911 2344 962 2305 911 2344 963 2306 949 2288 964 2307 951 2290 951 2290 964 2307 986 2345 951 2290 986 2345 953 2292 953 2292 986 2345 955 2294 955 2294 986 2345 987 2346 955 2294 987 2346 957 2296 957 2296 987 2346 988 2347 957 2296 988 2347 959 2299 959 2299 988 2347 989 2348 959 2299 989 2348 961 2301 961 2301 989 2348 453 2349 961 2301 453 2349 929 2255 989 2348 454 2350 453 2349 469 2351 439 2352 452 2258 452 2258 439 2352 990 2353 452 2258 990 2353 930 2256 988 2354 991 2355 469 2351 469 2351 991 2355 296 2356 469 2351 296 2356 439 2352 930 2256 992 2357 924 2248 924 2248 992 2357 993 2358 924 2248 993 2358 994 2359 994 2359 993 2358 995 2360 994 2359 995 2360 996 2361 997 2362 998 2363 992 2357 992 2357 998 2363 999 2364 992 2357 999 2364 993 2358 993 2358 999 2364 1000 2365 993 2358 1000 2365 995 2360 995 2360 1000 2365 72 2366 995 2360 72 2366 1001 2367 1001 2367 72 2366 71 2368 994 2359 996 2361 1002 2369 1002 2369 996 2361 920 2242 920 2242 996 2361 1003 2370 920 2242 1003 2370 837 2240 149 2371 1004 1004 926 2372 1005 2373 1006 2374 1007 2375 1008 2376 1009 2377 1010 2378 1010 2378 1009 2377 1011 2379 1010 2378 1011 2379 1012 2380 1012 2380 1011 2379 1013 2381 1012 2380 1013 2381 1014 2382 1015 2383 1011 2379 1016 2384 1016 2384 1011 2379 1009 2377 1016 2384 1009 2377 1008 2385 1017 2386 1015 2383 1016 2384 1017 2386 1018 2387 1015 2383 1015 2383 1018 2387 1019 2388 1015 2383 1019 2388 1011 2379 1011 2379 1019 2388 1020 2389 1011 2379 1020 2389 1013 2381 1018 2387 1017 2386 1021 2390 1022 2391 1021 2390 1023 2392 1021 2390 1024 2393 1023 2392 1023 2392 1024 2393 1025 2394 1023 2392 1025 2394 1026 2395 1026 2395 1025 2394 1027 2396 1026 2395 1027 2396 1028 2397 1028 2397 146 2398 1026 2395 148 2399 842 2400 1029 2401 1029 2401 842 2400 1030 2402 842 2400 845 2403 1030 2402 1030 2402 845 2403 848 2404 844 2405 1031 2406 848 2404 848 2404 1031 2406 1032 2407 848 2404 1032 2407 1030 2402 1033 2408 1032 2407 1031 2406 1034 2409 1033 2410 1035 2411 1036 2412 1034 2409 1037 2413 1037 2413 1034 2409 1035 2411 1036 2412 1018 2387 1034 2409 1034 2409 1018 2387 1021 2390 1034 2409 1021 2390 1033 2410 1033 2410 1021 2390 1022 2391 1033 2410 1022 2391 1032 2407 1032 2407 1022 2391 1038 2414 1032 2407 1038 2414 1030 2402 1030 2402 1038 2414 1039 2415 1030 2402 1039 2415 1029 2401 1029 2401 1039 2415 198 2416 1029 2417 198 2418 148 2419 1036 2412 1019 2388 1018 2387 1040 2420 1005 2373 682 2421 682 2421 1005 2373 1007 2375 682 2422 1007 2423 670 2424 670 2424 1007 2423 1041 2425 670 2424 1041 2425 388 2426 388 2426 1041 2425 1042 2427 388 2426 1042 2427 389 2428 389 2428 1042 2427 1043 2429 389 2428 1043 2429 1014 2382 1014 2382 1043 2429 1044 2430 1014 2382 1044 2430 1012 2380 1012 2380 1044 2430 1045 2431 1012 2380 1045 2431 1010 2378 1010 2378 1045 2431 1046 2432 1010 2378 1046 2432 1008 2433 1005 2373 1040 2420 1047 2434 1048 2435 1049 2436 1050 2437 1048 2435 1050 2437 1051 2438 1051 2439 1050 2440 1052 2441 1051 2442 1052 2443 1053 2444 1054 2445 1055 1528 1056 2446 1056 2446 1057 1528 1058 1528 1059 2447 1060 2448 1061 2449 1061 2449 1060 2448 1062 2450 1061 2449 1062 2450 1063 2451 1063 2451 1062 2450 1054 2445 1063 2451 1054 2445 1064 2452 1064 2452 1054 2445 1056 2446 1064 2452 1056 2446 1065 1528 1065 1528 1056 2446 1058 1528 71 2453 70 2454 1066 2455 996 1528 995 1528 1067 2456 1067 2456 995 1528 1001 2457 1067 2456 1001 2457 1068 2458 1068 2458 1001 2457 71 2459 1068 2458 71 2459 1069 2460 1069 2460 71 2459 1066 2461 1069 2460 1066 2461 1070 2462 996 1528 1067 2456 1003 2463 1003 2463 1067 2456 839 2464 1003 2463 839 2464 837 2465 441 2466 314 2467 487 2468 1071 2469 1072 2470 486 2471 486 2471 1072 2470 446 2472 486 2471 446 2472 487 2468 487 2468 446 2472 442 2473 487 2468 442 2473 441 2466 1072 2470 1073 2474 446 2472 446 2472 1073 2474 617 2475 446 2472 617 2475 323 1383 322 1382 446 2472 323 1383 446 2472 444 1004 442 2473 1074 2476 1075 2477 1076 2478 460 2479 1077 2480 1078 2481 1079 2482 1075 2483 1078 2484 1078 2481 1075 2485 1074 2486 1078 2481 1074 2486 460 2479 1080 1004 1081 1004 376 2487 375 2488 720 2489 376 2487 376 2487 720 2489 719 2490 376 2487 719 2490 1080 1004 406 2491 1082 2492 217 2493 217 2493 215 2494 406 2491 406 2491 215 2494 1083 2495 406 2491 1083 2495 1084 2496 1084 2496 1085 2497 406 2491 1084 2498 1086 2499 1085 2500 1085 2501 1086 2502 443 2503 1085 2501 443 2503 523 1094 523 1094 443 2504 445 1094 523 1094 445 1094 524 1094 524 1094 445 1094 1087 2505 524 1094 1087 2506 525 2507 443 2508 1086 2509 760 2510 443 2508 760 2510 440 2511 440 2512 760 2513 759 2514 440 2515 759 2516 1062 2517 1062 2518 759 2519 1055 2520 1062 2518 1055 2520 1054 2521 759 2519 1088 2522 1055 2520 1062 2517 1060 2523 440 2515 1089 2524 525 2507 1090 2525 1090 2525 525 2507 1087 2506 1091 2526 1089 2524 1092 2527 1092 2527 1089 2524 1090 2525 1092 2527 1090 2525 1093 2528 1093 2528 1090 2525 1094 2529 1091 2526 1092 2527 1095 2530 1095 2530 1092 2527 183 2531 1095 2530 183 2531 267 2532 1095 2530 1096 2533 1091 2526 1091 2526 1096 2533 1097 2534 1091 2535 1097 1094 1098 1094 1099 2536 343 2537 1100 2538 1100 2538 1101 2539 1099 2536 1099 2536 1101 2539 1102 2540 1099 2536 1102 2540 1103 2541 1101 2539 1100 2538 1104 2542 1104 2542 1100 2538 1105 2543 1105 2543 1100 2538 383 2544 1105 2543 383 2544 1106 2545 1100 2538 550 2546 383 2544 383 2544 550 2546 384 2547 1107 2548 1106 2545 432 2549 432 2549 1106 2545 383 2544 1099 2536 1103 2541 575 2550 1103 2541 1108 2551 575 2550 575 2550 1108 2551 466 2552 575 2550 466 2552 489 2553 343 2537 1099 2536 532 2554 532 2554 1099 2536 575 2550 532 2554 575 2550 533 2555 392 2556 391 2557 397 2558 397 2558 396 2559 392 2556 392 2560 396 2561 1109 2562 392 2560 1109 2562 1110 2563 1110 2563 1109 2562 1111 2564 1110 2565 1111 2566 1112 2567 1112 2567 1111 2566 1113 2568 1112 2567 1113 2568 1114 2569 1114 2569 1113 2568 1115 2570 1114 2569 1115 2570 493 2571 493 2572 1115 2573 1116 2574 493 2575 1116 2576 491 2577 356 2578 1117 2579 1118 2580 357 2581 356 2578 1119 2582 1119 2582 356 2578 1118 2580 1120 2583 1121 2584 1122 2585 1123 1094 1124 2586 1122 2587 1122 2587 1124 2586 396 2588 1122 2589 396 2590 1120 2591 1123 1094 1111 2592 1124 2593 1124 2594 1111 2595 1109 2596 1124 2586 1109 2597 396 2588 1125 2598 1126 2599 1127 2600 1128 2601 1129 2601 1130 2601 1131 1094 1132 1094 1130 1094 1130 1094 1132 1094 1133 1094 1130 2602 1133 2602 1128 2602 1128 2603 1133 2603 1115 2604 1128 1094 1115 2605 1129 1094 1129 2606 1115 2607 1134 2606 1129 2608 1134 2608 1127 2608 1127 2609 1134 2609 1115 2610 1127 2600 1115 2611 1125 2598 1125 2598 1115 2612 1113 2613 1125 2598 1113 2613 1126 2599 1126 2599 1113 2613 1111 2614 1126 2599 1111 2614 1135 2615 1135 1094 1111 2616 1123 1094 1135 2615 1123 1094 1126 2599 1133 2617 1132 2617 1136 2617 1136 1094 1132 1094 1131 1094 1120 2618 1137 2619 1138 2620 1138 2620 1137 2619 1139 2621 1138 2620 1139 2621 1140 2622 1140 2622 1139 2621 1141 2623 1140 2622 1141 2623 1142 2624 1142 2624 1141 2623 481 2625 1142 2624 481 2625 1143 2626 1143 2626 481 2625 338 2627 1143 2626 338 2627 1144 2628 1144 2628 338 2627 1145 2629 1144 2628 1145 2629 1143 2626 1137 2619 1146 2630 1139 2621 1139 2621 1146 2630 1147 2631 1139 2621 1147 2631 1141 2623 338 2627 481 2625 1148 2632 1148 2632 481 2625 480 2633 341 1094 1145 1094 338 2634 1145 2635 341 2635 1149 2635 1149 2636 341 2636 1150 2636 1149 2637 1150 2637 1145 2637 1151 2638 1121 2639 1152 2640 1152 2641 1121 2642 1120 2618 1152 2641 1120 2618 1138 2620 1153 2643 420 2644 427 2645 427 2645 519 2646 1153 2643 1153 2643 519 2646 1154 2647 1153 2643 1154 2647 1155 2648 519 2646 520 2649 1154 2647 1154 2647 520 2649 1156 2650 1154 2647 1156 2650 1155 2648 520 2649 495 1094 1156 2650 1155 2648 340 2651 1153 2643 1153 2643 340 2651 1157 2652 1153 2643 1157 2652 420 2653 420 2653 1157 2652 1158 2654 420 2655 1158 2656 421 2657 1159 2658 1160 2659 1161 2660 1161 2660 421 2657 1159 2658 1159 2658 421 2657 1158 2656 1159 2658 1158 2656 1160 2659 1160 2659 1158 2656 536 2661 1160 2659 536 2661 598 2662 1162 2663 1163 2664 1164 2665 547 1675 1163 2664 552 1676 552 1676 1163 2664 1162 2663 1165 2666 399 2667 401 2668 399 2667 1165 2666 400 2669 400 2669 1165 2666 572 2670 400 2669 572 2670 576 2671 518 2672 422 2673 421 2674 1161 2675 1166 2676 436 2677 1161 2675 1167 2678 1166 2676 1166 2676 1167 2678 518 2672 1166 2676 518 2672 436 2677 436 2677 518 2672 421 2674 436 2677 421 2674 1161 2675 1167 2678 521 2679 518 2672 1087 2680 985 2681 984 2682 1168 2683 1094 2684 984 2682 984 2682 1094 2684 1090 2685 984 2682 1090 2685 1087 2680 1169 2686 1170 2687 1171 2688 1172 2689 1173 2690 1171 2688 1171 2688 1173 2690 1174 2691 1171 2688 1174 2691 1169 2686 1175 2692 1173 2690 1176 2693 1176 2693 1173 2690 1172 2689 1176 2693 497 1628 1175 2692 1175 2692 497 1628 980 2694 1175 2692 980 2694 1177 2695 1177 2695 980 2694 977 2696 1177 2695 977 2696 1178 2697 1178 2697 977 2696 979 2698 1178 2697 979 2698 1179 2699 1179 2699 979 2698 975 2700 1179 2699 975 2700 1180 2701 497 1628 1181 2702 980 2694 980 2694 1181 2702 1182 2703 980 2694 1182 2703 978 2704 497 1628 529 1627 1183 2705 1183 2705 529 1627 1184 2706 1183 2705 1184 2706 767 2707 767 2707 1184 2706 1185 2708 767 2707 1185 2708 1186 2709 1186 2709 1185 2708 530 2710 1186 2709 530 2710 1187 2711 1187 2711 530 2710 497 2712 1187 2711 497 2712 496 2713 767 2707 763 2714 1183 2705 1183 2705 763 2714 765 2715 1183 2705 765 2715 497 1628 497 1628 765 2715 1188 2716 497 1628 1188 2716 1181 2702 1181 2702 1188 2716 656 2717 1181 2702 656 2717 1189 2718 1189 2718 656 2717 1190 2719 1189 2718 1190 2719 1191 2720 1191 2720 1190 2719 1192 2721 765 2715 762 2722 1188 2716 1188 2716 762 2722 657 2723 1188 2716 657 2723 656 2724 655 2725 1190 2726 656 2727 1193 2728 1194 2729 1192 2721 1192 2721 1194 2729 1195 2730 1192 2721 1195 2730 1191 2720 1196 2731 1194 2729 1197 2732 1197 2732 1194 2729 1193 2728 1197 2733 1193 2734 1198 2735 1198 2735 1193 2734 1192 2736 1196 2731 1197 2732 127 2737 978 2704 1182 2703 1096 2738 1096 2738 1182 2703 1199 2739 1096 2738 1199 2739 1097 2740 1097 2740 1199 2739 1200 2741 1097 2740 1200 2741 1098 2742 405 2743 1201 2744 426 2745 405 2743 336 2746 1201 2744 1201 2744 336 2746 335 2747 1201 2744 335 2747 426 2745 945 2748 1202 2749 1203 2750 272 2751 270 2752 1204 2753 1204 2753 270 2752 269 2754 1204 2753 269 2754 1205 2755 268 2756 945 2757 269 2758 269 2758 945 2757 1203 2759 269 2758 1203 2759 1205 2760 946 2761 945 2757 1206 2762 1206 2762 945 2757 268 2756 477 2763 425 2764 424 2765 1081 2766 1117 2767 424 2768 424 2768 1117 2767 916 2769 424 2770 916 2771 477 2772 477 2772 916 2771 915 2773 477 2772 915 2773 1207 2774 1207 2774 915 2773 1208 2775 1207 2774 1208 2775 1209 2776 1118 1119 1117 2777 1080 1119 1080 1119 1117 2778 1081 2779 1208 2775 915 2773 1210 2780 142 2781 1211 2782 141 2783 141 2783 1211 2782 1212 2784 141 2783 1212 2784 64 2785 64 2785 1212 2784 1213 2786 64 2785 1213 2786 50 2787 50 2787 1213 2786 1214 2788 50 2787 1214 2788 48 2789 1211 2782 1215 2790 1212 2784 1212 2784 1215 2790 905 2791 1212 2784 905 2791 1213 2786 1213 2786 905 2791 904 2792 1213 2786 904 2792 1216 2793 1216 2793 904 2792 907 2794 1216 2793 907 2794 1217 2795 1217 2795 907 2794 1210 2780 1217 2795 1210 2780 52 2796 52 2796 1210 2780 915 2773 52 2796 915 2773 51 2797 1218 2798 493 2799 492 2800 1112 2801 1219 2802 1110 2803 1110 2803 1219 2802 1220 2804 1110 2803 1220 2804 392 2805 392 2806 1220 2807 393 2808 1114 2809 493 2799 1112 2801 1112 2801 493 2799 1218 2798 1112 2801 1218 2798 1219 2802 495 2810 497 2811 1221 2812 495 2810 1221 2812 1156 2813 1156 2814 1221 2815 1150 2816 1156 2817 1150 2818 1155 2819 1155 2819 1150 2818 341 2820 1155 2821 341 2822 340 2823 471 2824 470 2825 1116 2826 1116 2827 1115 2828 471 2829 471 2830 1115 2831 1133 2832 471 2830 1133 2832 1222 2833 1222 2833 1133 2832 1136 2834 1222 2835 1136 2836 1223 2837 1223 2837 870 2838 1222 2835 1222 2839 870 2840 534 2841 473 2842 419 2843 339 2844 339 2844 338 2845 473 2842 473 2846 338 2847 1148 2848 473 2846 1148 2848 1224 2849 1224 2849 1148 2848 480 2850 480 2850 479 2851 1224 2849 1224 2849 479 2851 571 2852 1224 2853 571 2854 1225 2855 1225 2855 571 2854 1146 2856 1225 2855 1146 2856 1226 2857 1226 2857 1146 2856 1137 2858 571 2854 1147 2859 1146 2856 313 2860 312 2861 1227 2862 1227 2862 1228 2863 313 2860 313 2860 1228 2863 463 2864 313 2860 463 2864 465 2865 473 2866 1224 2867 1225 2868 418 2869 473 2870 1229 2871 1229 2872 473 2866 1225 2868 1229 2872 1225 2868 1230 2873 1230 2873 1225 2868 1226 2874 1230 2873 1226 2874 1231 2875 1231 2875 1226 2874 540 2876 1231 2875 540 2876 539 2877 1232 2878 1233 2879 1234 2880 1228 2881 1227 2882 1235 2883 783 2884 785 2885 1236 2886 1236 2886 785 2885 1237 2887 1236 2888 1237 2889 1238 2890 1238 2890 1237 2889 1239 2891 1238 2890 1239 2891 1240 2892 1240 2892 1239 2891 1241 2893 1240 2892 1241 2893 1242 2894 1242 2894 1241 2893 1243 2895 1242 2894 1243 2895 1244 2896 1244 2896 1243 2895 1232 2878 1244 2896 1232 2878 1235 2883 1235 2883 1232 2878 1234 2880 1235 2883 1234 2880 1228 2881 1236 2886 126 2897 783 2884 783 2898 126 2899 140 2900 783 2901 140 2902 780 2903 1245 2904 599 2905 597 2906 536 2907 535 2908 597 2909 597 2906 535 2910 871 2911 597 2906 871 2911 1245 2904 1245 2904 871 2911 869 2912 1245 2904 869 2912 599 2905 599 2905 869 2912 1246 2913 599 2905 1246 2913 587 2914 587 2915 1246 1094 869 2916 587 2917 869 2918 589 2919 589 2920 869 2921 872 2922 589 2923 872 2924 591 2925 591 2926 872 2927 858 2928 591 2926 858 2928 861 2929 591 2926 861 2929 1247 2930 1247 2930 861 2929 125 2931 1198 2932 1247 2930 1197 2933 1197 2934 1247 2935 125 2936 1197 2937 125 2938 127 2939 1198 2932 655 2940 1247 2930 1247 2930 655 2940 593 2941 1247 2930 593 2941 591 2926 593 2941 655 2940 595 2942 595 2942 655 2940 657 2943 595 2942 657 2943 596 2944 596 2944 657 2943 762 2945 596 2944 762 2945 583 2946 1248 2947 1249 1528 1250 2948 1250 2948 1251 2949 1248 2947 1248 2947 1251 2949 1252 1528 1248 1528 1252 1528 1253 1528 1254 2950 1251 2949 1250 2948 1255 2951 1256 2952 1257 2953 1255 2951 1257 2953 1258 2954 1258 2954 1257 2953 405 2955 1258 2954 405 2955 426 2956 1258 2954 426 2956 1259 2957 1259 2957 426 2956 1260 2958 1259 2959 1260 2960 1261 2961 1261 2961 1260 2960 325 2962 1261 2961 325 2962 194 2963 194 2963 325 2962 186 2964 695 2051 694 2965 782 2050 782 2966 694 2967 1262 2968 782 2969 1262 2970 786 2971 786 2972 1262 2973 1263 2974 786 2972 1263 2974 787 2975 787 2975 1263 2974 1264 2976 787 2977 1264 2978 1265 2979 1265 2979 1264 2978 1266 2980 1265 2979 1266 2980 1267 2981 1267 2981 1266 2980 1256 2952 1267 2981 1256 2952 1268 2982 1268 2982 1256 2952 1255 2951 1268 2982 1255 2951 561 2983 1078 2984 1269 2985 1270 2986 1269 2985 1078 2984 947 2987 947 2987 1078 2984 1271 2988 947 2989 1271 2990 937 2991 937 2991 1271 2990 935 2992 935 2992 1271 2990 1272 2993 935 2992 1272 2993 933 2994 1272 2993 1273 2995 933 2994 933 2994 1273 2995 1274 2996 933 2994 1274 2996 934 2997 934 2998 1274 2999 1275 3000 934 3001 1275 3002 960 3003 960 3004 1275 3005 958 3006 1276 3007 1277 3008 1273 2995 1273 2995 1277 3008 1274 2996 958 3009 1275 3010 1278 3011 958 3012 1278 3013 956 3014 956 3015 1278 3016 1279 3017 956 3018 1279 3019 1280 3020 956 3018 1280 3020 954 3021 954 3021 1280 3020 1281 3022 954 3021 1281 3022 952 764 952 764 1281 3022 950 3023 950 3023 1281 3022 1282 3024 950 3023 1282 3024 948 3025 948 3025 1282 3024 1283 3026 948 3025 1283 3026 967 3027 967 3027 1283 3026 1284 3028 967 3027 1284 3028 965 3029 965 3029 1284 3028 1285 3030 965 3029 1285 3030 968 3031 968 3031 1285 3030 1286 3032 968 3031 1286 3032 1287 3033 1287 3033 969 3034 968 3031 1288 3035 1289 3036 947 2987 947 2987 1289 3036 1290 3037 947 2987 1290 3037 1269 2985 1289 3036 1291 3038 1290 3037 1290 3037 1291 3038 1292 3039 1292 3039 1291 3038 1270 2986 1270 2986 1291 3038 1204 3040 1270 2986 1204 3040 1078 2984 1078 2984 1204 3040 1205 3041 1078 3042 1205 3043 1079 1166 681 3044 2 3045 4 3046 4 3047 7 3048 681 3049 681 3049 7 3048 1293 3050 681 3051 1293 3052 682 3053 1294 3054 1202 3055 945 3056 95 3057 357 3058 932 3059 932 3059 357 3058 1295 3060 932 3061 1295 3062 936 3063 936 3063 1295 3062 720 3064 936 3063 720 3064 944 3065 944 3065 720 3064 375 3066 944 3065 375 3066 945 3067 945 3067 375 3066 431 3068 945 3067 431 3068 1294 3069 902 3070 900 3071 69 3072 69 3072 900 3071 95 3057 69 3072 95 3057 932 3059 516 3073 586 3074 588 3075 1252 3076 588 3077 1253 3078 1253 3079 588 3080 1296 3081 1253 3082 1296 3083 1297 1094 588 3084 761 3085 1296 3086 592 3087 594 3088 590 3089 590 3089 594 3088 585 3090 590 3089 585 3090 588 3091 588 3091 585 3090 584 3092 588 3091 584 3092 761 3093 517 1094 516 3094 1298 3095 1298 3096 516 3097 588 3098 1298 3099 588 3100 1252 3101 561 1528 1255 1528 1233 1528 1232 1528 1299 1528 1233 1528 1233 1528 1299 1528 1300 1528 1233 1528 1300 1528 561 1528 1301 3102 892 3103 1302 3104 1303 3105 1304 3105 1305 3106 1305 3107 1304 3108 1306 3108 1305 3109 1306 1119 1302 3110 1302 3110 1306 1119 1307 1119 1302 3104 1307 1119 1301 3102 1301 3102 1307 1119 893 3111 1301 3102 893 3111 892 3103 1303 1119 1305 3112 1308 3113 1308 3114 1305 3115 1309 3116 1308 3117 1309 3118 1310 3119 1310 3120 1309 3121 1311 3122 1307 3123 1306 3123 1312 3123 1312 3124 1306 3124 1304 3124 1313 1094 527 1094 526 3125 1314 3126 1315 3127 526 3128 526 3129 1315 3127 1316 3130 526 3131 1316 1094 1313 1094 1313 3132 1316 3132 408 3132 1313 1094 408 1094 527 1094 527 1094 408 1094 407 1094 527 3133 407 3133 522 3133 526 3128 1317 3134 1314 3126 1314 3126 1317 3134 1318 3135 1319 1094 1320 1094 1321 3136 1321 3137 1320 3138 1322 3139 1321 3140 1322 3141 1314 3126 1314 3126 1322 3141 216 3142 1314 3126 216 3142 1315 3127 1315 3127 216 3142 197 3143 1315 3127 197 3143 1316 3130 1321 3144 758 3145 1319 3145 1319 3146 758 3146 1323 3146 1320 3147 1319 3147 1322 3148 1324 3149 1321 3150 1325 3151 82 3152 1321 3150 80 3153 80 3153 1321 3150 1324 3149 80 3153 1324 3149 1326 3154 82 3152 1088 3155 1321 3150 1321 3150 1088 3155 759 3156 1321 3157 759 3158 758 3159 1325 3151 1321 3150 1327 3160 1327 3160 1321 3150 1314 3161 1327 3160 1314 3161 1318 3162 1328 3163 896 1119 1329 3164 1329 3164 672 3165 1328 3163 1328 3163 672 3165 897 3166 1328 3163 897 3166 896 1119 1330 3167 672 3165 1329 3164 672 3165 1330 3167 1331 3168 1331 3168 1330 3167 1332 3169 1331 3168 1332 3169 1333 3170 1331 3168 1333 3170 672 3165 672 3165 1333 3170 1334 3171 672 3165 1334 3171 673 3172 1333 3170 1335 1119 1334 3171 1334 3173 1335 3174 1336 3174 1334 3171 1336 1119 673 3172 673 3175 1336 3176 1337 3177 673 3175 1337 3177 675 3178 675 3178 1337 3177 1338 3179 1337 3177 1336 3176 1338 3179 277 3180 562 3181 288 3182 252 3183 562 3184 238 3185 238 3186 562 3181 277 3180 1339 3187 1340 3188 1341 3189 1341 3189 1340 3188 1342 3190 1341 3189 1342 3190 410 3191 410 3191 1342 3190 285 3192 410 3193 285 3194 411 3195 411 3195 285 3194 1343 3196 411 3195 1343 3196 1070 3197 1070 3197 1343 3196 1344 3198 1070 3197 1344 3198 1069 3199 1069 3199 1344 3198 1345 3200 1069 3199 1345 3200 1346 3201 1347 3202 1348 3203 1349 3204 1349 3204 1348 3203 1339 3187 1349 3204 1339 3187 1341 3189 1350 3205 1347 3202 1349 3204 1350 3205 1351 3206 1274 3207 1274 3207 1351 3206 1352 3208 1274 3207 1352 3208 409 3209 1353 3210 1275 3211 1354 3212 1354 3212 1275 3211 1274 3213 1354 3214 1274 3207 409 3209 1355 3215 1356 3216 1354 3212 1354 3212 1356 3216 1357 3217 1354 3212 1357 3217 1353 3210 1353 3210 1357 3217 1358 3218 1358 3218 1359 3219 1353 3210 1353 3210 1359 3219 1278 3220 1353 3210 1278 3220 1275 3211 1359 3219 1358 3218 1360 3221 1361 3222 1362 3223 1360 3221 1360 3221 1362 3223 1363 3224 1360 3221 1363 3224 1359 3219 1364 3225 910 3226 1365 3227 1365 3227 910 3226 909 3228 1365 3227 909 3228 908 3229 908 3229 1366 3230 1365 3227 1285 3231 1366 3230 129 3232 129 3232 1366 3230 908 3229 129 3232 908 3229 113 3233 1285 3231 129 3232 128 3234 1285 3231 1284 3235 1366 3230 1366 3230 1284 3235 1283 3236 1366 3230 1283 3236 1365 3227 1365 3227 1283 3236 1282 3237 1365 3227 1282 3237 1364 3225 1364 3225 1282 3237 1281 3238 1364 3225 1281 3238 1280 3239 1278 3220 1359 3219 1279 3240 1279 3240 1359 3219 1363 3224 1279 3240 1363 3224 1280 3239 1280 3239 1363 3224 1362 3223 1280 3239 1362 3223 1364 3225 1364 3225 1362 3223 1361 3222 1364 3225 1361 3222 910 3226 1271 3241 1276 3242 1272 3243 1272 3243 1276 3242 1273 3244 1078 3245 1035 3246 1271 3241 1271 3241 1035 3246 1033 3247 1271 3241 1033 3247 1276 3242 1276 3242 1033 3247 1347 3202 1276 3242 1347 3202 1277 3248 1277 3248 1347 3202 1350 3205 1277 3248 1350 3205 1274 3207 1077 1094 1367 3249 1078 1094 1078 3245 1367 3250 1209 3251 1078 3245 1209 3251 1035 3246 1035 3246 1209 3251 1208 3252 1035 3246 1208 3252 1037 3253 1037 3253 1208 3252 1210 3254 1037 3253 1210 3254 1036 3255 1209 3251 1367 3250 1207 3256 1207 3256 1367 3250 1368 3257 1347 3202 1033 3247 1369 3258 1348 3203 1370 3259 1339 3187 1370 3259 1348 3203 846 3260 846 3260 1348 3203 1371 3261 846 3260 1371 3261 843 3262 843 3262 1371 3261 1031 3263 843 3262 1031 3263 844 3264 846 3260 847 3265 851 3266 851 3266 847 3265 849 3267 847 3265 22 3268 849 3267 23 3269 839 3270 21 3271 21 3271 839 3270 1067 3272 21 3271 1067 3272 852 3273 852 3273 1067 3272 1068 3274 852 3273 1068 3274 850 3275 1372 3276 1370 3259 1068 3274 1068 3274 1370 3259 846 3260 1068 3274 846 3260 850 3275 850 3275 846 3260 851 3266 1069 3199 1346 3201 1068 3274 1068 3274 1346 3201 1372 3276 1070 3197 1373 3277 411 3195 1374 3278 1260 3279 320 3280 137 3281 1260 3279 321 3282 321 3282 1260 3279 1374 3278 1375 3283 327 3284 326 3285 486 3286 327 3287 1376 3288 1376 3288 327 3287 1375 3289 1376 3288 1375 3289 1028 3290 1028 3290 1375 3289 1377 3291 675 3292 1378 3293 676 3294 1378 3295 675 3296 1379 3297 1379 3297 675 3296 1338 3298 1379 3297 1338 3298 1380 3299 1380 3299 1381 3300 1379 3297 1379 3297 1381 3300 1382 3301 1379 3297 1382 3301 1311 3302 1309 3303 1383 3304 1311 3302 1311 3302 1383 3304 1379 3297 1305 3305 1384 3306 1309 3303 1309 3303 1384 3306 1385 3307 1309 3303 1385 3307 1383 3304 891 3308 1386 3309 892 3310 892 3311 1386 3312 1387 3313 892 3311 1387 3313 1302 3314 1302 3314 1387 3313 1384 3306 1302 3314 1384 3306 1305 3305 496 3315 1388 3316 1389 3317 496 3318 495 3319 1388 3320 1388 3320 495 3319 520 764 1388 3320 520 764 1390 764 1390 764 520 764 517 764 1390 764 517 764 1298 764 1071 3321 1391 3322 1072 3323 1008 3324 1046 3325 1027 3326 1027 3326 1046 3325 1391 3322 1027 3326 1391 3322 1392 3327 1392 3327 1391 3322 1071 3321 1021 3328 1017 3329 1024 3330 1024 3330 1017 3329 1016 3331 1024 3330 1016 3331 1025 3332 1025 3332 1016 3331 1008 3324 1025 3332 1008 3324 1027 3326 1391 3322 1393 3333 1394 3334 1394 3334 1393 3333 1395 3335 1394 3334 1395 3335 1396 3336 617 3337 1073 3338 618 3339 618 3340 1073 3341 1072 3323 618 3340 1072 3323 1397 3342 1397 3342 1072 3323 1391 3322 1397 3342 1391 3322 1394 3334 713 3343 1398 3344 715 3345 1398 3344 713 3343 1399 3346 1399 3346 713 3343 714 3347 1399 3346 714 3347 348 3348 650 3349 649 3350 347 3351 347 3351 649 3350 1400 3352 347 3351 1400 3352 348 3348 348 3348 1400 3352 1401 3353 348 3348 1401 3353 1399 3346 1398 3344 1402 3354 715 3345 715 3345 1402 3354 1403 3355 715 3345 1403 3355 712 3356 712 3356 1403 3355 1404 3357 712 3356 1404 3357 701 3358 701 3358 1404 3357 1405 3359 701 3358 1405 3359 650 3360 511 3361 498 3362 1406 3363 498 3362 544 3364 1406 3363 1406 3363 544 3365 810 3366 1406 3363 810 3366 511 3361 1407 3367 1408 3368 1409 3369 512 3370 417 3371 1410 3372 1410 3372 417 3371 1411 3373 1410 3372 1411 3373 1408 3368 1408 3368 1411 3373 1412 3374 1408 3368 1412 3374 1409 3369 414 3375 736 3376 415 3377 415 3377 736 3376 1413 3378 415 3377 1413 3378 416 3379 416 3379 1413 3378 1411 3373 416 3379 1411 3373 417 3371 1414 3380 1415 3381 1416 3382 1414 1119 1417 1119 1415 3383 1415 3384 1417 1119 1418 3385 1415 3386 1418 3387 1368 3388 1368 3389 1418 3390 1419 3391 1368 3389 1419 3391 1420 3392 1420 3392 1419 3391 377 3393 1420 3392 377 3393 374 3394 1420 3392 1421 3395 1368 3389 1368 3389 1421 3395 478 3396 1368 3389 478 3396 1207 3397 1207 3397 478 3396 477 3398 1416 3382 1415 3381 886 3399 886 3400 1415 3401 1422 1119 886 3402 1422 1119 883 1119 886 3403 1423 3404 1416 3405 1416 3406 1423 3407 188 3408 434 3409 1308 3410 1310 3411 434 3409 1424 3412 1308 3410 1308 3410 1424 3412 1425 3413 1308 3410 1425 3413 1303 3414 1303 3414 1425 3413 1426 3415 1303 3416 1426 3417 1304 3418 1304 3418 1426 3417 1427 3419 1304 3418 1427 3419 1428 3420 1304 3418 1428 3420 1312 3421 1312 3421 1428 3420 1429 3422 1312 3421 1429 3422 1307 3423 1430 3424 889 3425 890 3426 889 3427 1430 3428 1431 3429 1431 3429 1430 3428 1407 3430 1431 3429 1407 3430 1409 3431 1431 3429 1409 3431 889 3432 889 3432 1409 3431 887 3433 734 3434 693 3435 722 3436 688 3437 691 3437 730 3438 730 3439 691 3440 693 3441 730 3442 693 3443 732 3444 732 3445 693 3446 734 3447 773 3448 1057 3449 1056 3450 1057 3449 773 3448 1325 3451 1325 3451 773 3448 1432 3452 1325 3451 1432 3452 1324 3453 1433 3454 1434 3455 1435 3456 1435 3456 1434 3455 1436 3457 1437 3458 1438 3459 67 3460 67 3460 1438 3459 1439 3461 97 3462 45 3463 1440 3464 1440 3464 45 3463 879 3465 794 3466 918 3467 796 3468 796 3468 918 3467 917 3469 790 3470 921 3471 791 3472 791 3472 921 3471 927 3473 856 3474 855 3475 928 3476 928 3476 855 3475 864 3477 921 3478 790 3479 922 3480 922 3480 790 3479 789 3481 1438 3482 1441 3483 1439 3484 1439 3484 1441 3483 1442 3485 1441 3486 1437 3487 1442 3488 1442 3488 1437 3487 67 3489 1443 3490 1444 3491 881 3492 881 3492 1444 3491 880 3493 1445 3494 1440 3495 1444 3491 1444 3491 1440 3495 879 3496 1444 3491 879 3496 880 3493 1434 3497 1446 3498 1436 3499 1436 3499 1446 3498 1447 3500 38 3501 28 3502 39 3503 39 3503 28 3502 27 3504 925 3505 923 3506 857 3507 857 3507 923 3506 854 3508 1448 3509 1329 3510 895 3511 895 3511 1329 3510 896 1094 1449 1094 1450 1094 1451 1094 1451 1094 1450 1094 1452 1094 185 3512 1453 3513 212 3514 212 3515 1453 3516 976 3517 1454 3518 1455 3519 1456 3520 1456 3520 1455 3519 1457 3521 58 3522 1458 3523 59 3524 59 3525 1458 3526 1459 3527 1460 3528 1461 3529 172 3530 172 3530 1461 3529 170 3531 112 3532 84 3533 111 3534 111 3534 84 3533 83 3535 123 3536 114 3537 908 3538 908 3539 114 3540 113 3541 1461 3542 1462 3543 170 3544 170 3544 1462 3543 173 3545 856 3546 928 3547 857 3548 857 3548 928 3547 925 3549 77 3550 1463 3551 78 3552 78 3553 1463 3554 1464 3555 188 3556 1423 3557 189 3558 189 3558 1423 3557 886 1094 1465 3559 1466 3560 1467 3561 1467 3561 1466 3560 1468 3562 643 3563 203 3564 644 3565 644 3565 203 3564 202 3566 177 3567 1469 3568 178 3569 178 3569 1469 3568 1470 3570 1471 3571 1472 3572 1473 3573 1473 3573 1472 3572 1474 3574 1462 3575 1460 3576 173 3577 173 3577 1460 3576 172 3578 1475 3579 1476 3580 1477 3581 1477 3582 1476 3583 1478 3584 276 3585 275 3586 1479 3587 1479 3588 275 3589 1480 3590 1472 3591 1481 3592 1474 3593 1474 3593 1481 3592 1482 3594 179 3595 261 3596 177 3597 177 3597 261 3596 1483 3598 261 3599 1470 3600 1483 3601 1483 3601 1470 3600 1469 3602 1484 3603 560 3604 1485 3605 1485 3605 560 3604 1486 3606 560 3607 1487 3608 1486 3609 1486 3609 1487 3608 1488 3610 1479 3611 1489 3612 306 3613 306 3613 1489 3612 1490 3614 1491 3615 1490 3616 1492 3617 1492 3617 1490 3616 1489 3618 1481 3619 1471 3620 1482 3621 1482 3621 1471 3620 1473 3622 1493 3623 1494 3624 166 3625 166 3625 1494 3624 176 3626 1376 3627 1028 3628 1392 3629 1392 3630 1028 3631 1027 3632 319 3633 1495 3634 320 3635 320 3635 1495 3634 1374 3636 894 3637 893 3638 1429 3639 1429 3639 893 3638 1307 3640 1028 3641 1377 3642 146 3643 146 3644 1377 3645 159 3646 1487 3647 1484 3648 1488 3649 1488 3649 1484 3648 1485 3650 260 3651 1465 3652 1496 3653 1496 3653 1465 3652 1467 3654 1466 3655 260 3656 1468 3657 1468 3657 260 3656 1496 3658 1497 3659 1498 3660 1499 3661 1499 3661 1498 3660 1500 3662 376 3663 1081 3664 423 3665 423 3665 1081 3664 424 3666 462 3667 1367 3667 460 3667 460 1166 1367 1166 1077 1166 771 3668 770 3669 1393 3670 1393 3670 770 3669 1065 3671 1059 3672 1061 3673 1391 3674 1391 3674 1061 3673 330 3675 1391 3674 330 3675 1393 3670 1393 3670 330 3675 776 3676 1393 3670 776 3676 771 3668 330 3675 1061 3673 331 3677 333 3678 331 3677 770 3669 770 3669 331 3677 1061 3673 770 3669 1061 3673 1065 3671 1065 3671 1061 3673 1064 3679 770 3669 776 3676 333 3678 333 3678 776 3676 330 3675 1064 3679 1061 3673 1063 3680 681 3681 390 3682 2 3683 2 3683 390 3682 9 3684 1501 3685 1184 3686 1502 3687 1502 3687 1184 3686 529 3688 447 1119 985 1119 445 1119 445 1119 985 1119 1087 1119 343 3689 532 3690 344 3691 344 3691 532 3690 531 3692 1503 3693 1504 3694 1505 3695 1505 3696 1504 3697 1506 3698 376 3699 423 3700 374 3701 374 3702 423 3703 1420 3704 1507 3705 1508 3706 379 3707 379 3707 1508 3706 1509 3708 1510 3709 1511 3710 1512 3711 1512 3711 1511 3710 1513 3712 1514 3713 1515 3714 1516 3715 1516 3715 1515 3714 1517 3716 1504 3717 1518 3718 1506 3719 1506 3719 1518 3718 1519 3720 1508 3721 1520 3722 1509 3723 1509 3723 1520 3722 387 3724 1518 3725 1521 3726 1519 3727 1519 3727 1521 3726 1522 3728 1316 3729 1082 3730 408 3731 408 3731 1082 3730 406 3732 1521 3733 1503 3734 1522 3735 1522 3735 1503 3734 1505 3736 717 3737 346 3738 1523 3739 1523 3740 346 3741 703 3742 1524 3743 1507 3744 1525 3745 1525 3745 1507 3744 379 3746 1526 3747 1527 3748 1528 3749 1528 3749 1527 3748 514 3750 1511 3751 1529 3752 1513 3753 1513 3753 1529 3752 1530 3754 391 3755 1531 3756 397 3757 397 3757 1531 3756 398 3758 811 3759 813 3760 0 3761 0 3761 813 3760 1 3762 0 3763 1532 1166 811 3764 811 3765 1532 3766 807 3766 811 3767 807 3768 809 3768 807 3769 1532 3769 16 3769 16 1166 1532 1166 0 3770 435 3771 1526 3772 1533 3773 1533 3773 1526 3772 1528 3774 1520 3775 1524 3776 387 3777 387 3777 1524 3776 1525 3778 1527 3779 435 3780 514 3781 514 3781 435 3780 1533 3782 1534 3783 1535 3784 1536 3785 1536 3785 1535 3784 1537 3786 1538 3787 1534 3788 1539 3789 1539 3789 1534 3788 1536 3790 1540 3791 1538 3792 1541 3793 1541 3793 1538 3792 1539 3794 1542 3795 458 3796 1543 3797 1543 3797 458 3796 566 3798 1169 1528 1544 1528 1170 1528 1170 1528 1544 1528 1545 1528 1116 3799 470 3800 491 3801 491 3802 470 3803 494 3804 452 3805 931 3806 453 3807 453 3807 931 3806 929 3808 463 3809 1546 3810 464 3811 464 3812 1546 3813 1547 3814 1546 3813 1548 3815 1547 3814 1547 3814 1548 3815 1475 3816 1547 3814 1475 3816 1477 3817 459 3818 1542 3819 537 3820 537 3820 1542 3819 1543 3821 456 3822 262 3823 1549 3824 1549 3824 262 3823 472 3825 483 3826 1550 3827 484 3828 484 3829 1550 3830 1551 3831 1552 764 629 764 1553 764 1553 764 629 764 628 764 216 3832 1322 3833 215 3834 215 3834 1322 3833 1083 3835 1083 3835 1322 3833 1084 3836 1084 3836 1322 3833 1319 3837 1084 3838 1319 3839 1086 3840 1367 3841 462 3842 1368 3843 1368 3843 462 3842 1415 3844 1535 3845 1540 3846 1537 3847 1537 3847 1540 3846 1541 3848 1336 3849 1335 3850 1554 3851 1554 3852 1335 3853 1555 3854 1335 3853 1333 3855 1555 3854 1555 3854 1333 3855 1556 3856 1555 3854 1556 3856 1557 3857 1557 3857 1556 3856 1558 3858 1557 3857 1558 3858 1559 3859 1559 3859 1558 3858 1332 3860 1559 3859 1332 3860 1330 3861 1332 3860 1558 3858 1333 3855 1333 3855 1558 3858 1556 3856 1559 3859 1330 3861 1560 3862 1560 3862 1330 3861 1329 3863 1560 3862 1329 3863 1448 3864 512 3865 757 3866 412 3867 412 3868 757 3869 413 3870 1299 1094 1561 1094 1300 1094 1300 1094 1561 1094 1562 1094 1544 1166 1552 1166 1545 1166 1545 1166 1552 1166 1553 1166 1515 3871 1563 3872 1517 3873 1517 3873 1563 3872 1564 3874 1565 1094 1249 1094 1566 1094 1566 1094 1249 1094 1248 1094 563 3875 577 3876 564 3877 564 3877 577 3876 1567 3878 1167 3879 1161 3880 1568 3881 1568 3881 1161 3880 1160 3882 573 3883 538 3884 574 3885 574 3885 538 3884 1569 3886 1563 3887 1514 3888 1564 3889 1564 3889 1514 3888 1516 3890 1160 3891 598 3892 1568 3893 1568 3893 598 3892 600 3894 1570 3895 1571 3896 1572 3897 1572 3897 1571 3896 1573 3898 1574 3899 1575 3900 1576 3901 1576 3901 1575 3900 381 3902 810 3903 544 3904 822 3905 822 3906 544 3907 500 3908 533 3909 575 3910 545 3911 545 3912 575 3913 557 3914 1577 3915 1578 3916 1579 3917 1579 3917 1578 3916 1580 3918 1578 3919 579 3920 1580 3921 1580 3921 579 3920 601 3922 1571 3923 1581 3924 1573 3925 1573 3925 1581 3924 1582 3926 1583 3927 1584 3928 580 3929 580 3929 1584 3928 1585 3930 1248 1119 1253 1119 1566 1119 1566 1119 1253 1119 1297 1119 761 1119 764 3931 1296 1119 1296 1119 764 3932 1586 3933 766 3934 1587 3935 764 3932 764 3932 1587 3935 1588 3936 764 3932 1588 3936 1586 3933 1581 3937 1570 3938 1582 3939 1582 3939 1570 3938 1572 3940 577 3941 614 3942 1567 3943 1567 3943 614 3942 616 3944 1292 3945 1589 3946 1290 3947 1290 3947 1589 3946 1590 3948 1336 3949 1554 3950 1338 3951 1338 3951 1554 3950 1380 3952 1591 3953 1592 3954 659 3955 659 3955 1592 3954 1593 3956 1136 3957 1131 3958 1223 3959 1223 3960 1131 3961 1594 3962 651 3963 1591 3964 652 3965 652 3965 1591 3964 659 3966 1287 3967 1595 3968 969 3969 969 3970 1595 3971 970 3972 970 3972 1595 3971 974 3973 974 3973 1595 3971 1596 3974 974 3973 1596 3974 973 3975 973 3976 1596 3977 1180 3978 973 3979 1180 3980 975 764 729 3981 689 3982 730 3983 730 3984 689 3985 688 3986 883 1094 1422 1094 867 1094 867 1094 1422 1094 882 1094 1597 1166 1598 1166 940 1166 940 1166 1598 1166 941 1166 1419 3987 1418 3988 1294 3989 1294 3989 1418 3988 1202 3990 1599 3991 1600 3992 378 3993 378 3994 1600 3995 200 3996 200 3996 1600 3995 201 3997 201 3998 1600 3999 1601 4000 201 4001 1601 4002 1602 4003 1597 1528 940 4004 1603 4005 1603 4006 940 4007 939 4008 1512 4009 1530 4010 1510 4011 1510 4011 1530 4010 1529 4012 1294 4013 431 4014 1419 4015 1419 4015 431 4014 377 4016 1584 4017 604 4018 1585 4019 1585 4019 604 4018 603 4020 796 4021 917 4022 797 4023 797 4023 917 4022 922 4024 797 4023 922 4024 789 4025 918 4026 794 4027 919 4028 919 4028 794 4027 793 4029 919 4028 793 4029 920 4030 920 4031 793 4032 1002 4033 1002 4033 793 4032 792 4034 1002 4033 792 4034 994 4035 1051 4036 1053 4037 1443 4038 1443 4038 1053 4037 1604 4039 1443 4038 1604 4039 1605 4040 1443 4038 881 4041 1051 4036 1051 4036 881 4041 1415 3844 1051 4036 1415 3844 1048 4042 1048 4042 1415 3844 462 3842 881 4041 882 4043 1415 3844 1415 4044 882 4045 1422 1528 781 4046 780 4047 863 4048 863 4049 780 4050 140 4051 48 1011 51 1010 903 4052 903 4052 51 1010 143 4053 903 4054 902 4055 48 4056 48 4056 902 4055 69 4057 864 4058 855 4059 865 4060 865 4060 855 4059 854 4061 865 4060 854 4061 923 4062 685 4063 81 4064 683 4065 683 4066 81 4067 80 4068 1096 4069 1095 4070 978 4071 978 4071 1095 4070 267 4072 978 4071 267 4072 212 4073 1459 4074 1458 4075 1606 4076 1606 4076 1458 4075 1607 4077 1606 4076 1607 4077 1608 4078 1191 4079 1609 4080 1189 4081 1189 4081 1609 4080 1181 4082 1393 4083 1200 4084 1395 4085 1395 4085 1200 4084 1199 4086 1395 4085 1199 4086 1609 4080 1609 4080 1199 4086 1182 4087 1609 4080 1182 4087 1181 4082 56 4088 145 4089 64 4090 64 4090 145 4089 142 4091 57 4092 833 4093 56 4094 56 4094 833 4093 835 4095 56 4096 835 4097 145 4098 145 4098 835 4097 34 4099 145 4098 34 4099 33 4100 44 4101 102 4102 163 4103 163 4104 102 4105 101 4106 1610 4107 1611 4108 60 4109 60 4110 1611 4111 58 4112 1215 4113 161 4114 905 4115 905 4116 161 4117 160 4118 155 4119 913 4120 153 4121 153 4121 913 4120 1612 4122 153 4121 1612 4122 147 4123 1026 4124 1038 4125 1023 4126 1023 4126 1038 4125 1022 4127 146 4128 198 4129 1026 4124 1026 4124 198 4129 1039 4130 1026 4124 1039 4130 1038 4125 1075 4131 1613 4132 1437 4133 1437 4133 1613 4132 1438 4134 1438 4134 1613 4132 1614 4135 1614 4135 1613 4132 1480 4136 1614 4135 1480 4136 302 4137 302 4137 1480 4136 274 4138 302 4137 274 4138 1614 4135 1614 4135 274 4138 1441 4139 1614 4135 1441 4139 1438 4134 1480 4136 275 1094 274 4138 461 4140 1074 4141 1076 4142 462 4143 461 4140 276 4144 276 4144 461 4140 1076 4142 276 4145 1076 4146 274 4147 274 4147 1076 4146 1075 4148 274 4138 1075 4131 1441 4139 1441 4139 1075 4131 1437 4133 1048 4149 462 4143 1049 4150 1049 4150 462 4143 276 4144 1049 4150 276 4144 885 4151 1604 4152 1053 2444 888 4153 888 4153 1053 2444 1052 2443 888 4153 1052 2443 884 4154 860 4155 859 4156 135 4157 135 4157 859 4156 130 4158 1075 4159 1079 4160 1203 4161 1203 4162 1079 4163 1205 4164 1203 4165 1615 4166 1075 4167 1075 4168 1615 4169 66 4170 1075 4171 66 4172 307 4173 1616 4174 1613 4175 307 4173 307 4173 1613 4175 1075 4171 1416 4176 188 4177 1616 4178 1616 4174 188 4179 1480 4180 1616 4174 1480 4180 1613 4175 104 4181 151 4182 105 4183 105 4183 151 4182 150 764 105 4183 150 764 924 764 142 1114 33 1113 164 4184 164 4184 33 1113 32 4185 254 4186 686 4187 257 4188 257 4188 686 4187 256 4189 187 4190 325 4191 137 4192 137 4193 325 4194 1260 4195 457 4196 262 4197 179 4198 179 4198 262 4197 261 4199 276 4200 1617 4201 190 4202 190 4202 1617 4201 188 4203 1479 4204 1480 4205 1489 4206 1489 4206 1480 4205 188 4203 1489 4206 188 4203 1492 4207 1492 4207 188 4203 1617 4201 1492 4207 1617 4201 1479 4208 1479 4208 1617 4201 276 4200 1618 4209 1058 4210 1619 4211 1619 4211 1058 4210 1057 4212 1618 4209 1620 4213 1058 4210 1058 4210 1620 4213 1393 4214 1058 4210 1393 4214 1065 4215 1056 4216 1055 4217 685 4218 685 4218 1055 4217 1621 4219 685 4218 1621 4219 81 4220 1055 4217 1088 1119 1621 4219 1621 4219 1088 1119 82 4221 1621 4219 82 4221 81 4220 264 4222 266 4223 1622 4224 1622 4225 266 4226 1623 4227 265 4228 1623 4229 263 4230 263 4231 1623 4232 266 4233 997 4234 992 4235 990 4236 990 4236 992 4235 930 4237 1216 4238 1624 4239 1213 4240 1213 4241 1624 4242 1214 4243 1625 4244 530 4245 1626 4246 1626 4246 530 4245 1185 4247 758 4248 760 4249 1323 4250 1323 4250 760 4249 1086 4251 1323 4252 1086 4253 1319 4254 476 4255 1627 4256 1628 4257 1628 4257 1627 4256 488 4258 488 4258 1627 4256 386 4259 386 4259 1627 4256 1629 4260 386 4259 1629 4260 1630 4261 1630 4261 1629 4260 1631 4262 1630 4261 1631 4262 1632 4263 1632 4263 1631 4262 1633 4264 1632 4263 1633 4264 509 4265 509 4265 1633 4264 1634 4266 509 4265 1634 4266 658 4267 658 4267 1634 4266 1635 4268 658 4267 1635 4268 1636 4269 1636 4269 1635 4268 877 4270 1636 4269 877 4270 873 4271 484 4272 1551 4273 485 4274 485 4274 1551 4273 548 4275 1162 4276 401 4277 1531 4278 1531 4279 401 4280 398 4281 523 4282 522 4283 1085 4284 1085 4284 522 4283 407 4285 1085 4286 407 4287 406 4288 357 4289 1119 4290 1295 4291 1295 4292 1119 4293 1118 4294 551 4295 429 4296 432 4297 432 4297 429 4296 1107 4298 1141 4299 1147 4300 570 4301 570 4302 1147 4303 571 4304 8 4305 175 4306 16 4307 16 4307 175 4306 165 4308 16 4309 165 4310 807 764 490 4311 1628 4312 385 4313 385 4314 1628 4315 488 4316 1250 4317 1249 4318 1502 4319 1502 4319 1249 4318 1637 4320 1502 4319 1637 4320 1501 4321 1249 4318 1565 4322 1637 4320 1637 4320 1565 4323 1638 4324 1637 4320 1638 4324 1501 4321 486 4325 1376 4326 1071 4327 1071 4328 1376 4329 1392 4330 470 4331 373 4332 494 4333 494 4334 373 4335 372 4336 988 4337 469 4338 989 4339 989 4340 469 4341 454 4342 1565 4343 1566 4344 1638 4345 1638 4345 1566 4344 1588 4346 1588 4346 1566 4344 1586 764 1586 764 1566 4347 1297 764 1586 764 1297 764 1296 764 1137 4348 576 4349 1569 4350 1569 4350 576 4349 574 4351 1203 1004 1202 1004 1615 1004 1615 1004 1202 1004 1418 1004 1615 1004 1418 1004 1417 1004 1163 4352 539 4353 573 4354 573 4355 539 4356 538 4357 478 4358 1421 4359 425 4360 425 4360 1421 4359 1420 4361 425 4362 1420 4363 423 4364 1206 4365 1639 4366 946 4367 946 4367 1639 4366 1640 4368 946 4367 1640 4368 942 4369 1641 1119 942 4369 1642 4370 1642 4370 942 4369 1640 4368 570 4371 479 4372 1141 4373 1141 4373 479 4372 481 4374 1163 4375 547 4376 539 4377 539 4377 547 4376 1231 4378 1231 4378 547 4376 1230 4379 1230 4379 547 4376 549 4380 1230 4379 549 4380 1550 4381 546 4382 1229 4383 483 4384 483 4384 1229 4383 1230 4379 483 4384 1230 4379 1550 4381 395 4385 418 4386 359 4387 359 4388 418 4389 1229 4383 359 4388 1229 4383 546 4382 1388 4390 1251 4391 1389 4392 1389 4392 1251 4391 1254 4393 1388 4390 1390 4394 1251 4391 1251 4391 1390 4394 1298 1119 1251 4391 1298 1119 1252 1119 1640 4395 1270 4396 1642 4397 1642 4397 1270 4396 1269 4398 1642 4397 1269 4398 1641 4399 1594 4400 868 4401 1223 4402 1223 4403 868 4404 870 4405 984 4406 983 4407 1168 4408 1168 4409 983 4410 1643 4411 1590 4412 1641 4413 1290 4414 1290 4414 1641 4413 1269 4415 1644 4416 1645 4417 1590 4412 1590 4412 1645 4417 1646 4418 1590 4412 1646 4418 1641 4413 1641 4413 1646 4418 943 4419 1641 4413 943 4419 942 764 1646 4418 664 4420 943 4419 943 4421 664 4422 663 4423 643 4424 642 4425 686 4426 686 4427 642 4428 687 4429 254 4430 288 4431 686 4426 686 4426 288 4431 203 4432 686 4426 203 4432 643 4424 562 4433 251 4434 288 4435 288 4435 251 4434 204 4436 288 4435 204 4436 203 4437 204 4436 251 4434 613 4438 249 4439 687 4440 251 4434 251 4434 687 4440 642 4441 251 4434 642 4441 613 4438 1647 1004 1648 4442 1410 1004 1410 1004 1648 4443 512 4444 1408 4445 1407 4446 727 4447 727 4447 1407 4446 1430 4448 727 4447 1430 4448 768 4449 721 1004 692 1004 690 1004 1649 1004 1650 1004 752 1004 752 4450 1650 4450 1651 4450 752 4451 1651 4451 754 4451 754 1004 1651 1004 1652 1004 754 4452 1652 4452 728 4452 728 1004 1652 1004 1653 1004 728 4453 1653 4453 729 4453 729 1004 1653 1004 1654 1004 729 1004 1654 1004 689 1004 689 1004 1654 1004 1655 1004 689 4454 1655 4454 690 4454 690 4455 1655 4455 1656 4455 690 1004 1656 1004 721 1004 721 4456 1656 4456 1657 4456 721 4457 1657 4457 723 4457 723 1004 1657 1004 1647 1004 723 1004 1647 1004 727 4447 727 4447 1647 1004 1410 1004 727 4447 1410 1004 1408 4445 750 4458 748 4458 746 4458 1658 4459 1659 4459 742 4459 742 1004 1659 1004 1660 1004 742 4460 1660 4460 744 4460 744 4461 1660 4461 1661 4461 744 1004 1661 1004 746 1004 746 1004 1661 1004 1662 1004 746 1004 1662 1004 750 1004 750 1004 1662 1004 1649 1004 750 1004 1649 1004 752 1004 757 4462 1663 4463 756 4464 756 4465 1663 4466 1664 1004 756 4467 1664 4468 738 4468 738 1004 1664 1004 1665 1004 738 4469 1665 4469 740 4469 740 1004 1665 1004 1658 1004 740 4470 1658 4470 742 4470 512 4471 1648 4472 757 4462 757 4462 1648 4472 1666 4473 757 4462 1666 4473 1663 4463 352 4474 200 4475 353 4476 353 4476 200 4475 199 4477 642 4478 654 4479 613 4480 613 4481 654 4482 612 4483 1430 4484 890 4485 768 4486 768 4487 890 4488 878 4489 768 4490 878 4491 772 4492 388 4493 390 4494 669 4495 669 4496 390 4497 681 4498 669 4496 681 4498 680 4499 698 4500 717 4501 1667 4502 1667 4503 717 4504 1523 4505 773 4506 775 4507 1432 4508 1432 4509 775 4510 1326 4511 1432 4509 1326 4511 1324 4512 662 4513 1668 4514 660 4515 660 4516 1668 4517 938 4518 1669 4519 1644 4520 1289 4521 1289 4522 1644 4523 273 4524 1289 4522 273 4524 1291 4525 1291 4525 273 4524 272 4526 1291 4525 272 4526 1204 4527 1289 4528 1288 4529 1669 4530 1669 4531 1288 4532 947 1528 1669 4531 947 1528 1598 1528 1598 1528 947 1528 941 1528 926 4533 59 4534 927 4535 927 4535 59 4534 53 4536 927 4535 53 4536 791 4537 791 4537 53 4536 55 4538 1561 764 1237 764 1562 764 1562 764 1237 764 785 764 1562 764 785 764 787 764 1447 4539 1446 4540 1435 4541 1435 4541 1446 4540 1433 4542 683 4543 80 4544 61 4545 61 4545 80 4544 1326 4546 61 4545 1326 4546 1318 4547 1318 4547 1326 4546 775 4548 1318 4547 775 4548 1670 4549 1670 4549 775 4548 774 4550 1670 4549 774 4550 1671 4551 1671 4551 774 4550 684 4552 1671 4551 684 4552 1672 4553 1672 4553 684 4552 61 4545 1672 4553 61 4545 208 4554 208 4554 61 4545 1089 4555 208 4554 1089 4555 1673 4556 1673 4556 1089 4555 1091 4557 1673 4556 1091 4557 1671 4551 683 4543 61 4545 684 4552 1318 4547 1317 4558 61 4545 61 4545 1317 4558 1089 4555 208 4554 1673 4556 1672 4553 1672 4553 1673 4556 1671 4551 17 4559 19 4560 1674 4561 1674 4562 19 4563 1675 4564 354 4565 353 4566 1676 4567 1676 4567 353 4566 214 4568 1676 4567 214 4568 1677 4569 1677 4569 214 4568 324 4570 1677 4569 324 4570 620 4571 1457 4572 1455 4573 1678 4574 1678 4574 1455 4573 1679 4575 25 4576 44 4577 37 4578 37 4579 44 4580 36 4581 168 4582 1680 4583 89 4584 89 4585 1680 4586 87 4587 1678 4588 1679 4589 1456 4590 1456 4590 1679 4589 1454 4591 67 4592 66 4593 1442 4594 1442 4594 66 4593 1414 4595 1442 4596 1414 4597 1439 4598 1416 4599 1616 4600 1414 4597 1414 4597 1616 4600 1681 4601 1414 4597 1681 4601 305 4602 305 4602 1681 4601 306 4603 305 4602 306 4603 303 4604 306 4603 1681 4601 1491 4605 1491 4605 1681 4601 1616 4600 1491 4605 1616 4600 1490 4606 1490 4606 1616 4600 307 4607 1490 4606 307 4607 306 4608 66 4609 65 4610 307 4611 307 4611 65 4610 304 4612 307 4611 304 4612 303 4613 67 4614 1439 4598 65 4610 65 4610 1439 4598 1414 4597 65 4610 1414 4597 304 4612 304 4612 1414 4597 305 4602 86 4615 88 4616 168 4617 168 4618 88 4619 1680 4620 59 4621 1459 4621 53 4621 53 1119 1459 1119 1606 1119 53 1119 1606 1119 107 4622 107 4623 1606 4624 1608 4625 107 4623 1608 4625 1610 4626 41 4627 43 4628 1682 4629 1682 4630 43 4631 1683 4632 1682 4630 1683 4632 1684 4633 1684 4633 1683 4632 1464 4634 1684 4635 1464 4636 1463 4637 199 4638 322 4639 213 4640 213 4641 322 1382 324 1384 213 4641 324 1384 214 4642 1611 4643 1610 4644 1607 4645 1607 4645 1610 4644 1608 4646 91 4647 93 4648 1685 4649 1685 4650 93 4651 1686 4652 52 4653 1687 4654 1624 4655 1624 4242 1687 4656 1214 4243 163 4657 15 4658 160 4659 160 4660 15 4661 14 4662 1004 1119 1610 1119 926 1119 926 4663 1610 4663 60 4663 926 4664 60 4664 59 4664 48 4665 1214 4666 52 4667 52 4667 1214 4666 1687 4668 827 4669 829 4670 137 4671 137 4672 829 4673 831 4674 161 4675 1215 4676 164 4677 164 4678 1215 4679 1211 4680 164 4678 1211 4680 142 4681 1611 4682 1607 4683 106 4684 106 4684 1607 4683 1458 4685 106 4684 1458 4685 54 4686 54 4686 1458 4685 994 4687 54 4686 994 4687 792 4688 106 4684 105 4689 1611 4682 1611 4682 105 4689 924 4690 1611 4682 924 4690 994 4687 1611 4682 994 4687 58 4691 58 4691 994 4687 1458 4685 1685 4692 1686 4693 124 4694 124 4695 1686 4696 92 4697 29 4698 28 4699 824 4700 824 4701 28 4702 38 4703 824 4701 38 4703 826 4704 826 4704 38 4703 1684 4705 1684 4705 38 4703 29 4698 1684 4705 29 4698 1682 4706 1682 4706 29 4698 824 4700 1682 4706 824 4700 800 4707 1463 4708 1455 4709 1684 4705 1684 4705 1455 4709 1454 4710 1684 4705 1454 4710 826 4704 826 4704 1454 4710 1679 4711 826 4704 1679 4711 828 4712 1679 4711 1455 4709 828 4712 828 4712 1455 4709 1463 4708 828 4712 1463 4708 139 4713 139 4713 1463 4708 1475 4714 139 4713 1475 4714 108 4715 108 4715 1475 4714 1548 4716 108 4715 1548 4716 830 4717 830 4717 1548 4716 194 4718 1688 4719 1463 4708 77 4720 1548 4716 319 4721 194 4718 194 4718 319 4721 1495 4722 194 4718 1495 4722 1261 4723 1261 4723 1495 4722 1546 4724 1261 4723 1546 4724 463 4725 1495 4722 319 4721 1546 4724 1546 4724 319 4721 1548 4716 463 4725 1689 4726 1261 4723 1261 4723 1689 4726 1259 4727 463 4725 1228 4728 1689 4726 1689 4726 1228 4728 1234 4729 1689 4726 1234 4729 1233 4730 1258 4731 1259 4727 1255 4732 1255 4732 1259 4727 1689 4726 1255 4733 1689 4726 1233 4730 108 4715 830 4717 116 4734 116 4734 830 4717 828 4712 116 4734 828 4712 139 4713 1690 4735 1691 4736 77 4720 77 4720 1691 4736 1476 4737 77 4720 1476 4737 1688 4719 1688 4719 1476 4737 1475 4714 1688 4719 1475 4714 1463 4708 800 4707 802 4738 1692 4739 1692 4739 802 4738 35 4740 1692 4739 35 1166 1612 4741 802 4742 30 1166 35 1166 1612 4741 913 4743 1692 4739 1692 4739 913 4743 41 4744 1692 4739 41 4744 800 4707 800 4707 41 4744 1682 4706 34 4745 835 4746 35 4747 35 4748 835 4749 147 4750 35 4751 147 4752 1612 4753 1605 4754 1445 4755 1443 4756 1443 4756 1445 4755 1444 4757 98 4758 97 4759 1605 4760 1605 4754 97 4761 1440 4762 1605 4754 1440 4762 1445 4755 107 4763 1610 4764 152 4765 152 4765 1610 4764 1004 4766 152 4767 1004 4768 149 1528 1285 4769 128 4770 1286 4771 1286 4771 128 4770 144 4772 1286 4771 144 4772 1287 4773 1674 4774 1675 4775 20 4776 20 4777 1675 4778 18 4779 863 4780 140 4781 862 4782 862 4782 140 4781 125 4783 862 4784 125 2931 861 2929 1052 4785 1050 4786 884 4787 884 4788 1050 4789 1049 4790 884 4788 1049 4790 885 4791 1348 4792 1347 4793 1371 4794 1371 4794 1347 4793 1369 4795 1371 4794 1369 4795 1031 4796 1693 4797 1694 4798 182 4799 182 4800 1694 4801 180 4802 1695 4803 1696 4804 70 4805 70 4805 1696 4804 1697 4806 70 4805 1697 4806 1066 4807 1066 4807 1697 4806 1698 4808 1066 4807 1698 4808 298 4809 298 4809 1698 4808 1699 4810 298 4809 1699 4810 439 4811 439 4811 1699 4810 286 4812 439 4811 286 4812 1700 4813 1700 4813 286 4812 1701 4814 1700 4813 1701 4814 1702 4815 100 4816 1703 4817 1704 4818 1700 4813 1702 4815 1704 4818 1704 4818 1702 4815 1705 4819 1704 4818 1705 4819 100 4816 100 4816 1705 4819 1695 4803 100 4816 1695 4803 70 4805 298 4809 297 4820 1066 4807 206 4821 211 4822 195 4823 195 4823 211 4822 1706 4824 195 4823 1706 4824 1707 4825 1707 4825 1706 4824 1708 4826 1708 4826 1706 4824 1709 4827 1708 4826 1709 4827 513 4828 513 4828 1709 4827 1710 4829 513 4828 1710 4829 1711 4830 1711 4830 1710 4829 1712 4831 1711 4830 1712 4831 1713 4832 1711 4830 1713 4832 1714 4833 1714 4833 1713 4832 1715 4834 1714 4833 1715 4834 1716 4835 1716 4835 1715 4834 1717 4836 1716 4835 1717 4836 1718 4837 1718 4837 1717 4836 1719 4838 1718 4837 1719 4838 1720 4839 1720 4839 1719 4838 1721 4840 1720 4839 1721 4840 1722 4841 1722 4841 1721 4840 1723 4842 1722 4841 1723 4842 1724 4843 1724 4843 1723 4842 1725 4844 1726 4845 1727 4846 1728 4847 1728 4847 1727 4846 455 4848 1728 4849 455 4850 1729 4851 1729 4851 455 4850 1730 4852 1729 4851 1730 4852 1725 4853 1725 4853 1730 4852 1731 4854 1725 4853 1731 4854 1724 4855 205 4856 210 4857 1732 4858 1732 4858 210 4857 1733 4859 1732 4858 1733 4859 1734 4860 1734 4860 1733 4859 1735 4861 1734 4860 1735 4861 1736 4862 1736 4862 1735 4861 1727 4846 1736 4862 1727 4846 1726 4845 1691 4863 1690 4864 309 4865 309 4866 1690 4867 1737 4868 181 4869 318 4870 1693 4871 1693 4871 318 4870 1694 4872 1738 4873 1676 4874 1739 4875 1739 4875 1676 4874 1740 4876 1740 4877 1741 4878 1195 4879 1676 4874 1677 4880 1740 4876 1740 4876 1677 4880 620 4881 1740 4882 620 4883 1741 4884 1741 4885 620 4886 619 4887 1741 4885 619 4887 1742 4888 1742 4888 619 4887 618 4889 1742 4888 618 4889 1396 4890 1396 4890 618 4889 1397 4891 1396 4890 1397 4891 1394 1094 1196 4892 1676 4874 1194 4893 1194 4893 1676 4874 1738 4873 1194 4893 1738 4873 1195 4879 1195 4879 1738 4873 1743 1094 1195 4879 1743 1094 1740 4877 1618 4894 1200 764 1620 764 1620 764 1200 764 1393 4895 1098 764 1200 764 1091 764 1091 764 1200 764 1618 4896 1091 764 1618 4896 1671 4897 1671 4897 1618 4896 1619 4898 1671 4897 1619 4898 1670 4899 306 4900 1491 4901 1479 4902 1479 4902 1491 4901 1492 4903 1744 4904 1690 4905 79 4906 79 4907 1690 4908 77 4909 914 4910 154 4911 1745 4912 1745 4913 154 4914 1746 4915 1745 4913 1746 4915 1744 4916 1744 4916 1746 4915 1737 4917 1744 4918 1737 4919 1690 4920 185 4921 184 4922 1747 4923 1747 4923 184 4922 1748 4924 1747 4923 1748 4924 1749 1094 1749 1094 1748 4924 1168 1094 1749 4925 1168 4925 1750 4925 1750 4926 1168 4926 1643 4926 1750 4927 1643 4927 1751 4927 1747 4923 1752 4928 185 4921 185 4921 1752 4928 1753 4929 185 4921 1753 4929 1453 4930 1453 4931 1753 4932 1754 4933 1453 4934 1754 1094 1755 1094 1755 1094 1754 1094 1756 1094 1755 4935 1756 4935 1757 4935 1757 1094 1756 1094 1751 1094 1750 4936 1751 4936 1758 4936 1758 1094 1751 1094 1756 1094 1757 1094 1759 1094 1755 1094 280 4937 456 4938 299 4939 299 4939 456 4938 1735 4940 299 4941 1735 4942 1733 4943 260 4944 262 4945 283 4946 283 4946 262 4945 456 4938 283 4946 456 4938 280 4937 260 4944 283 4946 1465 4947 1465 4947 283 4946 299 4941 1465 4947 299 4941 1466 4948 1466 4948 299 4941 1733 4943 1466 4948 1733 4943 210 4949 260 4950 1466 4948 261 4951 261 4951 1466 4948 210 4949 261 4951 210 4949 1470 4952 1470 4952 210 4949 207 4953 1470 4952 207 4953 178 4954 178 4954 207 4953 1760 4955 178 4954 1760 4955 1761 4956 207 4953 1762 4957 1760 4955 182 4958 181 4959 206 4960 206 4960 181 4959 1762 4957 206 4960 1762 4957 1763 4961 1763 4961 1762 4957 207 4953 1763 4961 207 4953 206 4960 182 4958 206 4960 195 4962 181 4959 1693 4963 1762 4957 1762 4957 1693 4963 1764 4964 1693 4963 182 4965 1764 4964 1764 4964 182 4965 192 4966 1764 4964 192 4966 300 4967 300 4967 1765 4968 1764 4964 192 4969 195 4970 193 4971 1707 4972 1765 4968 195 4970 195 4970 1765 4968 300 4967 195 4970 300 4967 193 4971 513 4973 507 4974 1708 4975 1708 4976 507 4977 501 4978 1708 4976 501 4978 1707 4972 1707 4972 501 4978 1766 4979 1707 4972 1766 4979 1765 4968 507 4980 1767 4981 528 4982 528 4982 1767 4981 1766 4979 528 4982 1766 4979 501 4978 507 4980 514 4983 1767 4981 1767 4981 514 4983 1533 4984 1767 4981 1533 4984 1768 4985 1768 4985 1533 4984 1528 4986 1768 4985 1528 4986 654 4987 654 4987 1528 4986 513 4988 654 4987 513 4988 612 4989 612 4989 513 4988 1711 4990 612 4991 1711 4992 202 4993 202 4993 1711 4992 1714 4994 202 4993 1714 4994 1716 4995 514 4996 513 4988 1528 4986 1716 4995 1718 4997 202 4993 202 4993 1718 4997 644 4998 220 4999 1720 5000 279 5001 1722 5002 1482 5003 1720 5000 1720 5000 1482 5003 291 5004 1720 5000 291 5004 279 5001 279 5001 291 5004 1769 5005 279 5001 1769 5005 219 5006 219 5006 1769 5005 220 5007 1724 5008 678 5009 677 5010 666 5011 1770 5012 677 5010 677 5010 1770 5012 1771 5013 677 5010 1771 5013 1724 5008 1724 5008 1771 5013 1772 5014 1724 5008 1772 5014 1722 5002 1722 5002 1772 5014 1474 5015 1722 5002 1474 5015 1482 5003 678 5016 1730 5017 666 5018 666 5011 1730 5019 1510 5020 666 5011 1510 5020 1770 5012 1770 5012 1510 5020 1529 5021 1770 5012 1529 5021 1773 5022 1773 5022 1529 5021 1511 5023 1773 5022 1511 5023 1515 5024 1515 5024 1511 5023 1730 5019 1515 5024 1730 5019 455 5025 1510 5020 1730 5019 1511 5023 1761 5026 1774 5027 455 5025 455 5025 1774 5027 1563 5028 455 5025 1563 5028 1515 5024 455 5025 179 5029 1761 5026 1761 5026 179 5029 178 5030 1769 5005 644 5031 220 5007 220 4999 644 4998 1718 4997 220 4999 1718 4997 1720 5000 1769 5005 291 5004 1775 5032 1775 5032 291 5004 1482 5003 1775 5032 1482 5003 1473 5033 1474 5015 1772 5014 1473 5033 1473 5033 1772 5014 1775 5032 1514 5034 1773 5022 1515 5024 1773 5022 1514 5034 1776 5035 1776 5035 1514 5034 1563 5028 1776 5035 1563 5028 1774 5027 1777 5036 1778 5037 317 5038 317 5039 1778 5040 315 5041 439 5042 1700 5043 990 5044 990 5044 1700 5043 997 5045 997 5045 1700 5043 998 5046 998 5046 1700 5043 1704 5047 998 5046 1704 5047 999 5048 999 5048 1704 5047 1703 5049 999 5048 1703 5049 1000 5050 1000 5050 1703 5049 100 5051 1000 5050 100 5051 72 5052 174 5053 1779 5054 166 5055 166 5055 1779 5054 1493 5056 1599 5057 1006 5058 1780 5059 1780 5060 1006 5061 1005 5062 296 5063 1373 5064 297 5065 297 5066 1373 5067 1070 5068 297 5066 1070 5068 1066 5069 911 5070 910 5071 963 5072 963 5072 910 5071 1361 5073 963 5072 1361 5073 964 5074 964 5074 1361 5073 1360 5075 964 5074 1360 5075 986 5076 986 5076 1360 5075 1358 5077 986 5076 1358 5077 987 5078 987 5078 1358 5077 988 5079 409 5080 411 5081 1354 5082 1354 5083 411 5084 1373 5064 1354 5083 1373 5064 1355 5085 1355 5085 1373 5064 296 5063 1355 5086 296 5087 1356 5088 1356 5089 296 5090 991 5091 1356 5089 991 5091 1357 5092 1357 5092 991 5091 988 5079 1357 5092 988 5079 1358 5077 1396 5093 1395 5094 1742 5095 1742 5096 1395 5097 1609 5098 1742 5096 1609 5098 1741 5099 1741 5099 1609 5098 1191 5100 1741 5099 1191 5100 1195 1119 176 5101 1494 5102 174 5103 174 5103 1494 5102 1779 5104 316 5105 328 5106 1777 5107 1777 5108 328 5109 1778 5110 285 5111 287 5112 1343 5113 1343 5114 287 5115 1781 5116 1343 5114 1781 5116 1344 5117 1344 5117 1781 5116 1782 5118 1344 5117 1782 5118 1345 5119 1345 5119 1782 5118 1783 5120 1345 5119 1783 5120 1346 5121 1346 5121 1783 5120 1784 5122 1346 5121 1784 5122 1372 5123 1372 5123 1784 5122 1785 5124 1372 5123 1785 5124 1370 5125 1370 5125 1785 5124 1786 5126 1370 5125 1786 5126 1339 5127 1339 5127 1786 5126 1787 5128 1339 5127 1787 5128 1340 5129 1340 5129 1787 5128 1788 5130 1340 5129 1788 5130 1342 5131 1342 5131 1788 5130 286 5132 1342 5131 286 5132 285 5133 52 5134 1624 5135 1217 5136 1217 5136 1624 5135 1216 5137 1789 5138 1790 5139 1791 5140 1791 5140 1790 5139 1792 5141 1793 5142 1794 5143 380 5144 380 5144 1794 5143 1795 5145 319 5146 321 5147 1495 5148 1495 5149 321 5150 1374 5151 309 5152 308 5153 1691 5154 1691 5155 308 5156 1478 5157 1691 5155 1478 5157 1476 5158 558 5159 1504 5160 1497 5161 1497 5162 1504 5163 1173 5164 1791 5165 1792 5166 1499 5167 1499 5167 1792 5166 1497 5168 340 5169 358 1094 1157 5170 1157 5170 358 1094 361 5171 1157 5170 361 5171 1158 5172 361 5171 363 5173 1158 5172 1158 5172 363 5173 365 5174 1158 5172 365 5174 536 5175 536 5175 365 5174 367 5176 536 5175 367 5176 534 5177 367 5176 369 5178 534 5177 534 5177 369 5178 371 5179 534 5177 371 5179 1222 5180 1222 5181 371 5182 373 1094 1222 5183 373 5184 471 5184 1796 5185 1797 5186 1798 5187 1798 5188 1797 5189 1799 5190 1798 5188 1799 5190 1800 5191 1800 5191 1799 5190 350 5192 1800 5193 350 5194 349 5195 1187 5196 1588 5197 1186 5198 1186 5198 1588 5197 1587 5199 1186 5198 1587 5199 767 5200 767 5201 1587 5202 766 5203 496 5204 1389 5205 1187 5206 1187 5196 1389 5207 1254 5208 1187 5196 1254 5208 1588 5197 380 5209 1795 5210 1801 5211 1801 5211 1795 5210 1802 5212 1801 5213 1802 5214 1793 5215 1793 5215 1802 5214 1794 5216 1500 5217 1498 5218 1789 5219 1789 5219 1498 5218 1790 5220 526 5221 525 5222 1317 5223 1317 5224 525 5225 1089 5226 1502 5227 529 5228 1250 5229 1250 5229 529 5228 530 5230 1250 5229 530 5230 1625 5231 382 5232 384 5233 553 5234 553 5235 384 5236 550 764 1626 5237 1185 5238 1638 5239 1638 5239 1185 5238 1184 5240 1638 5239 1184 5240 1501 5241 1219 5242 552 5243 1220 5244 1220 5244 552 5243 1162 5245 1220 5246 1162 5247 393 5248 494 5249 372 5250 492 5251 492 5252 372 5253 556 5254 492 5252 556 5254 1218 5255 1218 5255 556 5254 555 5256 1218 5255 555 5256 1219 5242 1219 5242 555 5256 554 5257 1219 5242 554 5257 552 5243 1803 5258 1804 5259 1796 5260 1796 5260 1804 5259 1797 5261 1250 5262 1625 5263 1254 5264 1254 5264 1625 5263 1626 5265 1254 5264 1626 5265 1588 5266 1588 5266 1626 5265 1638 5267 1162 5268 1531 5269 393 5270 393 5271 1531 5272 391 5273 1118 4294 718 5274 1295 4292 1295 5275 718 5276 720 5277 1805 5278 1806 5279 1807 5280 1807 5280 1806 5279 1808 5281 1809 5282 1810 5283 1811 5284 1811 5284 1810 5283 1812 5285 395 5286 402 5287 419 5288 419 5289 402 5290 339 5291 1804 5292 1803 5293 1813 5294 1813 5295 1803 5296 1814 5297 1163 5298 1165 5299 1164 5300 1164 5300 1165 5299 401 5301 1164 5300 401 5301 1162 5302 396 5303 400 5304 1120 5305 1120 5305 400 5304 576 4349 1120 5305 576 4349 1137 4348 1810 5306 1809 5307 1815 5308 1815 5308 1809 5307 1816 5309 1817 5310 1818 5311 1805 5312 1805 5312 1818 5311 1806 5313 1082 5314 1316 5315 217 5316 217 5317 1316 5318 197 5319 1815 5320 1816 5321 1812 5322 1812 5322 1816 5321 1811 5323 1819 5324 1820 5325 1817 5326 1817 5326 1820 5325 1818 5327 1807 5328 1808 5329 1819 5330 1819 5330 1808 5329 1820 5331 1813 5332 1814 5333 1821 5334 1821 5334 1814 5333 1822 5335 1821 5334 1822 5335 1823 5336 1823 5336 1822 5335 394 5337 1823 5338 394 5339 351 5340 548 5341 1551 5342 549 5343 549 5343 1551 5342 1550 5344 573 5345 572 5346 1163 5347 1163 5298 572 5348 1165 5299 1824 5349 1825 5350 508 5351 508 5351 1825 5350 581 5352 699 5353 1826 5354 1827 5355 1828 5356 1667 5357 644 5358 644 5359 1667 5360 1523 5361 644 5359 1523 5361 641 5362 641 5362 1523 5361 654 5363 654 5363 1523 5361 703 5364 654 5363 703 5364 1829 5365 1829 5365 703 5364 705 5366 1829 5365 705 5366 1830 5367 1830 5367 705 5366 707 5368 1830 5367 707 5368 709 5369 709 5370 1831 5371 1830 5372 1831 5373 709 5373 1827 5374 1827 5375 709 5376 702 5377 1827 5378 702 5379 699 5380 1832 1119 1826 5381 1833 5382 1833 5383 1826 5384 699 5385 1833 5386 699 5387 1828 5388 1828 5389 699 5390 698 5391 1828 5392 698 5393 1667 5394 1829 5395 1830 5396 1834 1119 1834 1119 1830 5397 1835 1119 1834 5398 1835 5398 1836 5398 1836 5399 1835 5399 1837 5399 1836 1119 1837 1119 1838 1119 1839 1119 1840 1119 1841 1119 1841 5400 1840 5400 1832 5400 1841 5401 1832 5401 1833 5402 1842 5403 1843 5404 1824 5405 1824 5405 1843 5404 1825 5406 1226 2857 1137 2858 540 5407 540 5408 1137 5409 1569 5410 540 5411 1569 5412 538 5413 1844 5414 578 5415 1842 5416 1842 5416 578 5415 1843 5417 508 5418 581 5419 1844 5420 1844 5420 581 5419 578 5421 482 5422 457 5423 1549 5424 1549 5424 457 5423 456 5425 550 5426 1100 5427 345 5428 345 5429 1100 5430 343 5431 1412 5432 1845 5433 1846 5434 1846 5434 1845 5433 1847 5435 1848 5436 1849 5437 1576 5438 1576 5438 1849 5437 1574 5439 348 5440 704 5441 346 5442 346 5443 704 5444 703 5445 658 5446 616 5447 509 5448 509 5448 616 5447 615 5449 509 5450 615 5451 510 5452 1850 5453 1851 5454 1848 5455 1848 5455 1851 5454 1849 5456 381 5457 1575 5458 1850 5459 1850 5459 1575 5458 1851 5460 541 5461 543 5462 1852 5463 1852 5464 543 5465 475 5466 1852 5464 475 5466 474 5467 1036 5468 1210 5469 1019 5470 1019 5470 1210 5469 907 5471 1019 5470 907 5471 1020 5472 1020 5472 907 5471 906 5473 1020 5472 906 5473 1013 5474 1013 5474 906 5473 13 5475 1013 5474 13 5475 1014 5476 1014 5476 13 5475 12 5477 1014 5476 12 5477 389 5478 389 5478 12 5477 11 5479 389 5478 11 5479 390 5480 1853 5481 1854 5482 627 5483 627 5484 1854 5485 622 5486 1350 5487 1349 5488 1351 5489 1351 5489 1349 5488 1341 5490 1351 5489 1341 5490 1352 5491 1352 5491 1341 5490 410 5492 1352 5491 410 5492 409 5493 1589 5494 1292 5495 1639 5496 1639 5496 1292 5495 1270 5497 1639 5496 1270 5497 1640 5498 1570 5499 92 5500 1686 5501 1570 5499 1300 5502 92 5500 92 5500 1300 5502 1562 5503 92 5504 1562 5505 93 5506 93 5506 1562 5505 787 5507 93 5506 787 5507 1686 5501 1686 5501 787 5507 1571 5508 1686 5501 1571 5508 1570 5499 1571 5508 561 5509 1581 5510 1581 5510 561 5509 1300 5502 1581 5510 1300 5502 1570 5499 1571 5508 787 5507 561 5509 561 5509 787 5507 19 5511 19 5511 787 5507 1675 5512 1675 5512 787 5507 1265 5513 1675 5512 1265 5513 18 5514 1267 1166 1268 5515 1265 5513 1265 5513 1268 5515 1484 5516 1265 5513 1484 5516 18 5514 18 5514 1484 5516 1487 5517 18 5518 1487 5519 19 5520 19 5520 1487 5519 560 5521 560 5522 1484 5516 561 5523 561 5523 1484 5516 1268 5515 273 5524 1639 5525 271 5526 271 5526 1639 5525 1206 5527 271 5526 1206 5527 268 1528 621 5528 623 5529 1853 5530 1853 5531 623 5532 1854 5533 1198 5534 1192 5535 655 5536 655 5536 1192 5535 1190 5537 866 5538 876 5539 726 5540 726 5540 876 5539 875 5541 874 5542 735 5543 875 5541 875 5541 735 5543 724 5544 875 5541 724 5544 726 5540 601 5545 602 5546 1579 5547 1579 5548 602 5549 1577 5550 603 5551 605 5552 580 5553 580 5554 605 5555 1583 5556 615 5557 614 5558 510 5559 510 5560 614 5561 563 5562 1855 5563 1856 5564 1857 5565 1857 5565 1856 5564 1858 5566 1859 5567 1860 5568 1861 5569 1861 5569 1860 5568 1862 5570 1863 5571 1864 5572 1859 5573 1859 5573 1864 5572 1860 5574 515 1528 521 5575 516 5576 516 5576 521 5575 1167 5577 516 5578 1167 5579 586 5580 586 5580 1167 5579 1568 5581 586 5580 1568 5581 600 5582 1865 5583 1866 5584 1855 5585 1855 5585 1866 5584 1856 5586 1857 5587 1858 5588 1867 5589 1867 5589 1858 5588 1868 5590 1869 5591 1870 5592 1871 5593 1871 5594 1870 5595 1872 5596 1871 5594 1872 5596 1873 5597 1873 5598 1872 5599 1874 5600 1861 5601 1862 5602 1875 5603 1875 5603 1862 5602 1876 5604 1593 5605 1592 5606 653 5607 653 5608 1592 5609 651 5610 1873 5611 1874 5612 1877 5613 1877 5614 1874 5615 1878 5616 1877 5614 1878 5616 1879 5617 1879 5617 1878 5616 1880 5618 1879 5617 1880 5618 1881 5619 1881 5619 1880 5618 1882 5620 1881 5619 1882 5620 1883 5621 1883 5621 1882 5620 1884 5622 1883 5621 1884 5622 1885 5623 1885 5623 1884 5622 1886 5624 1885 5623 1886 5624 1887 5625 1887 5625 1886 5624 1888 5626 1887 5625 1888 5626 1869 5627 1869 5628 1888 5629 1870 5630 1232 5631 1243 5632 1299 5633 1299 5633 1243 5632 1241 5634 1299 5635 1241 5636 1561 5637 1561 5638 1241 5639 1239 5640 1561 5638 1239 5640 1237 5641 624 5642 626 5643 647 5644 647 5645 626 5646 646 5647 1867 5648 1868 5649 1865 5650 1865 5650 1868 5649 1866 5651 183 5652 1092 5653 184 5654 184 5654 1092 5653 1093 5655 184 5654 1093 5655 1748 5656 1748 5656 1093 5655 1094 5657 1748 5656 1094 5657 1168 5658 1875 5659 1876 5660 1863 5661 1863 5661 1876 5660 1864 5662 459 5663 747 5664 1542 5665 1542 5665 747 5664 749 5666 1542 5665 749 5666 458 5667 638 5668 1849 5669 542 5670 542 5670 1849 5669 1851 5671 542 5670 1851 5671 747 5664 747 5664 1851 5671 1575 5672 747 5664 1575 5672 745 5673 1507 5674 1524 5675 475 5676 475 5676 1524 5675 476 5677 1524 5675 1520 5678 476 5677 476 5677 1520 5678 1795 5679 476 5677 1795 5679 1627 5680 1627 5680 1795 5679 1794 5681 1627 5680 1794 5681 1806 5682 1806 5682 1794 5681 753 5683 1806 5682 753 5683 1808 5684 1808 5684 753 5683 755 5685 1808 5684 755 5685 1820 5686 1520 5678 1508 5687 751 5688 751 5688 1508 5687 1507 5674 751 5688 1507 5674 749 5666 749 5666 1507 5674 475 5676 749 5666 475 5676 458 5667 458 5667 475 5676 543 5689 458 5667 543 5689 459 5690 459 5690 543 5689 542 5691 459 5663 542 5670 747 5664 753 5683 1802 5692 751 5688 751 5688 1802 5692 1795 5679 751 5688 1795 5679 1520 5678 1802 5692 753 5683 1794 5681 1820 5686 755 5685 1629 5693 1629 5693 755 5685 1825 5694 1629 5693 1825 5694 1843 5695 581 5696 1825 5694 582 5697 582 5697 1825 5694 755 5685 578 5698 1629 5693 1843 5695 1629 5693 578 5698 1631 5699 1631 5699 578 5698 563 5700 1631 5699 563 5700 614 5701 563 5700 578 5698 577 5702 614 5701 1633 5703 1631 5699 579 5704 1578 5705 577 5706 577 5706 1578 5705 1592 5707 577 5706 1592 5707 614 5701 614 5701 1592 5707 1591 5708 614 5701 1591 5708 1633 5703 1633 5703 1591 5708 1634 5709 1592 5707 1578 5705 651 5710 1578 5705 1577 5711 651 5710 651 5710 1577 5711 1634 5709 651 5710 1634 5709 1591 5708 1577 5711 1635 5712 1634 5709 1577 5711 602 5713 1635 5712 1635 5712 602 5713 1585 5714 1635 5712 1585 5714 877 5715 877 5715 1585 5714 603 5716 877 5715 603 5716 733 5717 733 5717 603 5716 580 5718 733 5717 580 5718 731 5719 731 5719 580 5718 582 5720 602 5713 579 5721 1585 5714 1585 5714 579 5721 578 5722 1585 5714 578 5722 581 5723 581 5723 580 5724 1585 5714 733 5717 735 5725 877 5715 1806 5682 1818 5726 1627 5680 1627 5680 1818 5726 1820 5686 1627 5680 1820 5686 1629 5693 1849 5669 638 5668 1574 5727 634 5728 646 5729 636 5730 636 5730 646 5729 626 5731 636 5730 626 5731 638 5668 638 5668 626 5731 745 5673 638 5668 745 5673 1574 5727 1574 5727 745 5673 1575 5672 1868 5732 1858 5733 632 5734 632 5734 1858 5733 1876 5735 632 5734 1876 5735 634 5728 634 5728 1876 5735 1862 5736 634 5728 1862 5736 646 5729 646 5729 1862 5736 1860 5737 646 5729 1860 5737 743 5738 743 5738 1860 5737 1864 5739 743 5738 1864 5739 741 5740 741 5740 1864 5739 1876 5735 741 5740 1876 5735 1858 5733 1868 5732 632 5734 1866 5741 1866 5741 632 5734 630 5742 1866 5741 630 5742 565 5743 565 5744 630 5745 504 5746 1534 5747 629 5748 1535 5749 1552 1004 1544 1004 1169 5750 1504 5751 1503 5752 1173 5753 1173 5753 1503 5752 1521 5754 1173 5753 1521 5754 1174 5755 1174 5755 1521 5754 1535 5749 1174 5755 1535 5749 1169 5756 1169 5756 1535 5749 629 5748 1169 5756 629 5748 1552 1004 1535 5749 1521 5754 1540 5757 1540 5757 1521 5754 1518 5758 1540 5757 1518 5758 1538 5759 1538 5759 1518 5758 558 5760 1538 5759 558 5760 504 5746 558 5760 1518 5758 1504 5761 1538 5759 504 5746 1534 5747 1534 5747 504 5746 630 5745 1534 5747 630 5745 629 5748 1497 5762 1866 5741 558 5763 558 5763 1866 5741 565 5743 1497 5762 1792 5764 1866 5741 1866 5741 1792 5764 739 5765 1866 5741 739 5765 1856 5766 1856 5766 739 5765 741 5740 1856 5766 741 5740 1858 5733 1790 5767 737 5768 1792 5764 1792 5764 737 5768 739 5765 1497 5769 1173 5770 1498 5771 1498 5771 1173 5770 1847 5772 1498 5771 1847 5772 1790 5767 1790 5767 1847 5772 1810 5773 1790 5767 1810 5773 737 5768 737 5768 1810 5773 1815 5774 737 5768 1815 5774 736 5775 736 5775 1815 5774 1812 5776 736 5775 1812 5776 1413 5777 1413 5777 1812 5776 1845 5778 1413 5777 1845 5778 1411 5779 1411 5779 1845 5778 1412 5780 1177 5781 1846 5782 1175 5783 1175 5783 1846 5782 1847 5772 1175 5783 1847 5772 1173 5770 1780 5784 1177 5785 1602 5786 1602 5786 1177 5785 322 1382 1602 5787 322 5788 201 5789 201 5789 322 5788 199 5790 1880 5791 1878 5792 1178 5793 1178 5793 1878 5792 448 5794 1178 5793 448 5794 1177 5795 1177 5795 448 5794 446 5796 1177 5785 446 2472 322 1382 1880 5791 1178 5793 1882 5797 1882 5797 1178 5793 1179 5798 1882 5797 1179 5798 1180 5799 1882 5797 1180 5799 1884 5800 1884 5800 1180 5799 449 5801 1884 5800 449 5801 1886 5802 1886 5802 449 5801 1888 5803 1180 5799 1596 5804 449 5801 449 5805 1596 5806 1595 5807 449 5805 1595 5807 451 5808 451 5808 1595 5807 1287 5809 451 5808 1287 5809 144 5810 451 5811 144 5812 118 5813 118 5814 144 5815 115 5816 1878 5792 1874 5817 448 5794 448 5794 1874 5817 1872 5818 448 5794 1872 5818 449 5801 449 5801 1872 5818 1870 5819 449 5801 1870 5819 1888 5803 1599 5820 1780 5784 1601 5821 1601 5821 1780 5784 1602 5786 99 5822 1047 5823 97 5824 97 5824 1047 5823 1040 5825 97 5824 1040 5825 45 5826 45 5826 1040 5825 682 5827 45 5826 682 5827 1293 5828 45 5826 1293 5828 133 5829 133 5829 1293 5828 7 5830 133 5831 7 5832 6 5833 133 5831 6 5833 134 5834 134 5834 6 5833 5 5835 5 5835 569 5836 134 5834 134 5834 569 5836 568 5837 134 5834 568 5837 1889 5838 5 5835 3 5839 569 5836 569 5836 3 5839 1890 5840 569 5836 1890 5840 622 5841 622 5842 1890 5843 623 5844 569 5836 622 5841 815 5845 815 5845 622 5841 1854 5846 815 5845 1854 5846 813 5847 813 5847 1854 5846 623 5844 813 5847 623 5844 1890 5843 815 5845 567 5848 569 5836 567 5848 815 5845 328 5849 328 5849 815 5845 817 5850 328 5849 817 5850 1778 5851 1778 5851 817 5850 1891 5852 1778 5851 1891 5852 567 5853 1433 5854 819 5855 1434 5856 84 5857 819 5855 781 5858 860 5859 158 5860 863 5861 863 5862 158 5863 112 5864 863 5862 112 5864 781 5865 781 5865 112 5864 85 5866 781 5865 85 5866 84 5867 135 5868 158 5869 860 5870 134 5834 1889 5838 135 5868 135 5868 1889 5838 156 5871 135 5868 156 5871 158 5869 1778 5851 567 5853 315 5872 315 5873 567 5848 328 5849 1446 5874 157 5875 1891 5852 1446 5874 1891 5852 1433 5854 1433 5854 1891 5852 817 5850 1433 5854 817 5850 819 5855 1446 5874 1434 5856 157 5875 157 5875 1434 5856 819 5855 157 5875 819 5855 158 5863 158 5863 819 5855 84 5857 158 5863 84 5857 112 5864 98 5876 1605 5877 99 5822 99 5822 1605 5877 1177 5781 99 5822 1177 5781 1047 5823 1047 5823 1177 5781 1780 5878 1047 5823 1780 5878 1005 5879 1412 5880 1846 5782 888 5881 888 5881 1846 5782 1177 5781 888 5881 1177 5781 1604 5882 1604 5882 1177 5781 1605 5877 1412 5880 888 5881 1409 5883 1409 5883 888 5881 887 1004 1812 5776 1810 5773 1845 5778 1845 5778 1810 5773 1847 5772 646 5729 743 5738 625 5884 625 5884 743 5738 745 5885 625 5886 745 5673 626 5731 868 5887 1594 5888 608 5889 608 5890 1594 5891 1131 5892 608 5890 1131 5892 610 5893 610 5894 1131 5895 1130 5896 610 5897 1130 5898 1892 5899 1892 5899 1130 5898 1129 5900 1892 5899 1129 5900 1893 5901 1893 5901 1129 5900 1127 5902 1893 5903 1127 5904 1894 5905 1894 5905 1127 5904 1126 5906 1894 5905 1126 5906 1895 5907 1895 5907 1126 5906 1123 5908 1895 5907 1123 5908 1896 5909 1896 5909 1123 5908 1122 5910 1896 5909 1122 5910 1897 5911 1897 5911 1122 5910 1121 5912 1897 5911 1121 5912 1898 5913 1898 5913 1121 5912 1151 5914 1898 5913 1151 5914 1899 5915 1899 5915 1151 5914 1152 5916 1899 5917 1152 5918 1900 5919 1900 5919 1152 5918 1138 5920 1900 5919 1138 5920 1901 5921 1901 5921 1138 5920 1140 5922 1901 5921 1140 5922 1902 5923 1902 5923 1140 5922 1142 5924 1902 5923 1142 5924 1903 5925 1903 5925 1142 5924 1143 5926 1903 5925 1143 5926 1904 5927 1904 5927 1143 5926 1145 5928 1904 5927 1145 5928 1905 5929 1905 5929 1145 5928 1150 5930 1905 5929 1150 5930 1221 5931 1899 5932 645 5933 624 5934 1899 5932 1900 5935 645 5933 645 5933 1900 5935 635 5936 645 5933 635 5936 647 5937 647 5937 635 5936 637 5938 647 5937 637 5938 624 5939 624 5939 637 5938 381 5940 624 5939 381 5940 380 5941 1898 5942 1899 5943 1801 5944 1801 5944 1899 5943 624 5939 1801 5944 624 5939 380 5941 1801 5944 1630 5945 1898 5942 1801 5944 1793 5946 1630 5945 1630 5945 1793 5946 380 5947 1630 5945 380 5947 386 5948 386 5948 380 5947 1509 5949 386 5948 1509 5949 387 5950 381 5940 637 5938 1576 5951 1576 5951 637 5938 639 5952 1576 5951 639 5952 1848 5953 1848 5953 639 5952 537 5954 1848 5953 537 5954 1543 5955 635 5936 1863 5956 633 5957 633 5957 1863 5956 1901 5958 1900 5935 1861 5959 635 5936 635 5936 1861 5959 1875 5960 635 5936 1875 5960 1863 5956 1901 5958 1867 5961 633 5957 633 5957 1867 5961 1865 5962 633 5957 1865 5962 631 5963 631 5963 1865 5962 1855 5964 631 5963 1855 5964 1902 5965 1902 5965 1855 5964 1857 5966 1902 5965 1857 5966 1867 5961 1863 5956 1859 5967 1901 5958 1901 5958 1859 5967 1861 5959 1901 5958 1861 5959 1900 5935 1867 5961 1901 5958 1902 5965 1902 5965 559 5968 631 5963 631 5963 559 5968 506 5969 631 5963 506 5969 628 5970 628 5970 506 5969 505 5971 628 5970 505 5971 1903 5972 1903 5972 505 5971 559 5968 1903 5972 559 5968 1902 5965 1537 5973 1541 5974 1904 5975 1904 5975 1541 5974 1539 5976 1904 5975 1539 5976 1903 5972 1903 5972 1539 5976 628 5970 1171 5977 1905 5978 1791 5979 1791 5979 1905 5978 1221 5980 1791 5979 1221 5980 1789 5981 1789 5981 1221 5980 1500 5982 1811 5983 1816 5984 1221 5980 1221 5980 1816 5984 1172 5985 1221 5980 1172 5985 1500 5982 1500 5982 1172 5985 1499 5986 1221 5980 497 5987 1811 5983 1811 5983 497 5987 1176 5988 1811 5983 1176 5988 1809 5989 1809 5989 1176 5988 1172 5985 1809 5989 1172 5985 1816 5984 1791 5979 1499 5986 1171 5977 1171 5977 1499 5986 1172 5985 1506 5990 1519 5991 1170 5992 1170 5992 1519 5991 1522 5993 1170 5992 1522 5993 1171 5977 1171 5977 1522 5993 1505 5994 1171 5977 1505 5994 1905 5978 1905 5978 1505 5994 1506 5990 1905 5978 1506 5990 1904 5975 1904 5975 1506 5990 1170 5992 1904 5975 1170 5992 1537 5973 1537 5973 1170 5992 1553 5995 1537 5973 1553 5995 1536 5996 1536 5996 1553 5995 1539 5997 1170 5992 1545 1094 1553 5995 628 5998 1539 5997 1553 5995 541 5999 403 6000 640 6001 640 6001 403 6000 537 5954 640 6001 537 5954 639 5952 541 6002 1852 6003 403 6004 403 6005 1852 6006 490 6007 490 6007 1852 6006 474 6008 490 6007 474 6008 1628 6009 1848 5953 1543 5955 1850 6010 1850 6010 1543 5955 379 6011 1850 6010 379 6011 381 6012 379 6011 1543 5955 1525 6013 1525 6013 1543 5955 566 6014 1525 6013 566 6014 387 6015 1805 6016 1898 5942 1817 6017 1817 6017 1898 5942 1630 5945 1817 6017 1630 5945 1819 6018 1819 6018 1630 5945 1632 6019 1819 6018 1632 6019 1807 6020 1807 6020 1632 6019 1842 6021 1807 6020 1842 6021 1824 6022 1842 6021 1632 6019 1844 6023 1844 6023 1632 6019 509 6024 1844 6023 509 6024 508 6025 508 6026 1896 6027 1824 6022 1824 6022 1896 6027 1897 6028 1824 6022 1897 6028 1807 6020 1807 6020 1897 6028 1898 5942 1807 6020 1898 5942 1805 6016 616 6029 1895 6030 1567 6031 1567 6031 1895 6030 1896 6027 1567 6031 1896 6027 564 6032 564 6032 1896 6027 508 6026 564 6033 508 6034 510 6035 653 6036 1895 6030 1593 6037 1593 6037 1895 6030 616 6029 1593 6037 616 6029 659 6038 652 6039 658 6040 653 6036 653 6036 658 6040 1894 6041 653 6036 1894 6041 1895 6030 659 6042 658 6043 652 6044 873 6045 1584 6046 1636 6047 1636 6047 1584 6046 1583 6048 1636 6047 1583 6048 1893 6049 1893 6049 1583 6048 605 6050 1893 6049 605 6050 1892 6051 1892 6051 605 6050 604 6052 1892 6053 604 6054 873 6045 873 6045 604 6054 1584 6046 873 6045 610 6055 1892 6053 601 6056 1894 6041 1580 6057 1580 6057 1894 6041 658 6040 1580 6057 658 6040 1579 6058 1579 6058 658 6040 1636 6047 1579 6058 1636 6047 601 6056 601 6056 1636 6047 1893 6049 601 6056 1893 6049 1894 6041 1509 5949 380 5947 379 6059 1381 6060 434 6061 1382 6062 1382 6062 434 6061 1310 6063 1382 6062 1310 6063 1311 1004 685 6064 684 6065 1056 6066 1056 6066 684 6065 774 6067 1056 6066 774 6067 773 6068 1644 6069 1590 6070 273 6071 273 6071 1590 6070 1589 6072 273 6071 1589 6072 1639 6073 3 6074 1 6075 1890 6076 1890 6076 1 6075 813 6077 1325 6078 1670 6079 1057 6080 1057 6080 1670 6079 1619 6081 1318 6082 1670 6079 1327 6083 1327 6083 1670 6079 1325 6078 1644 6084 1669 6085 1645 6086 1645 6086 1669 6085 1598 6087 1645 6086 1598 6087 1646 1119 1646 1004 1598 6088 664 6089 664 6089 1598 6088 1906 6090 664 6089 1906 6090 665 6091 665 6091 1906 6090 1598 6088 665 6091 1598 6088 662 6092 662 6092 1598 6088 1597 6093 662 6094 1597 6095 1668 6096 1668 6096 1597 6095 1603 6097 1603 6098 939 6099 1668 6100 1668 6101 939 6102 938 6103 1653 6104 1907 6105 1654 6106 1654 6106 1907 6105 1908 6107 1654 6106 1908 6107 1655 6108 1655 6108 1908 6107 1909 6109 1655 6108 1909 6109 1656 6110 1656 6110 1909 6109 1910 6111 1656 6110 1910 6111 1657 6112 1657 6112 1910 6111 1911 6113 1657 6112 1911 6113 1647 6114 1647 6114 1911 6113 1912 6115 1647 6114 1912 6115 1648 6116 1648 6116 1912 6115 1913 6117 1648 6116 1913 6117 1666 6118 1666 6118 1913 6117 1914 6119 1666 6118 1914 6119 1663 6120 1663 6120 1914 6119 1915 6121 1663 6122 1915 6123 1664 6124 1664 6124 1915 6123 1916 6125 1664 6124 1916 6125 1665 6126 1665 6126 1916 6125 1917 6127 1665 6126 1917 6127 1658 6128 1658 6128 1917 6127 1918 6129 1658 6128 1918 6129 1659 6130 1659 6130 1918 6129 1919 6131 1659 6130 1919 6131 1660 6132 1660 6132 1919 6131 1920 6133 1660 6132 1920 6133 1661 6134 1661 6134 1920 6133 1921 6135 1661 6134 1921 6135 1662 6136 1662 6136 1921 6135 1922 6137 1662 6136 1922 6137 1649 6138 1649 6138 1922 6137 1923 6139 1649 6138 1923 6139 1650 6140 1650 6140 1923 6139 1924 6141 1650 6140 1924 6141 1651 6142 1651 6142 1924 6141 1925 6143 1651 6142 1925 6143 1652 6144 1652 6144 1925 6143 1926 6145 1652 6144 1926 6145 1653 6104 1653 6104 1926 6145 1907 6105 1464 6146 1683 6147 40 6148 40 6148 1683 6147 823 6149 40 6148 823 6149 27 6150 27 6150 823 6149 825 6151 27 6150 825 6151 39 6152 40 6148 39 6153 1464 6146 1464 6154 39 6152 1477 6155 1464 6154 1477 6155 78 6156 78 6156 1477 6155 1478 6157 78 6156 1478 6157 308 6158 1683 6147 43 6159 823 6149 823 6149 43 6159 42 6160 823 6149 42 6160 801 6161 801 6161 42 6160 90 6162 801 6161 90 6162 76 6163 137 3281 321 3282 109 6164 109 6164 321 3282 110 6165 110 6165 321 3282 1456 6166 110 6165 1456 6166 1457 6167 110 6165 1457 6167 138 6168 138 6168 1457 6167 1678 6169 138 6168 1678 6169 827 6170 827 6170 1678 6169 1456 6166 138 6168 827 6170 137 6171 1260 6172 1547 6173 320 6174 320 6174 1547 6173 1477 6175 320 6176 1477 6155 321 3282 321 3282 1477 6155 39 6152 321 3282 39 6152 1456 6166 1456 6166 39 6152 825 6151 1456 6166 825 6151 827 6170 1927 6177 801 6161 76 6163 78 6156 308 6158 79 6178 311 6179 313 6180 334 6181 334 6181 313 6180 1928 6182 334 6181 1928 6182 426 6183 426 6183 1928 6182 465 6184 426 6183 465 6184 464 6185 1928 6182 313 6180 465 6184 464 6185 1547 6186 426 6183 426 6183 1547 6186 1260 6187 404 6188 1709 6189 334 6181 334 6181 1709 6189 1706 6190 334 6181 1706 6190 311 6179 311 6179 1706 6190 211 6191 311 6179 211 6191 308 6158 308 6158 211 6191 1744 6192 308 6158 1744 6192 79 6178 404 6188 405 6193 1257 6194 1710 6195 1572 6196 1256 6197 1256 6197 1572 6196 1573 6198 1256 6197 1573 6198 1257 6194 1257 6194 1573 6198 1582 6199 1257 6194 1582 6199 404 6188 404 6188 1582 6199 1572 6196 404 6188 1572 6196 1709 6189 1709 6189 1572 6196 1710 6195 1256 6197 1712 6200 1710 6195 1485 6201 1266 6202 1488 6203 1488 6203 1266 6202 1712 6200 1488 6203 1712 6200 1486 6204 1712 6200 1266 6202 1713 6205 1713 6205 1266 6202 17 6206 1713 6205 17 6206 1674 6207 17 6208 1266 6209 20 6210 20 6210 1266 6209 1264 6211 20 6210 1264 6211 1674 6207 696 6212 91 6213 1263 6214 1263 6215 91 6216 1685 6217 1263 6218 1685 6219 1264 6220 694 6221 696 6212 1262 6222 1262 6222 696 6212 1263 6214 1929 6223 696 6212 695 6224 812 6225 822 6226 821 6227 821 6227 822 6226 695 6228 1436 6229 1447 6230 820 6231 820 6231 1447 6230 83 6232 820 6231 83 6232 821 6227 821 6227 83 6232 111 6233 821 6227 111 6233 812 6225 1436 6229 820 6231 818 6234 818 6234 816 6235 814 6236 316 6237 1777 6238 1435 6239 1435 6239 1777 6238 317 6240 1435 6239 317 6240 1447 6230 1447 6230 317 6240 1853 6241 1447 6230 1853 6241 83 6232 83 6232 1853 6241 627 6242 83 6232 627 6242 111 6243 111 6243 627 6242 621 6244 111 6233 621 6245 812 6225 812 6225 621 6245 1853 6246 812 6225 1853 6246 814 6236 814 6236 1853 6246 316 6237 814 6236 316 6237 818 6234 818 6234 316 6237 1435 6239 818 6234 1435 6239 1436 6229 316 6247 1853 6241 317 6240 499 6248 511 6249 808 6250 806 6251 1493 6252 808 6250 808 6250 1493 6252 1779 6253 808 6250 1779 6253 499 6248 1493 6252 806 6251 1494 6254 1462 6255 1461 6256 805 6257 805 6257 1461 6256 806 6251 87 6258 805 6259 88 6260 88 6260 805 6259 804 6261 88 6260 804 6261 1680 6262 1680 6262 804 6261 1734 6263 1680 6262 1734 6263 1736 6264 74 6265 803 6266 75 6267 1745 6268 90 6162 914 6269 914 6269 90 6162 42 6160 205 6270 1744 6192 211 6191 1713 6205 1674 6207 1715 6271 1715 6271 1674 6207 1264 6211 1715 6271 1264 6211 124 6272 124 6272 1264 6211 1685 6273 124 6272 1717 6274 1715 6271 124 6272 91 6275 1717 6274 1717 6276 91 6213 696 6212 1717 6276 696 6212 1719 6277 1719 6277 696 6212 1929 6223 1719 6277 1929 6223 1721 6278 1721 6278 1929 6223 695 6279 1721 6278 695 6279 1723 6280 1723 6281 695 6228 822 6226 1723 6282 822 6283 1725 6284 1725 6285 822 6286 500 6287 1725 6288 500 6289 1729 6290 1729 6290 500 6289 499 6291 1729 6292 499 6293 1494 6294 1494 6295 499 6248 1779 6253 1729 6296 1494 6254 1728 6297 1728 6297 1494 6254 806 6251 1728 6297 806 6251 1726 6298 1726 6298 806 6251 1461 6256 1726 6298 1461 6256 1460 6299 1732 6300 1734 6263 37 6301 37 6301 1734 6263 804 6261 37 6301 804 6261 25 6302 25 6303 804 6304 803 6305 25 6306 803 6307 26 6308 26 6309 803 6266 74 6265 26 6309 74 6265 1732 6300 1732 6300 74 6265 90 6162 1732 6300 90 6162 205 6270 205 6270 90 6162 1745 6268 205 6270 1745 6268 1744 6192 26 6309 1732 6300 37 6301 1460 6299 1462 6255 1726 6298 1726 6298 1462 6255 805 6257 1726 6298 805 6257 1736 6264 1736 6264 805 6257 87 6310 1736 6264 87 6310 1680 6262 1486 6204 1712 6200 1485 6201 1485 6201 1712 6200 1256 6197 1485 6201 1256 6197 1266 6202 76 6163 73 6311 1927 6177 1927 6177 73 6311 75 6312 1927 6177 75 6312 801 6161 282 6313 1496 6314 284 6315 284 6315 1496 6314 1467 6316 284 6315 1467 6316 1045 6317 1045 6317 1467 6316 1468 6318 1045 6317 1468 6318 1046 6319 1046 6319 1468 6318 1496 6314 284 6315 1045 6317 281 6320 1469 6321 1046 6319 1483 6322 1483 6322 1046 6319 1496 6314 1483 6322 1496 6314 472 6323 472 6323 1496 6314 282 6313 472 6323 282 6313 1549 6324 1549 6324 282 6313 281 6320 1549 6324 281 6320 1044 6325 1044 6325 281 6320 1045 6317 472 6323 177 6326 1483 6322 1043 6327 1042 6328 1044 6325 1044 6325 1042 6328 1549 6324 1391 6329 1930 6330 1059 6331 1059 6331 1930 6330 310 6332 1059 6331 310 6332 440 6333 440 6333 310 6332 309 6334 440 6333 309 6334 441 6335 441 6335 309 6334 1737 6336 441 6335 1737 6336 314 6337 314 6338 1737 6339 301 6340 314 6341 301 6342 290 6343 354 6344 1469 6321 352 6345 352 6346 1469 6347 1530 6348 1564 6349 1516 6350 1469 6347 1469 6347 1516 6350 1513 6351 1469 6347 1513 6351 1530 6348 1469 6347 177 6326 1564 6349 1564 6349 177 6326 472 6323 1564 6349 472 6323 1042 6328 1042 6328 472 6323 482 6352 1042 6328 482 6352 1549 6324 1041 6353 1517 6354 1042 6328 1042 6328 1517 6354 1564 6349 378 6355 667 6356 1006 6357 1006 6358 667 6359 679 6360 1006 6358 679 6360 1007 6361 1007 6361 679 6360 668 6362 1007 6361 668 6362 378 6363 378 6363 668 6362 667 6364 1006 6365 1599 1166 378 6366 1516 6350 1517 6354 1513 6351 1513 6351 1517 6354 1041 6353 1513 6351 1041 6353 1512 6367 1512 6367 1041 6353 1007 6361 1512 6367 1007 6361 1530 6348 1530 6348 1007 6361 378 6363 1530 6348 378 6363 352 6346 1931 6368 1932 6369 354 6344 354 6344 1932 6369 1933 6370 354 6344 1933 6370 1469 6321 1469 6321 1933 6370 1934 6371 1469 6321 1934 6371 1046 6319 1046 6319 1934 6371 1935 6372 1046 6319 1935 6372 1391 6329 1391 6329 1935 6372 1936 6373 1391 6329 1936 6373 1930 6330 1931 6368 354 6344 1676 6374 1472 6375 1937 6376 1676 6374 1676 6374 1937 6376 1938 6377 1676 6374 1938 6377 1931 6368 1939 6378 1481 6379 127 6380 127 6380 1481 6379 1472 6375 127 6380 1472 6375 1196 6381 1196 6381 1472 6375 1676 6374 1560 6382 895 6383 1236 6384 1236 6384 895 6383 894 6385 1236 6384 894 6385 126 6386 126 6386 894 6385 218 6387 126 6386 218 6387 127 6380 127 6380 218 6387 278 6388 127 6380 278 6388 1939 6378 1240 6389 1559 6390 1238 6391 1238 6391 1559 6390 1560 6382 1238 6391 1560 6382 1236 6384 1559 6390 1240 6389 1557 6392 1240 6389 1242 6393 1557 6392 1557 6392 1242 6393 1244 6394 1557 6392 1244 6394 1555 6395 1555 6395 1244 6394 1235 6396 1555 6395 1235 6396 1380 6397 1380 6397 1235 6396 1227 6398 1380 6397 1227 6398 1381 6399 1527 6400 312 6401 435 6402 435 6402 312 6401 433 6403 310 6332 503 6404 312 6405 312 6405 503 6404 502 6406 312 6401 502 6407 433 6403 648 6408 310 6332 1930 6330 1737 6339 191 6409 301 6340 159 6410 1940 6411 154 6412 154 6412 1940 6411 1746 6413 1377 6414 326 6415 159 6416 159 6410 326 6417 1941 6418 159 6410 1941 6418 1940 6411 1940 6411 1941 6418 318 6419 1940 6411 318 6419 1746 6413 1746 6413 318 6419 180 6420 1746 6413 180 6420 1737 6339 1737 6339 180 6420 290 6421 1737 6339 290 6421 191 6409 1941 6418 326 6417 314 6422 318 6419 1941 6418 1694 6423 1694 6424 1941 6425 314 6426 1694 6427 314 6428 180 6429 440 6333 1060 6430 1059 6331 1939 6378 1426 6431 1481 6379 1481 6379 1426 6431 648 6408 1481 6379 648 6408 1471 6432 1471 6432 648 6408 1937 6376 1471 6432 1937 6376 1472 6375 278 6388 289 6433 1939 6378 1939 6378 289 6433 1427 6434 1939 6378 1427 6434 1426 6431 894 6385 1429 6435 1428 6436 895 6383 1560 6382 1448 6437 1380 6397 1554 6438 1555 6395 1427 6434 289 6433 1428 6436 1428 6436 289 6433 218 6387 1428 6436 218 6387 894 6385 434 6439 433 6440 1424 6441 1424 6441 433 6440 503 6404 1424 6441 503 6404 1425 6442 1425 6442 503 6404 310 6332 1425 6442 310 6332 1426 6431 1426 6431 310 6332 648 6408 435 6443 434 6444 1526 6445 1526 6445 434 6444 1381 6399 1526 6445 1381 6399 1527 6400 1527 6400 1381 6399 1227 6398 1527 6400 1227 6398 312 6401 648 6446 650 6447 1937 6448 1937 6448 650 6447 1405 6449 1937 6448 1405 6449 1938 6450 1938 6450 1405 6449 1404 6451 1938 6450 1404 6451 1931 6452 1931 6452 1404 6451 1403 6453 1931 6452 1403 6453 1932 6454 1932 6454 1403 6453 1402 6455 1932 6454 1402 6455 1933 6456 1933 6457 1402 6458 1398 6459 1933 6460 1398 6461 1934 6462 1934 6463 1398 6464 1399 6465 1934 6463 1399 6465 1935 6466 1935 6466 1399 6465 1401 6467 1935 6466 1401 6467 1936 6468 1936 6468 1401 6467 1400 6469 1936 6468 1400 6469 1930 6470 1930 6470 1400 6469 649 6471 1930 6470 649 6471 648 6472 1942 6473 1943 6474 1944 6475 1944 6475 1943 6474 1945 6476 1944 6477 1945 6478 1946 6479 1946 6479 1945 6478 1947 6480 1946 6479 1947 6480 1948 6481 1948 6481 1947 6480 1945 6478 1948 6481 1945 6478 1949 6482 1944 6477 1946 6479 1942 6483 1950 6484 1945 6484 1943 6484 1951 6485 1952 6486 1953 6487 1948 6488 1951 6489 1953 6490 1954 6491 1955 6491 1956 6491 1946 6492 1957 6492 1942 6492 1955 6493 1954 6494 1958 6495 1959 6496 1960 6497 1958 6498 1958 6499 1961 6499 1955 6499 1957 6500 1946 6500 1948 6500 1960 6501 1961 6502 1958 6502 1962 6503 1948 6488 1953 6490 1954 6504 1956 6505 1963 6506 1964 6507 1963 6508 1965 6509 1965 6509 1963 6508 1956 6510 1959 6511 1958 6512 1952 6513 1952 6513 1958 6512 1954 6514 1952 6515 1954 6516 1953 6517 1953 6518 1954 6504 1963 6506 1953 6518 1963 6506 1962 6519 1962 6520 1963 6521 1964 6522 1964 6522 1949 6523 1962 6520 1962 6520 1949 6523 1945 6524 1962 6520 1945 6524 1950 6525 1942 6526 1957 6527 1943 6528 1948 6529 1962 6530 1957 6531 1957 6531 1962 6530 1950 6532 1957 6531 1950 6532 1943 6533 1948 6534 1949 6535 1964 6536 1965 6537 1966 6538 1964 6536 1964 6536 1966 6538 1951 6539 1964 6536 1951 6539 1948 6534 1965 6537 1956 6540 1966 6538 1966 6538 1956 6540 1955 6541 1966 6538 1955 6541 1951 6539 1951 6539 1955 6541 1961 6542 1951 6543 1961 6544 1967 6545 1967 6545 1961 6544 1960 6546 1967 6545 1960 6546 1968 6547 1959 6548 1952 6549 1967 6545 1967 6545 1952 6549 1951 6543 1969 6550 1970 6551 1971 6552 1971 6552 1970 6551 1972 6553 1960 6554 1972 6555 1973 6556 1973 6556 1972 6555 1970 6557 1970 6558 1969 6559 1973 6560 1973 6560 1969 6559 1971 6561 1971 6562 1959 6563 1968 6564 1968 6564 1959 6563 1967 6565 1968 6566 1960 6567 1971 6568 1971 6568 1960 6567 1973 6569 1960 6570 1959 6571 1972 6572 1972 6573 1959 6574 1971 6575 1974 6576 1975 6577 1976 6578 1976 6579 1975 6580 1977 6581 1976 6582 1977 6583 1978 6584 1979 6585 1980 6586 1981 6587 1981 6587 1980 6586 1975 6577 1981 6587 1975 6577 1974 6576 1978 6588 1982 6589 1976 6590 1979 6591 1983 6591 1980 6591 1983 6592 1984 6593 1985 1004 1983 6594 1979 6595 1986 6596 1987 6597 1988 6597 1989 6598 1990 6599 1991 6599 1984 6599 1992 1004 1980 6600 1983 6601 1991 6602 1990 6603 1993 6604 1994 6605 1995 6606 1996 6607 1997 6608 1998 6608 1999 6609 1988 6610 1987 6611 2000 6612 2001 6613 2002 6613 2003 6613 1998 6614 1997 6614 2004 6614 1995 6615 1994 6615 2005 6615 1988 6616 2005 6617 2006 6618 2007 6619 1989 6620 2008 6619 2009 6621 2010 6622 2004 6621 1993 6623 1976 6623 1991 6623 2010 6624 2009 6625 2011 6626 2012 6627 1999 6628 2013 6629 2002 6630 2001 6631 2014 6632 1996 6633 2008 6633 1994 6633 2011 6634 2014 6635 2010 6636 2014 6637 2011 6638 2002 6639 2008 6640 2015 6640 2016 6640 2000 6641 2005 6641 1988 6641 1999 6642 2012 6643 1997 6642 1989 6644 2015 6645 2008 6646 1988 6647 2017 6648 1989 6644 1989 6644 2017 6648 2018 6649 1989 6644 2018 6649 2015 6645 2008 6650 2016 6651 1994 6652 1994 6653 2016 6654 2019 6655 1994 6656 2019 6657 2005 6658 1995 6659 2005 6660 2020 6661 2020 6662 2005 6663 2000 6664 1990 6665 1984 6666 2021 6667 2021 6667 1984 6666 1983 6668 2021 6669 1983 6670 1986 6671 1976 6672 1982 6673 1991 6674 1991 6674 1982 6673 2022 6675 1991 6674 2022 6675 1984 6676 2001 6677 2003 6678 2023 6679 2023 6679 2003 6678 2024 6680 2023 6679 2024 6680 2013 6681 2013 6682 2024 6683 2012 6684 2025 6685 2026 6686 2027 6687 2027 6687 2026 6686 2028 6688 2028 6688 2026 6686 2029 6689 2029 6689 2026 6686 2030 6690 2029 6689 2030 6690 2031 6691 2031 6691 2030 6690 2032 6692 2031 6691 2032 6692 2033 6693 2033 6693 2032 6692 2034 6694 2033 6693 2034 6694 2035 6695 2035 6695 2034 6694 2036 6696 2035 6695 2036 6696 2025 6697 2025 6697 2036 6696 2037 6698 2025 6697 2037 6698 2026 6699 2030 6690 2038 6700 2032 6692 2039 6701 2040 6702 2041 6703 2042 6704 2043 6704 2044 6704 2045 6705 2046 6705 2047 6705 2041 6706 2048 6707 2039 6708 2049 6709 2050 6710 2051 6711 2052 6712 2053 6713 2054 6714 2055 6715 2056 6715 2046 6715 2046 6716 2045 6716 2055 6716 2037 6717 2052 6718 2057 6719 2058 6720 2051 6721 2059 6722 2053 6723 2060 6724 2054 6725 2054 6726 2061 6727 2062 6728 2061 6729 2054 6730 2060 6731 2063 6732 2064 6732 2065 6732 2063 6733 2066 6733 2064 6733 2067 6734 2068 6734 2069 6734 2070 6735 2071 6735 2072 6735 2070 6736 2073 6736 2071 6736 2042 6737 2074 6737 2043 6737 2075 6738 2076 6739 2077 6740 2061 6741 2075 6742 2078 6743 2078 6744 2075 6738 2077 6740 2078 6745 2077 6746 2079 6747 2042 6748 2044 6748 2074 6748 2064 6749 2080 6750 2065 6751 2081 6752 2082 6753 2083 6754 2084 6755 2085 6756 2086 6757 2087 6758 2088 6758 2089 6758 2090 6759 2030 6760 2026 6761 2087 6762 2091 6762 2088 6762 2037 6763 2092 6764 2052 6765 2093 6766 2094 6767 2095 6768 2096 6769 2086 6770 2097 6771 2087 6772 2089 6772 2091 6772 2098 6773 2099 6774 2100 6775 2053 6776 2052 6777 2092 6778 2101 6779 2102 6780 2103 6781 2092 6782 2037 6783 2036 6784 2104 6785 2092 6786 2105 6787 2105 6788 2092 6789 2036 6790 2106 6791 2097 6792 2086 6793 2068 6794 2107 6795 2108 6796 2107 6797 2068 6798 2109 6799 2107 6797 2109 6799 2110 6800 2110 6800 2109 6799 2111 6801 2110 6800 2111 6801 2112 6802 2112 6802 2111 6801 2113 6803 2112 6802 2113 6803 2114 6804 2114 6804 2113 6803 2115 6805 2114 6804 2115 6805 2116 6806 2116 6806 2115 6805 2117 6807 2116 6808 2117 6809 2118 6810 2118 6810 2117 6809 2119 6811 2118 6810 2119 6811 2120 6812 2120 6812 2119 6811 2121 6813 2120 6812 2121 6813 2122 6814 2122 6814 2121 6813 2123 6815 2122 6814 2123 6815 2124 6816 2125 6817 2126 6818 2094 6819 2127 6820 2128 6820 2123 6820 2124 6821 2123 6822 2128 6823 2129 6824 2130 6825 2131 6826 2132 6827 2057 6828 2052 6829 2133 6830 2086 6831 2096 6832 2054 6726 2132 6833 2052 6834 2134 6835 2135 6836 2136 6837 2095 6838 2080 6839 2093 6840 2086 6841 2133 6842 2084 6843 2128 6844 2137 6845 2124 6846 2085 6847 2084 6848 2138 6849 2139 6850 2140 6850 2141 6850 2142 6851 2104 6852 2143 6853 2144 6854 2145 6855 2146 6856 2147 6857 2148 6858 2081 6859 2149 6860 2148 6861 2147 6862 2150 6863 2151 6864 2152 6865 2153 6866 2154 6867 2151 6868 2145 6869 2144 6870 2155 6871 2156 6872 2145 6873 2157 6874 2157 6875 2145 6876 2095 6877 2095 6878 2145 6869 2155 6871 2141 6879 2158 6879 2139 6879 2159 6880 2160 6881 2161 6882 2162 6883 2163 6884 2164 6885 2165 6886 2166 6887 2167 6888 2053 6889 2092 6890 2104 6891 2168 6892 2169 6893 2170 6894 2168 6895 2170 6896 2171 6897 2171 6897 2170 6896 2172 6898 2171 6897 2172 6898 2173 6899 2151 6900 2150 6901 2174 6902 2151 6903 2174 6904 2153 6905 2153 6906 2174 6907 2143 6908 2153 6906 2143 6908 2105 6909 2143 6908 2174 6907 2142 6910 2140 6911 2139 6911 2175 6911 2165 6912 2164 6913 2163 6914 2165 6915 2167 6916 2176 6917 2177 6918 2178 6919 2179 6920 2177 6918 2179 6920 2180 6921 2180 6921 2179 6920 2181 6922 2180 6921 2181 6922 2182 6923 2182 6923 2181 6922 2183 6924 2182 6923 2183 6924 2184 6925 2184 6925 2183 6924 2185 6926 2184 6925 2185 6926 2186 6927 2186 6927 2185 6926 2187 6928 2186 6927 2187 6928 2188 6929 2189 6930 2190 6930 2191 6930 2189 6931 2191 6931 2192 6931 2101 6932 2193 6933 2194 6934 2195 6935 2196 6936 2197 6937 2197 6937 2196 6936 2194 6938 2197 6937 2194 6938 2198 6939 2198 6940 2194 6941 2199 6942 2102 6943 2101 6944 2196 6945 2196 6946 2101 6947 2194 6948 2129 6949 2200 6950 2130 6951 2159 6952 2152 6953 2090 6954 2030 6955 2090 6956 2152 6957 2150 6958 2152 6959 2159 6960 2143 6961 2104 6962 2105 6963 2201 6964 2147 6964 2202 6964 2201 6965 2203 6965 2147 6965 2204 6966 2205 6967 2206 6968 2147 6969 2081 6969 2202 6969 2151 6970 2032 6971 2038 6972 2207 6973 2208 6974 2209 6975 2210 6976 2211 6977 2212 6978 2212 6979 2211 6980 2193 6981 2050 6982 2213 6983 2040 6984 2040 6984 2213 6983 2207 6985 2040 6986 2207 6987 2041 6988 2041 6989 2207 6990 2209 6991 2041 6989 2209 6991 2210 6992 2210 6993 2209 6994 2208 6995 2210 6976 2208 6996 2211 6977 2059 6997 2051 6998 2214 6999 2214 7000 2051 7001 2050 7002 2214 7000 2050 7002 2040 7003 2059 7004 2214 7005 2215 7006 2100 7007 2216 7008 2215 7009 2215 7010 2216 7011 2162 7012 2215 7013 2162 7014 2059 7015 2195 7016 2217 7017 2099 7018 2099 7018 2217 7017 2134 7019 2099 7020 2134 7021 2100 7022 2100 7023 2134 7024 2136 7025 2100 7023 2136 7025 2216 7026 2197 6937 2198 7027 2218 7028 2218 7029 2198 7030 2219 7031 2218 7029 2219 7031 2220 7032 2220 7032 2219 7031 2166 7033 2220 7032 2166 7033 2135 7034 2135 7035 2166 6887 2165 6886 2135 7036 2165 7037 2163 7038 2136 7039 2135 7040 2216 7041 2216 7042 2135 7043 2163 7044 2216 7042 2163 7044 2162 7045 2135 7034 2134 7046 2220 7032 2220 7032 2134 7047 2217 7048 2220 7032 2217 7048 2218 7029 2218 7029 2217 7048 2195 7049 2218 7028 2195 6935 2197 6937 2203 7050 2149 7051 2147 7052 2202 7053 2081 7054 2203 7055 2203 7050 2081 7056 2221 7057 2203 7050 2221 7057 2149 7051 2057 7058 2026 7059 2037 7060 2090 7061 2026 7062 2132 7063 2132 7064 2026 7065 2057 7066 2207 7067 2222 7068 2208 7069 2207 7070 2213 7071 2222 7068 2222 7068 2213 7071 2223 7072 2222 7068 2223 7072 2224 7073 2224 7073 2223 7072 2176 7074 2213 7071 2050 7075 2223 7072 2223 7076 2050 6710 2049 6709 2223 7076 2049 6709 2176 7077 2176 7078 2049 6709 2058 7079 2051 6711 2058 7079 2049 6709 2224 7073 2225 7080 2222 7068 2222 7068 2225 7080 2208 7069 2226 7081 2227 7082 2228 7083 2226 7081 2229 7084 2227 7082 2227 7082 2229 7084 2230 7085 2227 7082 2230 7085 2231 7086 2231 7086 2230 7085 2232 7087 2231 7086 2232 7087 2233 7088 2233 7088 2232 7087 2234 7089 2233 7088 2234 7089 2235 7090 2235 7090 2234 7089 2236 7091 2235 7090 2236 7091 2237 7092 2237 7092 2236 7091 2238 7093 2237 7094 2238 7095 2239 7096 2240 7097 2156 6872 2157 6874 2241 7098 2242 7099 2240 7100 2240 7101 2242 7102 2161 7103 2240 7101 2161 7103 2156 7104 2156 7105 2161 7106 2160 7107 2156 7105 2160 7107 2243 7108 2243 7108 2160 7107 2054 6726 2243 7108 2054 6726 2062 6728 2242 7109 2174 7110 2161 7111 2161 7112 2174 7113 2150 7114 2161 7115 2150 7116 2159 7117 2159 7118 2090 7119 2160 7107 2160 7107 2090 7119 2132 6833 2160 7107 2132 6833 2054 6726 2058 7120 2165 7121 2176 7122 2165 7123 2058 7124 2164 7125 2164 7126 2058 7127 2059 7128 2164 7126 2059 7128 2162 7129 2047 7130 2056 7131 2045 7132 2045 7132 2056 7131 2055 7133 2062 6728 2061 6727 2244 7134 2244 7135 2061 7136 2078 7137 2126 7138 2245 7139 2241 7140 2241 7140 2245 7139 2138 7141 2094 7142 2126 7143 2246 7144 2246 7144 2126 7143 2241 7145 2246 7144 2241 7145 2240 7146 2196 7147 2195 7148 2102 7149 2102 7149 2195 7148 2099 7150 2106 7151 2205 7152 2097 7153 2097 7153 2205 7152 2204 7154 2247 7155 2248 7156 2249 7157 2249 7158 2248 7159 2250 7160 2249 7161 2250 7162 2251 7163 2193 6933 2101 6932 2212 7164 2212 7165 2101 7166 2103 7167 2085 6847 2252 7168 2086 7169 2086 7170 2252 7171 2106 7172 2142 7173 2174 7174 2253 7175 2253 7175 2174 7174 2242 7176 2240 7177 2157 7178 2246 7179 2246 7179 2157 7178 2095 7180 2246 7179 2095 7180 2094 7181 2084 7182 2242 7183 2138 7184 2138 7185 2242 7186 2241 7187 2053 7188 2104 7189 2060 7190 2060 7190 2104 7189 2142 7191 2211 7192 2199 7193 2193 7194 2193 7195 2199 7196 2194 7197 2254 7198 2214 7199 2255 7200 2255 7200 2214 7199 2040 7201 2255 7200 2040 7201 2039 7202 2078 7203 2079 7204 2244 7205 2244 7206 2079 7207 2256 7208 2146 7209 2257 7210 2082 7211 2082 7212 2257 7213 2256 7208 2082 7212 2256 7208 2083 7214 2083 7214 2256 7208 2079 7207 2257 7215 2243 7216 2256 7217 2256 7218 2243 7219 2062 6728 2256 7218 2062 6728 2244 7134 2258 7220 2259 7221 2250 7222 2250 7223 2259 7224 2251 7225 2045 7226 2064 7227 2260 7228 2260 7228 2064 7227 2066 7229 2260 7228 2066 7229 2261 7230 2094 7231 2093 7232 2125 7233 2125 7233 2093 7232 2055 7234 2080 7235 2064 7227 2093 7236 2093 7236 2064 7227 2045 7226 2093 7236 2045 7226 2055 7237 2055 7234 2045 7238 2262 7239 2055 7234 2262 7239 2125 7233 2125 7233 2262 7239 2263 7240 2125 7241 2263 7242 2126 7243 2065 7244 2080 7245 2066 7229 2066 7229 2080 7245 2264 7246 2066 7229 2264 7246 2261 7230 2148 7247 2149 7248 2080 7245 2080 7245 2149 7248 2265 7249 2080 7245 2265 7249 2264 7246 2259 7250 2258 7251 2266 7252 2266 7253 2258 7254 2267 7255 2212 7256 2103 7257 2210 7258 2210 7259 2103 7260 2041 7261 2126 7243 2263 7242 2245 7262 2245 7262 2263 7242 2252 7168 2268 7263 2269 7264 2270 7265 2270 7265 2269 7264 2271 7266 2270 7265 2271 7266 2272 7267 2272 7267 2271 7266 2273 7268 2272 7267 2273 7268 2274 7269 2274 7269 2273 7268 2275 7270 2274 7269 2275 7270 2276 7271 2276 7271 2275 7270 2277 7272 2276 7271 2277 7272 2278 7273 2278 7273 2277 7272 2279 7274 2278 7273 2279 7274 2280 7275 2280 7275 2279 7274 2281 7276 2280 7275 2281 7276 2282 7277 2282 7277 2281 7276 2283 7278 2268 7263 2270 7265 2284 7279 2268 7263 2284 7279 2285 7280 2285 7280 2284 7279 2286 7281 2285 7280 2286 7281 2287 7282 2288 7283 2289 7284 2290 7285 2290 7285 2289 7284 2291 7286 2290 7285 2291 7286 2292 7287 2292 7287 2291 7286 2293 7288 2292 7287 2293 7288 2294 7289 2294 7289 2293 7288 2295 7290 2294 7289 2295 7290 2296 7291 2296 7291 2295 7290 2297 7292 2296 7291 2297 7292 2173 7293 2173 7293 2297 7292 2298 7294 2173 7293 2298 7294 2171 7295 2171 7295 2298 7294 2287 7282 2171 7295 2287 7282 2168 7296 2168 7296 2287 7282 2286 7281 2288 7283 2290 7285 2299 7297 2288 7283 2299 7297 2300 7298 2300 7298 2299 7297 2283 7278 2300 7298 2283 7278 2281 7276 2301 7299 2302 7300 2303 7301 2303 7302 2302 7303 2247 7304 2303 7302 2247 7304 2249 7305 2102 7306 2304 7307 2103 7308 2103 7309 2304 7310 2048 7311 2103 7309 2048 7311 2041 7312 2098 7313 2100 7314 2305 7315 2305 7316 2100 7317 2215 7318 2305 7316 2215 7318 2254 7319 2254 7320 2215 7321 2214 7322 2306 7323 2035 7324 2307 7325 2307 7325 2035 7324 2025 7326 2095 7327 2155 7328 2080 7329 2080 7330 2155 7331 2144 7332 2080 7330 2144 7332 2148 7333 2266 7334 2267 7335 2308 7336 2308 7337 2267 7338 2309 7339 2308 7337 2309 7339 2310 7340 2310 7340 2309 7339 2311 7341 2310 7340 2311 7341 2312 7342 2312 7342 2311 7341 2302 7343 2312 7344 2302 7345 2301 7346 2138 6849 2245 7262 2085 6847 2085 6847 2245 7262 2252 7168 2167 7347 2313 7348 2176 7349 2176 7349 2313 7348 2228 7350 2176 7349 2228 7350 2224 7351 2224 7351 2228 7350 2227 7352 2314 7353 2219 7354 2237 7355 2237 7355 2219 7354 2198 7356 2237 7355 2198 7356 2235 7357 2235 7357 2198 7356 2315 7358 2199 7359 2315 7360 2198 7361 2316 7362 2313 7348 2317 7363 2317 7363 2313 7348 2167 7347 2317 7363 2167 7347 2314 7353 2314 7353 2167 7347 2166 7364 2314 7353 2166 7364 2219 7354 2233 7365 2235 7357 2231 7366 2231 7366 2235 7357 2315 7358 2231 7366 2315 7358 2227 7352 2227 7352 2315 7358 2225 7367 2227 7352 2225 7367 2224 7351 2304 7368 2102 7369 2318 7370 2318 7370 2102 7369 2099 7371 2318 7370 2099 7371 2098 7372 2242 7176 2084 7373 2253 7175 2253 7175 2084 7373 2133 7374 2253 7175 2133 7375 2142 7173 2319 7376 2278 7377 2320 7378 2320 7379 2278 7380 2280 7381 2320 7379 2280 7381 2321 7382 2321 7382 2280 7381 2282 7383 2322 7384 2323 7385 2324 7386 2324 7387 2323 7388 2325 7389 2324 7387 2325 7389 2326 7390 2326 7390 2325 7389 2327 7391 2326 7390 2327 7391 2328 7392 2328 7392 2327 7391 2329 7393 2328 7392 2329 7393 2330 7394 2330 7395 2329 7396 2331 7397 2330 7395 2331 7397 2332 7398 2332 7399 2331 7400 2333 7401 2332 7399 2333 7401 2321 7402 2172 7403 2334 7404 2335 7405 2335 7405 2334 7404 2336 7406 2335 7407 2336 7408 2322 7409 2322 7409 2336 7408 2337 7410 2322 7411 2337 7412 2323 7413 2151 7414 2154 7415 2032 7416 2032 7416 2154 7415 2153 7417 2032 7418 2153 7419 2034 7420 2034 7421 2153 7422 2105 7423 2034 7421 2105 7423 2036 7424 2321 7425 2333 7426 2320 7427 2320 7427 2333 7426 2338 7428 2320 7429 2338 7430 2319 7431 2319 7431 2338 7430 2339 7432 2334 7433 2172 7434 2340 7435 2340 7435 2172 7434 2170 7436 2340 7437 2170 7438 2169 7439 2314 7440 2341 7441 2317 7442 2317 7442 2341 7441 2342 7443 2317 7442 2342 7443 2316 7444 2316 7444 2342 7443 2343 7445 2316 7444 2343 7445 2313 7446 2313 7446 2343 7445 2344 7447 2313 7446 2344 7447 2228 7448 2228 7448 2344 7447 2345 7449 2228 7450 2345 7451 2226 7452 2237 7453 2239 7454 2314 7440 2314 7440 2239 7454 2346 7455 2314 7440 2346 7455 2341 7441 2321 7456 2282 7457 2332 7458 2332 7459 2282 7460 2283 7461 2332 7462 2283 7463 2330 7464 2330 7465 2283 7466 2299 7467 2330 7468 2299 7469 2328 7470 2328 7470 2299 7469 2290 7471 2328 7470 2290 7471 2326 7472 2326 7472 2290 7471 2292 7473 2326 7472 2292 7473 2324 7474 2324 7474 2292 7473 2294 7475 2324 7476 2294 7477 2322 7478 2322 7479 2294 7480 2296 7481 2322 7479 2296 7481 2335 7482 2335 7482 2296 7481 2173 7483 2335 7484 2173 7485 2172 7486 2140 7487 2175 7488 2141 7489 2141 7489 2175 7488 2158 7490 2347 7491 2348 7492 2334 7493 2334 7494 2348 7495 2349 7496 2334 7497 2349 7498 2350 7499 2350 7500 2349 7501 2351 7502 2350 7503 2351 7504 2327 7505 2327 7506 2351 7507 2344 7508 2327 7509 2344 7510 2329 7511 2329 7512 2344 7513 2352 7514 2329 7515 2352 7516 2331 7516 2331 7517 2352 7517 2333 7517 2333 7518 2352 7519 2341 7520 2333 7521 2341 7522 2338 7523 2338 7524 2341 7525 2353 7526 2338 7527 2353 7528 2339 7529 2339 7530 2353 7531 2354 7532 2339 7533 2354 7534 2355 7535 2355 7536 2354 7537 2356 7538 2355 7539 2356 7540 2357 7541 2357 7542 2356 7543 2234 7544 2357 7545 2234 7546 2347 7547 2347 7548 2234 7549 2232 7550 2347 7551 2232 7552 2348 7553 2339 7554 2355 7555 2358 7556 2358 7556 2355 7555 2359 7557 2323 7558 2350 7559 2325 7560 2325 7560 2350 7559 2327 7561 2360 7562 2359 7563 2361 7564 2361 7565 2359 7566 2362 7567 2361 7565 2362 7567 2363 7568 2363 7568 2362 7567 2364 7569 2363 7568 2364 7569 2365 7570 2365 7570 2364 7569 2357 7571 2365 7570 2357 7571 2366 7572 2366 7572 2357 7571 2367 7573 2366 7572 2367 7573 2169 7574 2169 7439 2367 7575 2340 7437 2319 7576 2339 7577 2360 7578 2360 7578 2339 7577 2358 7579 2360 7562 2358 7580 2359 7563 2068 7581 2108 7582 2069 7583 2069 7584 2108 7585 2368 7586 2069 7584 2368 7586 2369 7587 2369 7587 2368 7586 2370 7588 2369 7587 2370 7588 2371 7589 2371 7589 2370 7588 2372 7590 2371 7589 2372 7590 2373 7591 2373 7591 2372 7590 2374 7592 2373 7591 2374 7592 2375 7593 2375 7593 2374 7592 2376 7594 2375 7595 2376 7596 2377 7597 2377 7597 2376 7596 2378 7598 2377 7597 2378 7598 2379 7599 2379 7599 2378 7598 2380 7600 2379 7599 2380 7600 2381 7601 2381 7601 2380 7600 2137 7602 2381 7601 2137 7602 2128 7603 2382 7604 2383 7605 2384 7606 2384 7606 2383 7605 2385 7607 2384 7606 2385 7607 2386 7608 2087 7609 2081 7610 2387 7611 2387 7612 2081 7613 2388 7614 2387 7612 2388 7614 2389 7615 2389 7615 2388 7614 2042 7616 2389 7615 2042 7616 2382 7604 2382 7604 2042 7616 2390 7617 2382 7604 2390 7617 2383 7605 2383 7605 2390 7617 2076 7618 2383 7619 2076 7620 2391 7621 2081 7610 2087 7609 2221 7622 2221 7622 2087 7609 2387 7611 2042 7616 2388 7614 2390 7617 2388 7623 2081 7624 2083 7625 2076 7626 2390 7617 2077 7627 2077 7627 2390 7617 2388 7614 2077 7627 2388 7614 2079 7628 2079 7629 2388 7623 2083 7625 2383 7605 2391 7630 2385 7607 2385 7607 2391 7630 2392 7631 2385 7607 2392 7632 2206 7633 2206 7633 2392 7632 2393 7634 2206 7633 2393 7634 2204 7635 2204 7635 2393 7634 2130 7636 2204 7637 2130 7638 2200 7639 2131 7640 2130 7641 2393 7642 2393 7642 2392 7643 2131 7640 2131 7640 2392 7643 2391 7644 2131 7640 2391 7644 2394 7645 2394 7645 2391 7644 2076 7646 2394 7645 2076 7646 2075 7647 2394 7645 2395 7648 2131 7640 2131 7640 2395 7648 2129 7649 2075 7650 2061 7651 2396 7652 2060 7653 2396 7652 2061 7651 2142 7654 2129 7655 2060 7656 2060 7653 2129 7657 2395 7648 2060 7653 2395 7648 2396 7652 2396 7652 2395 7648 2394 7645 2396 7652 2394 7645 2075 7647 2200 7658 2129 7659 2142 7660 2097 7661 2200 7662 2096 7663 2096 7664 2200 7665 2142 7666 2096 7667 2142 7668 2133 7669 2200 7670 2097 7671 2204 7672 2397 7673 2206 7633 2140 7674 2140 7674 2206 7633 2205 7675 2141 7676 2106 7677 2398 7678 2398 7678 2106 7677 2399 7679 2399 7679 2106 7677 2252 7680 2399 7679 2252 7680 2400 7681 2400 7681 2252 7680 2073 7682 2400 7681 2073 7682 2072 7683 2071 7684 2073 7682 2263 7685 2263 7685 2073 7682 2252 7680 2071 7686 2263 7687 2072 7688 2072 7683 2263 7240 2262 7239 2072 7683 2262 7239 2400 7681 2398 7678 2140 7689 2141 7676 2141 7690 2140 7691 2205 7692 2141 7676 2205 7693 2106 7677 2192 7694 2385 7607 2190 7695 2190 7695 2385 7607 2206 7633 2190 7695 2206 7633 2191 7696 2191 7696 2206 7633 2397 7673 2191 7696 2397 7673 2192 7694 2192 7694 2397 7673 2401 7697 2192 7694 2401 7697 2385 7607 2385 7607 2401 7697 2402 7698 2385 7607 2402 7698 2386 7608 2035 7699 2306 7700 2033 7701 2033 7702 2306 7703 2403 7704 2404 7705 2031 7706 2405 7707 2405 7708 2031 7709 2033 7710 2405 7711 2033 7712 2403 7713 2145 7714 2156 7715 2146 7716 2146 7717 2156 7718 2243 7719 2146 7720 2243 7721 2257 7722 2277 7723 2275 7724 2376 7725 2376 7726 2275 7727 2273 7728 2376 7729 2273 7730 2378 7731 2378 7731 2273 7730 2406 7732 2378 7731 2406 7732 2122 7733 2122 7733 2406 7732 2268 7734 2122 7733 2268 7734 2120 7735 2120 7736 2268 7737 2285 7738 2120 7739 2285 7740 2118 7741 2118 7742 2285 7743 2407 7744 2118 7745 2407 7746 2116 7747 2116 7748 2407 7749 2297 7750 2116 7751 2297 7752 2114 7753 2114 7754 2297 7755 2408 7756 2114 7757 2408 7758 2112 7759 2112 7759 2408 7758 2291 7760 2112 7759 2291 7760 2368 7761 2368 7761 2291 7760 2409 7762 2368 7761 2409 7762 2370 7763 2370 7764 2409 7765 2300 7766 2370 7767 2300 7768 2372 7769 2372 7770 2300 7771 2410 7770 2372 7772 2410 7773 2374 7774 2374 7775 2410 7775 2277 7776 2374 7777 2277 7778 2376 7779 2107 7780 2110 7781 2108 7782 2108 7783 2110 7784 2112 7759 2108 7783 2112 7759 2368 7761 2137 7785 2380 7786 2124 7787 2124 7787 2380 7786 2378 7731 2124 7787 2378 7731 2122 7733 2278 7788 2319 7789 2276 7790 2276 7790 2319 7789 2360 7791 2276 7790 2360 7791 2274 7792 2274 7793 2360 7794 2361 7795 2274 7796 2361 7797 2272 7798 2272 7798 2361 7797 2363 7799 2272 7798 2363 7799 2270 7800 2270 7800 2363 7799 2365 7801 2270 7800 2365 7801 2284 7802 2284 7802 2365 7801 2366 7803 2284 7802 2366 7803 2286 7804 2286 7804 2366 7803 2169 7805 2286 7806 2169 7807 2168 7808 2151 7809 2038 7810 2152 7811 2152 7812 2038 7813 2030 7814 2211 7815 2208 7816 2199 7817 2199 7818 2208 7819 2225 7820 2199 7818 2225 7820 2315 7821 2221 7822 2411 7823 2149 7824 2149 7824 2411 7823 2412 7825 2149 7824 2412 7825 2265 7826 2265 7826 2412 7825 2413 7827 2265 7826 2413 7827 2264 7828 2264 7828 2413 7827 2414 7829 2264 7828 2414 7829 2261 7830 2261 7830 2414 7829 2415 7831 2261 7830 2415 7831 2260 7832 2260 7832 2415 7831 2416 7833 2260 7832 2416 7833 2045 7834 2045 7834 2416 7833 2417 7835 2045 7834 2417 7835 2262 7836 2262 7836 2417 7835 2418 7837 2262 7836 2418 7837 2400 7838 2400 7838 2418 7837 2419 7839 2400 7838 2419 7839 2399 7840 2399 7840 2419 7839 2420 7841 2399 7840 2420 7841 2398 7842 2398 7842 2420 7841 2421 7843 2398 7842 2421 7843 2140 7844 2140 7844 2421 7843 2422 7845 2140 7844 2422 7845 2397 7846 2397 7846 2422 7845 2423 7847 2397 7846 2423 7847 2401 7848 2401 7848 2423 7847 2424 7849 2401 7848 2424 7849 2402 7850 2402 7850 2424 7849 2425 7851 2402 7850 2425 7851 2386 7852 2386 7852 2425 7851 2426 7853 2386 7852 2426 7853 2384 7854 2384 7854 2426 7853 2427 7855 2384 7854 2427 7855 2382 7856 2382 7856 2427 7855 2428 7857 2382 7856 2428 7857 2389 7858 2389 7858 2428 7857 2429 7859 2389 7858 2429 7859 2387 7860 2387 7860 2429 7859 2430 7861 2387 7860 2430 7861 2221 7822 2221 7822 2430 7861 2411 7823 2081 7862 2148 7863 2082 7864 2082 7865 2148 7866 2144 7867 2082 7868 2144 7869 2146 7870 2431 7871 2432 7872 2433 7873 2433 7873 2432 7872 2434 7874 2433 7873 2434 7874 2435 7875 2433 7873 2436 7876 2431 7871 2437 7877 2438 7877 2439 7877 2440 7878 2441 7879 2442 7880 2440 7878 2442 7880 2443 7881 2443 7881 2442 7880 2444 7882 2443 7881 2444 7882 2445 7883 2446 7884 2447 7885 2448 7885 2448 7885 2449 7886 2446 7884 2446 7884 2449 7886 2450 7887 2446 7884 2450 7887 2451 7888 2452 7889 2444 7889 2453 7889 2444 7890 2452 7890 2454 7890 2455 7891 2456 7892 2457 7893 2455 7891 2457 7893 2458 7894 2458 7894 2457 7893 2459 7895 2458 7894 2459 7895 2460 7896 2460 7896 2459 7895 2461 7897 2460 7896 2461 7897 2462 7898 2451 7899 2450 7899 2463 7900 2451 7899 2463 7900 2464 7901 2464 7901 2463 7900 2465 7902 2464 7901 2465 7902 2438 7903 2466 7904 2467 7904 2468 7904 2469 7905 2470 7906 2471 7907 2472 7908 2473 7909 2471 7907 2471 7907 2473 7909 2474 7910 2471 7907 2474 7910 2469 7905 2475 7911 2476 7911 2477 7912 2475 7911 2477 7912 2478 7913 2478 7913 2477 7912 2479 7914 2478 7913 2479 7914 2480 7915 2480 7915 2479 7914 2481 7916 2480 7915 2481 7916 2482 7917 2482 7917 2481 7916 2483 7918 2482 7917 2483 7918 2484 7919 2484 7919 2483 7918 2485 7920 2484 7919 2485 7920 2486 7921 2487 7922 2488 7922 2489 7922 2488 7923 2487 7923 2490 7923 2491 7924 2468 7924 2492 7924 2487 7925 2469 7926 2474 7927 2487 7928 2474 7929 2490 7930 2490 7930 2474 7929 2493 7931 2490 7932 2493 7933 2494 7934 2474 7935 2473 1004 2493 7936 2467 7937 2466 7937 2495 7937 2496 7938 2497 7939 2498 7940 2496 7938 2498 7940 2437 7941 2437 7941 2498 7940 2448 7942 2437 7941 2448 7942 2447 7943 2499 7944 2500 7945 2501 7946 2435 7947 2434 7948 2502 7949 2435 7947 2502 7949 2503 7950 2503 7950 2502 7949 2470 7951 2503 7950 2470 7951 2469 7952 2495 7953 2492 7953 2467 7953 2504 7954 2505 7954 2506 7954 2468 7955 2491 7955 2466 7955 2492 7956 2495 7956 2491 7956 2507 7957 2508 7957 2509 7957 2431 7958 2436 7959 2493 7960 2431 7958 2493 7960 2510 7961 2510 7961 2493 7960 2473 7962 2510 7961 2473 7962 2472 7963 2438 7964 2465 7964 2511 7965 2497 7966 2496 7966 2511 7965 2511 7965 2496 7966 2512 7967 2511 7965 2512 7967 2438 7964 2513 7968 2501 7969 2500 7970 2440 7971 2486 7971 2441 7971 2441 7972 2486 7972 2485 7972 2500 7973 2462 7974 2513 7975 2513 7976 2462 7977 2461 7978 2444 7979 2514 7980 2445 7981 2445 7981 2514 7980 2515 7982 2475 7983 2456 7983 2476 7983 2476 7984 2456 7984 2455 7984 2507 7985 2516 7986 2508 7987 2508 7987 2516 7986 2517 7988 2518 7989 2505 7990 2519 7991 2519 7991 2505 7990 2504 7992 2520 7993 2521 7994 2522 7995 2522 7995 2521 7994 2439 7996 2493 7997 2469 7926 2494 7998 2494 7998 2469 7926 2487 7925 2446 7999 2451 8000 2523 8001 2523 8001 2451 8000 2464 8002 2523 8001 2464 8002 2524 8003 2524 8003 2464 8002 2438 8004 2524 8003 2438 8004 2437 8005 2524 8003 2447 8006 2525 8007 2525 8007 2447 8006 2446 7999 2525 8007 2446 7999 2523 8001 2524 8003 2437 8005 2447 8006 2525 8008 2526 8009 2524 8010 2524 8010 2526 8009 2527 8011 2439 8012 2438 8013 2522 8014 2522 8014 2438 8013 2512 8015 2522 8014 2512 8015 2528 8016 2439 8017 2528 8016 2437 8018 2437 8018 2528 8016 2512 8015 2437 8018 2512 8015 2496 8019 2524 8020 2527 8021 2523 8022 2523 8022 2527 8021 2529 8023 2444 8024 2454 8025 2530 8026 2530 8027 2454 8028 2531 8029 2523 8030 2529 8031 2525 8032 2525 8032 2529 8031 2526 8033 2530 8034 2531 8035 2453 8036 2453 8037 2531 8038 2452 8039 2532 8040 2494 8041 2489 8042 2489 8043 2494 8044 2487 8045 2507 8046 2509 8047 2533 8048 2533 8049 2509 8050 2534 8051 2488 8052 2490 8053 2532 8054 2532 8055 2490 8056 2494 8057 2518 8058 2519 8059 2535 8060 2535 8060 2519 8059 2536 8061 2489 8062 2470 8063 2502 8064 2532 8065 2510 8066 2488 8067 2488 8067 2510 8066 2472 8068 2488 8069 2472 8070 2489 8062 2489 8062 2472 8070 2471 8071 2489 8062 2471 8071 2470 8063 2434 8072 2536 8073 2502 8064 2502 8064 2536 8073 2519 8074 2504 8075 2431 8076 2519 8074 2519 8074 2431 8076 2510 8066 2519 8074 2510 8066 2502 8064 2502 8064 2510 8066 2532 8065 2502 8064 2532 8065 2489 8062 2432 8077 2431 8076 2434 8072 2434 8072 2431 8076 2504 8075 2434 8072 2504 8075 2536 8073 2517 8078 2516 8079 2534 8080 2534 8080 2516 8079 2533 8081 2514 8082 2499 8083 2515 8084 2515 8085 2499 8086 2501 8087 2439 8088 2521 8089 2528 8090 2528 8090 2521 8089 2537 8091 2535 8092 2536 8093 2506 8094 2506 8095 2536 8096 2504 8097 2518 8098 2535 8099 2503 8100 2503 8100 2535 8099 2506 8101 2503 8100 2506 8101 2435 8102 2435 8102 2506 8101 2505 8103 2435 8104 2505 8105 2436 8106 2436 8106 2505 8105 2518 8098 2436 8106 2518 8098 2493 8107 2493 8107 2518 8098 2503 8100 2493 8107 2503 8100 2469 8108 2436 8106 2433 1004 2435 8104 2520 8109 2522 8110 2537 8111 2537 8111 2522 8110 2528 8112 2527 8113 2450 8114 2529 8115 2450 8114 2449 8116 2529 8115 2529 8115 2449 8116 2448 8117 2529 8115 2448 8117 2526 8118 2526 8118 2448 8117 2498 8119 2526 8118 2498 8119 2527 8113 2527 8113 2498 8119 2463 8120 2527 8113 2463 8120 2450 8114 2498 8119 2537 8121 2521 8122 2498 8119 2497 8123 2537 8121 2537 8121 2497 8123 2511 8124 2537 8121 2511 8124 2520 8125 2520 8125 2511 8124 2465 8126 2520 8125 2465 8126 2521 8122 2521 8122 2465 8126 2463 8120 2521 8122 2463 8120 2498 8119 2538 1119 2485 1119 2539 1119 2539 8127 2485 8128 2483 8129 2539 8127 2483 8129 2540 1119 2540 1119 2483 8129 2442 8130 2540 1119 2442 8130 2538 8131 2538 8131 2442 8130 2441 8132 2538 8133 2441 8133 2485 8133 2530 8134 2514 8135 2444 8136 2499 8137 2514 8135 2481 8138 2481 8138 2514 8135 2530 8134 2481 8138 2530 8134 2483 8129 2483 8129 2530 8134 2453 8139 2483 8129 2453 8139 2442 8130 2442 8130 2453 8139 2444 8140 2541 8141 2542 8142 2479 8143 2479 8143 2542 8142 2543 8144 2479 8143 2543 8144 2481 8138 2481 8138 2543 8144 2500 8145 2481 8138 2500 8145 2499 8137 2477 8146 2476 8147 2491 8148 2491 8148 2476 8147 2455 8149 2491 8150 2455 8151 2466 8152 2466 8152 2455 8151 2458 8153 2466 8152 2458 8153 2495 8154 2495 8154 2458 8153 2477 8146 2495 8154 2477 8146 2491 8148 2543 8144 2544 8155 2462 8156 2462 8156 2544 8155 2541 8141 2462 8156 2541 8141 2460 8157 2460 8157 2541 8141 2479 8143 2460 8157 2479 8143 2516 8158 2516 8158 2479 8143 2477 8146 2516 8158 2477 8146 2533 8159 2533 8159 2477 8146 2458 8153 2533 8159 2458 8153 2507 8160 2507 8160 2458 8153 2460 8157 2507 8160 2460 8157 2516 8158 2543 8144 2462 8156 2500 8145 2545 1166 2546 1166 2486 1166 2486 1166 2546 1166 2547 1166 2486 1166 2440 1166 2545 1166 2545 8161 2440 1166 2443 8162 2545 8161 2443 8162 2547 8163 2547 8163 2443 8162 2484 8164 2547 8163 2484 8164 2486 1166 2515 8165 2501 8166 2482 8167 2482 8167 2501 8166 2513 1166 2482 8167 2513 1166 2548 8168 2548 1166 2513 1166 2461 1166 2548 1166 2461 1166 2549 1166 2549 1166 2461 1166 2459 8169 2549 1166 2459 8169 2480 8170 2482 8167 2454 8171 2515 8165 2454 8171 2482 8167 2531 8172 2531 8172 2482 8167 2484 8164 2531 8172 2484 8164 2452 8173 2452 8173 2484 8164 2443 8162 2452 8174 2443 8175 2454 8171 2454 8171 2443 8175 2445 8176 2454 8171 2445 8176 2515 8165 2478 8177 2492 8178 2475 8179 2475 8179 2492 8178 2468 8180 2475 8181 2468 8182 2456 8183 2456 8183 2468 8182 2467 8184 2456 8183 2467 8184 2457 8185 2457 8185 2467 8184 2492 8178 2457 8185 2492 8178 2478 8177 2509 8186 2478 8177 2534 8187 2534 8187 2478 8177 2480 8170 2534 8187 2480 8170 2517 8188 2517 8188 2480 8170 2459 8169 2517 8188 2459 8169 2508 8189 2508 8189 2459 8169 2457 8190 2508 8191 2457 8185 2509 8186 2509 8186 2457 8185 2478 8177 2549 1166 2480 8170 2550 8192 2550 8192 2480 8170 2482 8167 2550 8192 2482 8167 2548 8168 2551 8193 2552 8194 2553 8195 2553 8196 2552 8197 2554 8198 2553 8199 2554 8200 2555 8201 2555 8201 2554 8200 2556 8202 2554 8203 2557 1166 2556 8204 2558 8205 2559 8206 2560 8207 2551 8208 2558 8209 2561 8210 2561 8210 2558 8209 2560 8211 2562 8212 2563 8213 2564 8214 2565 1119 2566 8215 2567 8216 2567 8217 2566 8218 2568 8219 2567 8217 2568 8219 2569 8220 2569 8220 2568 8219 2570 8221 2569 8220 2570 8221 2571 8222 2571 8222 2570 8221 2562 8223 2571 8222 2562 8223 2572 8224 2572 8225 2562 8212 2564 8214 2563 8226 2573 8227 2564 8228 2563 8229 2556 8229 2573 8230 2573 8231 2556 8231 2557 8231 2573 8232 2557 8233 2564 8234 2554 8235 2552 8236 2572 8235 2572 8235 2552 8237 2571 8238 2566 8239 2559 8240 2568 8241 2568 8242 2559 8243 2558 8244 2551 8245 2553 8246 2570 8247 2570 8248 2553 8249 2562 8250 2570 8251 2568 8252 2551 8253 2551 8254 2568 8255 2558 8256 2557 8257 2554 8257 2564 8257 2564 8258 2554 8258 2572 8258 2556 8259 2563 8260 2555 8261 2555 8262 2563 8263 2562 8264 2555 8265 2562 8266 2553 8267 2569 8268 2561 8269 2567 8270 2567 8271 2561 8272 2560 8273 2567 8271 2560 8273 2565 8274 2571 8275 2552 8276 2569 8277 2569 8278 2552 8279 2551 8280 2569 8278 2551 8280 2561 8281 2869 8282 2870 8283 2871 8284 2871 8284 2870 8283 2872 8285 2871 8284 2872 8285 2873 8286 2873 8286 2872 8285 2874 8287 2873 8286 2874 8287 2875 8288 2875 8288 2874 8287 2876 8289 2875 8288 2876 8289 2877 8290 2877 8291 2876 8292 2878 8293 2877 8290 2878 8294 2875 8288 2876 8295 2879 8296 2878 8297 2871 8284 2873 8286 2869 8298 2880 8299 2881 8299 2882 8299 2883 8300 2881 8300 2880 8300 2876 8301 2884 8302 2885 8302 2886 8303 2887 8303 2888 8303 2889 8304 2890 8304 2891 8304 2892 8305 2887 8305 2886 8305 2893 8306 2878 8307 2879 8307 2876 8308 2885 8309 2893 8310 2893 8311 2879 8312 2876 8313 2894 8314 2890 8314 2889 8314 2869 8315 2873 8315 2895 8315 2896 8316 2897 8316 2898 8316 2899 8317 2897 8317 2896 8317 2895 8318 2900 8319 2869 8320 2901 8321 2902 8322 2895 8323 2895 8323 2902 8322 2903 8324 2895 8323 2903 8324 2900 8319 2900 8319 2903 8324 2870 8325 2900 8319 2870 8325 2869 8320 2885 8326 2884 8327 2893 8328 2893 8328 2884 8327 2904 8329 2884 8327 2902 8322 2904 8329 2904 8329 2902 8322 2901 8321 2904 8329 2901 8321 2893 8328 2876 8330 2874 8331 2884 8332 2884 8333 2874 8334 2902 8335 2901 8336 2895 8337 2875 8338 2875 8338 2895 8337 2873 8339 2882 8340 2881 8341 2905 8342 2905 8342 2881 8341 2883 8343 2888 8344 2887 8345 2906 8346 2906 8346 2887 8345 2892 8347 2891 8348 2890 8349 2907 8350 2907 8350 2890 8349 2894 8351 2898 8352 2897 8353 2908 8354 2908 8354 2897 8353 2899 8355 2875 8356 2878 8357 2901 8358 2901 8358 2878 8357 2893 8359 2870 8360 2903 8361 2872 8362 2872 8362 2903 8361 2902 8363 2872 8362 2902 8363 2874 8364 2909 8365 2910 8366 2911 8367 2911 8368 2910 8369 2912 8370 2911 8368 2912 8370 2913 8371 2913 8371 2912 8370 2914 8372 2913 8371 2914 8372 2915 8373 2915 8373 2914 8372 2916 8374 2915 8375 2916 8376 2917 8377 2918 8378 2919 8379 2920 8380 2921 8381 2922 8382 2923 8383 2924 8384 2925 8385 2926 8386 2923 8387 2927 8388 2921 8389 2918 8390 2928 8390 2919 8390 2929 8391 2930 8392 2931 8393 2929 8394 2932 8395 2930 8395 2933 8396 2934 8397 2927 8398 2935 8399 2936 8400 2937 8401 2927 8402 2923 8403 2933 8404 2936 8405 2935 8406 2938 8407 2939 8408 2940 8409 2941 8410 2942 8411 2943 8411 2944 8411 2945 8412 2946 8413 2947 8414 2948 8415 2949 8416 2950 8417 2949 8418 2948 8419 2951 8420 2922 8421 2921 8422 2952 8423 2944 8424 2953 8425 2942 8426 2940 8427 2939 8427 2954 8427 2955 8428 2954 8428 2956 8428 2957 8429 2954 8430 2958 8431 2959 8432 2960 8433 2961 8434 2962 8435 2963 8436 2964 8437 2954 8438 2955 8439 2940 8439 2965 8440 2966 8441 2967 8442 2966 8443 2965 8444 2968 8445 2958 8431 2969 8446 2957 8429 2937 8447 2970 8448 2935 8449 2971 8450 2972 8451 2973 8452 2974 8453 2975 8454 2976 8455 2974 8456 2976 8457 2977 8458 2977 8458 2976 8457 2960 8459 2977 8460 2960 8461 2959 8462 2975 8463 2974 8464 2978 8465 2975 8463 2978 8465 2979 8466 2979 8466 2978 8465 2980 8467 2979 8466 2980 8467 2981 8468 2981 8468 2980 8467 2982 8469 2981 8468 2982 8469 2983 8470 2984 8471 2947 8472 2985 8473 2947 8474 2984 8475 2945 8476 2986 8477 2987 8477 2988 8477 2989 8478 2990 8479 2991 8480 2992 8481 2993 8481 2987 8481 2994 8482 2995 8483 2996 8484 2994 8482 2996 8484 2997 8485 2997 8485 2996 8484 2998 8486 2997 8485 2998 8486 2999 8487 2988 8488 3000 8488 2986 8488 2987 8489 2986 8489 2992 8489 2924 8490 3001 8491 3002 8491 2950 8492 3003 8492 2948 8493 2929 8494 2931 8495 3004 8496 3000 8497 2988 8497 3005 8497 2941 8498 3006 8498 2939 8498 2924 8499 3002 8500 2925 8501 3003 8502 2950 8503 3007 8504 3008 8505 3009 8505 3010 8505 3011 8506 3012 8506 3013 8506 3014 8507 3015 8507 3016 8507 3017 8508 3018 8508 3019 8508 3012 8509 3011 8509 3009 8509 3020 8510 3021 8511 3022 8512 3023 8513 3024 8513 3006 8513 3025 8514 3007 8514 3026 8514 3009 8515 3008 8515 3012 8515 3027 8516 3028 8517 3029 8516 3030 8518 3031 8519 3032 8519 3033 8520 3034 8520 2943 8520 3035 8521 3036 8521 3037 8521 3038 8522 3039 8523 3040 8524 2957 8525 3041 8526 3042 8527 3043 8528 3044 8529 3045 8530 3007 8531 3025 8532 3003 8531 3034 8533 3033 8533 3046 8533 3041 8534 2957 8535 2969 8534 3005 8536 3047 8536 3000 8536 3048 8537 3049 8538 3044 8539 3036 8540 3035 8540 3050 8540 3051 8541 3052 8542 2934 8543 3044 8544 3043 8545 3048 8546 3047 8547 3005 8547 3053 8547 2956 8548 3054 8548 2955 8548 3054 8549 2956 8549 3024 8549 3055 8550 3029 8550 3056 8550 3029 8551 3055 8551 3027 8551 2943 8552 2942 8553 3033 8552 3055 8554 3057 8554 3027 8554 3016 8555 3058 8555 3014 8555 2952 8556 3022 8557 2922 8558 3042 8559 3059 8560 2957 8561 3058 8562 3016 8562 3060 8562 3059 8563 3042 8564 3061 8563 3022 8565 2952 8566 3020 8567 3060 8568 3037 8568 3058 8568 2934 8569 2933 8570 3051 8571 3062 8572 3010 8572 3063 8572 3010 8573 3062 8573 3008 8573 2985 8574 3064 8575 2984 8576 3064 8577 2985 8578 3065 8579 3066 8580 3067 8581 3068 8582 3069 8583 3070 8583 3071 8583 3070 8584 3069 8585 3072 8586 3037 8587 3060 8588 3035 8589 3019 8590 3053 8590 3017 8590 3053 8591 3019 8591 3047 8591 3073 8592 3074 8593 3075 8594 3076 8595 3073 8596 3077 8597 3077 8597 3073 8596 3075 8598 3078 8599 3079 8599 3080 8599 3081 8600 3082 8601 2953 8602 3082 8603 3081 8603 3083 8603 3084 8604 3085 8605 3086 8606 2953 8607 2944 8608 3081 8609 3066 8610 3087 8611 3088 8612 3067 8613 3066 8614 3089 8615 3089 8615 3066 8614 3088 8616 3089 8617 3088 8618 3090 8619 3090 8619 3088 8618 3091 8620 3089 8621 3092 8622 3067 8623 3093 8624 2973 8625 2972 8626 3094 8627 3095 8627 3096 8627 3097 8628 3098 8629 3099 8630 3100 8631 3063 8631 3101 8631 3102 8632 3103 8632 3104 8632 3105 8633 3039 8634 3106 8635 3107 8636 3108 8637 3085 8637 3103 8638 3109 8638 3104 8638 3110 8639 3088 8639 3087 8640 3095 8641 3111 8642 3112 8643 3113 8644 3114 8645 3115 8646 3115 8646 3114 8645 3116 8647 3115 8646 3116 8647 3117 8648 3117 8649 3116 8647 3118 8650 3117 8649 3118 8650 3119 8651 3119 8651 3118 8650 3120 8652 3119 8651 3120 8652 3112 8643 3112 8643 3120 8652 3121 8653 3112 8643 3121 8653 3095 8641 3095 8641 3121 8653 3122 8654 3095 8641 3122 8654 3080 8655 3080 8655 3122 8654 3123 8656 3080 8657 3123 8658 3078 8659 3078 8659 3123 8658 3124 8660 3078 8659 3124 8660 3125 8661 3125 8661 3124 8660 3099 8662 3125 8663 3099 8664 3126 8665 3126 8665 3099 8664 3127 8666 3117 8667 2963 8668 3115 8669 3115 8646 2963 8670 2962 8671 3115 8646 2962 8671 3113 8644 3116 8647 3114 8645 3128 8672 3122 8654 3121 8653 3129 8673 3129 8673 3121 8653 3120 8652 3129 8673 3120 8652 3128 8672 3128 8672 3120 8652 3118 8650 3128 8672 3118 8650 3116 8647 3099 8662 3124 8660 3097 8674 3097 8674 3124 8660 3123 8658 3130 8675 3125 8663 3126 8665 3078 8659 3125 8661 3094 8676 3094 8676 3125 8661 3111 8677 3094 8678 3111 8679 3095 8680 3105 8681 3106 8682 3131 8683 3090 8684 2972 8685 3132 8686 3133 8687 3098 8688 3134 8688 3135 8689 3132 8689 2972 8689 3136 8690 3077 8691 3075 8692 3137 8693 3107 8694 3138 8695 3139 8696 3140 8696 3126 8696 3063 8697 3100 8697 3062 8697 3077 8698 3141 8698 3142 8698 3026 8699 3061 8699 3025 8700 3061 8701 3026 8701 3059 8702 3134 8703 3143 8704 3144 8705 3145 8706 3146 8707 3147 8706 3145 8708 3133 8708 3146 8708 3021 8709 3020 8710 3148 8711 3045 8712 3149 8713 3043 8714 3030 8715 3032 8716 3150 8717 3151 8718 3105 8719 3073 8718 3105 8720 3151 8721 3039 8722 3152 8723 3153 8723 3154 8723 3146 8724 3133 8725 2916 8726 3015 8727 3014 8727 3155 8727 3155 8728 3050 8728 3015 8728 3052 8729 3051 8730 3156 8729 3050 8731 3155 8731 3036 8731 3126 8732 3140 8733 3157 8733 3065 8734 3158 8735 3064 8736 3159 8737 3013 8737 3160 8737 3157 8738 3130 8738 3126 8738 2917 8739 3161 8739 3162 8739 3163 8740 3038 8741 3164 8742 3030 8743 3150 8744 3165 8745 3166 8746 3167 8747 3168 8748 3130 8749 3157 8749 3169 8749 3166 8750 3170 8751 3167 8752 3171 8753 3172 8754 3173 8755 3046 8756 3174 8757 3034 8756 3166 8758 3175 8759 3170 8759 3174 8760 3046 8760 3176 8761 3151 8762 3040 8762 3039 8762 3177 8763 3141 8764 3152 8765 3178 8766 3179 8766 3180 8766 3181 8767 3182 8768 3183 8769 3184 8770 3083 8770 3185 8770 3186 8771 3173 8772 3187 8773 3179 8774 3178 8774 3188 8774 3176 8775 3185 8775 3174 8776 3185 8777 3176 8778 3184 8777 3179 8779 3189 8779 3180 8779 3148 8780 3190 8780 3021 8781 3169 8782 3191 8783 3130 8784 2962 8785 3192 8786 3113 8787 3193 8788 2967 8789 2966 8790 3194 8791 3086 8792 3195 8793 3196 8794 3197 8795 3198 8796 3086 8797 3194 8798 3084 8799 3199 8800 3200 8800 3201 8801 3202 8802 3203 8803 3195 8804 3196 8805 2973 8806 3091 8807 3203 8808 3202 8808 3204 8809 3205 8810 3206 8810 3085 8810 3201 8811 3207 8812 3199 8813 3207 8814 3201 8815 3208 8814 3040 8816 3209 8817 3038 8818 3210 8819 3211 8820 3209 8821 3206 8822 3205 8823 2968 8824 2973 8825 3196 8826 2971 8827 3138 8828 3206 8829 2968 8830 3198 8831 2971 8832 3196 8833 2971 8834 3135 8835 2972 8836 3212 8837 3131 8837 3213 8837 3214 8838 3154 8839 3215 8840 3216 8841 3187 8842 3211 8843 3217 8844 3218 8844 3219 8844 3101 8845 3160 8845 3100 8845 3108 8846 3086 8847 3085 8848 3218 8849 3217 8849 3220 8849 3160 8850 3101 8850 3159 8850 3087 8851 3221 8852 3110 8853 2989 8854 3183 8855 3222 8856 3088 8857 3110 8857 3091 8857 3215 8858 3223 8859 3214 8860 3186 8861 3214 8862 3223 8863 3219 8864 3224 8864 3217 8864 3090 8865 3093 8866 2972 8866 3225 8867 3226 8868 3227 8869 2918 8870 3227 8869 2920 8871 2920 8871 3227 8869 3228 8872 2920 8873 3229 8874 2918 8870 2918 8870 3229 8874 3230 8875 2918 8870 3230 8875 3227 8869 3227 8869 3230 8875 3231 8876 3227 8869 3231 8876 3225 8867 3225 8877 3231 8878 3232 8879 3233 8880 3234 8881 3235 8882 3235 8882 3234 8881 3236 8883 3235 8882 3236 8883 3233 8880 3237 8884 3230 8875 3236 8883 3236 8883 3230 8875 3229 8874 3236 8883 3229 8874 3233 8880 3238 8885 2945 8886 2984 8887 3045 8888 3044 8889 3049 8890 3239 8891 2951 8892 2936 8893 2936 8893 2951 8892 2948 8894 2936 8893 2948 8894 2937 8895 2937 8895 2948 8894 3003 8896 2937 8895 3003 8896 3049 8890 3049 8890 3003 8896 3025 8897 3049 8890 3025 8897 3045 8888 3045 8888 3025 8897 3061 8898 3045 8888 3061 8898 3158 8899 3158 8899 3061 8898 3042 8900 3158 8899 3042 8900 3064 8901 3064 8901 3042 8900 3041 8902 3064 8901 3041 8902 2984 8887 2984 8887 3041 8902 3240 8903 2984 8887 3240 8903 3238 8885 3238 8885 3240 8903 3241 8904 3239 8891 2936 8893 3241 8905 3241 8904 3240 8903 2951 8906 3187 8907 3242 8908 3186 8909 3187 8907 3216 8910 3242 8908 3242 8908 3216 8910 3152 8765 3242 8908 3152 8765 3154 8911 3173 8912 3186 8913 3223 8914 3215 8915 3243 8916 3223 8917 3223 8918 3243 8919 3171 8920 3223 8921 3171 8922 3173 8923 3243 8924 3215 8925 3244 8926 3245 8927 3244 8926 3246 8928 3246 8928 3244 8926 3215 8929 3246 8930 3215 8931 3247 8932 3247 8933 3215 8934 3154 8935 3247 8936 3154 8937 3248 8938 3248 8939 3154 8940 3153 8941 3248 8942 3153 8943 3136 8944 3136 8945 3153 8946 3077 8947 3171 8948 3243 8924 3249 8949 3249 8949 3243 8924 3244 8926 3249 8949 3244 8926 3212 8950 3212 8950 3244 8926 3245 8927 3212 8951 3245 8952 3250 8953 3251 8954 3172 8955 3249 8956 3249 8956 3172 8955 3171 8957 3209 8958 3076 8959 3210 8960 3209 8958 3040 8961 3076 8959 3076 8962 3040 8963 3151 8964 3076 8962 3151 8964 3073 8965 3137 8966 3068 8967 3252 8968 3107 8969 3137 8970 3253 8971 3253 8971 3137 8970 3252 8972 3195 8973 3107 8974 3202 8975 3202 8975 3107 8974 3253 8976 3254 8977 3176 8978 3046 8979 3046 8979 3033 8980 3254 8977 3254 8977 3033 8981 2942 8982 3254 8977 2942 8982 2953 8983 2953 8983 3082 8984 3254 8977 3254 8977 3082 8984 3184 8985 3254 8977 3184 8985 3176 8978 3083 8986 3184 8987 3082 8988 3210 8989 3142 8990 3141 8764 3211 8991 3210 8989 3177 8763 3177 8763 3210 8989 3141 8764 3143 8704 3191 8992 3144 8705 3126 8993 3127 8994 3139 8995 3139 8995 3127 8994 3144 8996 3139 8995 3144 8996 3169 8997 3169 8998 3144 8705 3191 8992 3232 8999 3230 9000 3231 9001 3231 9002 3230 9003 3226 9004 3231 9002 3226 9004 3225 9005 3229 9006 3237 9007 3255 9008 3255 9008 3237 9007 3236 9009 3255 9008 3236 9009 3234 9010 3255 9008 3234 9010 3229 9006 3229 9006 3234 9010 3233 9011 2920 9012 3228 9013 2928 9014 2928 9014 3228 9013 3237 9015 2928 9014 3237 9015 2919 9016 2919 9017 3237 9007 3229 9006 2919 9017 3229 9006 2920 9018 3227 9019 3226 9004 3228 9013 3228 9013 3226 9004 3230 9003 3228 9013 3230 9003 3237 9015 3036 9020 3256 9021 3257 9022 3029 9023 3028 9024 3014 9025 3014 9025 3028 9024 3258 9026 3014 9025 3258 9026 3155 9027 3155 9027 3258 9026 3188 9028 3155 9027 3188 9028 3036 9029 3036 9029 3188 9028 3178 9030 3036 9020 3178 9031 3256 9021 3036 9020 3257 9022 3037 9032 3037 9032 3257 9022 3056 9033 3037 9032 3056 9033 3058 9034 3058 9034 3056 9033 3029 9035 3058 9036 3029 9023 3014 9025 3204 9037 2990 9038 3203 9039 3203 9040 2990 9041 3259 9042 3259 9043 2990 9044 2989 9045 3259 9046 2989 9047 3194 9048 3194 9049 2989 9050 3222 9051 3194 9052 3222 9053 3260 9054 3194 9055 3195 9056 3259 9057 3259 9057 3195 9056 3203 9058 3204 9059 3261 9060 2990 9061 3262 9062 3261 9063 3263 9064 3263 9065 3261 9066 3204 9067 3263 9068 3204 9069 3264 9070 2941 9071 2940 9072 3054 9073 3054 9073 2940 9072 2955 9074 3006 9075 2941 9076 3023 9077 3023 9078 2941 9071 3054 9073 3023 9078 3054 9073 3024 9079 3048 9080 2970 9081 3049 9082 3049 9083 2970 9084 2937 9085 3017 9086 2993 9087 3018 9088 3018 9088 2993 9087 2992 9089 3072 9090 2983 9091 3070 9092 3070 9093 2983 9094 2982 9095 3138 9096 3107 9097 3206 9098 3206 9098 3107 9097 3085 9099 3133 9100 3265 9101 3098 9102 3098 9102 3265 9101 3099 9103 3065 9104 3149 9105 3158 9106 3158 9107 3149 9108 3045 9109 3077 9110 3153 9111 3141 9112 3141 8764 3153 9113 3152 8765 3199 9114 3052 9115 3200 9116 3200 9117 3052 9118 3156 9119 3266 9120 3267 9121 3268 9122 3268 9123 3267 9124 3269 9125 3196 9126 2967 9127 3197 9128 3197 9128 2967 9127 3193 9129 3196 9130 3091 9131 3270 9132 3270 9132 3091 9131 3110 9133 3270 9134 3110 9135 3221 9136 3221 9137 2967 9138 3270 9139 3270 9140 2967 9141 3196 9142 3208 9143 3190 9144 3207 9145 3207 9146 3190 9147 3148 9148 3181 9149 2971 9150 3182 9151 3182 9152 2971 9153 3198 9154 2971 9155 3181 9156 3135 9157 3135 9158 3181 9159 3262 9160 2929 9161 2926 9162 2932 9163 2932 9164 2926 9165 2925 9166 2924 9167 3004 9168 3001 9169 3001 9170 3004 9171 2931 9172 3030 9173 3168 9174 3031 9175 3031 9176 3168 9177 3167 9178 3073 9179 3105 9180 3074 9181 3074 9182 3105 9183 3250 9184 3271 9185 3011 9186 3136 9187 3136 9187 3011 9186 3272 9188 3272 9189 3159 9190 3273 9191 3273 9191 3159 9190 3101 9192 3273 9191 3101 9192 3274 9193 3274 9193 3101 9192 3063 9194 3274 9193 3063 9194 3275 9195 3275 9195 3063 9194 3010 9196 3275 9195 3010 9196 3271 9197 3271 9197 3010 9196 3009 9198 3271 9197 3009 9198 3011 9199 3078 9200 3094 9201 3079 9202 3079 9202 3094 9201 3096 9203 3263 9204 3132 9205 3262 9206 3262 9207 3132 9208 3135 9209 3276 9210 3277 9211 3111 9212 3111 9212 3277 9211 3112 9213 3191 9214 3276 9210 3130 9215 3130 9215 3276 9210 3111 9212 3130 9215 3111 9212 3125 9216 3278 9217 3279 9218 2964 9219 2964 9219 3279 9218 3280 9220 2964 9219 3280 9220 3191 9221 3191 9222 3280 1004 3281 1004 3191 9223 3281 1004 3276 9224 3282 9225 3283 9226 2963 9227 2963 9227 3283 9226 3278 9217 2963 9227 3278 9217 2964 9219 2963 9227 3117 9228 3282 9225 3282 9225 3117 9228 3119 9229 3282 9225 3119 9229 3284 9230 3284 9230 3119 9229 3112 9213 3284 9230 3112 9213 3285 9231 3285 9231 3112 9213 3277 9211 3265 9232 3133 9233 3144 9234 3144 9235 3133 9236 3134 9237 3077 9238 3142 9239 3076 9240 3076 9241 3142 9242 3210 9243 2917 9244 2916 9245 3145 9246 3145 9247 2916 9248 3133 9249 3011 9250 3013 9251 3272 9252 3272 9252 3013 9251 3159 9253 3090 9254 3286 9255 3089 9256 3089 9257 3286 9258 3092 9259 3163 9260 3287 9261 3038 9262 3038 9263 3287 9264 3039 9265 3172 9266 3251 9267 3164 9268 3164 9268 3251 9267 3163 9269 3039 9265 3287 9264 3106 9270 3106 9271 3287 9272 3163 9273 3106 9271 3163 9273 3131 9274 3131 9275 3163 9276 3251 9277 3131 9278 3251 9279 3213 9280 2917 9281 3288 9282 3161 9283 3161 9283 3288 9282 3140 9284 3166 9285 3165 9286 3175 9287 3175 9288 3165 9289 3150 9290 3212 9291 3213 9292 3249 9293 3249 9294 3213 9295 3251 9296 3154 9297 3214 9298 3242 9299 3242 9300 3214 9301 3186 9302 2936 9303 2938 9304 3241 9305 3241 9305 2938 9304 3289 9306 3241 9305 3289 9306 3238 9307 3238 9307 3289 9306 2946 9308 3238 9309 2946 9310 2945 9311 3194 9312 3260 9313 3084 9314 3084 9315 3260 9316 3290 9317 3084 9318 3290 9319 2966 9320 2966 9321 3290 9322 3193 9323 2949 9324 2951 9325 2958 9326 2958 9326 2951 9325 3240 9327 2958 9326 3240 9327 2969 9328 2969 9328 3240 9327 3041 9329 3085 9330 3084 9331 3205 9332 3205 9333 3084 9334 2966 9335 3205 8823 2966 9336 2968 8824 2958 9337 2954 9338 2949 9339 2949 9339 2954 9338 2939 9340 2949 9339 2939 9340 2950 9341 2950 9341 2939 9340 3006 9342 3017 9343 3053 9344 2993 9345 2993 9345 3053 9344 3005 9346 2993 9347 3005 9348 2987 9349 2987 9349 3005 9348 2988 1094 2994 9350 3291 9351 2995 9352 2995 9353 3291 9354 3292 9355 2995 9353 3292 9355 3293 9356 3293 9356 3292 9355 3294 9357 3293 9356 3294 9357 3295 9358 3293 9359 3295 9360 2995 9361 2995 9361 3295 9360 3296 9362 2995 9361 3296 9362 3267 9363 3266 9364 2998 9365 3267 9363 3267 9363 2998 9365 2996 9366 3267 9363 2996 9366 2995 9361 3004 9367 2924 9368 2929 9369 2929 9369 2924 9368 2926 9370 3016 9371 3015 9372 3060 9373 3060 9373 3015 9372 3050 9374 3060 9375 3050 9376 3035 9377 3071 9378 3070 9379 3019 9380 3019 9381 3070 9382 2982 9383 3019 9381 2982 9383 3047 9384 3047 9384 2982 9383 2980 9385 3047 9384 2980 9385 3000 9386 3000 9386 2980 9385 2978 9387 3000 9386 2978 9387 2986 9388 2986 9388 2978 9387 2977 9389 2986 9388 2977 9389 2992 9390 2992 9390 2977 9389 2959 9391 2992 9390 2959 9391 3071 9392 2992 9390 3071 9392 3018 9393 3018 9394 3071 9378 3019 9380 2978 9387 2974 9395 2977 9389 2959 9396 2961 9397 3071 9398 3071 9399 2961 9400 3069 9401 3068 9402 3137 9403 3066 9404 3066 9404 3137 9403 3138 9405 3066 9406 3138 9407 3087 9408 2934 9409 3052 9410 3083 9411 3083 9411 3052 9410 3199 9412 3083 9411 3199 9412 3185 9413 3185 9413 3199 9412 3207 9414 3185 9413 3207 9414 3174 9415 3174 9415 3207 9414 3148 9416 3174 9415 3148 9416 3034 9417 3034 9417 3148 9416 3020 9418 3034 9417 3020 9418 2952 9419 3034 9420 2952 9421 2943 9422 2943 9422 2952 9421 2921 9423 2943 9422 2921 9423 2944 9424 2944 9424 2921 9423 2927 9425 2944 9424 2927 9425 3081 9426 3081 9426 2927 9425 2934 9427 3081 9428 2934 9409 3083 9411 3294 9429 3297 9430 3295 9431 3295 9432 3297 9433 3298 9434 3295 9435 3298 9436 3296 9437 3296 9437 3298 9436 3269 9438 3296 9437 3269 9438 3267 9439 2954 9440 2957 9441 2956 9442 2956 9442 2957 9441 3059 9443 2956 9442 3059 9443 3024 9444 3024 9444 3059 9443 3026 9445 3024 9444 3026 9445 3006 9446 3006 9446 3026 9445 3007 9447 3006 9448 3007 9449 2950 9450 2999 9451 2998 9452 3299 9453 3299 9454 2998 9455 3266 9456 3299 9454 3266 9456 3268 9457 3178 9458 3180 9459 3256 9460 3256 9460 3180 9459 3300 9461 3256 9460 3300 9461 3257 9462 3257 9462 3300 9461 3301 9463 3257 9462 3301 9463 3056 9464 3056 9465 3301 9466 3055 9467 3221 9468 3087 9469 3302 9470 3302 9471 3087 9472 3138 9473 3107 9474 3195 9475 3108 9476 3108 9476 3195 9475 3086 9477 3080 9478 3079 9479 3095 9480 3095 9481 3079 9482 3103 9483 3095 9484 3103 9483 3096 9485 3096 9485 3103 9483 3079 9482 2973 9486 3093 9487 3091 9488 3091 9488 3093 9487 3090 9489 3131 9490 3212 9491 3105 9492 3105 9493 3212 9494 3250 9495 3102 9496 3104 9497 3303 9498 3303 9498 3104 9497 3304 9499 3303 9498 3304 9499 3305 9500 3305 9500 3304 9499 2910 9501 3305 9500 2910 9501 2909 9502 3102 9496 3303 9498 3306 9503 3102 9496 3306 9503 3109 9504 3109 9504 3306 9503 3307 9505 3109 9506 3307 9507 3308 9508 3307 9505 3306 9503 3309 9509 3109 9510 3308 9511 3104 9497 3104 9497 3308 9511 3304 9499 2990 9512 3261 9063 2991 9513 2991 9513 3261 9063 3262 9062 2991 9514 3262 9515 3181 9516 3143 9517 3134 9518 3097 9519 3097 9519 3134 9518 3098 9520 3299 9521 3268 9522 2999 9523 2999 9523 3268 9522 3269 9524 2999 9523 3269 9524 2997 1119 2997 1119 3269 9525 3298 1119 2997 1119 3298 1119 2994 1119 2994 1119 3298 1119 3297 1119 2994 1119 3297 1119 3291 1119 3291 1119 3297 1119 3294 1119 3291 1119 3294 1119 3292 1119 3144 9526 3127 9527 3265 9528 3265 9528 3127 9527 3099 9529 3263 9530 3264 9531 3286 9532 3286 9532 3264 9531 3310 9533 3286 9534 3310 9535 3092 9536 3311 9537 3312 9538 3128 9539 3128 9539 3312 9538 3313 9540 3128 9539 3313 9540 3129 9541 3129 9541 3313 9540 3314 9542 3129 9541 3314 9542 3122 9543 3122 9543 3314 9542 3315 9544 3114 9545 3113 9546 3128 9539 3128 9539 3113 9546 3192 9547 3128 9539 3192 9547 3311 9537 3311 9537 3192 9547 3316 9548 3316 9548 3192 9547 3143 9549 3123 9550 3122 9543 3097 9551 3097 9551 3122 9543 3315 9544 3097 9551 3315 9544 3143 9549 3143 9549 3315 9544 3317 9552 3143 9549 3317 9552 3316 9548 3062 9553 3252 9554 3008 9555 3008 9555 3252 9554 3068 9556 3008 9555 3068 9556 3012 9557 3012 9557 3068 9556 3067 9558 3012 9557 3067 9558 3013 9559 3013 9559 3067 9558 3092 9560 3013 9559 3092 9560 3160 9561 3160 9561 3092 9560 3310 9562 3160 9561 3310 9562 3100 9563 3100 9563 3310 9562 3252 9554 3100 9563 3252 9554 3062 9553 3307 9564 3309 9565 3147 9566 3147 9567 3309 9568 3318 9569 3204 9570 3202 9571 3264 9572 3264 9573 3202 9574 3253 9575 3264 9573 3253 9575 3310 9576 3310 9576 3253 9575 3252 9577 3168 9578 3030 9579 3166 9580 3166 9580 3030 9579 3165 9581 3147 9582 3318 9583 3145 9584 3145 9584 3318 9583 3288 9585 3145 9586 3288 9587 2917 9588 3169 9589 3161 9590 3139 9591 3139 9592 3161 9593 3140 9594 3191 9595 3143 9596 3319 9597 3319 9597 3143 9596 3192 9598 3319 9597 3192 9598 3320 9599 3321 9600 2964 9601 3322 9602 3322 9602 2964 9601 3191 9595 3322 9602 3191 9595 3323 9603 3323 9603 3191 9595 3319 9597 2962 9604 2964 9605 3192 9606 3192 9598 2964 9601 3321 9600 3192 9598 3321 9600 3320 9599 3161 9607 3169 9608 3162 9609 3162 9609 3169 9608 3157 9610 3162 9611 3157 9612 3140 9613 3179 9614 3188 9615 3324 9616 3324 9617 3188 9618 3258 9619 3324 9617 3258 9619 3325 9620 3325 9620 3258 9619 3028 9621 3325 9622 3028 9623 3027 9624 2914 9625 2912 9626 3326 9627 3326 9627 2912 9626 2910 9628 3326 9627 2910 9628 3327 9629 3327 9629 2910 9628 3304 9630 3327 9629 3304 9630 3308 9631 3328 9632 3329 9633 3330 9634 3330 9635 3329 9636 3331 9637 3330 9638 3331 9639 3332 9640 3286 9641 3090 9642 3263 9643 3263 9644 3090 9645 3132 9645 3211 9646 3177 9647 3216 9648 3216 8910 3177 8763 3152 8765 3138 9649 2968 9650 3302 9651 3302 9651 2968 9650 2965 9652 3302 9651 2965 9652 3221 9653 3221 9654 2965 9655 2967 9656 2991 9657 3181 9658 2989 9659 2989 9660 3181 9661 3183 9662 3333 9663 3334 9664 3335 9665 3335 9665 3334 9664 3336 9666 3335 9665 3336 9666 3337 9667 3337 9667 3336 9666 3338 9668 3337 9667 3338 9668 3339 9669 3339 9669 3338 9668 3340 9670 3339 9671 3340 9670 3341 9672 3341 9672 3340 9670 3342 9673 3341 9672 3342 9673 3343 9674 3343 9674 3342 9673 3344 9675 3343 9674 3344 9675 3345 9676 3345 9676 3344 9675 3346 9677 3345 9676 3346 9677 3347 9678 3347 9678 3346 9677 3348 9679 3347 9678 3348 9679 3349 9680 3349 9680 3348 9679 3350 9681 3349 9680 3350 9681 3351 9682 3351 9682 3350 9681 3352 9683 3351 9682 3352 9683 3353 9684 3353 9684 3352 9683 3354 9685 3353 9684 3354 9685 3355 9686 3355 9686 3354 9685 3356 9687 3355 9686 3356 9687 3357 9688 3357 9688 3356 9687 3358 9689 3357 9688 3358 9689 3359 9690 3359 9690 3358 9689 3360 9691 3359 9690 3360 9691 3361 9692 3361 9692 3360 9691 3362 9693 3361 9694 3362 9693 3363 9695 3363 9695 3362 9693 3364 9696 3363 9695 3364 9696 3365 9697 3365 9697 3364 9696 3366 9698 3365 9697 3366 9698 3367 9699 3367 9699 3366 9698 3368 9700 3367 9699 3368 9700 3333 9663 3333 9663 3368 9700 3334 9664 3369 9701 3370 9701 3371 9702 3372 9703 3373 9703 3374 9703 3371 9704 3375 9705 3369 9706 3376 9707 3377 9708 3378 9709 3379 9710 3380 9711 3381 9712 3382 9713 3383 9714 3384 9714 3385 9715 3386 9716 3382 9717 3375 9718 3371 9719 3387 9720 3388 9721 3389 9722 3390 9723 3391 9724 3392 9725 3393 9724 3384 9726 3394 9727 3382 9728 3377 9729 3376 9730 3395 9731 3396 9732 3397 9732 3398 9732 3399 9733 3400 9733 3383 9733 3401 9734 3402 9735 3403 9736 3402 9737 3401 9738 3404 9739 3405 9740 3398 9741 3406 9742 3406 9742 3369 9743 3405 9740 3405 9740 3369 9743 3375 9744 3405 9740 3375 9744 3397 9745 3397 9745 3375 9744 3407 9746 3397 9747 3407 9748 3398 9749 3369 9743 3406 9742 3373 9750 3395 9751 3408 9752 3377 9753 3409 9754 3407 9755 3375 9755 3393 9756 3410 9756 3391 9756 3401 9757 3403 9758 3411 9759 3412 9760 3413 9760 3414 9760 3415 9761 3416 9762 3417 9761 3417 9763 3418 9764 3415 9763 3419 9765 3420 9765 3421 9765 3418 9766 3417 9767 3422 9768 3423 9769 3390 9770 3424 9771 3423 9772 3424 9773 3425 9774 3425 9774 3424 9773 3426 9775 3425 9774 3426 9775 3427 9776 3427 9776 3426 9775 3428 9777 3427 9776 3428 9777 3429 9778 3429 9778 3428 9777 3430 9779 3429 9780 3430 9781 3431 9782 3431 9783 3430 9784 3432 9785 3431 9783 3432 9785 3433 9786 3390 9787 3423 9788 3388 9789 3434 9790 3435 9791 3436 9790 3437 9792 3438 9792 3439 9792 3440 9793 3419 9793 3421 9793 3399 9794 3441 9795 3442 9796 3443 9797 3444 9798 3445 9799 3443 9797 3445 9799 3446 9800 3446 9800 3445 9799 3447 9801 3446 9800 3447 9801 3448 9802 3448 9802 3447 9801 3389 9803 3448 9802 3389 9803 3388 9804 3449 9805 3450 9806 3451 9807 3452 9808 3453 9808 3454 9808 3455 9809 3420 9809 3419 9809 3456 9810 3455 9811 3457 9812 3402 9813 3404 9814 3458 9815 3459 9816 3452 9816 3454 9816 3419 9817 3440 9817 3455 9817 3450 9818 3449 9819 3460 9820 3461 9821 3462 9821 3463 9821 3420 9822 3455 9822 3464 9822 3431 9823 3464 9824 3455 9825 3451 9826 3465 9827 3449 9828 3466 9829 3467 9830 3468 9829 3467 9831 3466 9832 3469 9833 3470 9834 3431 9835 3471 9836 3464 9837 3431 9837 3440 9837 3436 9838 3472 9839 3434 9839 3473 9840 3474 9841 3475 9842 3473 9840 3475 9842 3476 9843 3476 9843 3475 9842 3477 9844 3476 9843 3477 9844 3478 9845 3478 9845 3477 9844 3410 9846 3478 9845 3410 9846 3393 9847 3474 9848 3473 9849 3479 9850 3474 9848 3479 9850 3480 9851 3480 9851 3479 9850 3481 9852 3480 9851 3481 9852 3482 9853 3482 9853 3481 9852 3483 9854 3482 9853 3483 9854 3484 9855 3485 9856 3486 9856 3487 9856 3438 9857 3437 9858 3488 9859 3438 9857 3488 9859 3489 9860 3489 9860 3488 9859 3490 9861 3489 9860 3490 9861 3491 9862 3491 9862 3490 9861 3492 9863 3491 9864 3492 9865 3468 9866 3468 9867 3492 9868 3466 9867 3439 9869 3493 9870 3437 9869 3460 9871 3494 9872 3450 9873 3382 9874 3495 9875 3385 9876 3457 9877 3455 9878 3440 9879 3379 9880 3460 9881 3433 9882 3433 9882 3460 9881 3440 9879 3433 9882 3440 9879 3431 9883 3425 9884 3427 9885 3496 9886 3496 9886 3427 9885 3457 9877 3496 9886 3457 9877 3465 9887 3465 9887 3457 9877 3440 9879 3465 9887 3440 9879 3449 9888 3449 9888 3440 9879 3460 9881 3496 9886 3423 9889 3425 9884 3470 9890 3429 9891 3431 9892 3456 9893 3457 9894 3470 9895 3470 9890 3457 9877 3427 9885 3470 9890 3427 9885 3429 9891 3472 9896 3436 9897 3400 9898 3497 9899 3472 9900 3498 9901 3498 9902 3472 9903 3400 9904 3499 9905 3500 9906 3501 9907 3501 9907 3500 9906 3502 9908 3501 9907 3502 9908 3503 9909 3502 9908 3500 9906 3504 9910 3502 9908 3504 9910 3505 9911 3505 9911 3504 9910 3506 9912 3505 9911 3506 9912 3507 9913 3507 9913 3506 9912 3508 9914 3507 9913 3508 9914 3509 9915 3509 9915 3508 9914 3510 9916 3510 9916 3508 9914 3511 9917 3510 9916 3511 9917 3512 9918 3512 9918 3511 9917 3513 9919 3512 9918 3513 9919 3514 9920 3515 9921 3516 9922 3517 9923 3516 9922 3515 9921 3518 9924 3518 9924 3515 9921 3519 9925 3518 9924 3519 9925 3520 9926 3520 9926 3519 9925 3521 9927 3520 9926 3521 9927 3522 9928 3520 9926 3522 9928 3523 9929 3523 9929 3522 9928 3524 9930 3525 9931 3523 9929 3526 9932 3526 9932 3523 9929 3524 9930 3526 9932 3524 9930 3527 9933 3527 9933 3524 9930 3528 9934 3527 9933 3528 9934 3529 9935 3529 9935 3528 9934 3530 9936 3529 9935 3530 9936 3531 9937 3531 9937 3530 9936 3532 9938 3531 9937 3532 9938 3501 9907 3501 9907 3532 9938 3533 9939 3501 9907 3533 9939 3499 9905 3534 9940 3509 9915 3510 9916 3535 9941 3512 9918 3516 9922 3516 9922 3512 9918 3514 9920 3516 9922 3514 9920 3517 9923 3520 9926 3536 9942 3518 9924 3423 9943 3458 9944 3388 9945 3404 9946 3537 9947 3538 9948 3539 9949 3373 9950 3401 9951 3401 9952 3373 9953 3372 9954 3401 9952 3372 9954 3404 9946 3404 9946 3372 9954 3443 9955 3404 9946 3443 9955 3537 9947 3537 9947 3443 9955 3446 9956 3537 9947 3446 9956 3540 9957 3540 9957 3446 9956 3448 9958 3540 9957 3448 9958 3538 9948 3538 9948 3448 9958 3388 9945 3538 9948 3388 9945 3404 9946 3404 9946 3388 9945 3458 9944 3372 9954 3374 9959 3443 9955 3385 9960 3441 9961 3386 9962 3386 9963 3441 9964 3399 9965 3541 9966 3495 9967 3394 9968 3394 9969 3495 9970 3382 9971 3391 9972 3484 9973 3392 9974 3392 9975 3484 9976 3483 9977 3405 9978 3397 9979 3461 9980 3461 9981 3397 9982 3396 9983 3398 9984 3405 9985 3463 9986 3463 9987 3405 9988 3461 9989 3456 9990 3470 9991 3454 9992 3454 9993 3470 9994 3459 9995 3432 9996 3380 9997 3433 9998 3433 9999 3380 10000 3379 10001 3542 10002 3494 10003 3379 10004 3379 10005 3494 10006 3460 10007 3399 10008 3383 10009 3386 10010 3386 10011 3383 10012 3382 10013 3387 10014 3371 10015 3361 10016 3361 10016 3371 10015 3359 10017 3387 10014 3361 10016 3543 10018 3543 10019 3361 10020 3363 10021 3543 10022 3363 10023 3494 10024 3494 10025 3363 10026 3365 10027 3494 10025 3365 10027 3450 10028 3367 10029 3333 10030 3335 10031 3402 10032 3544 10033 3343 10034 3343 10035 3544 10036 3545 10037 3343 10038 3545 10039 3341 10040 3341 10041 3545 10042 3546 10043 3341 10044 3546 10045 3339 10046 3339 10047 3546 10048 3451 10049 3339 10047 3451 10049 3337 10050 3337 10050 3451 10049 3450 10028 3337 10050 3450 10028 3335 10031 3335 10031 3450 10028 3365 10027 3335 10031 3365 10027 3367 10029 3343 10034 3345 10051 3402 10032 3402 10032 3345 10051 3347 10052 3402 10032 3347 10052 3403 10053 3403 10053 3347 10052 3411 10054 3349 10055 3351 10056 3353 10057 3359 10017 3371 10015 3357 10058 3357 10058 3371 10015 3370 10059 3357 10058 3370 10059 3355 10060 3355 10060 3370 10059 3411 10054 3355 10060 3411 10054 3353 10057 3353 10057 3411 10054 3347 10052 3353 10057 3347 10052 3349 10055 3541 10061 3394 10062 3435 10063 3435 10064 3394 10065 3384 10066 3547 10067 3548 10068 3549 10069 3549 10069 3548 10068 3542 10070 3549 10069 3542 10070 3379 10071 3547 10067 3550 10072 3548 10068 3548 10068 3550 10072 3409 10073 3548 10068 3409 10073 3375 10074 3409 10075 3551 10076 3407 10077 3407 10077 3551 10076 3550 10072 3407 10077 3550 10072 3547 10067 3552 1004 3553 1004 3554 1004 3554 10078 3553 10078 3555 10078 3556 10079 3557 10080 3395 10081 3395 10081 3557 10080 3558 10082 3395 10081 3558 10082 3559 10083 3559 10083 3558 10082 3560 10084 3559 10083 3560 10084 3418 10085 3418 10085 3560 10084 3561 10086 3418 10085 3561 10086 3562 10087 3556 10079 3395 10081 3376 10088 3563 10089 3395 10081 3564 10090 3564 10090 3395 10081 3559 10083 3415 10091 3418 10085 3376 10088 3376 10088 3418 10085 3562 10087 3376 10088 3562 10087 3556 10079 3415 10091 3376 10088 3565 10092 3566 1004 3567 1004 3568 1004 3568 1004 3567 1004 3569 1004 3406 10093 3570 10094 3373 10095 3373 10095 3570 10094 3571 10096 3373 10097 3571 10098 3374 10099 3374 10099 3571 10098 3444 10100 3374 10099 3444 10100 3443 10101 3570 10102 3406 10103 3572 10104 3572 10105 3406 10106 3398 10107 3572 10105 3398 10107 3573 10108 3468 10109 3574 10110 3575 10111 3575 10112 3574 10113 3576 10114 3575 10112 3576 10114 3577 10115 3577 10115 3576 10114 3439 10116 3577 10115 3439 10116 3578 10117 3579 10118 3491 10119 3580 10120 3580 10121 3491 10122 3468 10123 3580 10124 3468 10125 3575 10126 3578 10117 3439 10116 3579 10127 3579 10128 3439 10129 3489 10130 3579 10118 3489 10131 3491 10119 3468 10132 3467 10133 3574 10134 3439 10135 3438 10136 3489 10137 3581 10138 3492 10139 3490 10140 3492 10139 3581 10138 3582 10141 3582 10141 3581 10138 3583 10142 3582 10141 3583 10142 3584 10143 3584 10143 3493 10144 3582 10141 3493 10144 3584 10143 3490 10145 3490 10146 3584 10147 3585 10148 3490 10140 3585 10149 3581 10138 3582 10141 3469 10150 3492 10139 3492 10139 3469 10150 3466 10151 3437 10152 3493 10144 3488 10153 3488 10153 3493 10144 3490 10145 3369 10154 3373 10155 3370 10156 3370 10157 3373 10158 3539 10159 3370 10160 3539 10161 3411 10162 3411 10162 3539 10161 3401 10163 3586 1004 3587 1004 3588 1004 3588 10164 3587 10164 3589 10164 3537 10165 3413 10166 3538 10167 3538 10167 3413 10166 3412 10168 3434 10169 3590 10170 3435 10171 3435 10172 3590 10173 3541 10174 3467 10175 3469 10176 3574 10177 3574 10177 3469 10176 3582 10178 3574 10177 3582 10178 3576 10179 3576 10179 3582 10178 3493 10180 3576 10181 3493 10182 3439 10183 3472 10184 3497 10185 3434 10186 3434 10187 3497 10188 3590 10189 3485 10190 3409 10191 3486 10192 3486 10192 3409 10191 3550 10193 3498 9902 3400 9904 3442 10194 3442 10195 3400 10196 3399 10197 3456 10198 3454 10199 3471 10200 3471 10200 3454 10199 3453 10201 3459 10202 3470 10203 3453 10204 3453 10204 3470 10203 3471 10205 3385 10206 3495 10207 3591 10208 3591 10208 3495 10207 3541 10209 3591 10208 3541 10209 3592 10210 3592 10211 3541 10212 3590 10213 3592 10214 3590 10215 3593 10216 3593 10217 3590 10218 3594 10219 3593 10220 3594 10221 3595 10222 3590 10223 3497 10224 3594 10225 3594 10225 3497 10224 3498 10226 3594 10225 3498 10226 3442 10227 3441 10228 3596 10229 3442 10227 3442 10227 3596 10229 3594 10225 3385 10206 3591 10208 3441 10228 3441 10228 3591 10208 3597 10230 3441 10228 3597 10230 3596 10229 3597 10230 3591 10208 3598 1094 3599 1094 3600 1094 3598 1094 3598 1094 3600 1094 3601 1094 3598 1094 3601 1094 3597 10231 3602 1094 3603 10232 3595 10233 3595 10234 3603 10235 3593 10236 3604 10237 3572 10238 3605 10239 3605 10239 3572 10238 3606 10240 3606 10240 3447 10241 3607 10242 3607 10242 3447 10241 3445 10243 3607 10244 3445 10245 3604 10246 3604 10237 3445 10247 3570 10248 3604 10237 3570 10248 3572 10238 3571 10249 3570 10248 3444 10250 3444 10250 3570 10248 3445 10247 3608 10251 3390 10252 3609 10253 3609 10254 3390 10255 3435 10256 3609 10257 3435 10258 3384 10259 3435 10260 3390 10261 3436 10262 3610 10263 3426 10264 3424 10265 3610 10263 3424 10265 3611 10266 3611 10266 3424 10265 3612 10267 3611 10266 3612 10267 3613 10268 3613 10268 3612 10267 3381 10269 3613 10268 3381 10269 3614 10270 3614 10270 3381 10269 3430 10271 3614 10272 3430 10273 3610 10274 3610 10275 3430 10276 3428 10277 3610 10263 3428 10278 3426 10264 3424 10265 3383 10279 3612 10267 3612 10280 3383 10281 3400 10282 3612 10283 3400 10284 3573 10285 3573 10285 3400 10284 3436 10262 3573 10285 3436 10262 3572 10238 3572 10238 3436 10262 3390 10261 3572 10238 3390 10261 3606 10240 3606 10240 3390 10261 3389 10286 3606 10240 3389 10286 3447 10241 3609 10257 3384 10259 3615 10287 3615 10287 3384 10259 3616 10288 3384 10259 3383 10289 3616 10288 3616 10288 3383 10289 3424 10290 3616 10288 3424 10290 3617 10291 3617 10291 3424 10290 3390 10292 3617 10291 3390 10292 3608 10293 3380 10294 3432 10295 3381 10269 3381 10269 3432 10295 3430 10271 3413 10296 3537 10297 3414 10298 3414 10298 3537 10297 3540 10299 3414 10300 3540 10301 3412 10302 3412 10302 3540 10301 3538 10303 3462 10304 3396 10305 3463 10306 3463 10306 3396 10305 3398 10307 3440 10308 3421 10309 3464 10310 3464 10310 3421 10309 3420 10311 3618 10312 3619 10313 3476 10314 3476 10314 3619 10313 3620 10315 3476 10314 3620 10315 3473 10316 3473 10316 3620 10315 3621 10317 3473 10316 3621 10317 3483 10318 3483 10318 3621 10317 3622 10319 3483 10318 3622 10319 3618 10312 3478 10320 3393 10321 3392 10322 3483 10318 3618 10312 3392 10322 3392 10322 3618 10312 3476 10314 3392 10322 3476 10314 3478 10320 3479 10323 3473 10316 3481 10324 3481 10324 3473 10316 3483 10318 3486 10325 3550 10326 3487 10327 3487 10327 3550 10326 3551 10328 3409 10329 3485 10330 3551 10331 3551 10331 3485 10330 3487 10332 3398 10333 3407 10334 3573 10335 3573 10336 3407 10337 3547 10338 3573 10336 3547 10338 3612 10339 3612 10339 3547 10338 3549 10340 3612 10339 3549 10340 3381 10341 3381 10342 3549 10343 3379 10344 3475 10345 3391 10346 3477 10347 3477 10347 3391 10346 3410 10348 3623 10349 3474 10350 3624 10351 3624 10351 3474 10350 3484 10352 3624 10351 3484 10352 3625 10353 3625 10353 3484 10352 3391 10346 3625 10353 3391 10346 3626 10354 3626 10354 3391 10346 3475 10345 3626 10354 3475 10345 3623 10349 3623 10349 3475 10345 3474 10350 3484 10352 3474 10350 3482 10355 3482 10355 3474 10350 3480 10356 3456 10357 3471 10358 3455 10359 3455 10360 3471 10361 3431 10362 3377 10363 3417 10364 3378 10365 3378 10365 3417 10364 3416 10366 3422 10367 3408 10368 3627 10369 3627 10370 3408 10371 3628 10372 3629 10373 3422 10374 3630 10375 3630 10376 3422 10377 3417 10364 3630 10376 3417 10364 3631 10378 3631 10378 3417 10364 3377 10363 3631 10378 3377 10363 3632 10379 3632 10379 3377 10363 3408 10380 3632 10379 3408 10380 3629 10381 3629 10382 3408 10383 3422 10384 3376 10385 3378 10386 3565 10387 3565 10387 3378 10386 3416 10388 3565 10389 3416 10390 3415 10391 3494 10003 3542 10002 3543 10392 3543 10392 3542 10002 3548 10393 3543 10392 3548 10393 3387 10394 3387 10394 3548 10393 3375 10395 3418 10396 3422 10397 3559 10398 3559 10398 3422 10397 3627 10399 3559 10398 3627 10399 3564 10400 3564 10400 3627 10399 3628 10401 3564 10400 3628 10401 3563 10402 3563 10402 3628 10401 3408 10403 3563 10404 3408 10405 3395 10406 3402 10407 3458 10408 3544 10409 3544 10409 3458 10408 3423 10410 3544 10409 3423 10410 3545 10411 3545 10411 3423 10410 3496 10412 3545 10413 3496 10414 3546 10415 3546 10415 3496 10414 3465 10416 3546 10417 3465 10418 3451 10419 3633 10420 3360 9691 3634 10421 3634 10421 3360 9691 3358 9689 3634 10421 3358 9689 3635 10422 3635 10422 3358 9689 3356 9687 3635 10422 3356 9687 3636 10423 3636 10423 3356 9687 3354 9685 3636 10423 3354 9685 3637 10424 3637 10424 3354 9685 3352 9683 3637 10424 3352 9683 3638 10425 3638 10425 3352 9683 3350 9681 3638 10425 3350 9681 3639 10426 3639 10426 3350 9681 3348 9679 3639 10426 3348 9679 3640 10427 3640 10427 3348 9679 3346 9677 3640 10427 3346 9677 3641 10428 3641 10428 3346 9677 3344 9675 3641 10428 3344 9675 3642 10429 3642 10429 3344 9675 3342 9673 3642 10429 3342 9673 3643 10430 3643 10430 3342 9673 3340 9670 3643 10430 3340 9670 3644 10431 3644 10431 3340 9670 3338 9668 3644 10431 3338 9668 3645 10432 3645 10432 3338 9668 3336 9666 3645 10432 3336 9666 3646 10433 3646 10433 3336 9666 3334 9664 3646 10433 3334 9664 3647 10434 3647 10434 3334 9664 3368 9700 3647 10434 3368 9700 3648 10435 3648 10435 3368 9700 3366 9698 3648 10435 3366 9698 3649 10436 3649 10436 3366 9698 3364 9696 3649 10436 3364 9696 3650 10437 3650 10437 3364 9696 3362 9693 3650 10437 3362 9693 3633 10420 3633 10420 3362 9693 3360 9691 3651 10438 3652 10439 3653 10440 3652 10441 3651 10442 3654 10441 3651 10443 3653 10444 3655 10444 3656 10445 3657 10446 3658 10447 3659 10448 3660 10448 3661 10448 3662 10449 3663 10450 3664 10451 3665 10452 3666 10452 3660 10452 3666 10453 3665 10454 3667 10455 3657 10456 3656 10457 3668 10458 3668 10459 3669 10460 3657 10461 3670 10462 3671 10462 3672 10462 3673 10463 3674 10464 3675 10465 3676 10466 3677 10467 3678 10468 3676 10466 3678 10468 3679 10469 3679 10469 3678 10468 3680 10470 3679 10469 3680 10470 3681 10471 3663 10472 3682 10473 3683 10474 3684 10475 3685 10476 3686 10477 3684 10475 3686 10477 3687 10478 3687 10478 3686 10477 3688 10479 3687 10478 3688 10479 3689 10480 3677 10481 3688 10482 3686 10483 3677 10481 3686 10483 3678 10484 3678 10484 3686 10483 3685 10485 3678 10484 3685 10485 3680 10486 3690 10487 3691 10488 3692 10488 3693 10489 3694 10490 3695 10491 3690 10492 3696 10493 3691 10494 3697 10495 3698 10495 3699 10495 3700 10496 3701 10497 3702 10498 3691 10499 3696 10500 3703 10501 3704 10502 3705 10503 3706 10504 3707 10505 3708 10506 3701 10507 3709 10508 3710 10509 3711 10510 3712 10511 3713 10512 3714 10513 3715 10514 3716 10515 3717 10516 3718 10517 3715 10518 3719 10519 3715 10520 3718 10520 3690 10520 3720 10521 3721 10522 3722 10523 3696 10524 3723 10525 3724 10526 3725 10527 3726 10527 3727 10527 3728 10528 3729 10529 3730 10530 3731 10531 3724 10531 3723 10531 3724 10532 3731 10532 3718 10532 3714 10533 3732 10534 3733 10535 3714 10536 3734 10537 3712 10538 3734 10539 3714 10540 3735 10541 3729 10542 3728 10543 3736 10544 3735 10545 3733 10546 3737 10547 3733 10548 3735 10549 3714 10550 3738 10551 3739 10552 3740 10553 3741 10554 3742 10554 3743 10554 3742 10555 3739 10556 3744 10557 3745 10558 3746 10559 3747 10560 3748 10561 3671 10561 3670 10561 3747 10562 3749 10563 3745 10564 3669 10565 3668 10566 3750 10567 3738 10568 3744 10569 3739 10570 3751 10571 3752 10572 3753 10573 3754 10574 3724 10575 3755 10576 3754 10577 3755 10578 3756 10579 3756 10579 3755 10578 3757 10580 3756 10579 3757 10580 3758 10581 3758 10581 3757 10580 3723 10582 3758 10581 3723 10582 3696 10583 3756 10579 3758 10581 3759 10584 3724 10585 3754 10585 3696 10585 3695 10586 3760 10587 3761 10586 3753 10588 3762 10589 3751 10590 3763 10591 3695 10592 3761 10591 3752 10593 3764 10594 3765 10595 3766 10596 3754 10597 3767 10598 3719 10599 3715 10600 3717 10601 3768 10602 3769 10603 3717 10604 3717 10604 3769 10603 3770 10605 3717 10604 3770 10605 3719 10606 3770 10605 3769 10603 3731 10607 3731 10607 3769 10603 3690 10608 3731 10609 3690 10610 3718 10611 3771 10612 3772 10613 3773 10614 3771 10612 3774 10615 3772 10613 3772 10613 3774 10615 3775 10616 3772 10613 3775 10616 3773 10614 3680 1094 3685 1094 3681 1094 3681 10617 3685 10617 3684 10617 3776 10618 3777 10619 3778 10620 3778 10621 3777 10622 3779 10623 3676 10624 3689 10624 3677 10624 3677 10625 3689 10625 3688 10625 3754 10626 3756 10627 3716 10628 3716 10629 3756 10630 3717 10631 3739 10632 3746 10633 3740 10634 3740 10635 3746 10636 3745 10637 3752 10638 3780 10639 3764 10640 3764 10640 3780 10639 3781 10641 3738 10642 3782 10643 3744 10644 3744 10644 3782 10643 3783 10645 3782 10646 3749 10647 3783 10648 3783 10649 3749 10650 3747 10651 3659 10652 3653 10653 3672 10654 3672 10655 3653 10656 3656 10657 3659 10652 3672 10654 3665 10658 3665 10658 3672 10654 3671 10659 3665 10660 3671 10661 3667 10662 3667 10662 3671 10661 3750 10663 3667 10662 3750 10663 3784 10664 3784 10664 3750 10663 3785 10665 3784 10664 3785 10665 3786 10666 3656 10667 3653 10668 3668 10669 3668 10669 3653 10668 3785 10665 3668 10669 3785 10665 3750 10663 3665 10670 3660 10671 3659 10672 3760 10673 3787 10674 3788 10675 3788 10675 3787 10674 3789 10676 3758 10677 3768 10678 3759 10679 3759 10680 3768 10681 3717 10682 3759 10683 3717 10684 3756 10685 3690 10686 3692 10687 3715 10688 3715 10689 3692 10690 3790 10691 3715 10692 3790 10693 3716 10694 3754 10695 3766 10696 3696 10697 3696 10698 3766 10699 3703 10700 3767 10701 3754 10702 3791 10703 3791 10703 3754 10702 3716 10704 3791 10705 3716 10706 3790 10707 3792 10708 3793 10709 3794 10710 3792 10711 3795 10712 3793 10709 3793 10709 3795 10712 3796 10713 3793 10709 3796 10713 3797 10714 3797 10714 3796 10713 3798 10715 3797 10714 3798 10715 3799 10716 3792 10717 3800 10718 3795 10712 3795 10712 3800 10718 3801 10719 3795 10712 3801 10719 3796 10713 3796 10713 3801 10719 3802 10720 3796 10713 3802 10720 3798 10715 3803 10721 3804 10722 3805 10723 3805 10723 3804 10722 3806 10724 3805 10723 3806 10724 3807 10725 3807 10725 3806 10724 3808 10726 3807 10725 3808 10726 3802 10720 3802 10720 3808 10726 3809 10727 3810 10728 3811 10729 3812 10730 3812 10731 3811 10732 3813 10733 3812 10731 3813 10733 3803 10721 3803 10721 3813 10733 3814 10734 3803 10721 3814 10734 3804 10722 3804 10722 3814 10734 3815 10735 3804 10722 3815 10735 3816 10736 3816 10736 3815 10735 3817 10737 3816 10736 3817 10737 3818 10738 3818 10738 3817 10737 3819 10739 3818 10738 3819 10739 3820 10740 3820 10740 3819 10739 3821 10741 3792 10742 3822 10743 3800 10744 3800 10744 3822 10743 3810 10745 3800 10746 3810 10728 3812 10730 3802 10720 3801 10719 3807 10725 3807 10725 3801 10719 3800 10747 3807 10725 3800 10748 3805 10723 3805 10749 3800 10750 3812 10751 3805 10723 3812 10752 3803 10721 3823 10753 3814 10734 3824 10754 3824 10754 3814 10734 3813 10733 3811 10755 3825 10756 3813 10733 3813 10733 3825 10756 3826 10757 3813 10733 3826 10757 3824 10754 3810 10745 3827 10758 3828 10759 3827 10758 3810 10745 3829 10760 3829 10760 3810 10745 3822 10743 3829 10760 3822 10743 3830 10761 3830 10761 3822 10743 3792 10762 3830 10761 3792 10763 3831 10764 3831 10765 3792 10766 3794 10710 3831 10765 3794 10710 3832 10767 3832 10767 3794 10710 3833 10768 3832 10767 3833 10768 3834 10769 3834 10769 3833 10768 3835 10770 3834 10769 3835 10770 3836 10771 3836 10771 3835 10770 3790 10691 3836 10771 3790 10691 3837 10772 3837 10772 3790 10691 3692 10690 3837 10772 3692 10690 3691 10499 3838 10773 3839 10774 3830 10761 3830 10761 3839 10774 3829 10760 3840 10775 3830 10761 3841 10776 3841 10776 3830 10761 3831 10764 3831 10765 3832 10767 3841 10777 3841 10778 3832 10767 3842 10779 3841 10780 3842 10779 3840 10781 3834 10769 3842 10779 3832 10767 3843 10782 3844 10783 3833 10768 3833 10768 3844 10783 3835 10770 3843 10782 3845 10784 3844 10783 3844 10783 3845 10784 3846 10785 3844 10783 3846 10785 3847 10786 3845 10784 3848 10787 3846 10785 3809 10727 3808 10726 3849 10788 3808 10726 3806 10724 3816 10736 3816 10736 3806 10724 3804 10722 3817 10737 3815 10735 3850 10789 3850 10789 3815 10735 3851 10790 3689 10791 3851 10790 3823 10753 3823 10753 3851 10790 3815 10735 3823 10753 3815 10735 3814 10734 3825 10792 3852 10793 3826 10757 3826 10757 3852 10793 3853 10794 3826 10757 3853 10794 3824 10754 3824 10754 3853 10794 3854 10795 3824 10754 3854 10795 3823 10753 3823 10753 3854 10795 3689 10791 3825 10796 3811 10797 3855 10798 3855 10798 3811 10797 3810 10745 3855 10798 3810 10745 3856 10799 3856 10799 3810 10745 3828 10759 3825 10796 3855 10798 3857 10800 3857 10800 3855 10798 3710 10801 3857 10802 3710 10803 3858 10804 3858 10804 3710 10803 3859 10805 3858 10804 3859 10805 3860 10806 3860 10806 3859 10805 3861 10807 3860 10806 3861 10807 3862 10808 3862 10808 3861 10807 3863 10809 3862 10808 3863 10809 3864 10810 3710 10801 3855 10798 3865 10811 3865 10811 3855 10798 3866 10812 3865 10811 3866 10812 3673 10813 3855 10798 3856 10799 3866 10812 3865 10811 3711 10814 3710 10801 3867 10815 3711 10510 3840 10816 3840 10775 3711 10814 3865 10811 3840 10775 3865 10811 3830 10761 3830 10761 3865 10811 3673 10813 3830 10761 3673 10813 3838 10773 3834 10769 3868 10817 3842 10779 3842 10779 3868 10817 3869 10818 3842 10779 3869 10818 3840 10781 3836 10771 3868 10817 3834 10769 3870 10819 3871 10820 3799 10716 3799 10716 3871 10820 3797 10714 3872 10821 3873 10822 3874 10823 3875 10824 3876 10825 3877 10826 3876 10825 3878 10827 3879 10828 3879 10828 3878 10827 3880 10829 3880 10829 3881 10830 3879 10828 3879 10828 3881 10830 3882 10831 3879 10828 3882 10831 3698 10832 3698 10832 3882 10831 3699 10833 3676 10834 3679 10835 3851 10836 3851 10836 3679 10835 3883 10837 3851 10836 3883 10837 3884 10838 3884 10838 3883 10837 3885 10839 3676 10840 3851 10790 3689 10791 3689 10791 3854 10795 3687 10841 3857 10802 3858 10804 3852 10793 3852 10793 3858 10804 3886 10842 3852 10793 3886 10842 3853 10794 3853 10794 3886 10842 3887 10843 3853 10794 3887 10843 3854 10795 3854 10795 3887 10843 3684 10844 3854 10795 3684 10844 3687 10841 3852 10793 3825 10845 3857 10802 3859 10805 3888 10846 3861 10807 3710 10847 3709 10508 3859 10805 3859 10805 3709 10508 3889 10848 3859 10805 3889 10848 3888 10846 3888 10846 3889 10848 3890 10849 3888 10846 3890 10849 3891 10850 3891 10850 3890 10849 3892 10851 3891 10850 3892 10851 3893 10852 3893 10852 3892 10851 3894 10853 3893 10852 3894 10853 3895 10854 3895 10854 3894 10853 3896 10855 3895 10854 3896 10855 3863 10809 3863 10809 3896 10855 3897 10856 3863 10809 3897 10856 3898 10857 3898 10857 3897 10856 3899 10858 3898 10857 3899 10858 3900 10859 3900 10859 3899 10858 3901 10860 3900 10859 3901 10860 3902 10861 3889 10848 3709 10508 3903 10862 3903 10862 3709 10508 3711 10510 3903 10862 3711 10510 3867 10815 3867 10815 3904 10863 3903 10862 3903 10862 3904 10863 3905 10864 3903 10862 3905 10864 3889 10848 3889 10848 3905 10864 3906 10865 3889 10848 3906 10865 3907 10866 3907 10866 3906 10865 3908 10867 3907 10866 3908 10867 3909 10868 3909 10868 3908 10867 3655 10869 3909 10868 3655 10869 3892 10851 3892 10851 3655 10869 3661 10870 3892 10851 3661 10870 3894 10853 3894 10853 3661 10870 3660 10871 3894 10853 3660 10871 3901 10860 3901 10860 3660 10871 3666 10872 3901 10860 3666 10872 3902 10861 3902 10861 3666 10872 3667 10873 3902 10861 3667 10874 3910 10875 3910 10875 3667 10876 3727 10877 3910 10875 3727 10877 3911 10878 3911 10878 3727 10877 3726 10879 3911 10878 3726 10879 3912 10880 3912 10880 3726 10879 3654 10881 3912 10882 3654 10883 3651 10884 3840 10885 3869 10818 3867 10815 3867 10815 3869 10818 3913 10886 3867 10815 3913 10886 3904 10863 3904 10863 3913 10886 3914 10887 3904 10863 3914 10887 3905 10864 3905 10864 3914 10887 3915 10888 3905 10864 3915 10888 3916 10889 3916 10889 3915 10888 3912 10880 3916 10889 3912 10880 3908 10867 3908 10867 3912 10880 3651 10890 3908 10867 3651 10890 3655 10869 3869 10818 3868 10817 3913 10886 3913 10886 3868 10817 3917 10891 3913 10886 3917 10891 3914 10887 3914 10887 3917 10891 3918 10892 3914 10887 3918 10892 3919 10893 3919 10893 3918 10892 3920 10894 3919 10893 3920 10894 3921 10895 3921 10895 3920 10894 3922 10896 3921 10895 3922 10896 3910 10875 3910 10875 3922 10896 3923 10897 3910 10875 3923 10897 3902 10861 3902 10861 3923 10897 3924 10898 3902 10861 3924 10898 3925 10899 3925 10899 3924 10898 3926 10900 3925 10899 3926 10900 3898 10857 3868 10817 3836 10771 3917 10891 3917 10891 3836 10771 3837 10772 3917 10891 3837 10772 3927 10901 3837 10772 3691 10499 3928 10902 3928 10902 3691 10499 3703 10501 3928 10902 3703 10501 3847 10786 3847 10786 3703 10501 3766 10903 3847 10786 3766 10903 3844 10783 3844 10783 3766 10903 3767 10904 3844 10783 3767 10904 3835 10770 3835 10770 3767 10904 3791 10905 3835 10770 3791 10906 3790 10691 3837 10772 3928 10902 3929 10907 3929 10907 3928 10902 3847 10786 3885 10839 3883 10837 3681 10908 3681 10908 3883 10837 3679 10835 3681 10908 3684 10909 3885 10839 3885 10910 3684 10844 3887 10843 3885 10910 3887 10843 3864 10810 3864 10810 3887 10843 3862 10808 3858 10804 3860 10806 3886 10842 3886 10842 3860 10806 3862 10808 3886 10842 3862 10808 3887 10843 3895 10854 3863 10809 3861 10807 3895 10854 3861 10807 3893 10852 3893 10852 3861 10807 3888 10846 3893 10852 3888 10846 3891 10850 3889 10848 3907 10866 3890 10849 3890 10849 3907 10866 3909 10868 3890 10849 3909 10868 3892 10851 3918 10892 3917 10891 3927 10901 3922 10896 3920 10894 3923 10897 3923 10897 3920 10894 3926 10900 3923 10897 3926 10900 3924 10898 3908 10867 3906 10865 3930 10911 3930 10911 3906 10865 3905 10864 3930 10911 3905 10864 3916 10889 3921 10895 3910 10875 3911 10878 3902 10861 3925 10899 3900 10859 3900 10859 3925 10899 3898 10857 3899 10858 3897 10856 3901 10860 3901 10860 3897 10856 3896 10855 3901 10860 3896 10855 3894 10853 3908 10867 3930 10911 3916 10889 3912 10880 3915 10888 3931 10912 3931 10912 3915 10888 3914 10887 3931 10912 3914 10887 3919 10893 3912 10880 3931 10912 3911 10878 3911 10878 3931 10912 3919 10893 3911 10878 3919 10893 3921 10895 3659 10913 3661 10914 3653 10915 3653 10916 3661 10870 3655 10869 3932 10917 3933 10918 3934 10919 3934 10919 3933 10918 3848 10787 3934 10919 3848 10787 3935 10920 3788 10921 3789 10922 3870 10819 3870 10819 3789 10922 3936 10923 3872 10821 3761 10924 3760 10925 3761 10924 3872 10821 3877 10826 3877 10826 3872 10821 3874 10823 3877 10826 3874 10823 3875 10824 3699 10833 3882 10831 3937 10926 3819 10739 3938 10927 3821 10741 3821 10741 3938 10927 3937 10926 3821 10741 3937 10926 3820 10740 3820 10740 3937 10926 3882 10831 3820 10740 3882 10831 3818 10738 3818 10738 3882 10831 3881 10830 3818 10738 3881 10830 3816 10736 3816 10736 3881 10830 3880 10829 3816 10736 3880 10829 3808 10726 3808 10726 3880 10829 3878 10827 3808 10726 3878 10827 3849 10788 3849 10788 3878 10827 3876 10825 3849 10788 3876 10825 3809 10727 3809 10727 3876 10825 3875 10824 3809 10727 3875 10824 3802 10720 3802 10720 3875 10824 3874 10823 3802 10720 3874 10823 3798 10715 3798 10715 3874 10823 3873 10822 3798 10715 3873 10822 3799 10716 3799 10716 3873 10822 3872 10821 3799 10716 3872 10821 3870 10819 3870 10819 3872 10821 3760 10925 3870 10819 3760 10925 3788 10921 3938 10927 3819 10739 3939 10928 3940 10929 3941 10930 3942 10931 3940 10929 3943 10932 3941 10930 3941 10930 3943 10932 3936 10923 3941 10930 3936 10923 3741 10933 3741 10933 3936 10923 3789 10922 3741 10933 3789 10922 3742 10934 3695 10935 3763 10936 3693 10937 3742 10938 3699 10833 3743 10939 3743 10939 3699 10833 3937 10926 3743 10939 3937 10926 3941 10930 3941 10930 3937 10926 3938 10927 3941 10930 3938 10927 3942 10931 3942 10931 3938 10927 3939 10928 3942 10931 3939 10928 3940 10929 3940 10929 3939 10928 3933 10918 3940 10929 3933 10918 3943 10932 3943 10932 3933 10918 3932 10917 3943 10932 3932 10917 3936 10923 3936 10923 3932 10917 3934 10919 3936 10923 3934 10919 3870 10819 3870 10819 3934 10919 3935 10920 3870 10819 3935 10920 3871 10820 3871 10820 3935 10920 3848 10787 3871 10820 3848 10787 3797 10714 3797 10714 3848 10787 3845 10784 3797 10714 3845 10784 3793 10709 3793 10709 3845 10784 3843 10782 3793 10709 3843 10782 3794 10710 3794 10710 3843 10782 3833 10768 3941 10930 3741 10933 3743 10939 3744 10557 3783 10940 3697 10941 3697 10941 3783 10940 3694 10942 3697 10941 3694 10942 3698 10943 3698 10944 3694 10945 3693 10946 3698 10832 3693 10937 3879 10828 3879 10828 3693 10937 3763 10936 3879 10828 3763 10936 3876 10825 3876 10825 3763 10936 3761 10924 3876 10825 3761 10924 3877 10826 3699 10947 3742 10555 3697 10941 3697 10941 3742 10555 3744 10557 3746 10948 3695 10949 3747 10950 3747 10950 3695 10949 3694 10942 3747 10950 3694 10942 3783 10940 3739 10951 3742 10952 3746 10953 3746 10948 3742 10954 3787 10955 3746 10948 3787 10955 3695 10949 3695 10949 3787 10955 3760 10956 3789 10957 3787 10955 3742 10954 3656 10958 3658 10959 3672 10960 3672 10961 3658 10962 3670 10963 3944 10964 3945 10965 3946 10966 3946 10967 3945 10968 3776 10969 3946 10970 3776 10971 3778 10972 3779 10973 3777 10974 3947 10975 3947 10976 3777 10977 3674 10978 3947 10979 3674 10980 3673 10981 3948 10982 3949 10983 3950 10984 3950 10985 3949 10986 3945 10987 3950 10988 3945 10989 3944 10990 3951 10991 3952 10992 3953 10993 3953 10994 3952 10995 3954 10996 3949 10997 3948 10998 3955 10999 3955 10999 3948 10998 3956 11000 3955 10999 3956 11000 3675 11001 3675 11002 3956 11003 3673 11004 3768 11005 3758 11006 3769 11007 3769 11008 3758 11009 3696 11010 3769 11008 3696 11010 3690 11011 3731 11012 3723 11013 3770 11014 3770 11015 3723 11016 3757 11017 3770 11018 3757 11019 3719 11020 3719 11020 3757 11019 3755 11021 3957 11022 3735 11023 3730 11024 3730 11025 3735 11026 3728 11027 3719 11028 3755 11029 3718 11030 3718 11031 3755 11032 3724 11033 3735 11034 3957 11035 3734 11036 3734 11036 3957 11035 3958 11037 3734 11036 3958 11037 3712 10511 3712 10511 3958 11037 3959 11038 3712 10511 3959 11038 3713 10512 3722 11039 3960 11040 3720 11041 3720 11042 3960 11043 3961 11044 3752 11045 3765 11046 3753 11047 3753 11048 3765 11049 3962 11050 3753 11051 3962 11052 3721 11053 3721 11053 3962 11052 3963 11054 3721 11053 3963 11054 3722 11039 3722 11039 3963 11054 3964 11055 3722 11039 3964 11055 3960 11040 3669 11056 3750 11057 3748 11058 3748 11059 3750 11060 3671 11061 3738 11062 3965 11063 3782 11064 3782 11064 3965 11063 3966 11065 3782 11064 3966 11065 3967 11066 3967 11066 3966 11065 3968 11067 3967 11066 3968 11067 3969 11068 3969 11068 3968 11067 3970 11069 3969 11070 3970 11071 3971 11072 3745 11073 3972 11074 3740 11075 3740 11075 3972 11074 3973 11076 3780 11077 3974 11078 3965 11063 3965 11063 3974 11078 3975 11079 3965 11063 3975 11079 3966 11065 3966 11065 3975 11079 3976 11080 3966 11065 3976 11080 3968 11067 3968 11067 3976 11080 3977 11081 3780 11077 3965 11063 3973 11076 3973 11076 3965 11063 3738 11062 3973 11076 3738 11062 3740 11075 3978 11082 3979 11083 3980 11084 3980 11084 3979 11083 3981 11085 3980 11084 3981 11085 3982 11086 3982 11086 3981 11085 3971 11087 3982 11086 3971 11087 3953 11088 3971 11087 3981 11085 3969 11068 3969 11068 3981 11085 3979 11083 3969 11068 3979 11083 3967 11066 3967 11066 3979 11083 3749 11089 3967 11066 3749 11089 3782 11064 3970 11069 3968 11067 3977 11090 3781 11091 3780 11092 3983 11093 3983 11093 3780 11077 3973 11076 3983 11093 3973 11076 3978 11082 3978 11082 3973 11076 3972 11074 3978 11082 3972 11074 3979 11083 3979 11083 3972 11074 3745 11073 3979 11083 3745 11073 3749 11089 3781 11091 3983 11093 3984 11094 3984 11094 3983 11093 3985 11095 3984 11096 3985 11097 3986 11098 3986 11099 3985 11100 3706 11101 3986 11102 3706 11103 3987 11104 3987 11105 3706 11106 3705 11107 3987 11108 3705 11109 3988 11110 3988 11111 3705 11112 3713 11113 3988 11114 3713 11115 3959 11116 3970 11117 3977 11118 3989 11119 3989 11120 3977 11121 3990 11122 3989 11120 3990 11122 3991 11123 3991 11123 3990 11122 3992 11124 3991 11123 3992 11124 3664 11125 3991 11123 3664 11125 3663 11126 3683 11127 3993 11128 3663 11129 3663 11130 3993 11131 3991 11123 3994 11132 3995 11133 3993 11131 3993 11131 3995 11133 3777 11134 3993 11131 3777 11134 3991 11123 3991 11123 3777 11134 3776 11135 3991 11123 3776 11135 3989 11120 3989 11120 3776 11135 3945 11136 3989 11120 3945 11136 3949 11137 3993 11138 3683 11139 3994 11140 3996 11141 3995 11133 3997 11142 3997 11142 3995 11133 3994 11132 3949 11137 3955 11143 3951 11144 3951 11144 3955 11143 3995 11133 3951 11144 3995 11133 3998 11145 3998 11146 3995 11133 3996 11141 3955 11143 3675 11147 3995 11133 3995 11133 3675 11147 3674 11148 3995 11133 3674 11148 3777 11134 3971 11149 3970 11150 3951 11151 3951 11144 3970 11152 3989 11120 3951 11144 3989 11120 3949 11137 3951 11151 3953 11153 3971 11149 3990 11154 3977 11081 3999 11155 3999 11155 3977 11081 3976 11080 3999 11155 3976 11080 3975 11079 3961 11156 4000 11157 3762 11158 3762 11159 4000 11157 3751 11160 3960 11161 4001 11162 3961 11163 3961 11156 4001 11164 4002 11165 3961 11156 4002 11165 4000 11157 4000 11157 4002 11165 4003 11166 4001 11167 3960 11168 3707 11169 3707 11170 3960 11171 3708 11172 3960 11173 3964 11174 3708 11175 3700 11176 4004 11177 4005 11178 4005 11178 4004 11177 4006 11179 4005 11178 4006 11179 4007 11180 4007 11180 4006 11179 4008 11181 4007 11180 4008 11181 4009 11182 4004 11177 3700 11176 4010 11183 4011 11184 4010 11185 3702 11186 3702 11187 4010 11188 3700 11189 4012 11190 4013 11191 3736 11192 3736 10544 4013 11193 3729 10542 4012 11190 4014 11194 4015 11195 4015 11195 4014 11194 4016 11196 4015 11195 4016 11196 4017 11197 4014 11194 4012 11190 3736 11198 4014 11194 3736 11198 4018 11199 4019 11200 4018 11199 4020 11201 4020 11201 4018 11199 3736 11198 4020 11202 3736 11203 3728 11204 3735 11205 3737 11206 3728 11207 3728 11208 3737 11209 4020 11201 3732 11210 4021 11211 3733 11212 3705 11213 3704 11214 4022 11215 4022 11216 3704 11217 4023 11218 4022 11219 4023 11218 4024 11220 4024 11220 4023 11218 4025 11221 4024 11220 4025 11221 4026 11222 4026 11222 4025 11221 3952 11223 3705 11224 4022 11225 3713 11226 3713 11227 4022 11228 3732 11229 3713 11230 3732 11231 3714 11232 3706 11233 4027 11234 3704 11235 3704 11235 4027 11234 4028 11236 3704 11217 4028 11236 4023 11218 4023 11218 4028 11236 3954 11237 4023 11218 3954 11237 4025 11221 4025 11221 3954 11237 3952 11238 3953 11239 3954 11237 3982 11086 3982 11086 3954 11237 4028 11236 3982 11086 4028 11236 3980 11084 3980 11084 4028 11236 4027 11234 3980 11084 4027 11234 3978 11082 3978 11082 4027 11234 3985 11095 3978 11082 3985 11095 3983 11093 3998 11240 4029 11241 4026 11222 4026 11222 4029 11241 4021 11211 4026 11222 4021 11211 4024 11220 4024 11220 4021 11211 3732 11210 4024 11220 3732 11210 4022 11219 3951 11242 3998 11243 3952 11244 3952 11245 3998 11240 4026 11222 4029 11246 3998 11247 3996 11248 3996 11249 4030 11250 4029 11241 4029 11241 4030 11250 4031 11251 4029 11241 4031 11251 4021 11211 4021 11211 4031 11251 3737 11252 4021 11211 3737 11252 3733 11212 3996 11249 3997 11253 4030 11250 4030 11250 3997 11253 4032 11254 4030 11250 4032 11254 4019 11200 4019 11200 4032 11254 4033 11255 4019 11200 4033 11255 4018 11199 4034 11256 3994 11257 3683 11258 3669 11259 4034 11256 3657 11260 3657 11260 4034 11256 4017 11197 3657 11260 4017 11197 3658 11261 3658 11261 4017 11197 4016 11196 3658 11261 4016 11196 3670 11262 3670 11262 4016 11196 4014 11194 3670 11263 4014 11194 3748 11264 3748 11264 4014 11194 4018 11199 3748 11264 4018 11199 3669 11259 3669 11259 4018 11199 4033 11255 3669 11259 4033 11255 4034 11256 4034 11256 4033 11255 4032 11254 4034 11256 4032 11254 3994 11257 3994 11257 4032 11254 3997 11253 4034 11256 3683 11265 4035 11266 3683 11265 4036 11267 4035 11266 4035 11266 4036 11267 4017 11197 4035 11266 4017 11197 4034 11256 4036 11267 3683 11265 3682 11268 3663 11269 3662 11270 4037 11271 3664 11272 4009 11182 3662 11270 3662 11270 4009 11182 4008 11181 3662 11270 4008 11181 4037 11271 4037 11271 4008 11181 4006 11179 4037 11271 4006 11179 4038 11273 4038 11273 4006 11179 4004 11177 4038 11273 4004 11177 4015 11195 4015 11195 4004 11177 4010 11274 4015 11195 4010 11274 4012 11190 4012 11190 4010 11274 4011 11275 4012 11190 4011 11275 4013 11191 3664 11272 4003 11166 4009 11182 4009 11182 4003 11166 4002 11165 4009 11182 4002 11165 4007 11180 4007 11180 4002 11165 4001 11164 4007 11180 4001 11276 4005 11178 4005 11178 4001 11276 3707 11277 4005 11178 3707 11277 3700 11278 3700 11279 3707 11280 3701 11281 3664 11272 3992 11282 4003 11166 4003 11166 3992 11282 4039 11283 4003 11166 4039 11283 4000 11157 4000 11157 4039 11283 4040 11284 4000 11157 4040 11284 3751 11160 3751 11285 4040 11284 3974 11078 3751 11285 3974 11078 3752 11286 3752 11287 3974 11288 3780 11289 3992 11282 3990 11154 4039 11283 4039 11283 3990 11154 3999 11155 4039 11283 3999 11155 4040 11284 4040 11284 3999 11155 3975 11079 4040 11284 3975 11079 3974 11078 4015 11195 4017 11197 4038 11273 4038 11273 4017 11197 4036 11267 4038 11273 4036 11267 4037 11271 4037 11271 4036 11267 3682 11268 4037 11290 3682 11291 3663 11292 4030 11250 4019 11200 4031 11251 4031 11251 4019 11200 4020 11201 4031 11251 4020 11201 3737 11209 4027 11234 3706 11233 3985 11293 3961 11294 3762 11295 3720 11296 3720 11297 3762 11298 3753 11299 3720 11300 3753 11301 3721 11302 4041 11303 4042 11304 4043 11305 4043 11305 4042 11304 4044 11306 4043 11305 4044 11306 4045 11307 4045 11307 4044 11306 4046 11308 4045 11307 4046 11308 4043 11305 4043 11309 4046 11310 4047 11311 4042 11304 4048 11312 4044 11306 4049 11313 4050 11313 4051 11313 4052 11314 4053 11315 4054 11314 4055 11316 4056 11317 4052 11318 4053 11319 4057 11320 4058 11321 4059 11322 4060 11323 4061 11322 4062 11324 4063 11324 4064 11324 4060 11325 4057 11326 4061 11327 4053 11328 4059 11329 4061 11330 4060 11325 4065 11331 4057 11326 4051 11332 4066 11333 4049 11334 4055 11335 4067 11335 4068 11335 4066 11336 4051 11336 4069 11336 4070 11337 4071 11337 4072 11337 4066 11338 4069 11338 4073 11338 4074 11339 4075 11340 4073 11341 4076 11342 4043 11342 4047 11342 4067 11343 4054 11344 4053 11345 4068 11346 4067 11347 4058 11348 4058 11349 4067 11343 4053 11345 4077 11350 4059 11351 4053 11352 4057 11353 4077 11350 4056 11354 4056 11354 4077 11350 4053 11352 4056 11355 4053 11356 4052 11357 4060 11358 4059 11359 4078 11360 4078 11361 4059 11351 4077 11350 4078 11361 4077 11350 4079 11362 4080 11363 4050 1094 4081 11364 4073 11365 4082 11366 4074 11367 4074 11367 4082 11366 4083 11368 4074 11367 4083 11368 4065 11369 4073 11365 4051 11370 4082 11366 4082 11366 4051 11370 4050 11371 4082 11366 4050 11371 4083 11368 4083 1094 4050 1094 4080 1094 4083 11368 4080 11363 4065 11369 4065 11369 4080 11363 4081 11364 4065 11369 4081 11364 4057 11372 4051 11370 4073 11365 4069 11373 4084 11374 4085 11375 4076 11376 4047 11377 4086 11378 4076 11376 4076 11376 4086 11378 4048 11379 4076 11376 4048 11379 4084 11374 4086 11378 4047 11380 4046 11381 4048 11379 4086 11378 4044 11382 4044 11382 4086 11378 4046 11381 4087 11383 4064 11384 4085 11385 4084 11386 4088 11387 4085 11385 4085 11385 4088 11387 4072 11388 4085 11385 4072 11388 4087 11383 4087 11383 4072 11388 4062 11389 4087 11383 4062 11389 4064 11384 4088 11387 4089 11390 4072 11388 4072 11391 4089 11392 4090 11393 4072 11394 4090 11395 4070 11396 4091 11397 4092 11398 4093 11399 4094 11400 4095 11401 4071 11402 4071 11402 4095 11401 4096 11403 4071 11402 4096 11403 4093 11399 4093 11399 4096 11403 4095 11401 4093 11399 4095 11401 4091 11397 4091 11397 4095 11401 4097 11404 4091 11397 4097 11404 4092 11398 4089 11405 4094 11406 4090 11407 4090 11408 4094 11400 4071 11402 4092 11409 4097 11410 4062 11411 4062 11411 4097 11410 4064 11412 4081 11413 4050 11414 4098 11414 4098 11415 4050 11415 4049 11415 4041 11416 4064 11417 4095 11418 4095 11418 4064 11417 4097 11419 4043 11420 4076 11421 4041 11422 4041 11416 4076 11423 4085 11424 4041 11416 4085 11424 4064 11417 4098 1004 4049 11425 4099 11426 4099 11426 4049 11425 4066 11427 4099 11426 4066 11427 4075 11428 4075 11429 4066 11430 4073 11431 4098 1004 4099 11426 4079 11432 4079 11432 4099 11426 4075 11428 4079 11432 4075 11428 4078 11433 4100 11434 4101 11435 4102 11436 4102 11437 4101 11438 4070 11439 4102 11437 4070 11439 4090 11440 4102 11436 4103 11441 4100 11434 4100 11434 4103 11441 4104 11442 4100 11434 4104 11442 4101 11435 4057 11443 4056 11444 4058 11445 4058 11445 4056 11444 4055 11446 4058 11445 4055 11446 4068 11447 4057 11326 4053 11448 4105 11449 4105 11449 4053 11448 4061 11327 4105 11449 4061 11327 4057 11326 4077 11450 4057 11451 4079 11452 4079 11452 4057 11451 4081 11453 4079 11454 4081 11455 4098 11456 4060 11457 4078 11458 4065 11459 4065 11459 4078 11458 4075 11460 4065 11461 4075 11462 4074 11463 4042 11464 4041 11465 4094 11466 4094 11400 4041 11467 4095 11401 4048 11468 4042 11469 4084 11470 4084 11470 4042 11469 4094 11471 4084 11470 4094 11471 4088 11472 4067 11473 4055 11474 4054 11475 4054 11476 4055 11477 4052 11478 4092 11479 4062 11480 4093 11481 4093 11481 4062 11480 4072 11482 4093 11481 4072 11482 4071 11483 4071 11484 4070 11485 4090 11486 4090 11487 4070 11488 4101 11489 4090 11487 4101 11489 4102 11490</p>
        </triangles>
      </mesh>
    </geometry>
  </library_geometries>
  <library_visual_scenes>
    <visual_scene id="Scene" name="Scene">
      <node id="es165rd-a00_lk1" name="es165rd-a00_lk1" type="NODE">
        <matrix sid="transform">1 0 0 0 0 1 0 0 0 0 1 -0.45 0 0 0 1</matrix>
        <instance_geometry url="#es165rd-a00_lk1_1-mesh" name="es165rd-a00_lk1">
          <bind_material>
            <technique_common>
              <instance_material symbol="Surface_3_003-material" target="#Surface_3_003-material"/>
              <instance_material symbol="Surface_1_008-material" target="#Surface_1_008-material"/>
            </technique_common>
          </bind_material>
        </instance_geometry>
      </node>
    </visual_scene>
  </library_visual_scenes>
  <scene>
    <instance_visual_scene url="#Scene"/>
  </scene>
</COLLADA>