<?xml version="1.0" encoding="utf-8"?>
<COLLADA xmlns="http://www.collada.org/2005/11/COLLADASchema" version="1.4.1" xmlns:xsi="http://www.w3.org/2001/XMLSchema-instance">
  <asset>
    <contributor>
      <author>Blender User</author>
      <authoring_tool>Blender 4.2.0 commit date:2024-07-16, commit time:06:20, hash:a51f293548ad</authoring_tool>
    </contributor>
    <created>2025-08-13T11:08:56</created>
    <modified>2025-08-13T11:08:56</modified>
    <unit name="meter" meter="1"/>
    <up_axis>Z_UP</up_axis>
  </asset>
  <library_effects>
    <effect id="Surface_1-effect">
      <profile_COMMON>
        <technique sid="common">
          <lambert>
            <emission>
              <color sid="emission">0 0 0 1</color>
            </emission>
            <diffuse>
              <color sid="diffuse">0 0.200784 0.4 1</color>
            </diffuse>
            <index_of_refraction>
              <float sid="ior">1</float>
            </index_of_refraction>
          </lambert>
        </technique>
      </profile_COMMON>
    </effect>
  </library_effects>
  <library_images/>
  <library_materials>
    <material id="Surface_1-material" name="Surface_1">
      <instance_effect url="#Surface_1-effect"/>
    </material>
  </library_materials>
  <library_geometries>
    <geometry id="mh00400-j00_lk0_1-mesh" name="mh00400-j00_lk0_1">
      <mesh>
        <source id="mh00400-j00_lk0_1-mesh-positions">
          <float_array id="mh00400-j00_lk0_1-mesh-positions-array" count="3948">-0.575891 0.05794298 0.2484599 -0.57603 0.07594799 0.239558 -0.576008 0.03976899 0.240016 -0.575907 0.07980298 0.2199749 -0.575941 0.035236 0.220636 -0.575801 0.0715 0.20797 -0.575801 0.04370898 0.20797 -0.575891 0.05722296 0.202324 -0.5532 0.06950896 0.04249995 -0.5532 0.06650096 0.04550099 -0.558669 0.06730598 0.04372096 -0.5532 0.106492 0.102523 -0.5532 0.1095 0.09952199 -0.558669 0.108695 0.101302 -0.555988 0.08014196 0.2305549 -0.5532 0.1095 0.04550099 -0.5532 0.106492 0.04249995 -0.55853 0.108271 0.04331398 -0.555882 0.04756397 0.246273 -0.555882 0.06747496 0.245764 -0.5532 0.06650096 0.09952199 -0.5532 0.06950896 0.102523 -0.55853 0.06772899 0.101709 -0.567489 -0.05588895 0.211378 -0.566129 -0.04305195 0.211022 -0.567232 -0.03767198 0.196728 -0.566681 -0.04478895 0.187115 -0.567221 -0.05745595 0.187267 -0.567199 -0.06397998 0.1996279 -0.5532 -0.04305195 0.187013 -0.5532 -0.03614699 0.199017 -0.5532 -0.05694794 0.187013 -0.5532 -0.06385296 0.199017 -0.5532 -0.04305195 0.211022 -0.565699 -0.06097197 0.234014 -0.5532 -0.06097197 0.234014 -0.565699 -0.05546498 0.243475 -0.5532 -0.05546498 0.243475 -0.5532 -0.05694794 0.211022 -0.5532 -0.03902798 0.234014 -0.565699 -0.03902798 0.234014 -0.5532 -0.04453498 0.243475 -0.565699 -0.04453498 0.243475 -0.565699 -0.05546498 0.224502 -0.5532 -0.05546498 0.224502 -0.5532 -0.04453498 0.224502 -0.565699 -0.04453498 0.224502 -0.5532 0.03218597 0.202985 -0.556227 0.03260999 0.2009 -0.5532 0.03307598 0.2009 -0.5532 0.03519397 0.199984 -0.5532 0.08213299 0.2009 -0.5532 0.080015 0.199984 -0.556188 0.08200597 0.2003909 -0.5532 0.08297997 0.202985 -0.556227 0.08259898 0.249884 -0.5532 0.08297997 0.247799 -0.5532 0.08213299 0.249935 -0.5532 0.03307598 0.249935 -0.556188 0.03320294 0.250393 -0.5532 0.03218597 0.247799 -0.55591 0.03557497 0.230504 -0.555898 0.07526999 0.211226 -0.555898 0.03752398 0.2157019 -0.555882 0.04773294 0.20502 -0.555898 0.06256097 0.203646 -0.5532 0.03519397 0.2508 -0.5532 0.080015 0.2508 -0.390868 -0.357439 -1.72e-4 -0.383532 -0.365021 0.03825199 -0.393471 -0.350037 0.03858995 0.276916 0.329306 0.03977197 0.270053 0.330931 -3e-6 0.280702 0.324793 1.66e-4 -0.330999 -0.272769 0.03994095 -0.32958 -0.275477 -3e-6 -0.32958 -0.263201 1.66e-4 0.272893 0.309086 0.03985697 0.277862 0.312155 8.1e-5 0.267214 0.308906 8.1e-5 -0.325557 -0.279449 0.04002594 -0.322954 -0.280713 8.1e-5 0.291114 0.298796 0.03968799 0.284251 0.295907 8.1e-5 0.29206 0.297893 -3e-6 -0.57568 -0.09674996 0.06932997 -0.573314 -0.09241795 0.06054699 -0.572131 -0.100542 0.07203197 -0.535215 -0.124913 0.01224195 -0.536399 -0.124913 0.130471 -0.532376 -0.121844 0.06417798 0.243313 0.354942 0.04010999 0.264611 0.329487 0.04002594 -0.27823 -0.327832 0.03985697 -0.271131 -0.331623 1.66e-4 -0.280833 -0.322777 -3e-6 0.280938 0.316849 0.03994095 0.330632 0.267022 -3e-6 0.328029 0.261787 0.03994095 0.331105 0.272799 0.03985697 -0.265215 -0.309056 0.03960299 -0.267345 -0.308876 8.1e-5 -0.259062 -0.316819 8.1e-5 -0.259062 -0.320069 0.04002594 -0.260482 -0.325485 -3e-6 -0.558879 -0.100361 0.08621895 -0.552963 -0.10343 0.07448101 -0.552726 -0.10343 0.1512449 0.327082 0.27966 2.5e-4 -0.322717 -0.258868 0.03985697 -0.317038 -0.25923 -3e-6 0.282358 0.286339 1.66e-4 0.282122 0.292477 0.03994095 0.284725 0.282729 0.03968799 0.321403 0.281645 0.03977197 0.259168 0.316849 8.1e-5 0.259168 0.322807 0.03994095 0.262008 0.311975 0.03994095 -0.568581 -0.100722 0.114679 -0.570237 -0.101986 0.111048 -0.567161 -0.1079429 0.11907 -0.564085 -0.101444 0.112314 0.1562319 0.176576 0.149556 0.191964 0.146607 0.144489 0.151736 0.1877689 0.144489 -0.551307 -0.07400298 0.05902695 -0.552963 -0.04511797 0.06198298 -0.5532 -0.1054159 0.06198298 -0.280123 -0.292628 8.1e-5 -0.282726 -0.297502 0.03994095 -0.27965 -0.287393 0.03985697 -0.565978 -0.106499 0.108176 -0.559116 -0.04042398 0.07000499 -0.559589 -0.0388 0.06122195 -0.552253 -0.04313194 0.06662696 -0.265452 -0.33072 0.03985697 -0.317275 -0.281074 0.03985697 0.266977 0.242109 0.04390996 0.274786 0.231096 0.04585295 0.31951 0.165744 0.04466998 -0.57568 -0.03067594 0.06932997 -0.573314 -0.02634298 0.06046199 -0.572131 -0.03446698 0.07203197 0.221306 0.283451 0.04492396 0.193383 0.300782 0.04618996 0.235505 0.259079 0.04576796 0.284015 0.204739 0.04585295 0.176819 0.302046 0.04559898 0.110561 0.332194 0.04576796 0.09659999 0.346818 0.04559898 0.03957098 0.347901 0.04576796 -0.01012295 0.357469 0.04627496 -0.03307598 0.348442 0.04576796 -0.115662 0.34086 0.04559898 -0.10454 0.33418 0.04585295 -0.1859419 0.307642 0.04585295 -0.171271 0.305295 0.04585295 -0.237292 0.26955 0.04585295 -0.230666 0.263412 0.04585295 -0.290298 0.212501 0.04585295 -0.284382 0.20528 0.04585295 -0.312305 0.209071 0.04585295 -0.35206 0.207266 0.045937 0.162858 0.321001 0.04433298 0.025846 0.359094 0.04492396 -0.04609096 0.357108 0.04483896 -0.311832 0.198781 0.04610598 -0.349457 0.200045 0.04509299 0.337967 0.122596 0.046359 0.32022 0.141733 0.04559898 0.342463 0.07240796 0.04576796 0.357608 0.03575998 0.04568397 0.350036 1.5e-5 0.045937 0.357608 -0.03591096 0.04568397 0.342463 -0.07219797 0.04576796 0.329449 -0.138995 0.04618996 0.32022 -0.141522 0.04559898 0.284015 -0.2047089 0.04585295 0.19362 -0.301113 0.04627496 0.177056 -0.302016 0.04559898 0.110798 -0.332165 0.04576796 0.09659999 -0.346788 0.04559898 0.03980696 -0.347871 0.04576796 -0.01012295 -0.357439 0.04627496 -0.03307598 -0.348413 0.04576796 -0.115662 -0.339927 0.04585295 -0.104303 -0.33415 0.04585295 -0.187125 -0.30671 0.04559898 -0.171034 -0.305446 0.04576796 -0.2415519 -0.265729 0.04576796 -0.230666 -0.263382 0.04585295 -0.291718 -0.211027 0.04543 -0.282963 -0.207597 0.04610598 -0.351823 -0.209042 0.04618996 -0.306863 -0.198751 0.04534596 -0.349694 -0.200015 0.04526197 -0.04585397 -0.357078 0.04475498 0.02608299 -0.359064 0.04492396 0.162621 -0.321152 0.04374098 0.223909 -0.281616 0.045008 0.274786 -0.231066 0.04585295 0.235741 -0.258868 0.04576796 0.31951 -0.165714 0.04475498 0.343647 -0.106319 0.045008 0.215627 0.32046 0.04002594 0.199063 0.309628 0.03968799 0.209001 0.315044 0.04331898 0.293953 0.207808 0.04289698 0.253015 0.258537 0.04002594 0.290877 0.215029 0.04002594 0.209711 0.294644 0.03977197 0.210658 0.297171 0.04357296 0.2234359 0.297352 0.04002594 -0.571184 0.014458 0.06654298 -0.574733 0.006513953 0.06139099 -0.57568 0.01337397 0.07101899 -0.559116 0.01030498 0.062743 -0.571184 -0.09837496 0.159437 -0.559116 -0.100542 0.154455 -0.559116 -0.09440296 0.163322 -0.5532 -0.105777 0.163659 -0.559352 -0.104152 0.164842 -0.559352 -0.107041 0.158255 -0.210789 -0.316458 0.04357296 -0.220254 -0.318083 0.04002594 -0.2044 -0.31357 0.04002594 -0.305443 -0.233774 0.04314994 -0.305916 -0.236663 0.04002594 -0.297634 -0.241357 0.04213696 -0.562192 -0.04475694 0.110794 -0.566215 -0.04890894 0.112821 -0.565741 -0.04656195 0.109612 -0.289588 -0.239732 0.04002594 -0.569528 -0.04421496 0.10919 -0.570237 -0.04656195 0.113243 -0.565978 -0.04349297 0.118648 -0.572131 -0.04945099 0.153948 -0.573314 -0.04854798 0.09263795 -0.57568 -0.05324196 0.15665 -0.55178 0.07818496 0.004556953 -0.549887 0.120069 0.009961962 -0.5532 -0.120039 0.009961962 -0.5532 -0.03609198 0.06063097 -0.557459 -0.100181 0.138747 -0.572131 0.01644295 0.154032 -0.573314 0.01752698 0.09263795 -0.57568 0.01283299 0.156735 -0.114952 -0.365021 0.03842097 -0.109982 -0.353467 1.66e-4 -0.108326 -0.351121 0.03825199 -0.5532 0.06645095 0.045515 -0.20582 -0.302918 0.04298096 -0.207949 -0.295878 0.04010999 -0.283199 -0.227636 0.04002594 -0.250307 -0.260854 0.04002594 -0.288879 -0.216624 0.04129195 -0.559116 0.01806795 0.06046199 -0.559116 -0.009011983 0.05970197 -0.559589 0.02348399 0.065445 -0.559116 0.01644295 0.07152497 -0.558642 0.01590198 0.08976596 -0.219071 -0.297502 0.04340398 -0.225224 -0.300391 0.04010999 -0.286039 -0.235219 0.04298096 -0.114952 -0.365021 -3e-6 -0.553436 0.02077597 0.06155997 -0.565978 -0.04042398 0.108176 -0.564085 -0.03536897 0.112314 -0.567161 -0.04204899 0.11907 -0.304496 -0.2220399 0.04036295 -0.22475 -0.311764 0.04314994 -0.34993 -0.136287 0.02955394 -0.34993 -0.1407999 -3e-6 -0.350877 -0.20182 8.1e-5 -0.392761 -0.322055 0.03690099 -0.352533 -0.207597 0.03875899 -0.382349 -0.291906 8.1e-5 -0.35206 -0.205611 0.02752697 -0.349457 -0.181962 0.02794897 -0.392998 -0.324582 -3e-6 -0.35135 -0.210847 0.04002594 -0.390395 -0.320249 0.03994095 -0.348511 -0.198751 0.02980697 -0.559116 -0.07490599 0.166277 -0.552963 -0.078336 0.166446 -0.5532 -0.04583996 0.164588 -0.569291 -0.03536897 0.112821 -0.536162 0.124943 0.1299639 -0.535215 0.124943 0.01224195 -0.530483 0.119888 0.06350296 -0.557222 0.04857796 0.106487 -0.557222 0.031789 0.115692 -0.557696 0.06681197 0.116875 0.250649 -0.08862596 -3e-6 0.2293519 -0.135204 0.003543972 0.257038 -0.06533795 0.004134953 -0.569528 0.06608998 0.1712599 -0.569528 0.06608998 0.120506 -0.569054 0.06771498 0.14601 -0.5532 0.124943 0.01502895 -0.549887 0.124943 0.01502895 0.293953 -0.207778 0.04289698 0.275496 -0.2317889 0.04399496 -0.2238039 0.300782 0.04298096 -0.228063 0.306378 0.04002594 -0.211736 0.294824 0.04027897 -0.562665 0.026012 0.143476 -0.561245 0.02312296 0.1494719 -0.566688 0.02384495 0.139845 -0.569528 0.02655297 0.15057 -0.57568 0.06663095 0.132075 -0.573314 0.06085395 0.115777 -0.208186 0.30006 0.04374098 -0.210789 0.31703 0.043235 -0.222147 0.314322 0.04306596 -0.219071 0.318293 0.04002594 0.193857 -0.134121 0.149556 0.151736 -0.187739 0.144489 0.191964 -0.146758 0.144489 -0.203453 0.311433 0.04019498 -0.292901 -0.1965849 0.03014498 -0.284619 -0.2048889 0.03327 -0.25149 -0.233052 0.02997595 0.264374 -0.03013396 0.002022981 0.265084 1.5e-5 0.004134953 -0.569054 -0.03229999 0.159775 -0.57568 -0.031578 0.15513 -0.573314 -0.03554999 0.134102 -0.559589 -0.03284198 0.06510698 -0.558879 -0.03446698 0.08621895 -0.559352 -0.03446698 0.15513 -0.5532 -0.03500795 0.146601 -0.557459 -0.03428596 0.1385779 -0.5532 -0.03482794 0.07946395 -0.558406 0.01680397 0.14204 -0.566215 0.01698499 0.112821 0.221306 -0.09693098 0.144405 -0.552963 0.01951199 0.07456499 -0.55178 -0.04150795 0.159353 -0.559589 -0.04150795 0.16045 -0.574733 -0.02345395 0.16518 -0.167011 0.227847 0.144574 -0.192095 0.21196 0.142885 -0.235162 0.162133 0.143392 -0.234926 0.13397 0.144574 -0.118028 0.209794 0.144489 -0.06596797 0.232541 0.144405 -0.234926 -0.05594998 0.144489 -0.220018 -0.08375197 0.149641 -0.235162 -0.006303966 0.149641 -0.228063 0.05616098 0.1494719 -0.234926 0.05597996 0.144489 -0.215758 0.109056 0.144489 -0.168905 0.172784 0.144743 -0.235399 -0.162464 0.143645 -0.167011 -0.2278169 0.144574 -0.234926 -0.13376 0.144574 -0.01248896 -0.285768 0.142801 0.01779997 -0.281977 0.144658 -0.07756298 -0.275297 0.143054 -0.07945698 -0.271686 0.144489 -0.138379 -0.250383 0.142969 -0.192095 -0.2121109 0.142801 0.113164 -0.25941 0.144489 0.05305898 -0.281074 0.142969 0.116004 -0.261396 0.143054 0.194567 -0.20525 0.144574 0.26603 -0.09638899 0.144658 0.256092 -0.12726 0.142969 0.22036 -0.182503 0.142969 0.280938 0.03287196 0.144574 0.239291 -0.03464698 0.144574 0.238108 0.04189795 0.144489 0.278335 0.065548 0.142801 0.254435 0.126929 0.144405 0.221306 0.09696096 0.144489 0.208055 0.109237 0.1494719 0.194567 0.20528 0.144574 0.2201229 0.182533 0.142969 0.102989 0.218279 0.144489 0.048563 0.236693 0.144489 0.113164 0.25944 0.144489 -0.008938968 0.241567 0.144489 0.116004 0.261426 0.143054 0.05305898 0.281104 0.142969 0.01779997 0.282006 0.144658 -0.01272594 0.285798 0.142801 -0.07756298 0.275327 0.143054 -0.07945698 0.271716 0.144489 -0.138615 0.250233 0.142969 -0.193751 0.13397 0.149556 -0.1760039 -0.155784 0.1494719 -0.204163 -0.129066 0.144574 -0.165828 -0.176365 0.144405 -0.133409 -0.1933349 0.1494719 -0.133409 0.193365 0.1494719 -0.08324295 -0.219693 0.1494719 -0.08324295 0.219723 0.1494719 -0.119211 -0.2104859 0.144405 -0.06596797 -0.232511 0.144405 -0.008938968 -0.241537 0.144489 0.048563 -0.236663 0.144489 0.102989 -0.218249 0.144489 -0.02834296 -0.233233 0.1494719 0.02821195 -0.233233 0.1494719 -0.02834296 0.233263 0.1494719 0.02821195 0.233263 0.1494719 0.08334797 -0.219693 0.1494719 0.08334797 0.219723 0.1494719 0.133515 -0.1933349 0.1494719 0.233375 0.02835899 0.150063 0.228169 -0.05631095 0.1494719 -0.559116 -0.04349297 0.155975 -0.5532 -0.04908996 0.146516 -0.558879 -0.04963099 0.139591 -0.5532 -0.04908996 0.07937896 -0.558879 -0.04999297 0.08959698 -0.559116 -0.04963099 0.07152497 -0.571184 -0.05161696 0.06654298 -0.573314 -0.05757498 0.165517 -0.559589 -0.051256 0.1608729 0.248046 -0.087363 0.004978954 0.264374 0.02998298 0.002022981 0.257038 0.06536799 0.004134953 -0.562192 0.02131795 0.110794 -0.565741 0.01933199 0.109612 -0.570237 0.01951199 0.113243 -0.565978 0.02258098 0.118648 -0.559352 -0.027426 0.164082 -0.559116 -0.03591096 0.165517 -0.558879 -0.006844997 0.166193 -0.569528 0.02185899 0.10919 0.261298 -0.02959197 0.004978954 -0.02148097 0.26612 0.004894971 -0.043015 0.262509 0.009961962 0.02182298 0.265578 0.009961962 -0.02171796 -0.265548 0.009961962 -0.043015 -0.262479 0.004978954 0.02134996 -0.26609 0.004894971 -0.454996 -0.123289 0.252416 -0.457599 -0.124913 0.253176 -0.437485 -0.1250939 0.247687 0.261298 0.02962195 0.004978954 0.248046 0.08739298 0.004978954 0.229115 0.134692 0.003711998 0.250886 0.088656 0.002022981 -0.57355 0.06590896 0.171007 -0.573077 0.05922996 0.176411 -0.553436 0.03955197 0.181901 -0.5532 0.02944195 0.172949 -0.5532 0.05038297 0.185532 -0.557459 0.04749494 0.185532 -0.557459 0.06536799 0.1758199 -0.557222 0.031789 0.176496 0.384348 0.049842 0.03901195 0.377722 0.04135698 0.04222095 0.383875 0.02962195 0.04070097 0.382691 0.02655297 0.04407894 -0.563138 0.06933897 0.147783 -0.561245 0.07295 0.142547 -0.566688 0.07222795 0.1521739 -0.568108 0.07006198 0.1412799 0.365417 0.02546995 0.04162997 -0.455233 -0.100181 0.252162 -0.500903 -0.09801399 0.251994 -0.50398 -0.1 0.254189 -0.567871 0.06699198 0.145672 -0.570001 0.07096397 0.146094 0.355952 0.05543798 0.04154598 0.361158 1.5e-5 0.04010999 -0.429203 0.01554095 0.173878 -0.435592 -0.04096597 0.176327 -0.419501 -0.121664 0.176074 -0.412402 -0.124733 0.1726959 -0.272077 -0.122205 0.1739619 -0.412402 -0.122025 0.1739619 -0.272077 0.122055 0.1739619 -0.272314 -0.124913 0.1721889 -0.266871 -0.12383 0.172442 -0.266398 0.122957 0.172104 -0.270658 0.124943 0.171851 -0.263085 0.125665 0.167966 -0.412402 0.123319 0.1739619 -0.421631 -0.124913 0.176158 -0.419501 0.122777 0.176411 -0.435356 0.04099595 0.17658 -0.574497 0.03341299 0.174722 -0.569764 0.03232997 0.117128 -0.569291 0.02889996 0.126164 -0.553436 0.02926099 0.119239 -0.562192 0.02871996 0.1612949 -0.57497 0.03377395 0.117128 -0.084899 -0.252008 0.004978954 -0.084899 -0.252008 -3e-6 -0.139325 -0.226553 -3e-6 -0.139325 -0.226553 0.004978954 -0.186652 -0.189363 -3e-6 -0.186652 -0.189363 0.004978954 -0.224514 -0.142606 -3e-6 -0.224514 -0.142606 0.004978954 -0.25078 -0.08862596 -3e-6 -0.25078 -0.08862596 0.004978954 -0.264268 -0.03013396 -3e-6 -0.264268 -0.03013396 0.004978954 -0.264268 0.02998298 -3e-6 -0.264268 0.02998298 0.004978954 -0.25078 0.088656 -3e-6 -0.25078 0.088656 0.004978954 -0.224514 0.142635 -3e-6 -0.224514 0.142635 0.004978954 -0.186652 0.189393 -3e-6 -0.186652 0.189393 0.004978954 -0.139325 0.226583 -3e-6 -0.139325 0.226583 0.004978954 -0.084899 0.252038 -3e-6 -0.084899 0.252038 0.004978954 0.08500498 0.349887 0.009961962 0.08500498 0.349887 -3e-6 0.08500498 0.300962 -3e-6 0.08500498 0.300962 0.009961962 0.08500498 0.252038 -3e-6 0.08500498 0.251858 0.003374993 0.08500498 0.252038 0.009961962 0.08500498 0.252038 0.004978954 0.08500498 0.248969 0.004978954 -0.274917 -0.09007096 -3e-6 -0.274917 -0.09007096 0.009961962 -0.274917 1.5e-5 0.009961962 -0.274917 1.5e-5 -3e-6 -0.274917 0.08991998 0.009961962 -0.274917 0.08991998 -3e-6 -0.520071 0.02113699 0.336527 -0.529063 0.02095699 0.342016 -0.508949 0.014458 0.342354 -0.511789 -0.01659399 0.336612 -0.505873 -0.009191989 0.342185 -0.520781 -0.02110695 0.342101 -0.50327 -5.27e-4 0.33695 -0.538292 0.01662397 0.337034 -0.544208 0.009221971 0.342185 -0.515101 0.02384495 0.303085 -0.504453 0.014458 0.303001 -0.500193 0.03214997 0.303001 -0.531666 0.02402597 0.303001 -0.495224 0.04225999 0.303339 -0.520071 0.07493597 0.303001 -0.489782 0.04442596 0.303001 -0.455469 0.07186698 0.305957 -0.545154 0.01535999 0.303085 -0.5532 0.08973997 0.30317 -0.549887 1.5e-5 0.303001 -0.5532 -0.120039 0.303001 -0.545154 -0.01532995 0.303001 -0.531666 -0.024176 0.303001 -0.549887 0.120791 0.303001 -0.520071 0.124943 0.303001 -0.549887 0.124943 0.30089 -0.515811 -0.02363497 0.303001 -0.54965 -0.122928 0.303085 -0.520071 -0.07508701 0.303001 -0.520071 -0.124913 0.303001 -0.494988 -0.04060494 0.303001 -0.489782 -0.044577 0.303001 -0.500193 -0.03211998 0.303001 -0.504453 -0.014247 0.303001 -0.296451 0.211418 0.04002594 -0.351587 0.21214 0.04002594 -0.347327 0.210335 0.04247498 -0.293611 0.200045 0.03217196 -0.348511 0.199864 0.03428298 -0.34993 0.197156 0.03014498 -0.508712 0.01301294 0.33695 -0.496881 0.04298198 0.33999 -0.520071 0.07493597 0.33999 -0.520071 0.124943 0.33999 -0.259772 -0.12383 0.133089 -0.27752 0.004888951 0.151921 -0.259772 0.12368 0.133342 -0.465408 -0.06623995 0.33999 -0.496881 -0.042952 0.33999 -0.520071 -0.07508701 0.33999 -0.454996 -0.09223699 0.33999 -0.520071 -0.124913 0.33999 -0.455943 -0.1250939 0.340328 0.08500498 -0.349857 -3e-6 0.08500498 -0.349857 0.009961962 0.08500498 -0.300932 0.009961962 0.08500498 -0.300932 -3e-6 0.08500498 -0.252008 0.009961962 0.08500498 -0.252008 0.004978954 0.08500498 -0.252008 -3e-6 0.08500498 -0.251828 0.003796994 0.08500498 -0.248939 0.004978954 0.04311996 -0.262479 0.009961962 -0.260009 -0.123289 0.163913 -0.262849 -0.125997 0.166869 -0.260956 -0.127441 0.137311 -0.496171 -0.042952 0.305872 -0.466591 -0.06299096 0.305957 -0.546574 3.76e-4 0.33695 -0.504453 0.01481896 0.253514 -0.501377 0.02817797 0.251909 -0.491675 0.04280096 0.253091 -0.454996 0.07024198 0.275724 -0.446951 0.07006198 0.274964 -0.455233 0.06988096 0.252585 -0.434409 0.068798 0.251487 -0.434409 0.07006198 0.264492 -0.446951 0.07006198 0.264492 -0.530246 -0.02092695 0.336781 -0.268291 -0.01442795 0.176411 -0.27539 0.329487 -3e-6 -0.272787 0.330931 0.03994095 -0.279413 0.325515 0.04002594 -0.267108 0.33075 -3e-6 -0.264505 0.329487 0.04002594 -0.260482 0.325515 -3e-6 -0.260482 0.313058 1.66e-4 -0.267345 0.308906 0.03985697 -0.258353 0.318655 0.03977197 0.257275 -0.251828 0.04289698 -0.273024 0.309267 -3e-6 -0.27965 0.313239 0.03985697 -0.279413 0.314502 -3e-6 -0.28107 0.322626 8.1e-5 -0.267581 0.367218 0.03690099 -0.377143 0.367398 0.03681695 -0.323427 0.37137 0.03690099 0.299869 -0.287393 8.1e-5 0.300106 -0.28992 0.04002594 0.297503 -0.282699 0.03994095 -0.286512 0.229472 0.043235 -0.285329 0.2247779 0.03994095 -0.286276 0.236693 0.04002594 0.279992 -0.28992 0.04002594 0.280228 -0.292628 -3e-6 0.281412 -0.285046 -3e-6 0.272656 -0.309237 8.1e-5 0.279755 -0.313209 0.03977197 0.267214 -0.308876 0.03994095 0.210185 -0.294253 0.04002594 0.280938 -0.322777 8.1e-5 0.279519 -0.325485 0.04002594 -0.317275 0.281104 8.1e-5 -0.312069 0.277854 0.03994095 -0.322954 0.280923 0.03985697 -0.464462 0.08251798 0.340581 -0.463278 0.08739298 0.345057 -0.469904 0.080352 0.345057 0.275496 -0.329457 -3e-6 -0.296214 0.241567 0.04331898 -0.303786 0.23922 0.04010999 0.261771 -0.312126 8.1e-5 0.272656 -0.331081 0.03994095 -0.32816 0.277854 8.1e-5 -0.466591 0.09786295 0.34531 -0.462095 0.09298896 0.340074 -0.471324 0.101113 0.340159 0.226749 -0.302918 0.04010999 0.219887 -0.297683 0.04357296 0.222016 -0.314292 0.04306596 -0.351587 0.227125 0.043657 -0.352533 0.2273049 0.04002594 -0.341175 0.2175559 0.04010999 -0.509422 0.08179599 0.345226 -0.513918 0.08739298 0.340074 -0.496881 0.07746297 0.340243 -0.512735 0.092628 0.345057 -0.334786 0.219723 0.04298096 -0.32887 0.231096 0.04002594 -0.344724 0.24247 0.04010999 -0.317275 0.258898 0.03985697 -0.312069 0.261967 8.1e-5 -0.322954 0.259259 -3e-6 0.266977 -0.33072 -3e-6 -0.331473 0.2273049 0.04306596 0.210658 -0.317 0.043235 0.202849 -0.311042 0.04019498 0.219177 -0.318264 0.04002594 -0.338808 0.240303 0.04331898 0.205925 -0.302557 0.04298096 -0.328397 0.261967 0.03985697 -0.549887 -0.126538 0.130302 -0.549887 -0.124913 0.133004 -0.549887 -0.124913 0.01502895 -0.550123 -0.139898 0.01165097 -0.54894 -0.142064 0.1036159 -0.550123 -0.138273 0.129795 -0.550123 -0.133218 0.009961962 -0.549887 -0.120039 0.009961962 -0.34993 -0.09007096 0.009961962 -0.34993 -0.123289 0.01004594 -0.540895 -0.122025 0.009961962 -0.539712 0.122957 0.009961962 -0.34993 0.122055 0.009961962 -0.34993 0.08991998 0.009961962 -0.537818 -0.139176 0.01122796 -0.537582 -0.1267189 0.01156598 -0.537818 -0.12383 0.01046794 -0.540895 0.134512 0.009961962 -0.550597 0.138122 0.009961962 -0.538292 0.1393859 0.01165097 -0.537582 0.126568 0.011482 -0.559352 -0.04439598 0.06155997 -0.559352 -0.104874 0.06079995 -0.559116 -0.07508701 0.05970197 0.165224 0.322626 0.03977197 0.155049 0.325154 0.03774595 0.156705 0.324612 8.1e-5 0.11908 0.339777 -3e-6 0.26887 0.367579 0.03842097 0.1683 0.325876 -3e-6 0.164041 0.324251 0.03791397 0.39263 0.351692 -3e-6 0.387187 0.361621 -3e-6 0.387897 0.362885 0.03901195 0.377012 0.367398 -8.8e-5 0.372989 0.367398 0.03825199 0.281885 0.36812 8.1e-5 0.24071 0.356927 2.5e-4 0.04288399 0.357469 0.009961962 -0.02148097 0.359635 0.01004594 -0.084899 0.349887 0.009961962 -0.119211 0.339777 -3e-6 -0.156363 0.324793 8.1e-5 -0.084899 0.349887 -3e-6 -0.1615689 0.323168 0.03901195 -0.202507 0.338874 -4.26e-4 -0.384242 0.36469 -4.26e-4 -0.336442 0.36794 -3e-6 -0.268528 0.367037 -3e-6 -0.574733 -0.09061199 0.164588 -0.57568 -0.09747296 0.154961 -0.57568 -0.05251997 0.07110297 -0.574733 -0.05937999 0.06139099 -0.573314 -0.101444 0.133342 -0.559352 -0.04511797 0.165264 -0.34993 -0.09007096 -3e-6 -0.34993 -0.124913 0.03867399 -0.34993 -0.124913 0.01300197 -0.105486 -0.347329 0.04002594 -0.09318095 -0.348051 0.03774595 -0.157546 -0.325304 0.04010999 -0.108326 -0.343719 0.04289698 -0.538055 0.12729 0.1295419 -0.5532 0.06663095 0.1730329 -0.5532 0.06663095 0.119577 -0.094365 -0.34769 -3e-6 -0.084899 -0.349857 -3e-6 -0.084899 -0.349857 0.009961962 -0.02148097 -0.359967 0.009961962 0.04288399 -0.357439 0.009961962 0.164041 -0.324221 0.03808295 0.155049 -0.325304 0.03774595 0.156468 -0.324763 8.1e-5 0.11908 -0.339747 -3e-6 0.26816 -0.367368 0.03842097 0.202376 -0.339025 -5.1e-4 0.268633 -0.367188 -3e-6 0.336311 -0.36791 8.1e-5 0.372989 -0.367549 0.03825199 0.380562 -0.365924 -3e-6 0.384111 -0.36466 0.03850597 0.38979 -0.359064 -3e-6 0.392867 -0.352384 0.03816795 0.393103 -0.34751 -3e-6 0.392867 -0.322416 0.03833699 0.392393 -0.322235 -8.8e-5 0.361158 -0.2474949 -1.72e-4 0.350036 -0.219512 0.03833699 0.350036 -0.218068 -3e-6 0.348616 -0.09693098 -2.57e-4 0.350036 -0.08519595 0.03774595 0.353822 -0.06623995 0.01849097 0.353822 -0.06623995 0.03698599 0.357845 -0.057033 8.1e-5 0.357845 -0.05649197 0.03951895 0.350036 0.08522599 0.03774595 0.34696 0.09876596 0.04019498 0.359974 1.5e-5 0.04289698 0.355952 -0.055408 0.04171496 0.347196 -0.099819 0.04010999 0.353822 0.06626999 0.03698599 0.384111 0.05002194 -3e-6 0.369676 0.05002194 0.03825199 0.364707 0.05164694 8.1e-5 0.358318 0.05670195 0.03875899 0.354769 0.06247895 8.1e-5 0.350272 0.08396297 -3e-6 0.349326 0.183977 -1.72e-4 0.350036 0.219542 0.03842097 0.350746 0.221709 -3e-6 0.381745 0.295546 1.66e-4 0.392157 0.32064 0.03833699 0.393103 0.324973 -3e-6 0.39334 0.342304 0.03892797 -0.553436 -0.0388 0.16442 -0.5532 0.01806795 0.165433 -0.553436 0.02312296 0.160535 -0.559589 0.02095699 0.164842 -0.573077 0.007416963 0.165433 0.384111 -0.04963099 0.03901195 0.384111 -0.04999297 -3e-6 0.384111 1.5e-5 -3e-6 0.383875 -0.03031498 0.04162997 0.1420339 0.2247779 0.003627955 0.162384 0.206363 0.004978954 0.1907809 0.18488 0.003796994 0.222253 0.14065 0.004978954 0.222253 -0.1406199 0.004978954 0.162621 -0.206695 0.004978954 0.191017 -0.185211 0.003796994 0.1420339 -0.224928 0.003458976 0.04311996 0.262509 0.004978954 0.373463 -0.02977299 0.041884 0.369913 -0.05017298 0.03850597 -0.455233 -0.09963899 0.281466 -0.455233 -0.09187597 0.284253 -0.463278 -0.06678199 0.282057 0.369676 -0.04999297 8.1e-5 -0.549177 0.143177 0.03681695 -0.549887 0.125485 0.131653 -0.550123 0.139928 0.129289 -0.084899 -0.300932 0.009961962 -0.084899 -0.252008 0.009961962 -0.435829 0.06121498 0.1840119 -0.422814 0.123319 0.1839269 -0.422577 0.124221 0.264914 -0.42944 0.09569698 0.264492 -0.440088 0.01211094 0.250473 -0.42305 -0.123108 0.1839269 -0.435829 -0.06118595 0.1840119 -0.422577 -0.123108 0.251571 -0.433699 -0.07472497 0.249038 -0.438432 -0.05071496 0.251909 -0.439142 -0.027426 0.249038 -0.440088 1.5e-5 0.1840119 -0.279886 0.209794 0.03242498 -0.229483 -0.262299 0.03149598 -0.230666 -0.263382 0.03495895 -0.171034 -0.305265 0.03250998 -0.104303 -0.33397 0.032341 -0.03307598 -0.348413 0.03495895 0.03980696 -0.34751 0.03259396 0.110798 -0.331984 0.032341 0.176819 -0.301835 0.03267896 0.235505 -0.258868 0.032341 0.283778 -0.204528 0.03259396 0.319983 -0.141522 0.03200298 0.342227 -0.07219797 0.03250998 0.350036 1.5e-5 0.03200298 0.342227 0.07240796 0.03250998 0.319983 0.141552 0.03225594 0.283778 0.204739 0.032341 0.2352679 0.258898 0.03250998 0.176819 0.301865 0.03200298 0.110561 0.332014 0.03259396 0.03957098 0.34772 0.03495895 -0.03307598 0.348262 0.032341 -0.104303 0.334 0.03259396 -0.171034 0.305295 0.03208696 -0.230666 0.263051 0.03259396 -0.3 -0.199834 0.03259396 -0.453103 -0.02868998 0.253091 -0.495934 -0.02850896 0.252416 -0.470851 -0.03139799 0.251909 -0.499957 -0.03699398 0.251994 -0.498774 -0.001067996 0.252078 -0.445767 7.37e-4 0.252078 -0.47582 -0.006664991 0.251909 -0.50398 -0.01406699 0.253429 -0.495934 -0.009552955 0.253176 -0.453103 -0.009552955 0.252416 -0.25504 -0.1292459 0.1295419 -0.25646 0.128012 0.129458 -0.258116 -0.125997 0.130893 -0.257169 -0.131052 0.128022 -0.544208 -0.009733974 0.336021 -0.537582 0.01752698 0.336105 -0.545391 0.004888951 0.336021 -0.537345 0.003625988 0.336696 -0.533322 0.01102697 0.336696 -0.52362 0.01373499 0.335007 -0.533086 -0.01930195 0.336021 -0.519361 0.01915097 0.335514 -0.512972 0.00831896 0.335852 -0.484339 -0.01767694 0.335936 -0.412875 0.01861 0.335598 -0.380929 -0.01803797 0.336021 -0.369571 -0.014247 0.336021 -0.512498 -0.006122946 0.335852 -0.526697 -0.01496899 0.336527 -0.536162 -0.00991398 0.337203 -0.363418 -0.003956973 0.336021 -0.364365 0.00831896 0.336105 -0.373121 0.01626294 0.336021 -0.297397 -0.367549 -3e-6 -0.269474 -0.367729 0.03757697 -0.372884 -0.367549 0.03808295 -0.377143 -0.367368 -8.8e-5 -0.266635 -0.366827 -8.8e-5 -0.222621 -0.348413 -3e-6 -0.216232 -0.346066 0.04002594 -0.211499 -0.346968 -3e-6 -0.20085 -0.35094 0.03909695 -0.559589 -0.09873598 0.06510698 -0.559352 0.01283299 0.161548 0.264374 -0.03013396 -3e-6 0.264374 0.02998298 -3e-6 0.250886 0.088656 -3e-6 0.2243829 0.142635 -3e-6 0.186758 0.189393 -3e-6 0.1394309 0.226583 -3e-6 -0.527407 -0.02110695 0.310095 -0.540895 -0.01352494 0.31001 -0.546574 1.5e-5 0.310095 -0.540895 0.01355499 0.31001 -0.528353 0.02149796 0.310095 -0.369571 0.01427698 0.309926 -0.363418 0.003986954 0.31001 -0.364365 -0.008289992 0.309926 -0.373121 -0.01623296 0.31001 -0.411455 -0.01894098 0.310432 -0.507766 -0.01803797 0.31001 -0.520307 -0.02525997 0.310095 -0.539712 -0.02128797 0.310179 -0.551543 0.001639962 0.310348 -0.509659 0.01806795 0.309926 -0.520307 0.02528899 0.310095 -0.539475 0.02131795 0.310179 -0.50327 -0.008469998 0.310095 -0.502323 -0.01027494 0.275977 -0.496644 -0.03897994 0.282564 -0.503506 -0.02291297 0.280875 -0.504216 -0.09909695 0.280453 -0.502796 0.01229095 0.309926 -0.502323 0.01030498 0.275977 -0.49972 -0.001248955 0.276062 -0.50398 1.5e-5 0.275977 0.261771 0.327862 8.1e-5 0.297976 0.291936 0.03994095 0.298923 0.291033 2.5e-4 -0.5532 -0.124913 0.01502895 -0.538292 -0.139537 0.128529 -0.538055 -0.12726 0.129373 -0.292901 -0.30003 0.03994095 -0.291008 -0.300571 1.66e-4 -0.27823 -0.311945 1.66e-4 -0.277993 -0.311764 0.03985697 -0.3 -0.292989 1.66e-4 -0.297634 -0.282699 8.1e-5 -0.30071 -0.291184 0.03977197 -0.295031 -0.281254 0.04002594 -0.310412 -0.264465 -3e-6 -0.308992 -0.272769 8.1e-5 -0.311595 -0.261937 0.03985697 -0.308756 -0.273131 0.03985697 -0.559116 -0.05558896 0.062743 -0.285566 -0.279991 2.5e-4 -0.286985 -0.279991 0.03994095 -0.559116 -0.04349297 0.07000499 -0.538055 0.139566 0.12836 -0.084899 0.252038 0.009961962 -0.454996 0.07367199 0.33999 -0.454523 0.124763 0.27623 -0.446951 0.124943 0.274964 -0.446951 0.124943 0.264492 -0.5532 0.124943 0.298018 -0.454286 -0.02850896 0.258074 -0.494278 -0.02868998 0.258158 -0.494514 -0.009552955 0.258074 -0.45476 -0.009372949 0.258158 -0.34993 0.08991998 -3e-6 0.325426 -0.279449 0.04002594 0.331105 -0.273131 0.03985697 0.327792 -0.277824 -3e-6 0.331105 -0.270061 -3e-6 -0.541131 -0.01460796 0.342354 -0.541368 -0.01298296 0.33695 -0.260009 0.123499 0.163828 0.31667 -0.281074 0.03994095 0.317144 -0.281254 8.1e-5 0.309098 -0.273131 8.1e-5 0.308861 -0.272769 0.03985697 -0.297871 0.286339 1.66e-4 -0.295978 0.295907 8.1e-5 -0.298107 0.287964 0.03994095 -0.295741 0.295907 0.03994095 -0.286512 0.298074 8.1e-5 -0.287932 0.297893 0.03994095 0.297266 -0.297502 0.03994095 0.297503 -0.297322 1.66e-4 0.285198 -0.30021 0.03968799 0.287564 -0.30021 -3e-6 -0.290062 0.282006 -3e-6 -0.289115 0.280923 0.03960299 -0.309229 0.27316 8.1e-5 -0.308756 0.266842 0.03985697 -0.330763 0.272799 0.03994095 -0.330999 0.267022 8.1e-5 0.325426 0.260523 -3e-6 0.31738 0.259079 -3e-6 0.31667 0.258537 0.03977197 -0.559116 -0.106499 0.07000499 -0.32958 -0.264465 0.04002594 -0.198957 -0.354551 8.1e-5 -0.194934 -0.365021 -3e-6 -0.193751 -0.365202 0.03985697 0.17256 0.228027 0.142801 -0.335259 -0.144411 0.03006094 -0.559116 0.02258098 0.155975 0.17256 -0.227997 0.142801 -0.084899 0.300962 -3e-6 -0.084899 0.300962 0.009961962 -0.348037 -0.127802 0.03875899 -0.348274 -0.137009 0.03174996 -0.348274 -0.1250939 0.04610598 -0.501613 -0.08627998 0.282226 -0.084899 -0.300932 -3e-6 -0.410509 0.01987296 0.310601 -0.392761 0.322265 0.03690099 -0.350877 0.202031 0.03115797 -0.352297 0.207808 0.03884297 -0.392525 0.322265 -3e-6 -0.392761 0.351872 -3e-6 -0.393471 0.349526 0.03842097 -0.385899 0.363066 0.03875899 -0.34993 0.136317 0.02938497 -0.348984 0.184338 -3e-6 -0.361999 0.235971 -8.8e-5 -0.34993 0.124943 0.03867399 -0.34993 0.124943 0.01173496 -0.248651 -0.139176 0.1295419 -0.238002 1.5e-5 0.1295419 -0.237765 -0.159395 0.129373 -0.238002 0.158161 0.129458 -0.250544 0.135775 0.1295419 -0.25504 0.134512 0.127346 -0.260482 0.128012 0.130133 0.285671 -0.279991 0.03977197 0.253015 -0.258327 0.04002594 0.312174 -0.261757 0.03985697 0.323059 -0.259049 0.03994095 0.290404 -0.2146379 0.04002594 0.369203 -0.271506 0.04002594 0.329449 -0.264465 0.04002594 0.384584 -0.3578 0.04027897 0.24426 -0.354912 0.04010999 0.264611 -0.329457 0.04002594 0.258931 -0.322596 0.03994095 0.260588 -0.314472 0.04002594 0.165224 -0.322596 0.03977197 0.186048 -0.311584 0.04002594 0.34696 -0.215902 0.04002594 0.326846 -0.1547009 0.04002594 0.279519 -0.314472 -3e-6 0.258931 -0.323138 8.1e-5 -0.454996 0.124943 0.33999 0.295846 0.283992 0.03994095 0.292297 0.282006 8.1e-5 0.314541 0.279479 -3e-6 0.310518 0.275507 0.04002594 0.309335 0.27298 -3e-6 0.309098 0.267383 0.03994095 -0.5532 -0.124913 0.156481 -0.5532 0.1065289 0.04247498 -0.5532 0.06951999 0.04247498 -0.5532 0.1065289 0.102518 -0.5532 0.124943 0.156481 -0.5532 0.109418 0.099478 -0.5532 0.109418 0.045515 -0.5532 0.04569 0.106403 -0.5532 0.05904895 0.111639 -0.5532 0.06645095 0.099478 -0.5532 0.06951999 0.102518 -0.5532 0.01680397 0.146516 -0.5532 -0.05685299 0.186968 -0.5532 -0.124913 0.298018 -0.5532 0.08305996 0.203013 -0.5532 0.08305996 0.247771 -0.5532 0.08215695 0.249882 -0.5532 0.07999098 0.250811 -0.5532 0.03521895 0.250811 -0.5532 0.03305196 0.249882 -0.5532 0.08215695 0.200902 -0.5532 0.07999098 0.199973 -0.5532 0.03521895 0.199973 -0.5532 -0.03609198 0.1989589 -0.5532 -0.04313194 0.186968 -0.5532 -0.04313194 0.211036 -0.5532 -0.05685299 0.211036 -0.5532 -0.06389296 0.1989589 -0.5532 -0.055408 0.2434639 -0.5532 -0.06100499 0.234006 -0.5532 -0.055408 0.224463 -0.5532 0.03214997 0.203013 -0.5532 0.03305196 0.200902 -0.5532 -0.044577 0.2434639 -0.5532 -0.044577 0.224463 -0.5532 -0.03897994 0.234006 -0.5532 0.03214997 0.247771 -0.360579 -0.365383 0.04010999 -0.28107 -0.320069 0.04002594 -0.255986 -0.359967 0.04002594 -0.118028 -0.365021 0.04002594 -0.114005 -0.356175 0.04002594 -0.303786 -0.211388 0.03994095 0.310518 0.264495 -3e-6 -0.314435 -0.279449 -3e-6 0.39121 0.333819 0.04010999 0.2260389 0.309628 0.04129195 0.354295 0.365954 0.04002594 0.347433 0.219362 0.04002594 0.326846 0.154551 0.04002594 -0.570001 0.02510899 0.145841 -0.193515 0.305656 0.04010999 -0.241788 0.269369 0.04002594 -0.27539 0.231096 0.04205197 0.14227 0.314141 0.02989196 0.195277 0.238137 0.02997595 0.257038 0.229472 0.02989196 0.2428399 0.189574 0.02997595 -0.06833499 0.337972 0.02989196 -0.19943 0.281826 0.02989196 -0.124891 0.281465 0.02997595 -0.208896 0.224597 0.03014498 -0.17766 0.23922 0.03267896 -0.225697 0.1944479 0.03267896 -0.1734009 0.233443 0.04002594 -0.220254 0.189754 0.04002594 -0.216468 0.190116 0.04999095 0.03933399 0.345012 0.03014498 0.234795 0.183436 0.03267896 0.188887 0.230374 0.03267896 0.229115 0.178923 0.04002594 0.138484 0.275146 0.02997595 0.07482898 0.298796 0.02997595 0.07222598 0.289047 0.03267896 0.007151961 0.297893 0.03267896 0.07056999 0.282006 0.04002594 0.006914973 0.290672 0.04002594 0.020877 0.287242 0.04999095 0.007387995 0.307823 0.02997595 -0.294084 0.1902959 0.02989196 -0.271841 0.144982 0.02997595 -0.264032 0.14083 0.03225594 -0.257643 0.13722 0.03757697 -0.256933 0.132526 0.04999095 -0.238002 0.162133 0.124475 -0.238002 0.161952 0.127346 0.315487 0.139566 0.02997595 0.300579 0.06753396 0.02997595 0.278335 0.131804 0.02997595 0.290877 0.06536799 0.03267896 0.269343 0.127471 0.03267896 0.283541 0.06374299 0.04002594 0.262717 0.124221 0.04002594 0.271 0.09768295 0.04999095 0.24142 0.156898 0.04999095 0.245207 0.151301 0.124475 0.3427 0.035941 0.02972298 -0.05839598 0.292297 0.03267896 -0.06028896 0.302046 0.02997595 -0.120868 0.272438 0.03267896 -0.118028 0.265759 0.04002594 -0.05673998 0.285076 0.04002594 -0.109273 0.266481 0.04999095 -0.04538094 0.284353 0.04999095 -0.087502 0.274424 0.124475 -0.025267 0.286881 0.124475 -0.348037 0.1410109 0.03014498 -0.293611 0.134873 0.03242498 -0.264978 0.128193 0.03960299 -0.348037 0.129637 0.03571897 -0.271841 0.124943 0.04999095 -0.348274 0.125124 0.04618996 -0.412402 0.124763 0.171429 -0.422577 0.124943 0.1758199 -0.42518 0.124763 0.1840119 -0.261429 0.126929 0.146854 -0.263559 0.12729 0.04999095 -0.196591 0.210516 0.124475 -0.167248 0.234526 0.04999095 0.133988 0.2663 0.03267896 0.184391 0.2247779 0.04002594 0.199299 0.207988 0.04999095 0.205925 0.201309 0.124475 -0.145714 0.248427 0.124475 0.03815096 0.285437 0.124475 0.08595097 0.274966 0.04999095 0.130675 0.25962 0.04002594 0.099913 0.270091 0.124475 0.146293 0.248066 0.04999095 0.156705 0.241567 0.124475 0.272183 0.09371095 0.124475 0.286144 0.03305196 0.04999095 0.29064 1.5e-5 0.04002594 0.297976 1.5e-5 0.03267896 0.307915 1.5e-5 0.02997595 0.328029 -0.105958 0.02989196 0.286144 0.031789 0.124475 0.286144 -0.03175896 0.124475 0.286144 -0.03320294 0.04999095 0.283541 -0.06371295 0.04002594 0.290877 -0.06533795 0.03267896 0.300579 -0.06750398 0.02997595 0.257275 -0.229442 0.02989196 0.272183 -0.09386199 0.124475 0.245207 -0.151271 0.124475 0.24142 -0.157048 0.04999095 0.271 -0.09765297 0.04999095 0.262717 -0.124372 0.04002594 0.205925 -0.201279 0.124475 0.199299 -0.207958 0.04999095 0.229115 -0.178893 0.04002594 0.184391 -0.224748 0.04002594 0.234795 -0.1834059 0.03267896 0.188887 -0.2303439 0.03267896 0.2428399 -0.189544 0.02997595 0.195277 -0.238107 0.02997595 0.174453 -0.297683 0.02997595 0.156705 -0.241537 0.124475 0.146293 -0.248037 0.04999095 0.130675 -0.259591 0.04002594 0.133988 -0.26627 0.03267896 0.138484 -0.275116 0.02997595 0.07435595 -0.336678 0.02989196 0.099913 -0.270061 0.124475 0.08595097 -0.274936 0.04999095 0.07056999 -0.281977 0.04002594 0.07222598 -0.289017 0.03267896 0.07482898 -0.298766 0.02997595 0.03815096 -0.285407 0.124475 -0.025267 -0.286851 0.124475 0.020877 -0.287212 0.04999095 -0.04538094 -0.284324 0.04999095 0.006914973 -0.290642 0.04002594 -0.05673998 -0.285046 0.04002594 0.007151961 -0.297863 0.03267896 -0.087502 -0.274394 0.124475 -0.109273 -0.266451 0.04999095 -0.118028 -0.265729 0.04002594 -0.05839598 -0.292267 0.03267896 -0.145714 -0.248398 0.124475 -0.167248 -0.234497 0.04999095 -0.1734009 -0.233413 0.04002594 -0.120868 -0.272408 0.03267896 -0.17766 -0.23919 0.03267896 -0.124891 -0.281435 0.02997595 -0.183576 -0.247314 0.02997595 -0.136249 -0.316278 0.02989196 -0.196591 -0.2104859 0.124475 -0.216468 -0.190086 0.04999095 -0.220254 -0.189725 0.04002594 -0.225697 -0.194599 0.03267896 -0.233269 -0.201098 0.02997595 -0.271841 -0.1407999 0.03006094 -0.238002 -0.1621029 0.124475 -0.2522 -0.138634 0.1277689 -0.256223 -0.1333979 0.04999095 -0.258353 -0.137551 0.03571897 -0.262375 -0.1276209 0.04999095 -0.42518 -0.124733 0.1840119 -0.549887 -0.124913 0.298863 -0.271841 -0.124913 0.04999095 -0.265925 -0.128163 0.03867399 -0.03283995 -0.345705 0.03014498 -0.06028896 -0.302016 0.02997595 0.007387995 -0.307973 0.02997595 0.269343 -0.127441 0.03267896 0.278335 -0.131774 0.02997595 0.286144 1.5e-5 0.142969 0.278335 -0.06533795 0.142801 -0.282253 0.2867 1.66e-4 -0.390395 0.321363 0.04002594 0.291114 -0.279269 2.5e-4 0.327792 -0.261937 8.1e-5 0.317144 -0.25923 -3e-6 0.186758 -0.189363 -3e-6 0.1394309 -0.226553 -3e-6 0.310518 -0.264465 -3e-6 0.2243829 -0.142606 -3e-6 -0.49759 -0.01930195 0.257905 -0.451447 -0.01875996 0.257905 -0.238002 1.5e-5 0.124475 -0.234926 0.163036 0.124475 -0.234926 -0.163006 0.124475 -0.191622 -0.212291 0.124475 -0.137905 -0.250564 0.124475 -0.07708996 -0.275477 0.124475 -0.01225197 -0.285768 0.124475 0.053532 -0.280893 0.124475 0.116241 -0.261396 0.124475 0.172796 -0.2278169 0.124475 0.22036 -0.182323 0.124475 0.256092 -0.12726 0.124475 0.278335 -0.06533795 0.124475 0.285908 1.5e-5 0.124475 0.278335 0.06536799 0.124475 0.256092 0.12729 0.124475 0.22036 0.182353 0.124475 0.172796 0.227847 0.124475 0.116241 0.261245 0.124475 0.053532 0.280923 0.124475 -0.01225197 0.285798 0.124475 -0.191622 0.212321 0.124475 -0.137905 0.250594 0.124475 -0.07708996 0.275327 0.124475 -0.281543 0.290853 0.03985697 0.256092 0.12729 0.141534 -0.506109 0.09984898 0.345057 -0.509896 0.09894698 0.340159 -0.381166 0.361621 0.04002594 -0.307099 0.227486 0.04095494 -0.217415 0.342846 0.04002594 -0.267818 0.364871 0.03994095</float_array>
          <technique_common>
            <accessor source="#mh00400-j00_lk0_1-mesh-positions-array" count="1316" stride="3">
              <param name="X" type="float"/>
              <param name="Y" type="float"/>
              <param name="Z" type="float"/>
            </accessor>
          </technique_common>
        </source>
        <source id="mh00400-j00_lk0_1-mesh-normals">
          <float_array id="mh00400-j00_lk0_1-mesh-normals-array" count="11832">-0.9998911 -4.19329e-4 0.01476109 -0.9999911 -5.63779e-4 0.004176676 -0.9999989 -1.33512e-4 0.001531004 -0.9999783 1.84384e-4 -0.006595194 -0.9999703 4.47243e-4 -0.007713913 -0.9999989 2.04218e-4 -0.001479029 -0.9999971 0 0.002401173 -0.999873 0 0.01593893 0.125452 -0.7007061 -0.7023338 0.1254533 0.7007048 0.702335 0.04317986 0.9765697 0.2108248 -0.003005027 0.999648 -0.02635985 0.003772675 0.903244 0.429111 0.126596 0.7006001 -0.7022343 0.0443648 -0.4281371 0.9026242 0.001725018 -0.2030517 0.9791666 5.54249e-4 -0.6268076 0.779174 -0.02961975 0.7847114 0.6191533 0.01838541 0.6188917 0.7852612 0.003834486 0.9031794 0.4292463 0.1267265 -0.7005922 0.7022187 -0.9995487 0.02720654 0.01274043 -0.9872861 0.1078402 0.1167761 -0.9983261 0.04412454 0.03738909 -0.9995402 0.01116842 -0.0281918 -0.9998767 0.01039493 -0.01177364 -0.9997162 -0.02176004 -0.009700298 -0.1509705 0 -0.9885383 -0.1827983 -0.004492342 -0.9831402 -0.1827847 -0.004489839 -0.9831427 -0.2144413 -0.008976042 -0.9766957 -0.1456252 -0.9893398 0 -0.1837633 -0.9829632 0.00383234 -0.1837555 -0.9829645 0.00382924 -0.2215275 -0.9751242 0.007643818 -0.1146976 0.8611007 -0.4953284 -0.05260598 0.8354629 -0.5470232 -0.05272012 0.8355165 -0.5469304 0.009630441 0.8039334 -0.5946415 -0.006053745 -0.01174116 -0.9999127 -0.01207333 -0.00590372 -0.9999097 -0.01221865 -0.005739688 -0.9999089 -0.01811337 0 -0.999836 0.02357929 -0.8841167 -0.466671 0.004817426 -0.8757135 -0.4828073 0.005003035 -0.8757994 -0.4826493 -0.01389676 -0.8667373 -0.4985715 -0.1728978 0.8537847 0.4910787 -0.08706027 0.9011525 0.4246702 -0.08702862 0.9011679 0.4246439 0 0.9359031 0.3522576 0 -0.8642524 0.5030584 -0.05175316 -0.8656789 0.4979175 -0.009463369 -0.8455391 0.5338297 -0.009886741 -0.8457552 0.5334795 0.03222686 -0.8228203 0.5673872 0 0.8642524 0.5030584 0 0 1 0 -0.8654236 -0.5010411 0 -0.8654252 -0.5010381 -0.2144439 0.008975803 0.9766951 -0.1827831 0.004488766 0.983143 -0.1828007 0.004492163 0.9831398 -0.1509672 0 0.9885389 0 0 -1 0.001780211 -0.2029082 0.9791962 0.01647418 0.2399452 0.9706467 -0.03088319 0.0173701 0.9993721 0.01638573 0.2401068 0.9706082 0.05596077 0.437699 0.8973785 0.01830637 0.6187387 0.7853835 0 0.8654252 -0.5010381 0 0.8654236 -0.5010411 -0.1456252 0.9893398 0 -0.1837824 0.9829595 -0.003830134 -0.183769 0.9829621 -0.003830611 -0.2216946 0.975086 -0.007661163 -0.9999914 -0.003415226 -0.002371966 -1 1.02075e-5 7.15861e-6 -1 1.00716e-5 7.3472e-6 -1 -9.7903e-6 -6.55698e-6 -1 -9.66603e-6 -6.733e-6 -0.9999914 0.003416001 0.002372026 0.02673768 0.02487981 0.9993329 0.01335698 0.01242887 0.9998336 0.01339721 0.01246482 0.9998326 8.84071e-4 -0.9797335 -0.2003041 -0.07140409 -0.9266604 -0.3690558 0.1082953 -0.7035552 -0.7023406 0.1083006 -0.7034337 -0.7024614 -0.03077763 -0.5023621 -0.8641095 -0.1219599 -0.1391596 -0.9827311 0.08801478 0.7133842 -0.6952241 0.001674711 0.2026293 -0.9792541 -0.07255244 0.3741615 -0.9245212 -0.09623926 0.132162 -0.9865451 0.001540184 0.2024499 -0.9792915 -0.1220832 -0.1390258 -0.9827348 -0.1144557 -0.2099598 -0.9709876 0.08797758 0.7134843 -0.695126 -0.05265486 0.8673539 -0.4948988 -0.1370373 0.9816393 -0.1326846 -0.1371791 0.9816411 -0.1325246 -0.1424713 0.9693844 -0.1999898 -0.09991103 0.9875106 0.1218228 0.00546807 0.9822469 0.1875133 0.1356294 0.920994 0.3652052 0.01971244 -0.9228996 0.3845359 -0.1515263 -0.9670733 0.2044726 -0.147861 -0.9796839 0.1354867 -0.1076992 -0.9856179 -0.1302242 7.63178e-4 -0.9797705 -0.200123 -1 0 0 -0.007340252 -0.9987604 0.04923343 0.0369184 -0.9686375 0.2457201 0.01243382 -0.9049853 0.4252611 -0.03371113 -0.7828953 0.6212397 0.03704822 -0.9686105 0.2458074 6.29656e-4 -0.6269395 0.7790678 -0.9983723 -0.007902622 -0.05648255 -0.9987453 -0.04074877 -0.0291109 -0.9986371 -0.0521658 -0.001661539 -0.9980391 -0.02620542 0.0568434 -0.9996468 -0.02370858 0.01200926 -0.9985737 0.03164702 -0.04299992 -0.998878 0.007935822 -0.04668945 -0.9982033 0.05987727 -0.002225995 -0.9986586 0.04545032 0.02480506 -0.9993629 0.03397732 0.01092499 -0.995698 0.01193034 0.09188717 -0.9949131 0.002031862 0.1007181 0.03702211 -0.9686489 0.2456598 -0.01987046 -0.9864973 -0.1625676 0.02853953 -0.8789864 -0.4759922 0.02849799 -0.8788918 -0.4761692 0.01986312 -0.9354459 -0.3529117 -0.0196048 -0.6663976 -0.7453388 0.02622598 -0.4182759 -0.9079414 -0.001840949 -0.03837221 -0.9992619 0.03350454 0.2725238 -0.9615656 -0.01921558 0.5850555 -0.8107656 -0.009776353 0.6825576 -0.7307664 0.03278201 0.8085157 -0.5875609 -0.01921963 0.585208 -0.8106555 0.02538764 0.9101427 -0.4135164 0.02546423 0.9102134 -0.4133563 -0.0240401 0.9754248 -0.2190173 -0.002894401 0.9996437 -0.02653688 0.1248478 -0.3751348 0.9185244 -0.005231916 -0.1926919 0.9812455 -0.1004742 -0.1257042 0.9869669 -0.1279588 0.1323866 0.982904 -0.1234791 0.1997524 0.9720349 0.04257482 0.3777405 0.9249323 -0.8607052 -0.5087546 -0.01885074 -0.576563 -0.8170132 0.008037149 -0.9787968 -0.2048339 -9.87053e-5 -0.559071 -0.8289579 -0.01639235 -0.2663059 -0.9638662 0.00657773 -0.7773895 -0.629014 -0.00264424 0.986253 0.1651557 0.005357563 0.9421892 0.3349077 0.01078754 0.9962832 -0.08479267 0.01516193 -0.2662472 0.9638213 -0.01269292 -0.5069699 0.861958 0.003162622 -0.01864659 0.9998245 -0.001864075 0.5520452 0.8337903 -0.006322324 0.4178166 0.9085302 -0.001504242 0.7017325 0.7124406 1.62912e-4 0.4171683 -0.9088097 -0.00598967 0.4171692 -0.9088093 -0.005983591 0.2466626 -0.9686992 0.02791821 -0.7094132 -0.6809738 -0.18168 -0.3144051 -0.7899723 -0.5263965 -0.2048063 -0.9554514 -0.2125259 -0.6744768 0.7382652 -0.006754457 0.00500226 0.003424942 0.9999817 -0.0705403 0.1869283 0.9798378 0.007587432 0.003030002 0.9999667 0.6650965 0.7467164 -0.007829904 0.4623076 0.8867174 -0.002016186 0.8299696 0.5575644 0.01650786 -0.9304364 -0.3660581 0.01702016 -0.998926 -0.04621744 -0.0033046 -0.777503 -0.6288738 -0.002655208 -0.9743165 0.2243341 0.01953774 -0.8898943 0.4561634 0.001785039 -0.9999271 -0.001070499 0.01203829 -0.7908102 -0.6120547 -0.002894282 -0.6917372 -0.7213489 0.03399449 -0.7908117 -0.6120528 -0.002884924 -0.997327 0.06896328 -0.024149 -0.984793 -0.1731607 -0.01407384 -0.9388084 0.3441846 -0.01326316 -0.1117222 -0.9932954 0.02970772 -0.1356383 -0.9731227 0.1861034 -0.3157938 -0.9430673 -0.1043951 -0.9615995 -0.2741261 -0.01346331 -0.8508475 -0.5253928 -0.004581034 -0.9999265 -0.001253068 0.01206624 0.2408748 -0.9705559 -7.35796e-4 0.4754537 -0.879632 0.01383835 0.01899117 -0.9997504 0.01177388 0.9994401 0.03345036 7.76842e-4 0.9994401 0.03344959 7.73217e-4 0.9653599 0.2586723 -0.03418993 -0.6279894 -0.7780423 0.01672255 -0.8507598 -0.5255346 -0.0046193 -0.3548709 -0.9349068 -0.003999114 0.9633608 0.2679334 0.01215696 0.9999237 0.01221352 -0.001835346 0.865818 0.500359 -5.10179e-4 -0.9159949 0.06100833 0.3965242 0.4606521 0.5255178 0.7152837 0.3660755 0.4330704 0.823674 0.5015942 0.3867539 0.7738376 0.4223719 0.5091401 0.7499189 0.8580096 -0.00337243 0.5136227 -0.9609698 0.2740891 0.03758186 -0.8151166 0.5790311 0.01755094 -0.9982605 -0.0557385 0.01921516 0.8606926 0.5089626 0.01286154 0.9421352 0.3350605 0.01076555 0.5521059 0.8337501 -0.006321787 0.9215294 -0.3852031 0.04901325 -0.4232425 -0.8947178 -0.1426398 0.1512988 0.9883205 0.0181998 0.4621543 0.8867973 -0.002037763 -0.1492961 0.988792 -0.001123249 -0.7676439 -0.6191573 -0.1654303 0.2348112 0.9719948 0.009481012 0.5519649 0.8338435 -0.006314754 0.02327889 0.9997125 0.00574541 0.7619122 0.6444044 -0.06506109 0.8198838 0.5629761 -0.104157 0.8679286 0.4664123 0.1707623 -0.9248898 -0.3802261 0.002655327 -0.9847602 -0.1733453 -0.01409554 -0.7909302 -0.6118996 -0.002937495 -0.7106218 -0.6798252 -0.1812579 -0.3204847 -0.7903254 -0.5221832 -0.2344927 -0.9483283 -0.2137442 0.1232238 0.1167206 0.9854909 0.4132204 0.4185616 0.8087368 0.4117256 0.5721859 0.7092851 0.3557972 0.4628248 0.8119123 0.02694642 0.04483658 0.998631 0.1231374 0.1166939 0.9855049 -0.02522158 -0.03158819 0.9991828 -0.0486502 -0.02756178 0.9984356 -0.04129028 -0.0751543 0.9963167 -0.0136947 -0.02510333 0.9995911 0.03197169 0.09547734 0.9949181 0.001665711 -0.02735406 0.9996245 -0.001635909 0.05429905 0.9985234 -3.81439e-4 -0.03050535 0.9995346 -0.01253831 0.0527563 0.9985288 -0.004269182 0.01818507 0.9998255 -0.002673983 0.008200168 0.9999628 -1.25364e-7 0 1 -0.002674043 0.008203983 0.9999629 6.62053e-7 0 1 -1.59083e-7 0 1 9.27466e-4 0.01040911 0.9999454 9.15735e-4 0.01031059 0.9999464 7.98099e-4 0.005876839 0.9999825 -0.009108722 -0.02856844 0.9995504 0.3682968 0.6104154 0.7012493 0.02719581 0.2104786 0.9772201 -0.04112118 0.221644 0.9742603 -0.01447153 -0.04870873 0.9987082 -0.0309602 -0.127039 0.9914144 -0.003560841 0.003434598 0.9999878 0.4762244 0.2350488 0.8473266 -0.09211355 -0.04592126 0.9946891 -0.02520853 -0.009258806 0.9996394 0.006426155 -0.003480613 0.9999734 0.02116411 2.47208e-7 0.9997761 0.055296 -0.01032942 0.9984167 -0.02411508 0.008580148 0.9996724 0.03843754 -0.0163151 0.9991279 -0.07315474 0.03399235 0.9967412 -0.03166651 0.01814448 0.9993338 0.03245407 -0.05868142 0.9977491 -0.04505175 0.08151715 0.9956533 -0.01533615 0.02803695 0.9994893 0.04161363 -0.1171773 0.9922388 0.001676082 0.02729851 0.9996259 -0.001145601 -0.05515718 0.9984771 0.003199994 0.04421937 0.9990168 -0.008942484 -0.03993552 0.9991623 -0.003360867 -0.00539577 0.9999799 -0.006713867 -0.01029157 0.9999246 -0.08126842 -0.1832943 0.9796932 -0.003365695 -0.005412459 0.9999797 -0.007987916 -0.0148853 0.9998573 -0.00746876 -0.009002447 0.9999316 -0.02272886 -0.02227437 0.9994936 -0.01908534 -0.0882532 0.9959152 -0.09251868 -0.2432925 0.9655305 -0.02274984 -0.02229267 0.9994927 -0.01680213 -0.06002753 0.9980554 -1.03691e-5 -0.006385028 0.9999796 -0.002778351 0.09384155 0.9955834 -0.005002856 0.1034297 0.9946243 -0.001172721 -0.05535185 0.9984663 -0.04837328 -0.207727 0.9769901 -0.124325 -0.5585281 0.8201156 0.0270797 -0.2092997 0.9774766 0.307471 -0.6614652 0.6840508 0.365095 -0.462455 0.8079857 0.06237405 -0.04863852 0.996867 -0.02783668 0.03512638 0.9989951 0.5910801 -0.27937 0.756688 0.1532855 -0.0633043 0.9861522 0.06248384 -0.04869794 0.9968572 0.0386213 -0.01636707 0.9991199 0.1900286 -0.04709541 0.9806483 0.2077399 -0.008734345 0.9781451 -0.5328692 0.8068981 0.2548841 0.5965228 0.4341756 0.6750201 0.4132067 0.4184645 0.808794 0.5743154 0.3118045 0.7569278 0.7700215 0.6110079 -0.1836743 0.7618784 0.6444396 -0.06510758 0.809919 0.5758208 0.1116318 0.5965802 0.4342015 0.6749528 0.7580518 0.5146292 0.4006424 0.518284 0.528868 0.6720718 0.5115035 0.5340977 0.6731299 0.3615883 0.4092954 0.8376939 0.527244 0.7071931 0.4710539 -0.5599032 -0.277774 0.7806089 -0.5599119 -0.2777643 0.7806059 -0.7042779 -0.4976376 0.5063099 0.1561263 -0.8400379 0.5195778 -0.3204632 0.8427876 -0.4324496 -0.6484678 0.4416271 -0.6200445 -0.6642874 0.7136542 -0.2223063 0.02932238 0.5415363 -0.8401659 -0.2017592 0.3697205 -0.906973 -0.2133131 0.7076833 -0.6735592 -0.2288558 -0.8546147 0.4661101 0.03368133 -0.9845607 0.1717723 0.007003247 -0.7100303 0.7041364 0.09225356 -0.9877402 0.1259312 -0.1624738 -0.9036245 0.3963143 0.09227311 -0.9877364 0.1259467 0.2629522 -0.9237406 -0.278495 -0.4986788 -0.5974342 0.6280063 0.5193952 -0.7244831 -0.4531588 -0.1043566 -0.5552071 -0.8251394 0.223024 0.1878806 -0.9565361 -0.7449733 0.6254993 0.2318741 -0.3312022 -0.6843733 0.6495679 -0.4743635 0.7968629 0.3741511 -0.5451891 0.8359611 -0.06275397 -0.9172307 0.3632813 0.1634457 0.9715663 -0.01340579 -0.236388 -0.9953033 4.11818e-4 0.09680557 -0.9992143 -0.001348137 0.03961127 -0.9979586 -0.00343585 0.06377351 -0.2373502 -0.9709517 -0.03029394 -0.5307646 -0.8474577 0.01022589 -0.2231511 -0.9743676 0.02848261 -0.3835006 0.8968898 0.2202637 -0.5500584 0.832769 -0.06270241 -0.793538 0.553535 0.2527779 0.9107894 -0.4128221 -0.006371378 0.7760105 -0.6306299 0.01066648 0.685348 -0.7180129 0.1214722 0.1383875 -0.1610279 -0.9771996 0.08548814 -0.1453062 -0.9856866 0.08213222 -0.01993387 -0.9964221 0.9527625 0.1922401 -0.235133 -0.1089501 -0.04816633 0.9928796 -0.1591479 -0.147184 0.9762217 -0.154756 -0.109314 0.9818865 -0.9992992 -0.01054984 -0.03591358 -0.9999093 0.007358849 -0.0112825 -0.9996785 -0.02100938 -0.0141974 -0.9992985 -0.01055312 -0.03593236 -0.9996783 -0.02102535 -0.01418799 -0.9993217 -0.03633457 -0.006003618 -0.998672 -0.04408627 0.02666163 -0.9986454 -0.04585433 0.02459216 -0.2365566 0.9054977 -0.3522993 0.3114971 -0.6797421 0.6640183 0.1659061 -0.4351274 0.8849517 0.1658642 -0.4351492 0.8849487 0.9108011 -0.4127965 -0.006362497 0.9186184 -0.3951461 0 0.9108011 -0.4127967 -0.00636202 -0.1724859 0.6587297 -0.7323414 0.923425 -0.3813174 0.04339832 0.8349325 -0.4410024 -0.3292487 0.09757697 0.9888927 -0.1121158 -0.993507 0.09503751 0.06254494 0.7427879 -0.5052006 0.4393615 -0.06083989 -0.1898553 0.9799253 -0.117995 -0.2648679 0.9570383 -0.07044529 -0.1838632 0.9804243 -0.1316125 0.05201441 0.9899357 -0.1827873 0.07654315 0.9801684 -0.2694967 0.09027731 0.9587604 -0.7352269 -0.2034696 -0.6465613 -0.9675639 -0.07924067 0.2398775 -0.9999966 0.002605557 -3.98727e-4 -0.9937019 0.1117164 0.008724331 -0.9514235 0.2116976 0.2235569 -0.9710544 0.2069272 0.1193081 -0.9459276 0.3243641 0.002998113 -0.9487318 0.3160682 -0.002971291 -0.9936869 0.1118502 0.008722066 -0.9754152 0.02379506 0.2190866 -0.942327 -0.1459315 0.301204 -0.9955446 0.09169566 -0.0219776 -0.05441528 0.01981401 0.9983219 -0.6757581 0.2344545 0.6988434 -0.4808568 0.1039232 0.8706186 -0.7244874 0.1747007 0.6667816 -0.9130744 0.3022978 0.2736988 -0.9513897 0.2116653 0.2237305 -0.9817325 0.006125926 0.1901677 -0.9767119 -0.143923 0.1591228 -0.9514433 0.2115892 0.2235745 -0.9955568 0.09155666 -0.02200651 -0.9475047 -0.3197317 -0.002557814 -0.9425111 -0.3332195 0.02525544 -0.9951494 -0.04838466 0.08565449 -0.9814659 0.1868231 0.04268491 -0.9951531 -0.0482093 0.08571052 -0.935564 0.3504997 0.04324477 -0.8837674 0.4669985 -0.02945476 -0.998867 0.01733613 -0.04431903 -0.99996 0.003063797 -0.008402824 -0.9991644 0.02019381 -0.03553682 -0.9989817 0.007760405 -0.04444497 -0.9980908 2.25365e-4 -0.06176394 -0.9940959 -0.02555537 -0.1054532 0.9950017 0.001546561 -0.09984588 -0.2695667 0.8947963 -0.355912 -0.6642452 0.7137113 -0.2222488 -0.3561394 0.9335871 -0.03974837 -0.8867701 -0.4332896 -0.1609318 0.06985515 0.6932646 0.7172896 -0.07381725 0.6480965 -0.7579724 -0.7008687 -0.7132681 -0.005638062 -0.9996488 -0.01274323 -0.02324277 -0.9140709 0.2822399 -0.2912304 -0.6908429 0.3815959 -0.6141017 -0.7653699 0.2026269 -0.6108611 0.9599915 -0.2800295 0 2.38886e-5 0.9275438 -0.3737145 -0.06949728 0.9658581 -0.2495761 0 0.7206907 -0.6932567 0.5784559 -0.4470328 0.6823127 0.6279488 -0.3278446 0.7058317 0.5811995 -0.4859355 0.6527435 -0.4594687 -0.6622352 -0.5918895 0.6994434 -0.564881 -0.4378225 0.3983758 0.8596481 0.3198469 -0.5844821 0.7343377 -0.3451505 -0.4485233 0.8734043 -0.1897151 -0.4220495 0.7565051 -0.4995742 -0.1699799 -0.1170028 0.978477 0.1176834 -0.1440106 0.9825536 0.05618602 0.2142094 0.9751706 -0.1113148 0.01382547 0.9936891 -0.2546398 0.265378 0.9299104 -0.2546879 0.2654436 0.9298784 -0.08329463 0.2482433 0.96511 -0.06526827 0.2426941 0.9679048 -0.7980323 0.6022567 -0.02077531 0.2690396 -0.194856 0.943212 0.2366626 -0.2842316 0.9290874 0.217037 -0.1607365 0.9628389 -0.004636526 -0.1500446 0.9886684 -0.05888921 -0.2588371 0.9641242 -0.1698978 -0.1170991 0.9784798 0.8695716 -0.4348427 -0.2340028 0.5349435 -0.2424861 0.8093429 0.73522 -0.3794614 0.5616589 0.8987617 -0.2503878 0.3599078 0.6431747 0.7292923 0.2333648 0.5891411 0.7915415 0.1624033 -0.5739844 0.07066613 -0.8158115 -0.673458 0.2161335 -0.7069234 -0.4649797 -8.01382e-5 -0.8853214 -0.1913533 -0.8974026 0.3975583 -0.3623778 -0.8488138 0.3849641 -0.2239822 -0.9729799 0.05605554 -0.05918383 -0.9426757 -0.3284202 0.05100649 -0.9983234 0.02736681 -0.1219018 -0.9620343 -0.2441925 0.022601 -0.9997295 -0.005506157 -0.2344353 -0.9483785 -0.2135844 0.02260601 -0.9997295 -0.005490481 -0.223897 -0.9730035 0.05598497 -0.08711868 -0.9934653 0.0737375 0.02261149 -0.9997293 -0.005493521 0.03504866 -0.9791788 0.1999513 0.03495419 -0.9791675 0.2000232 -0.05930644 -0.9426228 -0.3285502 -0.124747 -0.9921845 0.002833247 0.006892442 -0.9984707 -0.05485254 0.05100339 -0.9983227 0.02739769 0.1209173 -0.9854937 -0.1190848 0.05554574 -0.9984554 0.001290559 0.05554342 -0.9984555 0.001294136 0.007049918 -0.9984697 -0.05485039 0.06755369 -0.9517397 0.2993796 0.1333541 -0.8872544 0.441584 -0.06640595 -0.8400117 0.5384893 -0.01117742 0.9996808 -0.0226581 -0.02359563 0.9969142 0.07486802 0.07763862 0.9969589 0.006737709 0.4524853 -0.3281803 0.8291892 0.5186892 -0.3839813 0.7638848 0.5892237 -0.2552464 0.766593 -0.07608449 0.9960216 0.04639053 -0.3076801 0.9513965 0.01333278 -0.2493763 0.968281 -0.01560264 -0.9702094 0.2378756 -0.04592519 -0.9826754 0.1120676 0.1476147 -0.9362967 0.289042 0.1995077 0.3354138 0.7495681 -0.5706534 0.11637 0.02755981 0.9928235 0.1304602 0.03851091 0.9907054 0.2038232 0.06043344 0.9771407 0.3257661 -0.8618797 -0.3886387 -0.0445491 -0.9473304 -0.3171443 0.1208339 -0.9854919 -0.1191853 0.2757211 -0.925871 -0.2583427 0.6476216 -0.647267 -0.4020346 0.3259225 -0.8618014 -0.3886812 -0.1737116 -0.848331 0.5001589 -0.2900077 -0.6276044 0.7225013 -0.5727734 -0.7746741 0.2679755 -0.08135044 0.1041583 0.9912281 -0.2956065 0.3732802 0.8793627 -0.1084793 0.09469813 0.989578 -0.01753479 0.01793229 0.9996855 -0.07507538 0.1412205 0.9871274 -0.06105655 0.3094103 0.9489666 -0.4668565 -0.1564916 0.8703767 -0.2953617 -0.1182379 0.9480408 -0.3660122 -0.007834196 0.9305771 -0.365866 -0.007760047 0.9306353 -0.1736901 -0.06634807 0.9825628 -0.328643 0.09619706 0.9395425 -0.4069592 0.09685045 0.9082975 -0.3639973 0.1932377 0.9111341 -0.4068378 0.09684216 0.9083527 -0.2569042 0.1000449 0.9612447 -0.0174992 0.01790773 0.9996865 -0.11215 0.1194862 0.9864814 -0.1228615 0.2564895 0.9587066 -0.1093259 -0.1003451 0.9889281 -0.07207715 -0.0929358 0.9930599 -0.009786427 -0.00764507 0.9999229 0.01003366 -0.5035646 0.8638994 0.005820453 -0.3231723 0.9463223 -0.08668774 -0.3545005 0.9310289 -0.0653637 -0.2069553 0.9761645 -0.2329893 -0.409589 0.8820165 -0.07207006 -0.09294247 0.9930598 -0.2331114 -0.4097347 0.8819164 -0.08055037 -0.1065621 0.991038 -0.2993016 -0.3791826 0.8755793 -0.2992381 -0.379023 0.8756702 -0.005849719 -0.2056108 0.9786164 0.05283397 -0.124767 0.9907785 0.005857944 -0.323142 0.9463325 0.08297175 -0.4805127 0.873054 0.05291074 -0.1249149 0.9907557 0.1602611 -0.3257796 0.931764 0.1186687 -0.1379485 0.9833046 0.08714967 -0.03097671 0.9957136 0.1005478 -0.09931045 0.9899635 0.06050461 -0.07774424 0.9951357 0.1932867 -0.1932473 0.961923 0.1651067 -0.1067957 0.9804767 0.08725571 -0.03103327 0.9957025 0.3034214 -0.275728 0.9120908 0.1186743 -0.1379144 0.9833088 0.07106804 0.009345948 0.9974277 0.114721 -0.00856775 0.9933608 0.1371701 -0.06052434 0.9886968 0.1805248 0.05563688 0.9819957 0.6563727 0.1667094 0.7357873 0.2225678 0.09181338 0.9705843 0.1822534 0.02272754 0.982989 0.08839732 0.04292368 0.9951601 0.2796528 0.1175128 0.9528825 0.2006702 0.1311451 0.9708411 0.2797307 0.1175246 0.9528582 0.2644727 0.2034568 0.9426874 0.2989967 0.1634296 0.9401552 0.1063047 0.1701541 0.9796668 0.06584906 0.08306556 0.9943661 0.1254594 0.1444523 0.9815261 0.08851814 0.04300642 0.9951458 0.3967601 0.3870722 0.83232 0.1452265 0.2379295 0.9603639 0.03823739 0.2526212 0.9668094 0.05282855 0.1247693 0.9907785 -0.008316934 0.3312003 0.9435238 -0.08139252 0.104223 0.9912179 0.001089692 0.122749 0.9924371 -0.03799331 0.04284101 0.9983593 -0.04142004 0.1647545 0.9854645 0.1254205 0.1444727 0.9815281 0.1602284 0.3257493 0.9317802 0.05290132 0.1249224 0.9907552 0.08294552 0.4813026 0.8726214 0.005867779 0.3233755 0.9462525 0.007430076 0.4037024 0.9148602 0.1348798 0.8567778 0.4977342 -0.05351537 0.9216787 0.3842456 0.005840778 0.3234131 0.9462398 0.01005584 0.5041859 0.8635367 -0.08690816 0.3542183 0.9311157 -0.06564283 0.2072679 0.9760795 -0.2353889 0.4125706 0.8799874 -0.09206438 0.1210454 0.9883685 -0.2354901 0.4126864 0.879906 -0.2956906 0.3734279 0.8792718 -0.005828678 0.2053291 0.9786757 -0.2135414 0.1510826 0.9651809 -0.1200857 0.08210855 0.9893623 -0.2625586 -0.2213153 0.9391924 -0.2626779 -0.2214207 0.9391344 -0.2953276 -0.1183158 0.9480417 -0.3764469 -0.2219769 0.8994522 -0.27198 -0.2919046 0.9169617 -0.1698386 -0.2411021 0.9555233 -0.1146246 0.1647117 0.9796587 -0.1100216 -0.2804399 0.9535453 -0.08004873 0.208175 0.9748106 -0.2262098 -0.2431236 0.9432498 -0.1914897 -0.3476806 0.9178508 -0.04136967 -0.1632632 0.9857149 -0.0332269 -0.03805303 0.9987232 0.001086413 -0.1227493 0.9924372 -0.008364975 -0.331199 0.943524 0.03822612 -0.2526229 0.9668095 0.08508515 -0.1614941 0.983199 0.2645226 0.203453 0.9426742 0.2175542 0.2573756 0.9415031 0.2431317 0.1357138 0.9604524 -0.1311927 -0.4820402 0.8662713 -0.01060253 -0.4024007 0.9154023 -0.04117608 -0.2997754 0.9531208 -0.04115015 -0.2996569 0.9531593 -0.008338809 -0.3313688 0.9434646 0.03210031 -0.300684 0.9531834 -0.04117286 0.2996741 0.9531528 0.03209877 0.3006849 0.9531833 -0.00833249 0.331367 0.9434652 -0.01060742 0.4024105 0.915398 0.03206127 0.3007791 0.9531549 0.07288396 0.3331165 0.9400646 -0.01059347 -0.4024066 0.9153997 0.07287675 -0.3331194 0.9400641 0.032094 -0.3007748 0.9531551 0.1058 -0.2910187 0.9508495 0.07747977 -0.2033002 0.976046 0.0775218 0.192881 0.9781551 0.1582334 0.2061746 0.9656367 0.1229178 -0.1717473 0.9774426 0.1707015 -0.2518701 0.9525872 0.1058402 -0.2910091 0.9508479 0.1822828 -0.3733034 0.9096249 0.2006869 -0.1602274 0.9664636 0.2429789 0.1356302 0.9605029 0.3652951 0.07091367 0.9281869 0.1628792 0.0868619 0.9828151 0.2152091 -0.05668383 0.9749216 0.2151994 -0.05669206 0.9749232 0.3234953 -0.0893526 0.9420015 0.2690722 -0.1947674 0.943221 0.3708025 -0.1607963 0.9146858 0.1058863 0.2822038 0.9534932 0.1381124 0.6293995 0.76471 0.2031946 0.5404534 0.8164693 0.2648021 0.5355008 0.8019469 0.1660318 0.3354398 0.9273154 0.1059378 0.2821973 0.9534893 0.2174667 0.2574408 0.9415054 0.2241671 0.2702804 0.9363213 -0.01061671 0.4023983 0.9154031 -0.1374394 0.4894601 0.8611267 -0.04117757 0.2997769 0.9531202 -0.04119199 0.2998249 0.9531046 -0.1109906 0.391451 0.9134808 -0.1187151 0.2934262 0.9485821 -0.1058737 -0.3852573 0.9167157 -0.1312201 -0.4820318 0.8662717 -0.1058627 -0.3850839 0.9167899 -0.07202297 -0.09286797 0.9930701 -0.1532207 -0.1945319 0.9688554 -0.009762823 -0.007628858 0.9999233 -0.2261172 -0.2430288 0.9432964 -0.2433118 -0.1792562 0.9532401 -0.245697 -0.0474531 0.9681846 -0.002420246 0.9691346 -0.2465205 -0.1738432 0.9661636 -0.1905423 0.07721221 0.9536305 -0.2909075 0.1614043 0.8902836 -0.4258449 0.07729828 0.9536502 -0.29082 0.05242323 0.9977426 -0.04197198 -0.1322751 0.9912067 -0.003561139 0.06535136 0.994633 0.08021569 0.1742514 0.9737476 0.1464655 0.08666366 0.9962109 0.007299482 0.0524432 0.9977425 -0.04194724 -0.1021916 0.9646209 0.24303 -0.09123784 0.9937625 -0.06412327 0.06497043 0.9825291 -0.1744003 -0.2279362 0.9724773 -0.04830068 0.06485408 0.9825212 -0.1744877 -0.2582156 0.8997775 -0.3517462 -0.710026 0.6807106 0.1802673 -0.3152825 0.7915166 0.5235444 -0.2184239 0.9523546 0.2128657 -0.04625064 0.9429938 0.3295809 -0.04615497 0.9430536 0.3294234 -0.9037077 0.3600739 -0.2316445 -0.9141461 0.2354277 -0.3300163 -0.8668472 0.4890738 -0.09686505 -0.5768306 -0.07101655 -0.813771 -0.4649569 -1.52516e-4 -0.8853333 -0.4397685 -0.1117418 -0.8911327 0.5456441 -0.7127709 -0.4407156 -0.3509952 -0.6681997 0.6559814 -0.997729 -0.01592248 -0.06544852 -0.9920731 -0.05279201 -0.1140359 -0.9998623 -0.01402318 -0.008889138 -0.995853 0.004912495 0.0908451 -0.9895469 -0.00320065 0.1441763 -0.9960083 -0.01112818 0.08856505 -0.1735422 -0.8483467 0.5001912 0.03505653 -0.979154 0.2000713 0.01742821 -0.6812899 0.7318063 -0.744974 0.6254985 0.2318738 -0.9791561 0.1205493 -0.1634662 -0.9999954 4.1903e-5 -0.003050208 -0.9472316 0.2641069 -0.1816587 0.2225502 0.1733075 -0.9593935 0.7511851 -0.4910927 0.4410769 0.09743207 0.9889131 -0.1120625 -0.1354331 0.9828934 0.1248145 -0.1732298 0.9814895 0.08166992 0.08032202 0.9245246 0.3725624 -0.1342167 -0.9902898 -0.03622442 -0.1719385 -0.984821 -0.02376675 0.07962971 -0.9531531 -0.2918191 0.09174036 0.01373922 0.9956881 0.2633942 0.02907884 0.96425 -0.9791564 -0.1205493 -0.1634641 -0.9699841 -0.2420287 0.02351731 -0.9999954 -4.32418e-5 -0.003047227 -0.9213449 -0.3718007 -0.113524 -0.8850894 -0.4628839 -0.04853135 -0.9699509 -0.2421568 0.02357244 -0.5092586 -0.2102162 -0.8345448 -0.4397301 -0.1118094 -0.8911433 -0.5404973 -0.3420727 -0.7686672 -0.1071739 0.8072428 0.5804076 -0.07699489 0.6238214 0.7777652 -0.1037514 0.3340982 0.9368106 0.9954535 -0.04905521 0.08164507 -0.9998822 -0.007327556 -0.0134862 0.1648517 0.2336563 0.9582425 0.2280083 0.2942085 0.9281452 0.2468301 0.0800206 0.9657493 0.548017 0.3783643 0.7460013 0.760079 0.3256978 0.5623174 0.9365243 0.08440715 0.340291 0.8280618 0.2746229 0.48877 0.4170522 -0.8116683 -0.408977 0.1380414 -0.7566653 -0.6390636 0.03154987 0.71875 0.6945526 -0.287134 -0.2521503 0.9241074 -0.02532601 -0.6121367 0.7903465 0.2681882 -0.6351242 0.7243565 0.09600359 -0.4974907 0.8621406 -0.0841192 0.007306873 0.996429 -0.1282331 -0.03772217 0.9910264 -0.06939125 -0.01966613 0.9973956 0.2009226 -0.005670309 0.9795908 0.2697967 0.01122444 0.962852 0.2608222 -0.1412591 0.9549962 0.1503854 -0.4047007 0.9019986 0.07361847 -0.3174589 0.9454101 0.1086632 -0.1651424 0.9802654 0.1175556 0.1650223 0.9792591 0.0365976 -0.5497283 0.8345415 0.2303292 -0.1914743 0.9540892 0.3992718 -0.1522033 0.9041107 0.4255263 0.3305802 0.8424038 0.1175163 0.1651378 0.9792444 0.274564 0.4226425 0.8637059 0.1214156 0.6820206 0.7211839 0.09141206 0.7829371 0.6153483 0.2746491 0.422627 0.8636866 0.4987027 0.7638657 0.4096401 0.09911578 0.516154 0.8507415 0.3473173 -0.2040333 0.915282 0.1185223 0.1896126 0.9746792 0.4839025 0.1052903 0.8687649 0.2010198 -0.005685985 0.9795707 0.3144434 0.1924468 0.9295642 0.5235289 -0.01862126 0.8518044 0.2010872 -0.005660176 0.9795571 0.6241609 -0.05793178 0.7791451 0.680019 0.08018302 0.7287968 -0.1238248 0.9922925 -0.004795491 0.1106626 0.993781 0.01237553 0.03308826 0.9994332 0.006210803 -0.03593003 -0.9229489 0.3832421 -0.1159817 -0.9614741 0.2492305 -0.1399044 -0.984393 0.1067579 -0.1669648 -0.9246527 -0.3422573 -0.07743424 -0.7678198 -0.6359692 -0.2257991 -0.9362379 -0.269209 0.09188944 -0.9585649 -0.2696475 -0.2256426 -0.9362902 -0.2691584 0.03037637 -0.9912236 -0.1286587 -0.1398686 -0.9844185 0.1065704 -0.04736208 -0.9886351 0.1426796 0.03044313 -0.9912289 -0.1286026 0.005722522 -0.9911871 0.1323462 0.0056777 -0.9911784 0.132413 -0.5676575 -0.810513 -0.1443387 -0.3291528 -0.9386432 0.1029924 -0.1621841 -0.8930938 0.4196186 -0.1090936 -0.9833826 0.1451115 0.4236534 0.9058244 0 0.4236534 0.9058244 0 0.4912639 0.8710108 0 0.5563299 0.8309615 0 0.6747288 0.7380657 0 0.7281114 0.6854589 0 0.8225904 0.5686346 0 0.8634736 0.5043941 0 0.9295622 0.3686653 0 0.9547668 0.2973557 0 0.9885868 0.1506533 0 0.9971585 0.07533305 0 0.9971742 -0.07512539 0 0.988657 -0.1501911 0 0.9549046 -0.2969131 0 0.9296376 -0.3684752 0 0.8634744 -0.5043926 0 0.8225911 -0.5686334 0 0.7281149 -0.6854551 0 0.6747441 -0.7380518 0 0.5563594 -0.8309418 3.42727e-6 0.6747103 -0.7380828 -3.06545e-6 0.5563484 -0.8309493 0 0.4912639 -0.8710108 0 0.4236534 -0.9058245 0 0.4511863 0.8801166 0.1477349 0.2655158 0.8458198 0.4626988 0.4511758 0.8801229 0.1477299 0.5828807 -0.7317826 0.3531917 0.8427199 -0.4403041 -0.309767 -0.557946 0.7258661 0.4022622 -0.2341263 0.9055251 -0.3538493 8.06054e-4 0.008724153 0.9999616 0.006512522 -0.001567065 0.9999777 0.02616709 -0.0249722 0.9993457 4.88468e-4 -0.004601538 0.9999894 0.07210642 -0.1150403 0.9907404 0.001372158 9.35495e-4 0.9999986 0.1442062 -0.2115487 0.9666704 0.192392 -0.3397779 0.9206174 5.65306e-4 -0.001517176 0.9999987 -0.1293653 0.02312052 0.9913274 0.006216645 -0.001026332 0.9999802 0.001776456 0.001270592 0.9999976 0.001797437 0.001277387 0.9999976 -0.01907491 0.1561917 0.9875426 -0.03239446 0.2325697 0.9720401 -0.3806011 0.2997913 0.874796 0.001797437 0.001277387 0.9999976 0.001785337 0.001268565 0.9999977 -0.005991756 0.005470216 0.9999671 -0.003979563 0.003641128 0.9999855 0.00284183 0 0.9999961 -1.91634e-6 0 1 0.001797318 0.001277625 0.9999976 -4.10554e-6 0 1 0.001794636 0.001275599 0.9999977 -2.09948e-4 0 1 0.001801311 0.001280844 0.9999976 -0.004004001 0.003652036 0.9999853 -0.2556159 0.8169312 0.5169953 0.01065516 0.8136986 0.5811893 -0.1377617 0.887828 0.4390709 0.07005339 -0.8525884 0.5178665 0.01429384 -0.9567296 0.2906275 1.02388e-4 -0.5756849 0.8176718 0.6575633 0.7490943 0.08042573 0.7828717 0.6087831 -0.1284332 0.4512789 0.8800981 0.1475627 -0.5720331 -0.2288773 0.7876505 -0.9091967 -0.1220698 0.3980708 -0.5925114 -0.3485517 0.7262521 -0.8026809 -0.5962768 -0.01254576 -0.8090758 -0.5871719 -0.02501189 -0.9092371 -0.4161874 -0.008726477 -0.977344 -0.2116571 7.23812e-7 0.007406413 -0.403425 0.9149828 0.001353681 -0.9234128 0.3838061 0.1788885 -0.8482002 0.4985532 -0.7253366 7.03756e-4 -0.6883941 -0.001742303 0.003470122 0.9999926 -0.001742422 0.003470063 0.9999926 -0.002624273 0.005226552 0.999983 -0.001756668 0.003497898 0.9999924 -0.002616167 0.005211949 0.999983 -0.005241453 0.0104379 0.9999318 -1 2.38763e-7 0 -1 9.91191e-7 0 0.1350114 -0.9834548 0.1207829 0.1729849 -0.9817536 0.07896924 -0.08030498 -0.9248618 0.3717282 0.966235 -0.256103 0.0283088 0.7301874 -0.6785574 0.07991337 0.7995545 -0.5738661 0.177173 0.524175 0.7241016 0.4482383 0.5527888 0.7909721 0.2622742 0.589564 0.7858992 0.1864854 -0.835498 0.4276571 -0.3450397 0.9733469 -0.2293184 -0.002976834 0.9847596 0.1735509 -0.01133573 0.9395333 -0.3424047 0.006035029 0.8728922 -0.4878974 0.00394082 0.7050603 -0.7091175 0.006525099 0.6640105 -0.7475551 0.01585447 0.468108 -0.8834404 0.02019894 0.6023228 -0.7970931 0.04301095 4.28387e-4 -0.9999687 0.007909595 0.1141148 -0.9930804 0.02773547 -0.0466119 -0.9942282 0.09663182 -0.02333176 -0.9981617 0.05593585 0.1139548 -0.9930981 0.02775537 0.01098883 -0.9999114 0.007521808 4.44323e-4 -0.9999688 0.007903099 0.2062847 -0.8942157 -0.3972722 -0.9298596 0.001278162 -0.3679124 0.5434815 -0.839369 0.0093593 0.4062913 -0.9137202 0.006551682 0.7048402 -0.7093661 4.46638e-4 -0.2262533 -0.9740391 0.007580518 -0.4082288 -0.9128768 -0.002270638 -0.01060646 -0.9999392 0.003023266 -0.5916957 -0.8060172 -0.01525223 -0.4083756 -0.9128112 -0.002256155 -0.7589107 -0.6510906 -0.01165103 0.2173833 -0.9760829 -0.002581417 0.5433695 -0.839441 0.00941503 -0.01045119 -0.9999408 0.00302422 -0.7778098 0.6282376 0.01815348 -0.5313543 0.8471435 -0.003268897 -0.9313321 0.3641685 -0.001391172 0.523469 -0.4358646 -0.7321218 -0.2594508 0.9656093 -0.01685327 -0.531202 0.8472391 -0.003183603 0.0221889 0.9997363 0.005913317 0.9393469 0.3429685 1.30552e-4 0.8562133 0.5161774 0.02144324 0.9957399 0.09113168 -0.01404124 7.83993e-4 0.01054477 -0.9999442 -0.9511289 -0.308238 0.01852548 -0.9963726 0.08509886 1.82021e-4 -0.8338494 -0.5517753 0.01546937 0.9677593 0.07520282 0.2403886 0.9972857 -0.07226938 -0.01408165 0.9876822 0.1564015 -0.004739224 0.9435962 -0.3310284 -0.006829023 0.5988879 -0.5690117 0.5635238 0.5811852 -0.4859587 0.6527388 0.4383808 -0.5150498 0.7365773 -0.2427189 -0.9700087 0.01305878 -0.4725769 -0.8812819 -0.00365746 -0.03700947 -0.9993069 0.004013419 0.5114509 -0.6592968 0.5511313 0.5338667 -0.6579027 0.5311784 0.3667928 -0.7603252 0.5360678 -0.9851278 0.1718004 -0.002802491 -0.9389675 0.3438587 -0.01005977 -0.9970987 -0.07523494 -0.01157909 -0.2527282 -0.9674859 0.009980499 -0.5026667 -0.8644667 -0.004844129 0.007779121 -0.9999639 -0.003438174 0.8627792 -0.4392699 0.2503081 0.8627754 -0.4392859 0.250293 0.32629 -0.7397125 0.5885238 -0.8603501 0.5095722 -0.01156991 -0.9389085 0.3440203 -0.01005518 -0.5442829 0.8388285 0.01109534 0.09511488 0.6831378 -0.724069 0.2100065 -0.9776777 -0.00662297 0.4619625 -0.8868515 0.00923258 -0.03681653 -0.9993138 0.004045784 -0.5442469 0.8388522 0.01106834 -0.4038912 0.9147676 0.008497416 -0.7072198 0.7069932 9.27324e-4 0.2709112 -0.9624461 -0.01745527 0.5204451 -0.8538923 -0.002238512 0.007949829 -0.9999628 -0.003395915 0.6543364 0.7447063 -0.1313638 0.3231145 0.9350311 -0.1459928 0.5878673 -0.7559345 0.2880543 0.5599534 -0.7105798 0.4260616 0.6582069 -0.6476767 0.3837689 0.0832771 0.005450189 0.9965116 0.07022559 0.1103267 0.9914114 0.2530764 0.00292468 0.967442 0.4294434 0.8171986 -0.3844021 0.2019192 -0.5552689 0.8067869 0.1381146 -0.6293952 0.7647131 0.2870143 -0.5882242 0.7560524 -0.6462497 -0.7517802 0.1311032 -0.4461951 -0.7732096 -0.4506185 -0.1560974 -0.9100644 -0.3839483 -0.8480181 -0.2521 0.4661663 0.150891 -0.9492679 -0.2759029 -0.1559227 -0.9101147 -0.3839003 -0.05221921 -0.1376963 0.989097 -0.08705502 -0.2847286 0.9546471 -0.04767125 -0.1901488 0.9805972 0.4884724 -0.4485621 -0.7484563 -0.8621584 0.442593 0.2465657 -0.02607482 -0.7859213 0.6177766 0.3261376 -0.7397422 0.5885711 -0.2395156 0.9708684 -0.006841003 -0.4770318 0.8788697 0.005366504 0.01254165 0.9998949 0.00727725 -0.2070892 0.9783215 -0.001022756 -0.5441347 0.838925 0.01106452 0.02581381 0.9996523 0.00537455 0.8810549 -0.3880198 0.2705233 -0.3315807 -0.7358425 -0.5904152 0.8681742 -0.4269892 -0.2528908 0.5878111 -0.7559719 0.2880707 0.5417152 -0.8403553 0.01864391 0.3906561 -0.8492021 0.3553079 0.08466935 0.03485065 0.9957996 0.2918212 0.1462563 0.9452246 0.2039529 0.0886445 0.9749592 -0.8989798 0.3908197 -0.1977254 0.2613854 0.9649879 0.0218203 0.4954571 0.8685895 0.008635878 0.01272034 0.999893 0.007234632 0.5151944 0.7215371 -0.4625571 0.03518974 -0.15776 0.9868504 0.1032363 -0.375606 0.9210117 0.05311387 -0.2482491 0.967239 -0.9999493 0.01008117 1.42258e-4 -0.9997249 -0.02343678 9.95206e-4 -0.9993759 0.01457393 0.03217768 -0.9971475 -0.07537519 -0.003932595 -0.9973769 -0.07163357 -0.01039552 -0.9973429 0.01785975 0.07062762 -0.9990126 0.01544767 0.04165679 1.33834e-4 -7.99788e-4 -0.9999998 -4.83028e-4 -0.1387014 -0.9903342 0.05315333 -0.07694983 -0.9956172 0.2108119 0.1141368 -0.9708405 8.47095e-4 0.1803564 -0.983601 0 0 -1 7.90576e-5 -4.7282e-4 -0.9999999 9.49664e-5 -5.67365e-4 -0.9999999 0 0 -1 -0.0189408 -0.245087 -0.9693161 0.01092922 -0.06140637 -0.998053 0.174208 -0.09946155 -0.979673 0.2975048 -0.2182656 -0.9294359 0.08731412 -0.574539 -0.8138067 0.297546 -0.2183837 -0.929395 0.1368149 -0.3138459 -0.9395651 0.4568836 -0.2831612 -0.8432539 0 0 -1 0 0 -1 0.09894067 0.05542105 -0.9935488 0 0 -1 0.05197501 0.1396628 -0.9888342 0.3811307 0.1251915 -0.9160057 0.4659563 0.09548556 -0.8796404 0.3938245 0.1494632 -0.9069526 7.90937e-5 -4.72814e-4 -0.9999999 -0.008381247 0.08299833 -0.9965144 0.08213591 -0.01976567 -0.9964252 0.02045798 0.006669878 -0.9997686 0.1790882 -0.1028654 -0.9784408 0.04935526 -0.07009923 -0.9963184 1.67139e-4 -0.004601359 -0.9999895 0.5108743 0.8001436 0.3142892 0.5378938 0.7067679 0.4595102 0.3952122 0.8328181 0.3875839 0.4860654 0.6328029 0.6027447 0.5272667 0.7072262 0.4709789 0.3682531 0.7780103 0.5090085 0.2292053 0.8215164 0.5220879 0.395074 0.8328919 0.3875665 0.106554 0.7989482 0.5918853 0.2426236 0.9473289 0.2090495 0.5272957 0.7072583 0.4708982 0.5563847 0.7667489 0.3202067 0.7337237 0.6657016 0.1359817 0.1244579 0.9921923 0.008041501 0.3366233 0.9416062 0.007915019 0.267872 0.9626401 0.03960764 -0.2628281 0.9648137 -0.007482707 -0.2975203 0.9544914 0.02068448 -0.1327717 0.9911295 0.005838871 -0.0863375 0.9811179 0.1730715 -0.297411 0.9545253 0.02069431 0.9665866 0.2563399 -5.56385e-4 0.7121065 0.7011646 -0.03567415 0.7156602 0.6984471 0.001494228 0.5836405 0.8119001 -0.01349663 0.7119746 0.7012981 -0.0356841 0.2690151 0.9631338 -0.002088963 0.07903361 0.9800649 0.1822813 -0.08484458 0.996192 -0.02006989 -0.2187602 0.9670085 0.1305323 -0.2627425 0.9648368 -0.007507205 -0.08501106 0.9961767 -0.02013105 -0.3292037 0.9440348 -0.02057558 -0.2351391 0.9411367 0.2428404 -0.3292241 0.9440282 -0.02055031 -0.2975487 0.954482 0.02071011 0.270174 0.9628037 -0.003898918 0.2166658 0.9761515 0.01356971 0.1273826 0.9917871 0.01148515 0.03846442 0.9919691 0.1204904 -0.04880106 0.9987996 -0.004232227 -0.1100518 0.9863436 0.1225352 -0.2363429 0.9716631 0.003604829 -0.330301 0.9378597 0.1063979 -0.3133661 0.9496302 0.002098143 -0.1552651 0.9875062 0.02691388 -0.2826361 0.9592273 0 -0.1120571 0.9774578 0.1789406 0.1674649 0.9704604 0.1736729 -0.1551858 0.9875189 0.02690869 0.3563476 0.9342892 0.01096832 0.2041174 0.9563372 0.2091776 -0.2586115 0.9657549 -0.02092045 -0.1720463 0.9850535 -0.008351504 -0.01744025 0.9997178 -0.01613175 0.2066422 0.9783646 -0.01008611 -0.02562111 0.9103916 0.4129537 -0.9614349 0.03361934 0.2729704 -0.9624912 0.2576118 0.08512961 -0.9263827 -0.2092381 0.3131048 -0.9821433 0.01495742 0.1875389 -0.9625086 0.257576 0.08503991 -0.9914746 -0.1279309 0.02473747 -0.9914731 0.1279793 -0.02454572 -0.9624319 -0.2577216 -0.08546608 -0.9819489 -0.01518332 -0.1885365 -0.9624235 -0.2577233 -0.08555585 -0.9269424 0.2085666 -0.3118942 -0.9606458 -0.03421974 -0.2756607 -0.6697168 0.7416501 -0.03787755 -0.9116393 0.3874547 -0.1370859 -0.9172465 0.3632604 0.1634035 -0.4738757 -0.7961024 -0.3763815 -0.5474889 -0.8344495 0.06285017 -0.9169575 -0.363472 -0.1645513 -0.9169764 -0.3634461 -0.164503 -0.6690835 -0.7422232 0.03784298 -0.9111848 -0.3881283 0.1381987 0.05410945 -0.07527154 0.9956939 0.1620489 -0.1010908 0.9815909 0.05396783 -0.01462054 0.9984357 0.1483028 0.430716 0.8902191 0.09538918 0.2980549 0.9497706 0.05403071 -0.01454997 0.9984333 0.05367326 0.04582613 0.9975065 0.02375817 0.006640732 0.9996957 -0.9999967 0.002558946 -3.9094e-4 -0.9807379 -0.1860868 0.05937206 -1 2.28349e-6 0 -0.9999967 0.002555549 -3.90794e-4 -1 -3.41985e-6 0 -0.9999967 0.002559781 -3.91266e-4 -1 9.11452e-7 0 0.2284669 0.02192544 -0.9733048 0.1820347 0.01681596 -0.9831484 0.1383664 -0.160991 -0.9772087 0.1929624 -0.6210404 -0.7596542 0.06473153 -0.3561595 -0.9321804 0.1384356 -0.1610575 -0.9771878 0.06461077 -0.3560238 -0.9322406 0.07862472 -0.01278954 -0.9968223 -0.01518839 -0.4771538 0.8786886 0.2989079 -0.3607563 0.8834642 0.124542 -0.5287813 0.8395712 -0.3738302 -0.7683477 0.5195121 -0.02016156 -0.6147345 0.7884765 -0.2289514 -0.8165575 0.5299199 -0.1697379 -0.7046646 0.6889389 0.2924889 0.9561401 0.01569938 0.6277303 0.7783002 0.01427114 0.6807855 0.7323136 0.01574689 0.776625 0.6296926 0.01846563 0.6809266 0.7321822 0.01575285 0.8769233 0.4805733 0.007416427 0.735601 0.6773627 0.008426725 0.680864 0.7322412 0.01572495 0.8137554 0.5811297 0.009521424 -0.9998864 0.01267313 -0.008172273 -0.9854799 0.05220514 -0.1615677 -0.9786649 -0.1985538 -0.05283564 -0.9980949 0.01177299 0.0605632 -0.9797009 -0.1986045 0.02725005 -0.9796778 -0.1987235 0.0272141 -0.8367568 -0.5316148 -0.1312397 -0.5924414 -0.8018201 0.07808834 -0.9981724 -0.02690219 0.05411273 -0.06974673 0.8947343 -0.4411191 -0.4219182 0.7565024 -0.4996892 -0.3024766 0.9286746 -0.2146428 -0.2475683 0.9681854 0.03642958 -0.1142263 0.993289 0.01814764 -0.351194 0.9352931 -0.04347085 0.04533255 0.9950128 0.08885061 0.2662191 0.931411 -0.2481952 -0.1140516 0.9933094 0.01812613 -0.04604017 0.943239 -0.3289081 -0.1141968 0.9932935 0.01808369 -0.1623377 0.9597622 -0.2291353 -0.2335746 0.9559866 -0.1775744 -0.2473847 0.9682326 0.03642076 -0.2335348 0.9559971 -0.1775701 0.03305774 0.9994342 0.006199479 -0.140529 0.9215563 0.3619196 -0.09860134 0.4606252 0.882101 -0.06931793 0.7107131 0.7000585 -0.1072212 0.8072474 0.5803925 -0.2328783 0.9250812 0.2999876 -0.3393633 -0.6148793 0.7118679 -0.1295433 -0.990919 0.03603065 -0.1371528 -0.9691987 0.2045557 -0.2935361 -0.8426258 0.4514625 -0.2288964 -0.8165903 0.5298933 -0.1332362 -0.9302853 0.3417856 -0.2475697 -0.7391725 0.6263651 -0.2935701 -0.8426084 0.4514729 -0.3144701 -0.8820389 0.350879 -0.4402884 -0.7973385 0.4127925 0.1105821 -0.9938309 0.00848633 -0.2180788 -0.9759305 -0.00117284 -0.1863418 -0.982461 -0.006880402 -0.04881298 -0.9988049 0.002518951 0.06781005 -0.9924349 0.1023469 0.1084405 -0.9940854 0.005912721 0.2290309 -0.9733058 0.01486366 0.4276075 -0.8961949 0.1182656 0.1107757 -0.9938091 0.008499801 0.5761255 -0.8125599 0.08846491 0.6744901 -0.7381078 0.01612555 0.307676 -0.9502857 0.04788154 -0.1329481 -0.9727683 0.1898599 0.2185952 -0.939319 0.2643786 0.1405145 -0.989723 0.02653396 0.3130485 -0.9496814 0.01030319 0.3130251 -0.9496891 0.01029372 0.2290846 -0.9732931 0.01485788 0.2844425 -0.9586932 0 -0.2004004 -0.9796869 -0.007311105 -0.1908962 -0.9815297 0.01257514 -0.3569791 -0.934029 0.01248615 -0.3569482 -0.9340406 0.01250261 -0.2046227 -0.978815 -0.007116198 0.01079553 -0.9999004 -0.009093284 0.09870755 -0.9951056 -0.004644095 0.3066885 -0.9516319 -0.01841503 0.5773656 -0.8164674 0.005484938 0.8196262 -0.5728477 -0.007656395 0.9556375 -0.2945123 0.004430294 0.996451 -0.08333694 -0.01185369 0.9791377 0.203072 -0.007166862 0.9775846 0.2102536 -0.01104557 0.9791082 0.2032142 -0.007157683 0.9775431 0.2104465 -0.01104313 0.9272114 0.3745264 -0.002996206 0.9666698 0.2180425 0.1341905 0.9826239 0.1854766 0.006984949 0.9816282 0.1905834 -0.009168744 0.9826567 0.1853032 0.006974518 0.994934 -0.09846305 0.02028465 0.981629 0.1905775 -0.00920248 0.9949249 -0.09855335 0.02029699 0.9895344 -0.1434073 -0.01599967 0.9675088 -0.2511089 0.02951776 0.961328 -0.2613321 0.08691358 0.8712823 -0.4898344 0.03048795 0.7570242 -0.624009 0.1937198 0.9407018 -0.3374207 0.03503578 0.9923958 0.1219179 0.01693201 0.9082609 0.2616676 0.3264847 0.9096183 0.2076135 0.3598491 0.9095658 0.2075793 0.3600013 0.8468141 0.1923948 0.4958733 0.894026 0.1160767 0.4327168 0.9673904 0.1515322 0.2029629 0.8940577 0.116039 0.4326612 0.962281 2.54591e-4 0.2720578 0.802827 -0.08354347 0.5903299 0.9623184 2.033e-4 0.271925 0.9209003 -0.08625084 0.3801361 0.9620715 -0.1411537 0.2334398 0.8967759 -0.1807418 0.4038879 0.920867 -0.08627867 0.3802106 0.8988069 -0.2503233 0.3598393 0.9379519 -0.2946369 0.1828531 0.8450938 -0.1793267 0.5036452 0.9213198 -0.2569615 0.2917888 0.9924002 0.1218847 0.0169121 0.9415092 0.1671673 0.2926014 0.966679 0.2559798 -0.002471148 0.01203197 0.9999173 0.004540085 0.04780352 0.9986939 0.01803636 0.205793 0.9785927 0.002376616 0.2746763 0.9471935 0.1654618 0.04784595 0.9986916 0.01805663 0.4634482 0.886036 0.01249337 0.6898152 0.7062195 0.1594022 0.6923955 0.6645776 0.2809363 0.4636137 0.8859493 0.01250398 0.8954606 0.4451017 0.005915045 0.7388194 0.6738812 -0.005469501 0.8955477 0.4449265 0.005895316 0.9905256 0.1372908 0.00321561 0.9999554 -0.00936836 0.001242458 0.9785717 -0.205895 -0.002199172 0.9764232 -0.2157854 0.005867719 0.9785301 -0.2060984 -0.0015015 0.9763834 -0.2159655 0.005862236 0.926054 -0.3773254 -0.007040381 0.9629229 -0.2697762 6.11475e-4 0.9909167 -0.1344032 -0.004467308 0.9971753 0.07332199 0.0162875 0.9287042 0.3707681 0.006292283 0.9666436 0.2561249 -5.11818e-4 0.867955 0.4663601 0.1707703 0.934007 0.3038102 0.1879636 0.9082239 0.2616735 0.3265826 0.9339804 0.3037716 0.1881584 0.8988196 -0.2504098 0.3597473 0.8321766 -0.4091752 0.3742429 0.9212973 -0.257022 0.2918068 0.3906226 -0.8492161 0.3553115 -0.02624034 -0.9165116 0.3991466 -0.3739061 -0.7683936 0.5193896 -0.4403024 -0.7973192 0.4128145 -0.5401071 -0.757762 0.3661709 -0.5879364 -0.6666898 0.4580999 -0.6543248 -0.6513442 0.3842003 -0.5862964 -0.5831784 0.5622807 -0.587967 -0.6666097 0.4581773 -0.5611501 -0.6398434 0.5250819 -0.6543825 -0.6512734 0.384222 -0.5611759 -0.6398699 0.5250221 -0.51459 -0.6630648 0.543638 0.2092108 -0.02140271 0.9776363 0.1806374 -0.01826667 0.9833802 0.1575285 0.182344 0.9705336 0.01110547 0.8868518 0.4619205 0.0111109 0.8868551 0.4619143 0.2364234 0.2278082 0.9445674 0.1167612 0.001284658 0.9931592 -0.07109612 0.04660266 0.9963803 0.06729888 0.02923882 0.9973043 0.06743109 0.02922874 0.9972958 -0.948245 0.04829752 0.3138455 -0.9602772 0.2629528 0.09339964 -0.9781644 0.02257585 0.2066029 -0.6749147 0.7369229 -0.03787815 -0.9154819 0.3785083 -0.1364721 -0.9602549 0.2630693 0.09330129 -0.9849522 0.136062 0.1065666 -0.9918797 0.1246986 -0.02499932 -0.9916396 -0.1268892 0.02345544 -0.9781872 0.02254354 0.2064988 -0.9626246 -0.2569471 -0.08562815 -0.9821367 -0.01503974 -0.1875668 -0.9626083 -0.2569859 -0.08569514 -0.9285789 0.2044663 -0.3097336 -0.9614132 -0.03380268 -0.2730239 -0.3796225 -0.878178 -0.2910158 -0.4369631 -0.8977438 0.05585116 -0.9173482 -0.3627476 -0.1639713 -0.9173812 -0.3626983 -0.1638961 -0.8021366 -0.5969362 -0.01562649 -0.9558032 -0.2543488 0.1474683 0.9999644 0.005213379 0.006633579 1 0 0 0.9999772 0.002637386 0.00622344 0.9999284 -0.01196312 -1.82892e-4 0.9857072 0.07911545 0.1487352 0.9999776 0.002553164 0.006199538 0.9999412 0.005234897 0.00949639 0.9999772 0.002634048 0.006213486 0.9999405 0.005296528 0.00954169 0.9999642 0.005234479 0.006661713 0.9857112 0.07908999 0.148723 0.9999286 -0.01195269 -1.78111e-4 0.9996953 -0.0239011 -0.006183445 -0.06591182 -0.134454 -0.9887254 -0.2210152 -0.4734122 -0.8526625 -0.2581678 -0.4066447 -0.8763502 -0.0980764 -0.1230973 -0.9875364 -0.09809708 -0.1231455 -0.9875283 -0.4018189 -0.6351611 -0.6596302 -0.5285741 -0.514468 -0.6752275 -0.3482316 -0.3412861 -0.8730742 -0.1505182 -0.1037091 -0.9831525 -0.1505944 -0.1037915 -0.9831321 -0.5285839 -0.514413 -0.6752617 -0.5404586 -0.3421735 -0.7686494 -0.4230542 -0.2343489 -0.8752747 -0.1028798 -0.03905153 -0.993927 -0.4396258 -0.1117191 -0.891206 -0.1073258 -0.01207178 -0.9941507 -0.464821 -1.20349e-4 -0.8854047 -0.08588814 0.009655237 -0.9962581 0 0 -1 0 0 -1 0 0 -1 0 0 -1 -0.5456119 0.1505849 -0.8243979 -0.1032819 0.03924506 -0.9938777 0 0 -1 0 0 -1 -0.1432929 0.09757298 -0.9848587 0 0 -1 -0.06152552 0.09770768 -0.9933115 0 0 -1 -0.5136453 0.2654525 -0.8159066 -0.3509234 0.3520042 -0.8677245 -0.1168486 0.1644271 -0.9794439 -0.233128 0.3281124 -0.9154199 -0.450747 0.4978464 -0.7409293 -0.4110596 0.7498497 -0.5184164 -0.1168385 0.1644774 -0.9794366 -0.2987825 0.4091924 -0.862143 -0.1492384 0.2814682 -0.9478943 -0.06879156 0.1264041 -0.9895907 -0.06871491 0.1262593 -0.9896146 0 0 -1 -0.06871914 0.126257 -0.9896146 0 0.001965463 -0.9999982 0 0.001965463 -0.9999981 -4.36524e-4 -1.98129e-4 -0.9999999 -5.62623e-4 -2.41559e-4 -0.9999998 3.13739e-7 0.00208193 -0.9999979 -8.42101e-4 -3.54968e-4 -0.9999997 -5.64248e-4 -2.58927e-4 -0.9999998 -8.4946e-4 -4.09428e-4 -0.9999996 -0.001682579 -0.006730496 -0.999976 0 -0.001965463 -0.9999981 4.39024e-4 1.92526e-4 -0.9999999 5.60107e-4 2.41749e-4 -0.9999999 1.8673e-7 -0.002034068 -0.999998 8.402e-4 3.55182e-4 -0.9999996 5.65896e-4 2.74431e-4 -0.9999999 8.43235e-4 3.77713e-4 -0.9999997 0.001674711 0.006698966 -0.9999762 -0.003305494 -0.07376331 0.9972703 0.3707548 -0.1817947 0.9107643 0.07642894 -0.1758131 0.9814522 -0.006012678 -0.1462524 0.9892291 0.02119189 -0.05947959 0.9980046 -0.00338602 -0.07367169 0.9972769 0.02118891 -0.05943804 0.9980071 0.09777361 0.01162898 0.9951408 0.0174492 -0.09823846 0.99501 -0.0693652 -0.0196492 0.9973978 0.1002585 -0.02764004 0.9945775 0.09782481 0.01159155 0.9951362 0.0765146 0.05335319 0.99564 0.9999993 -2.71992e-4 0.0012362 0.9999474 0.01025462 -1.89668e-4 0.986633 0.06093621 -0.1511368 0.9597443 0.261473 -0.102581 0.7449763 0.6649594 0.05328607 0.7864422 0.6173731 0.01895684 0.7863395 0.617504 0.01895296 0.7187182 0.6790434 0.1494801 0.5528297 0.7909794 0.2621661 0.5947636 0.8038054 0.01237726 0.9957643 0.09194177 -4.7022e-4 0.9995362 -0.02870631 0.01017773 0.995779 0.09178227 -4.63999e-4 0.9597516 0.2613772 -0.1027571 0.9258927 0.2741068 -0.2599776 0.8643357 0.4658903 -0.1893942 0.665654 -0.7462524 0.003494739 0.8198011 -0.5725476 0.01074212 0.2611532 -0.9652945 0.002359032 5.39897e-5 -0.999957 0.009278237 0.01917612 -0.9998139 0.00216341 0.2571496 -0.9663523 -0.006122887 -0.9998682 -0.003429055 0.01587337 -0.9999297 0.01049274 -0.005527675 -0.999777 -0.0181086 -0.01086407 -0.9994295 -0.01048237 0.03211033 -0.9982135 -0.03521072 0.04827165 -0.9496743 0.0404396 -0.3106178 0 0 -1 0 0 -1 0 0 -1 0.9708838 -0.1353009 0.1976828 0.8733704 -0.1755545 0.4543179 0.9749834 -0.2032682 0.08994156 0.9722543 -0.2339263 -2.40024e-4 0.9772038 -0.2121665 0.007625997 0.9819811 -0.1882212 0.01690739 0.986475 -0.1638716 0.003631174 0.9994962 -0.02989965 -0.01064395 0.9076992 -0.1864144 0.3759415 0.8353038 0.08672153 0.5429061 0.9480509 0.008093297 0.3180159 0.9819645 0.1452589 0.121019 0.9307888 0.1892941 0.31273 0.9819855 0.1452338 0.1208788 0.975231 0.2133001 -0.05854582 0.9804934 0.168618 0.1009989 0.9751778 0.2135174 -0.05864167 0.9810633 0.1843763 -0.05933123 0.9864434 0.119184 -0.1128035 0.8046215 0.05838102 0.5909112 0.9686105 0.1505189 0.1978329 0.9918521 0.06754231 0.1080163 0.9857866 0.1173369 0.120237 0.9918577 0.06754851 0.1079618 0.985493 0.003513336 0.1696801 0.9026582 0.1048733 0.4173846 0.7384876 -0.143389 0.6588442 0.9708469 -0.1353175 0.1978521 0.8118833 -0.06352633 0.5803533 0.900874 -0.07931435 0.4267732 0.7213414 -0.06202882 0.6897964 0.9854651 0.003513038 0.1698417 0.8353134 0.08659476 0.5429115 0.1709204 -0.9780107 0.1195051 -0.2353315 -0.9703762 -0.05467271 -0.2256424 -0.9557026 0.1889921 0.6605084 -0.750179 -0.03098869 0.5884857 -0.8073473 0.04330021 0.2033565 -0.9790919 0.005032718 0.5883842 -0.8074141 0.04343563 0.1008946 -0.9940192 0.04178744 0.06600421 0.06363892 0.995788 0.3965966 0.4868655 0.7782502 0.3899734 0.4397917 0.8090143 0.5427846 0.5856088 0.602036 0.5428967 0.7485418 0.3807209 0.6331333 0.7543174 0.173631 0.4591203 0.8451082 0.2738625 0.1636624 0.9845305 0.06256532 0.5493217 0.8291109 0.1040244 0.5890251 0.7916467 0.162312 0.6835262 0.7297336 0.01675945 0.6331641 0.7543297 0.1734655 0.5179786 0.855357 0.007921516 0.4854413 0.8667151 0.1146808 0.3304625 0.9437346 0.01263874 0.2432973 0.9608594 0.1324983 0.129805 0.9915299 0.004384577 0.07061088 0.975418 0.2087438 -0.07866066 0.9967365 0.01813745 -0.1120942 0.9833047 0.1433417 -0.2826421 0.9590666 0.01745647 -0.3494225 0.9368403 0.01530492 -0.476193 0.8791503 0.01830637 -0.5352344 0.8445184 0.01769316 -0.646297 0.7629327 0.01529437 -0.6983425 0.7155984 0.01538902 -0.7908676 0.6116812 0.01935571 -0.8311216 0.555731 0.02000337 -0.8998858 0.4357518 0.01805567 -0.9282665 0.3715637 0.01618051 -0.9707471 0.2394725 0.01740384 -0.9848188 0.1731954 0.01163607 -0.9993323 0.03605145 0.005940794 -0.9993775 -0.03477793 0.005940198 -0.9848358 -0.1730983 0.01163595 -0.9704144 -0.2407225 0.01866847 -0.9281138 -0.3717517 0.02014219 -0.8997783 -0.4359096 0.01954066 -0.8307498 -0.5563905 0.01687109 -0.7899119 -0.612986 0.01695793 -0.6971281 -0.7166927 0.01908189 -0.6456331 -0.7634289 0.01828789 -0.5348804 -0.8447975 0.01483905 -0.4757607 -0.879497 0.01169669 -0.3497436 -0.9367569 0.0128861 -0.2617402 -0.9554345 0.1365174 -0.1470139 -0.9890124 0.01554018 -0.08858436 -0.9731469 0.2124569 0.06040507 -0.9980685 0.0145092 0.09263449 -0.9861633 0.1374805 0.2643901 -0.9642725 0.01662486 0.3311583 -0.9434641 0.01448297 0.4583653 -0.8886808 0.01215052 0.5190065 -0.854671 0.01303505 0.632604 -0.77429 0.01694953 0.5190166 -0.8546648 0.01303672 0.6326259 -0.7742721 0.01694828 0.6855035 -0.7278062 0.01957243 0.1692932 0.985538 0.007392227 -0.001638054 0.999989 0.004384636 -0.0295608 0.9964181 0.07922798 0.005890011 -0.08878141 0.9960337 -0.007717251 -0.1359151 0.9906905 -0.01339155 -0.1132034 0.9934816 0.03637105 -0.01457506 0.9992321 0.2294095 0.002239465 0.9733275 0.03411865 -0.00355184 0.9994115 -0.01005131 0.008535504 0.9999132 0.03411543 -0.003550171 0.9994116 -0.01007264 0.008542358 0.9999128 0.09162366 0.01373112 0.9956991 0.3370276 0.03543382 0.9408277 0.05477428 0.02639025 0.99815 0.1069779 -0.03917187 0.9934895 0.08407562 0.006623983 0.9964374 0.1418331 -0.03899765 0.9891222 0.2955625 -0.01282429 0.9552374 0.0108667 0.1160454 0.9931845 0.1271339 0.0076949 0.9918558 0.02605158 0.001038014 0.9996601 0.5776269 0.007218599 0.816269 0.3934286 -0.00306195 0.9193501 -0.07637709 0.1049786 0.9915373 -0.001066386 0.1277411 0.991807 0.09576493 -0.121979 0.987902 0.1421684 -0.1731013 0.9745892 0.1367188 9.51734e-4 0.9906095 0.2525316 0.0740751 0.964749 0.7778384 0.04168087 0.6270807 0.9612193 -0.01255971 0.2754995 0.7778685 0.04165351 0.6270453 0.6044759 0.06198614 0.7942082 0.3807006 0.1108233 0.9180335 0.9175107 -0.05205065 0.3942905 0.7778855 0.04161548 0.6270266 0.9431565 -0.2182865 0.2506126 0.9549759 -0.04372113 0.2934447 0.9431694 -0.2184243 0.2504443 0.9612658 -0.0126208 0.2753344 0.9528655 -0.1812657 0.2432903 -0.07100945 0.00104165 0.9974752 -0.01846426 0.0245946 0.999527 -0.009518802 -7.69293e-4 0.9999544 -0.09301078 0.01502162 0.9955518 0.0238316 0.1060339 0.9940769 0.02566784 0.00685352 0.999647 -0.006452381 -0.09445858 0.995508 0.001737058 -0.01885676 0.9998207 -0.01298385 0.01366937 0.9998223 0.01213991 0.001498997 0.9999252 -0.00378257 0.007338047 0.999966 -0.002321183 0.009519875 0.999952 -0.003590524 1.2013e-4 0.9999936 0.007038474 0.02445727 0.9996761 0.009322941 -0.06662487 0.9977346 -0.006444752 -0.09445726 0.995508 0.005020737 -0.1232939 0.9923576 0.01013392 -0.00605905 0.9999304 -3.0816e-4 -0.003670811 0.9999932 -0.01071691 -0.001246869 0.9999419 -0.1283455 -0.05196547 0.9903671 -0.08696997 -0.2845521 0.9547075 0.2037819 0.08860313 0.9749988 -0.08637195 0.09169912 0.9920339 -0.09769785 0.112887 0.9887931 -0.1623667 0.1822905 0.969746 0.07758259 0.2297365 0.9701558 0.006403982 -0.9999296 -0.009994804 0.1997922 -0.9798184 -0.006259322 -0.07868719 -0.9968896 0.004414916 -0.2821111 -0.9593207 -0.01082468 -0.5764545 -0.8170905 0.007973492 -0.7208507 -0.69309 8.42519e-4 0.2082859 -0.9780374 -0.007735967 0.2995523 -0.9539915 0.01299297 0.07061511 -0.9974854 0.006037294 -0.2395852 -0.9705066 0.02675998 0.07043409 -0.997498 0.006068289 -0.2396762 -0.9704838 0.02676677 -0.4129381 -0.9105404 0.01996159 -0.004767596 -0.9999497 -0.008835554 -0.06592422 -0.9960542 0.05941385 -0.08547246 -0.9664159 -0.2423525 -0.04731273 -0.9423303 -0.3313236 -0.04722183 -0.9423838 -0.3311842 -0.1115766 -0.9933106 0.02974516 -0.2619526 -0.8974387 0.3549435 -0.2080362 -0.977109 0.04448568 0.03359192 -0.984574 0.1717138 0.03368556 -0.9845851 0.1716321 -0.05584251 -0.9972358 -0.04901564 0.07230257 0.9819937 -0.1745296 0.07761788 0.9969602 0.006774842 0.1583573 0.9824303 0.09876114 0.008592069 0.9069678 0.4211122 -0.01114386 0.9996833 -0.02256536 -0.06462299 0.9523895 0.2979567 -0.1834341 0.9478093 0.260786 -0.06463617 0.9524018 0.2979145 -0.09319573 0.9936828 -0.06252419 -0.225418 0.9731591 -0.04634857 0.07221794 0.9819867 -0.1746043 -0.2694627 0.8948281 -0.355911 -0.1171879 0.8868856 -0.4468791 0.07230895 0.9819782 -0.1746144 0.01821416 0.7033011 -0.7106587 0.06739002 0.1430565 0.9874176 0.1143524 0.2040049 0.9722682 0.1951668 0.07494837 0.9779022 -0.1117225 0.2125419 0.9707441 -0.1975766 -0.0883758 0.9762957 0.1950573 0.07486283 0.9779306 0.1133518 -0.2408741 0.9639145 0.195144 0.07485771 0.9779137 0.2727388 -0.05815798 0.9603287 0.06711667 -0.03955608 0.9969608 -0.9999958 -3.65637e-6 -0.002917647 -0.9868013 -0.08860266 0.1355466 -0.9826974 0.1120133 0.1475094 -0.9699609 -0.2421036 0.02370023 -0.9571701 -0.275836 0.08797699 -0.9498275 0.3126471 0.008927762 -0.9970611 0.07661086 0 -0.988655 -0.1502047 0 -0.9886525 -0.1502208 1.50036e-6 -0.9571682 -0.2758855 0.08784288 -0.9287123 -0.3648111 0.06638044 -0.8850747 -0.4629232 -0.04842466 -0.8278907 -0.5608882 0.001283288 -0.8278449 -0.5609562 0.001102328 -0.8275066 -0.4423315 -0.3457972 -0.6594362 -0.6150679 -0.4322447 -0.8278288 -0.5609796 0.001241028 -0.7317552 -0.6653228 -0.147919 -0.6801507 -0.7321207 -0.03734248 -0.680071 -0.7321875 -0.03748393 -0.6593844 -0.615131 -0.4322339 -0.5528858 -0.7845489 -0.2807139 -0.6800627 -0.7322034 -0.03732246 -0.5593087 -0.8213887 -0.111779 -0.4924952 -0.8690951 -0.04606676 -0.4923912 -0.8691488 -0.04616737 -0.5528053 -0.7846093 -0.2807037 -0.42412 -0.9006505 -0.09460926 -0.4231608 -0.9047713 -0.0482065 -0.1058637 -0.9938382 -0.03284078 0.0434522 -0.9990491 0.003612816 -0.3887253 -0.9211322 0.02020579 -0.7150007 -0.6985709 -0.02779692 -0.9025798 -0.430419 0.009451627 -0.9716091 -0.236592 -2.90837e-4 -0.9995446 -0.02812904 -0.01092463 -0.9026473 -0.4302766 0.009486556 -0.957547 0.2875799 0.02004349 -0.9873681 0.1576913 0.01541829 -0.9575041 0.2877219 0.02005326 -0.7956052 0.6054234 -0.02179604 -0.7110271 0.7029656 -0.01673001 -0.7954938 0.6055693 -0.02180838 -0.5284019 0.8483978 0.03182107 -0.1534909 0.9876745 0.03065407 0.7735351 0.6336806 -0.009622275 0.8849531 0.4656774 0.001584768 0.9840769 0.1767659 -0.01861613 0.9840501 -0.1769122 0.0186454 0.8848525 -0.4658687 -0.001581311 0.6422903 -0.7662783 0.01675695 0.3664725 -0.9302401 -0.01874595 0.1289389 -0.9916286 0.006895661 0.01897418 -0.9998094 0.004600644 0.3324875 -0.9427484 -0.0260291 0.005597472 0.01317155 0.9998976 0.00501573 0.008575439 0.9999507 0.003414928 0.005840361 0.9999771 0.03100031 0.02268731 0.9992619 0.04766654 0.02471202 0.9985576 0.0633372 8.78499e-4 0.9979919 0.006504118 -0.01380878 0.9998835 0.007098793 -0.01506519 0.9998614 0.007448375 -0.01791965 0.9998117 0.007535994 -0.01785117 0.9998123 0.007186174 -0.01525014 0.999858 0.02871423 -0.02482157 0.9992794 0.04163235 -0.02370023 0.998852 0.05159461 0.002094149 0.998666 0.7005965 -0.7103188 0.06791055 0.9604086 -0.2781713 0.01536303 0.9890944 -0.1410348 0.04244357 0.9705745 -0.2399964 0.01967257 0.9886466 -0.15026 -1.03116e-5 0.9996284 -0.02401262 0.01290249 0.6682191 0.7429567 0.03871208 0.7511308 0.6598518 -0.01995438 0.9020787 0.4301231 -0.03532952 0.9840789 0.1775403 -0.008259415 0.9855979 -0.1638562 0.04180788 0.9886734 -0.1500834 -4.33403e-6 0.8265916 0.5622304 0.02536809 0.7187469 0.6790199 0.1494492 0.5242561 0.7241427 0.448077 0.9767721 -0.03096145 -0.2120327 0.9999597 7.92009e-5 0.00898385 0.7271174 0.6853191 0.0404731 0.8487756 0.5267242 0.0462768 0.8921777 0.4515973 -0.008890092 0.9556441 0.2944307 -0.007420539 0.8488754 0.5265646 0.04626536 0.9876632 0.1564248 -0.00726813 0.9987915 -0.02965682 0.03919428 0.2992281 0.9538366 0.02565979 0.2845337 0.9547953 0.08606141 0.4906536 0.8687114 0.06782108 0.7668299 0.6397518 0.05186182 0.7270471 0.6853913 0.04051464 0.9997841 1.05791e-4 -0.02077811 0.987694 0.1562283 -0.007304131 0.9403516 0.3401865 0.003489077 -0.03006255 0.06797796 0.9972338 -0.2328599 0.09898483 0.9674597 0.07009065 0.1103424 0.9914192 0.2397059 -0.2412774 0.9403863 -0.07949888 -0.2229788 0.9715763 -0.1594386 -0.05280148 0.9857948 -0.2330036 0.09889161 0.9674347 -0.1193467 -0.03788161 0.9921297 0.582022 -0.8131307 -0.008306026 0.8969851 -0.4420536 0.002509176 0.7587568 -0.6513402 0.006646811 0.8970826 -0.4418557 0.002535879 0.975775 -0.2184566 -0.01183515 0.9999262 0.01201975 -0.00179696 -0.2661111 -0.9639204 0.006523787 0.1688972 -0.9855533 -0.01259213 -0.05956763 -0.9981812 0.009271264 0.169076 -0.9855229 -0.01257741 0.3958328 -0.9181191 -0.01933681 0.5818666 -0.8132423 -0.008280575 -0.7069876 -0.7072256 -7.79223e-4 -0.7069393 -0.7072739 -7.56822e-4 -0.5071383 0.8618591 0.003142833 -0.8715759 0.4901677 0.009548366 -0.7189955 0.6947156 0.02039474 -0.8716713 0.4899972 0.009585022 -0.9721113 0.2341092 -0.0138778 -0.9989335 -0.04606038 -0.003231704 -5.09675e-5 -0.9690064 -0.2470357 0 -0.7206947 -0.6932527 0 -0.8695993 -0.4937581 0 -0.720692 -0.6932554 0.9994453 0.0332942 8.07807e-4 0.8381184 -0.5454842 -0.002140939 0.9580326 -0.2862927 -0.0144962 0.8380212 -0.5456333 -0.002183139 0.6726706 -0.7398887 0.008889675 0.4173327 -0.9087337 -0.006044983 0.9998006 -0.01956897 0.003979623 0.9998101 -0.01908665 0.003930509 0.9763514 -0.2159357 0.01047629 0.9998108 -0.01905202 0.003926932 -0.2410458 0.9702003 -0.02466714 -0.4227036 0.9060874 0.01809382 -0.4227024 0.9060879 0.01809841 -0.4228746 0.9060069 0.01813387 -0.6535409 0.7568845 0.003210663 -0.8150201 0.5791649 0.017614 0.271385 -0.962467 0.002766489 0.2393608 -0.9709095 -0.006424844 0.2393611 -0.9709094 -0.006425678 0.2393097 -0.9709219 -0.006443381 0.2393087 -0.9709223 -0.006439447 0.2069981 -0.9782168 -0.01561111 0.9742452 -0.2237879 0.02766299 0.931524 -0.3636375 -0.005546808 0.9314823 -0.363744 -0.005565762 0.8678451 -0.4953307 -0.03863394 -0.8599147 -0.5103923 0.006833314 -0.9782103 -0.2074803 -0.007513761 -0.9065649 -0.4220272 0.005758643 -0.9693065 -0.2458305 0.003513693 0.7497324 0.6615302 -0.01670837 0.699151 0.7149718 0.001770615 0.6991528 0.7149701 0.001781463 0.6991318 0.7149908 0.001780807 0.6991304 0.714992 0.001773178 0.6444916 0.7643425 0.02027684 -0.2001054 0.3740177 -0.9055764 -0.2118979 0.7155417 -0.6656571 0.02633869 0.5486438 -0.8356413 0.01363885 0.7125881 -0.7014501 -0.2248456 0.8566958 -0.4642377 0.06498825 0.9824936 -0.1745936 0.06046551 -0.2516922 0.9659166 0.08736187 -0.05762183 0.9945088 0.07374012 -0.1910145 0.9788135 0.09872603 -0.07014638 0.9926393 0.2186202 -0.9755831 0.02104699 0.1870184 -0.9822664 0.01329576 0.1870199 -0.9822663 0.01329571 0.1551265 -0.987879 0.005545139 0.1291284 0.9044623 -0.4065391 0.01346004 0.9656014 -0.2596782 0.04571431 0.9965452 -0.06933885 5.80929e-4 0.9942105 0.1074491 0.01976543 -0.9942659 0.1050949 0.07245856 -0.6774693 0.7319735 0.03047609 -0.9499304 0.3109719 0.07241123 -0.6773374 0.7321002 0.077699 -0.4872076 0.8698229 0.07372313 -0.1911795 0.9787826 0.5714932 0.7263669 0.3818203 0.3498173 0.8651761 0.3593026 0.2596848 0.9481672 0.1831469 0.1741983 0.973738 0.1465923 0.1928924 0.9799051 0.05078011 6.51896e-4 0.9941933 0.1076073 0.9984654 0.05533814 -0.002112805 0.999611 0.0278722 9.47131e-4 0.9606607 0.2777236 8.91576e-4 0.9996111 0.02786976 9.48158e-4 0.9996111 0.02786982 9.49256e-4 0.9424338 0.3341804 0.01191371 0.2871038 -0.5881755 0.7560563 0.3776761 -0.4537988 0.8071106 0.3273871 -0.4816668 0.8129052 0.1707385 -0.2518263 0.9525922 -0.2425353 0.9701426 0 -0.1732504 0.9815 0.08149921 -0.228551 0.9671535 -0.1112592 -0.07222157 0.9965029 -0.04202705 0 1 0 -0.07575869 -0.9875824 0.1376289 -0.224128 -0.96414 0.1421297 -0.1719704 -0.9848203 -0.02356404 -0.2425359 -0.9701424 0 0.5892735 -0.2551594 0.7665836 0.6460335 -0.07663297 0.7594527 0.5314823 -0.1418936 0.8351005 0.3235337 -0.08929049 0.9419943 0.3400481 -0.0403456 0.9395422 0.4519274 0.0598644 0.8900439 0.002943336 0.9998247 -0.01849299 0.007343769 0.9996257 -0.02635556 0.007343053 0.9996257 -0.02635592 0.007340848 0.9996258 -0.0263524 0.007341623 0.9996258 -0.02635198 0.01176619 0.999344 -0.03425347 -0.1445977 0.07529264 0.9866219 0.01190286 0.1520115 0.9883071 -0.08412897 0.007327854 0.996428 -0.1275857 0.06199502 0.9898881 0.5906891 -0.8061594 0.03454583 0.5929287 -0.8043189 0.0388177 0.6023341 -0.7970845 0.04301458 0.5949398 -0.8026348 0.04270905 0.165143 -0.01058566 0.9862129 0.1297365 -0.005305469 0.9915344 0.1297365 -0.005305349 0.9915344 0.1297206 -0.005299031 0.9915364 0.12972 -0.005303621 0.9915365 0.09404933 0 0.9955676 -0.6510615 0.1099146 0.7510246 -0.3057793 0.04143345 0.9512005 -0.6515738 0.257614 0.7135031 -0.8559122 0.1132054 0.504578 -0.9366656 0.07668924 0.3417255 -0.9728339 0.1049199 0.2063637 -0.7420135 -0.6703562 0.006219208 -0.9237708 -0.3769704 0.06738716 -0.8329728 -0.5511384 -0.04901987 -0.8329792 -0.5511178 -0.04914408 -0.9853858 -0.1626362 -0.05063897 -0.9756731 -0.003387987 -0.2192044 0.00460118 -0.9992903 0.03738909 4.25645e-4 -0.999994 0.003460764 4.33534e-4 -0.9999938 0.003507196 -0.003744304 -0.99953 -0.03042662 -0.004530549 0.9999889 0.001313388 -0.002550303 0.999882 -0.01515465 -0.002554416 0.9998825 -0.01512289 -5.58838e-4 0.9995039 -0.0314936 0 -1 0 0.2425305 -0.9701438 0 0.1729702 -0.9817696 0.0788021 0.2281082 -0.9668915 -0.1144012 0.07178241 -0.9964241 -0.0445677 -0.3755331 0.924887 -0.05965757 -0.0961973 0.9950905 -0.02326089 -0.247956 0.9627923 -0.1074656 -0.2478809 0.9628009 -0.1075619 0.1289973 0.9891533 0.07025283 0.490598 0.8687475 0.06775927 -0.4280324 0.9037629 -0.001020669 -0.8431149 0.5376911 0.006762087 -0.6994624 0.7145683 0.01202756 -0.8431997 0.5375577 0.006786406 -0.9496158 0.3134164 -3.79895e-4 -0.9942011 0.1072182 0.008269906 -0.2671819 -0.8539851 0.4464563 -0.4494273 -0.8845164 0.1250846 -0.4494199 -0.8845205 0.125082 -0.44949 -0.8845096 0.124907 -0.6589852 -0.7496544 0.06129306 -0.7833641 -0.6038687 -0.1472523 0.9609711 -0.06812685 0.2681289 0.7925347 -0.003674089 0.6098158 0.7715184 -0.0167613 0.6359863 0.4888277 -0.003545224 0.8723732 0.9929195 0.09030067 -0.07717943 0.9528638 -0.1812614 0.2433001 0.9929199 0.0903021 -0.0771737 0.9439712 0.1140959 0.3096784 0.9439144 0.1141057 0.3098477 0.7910646 0.007476747 0.6116869 0.5676524 0.005048513 0.823253 -0.1824046 0.9832014 -0.00660938 -0.4279121 0.9038199 -0.001052737 -0.244938 0.9695137 0.006970643 -0.5439388 0.8391228 0.001902103 0.7104571 0.7037209 0.005270302 0.7195779 0.6944098 0.0016824 0.7195852 0.6944021 0.001679658 0.7285337 0.6850075 -0.001892209 0.980914 -0.1939562 0.01374405 0.9707636 -0.2400035 0.00404036 0.97076 -0.2400181 0.004039585 0.9583727 -0.2854633 -0.005698561 0.2231516 -0.9747829 -0.001325666 0.234816 -0.9720387 0.001536905 0.2348164 -0.9720386 0.001535356 0.2347933 -0.9720441 0.001529693 0.2347931 -0.9720442 0.001530408 0.2464732 -0.9691397 0.004377961 -0.9364377 0.3508111 -0.003991663 -0.9963605 0.08523964 1.93223e-4 -0.9564097 0.291912 0.008251965 -0.9984344 -0.0558843 0.002381384 -0.2186704 0.9757117 -0.01303488 -0.2490282 0.9684824 -0.005171895 -0.2490312 0.9684817 -0.005171656 -0.2790725 0.9602664 0.002683401 0.7180099 0.6947157 0.04280114 0.8144229 0.580204 0.008871555 0.8144215 0.5802063 0.008859992 0.8145216 0.5800662 0.008825302 0.9340522 0.3569303 0.01213693 0.9876582 0.1565527 -0.004764139 0.4853504 0.8742333 0.01229923 0.5522716 0.8336247 -0.008129596 0.5522626 0.8336307 -0.008128166 0.6155962 0.7875454 -0.02852284 -0.5028235 -0.864376 -0.004786908 -0.8566912 -0.5158296 -2.7803e-4 -0.7014681 -0.7125253 -0.01581853 -0.8567878 -0.5156691 -2.99301e-4 -0.9611101 -0.2755604 0.01827311 -0.9997236 -0.02195686 0.00841552 0.5205882 -0.853805 -0.002276539 0.8721422 -0.4892262 -0.005088269 0.7195792 -0.6943423 0.009727478 0.8722406 -0.4890509 -0.005064845 0.9640539 -0.2651711 -0.01686364 0.9997832 -0.02061164 -0.002933025 -0.4771901 0.878784 0.005330085 -0.8604289 0.5094869 0.009235382 -0.6967471 0.7169663 0.02242404 -0.8605359 0.5093054 0.009274363 -0.9667922 0.2554904 -0.006125152 -0.9997274 -0.0217781 0.008427977 0.8378397 0.2534447 0.483519 0.968268 0.01726382 0.2493174 0.9682712 0.01727545 0.2493039 0.9683004 0.01712125 0.2492014 0.9112392 -0.211039 0.353703 0.8628475 -0.439185 0.2502218 0.4956093 0.8685022 0.008690237 0.8731305 0.4874628 0.004821598 0.7144699 0.6996273 -0.007366299 0.873216 0.4873101 0.004777133 0.9683349 0.24922 0.01473063 0.9997868 -0.02043414 -0.002977311 -0.8898141 0.4563197 0.001832962 -0.5111521 0.8594687 0.006093323 -0.6116595 0.7911183 -0.002196013 -0.4321195 0.9017903 0.006849825 -0.511037 0.8595373 0.006093859 -0.2262174 0.9740601 -0.005728065 -0.4321264 0.9017869 0.006874263 -0.2262441 0.9740539 -0.005726516 -0.2751824 0.9613572 0.008188903 -0.0535295 -0.9835952 -0.1722645 0.1579951 -0.9872969 -0.01680314 0.1774481 -0.9781967 0.107905 0.2851213 -0.9269895 0.2437136 0.177462 -0.9781861 0.1079783 0.03874593 -0.9838055 0.175002 -0.02375489 -0.9992412 0.0308693 -0.09051895 -0.9861861 0.1387206 0.1013295 -0.9931926 0.05745464 0.08679759 -0.9955337 0.03713399 0.1746958 -0.9845137 -0.01463806 0.05847841 -0.9982846 -0.002835988 0.9962821 -0.084809 0.01515614 0.9406782 -0.3392944 0.002000808 0.8636748 -0.5037964 -0.01596748 0.8635862 -0.503949 -0.01595354 0.7114576 -0.7026829 0.008058547 0.4755875 -0.8795604 0.01378804 -0.2397565 -0.9704632 0.02679771 -0.766861 -0.6414307 0.02215671 -0.7121151 -0.7019225 0.01403295 -0.8165538 -0.5768055 0.02313953 -0.766967 -0.6413057 0.02210772 -0.9156268 -0.4019809 0.006235659 -0.8954805 -0.4444229 0.02455872 -0.3564506 0.933409 -0.04111784 -0.2582708 0.8997682 -0.3517292 -0.648123 0.7282388 -0.2227217 -0.6481847 0.7281665 -0.2227783 -0.2249531 0.8566691 -0.4642351 -0.6446564 0.4490367 -0.6186956 0.1090363 0.6048793 -0.7888169 0.04818749 0.8122426 -0.5813261 0.04818868 0.8122286 -0.5813456 -0.01719981 0.9466821 -0.3217101 -0.9999079 0.003265082 0.01317769 -0.9997806 0.005036294 0.02033418 -0.9998353 -0.003204584 0.01787161 -0.9991468 -0.008515 0.04041314 -0.9987642 -0.01615089 0.04700291 -0.9999542 -0.00348103 0.008915245 0.3603225 0.413775 0.836037 0.5542658 0.7489068 0.3632189 0.2831744 0.3272368 0.9015145 0.6988247 0.601096 0.3877213 0.08562982 -0.9942793 -0.06384474 0.01987153 -0.9853826 -0.1691926 0.2582084 -0.9362635 -0.2381999 0.1259922 -0.9916421 -0.02778571 0.2583061 -0.9362607 -0.2381051 0.0923649 -0.9877495 0.1257764 -0.3407038 -0.9394071 0.03788369 -0.2619998 -0.8974249 0.3549433 -0.6461404 -0.7294578 0.2244859 -0.646197 -0.7293827 0.224567 -0.2289226 -0.8545862 0.4661298 -0.6445285 -0.4497204 0.6183322 -0.6103464 0.05307644 0.7903546 -0.3366333 0.04586571 0.9405182 -0.4549005 0.005552232 0.8905251 -0.4547553 0.00558263 0.890599 -0.2703452 0.208801 0.9398487 -0.0426566 -0.03273266 0.9985535 0.158332 0.9824198 0.09890556 0.1972731 0.9709351 0.1355301 0.3090035 0.9334837 0.1820026 0.3091493 0.9334557 0.1818994 0.1973844 0.970925 0.1354398 0.4390645 0.8956391 0.07108378 -0.07594722 0.9806254 -0.180571 0.1693571 0.9827122 -0.07480013 0.1219354 0.9912768 -0.0500214 0.2201451 0.9753077 0.01764404 0.02985948 0.9995529 -0.001602172 -0.9960219 -0.0111621 0.08840763 -0.9993758 -0.01642954 -0.03127533 -0.9992305 -0.01226687 -0.03725761 -0.9986379 -0.005430519 -0.0518943 -0.998779 -0.003969073 -0.04924184 0.6626288 -0.5323973 0.5267602 0.2695996 -0.3132352 0.9106041 0.5939688 -0.715363 0.3680449 0.3510096 -0.4054177 0.8440549 -0.05469697 0.2690075 -0.9615837 -0.02509713 -0.2869712 -0.9576105 -0.02425879 -0.02535253 -0.9993843 -0.02434462 -0.02541893 -0.9993805 -0.02514022 -0.2869553 -0.9576141 -0.06493592 -0.05527853 -0.9963572 -0.01358938 -0.04899245 -0.9987068 -0.790949 -0.4522699 0.4121307 -0.9422728 -0.1460157 0.3013328 -0.8127768 -0.1927704 0.5497577 -0.8473442 0.04590505 0.5290563 -0.7816506 -0.5014153 0.3709518 -0.8675888 -0.2199559 0.4459922 -0.6410238 -0.5327751 0.5524846 -0.9450709 -0.2628294 0.1943239 -0.79096 -0.4523748 0.4119945 -0.8264043 -0.5364602 0.1710743 -0.1739109 0.9661759 -0.190419 -0.0887292 0.8965449 0.4339752 -0.06434446 0.9909562 0.1177524 -0.08859115 0.8965124 0.4340704 -0.01984494 0.6925576 0.7210896 0.1482934 0.4308308 0.890165 0.06849187 -0.8703982 0.4875611 -0.06134992 -0.777669 0.6256733 -0.06135839 -0.7776621 0.6256811 -0.1886159 -0.6502853 0.7359029 -0.8000068 0.5819354 0.146084 -0.8877018 0.4591892 0.03363013 -0.8034794 0.591788 0.06486809 -0.8062903 0.5914613 -0.008338153 -0.8062914 0.5914599 -0.008336186 -0.8877925 0.4590138 0.03363239 -0.9789909 0.203904 0 0.07925224 0.09553992 0.9922657 0.1144016 0.1289985 0.9850237 0.1192828 0.1780875 0.9767581 0.1389539 0.2188268 0.9658192 0.1281201 0.2746796 0.952962 0.1195733 0.005616188 -0.9928095 -0.01039987 0.01177954 -0.9998766 4.8126e-4 0.0520128 -0.9986464 0.004967153 0.07398414 -0.9972471 0.1349579 0.06845712 -0.9884837 0 0 -1 -4.13622e-5 8.74025e-4 -0.9999997 1.9641e-4 4.57764e-4 -1 -2.02279e-4 4.22456e-4 -0.9999999 -5.29448e-4 2.50716e-4 -0.9999999 1.86114e-4 4.17411e-4 -0.9999999 -7.34401e-4 1.68101e-4 -0.9999998 0 0 -1 -6.54211e-4 1.49744e-4 -0.9999998 -2.2892e-4 9.15603e-4 -0.9999997 3.50554e-4 5.77025e-4 -0.9999998 -4.19485e-6 6.66394e-4 -0.9999998 2.04095e-4 4.25301e-4 -0.9999999 5.82929e-4 4.41108e-4 -0.9999998 0.001324534 0 -0.9999992 2.04028e-4 4.25152e-4 -0.9999999 0.001324534 0 -0.9999992 0.4093407 0.08103889 0.9087755 0.5841869 0.4439678 0.679425 0.8753157 0.227362 0.426766 0.8326554 0.2286567 0.5043821 0.6543593 0.52835 0.5409809 0.5961953 0.4082466 0.691293 0.6460698 -0.07650923 0.7594342 0.6445617 0.08737778 0.759543 0.558113 0.07391166 0.8264665 0.4519678 0.06000471 0.8900139 0.3405337 0.0464636 0.9390836 0.2798277 0.1175572 0.9528258 0.2431696 0.1356766 0.960448 0.005619168 -5.14771e-4 -0.9999841 0.007325887 -7.18596e-5 -0.9999732 0.001304805 0.003178 -0.9999941 0.006663739 0.007915854 -0.9999465 -0.003094553 0.001638174 -0.9999939 -0.007435321 0.002496898 -0.9999693 0.003728091 0.006023645 -0.999975 0.02220577 0.005125105 -0.9997403 0.007190346 0.001659274 -0.9999728 -0.00970906 -0.001631736 -0.9999516 0.0167129 -0.01141542 0.9997951 0.005367159 -0.007567346 0.999957 0.008059144 -0.01142257 0.9999024 0.005365073 -0.007612109 0.9999566 0.00804001 -0.01141506 0.9999026 -0.01731181 0 0.9998502 -0.9640707 -0.2029525 0.1714004 -0.9320834 -0.3518806 0.08602678 -0.9314597 -0.2958 0.2118611 -0.9536275 -0.2995149 0.02975594 -0.9848543 -0.1732697 -0.006298124 -0.9649338 0.2624124 -0.006522893 -0.9661294 0.1475745 0.2116972 -0.9648843 0.2625951 -0.006507098 -0.9707491 0.2400746 -0.0032503 -0.7420774 0.6702784 0.00693643 -0.6596028 0.7516071 0.003291249 -0.4803012 0.8768962 -0.01907449 -0.7419379 0.6704328 0.006940186 -0.1722466 0.9850185 -0.008349239 -0.9902486 0.06840175 0.1213632 -0.9730801 -0.1589388 0.1668942 -0.9976244 -0.06852936 0.007023692 -0.9530583 -0.3022642 0.0177893 -0.9663731 0.2396814 0.09314429 -0.9999164 0.008715748 -0.009554386 -0.9998227 0.007363438 -0.0173344 -0.9998571 0.005006611 -0.01614964 -0.9041322 -0.1349261 0.4053888 -0.8027825 -0.5521422 0.2251208 -0.932075 -0.3518818 0.08611357 -0.9320692 -0.3519116 0.08605384 -0.5831368 -0.7942726 0.1705365 -0.4600476 -0.8873488 -0.03111791 -0.8188214 -0.5740462 0.001608312 -0.03653812 -0.1633164 0.9858969 -0.273535 -0.1762586 0.9455747 8.60148e-4 -2.75084e-4 0.9999997 -0.2340452 -0.1340351 0.9629421 -0.2494985 0.1434089 0.9576975 -0.2571273 0.1673554 0.9517761 0.03916329 0.1386302 0.9895696 -0.257315 0.1674531 0.9517082 -0.3775494 0.3416869 0.860643 -0.03791588 0.1643859 0.9856671 0.1484819 0.1226305 0.9812824 -0.2855049 0.3200498 0.9033578 0.1618558 0.2120189 0.9637691 0.6044016 0.06197595 0.7942656 -0.02049911 -0.003301799 0.9997844 -0.01987051 -1.54614e-4 0.9998025 -0.01987075 -1.54487e-4 0.9998025 -0.01986688 -1.40063e-4 0.9998027 -0.01986682 -1.40052e-4 0.9998027 -0.01905697 0.003066956 0.9998137 8.4031e-4 0.005017518 0.9999871 -0.0024091 0.02843415 0.9995929 -0.006892561 0.02608019 0.9996362 -0.004322588 0.01345527 0.9999002 -4.69755e-4 0.00495243 0.9999877 0.003495454 -0.01386159 0.9998979 0.01980769 -0.004790365 0.9997923 0.002555429 0.001945912 0.9999949 0.08315074 0.005470931 0.996522 -0.01204508 0.04083889 0.9990932 0.001791894 -0.009784102 0.9999505 0.001829266 -0.01770168 0.9998418 6.02703e-4 -0.004919946 0.9999878 -4.87581e-4 -0.001309275 0.9999991 0.06643927 0.02999246 0.9973397 -0.004686295 0.005933344 0.9999714 -3.78846e-5 -2.16818e-4 1 -0.006232917 0.01931023 0.9997942 0.002482652 -0.008412301 0.9999616 -0.006424903 0.004846394 0.9999677 0.09050488 -0.09417074 0.9914337 0.001150667 -0.001609146 0.999998 -0.07258671 -0.1917912 0.9787479 0.002138555 0.001604378 0.9999964 -0.002041578 -0.008228123 0.9999641 -0.008020877 0.0352199 0.9993474 0.002334356 -0.002515435 0.9999942 0.03521913 -0.1576945 0.9868597 -0.05531281 -0.1386678 0.9887931 0.01981532 -0.004791378 0.9997922 0.1004938 -0.1462135 0.9841355 -0.1191865 -0.03786176 0.9921497 0.3666601 -0.7604391 0.535997 0.2185144 -0.9392842 0.264569 0.09336668 -0.7790107 0.6200202 -0.1313693 -0.8519343 0.5069025 0.04822808 -0.4312311 0.9009518 -0.1416444 -0.6428737 0.7527619 -0.08039164 -0.308278 0.9478934 0.02246212 -0.2290353 0.973159 0.2215751 -0.258363 0.9402942 0.1717298 -0.237873 0.9559944 0.3074766 -0.6614723 0.6840413 0.187487 -0.3229658 0.927654 0.3607349 -0.6088028 0.7065618 0.6015397 -0.09150868 0.7935844 0.2486965 0.05828714 0.9668262 0.5957545 0.1284756 0.7928246 0.7808895 0.2309936 0.580391 0.5980724 0.1404363 0.789042 0.476377 0.18502 0.8595537 0.5957733 0.128567 0.7927955 0.127244 0.05407869 0.9903962 0.3159385 0.08484661 0.9449784 0.3249797 -0.131901 0.9364776 0.6292974 0.003419637 0.7771571 0.3848333 3.98219e-4 0.922986 -0.001165747 -3.83576e-4 0.9999994 0.1222 -6.02451e-4 0.9925053 -0.9970889 -0.07536745 -0.01155883 -0.93953 -0.3424603 0.002111732 -0.8553674 -0.517574 0.02153682 -0.8552811 -0.5177162 0.02154856 -0.7090311 -0.7051757 0.001507341 -0.4726935 -0.8812195 -0.003634452 0.4621206 -0.8867695 0.009183168 0.8599747 -0.510317 -0.004493296 0.7942075 -0.6075516 0.0107575 0.9057465 -0.4238163 -0.001776218 0.8600596 -0.5101739 -0.004493355 0.9743298 -0.2248882 0.01033353 0.9683102 -0.2497276 0.003395855 0.9999035 0 -0.01389753 0.9999508 -0.009821712 0.001412153 0.9999494 -0.009467065 0.003424823 0.9998241 -0.01428258 0.01215767 0.9999341 -0.008744418 0.007442533 -0.965479 0.25887 -0.02892524 -0.9016808 0.4323484 0.006820857 -0.9016792 0.4323522 0.006799459 -0.9015894 0.432539 0.006838917 -0.9015918 0.4325335 0.006869733 -0.8057971 0.5906782 0.04231536 -0.3547279 -0.934961 -0.003991663 -0.06453758 -0.9977703 -0.0170139 0.2599747 -0.9655843 0.007752239 0.4576084 -0.8890837 0.01116746 0.2601587 -0.9655353 0.007696688 0.6472439 -0.7622098 -0.01057177 0.647393 -0.7620834 -0.01055741 0.8039556 -0.5945271 -0.01388925 0.9113698 -0.4115877 -9.63578e-4 0.9725447 -0.2325704 0.008243441 0.9114505 -0.4114088 -9.63068e-4 0.9998456 -0.0172196 0.003515005 -0.9952214 0.0147379 -0.09652668 -0.999491 0.00184369 -0.03184878 -0.9999198 0.009288668 0.00861001 -0.999836 0.01757973 -0.004363894 -0.9992815 0.03727042 0.006879687 -1 -6.23864e-6 0 -1 -7.13044e-7 0 -0.9999385 0.002746403 0.01074618 -0.9953064 4.16258e-4 0.09677326 -1 -2.81069e-7 0 -1 -7.38808e-6 0 -0.9999939 6.44546e-4 -0.003440082 -1 2.51401e-6 0 -1 2.08793e-6 0 -1 -1.1951e-6 0 -1 2.02504e-6 0 -0.9979608 -0.003429889 0.0637384 -0.9999522 0.007420778 0.006378412 -0.9999389 0.002731502 0.01071256 -0.999992 -0.002349495 0.003240346 -0.9999953 -0.002386629 -0.001966834 -0.9999936 6.5733e-4 -0.003508388 -0.9999956 -0.002285182 -0.00190705 -0.999994 6.4362e-4 -0.00343877 -1 -5.51953e-6 0 -0.9999939 6.43894e-4 -0.003439724 -0.9999762 -0.005619823 -0.003993213 -0.9995954 -0.02813297 -0.004200458 -0.9999356 -0.006046354 0.009611546 -0.9999624 0.002488255 0.008309423 -0.9998885 -0.005037784 0.01406055 -0.9999909 -0.004247486 -4.16496e-4 -0.9947953 -0.02329558 -0.09919601 -0.9968068 -0.01842236 -0.07769709 -0.9954926 -0.02030616 -0.09264039 -1 1.05636e-6 0 -0.99992 0.004444777 -0.01184952 -1 1.37543e-6 0 -0.9999201 0.004442572 -0.01184242 -0.9997049 0.0180633 -0.01624917 -0.999948 0.007355451 0.007076084 -0.9646893 0.04261606 -0.2599202 -0.9496194 0.04055482 -0.3107706 -1 3.97449e-6 0 -1 2.40917e-5 0 -1 2.41202e-5 0 -1 2.41463e-5 0 -1 -1.23032e-6 0 -1 8.0838e-7 0 -1 -4.63709e-7 0 -1 8.91069e-7 0 -1 0 0 -0.9999629 0.002501666 0.008257985 -0.9999907 -0.004292309 -4.41777e-4 -1 -5.9076e-7 0 -0.9999907 -0.004291772 -4.41423e-4 -1 6.49317e-7 0 -1 -1.35699e-4 0 -0.9999908 -0.004282772 -4.40518e-4 -1 7.73916e-6 0 -1 -1.11049e-5 0 -1 3.07541e-5 0 -0.9931948 0.05279254 0.1038125 -1 4.02189e-7 0 -1 5.59598e-6 0 -1 -4.06792e-7 0 -1 -8.22039e-7 0 -0.001916706 8.52558e-4 0.9999979 0.006060481 -0.00654447 0.9999603 -0.01220583 -0.09736204 0.9951742 0.01354289 -5.27934e-4 0.9999082 -0.003886103 0.006658852 0.9999703 -0.08337628 -0.006381928 0.9964977 -0.04850494 -0.003537416 0.9988167 0.005817055 0.004171133 0.9999744 -0.08340191 -0.006395876 0.9964956 -0.05401778 -0.01711088 0.9983934 -0.02344214 -0.01965481 0.9995321 -0.03374058 -0.01125717 0.9993672 -0.04819828 -0.04617369 0.9977701 0.03656613 -0.08172911 0.9959837 -0.1314963 0.05201619 0.9899511 -0.06076186 -0.1897141 0.9799574 0.06021636 -0.2429167 0.9681764 0.07974994 -0.5556154 0.8276059 -0.03959846 -0.553433 0.831952 -0.08205837 -0.2410304 0.9670423 -0.05438822 0.01979213 0.9983237 -0.1844145 0.04424434 0.9818523 0.006848275 -5.12755e-4 0.9999765 0.004700064 -9.32914e-4 0.9999886 -0.007396578 -6.7417e-4 0.9999724 4.2213e-4 1.72653e-4 1 0.008515417 0.001560091 0.9999626 -0.01195222 0.001663267 0.9999272 -0.002947926 -9.68054e-4 0.9999952 -0.006585955 -5.20874e-4 0.9999783 -0.04839211 -0.003533899 0.9988222 -0.02343487 -0.01965051 0.9995322 -0.1090124 -0.04807442 0.9928773 0.06731271 0.142907 0.9874445 0.06707644 -0.03959441 0.9969619 -0.06864047 -0.03131175 0.9971501 -0.07287651 -0.05757737 0.9956777 -0.06533861 -0.0169382 0.9977194 -0.001168787 -0.003124892 0.9999945 0.067326 0.1429286 0.9874405 0.1551288 -0.0723834 0.985239 0.2350866 -0.1068859 0.9660795 0.08652299 -0.3659929 0.9265868 -0.006227135 -0.004553198 0.9999703 -0.006114423 -0.008145868 0.9999482 -0.05663466 0.07586109 0.9955087 -0.02353709 0.003086864 0.9997183 0.01030266 -0.001445055 0.9999459 0.1658235 -0.4350377 0.8850113 0.2228438 -0.1557942 0.9623247 -0.04256784 0.06702393 0.996843 -0.04260444 0.067155 0.9968326 0.173389 0.03859114 0.9840971 0.01232063 0.06336349 0.9979145 -0.03622126 0.04199558 0.998461 0.07904362 0.02381277 0.9965868 0.0747267 0.1371179 0.9877321 0.1735756 0.03861737 0.9840631 0.2140138 -0.2217105 -0.9513373 0.06537359 -0.1019288 -0.9926413 1.90439e-4 -0.004594564 -0.9999895 -0.03664785 0.2581679 -0.9654048 -0.01047956 0.3737875 -0.9274552 -0.1118676 0.9929374 -0.03951108 0.1490337 0.9887769 0.01046156 0.1489006 0.9887971 0.01043158 0.3993488 0.9148568 0.05964559 0.8657235 0.5005224 -4.48041e-4 0.7059857 0.7080597 -0.01535701 0.4961446 0.8682375 -0.002049386 0.2453621 0.969354 0.01225751 0.4959811 0.8683309 -0.002072095 -0.01846939 0.9998277 -0.001890838 0.999848 -0.01707494 0.003534853 0.9755066 0.2199209 -0.004662036 0.8330027 0.5531885 0.00944525 0.8329231 0.5533077 0.009475052 0.9116478 0.4109635 0.002693474 0.692797 0.7211322 8.47199e-4 0.6193981 0.7847757 0.02175158 0.8119524 -0.583299 0.02226924 0.9329617 -0.3598895 0.007896959 0.7062976 -0.7078135 0.01199531 0.706216 -0.7078947 0.01199972 0.7526569 -0.6583233 0.01087534 0.6462437 -0.7631014 0.006754577 0.1577667 -0.9874724 -0.002809464 -0.1494625 0.9887669 -0.001087248 -0.4341789 0.9006894 -0.01573467 -0.700465 0.713658 0.00640577 -0.8352102 0.549856 0.009082436 -0.7005791 0.7135465 0.006361305 -0.9387485 0.3443469 -0.01328408 -0.9999546 -0.003476083 0.008882939 -0.9994844 -0.02236264 -0.02304172 -0.9995709 -0.02881842 -0.005246639 -0.9986632 -0.04597377 0.02362793 -0.9986691 -0.04168075 0.03037732 0.01884108 -0.9997535 0.01175028 -0.2112048 -0.9772478 0.01947844 -0.4519112 -0.8920623 0.001089572 -0.7956054 -0.6058048 -0.003573954 -0.4520625 -0.8919857 0.001132428 -0.8598304 -0.5105342 0.006836652 0.8300576 0.5574344 0.01647394 0.9498921 0.3119572 0.01969307 0.9965453 -0.08305275 -7.33007e-5 0.996536 -0.0831632 -3.60133e-5 0.998353 0.057334 0.002046167 0.956621 -0.2912026 0.008796513 0.9965324 -0.0832048 -4.28744e-5 0.9566143 -0.2912247 0.008794307 0.9376769 -0.3474854 -0.004014372 0.05313557 -0.07701045 -0.9956135 -4.89252e-4 -0.1388435 -0.9903143 0.1072988 -0.4734674 -0.8742516 -0.01874577 -0.732913 -0.6800641 0.001442074 -0.8764397 -0.4815096 0.001236855 -0.9383057 -0.3458049 -0.01467949 -0.6312249 -0.7754609 0.001239478 -0.9383074 -0.3458001 0.001211583 -0.9899927 -0.1411141 0.02313119 0.9997159 0.005772948 -0.2292063 0.9733742 -0.002675473 -0.5633561 0.8261797 0.007558286 -0.5634216 0.8261353 0.007538616 -0.433938 0.9009242 0.005803763 -0.7303376 0.6830734 -0.004225432 -0.7752578 0.6315602 0.01034879 -0.9982511 -0.05589836 0.01923644 -0.9543418 -0.2986907 0.003968775 -0.82848 -0.5596905 0.01917278 -0.8283843 -0.5598343 0.01910716 -0.8283835 -0.5598354 0.01911282 -0.7102299 -0.7035118 -0.02539157 0.217647 -0.2200023 -0.9509095 0.06849932 -0.0996561 -0.9926613 0.07848268 -0.01280355 -0.9968333 -0.03480303 0.2557774 -0.966109 -0.009107291 0.3688651 -0.9294384 -0.9999091 0.007366776 -0.01129639 -0.9998846 -0.008297383 0.01272511 -0.999632 -0.01978003 0.01856917 -0.9985468 -0.03703838 0.03914636 -0.9996308 -0.01981991 0.01859235 -0.9985466 -0.03702497 0.0391677 -0.9986275 -0.04272609 0.03029549 0.1002074 -0.004796683 0.994955 -0.001059532 -0.05167835 0.9986633 -0.006991505 -0.0100848 0.9999248 0.005694627 -0.0482496 0.9988191 -0.001695692 0.00891596 0.9999588 0.01036483 0.005353927 0.9999321 0.03585398 -0.0109077 0.9992976 -9.46741e-4 0.01007372 0.9999489 -0.007373631 0.01238262 0.9998962 -0.007383525 0.01240301 0.9998959 -0.01167339 0.007347345 0.9999049 -0.004817664 -0.001017808 0.9999879 -0.001637279 6.83244e-4 0.9999985 0.004628181 0.04106003 0.9991461 0.1169241 0.05148231 0.9918056 0.02009373 -0.05070716 0.9985115 1.40503e-4 0.1101618 0.9939138 -0.1841302 -0.1833326 0.9656527 -1.58269e-5 0.1101356 0.9939166 -0.285349 -0.1447349 0.9474322 0.1226637 0.1578251 0.9798189 0.02012026 0.1427458 0.989555 0.4884018 -0.080042 0.8689401 0.4666438 -0.08495151 0.8803562 0.4684023 0.005524396 0.8834981 -0.0100274 0.008112192 0.9999169 0.1802379 -0.03429788 0.983025 0.6376498 0.1165816 0.7614535 0.6120946 -0.003974139 0.7907747 -0.001340448 0.006617367 0.9999773 -2.65494e-4 0.003176867 0.9999949 0.007196724 -0.004805386 0.9999626 -0.001701474 0.008931577 0.9999588 -0.01112395 0.03769564 0.9992274 0.05758923 0.07966703 0.9951567 -0.01112395 0.03770017 0.9992272 -0.007019102 -0.01002502 0.9999251 -0.002148032 6.82417e-4 0.9999976 0.3938556 -0.001201093 0.9191716 0.04661715 0.1014678 0.9937461 -0.001864492 0.0145117 0.999893 0.02048689 0.07769435 0.9967668 -0.0562976 0.144064 0.9879657 -0.1127761 -0.009964525 0.9935705 -0.004829645 -0.001029789 0.9999879 0.01729011 0.279531 0.959981 0.1226883 0.158009 0.9797861 0.03261584 0.5785537 0.814992 0.8467718 0.1924381 0.4959285 0.8435751 0.4079384 0.3492383 0.7834542 0.4337419 0.4450477 0.8679288 0.4663941 0.1708106 0.8436087 0.4080126 0.3490705 0.7581442 0.5146232 0.4004755 0.8308016 0.4581076 0.3160796 0.7580807 0.5146378 0.4005768 0.696921 0.5213751 0.4924114 -0.1036881 0.881604 0.46046 -0.157872 0.6909416 0.7054617 -0.009355962 0.3804092 0.9247711 -0.07056742 0.1870061 0.9798209 -0.1916805 0.7060521 0.6817251 -0.09805124 0.5490317 0.8300302 -0.07057094 0.1870223 0.9798175 0.01725649 0.2793877 0.9600234 -0.1565731 0.8120884 0.5621366 0.01664698 0.447602 0.894078 0.08190608 0.9258724 0.3688521 -0.04173517 -0.9991272 -0.001768708 -0.04158985 -0.9991332 -0.001737892 -0.0237134 -0.9992442 0.03080278 0.08567368 -0.9942851 -0.06369709 -0.04172432 -0.9991278 -0.00168544 -0.4115242 -0.7556445 -0.509558 -0.435663 -0.7205512 -0.5394477 -0.4355916 -0.720691 -0.5393185 -0.4585201 -0.6836805 -0.5677504 -0.2143077 -0.7127322 0.667896 0.02025651 -0.5456119 0.8377931 -0.2003955 -0.3738081 0.9055988 -0.0388782 -0.2580948 0.965337 -0.01519155 -0.3726105 0.9278635 0.02374029 0.006620466 0.9996962 0.06957525 0.100529 0.9924985 0.2195125 0.2214965 0.9501335 -0.4391071 -0.5414261 0.7169679 -0.3373712 -0.6127012 0.7146873 -0.1176799 -0.9145562 0.3869606 -0.1177005 -0.9145892 0.3868761 -0.1737058 -0.8811129 0.4398481 -0.02079105 -0.9780268 0.20744 -0.01041674 -0.959864 0.2802727 0.001147091 -0.9999994 8.85044e-5 7.839e-4 -0.9999987 -0.001428961 8.1575e-4 -0.9999988 -0.001427412 0.001242995 -0.9999992 9.59399e-5 0.001195311 -0.999997 -0.002166032 7.87523e-4 -0.9999987 -0.001477122 0.001163542 -0.9999969 -0.002229034 0 -0.9999897 -0.004541456 -0.3416478 -0.4518327 -0.8240898 -0.01823574 -0.5518692 -0.8337313 -0.06621998 -0.5506693 -0.8320927 0.07093691 -0.7749734 -0.6280003 0.5765973 -0.7138636 0.3974096 0.58127 -0.4860215 0.6526166 0.6759238 -0.5620184 0.4767205 0.7889546 -0.4037647 0.463168 -9.47257e-4 0.9369419 -0.3494838 2.10749e-4 0.9085903 -0.4176886 3.4035e-4 0.6471735 -0.7623427 0.1892199 0.2044008 -0.960425 3.44234e-4 0.6470345 -0.7624608 8.59791e-4 0.1805184 -0.9835713 -0.2021879 0.9421197 -0.2674523 -0.2086078 0.9338015 -0.2906848 -0.2086052 0.9338041 -0.2906783 -0.2149915 0.9248437 -0.3137559 -0.2471281 -0.966648 0.06722784 -0.2908012 -0.938105 0.1881322 -0.2907962 -0.9381086 0.1881222 -0.248856 -0.9638692 0.0950101 0.07370704 0.7436164 0.6645314 -0.06475591 0.9523468 0.2980644 -0.1040636 0.6341624 0.7661651 -0.2360315 0.7712966 0.5910928 -0.1835238 0.9477533 0.2609266 -0.5484628 0.7746872 0.3147197 0.2352855 0.3546062 -0.9049283 0.03734236 0.429547 -0.9022721 0.16692 0.5234817 -0.8355265 0.01686394 0.5245304 -0.8512248 0.1671002 0.5235162 -0.835469 0.02365446 0.7963432 -0.6043824 0.2662964 0.9313697 -0.2482678 0.01099151 0.8868956 0.4618391 0.09821414 0.979206 0.1775094 0.1111282 0.9718976 -0.2075229 0.1111406 0.9718726 -0.2076332 0.005452036 0.9921816 -0.1246832 0.173441 0.9539895 -0.244586 0.1016762 0.9945262 -0.02407777 -0.01119011 0.9996801 -0.02268409 0.1733032 0.9540495 -0.24445 0.004807412 0.9945481 0.104168 -0.9955124 -0.02030378 -0.09242725 -0.9984725 -3.31296e-4 0.05525118 -0.9993225 -2.20613e-4 0.03680372 -0.9996967 1.45871e-4 -0.02462828 -0.9993174 2.18801e-4 -0.03694432 -0.9992197 -0.001347005 0.03947621 0.1552894 -0.07249569 0.9852054 0.4531154 -0.205825 0.8673653 0.3557067 -0.2393063 0.9034408 0.3556926 -0.2393158 0.9034439 0.4534363 -0.2058308 0.8671963 0.4593638 -0.4937716 0.7383594 0.5670214 -0.3816101 0.729973 0.6023821 -0.7481533 0.2782132 0.6840865 -0.6587987 0.3130654 -0.9999604 0.003053545 -0.008368134 -0.9994941 0.02232146 0.022659 -0.999571 0.02884483 0.005073785 -0.998662 0.04611712 -0.02340018 -0.9986702 0.04183965 -0.03012239 -0.3303473 0.9378305 0.1065123 -0.2400258 0.8976552 0.3695981 -0.4792399 0.7755305 0.410952 -0.4793236 0.7755072 0.4108985 -0.4036628 0.876724 0.2615556 -0.4952077 0.7796018 0.3833934 -0.5538449 0.6305515 0.5437468 -0.2884439 0.2626007 0.9207829 -0.566522 0.5284303 0.6323088 -0.2008214 0.227178 0.9529224 -0.5666261 0.528504 0.6321539 -0.6221372 0.652118 0.4332292 -0.1831133 0.2421922 0.9527919 -0.5666065 0.5285115 0.6321652 -0.2691286 0.7248788 0.6341298 -0.6374842 0.6078451 0.4734324 -0.6221733 0.6520903 0.4332191 -0.4388048 -0.7422004 -0.506546 -0.4606606 -0.7081192 -0.5351254 -0.4606958 -0.7080411 -0.5351983 -0.4813183 -0.6721196 -0.5626614 -0.5777581 0.307958 0.755882 -0.4852777 0.3432315 0.8041753 -0.4944154 0.49126 0.7170894 -0.3204229 0.3218693 0.890915 -0.2135134 0.1511653 0.9651742 -0.1762309 0.2490693 0.9523168 -0.4943067 0.491302 0.7171354 -0.3385891 0.4780294 0.81046 -0.3331157 0.5949587 0.7314767 -0.1831786 0.3266645 0.9272196 -0.1761662 0.249139 0.9523106 -0.1187644 0.293448 0.9485691 -0.2696294 0.4798035 0.8349183 -0.2260954 0.5586102 0.7980198 -0.1758434 0.6239196 0.7614485 0.02326422 0.5430298 0.8393912 -0.005437254 0.3657194 0.9307093 0.06741791 0.02932161 0.9972939 0.06730759 0.02921402 0.9973045 0.06153976 0.1140984 0.9915617 -0.03437042 -0.2301516 0.9725477 -0.02120119 -0.3417896 0.9395374 0.02768129 -0.509823 0.8598338 -0.1564367 -0.3596544 0.9198784 -0.1543001 -0.6954514 0.7018112 0.8539777 -0.2745671 0.4419673 0.5259293 -0.2320547 0.8182599 0.8487284 -0.1982648 0.4902563 0.8487508 -0.1981697 0.490256 0.6873427 -0.2960388 0.6632655 0.7345425 -0.03330922 0.6777448 0.8968006 -0.1806744 0.4038633 0.872263 -0.01668131 0.4887524 0.9622838 2.41655e-4 0.2720475 0.9095924 0.2075307 0.3599621 -0.06890857 -0.4749584 0.8773062 0.09583967 -0.4974099 0.8622055 0.005056023 -0.4136539 0.9104202 0.2134105 -0.3147047 0.9248876 0.7984941 -0.07962167 -0.5967141 0.8875939 -0.02500158 -0.4599479 0.5544775 -0.04065793 -0.831205 0.3741834 -0.02473449 -0.9270249 0.3847835 0.02021801 -0.9227855 0.2458004 0.003078639 -0.9693157 -0.08026695 0.9539202 -0.2891255 0.1341347 0.9902856 -0.03663831 0.1718589 0.9848285 -0.02402836 0.1719052 0.984825 -0.02383923 0.07572358 0.9875345 0.1379914 0.2241223 0.9641419 0.1421259 0.2425299 0.970144 0 -0.3080162 0.4542437 0.8359358 0.006193101 0.5451142 0.838339 -0.05084681 0.4592134 0.8868697 0.3200794 0.5776528 0.7509106 -0.06512033 -0.1479873 0.986843 0.09565305 0.1166759 0.9885532 -0.1048948 -0.1012679 0.9893139 0.1278027 0.09242987 0.9874833 0.1157314 -0.4433121 0.8888649 0.1957807 -0.3361943 0.9212185 0.0410555 -0.1715477 0.98432 0.151083 -0.1890431 0.9702766 -0.07757341 0.1438275 0.9865577 -0.1263278 0.1362533 0.9825866 -0.3005518 0.4338548 0.8493755 -0.3903542 0.350955 0.8511487 -0.5423777 0.6804896 0.4927071 -0.6330892 0.5263209 0.5676128 -0.7435329 0.6508939 0.153284 0.04168206 -0.6225147 0.7814975 -0.0423839 -0.3656993 0.9297676 -0.3470763 -0.2537223 0.9028639 -0.3052737 -0.3060636 0.9017389 -0.1767678 -0.3119304 0.9335163 -0.1771445 -0.5983522 0.7814055 -0.04244142 -0.3657547 0.9297432 -0.07222002 -0.6225002 0.7792804 -0.2557973 -0.8655147 0.4306415 -0.0885514 -0.9731158 0.2126134 0.09526276 -0.8976429 0.4303049 0.4000186 0.3016933 0.8654285 0.3620889 0.4149357 0.8346977 0.6821431 0.5549086 0.4761903 0.06620389 0.1446588 0.9872644 0.02734619 0.1276646 0.9914404 0.1393243 0.4820056 0.8650199 0.03102558 0.5035765 0.8633935 0.1909185 0.8563494 0.4798085 -0.003436028 0.8730622 0.4875968 0.07301658 0.9860053 0.1498748 -0.002135753 0.131708 0.9912863 0.2991213 -0.3711066 0.8790941 0.2360081 -0.2648758 0.9349551 0.07064205 -0.1202878 0.9902225 -0.1060293 0.1766039 0.9785545 -0.3158963 0.3845481 0.8673709 -0.6700036 0.5387467 0.5107322 -0.7681378 0.6320736 0.1022132 -0.8205685 0.5714321 0.01152849 -0.8304238 0.4942473 0.2571302 -0.3438861 -0.1332998 0.9295018 -0.1434512 -0.0674389 0.987357 0.1310826 0.02453267 0.991068 0.1473007 0.06324124 0.987068 0.4876756 0.1009845 0.8671648 0.4536597 0.205788 0.8670895 0.8544164 0.2080205 0.4761304 0.7879894 0.3914653 0.4752135 0.9250711 0.348069 0.1519593 0.8223569 0.5474882 0.1548736 0.8666741 0.4988739 9.33526e-4 -0.2948691 -0.04802399 0.9543301 -0.4271621 -0.07439345 0.9011094 -0.07971078 0.4953626 0.8650214 -0.03709942 0.1557501 0.9870997 -0.1871247 0.4668752 0.8642985 -0.3777692 0.7839325 0.4926869 -0.1954196 0.8481912 0.4923242 -0.366827 0.9188393 0.145508 -0.1508917 0.9774024 0.1480414 -0.2924102 0.9562749 0.005891144 -0.07263439 0.9973434 0.005532205 0.05259573 -0.4636542 0.8844539 -0.0942648 -0.2967208 0.9503005 -0.1243441 -0.08084464 0.9889402 -0.06990462 0.1418912 0.9874109 -0.03827989 0.459787 0.8872039 -0.1090356 0.7533894 0.648472 -0.335271 0.7365313 0.5874649 -0.3355011 -0.1377352 0.9319163 -0.5435361 0.3001062 0.7839035 -0.2109608 0.1701772 0.962567 -0.09156966 0.6896749 0.718306 -0.1408417 0.8091675 0.5704486 -0.1206316 0.9908062 0.06124609 -0.005930483 0.985287 0.1708055 0.005726695 0.9999815 0.002113997 -0.00529468 0.9999277 -0.01080209 -6.48558e-4 0.9729384 -0.2310642 -6.27932e-4 0.9729383 -0.2310642 0.2051168 0.9513583 -0.2298794 0.005671262 0.9999818 0.002078592 -0.07641983 0.9970088 0.01155108 -0.01858621 0.999825 0.002146661 0.02707839 0.966749 0.2542898 -0.06750845 0.9917703 0.1087866 0.1485365 0.9876788 0.04927128 0.007199764 0.999931 0.009278953 0.1485351 0.9876772 0.04930627 0.00719887 0.9999312 0.009268581 0.2841785 0.9564849 0.06617689 0.002812445 0.9999802 0.005633592 0.2845073 0.95867 -0.0027166 9.7525e-4 0.9999932 -0.003548324 -0.002191603 0.9999965 0.001500606 0.001393258 0.9999936 -0.003312289 0.001397252 0.9999982 -0.001386582 0 0.9999961 -0.002822935 -0.02376598 0.9997177 0 0.002722382 0.9999805 0.005644083 -0.002200603 0.9999965 0.001507222 0.5213938 0.8496738 0.07875925 0.3868361 0.8276858 0.4065637 0.1920335 0.9622485 0.1928756 0.447407 0.7627252 0.4669874 0.4046645 0.6057463 0.685068 0.1414869 0.8060358 0.5747069 0.009735524 0.9321523 0.3619359 0.08910298 0.9293519 0.3582819 0.03635317 0.79035 0.6115762 0.3867108 0.8276875 0.4066795 0.1934884 0.978167 0.0758394 -0.2005372 0.9794324 0.02229946 -0.01762372 0.9801602 0.197422 -0.3560072 0.9341872 0.02352076 -0.0675233 0.9917631 0.1088422 -0.06708133 0.9962642 0.05438673 -0.05693447 0.9966825 0.0581606 -0.5229313 0.8502554 0.06007325 -0.2937084 0.8878967 0.3540834 -0.1840819 0.8685458 0.4601545 -0.005931496 0.9852576 0.1709752 -0.2183601 0.8256743 0.5201739 -0.09155428 0.689792 0.7181956 -0.5230596 0.8501771 0.0600658 -0.7680824 0.6321489 0.1021627 -0.3606248 0.8573411 0.3673095 -0.5305172 0.7673935 0.3600814 -0.7582534 0.6237022 0.189862 -0.7512048 0.6600131 0.008617043 -0.7582129 0.6237623 0.1898262 -0.5230675 0.8501741 0.06003761 -0.4549047 0.8904882 0.009626209 -0.6785034 0.7345564 0.007748901 -0.5650453 0.8126082 0.1427995 -0.01449799 -0.1194898 0.9927296 0.2413892 0.4385855 0.865664 0.5416246 0.6913521 0.4781997 0.6780488 0.7184917 0.1549826 0.7338939 0.679259 0.002664446 -0.4980389 0.8671262 0.007033467 0.1503827 0.9886093 0.006062269 0.2939311 0.9442692 0.1481897 0.3743991 0.7926179 0.4812299 0.3673828 0.9300524 0.005692243 0.4985453 0.8533554 0.1524374 0.5642922 0.8255626 0.004559874 0.9563466 0.2922207 0.002902984 0.9849282 0.1120321 0.131778 0.8803495 0.01332235 0.4741384 0.4998897 -0.008477926 0.8660476 0.1332973 -0.004861593 0.9910642 -0.1504565 0.04190647 0.9877281 -0.3562148 -0.004221081 0.9343945 0.9938724 0.1105185 0.001874566 0.9972928 -0.07351863 0.001425504 0.9794815 -0.1309214 0.1532177 0.8608828 -0.1805102 0.4757069 0.4844124 -0.1173583 0.8669323 0.1296625 -0.03439158 0.9909616 -0.1157935 0.09611546 0.988612 -0.3284662 0.140853 0.9339541 -0.3552244 0.2811942 0.8914851 0.9562321 -0.2925979 0.002579808 0.8666816 -0.4988598 0.001437187 0.8221936 -0.5479725 0.1540255 0.9250202 -0.3478474 0.1527742 0.799003 -0.3665945 0.4766578 0.7335095 -0.6796715 0.003238201 0.6777812 -0.7189465 0.1540407 0.6989762 -0.5338854 0.4758138 0.5631318 -0.6752495 0.476362 0.3913218 -0.3167128 0.8640372 0.3120511 -0.3935583 0.8647174 0.1203568 -0.1014115 0.9875374 0.08013355 -0.10496 0.9912427 -0.1111583 0.1896332 0.9755425 -0.3113136 0.3430297 0.8862363 -0.248729 0.4248999 0.8703988 0.5642943 -0.8255611 0.004561483 0.4985498 -0.8533537 0.1524325 0.3998832 -0.7802226 0.4809848 0.2171456 -0.4504848 0.8659741 0.05488979 -0.1204087 0.9912058 -0.03667157 0.1721146 0.9843941 -0.1477279 0.4420148 0.8847596 -0.05260503 0.6288082 0.775779 0.3673789 -0.930054 0.005691885 0.2939153 -0.9442674 0.1482331 0.2167597 -0.8488037 0.482232 0.1136201 -0.4907815 0.8638426 0.03263467 -0.153969 0.9875366 0.1503828 -0.9886093 0.00606215 -0.07268118 -0.9973398 0.005542516 0.07301706 -0.9860034 0.1498859 -0.1508966 -0.9773997 0.1480543 0.02378082 -0.8734402 0.4863507 -0.1684771 -0.8541488 0.4919811 0.003742694 -0.5016536 0.8650605 -0.2924095 -0.9562751 0.005891442 -0.3668271 -0.9188393 0.1455072 -0.3524051 -0.7939822 0.4953817 -0.1059722 -0.4890026 0.8658212 -0.4980364 -0.8671276 0.007031619 -0.565044 -0.8126074 0.1428101 -0.5204917 -0.6968405 0.4934591 -0.2131474 -0.4580623 0.8629873 -0.3075625 -0.3997649 0.8634775 -0.07009166 -0.1435347 0.9871601 -0.08229398 -0.1030921 0.9912617 0.06641352 0.1422522 0.9876 0.06593406 0.063578 0.9957965 0.1938577 0.2151375 0.9571495 -0.678539 -0.7345232 0.007780671 -0.7548069 -0.6463482 0.1118059 -0.6600316 -0.5614273 0.499157 -0.34069 -0.3012189 0.8906164 -0.1444588 -0.1164432 0.9826356 -0.09931105 -0.2495479 0.9632565 0.0206542 -0.3749788 0.9268034 -0.3107869 0.01744818 0.9503195 -0.8150736 -0.5706441 0.1001022 -0.8151335 -0.5705646 0.1000674 -0.8350954 -0.5454976 0.07105052 -0.7538425 -0.6412447 0.1432724 -0.7157875 -0.5450369 0.4365582 -0.5215551 -0.4430947 0.7291416 -0.7600925 -0.6497331 0.01032382 -0.5172252 -0.8557678 0.01182067 -0.4346402 -0.8969688 0.08083969 -0.4587697 -0.8884444 0.01403665 -0.1438978 -0.986581 0.07714557 -0.3903538 -0.9198837 0.03792059 0.07280361 -0.9952048 0.06532275 -0.1437221 -0.9866015 0.07721018 -0.03629356 -0.9991379 0.02016049 -0.390269 -0.9199199 0.03791576 -0.03638738 -0.9991356 0.02010166 0.02443999 -0.9909158 0.1322447 0.01972609 -0.9942761 0.1050056 -3.18958e-4 -0.9999997 7.369e-4 0.002181231 -0.9999673 -0.007793426 0.2086914 -0.9734056 0.09449577 0.2787063 -0.9580848 0.06630522 0.03518778 -0.9934412 0.1087959 0.1062871 -0.9943345 -0.001395583 -0.03453284 -0.9838874 0.1754222 0.2876006 -0.9345761 0.2094123 0.2643201 -0.9529049 0.1486855 0.6823687 -0.7067406 0.1867907 0.3883158 -0.9094045 0.1489778 0.8555017 -0.3941984 0.3357446 0.7079672 -0.648352 0.2800397 0.9076765 -0.1865868 0.3759109 0.2877123 -0.9345728 0.2092732 0.1802931 -0.9836015 -0.004760921 -0.01622617 -0.9939846 0.1083121 -0.2351183 -0.8322397 0.5020923 -0.2235994 -0.9019563 0.3694295 -0.3225997 -0.7824512 0.5326347 -0.2352586 -0.8321529 0.5021702 -0.5134337 -0.6134669 0.6000368 -0.002822399 -0.999996 0 -0.05597776 -0.9739697 0.219658 -0.002150416 -0.9978806 0.06503635 0.1289377 -0.9851675 -0.1132264 0.001799106 -0.9999189 -0.01261222 0.001225352 -0.9383668 -0.3456392 -0.1151174 -0.9815333 0.152776 -0.002145946 -0.9978792 0.06505888 -0.007360398 -0.8707443 0.491681 -0.3058558 -0.8244749 0.4761235 -0.06862312 -0.6844748 0.7257997 -0.2000251 -0.814836 0.5440886 0.0234254 0.2871717 0.9575927 0.0234242 0.2873408 0.957542 -0.1393644 0.2560744 0.9565581 0.03837531 0.5465887 0.8365215 0.3965383 0.4869032 0.7782563 0.1606674 0.5794571 0.7990092 0.06647998 0.1423773 0.9875774 0.3225855 0.5273598 0.7860219 0.1871642 0.3753769 0.9077786 0.03676241 0.2584017 0.9653378 0.01005864 0.1188411 0.9928624 -0.03123462 -0.1282933 0.9912443 -0.001206278 -0.1302701 0.9914779 0.2385367 0.866012 0.4394581 0.07065647 0.9753841 0.2088863 0.05666506 0.6229335 0.7802198 0.04858154 0.7261686 0.6857982 0.07058548 0.9753842 0.2089099 -0.1114275 0.8955009 0.4308853 0.03325223 0.3657934 0.9301019 -0.4213317 0.1073778 0.9005274 0.4506071 -0.2233168 0.8643395 -0.6194685 -0.5458453 0.5641912 -0.7538145 -0.6412529 0.1433822 -0.4131681 -0.8212823 0.3934305 -0.4329109 -0.8663655 0.2489961 0.128911 -0.9851704 -0.1132317 -0.2564372 -0.6152083 0.7454923 -0.09936612 -0.2496078 0.9632354 -0.4454501 -0.4036956 0.7991272 -0.354372 -0.3149763 0.8804604 0.141483 -0.07325273 0.9872267 -0.2488997 -0.9649715 0.08293944 -0.2751117 -0.9366757 0.2166848 -0.2751026 -0.9366776 0.2166876 -0.2751308 -0.9366266 0.2168728 -0.2751467 -0.9366226 0.2168694 -0.2960174 -0.8901718 0.3463642 0.1647106 0.2337779 0.9582372 0.1994335 0.555032 0.8075678 0.100888 0.2717426 0.9570673 0.4083834 0.3943509 0.8232316 0.2821647 0.8486229 0.447462 0.6481856 0.6231302 0.4376806 -0.1074635 -0.05901741 0.9924559 -0.003552556 -0.3104857 0.9505714 -0.05453741 0.2063345 0.9769605 -0.1037036 0.33397 0.9368615 -0.003513574 -0.3105111 0.9505633 -0.05090862 0.4591807 0.8868831 -0.2463517 0.9668779 -0.066769 -0.2872799 0.9402586 -0.1827133 -0.2872905 0.9402495 -0.182743 -0.3236396 0.8987945 -0.2956789 0.8895892 0.2381653 0.3897545 0.4303662 0.05231082 0.9011374 0.8537003 0.03323024 0.5197032 0.4205477 0.01667088 0.9071173 0.1822406 0.0226987 0.9829919 0.08727461 -0.03099894 0.9957019 0.2197413 -0.02876353 0.9751341 -3.53169e-4 0.009658217 -0.9999534 4.08341e-4 0.002247571 -0.9999974 4.80459e-4 0.003755927 -0.9999929 7.77859e-4 -0.001266181 -0.999999 7.21606e-4 -8.45593e-4 -0.9999994 2.3768e-4 0.01394325 -0.9999029 -1.20895e-4 0.003832519 -0.9999927 -3.35369e-4 0.009685039 -0.999953 2.7969e-4 7.62381e-4 -0.9999998 3.28636e-4 0.002262115 -0.9999974 3.07644e-4 0.002174973 -0.9999977 2.79787e-4 8.78701e-4 -0.9999997 2.90358e-5 -8.05641e-4 -0.9999998 3.06775e-4 0.002193093 -0.9999976 1.29547e-4 -7.74116e-4 -0.9999997 1.48189e-5 -4.83456e-4 -0.9999999 1.29958e-4 -6.58434e-4 -0.9999998 -7.69576e-4 0.008957922 -0.9999596 -8.14896e-4 0.01436352 -0.9998965 -6.41431e-4 0.003296613 -0.9999945 -6.8377e-4 0.003261983 -0.9999945 -8.159e-4 0.01435196 -0.9998967 -1.20774e-4 0.003862857 -0.9999926 -6.80708e-4 0.003262341 -0.9999945 -1.25723e-4 0.003789424 -0.9999929 -4.13924e-4 -4.19239e-4 -0.9999999 -4.14536e-4 -3.84099e-4 -0.9999999 -1.23513e-4 0.003824114 -0.9999927 2.38815e-4 0.0139333 -0.999903 9.58058e-4 0.01032435 -0.9999462 -6.8028e-4 -0.004804253 -0.9999883 -2.6717e-4 0.005156457 -0.9999868 -5.50089e-4 -0.005216598 -0.9999862 3.60222e-4 0.005244016 -0.9999862 1.67424e-4 0.006241083 -0.9999805 6.83949e-4 -0.001312136 -0.999999 7.03174e-4 -0.001364648 -0.9999989 -6.87026e-4 -0.00480771 -0.9999882 -5.33628e-4 -0.005156576 -0.9999867 -3.2376e-4 -0.01205587 -0.9999273 -0.001046299 -9.24924e-4 -0.9999991 -2.72311e-4 0.005114793 -0.999987 0 0 -1 -2.67971e-4 0.005188405 -0.9999865 1.66959e-4 0.006269395 -0.9999804 5.09065e-4 0.008701503 -0.999962 5.04919e-4 0.008684754 -0.9999622 -3.24873e-4 -0.01205974 -0.9999272 7.12451e-4 0.008725404 -0.9999617 -0.001450121 -0.01825493 -0.9998324 -0.001974105 -0.01424181 -0.9998967 -0.003125965 -0.009792745 -0.9999472 -0.001913964 -0.01331591 -0.9999096 2.65699e-4 -0.004306197 -0.9999907 7.14025e-4 -0.001357674 -0.9999989 7.10617e-4 -0.001348078 -0.9999989 2.66993e-4 -0.004336237 -0.9999907 7.61955e-4 -0.001204013 -0.999999 7.63338e-4 -0.001210749 -0.9999991 0.001438975 0.1082248 -0.9941255 0.002313971 0.06529593 -0.9978633 1.13654e-4 0.03353059 -0.9994377 0 0 -1 0 0 -1 0 0 -1 -1.64488e-4 -5.51242e-4 -0.9999999 -2.7296e-4 -6.13121e-4 -0.9999998 -1.37133e-4 -4.59351e-4 -0.9999999 0 0 -1 -1.07357e-4 -3.59254e-4 -1 -3.01001e-4 -7.07646e-4 -0.9999998 -0.001796185 -0.001304447 -0.9999976 -0.001750707 -0.001240789 -0.9999977 -4.66467e-4 -5.93614e-4 -0.9999997 -0.001765966 -0.001287937 -0.9999976 -5.29401e-4 -0.001131892 -0.9999992 -1.88076e-4 1.16594e-4 -1 0.002742111 -0.01755684 -0.9998422 -0.001028954 -0.004455447 -0.9999896 -3.4802e-4 0.001992762 -0.999998 -0.001091599 -0.001168906 -0.9999988 0 0 -1 -4.18138e-4 -0.004405975 -0.9999903 -0.001026868 -0.004447519 -0.9999896 -0.001950621 1.68558e-4 -0.9999982 -0.001090764 -0.001165747 -0.9999988 -0.001083076 -0.001157701 -0.9999988 -0.001949727 1.72954e-4 -0.9999982 -3.98744e-4 0.00309658 -0.9999952 -0.001091003 -0.001166999 -0.9999988 -3.73825e-4 0.003044784 -0.9999953 7.97109e-4 0.001582503 -0.9999985 6.48922e-4 0.001837313 -0.9999982 -4.02855e-4 0.00308901 -0.9999952 0.001300036 -4.84231e-4 -0.9999991 6.07238e-4 0.001878321 -0.9999981 0.001304388 -4.89668e-4 -0.9999991 9.16024e-4 0.002537131 -0.9999964 8.6435e-4 0.002698123 -0.999996 0.001301109 -4.86e-4 -0.9999991 -5.16931e-6 -0.00218451 -0.9999976 9.85831e-4 -0.002261042 -0.999997 9.86694e-4 -0.002300441 -0.999997 -2.19361e-6 -0.002187371 -0.9999976 -4.16561e-4 -0.004385173 -0.9999903 9.85053e-4 -0.002295911 -0.9999969 -4.17481e-4 -0.004415154 -0.9999902 5.52485e-4 -0.007981836 -0.999968 -5.94277e-6 -0.00219202 -0.9999976 -8.59919e-4 -0.006428599 -0.999979 -4.1959e-4 -0.004408597 -0.9999902 -8.53113e-4 -0.006385207 -0.9999793 3.00422e-4 0.004336059 -0.9999906 6.13386e-4 0.004299461 -0.9999906 3.89421e-4 0.01118516 -0.9999374 0 0.008022606 -0.9999679 8.15559e-4 -0.00349009 -0.9999936 8.15779e-4 -0.003477573 -0.9999937 9.85433e-4 -0.002310037 -0.9999969 0.00129193 -0.005365073 -0.9999849 7.98021e-4 -0.003561258 -0.9999933 0.001291513 -0.005357503 -0.9999849 5.46057e-4 -0.05082333 -0.9987076 7.17636e-4 -0.146381 -0.9892281 3.81235e-4 -0.0774849 -0.9969935 -0.001083612 -0.001158475 -0.9999988 8.60177e-4 0.001521229 -0.9999986 4.58622e-4 -0.003948271 -0.9999921 -0.001710772 3.51963e-4 -0.9999986 6.31827e-4 0.001862645 -0.9999981 -0.005217254 0.00256741 -0.9999831 -0.005214452 0.00252974 -0.9999833 6.63636e-4 0.001803934 -0.9999982 -0.001866638 -0.001303195 -0.9999975 -0.002936005 -9.9673e-4 -0.9999953 -0.00294429 -9.99279e-4 -0.9999952 -0.001853227 -0.001275241 -0.9999975 -1.81373e-4 1.97929e-4 -1 -0.002904891 -9.87168e-4 -0.9999953 0 0 -1 -0.001024484 -0.004437386 -0.9999896 0.002611696 -0.01825487 -0.99983 0.007768929 -0.0529921 -0.9985647 5.32084e-4 -0.01552259 -0.9998794 -8.48787e-4 -0.005244433 -0.9999859 -0.001023888 -0.004437506 -0.9999896 -8.4195e-4 -0.005205512 -0.9999861 -0.002905011 -9.86815e-4 -0.9999953 0.001495182 0.01907205 -0.9998171 4.55254e-4 -0.003974556 -0.999992 6.4773e-4 0.001841664 -0.9999982 -0.001713395 3.6414e-4 -0.9999986 0.8133764 0.1016962 0.5727798 0.9278751 0.2527845 0.274131 0.9278665 0.252808 0.2741384 0.8702574 0.4770945 0.1226088 0.9279101 0.2528613 0.2739416 0.7829931 0.6086425 -0.1283595 -0.1718685 -0.01861405 -0.9849441 -0.05034488 0.01769143 -0.9985753 -0.1091132 0.1212543 -0.9866062 -0.003507792 0.1494377 -0.988765 -0.1092011 0.1213875 -0.9865801 -0.00344938 0.149534 -0.9887506 -0.0516172 0.2245913 -0.973085 -0.009313523 0.009033977 -0.9999158 -0.1412485 -0.01616382 -0.9898423 -0.01933336 -0.01138681 -0.9997484 -0.05234938 -0.01127451 -0.9985653 0.1668691 -0.03107661 -0.9854892 0.1699801 0.08670985 -0.9816253 0.2093268 0.02568858 -0.9775084 0.167048 -0.03110206 -0.9854581 0.1599243 -0.0334686 -0.9865618 -0.01931971 -0.01140308 -0.9997484 0.005743503 0.002239525 -0.999981 -0.5604264 -0.07982951 -0.8243479 0.0225616 0.009068489 -0.9997044 -0.5372008 -0.1391371 0.8318992 -0.173175 -0.05479288 0.9833658 -0.6148966 -0.1971847 0.7635577 -0.4865841 -0.09902024 0.868004 -0.8190032 -0.2569434 0.5130438 -0.7090151 -0.1689038 0.6846672 -0.9640364 -0.2029971 0.1715405 -0.9640601 -0.2029519 0.1714603 -0.5949859 -0.1210466 0.7945687 -0.6560265 0.0185759 0.7545092 -0.6240004 0.1268236 0.7710637 -0.8909378 0.1676014 0.4220658 -0.7247021 0.4671466 0.5065383 -0.2603016 0.6406065 0.7224032 -0.5435448 0.3002324 0.7838493 -0.3382678 0.595254 0.7288673 -0.8626034 0.3637193 0.3516016 -0.9663276 0.2398405 0.09320682 -0.8677374 0.4632708 0.1800333 9.12835e-4 0.003971159 -0.9999918 -0.001247406 -0.01240557 -0.9999223 0 0 -1 0.002930581 0.01716929 -0.9998484 9.24226e-4 0.004022955 -0.9999915 0.001024842 0.01406931 -0.9999005 -8.37883e-4 0.004728019 -0.9999886 0.002738535 0.01211845 -0.9999229 -0.002047657 -0.02000045 -0.9997979 -0.00737071 -0.0380122 -0.9992502 -0.005667865 -0.001802146 -0.9999824 -0.00283426 -0.002221107 -0.9999936 -0.008934199 0.00440967 -0.9999504 -0.004037678 -0.008212804 -0.9999582 -5.34195e-5 -0.004562675 -0.9999896 3.66374e-4 0.01250463 -0.9999217 0.001013517 8.89732e-4 -0.9999992 4.07052e-4 -0.00175631 -0.9999984 3.70845e-4 -0.001832425 -0.9999983 8.2868e-4 7.27308e-4 -0.9999995 0 0 -1 -0.001525163 0.00176382 -0.9999973 -5.33297e-4 0.003121972 -0.9999951 -8.18648e-4 0.004770278 -0.9999883 -5.34481e-4 0.003110349 -0.9999951 -3.09949e-4 -3.17255e-5 -1 3.44393e-4 -0.001722991 -0.9999985 -0.001246929 -0.0124011 -0.9999223 -0.001524209 0.001735866 -0.9999973 -8.17507e-4 0.0047881 -0.9999882 -6.99803e-4 0.003547191 -0.9999935 -6.99456e-4 0.00352317 -0.9999936 -8.16815e-4 0.004766464 -0.9999883 0.001526594 0.006479501 -0.999978 -6.80976e-4 0.003432571 -0.999994 0.001517593 0.00643897 -0.9999781 0.003207325 0.01568615 -0.9998719 6.2927e-5 -0.007847428 -0.9999692 -0.001024365 0.00192064 -0.9999977 3.52433e-4 0.00200653 -0.9999979 -7.15797e-4 0.001814484 -0.9999981 -7.27085e-4 0.001857042 -0.9999981 3.59117e-4 0.002044081 -0.9999979 -7.29121e-4 -0.002460896 -0.9999968 -2.61241e-4 -0.004725039 -0.9999889 -0.001118361 0.001973688 -0.9999974 -7.12496e-4 0.001811325 -0.9999981 -0.002785325 0.002022385 -0.9999941 -7.73907e-4 -0.004662096 -0.9999889 -0.001038849 0.001942455 -0.9999976 -0.002506971 9.30231e-4 -0.9999965 -0.002489984 0.001211583 -0.9999963 -0.001208782 0.00186485 -0.9999976 -0.002919733 -0.0175994 -0.9998409 -0.002621293 -0.01814943 -0.9998319 0.001831948 0.003229558 -0.9999932 4.20563e-4 -6.98151e-4 -0.9999998 -5.69675e-4 7.65568e-4 -0.9999997 5.89362e-4 4.46486e-4 -0.9999998 4.17402e-4 6.45735e-4 -0.9999998 -5.49879e-4 6.95906e-4 -0.9999997 -9.79766e-4 4.46586e-4 -0.9999995 3.5793e-4 5.67724e-4 -0.9999998 -9.57184e-4 4.42801e-4 -0.9999995 -7.70102e-4 -0.00463438 -0.999989 -9.57178e-4 4.42814e-4 -0.9999995 -6.19865e-4 -8.53253e-4 -0.9999995 -3.17797e-4 -0.001842379 -0.9999983 4.40562e-4 -7.41946e-4 -0.9999997 4.1034e-4 -7.44185e-4 -0.9999997 -3.25913e-4 -0.001892268 -0.9999982 4.26865e-4 -0.001532673 -0.9999988 4.21998e-4 -6.93208e-4 -0.9999997 4.46745e-4 -0.00145328 -0.9999989 -4.19155e-4 7.53088e-4 -0.9999997 -6.18899e-4 -8.51692e-4 -0.9999995 -7.12715e-4 7.47481e-5 -0.9999998 -4.80799e-4 -0.001825153 -0.9999983 0 0 -1 0 0 -1 0.001951098 0.01577806 -0.9998736 0 0 -1 0 0 -1 4.62338e-4 9.47901e-4 -0.9999995 0 0 -1 4.62418e-4 9.47862e-4 -0.9999995 -3.18809e-4 0.001005291 -0.9999995 -3.24721e-4 0.001050055 -0.9999994 4.5841e-4 9.45429e-4 -0.9999995 -7.09069e-4 1.4016e-4 -0.9999998 -3.5238e-4 9.50831e-4 -0.9999995 -7.39668e-4 1.44376e-5 -0.9999998 -0.001085579 -0.001381456 -0.9999985 -0.001068174 -8.59555e-4 -0.9999991 -7.43055e-4 4.23958e-5 -0.9999998 -5.88884e-4 -8.51508e-4 -0.9999995 6.69818e-4 -0.01388818 -0.9999034 -1.98028e-4 -0.02451485 -0.9996995 0.001484751 0.008480608 -0.999963 0.0108428 0.1030373 -0.9946184 6.30199e-4 0.004359424 -0.9999903 -1.29035e-4 -8.36778e-4 -0.9999997 6.69345e-4 -0.01387006 -0.9999037 -1.28385e-4 -8.2002e-4 -0.9999997 0.001958847 -0.007932662 -0.9999666 0.003834903 0.05377525 -0.9985457 0.01159119 0.1239849 -0.9922164 -3.15934e-4 -0.01859605 -0.9998271 -0.002539992 -0.01054543 -0.9999412 -0.00622648 -0.0209859 -0.9997605 -3.07125e-4 -0.01856726 -0.9998276 -0.00253582 -0.01053619 -0.9999413 -0.001529574 -0.02194368 -0.9997581 0.00182861 -0.04333645 -0.9990589 -0.002126693 -0.00152266 -0.9999967 -0.003588795 -0.006963968 -0.9999693 -0.003559231 -0.006972193 -0.9999694 -0.002102732 -0.00145024 -0.9999968 -0.00103116 -0.006214737 -0.9999802 -0.003561019 -0.006991088 -0.9999693 -0.001029729 -0.00622785 -0.9999802 -3.78976e-4 -0.009655952 -0.9999534 -3.73808e-4 -0.009622871 -0.9999536 -0.001110494 -0.00604397 -0.9999811 -1.33183e-4 -8.60056e-4 -0.9999997 0.001171708 0.00224471 -0.9999968 0.001175343 0.002264797 -0.9999969 -1.76574e-4 -7.96629e-4 -0.9999998 6.44089e-4 0.004279673 -0.9999907 -0.001678407 -3.80333e-4 -0.9999986 -0.001839697 -0.008330464 -0.9999637 -0.001516222 -0.01251816 -0.9999205 -0.001446485 -0.008836507 -0.99996 4.62253e-4 9.47943e-4 -0.9999995 5.85027e-4 9.43991e-4 -0.9999995 0 0 -1 -0.001142978 0.006389617 -0.999979 -5.16817e-4 7.38363e-4 -0.9999996 -0.004328906 0 -0.9999907 -0.001003146 4.47002e-4 -0.9999994 0.002365469 0.01084655 -0.9999384 3.6553e-4 0.01248234 -0.999922 0.001386702 0.01326036 -0.9999111 0.001383602 0.01325851 -0.9999112 3.66772e-4 0.01249939 -0.9999219 3.21381e-4 -0.002014338 -0.999998 4.47686e-4 -4.55564e-4 -0.9999999 4.06208e-4 -0.001110672 -0.9999994 3.83663e-4 -0.001445531 -0.9999989 -2.53823e-4 -1.56395e-4 -1 0.002367138 0.01080465 -0.9999389 0.001400947 0.01327121 -0.999911 0.003212571 0.01571995 -0.9998713 0.001519262 0.006483495 -0.9999779 0.002493977 -0.001956939 -0.999995 0.001068174 -0.02582722 -0.9996659 4.18902e-4 -0.03711116 -0.9993111 6.37215e-4 -0.05642604 -0.9984067 -0.9203965 0.2857749 0.266839 -0.9873166 0.1572927 -0.02156364 -0.9970843 -0.006307303 0.07604801 -0.9866209 -0.1605221 -0.02849853 -0.9142945 -0.3157262 0.2537374 -0.8150988 -0.5705823 0.1002494 -0.6636295 -0.4132357 0.623564 -0.7820923 -0.5076185 0.3614627 -0.5995112 -0.3882322 0.6999015 -0.4719715 -0.2974822 0.8299081 -0.2736509 -0.176326 0.9455287 -0.3500357 -0.3722164 0.8596104 -0.150018 -0.200653 0.968108 -0.1688961 -0.5104936 0.8431314 -0.9756674 -0.003225624 -0.2192325 -0.9807375 0.1834071 -0.0672006 -0.8117793 0.5741286 -0.1067274 -0.8117344 0.5742118 -0.1066204 -0.9101024 0.4139701 -0.01850897 -0.7148967 0.6990746 -0.01474815 -0.8116983 0.574239 -0.1067489 -0.560219 0.8272189 0.04317134 -0.2480592 0.9627497 -0.107609 0.06861108 -0.002680957 0.99764 0.03327339 -0.003586888 0.99944 0.02288603 -9.09717e-4 0.9997377 -0.02207601 0.001185655 0.9997557 -0.03206527 0.00401318 0.9994778 -0.06613332 0.00356549 0.9978045 7.65668e-5 -0.007136821 0.9999746 -0.0086326 -0.004250764 0.9999537 -0.001069724 -0.001253664 0.9999987 6.20261e-4 0.003707408 0.999993 0.009636819 0.006227791 0.9999342 0.005146503 0.00775659 0.9999567 0.8753972 -0.4823315 0.03219038 0.4727693 -0.8809492 0.02043884 0.406541 -0.9109346 -0.07016038 0.1177008 -0.9926218 0.02912807 -0.242565 -0.9643077 -0.1061734 -0.3783073 -0.9242095 -0.05215644 -0.2426743 -0.9642634 -0.1063267 -0.5791586 -0.8125591 0.06575071 -0.8329357 -0.5511834 -0.04914426 0.9350531 -0.2682828 0.2317333 0.9885007 -0.1462388 -0.03847956 0.9978603 0.01306182 0.06406456 0.9865354 0.1612677 -0.02721518 0.9142123 0.3158184 0.2539185 -0.8293096 -0.1031849 0.54918 -0.9346231 -0.2472533 0.2556276 -0.9346044 -0.2473047 0.2556464 -0.8752872 -0.4730632 0.100417 -0.9346387 -0.2473348 0.2554917 -0.7834802 -0.6037286 -0.1472092 -0.4583005 -0.8887413 0.009992659 -0.2344318 -0.9721232 -0.004302561 -0.002707362 -0.9999842 0.004936993 0.2202287 -0.9753583 0.01325732 -0.002500951 -0.999985 0.004873752 0.440643 -0.8976803 -0.001990556 -7.47037e-6 0 1 7.47037e-6 0 1 -5.62978e-6 0 1 -5.83371e-7 0 1 -1.03471e-6 0 1 -9.88176e-7 0 1 1.80071e-6 0 1 1.83682e-6 0 1 1.24212e-4 0 1 7.27464e-6 0 1 -6.31328e-5 0 1 1.80071e-6 0 1 -1.95223e-6 0 1 -1.27078e-5 0 1 -3.93356e-7 0 1 -5.83414e-7 0 1 -0.4584823 -0.8886479 0.009955525 -0.6530526 -0.7572151 0.01215136 -0.8872011 -0.4613233 -0.007416844 -0.8872662 -0.4611982 -0.007411241 -0.8094825 -0.5871333 -0.003587365 -0.9587976 -0.2840902 4.05433e-5 -0.8872869 -0.4611584 -0.007410943 -0.998076 -0.06107854 0.01066863 -0.9942212 0.1070345 0.008235931 -0.7590196 -0.6509633 -0.01167911 -0.8896242 -0.4565625 0.01094406 -0.9669449 -0.2548657 0.007812976 -0.9973763 0.07067716 -0.01565957 -0.9669938 -0.2546784 0.007873058 -0.9313817 0.3640418 -0.001362144 1 0 0 0.9999999 4.79388e-4 0 0.9999999 4.79384e-4 0 0.9998703 4.94081e-4 -0.01609897 0.9998708 4.96242e-4 -0.0160709 1 5.28008e-4 -1.01641e-6 0.9997077 7.42434e-4 -0.02416634 0.9988315 0 -0.0483309 0.4407967 -0.897605 -0.001960515 0.6650029 -0.7467892 -0.008783161 0.9010663 -0.4336507 0.005157411 0.9011134 -0.4335529 0.00517553 0.8270109 -0.5621727 0.003840446 0.9742624 -0.2253243 -0.006457507 0.9868259 -0.161619 0.0073511 0.5435173 -0.8393456 0.009380698 0.8590607 -0.5116828 -0.01397716 0.9374665 -0.347806 -0.01369541 0.9864842 -0.1637812 -0.004970908 0.937524 -0.3476495 -0.01373773 0.995755 0.09096258 -0.01406991 0.8561205 0.5163308 0.02145606 0.7124992 0.7016727 6.35482e-4 0.4904811 0.8714359 -0.005283117 0.2452823 0.9693468 0.01426351 0.4903331 0.8715187 -0.005336523 0.02237087 0.9997326 0.005877733 0.5114697 -0.6592639 0.5511534 0.62247 -0.6193357 0.4784919 0.6282558 -0.6197863 0.4702762 0.7503242 -0.5667191 0.3403577 0.6282204 -0.619755 0.4703646 0.7503204 -0.566681 0.340429 0.7482683 -0.5055355 0.4295678 0.7993068 -0.5381209 0.2674598 0.7503901 -0.5666711 0.340292 0.8460003 -0.452225 0.2824469 0.8321677 -0.4092167 0.3742175 0.7352197 -0.3794445 0.5616706 0.8459786 -0.4521577 0.2826192 0.8450493 -0.1794153 0.5036881 -0.8303915 0.4942543 0.2572208 -0.7058957 0.4844209 0.5167665 -0.5535087 0.3305247 0.7644486 -0.3874863 0.2327727 0.8920041 -0.5154303 0.856186 0.03573781 -0.6669074 0.7451087 -0.006910264 -0.6668005 0.7452048 -0.006863534 -0.7936157 0.6064223 -0.04925614 0.1550019 -0.9879087 0.003304183 -0.1508491 -0.9883539 0.02003282 -0.4668607 -0.88433 -0.001263678 -0.6690696 -0.7431703 -0.006623029 -0.4670402 -0.8842353 -0.001223742 -0.8337336 -0.5519496 0.01549094 -0.9352967 -0.3498223 0.05333447 -0.8537679 -0.5205122 0.01215374 -0.8538504 -0.5203754 0.012205 -0.7403687 -0.6715567 -0.02942627 -0.9999401 9.96368e-4 -0.01090264 -0.9992659 -0.002587616 0.03822648 -0.9963747 -0.08453875 0.009530544 -0.972887 0.2292948 0.03024351 -0.8857955 0.4640749 0.001008927 -0.7007222 0.7134132 0.005479753 -0.6415933 0.7670349 -0.003939509 -0.5171897 0.8558707 -6.44286e-4 -0.4483851 0.8938307 -0.004190742 -0.307183 0.9516444 -0.003420531 -0.2331781 0.9724158 -0.00595808 -0.05207067 0.9830328 0.1758837 -0.004809975 0.9999827 -0.003393411 0.130815 0.9757863 0.1752953 0.2252183 0.9742954 -0.005031943 0.370949 0.9286484 -0.003027498 0.4413614 0.8973241 -0.003107011 0.5918909 0.7914304 0.1526536 0.6339979 0.7733346 5.6089e-4 0.73646 0.6375384 0.2262111 0.7940988 0.607784 0.002410769 0.8652428 0.4567852 0.2066451 0.9122844 0.4095557 -0.001116752 0.9399172 0.2505571 0.2318983 0.9814556 0.1916035 -0.005768179 0.9869734 0.05510622 0.1511521 0.9991738 -0.03973895 -0.008525252 0.966026 -0.2224149 0.1316256 0.9641671 -0.265296 1.47161e-5 0.9111722 -0.3893824 0.1347094 0.8783631 -0.477991 -0.001781582 0.7639493 -0.6259345 0.1568046 0.7443159 -0.6678183 -0.00354737 0.6370221 -0.7545047 0.1578776 0.5734107 -0.8192654 0.002142727 0.4417277 -0.8971448 0.002815008 0.3708733 -0.9286791 0.002880096 0.1901838 -0.9657351 0.176595 0.148312 -0.9889364 -0.00291264 0.009926855 -0.9844253 0.1755233 -0.08106577 -0.9967077 0.001513063 -0.2329506 -0.9724882 9.69708e-4 -0.3067702 -0.9517826 0.001435875 -0.4487745 -0.8936408 -0.002760708 -0.5162369 -0.8564321 -0.004870831 -0.6420003 -0.7666516 -0.00900501 -0.6992417 -0.7148543 -0.00665903 -0.8875337 -0.4605454 -0.01349276 -0.9998838 0.008634567 -0.01256453 -0.9735648 -0.1203817 0.1941132 -0.9998344 -0.004349648 0.01767987 0.8036484 -0.2872624 0.5211811 0.776935 0.3866941 0.4968298 0.8652411 0.4567418 0.2067489 0.6453747 0.3023296 0.7014901 0.8895712 0.2382353 0.3897526 0.943543 -0.3311791 -0.006875693 0.8428498 -0.5379508 0.01460862 0.7127254 -0.7013269 0.01277738 0.4442634 -0.8958507 -0.009028375 0.7125711 -0.7014822 0.01285088 0.1551304 -0.9878884 0.003326475 0.8632676 -0.2013663 -0.4628399 0.9777647 0.00493884 -0.2096469 0.9951646 0.00245881 -0.09819173 0.992909 0.09042322 -0.0771718 0.9777997 0.005040705 -0.2094815 0.8767673 0.4771142 0.06034463 0.9866622 0.1610267 0.02383965 0.8767293 0.4771844 0.0603407 0.92517 0.2591845 0.2772797 0.79914 0.5987012 0.05415105 0.7215579 0.6889513 0.0685597 0.4987686 0.7638968 0.409502 -0.4989712 0.8626751 0.08258104 -0.286063 0.8768991 0.3862849 -0.1378163 0.8878417 0.4390262 -0.06609916 0.9369187 0.3432407 -0.2025434 0.8968125 0.3933238 -0.05030584 0.9455444 0.3215825 -0.0661363 0.9369496 0.3431493 -0.1539663 0.9878525 -0.02102094 -0.9362487 0.2891837 0.1995276 -0.841906 0.5362105 0.06060171 -0.8563274 0.5157411 0.02673161 -0.8667845 0.4891842 -0.09686887 -0.8419075 0.5362325 0.06038767 -0.733277 0.6777709 -0.05414479 -0.8563026 0.5157838 0.02670496 -0.7332589 0.6778037 -0.05397707 -0.683331 0.7280097 0.05532509 -0.6667932 0.7333006 -0.1328799 -0.7332038 0.6778552 -0.05407953 -0.5597922 0.8268328 -0.05459213 -0.6832673 0.7280738 0.05526632 -0.5598037 0.8268339 -0.05445891 -0.4967267 0.8678029 -0.01344078 -0.514912 0.8371644 -0.1844496 -0.5596899 0.8269032 -0.05457603 -0.4240591 0.9025679 -0.07446539 -0.426429 0.903508 -0.04279696 -0.0127471 0.01169812 0.9998503 -0.004072248 0.0101034 0.9999407 -0.005079209 0.002364218 0.9999843 -0.005072593 0.002360045 0.9999845 -0.004088759 0.01010626 0.9999406 0.005536615 -0.007603466 0.9999558 0.00608915 -0.01561689 0.9998596 0.01920717 -0.01807689 0.9996522 0.8848839 0.4658089 0.001590251 0.5955858 0.8028318 -0.02718079 0.3020471 0.9532193 0.01185888 0.3019645 0.9532459 0.01181811 0.422133 0.9064598 -0.01159596 0.05821239 0.9981773 0.01591992 0.01497632 0.9996571 0.02148139 0.2844116 0.9548378 0.08599483 0.03411436 0.998763 0.03617626 -0.1533522 0.9876968 0.03063106 0.03402882 0.998764 0.03622996 -0.1533886 0.9876888 0.03070682 -0.3193362 0.9471243 0.03130781 -0.05552089 0.9887133 -0.1391528 -0.008233129 0.9808418 0.1946321 0.2380686 0.9672654 0.08786988 -0.008181095 0.9808065 0.1948121 -0.2572699 0.9220466 0.2892097 0.04003894 0.8612453 0.50661 -0.9371762 0.3271328 -0.1211823 -0.8526419 0.5002055 0.1509847 -0.8526415 0.5002061 0.1509853 -0.8525691 0.5002971 0.1510929 -0.8525611 0.5002941 0.1511473 -0.3423637 0.799489 0.4935632 -0.1073178 0.3872737 0.9156976 -0.4251006 0.03097665 0.9046159 -0.02704352 0.06286948 0.9976554 -0.3818635 -0.04786455 0.9229785 -0.02701884 0.06274843 0.9976636 -0.2132838 -0.04270553 0.9760566 -0.1730343 -0.05475509 0.9833927 -4.02296e-4 -0.001134276 0.9999993 0.001533269 -0.00112617 0.9999983 0.005224764 5.57005e-4 0.9999863 -0.009196877 0.002367377 0.9999549 0.004691839 -4.59037e-4 0.9999889 5.08234e-4 -6.32872e-4 0.9999998 -0.006596088 0.03279846 0.9994403 0.008579134 0.01635807 0.9998294 -0.07758104 -0.002082347 0.996984 0.0846436 0.03478926 0.9958039 -0.008767545 -0.05454999 0.9984726 -0.05212223 -0.137605 0.9891148 -0.005070984 -6.93128e-4 0.999987 -0.08623814 0.09160232 0.9920545 0.01937037 0.00321114 0.9998073 -0.05593144 0.04781121 0.9972892 -0.2732355 0.04991513 0.9606513 -0.03203076 0.1638981 0.9859572 0.203813 -0.07360005 0.9762395 0.1059546 -0.2193151 0.9698838 0.07182335 -0.1331896 0.9884846 0.2677255 -0.2216902 0.9376441 0.08746349 0.05020982 0.9949017 0.08481806 0.07517021 0.993557 0.184476 0.1411805 0.9726442 0.002323031 0.005776047 0.9999806 -0.04604893 0.04247343 0.9980359 0.08474302 0.07510799 0.993568 2.40578e-4 0.005309402 0.9999859 0.02373194 0.01490581 0.9996072 -0.001814961 -0.005524277 0.9999832 -0.00156635 -0.003223001 0.9999937 -0.09585678 0.0999372 0.9903656 -0.001552104 -0.002309262 0.9999961 -0.1112496 0.01376903 0.9936971 0.01564699 0.03039979 0.9994153 -0.0652998 0.2426059 0.9679248 0.1162261 0.02756959 0.9928401 0.02496325 -0.009719252 0.9996412 -0.004631638 -0.1498964 0.9886909 0.06140029 0.12322 0.9904781 -0.001580238 -0.005396425 0.9999843 0.01581859 0.1186757 0.9928072 -0.001828312 0.004029512 0.9999902 -0.03602606 0.468532 0.8827117 -0.009444892 0.5550097 0.8317903 0.06692337 0.3267266 0.9427465 -0.009370863 0.5551587 0.8316916 0.1171691 0.558072 0.8214785 0.2040909 0.956316 0.2093005 0.1630867 0.8561579 0.4903025 0.1507268 0.355571 0.9224157 0.06698161 0.3266456 0.9427706 0.01570022 0.03048038 0.9994121 0.03671336 0.009574532 0.99928 0.04435443 -0.01928937 0.9988297 0.01978516 -0.02468347 0.9994996 -0.004139065 -0.05102628 0.9986888 -0.006539702 -0.02154636 0.9997466 -0.01419007 -7.25398e-4 0.9998992 -0.01076483 0.00191003 0.9999403 -0.006419241 0.004326879 0.9999701 0.005093216 0.003699064 0.9999803 0.004320502 0.00412935 0.9999822 0.02597922 0.9996483 0.005329966 0.2635924 0.9645819 0.01004838 0.5762702 0.8172511 -0.003632009 0.576389 0.8171676 -0.003609359 0.4596416 0.8881041 -8.48692e-4 0.7295236 0.6839412 0.00446546 0.7703083 0.6376129 -0.008669078</float_array>
          <technique_common>
            <accessor source="#mh00400-j00_lk0_1-mesh-normals-array" count="3944" stride="3">
              <param name="X" type="float"/>
              <param name="Y" type="float"/>
              <param name="Z" type="float"/>
            </accessor>
          </technique_common>
        </source>
        <vertices id="mh00400-j00_lk0_1-mesh-vertices">
          <input semantic="POSITION" source="#mh00400-j00_lk0_1-mesh-positions"/>
        </vertices>
        <triangles material="Surface_1-material" count="2604">
          <input semantic="VERTEX" source="#mh00400-j00_lk0_1-mesh-vertices" offset="0"/>
          <input semantic="NORMAL" source="#mh00400-j00_lk0_1-mesh-normals" offset="1"/>
          <p>0 0 1 1 2 2 2 2 1 1 3 3 2 2 3 3 4 4 4 4 3 3 5 5 4 4 5 5 6 6 6 6 5 5 7 7 8 8 9 8 10 8 11 9 12 9 13 9 14 10 3 11 1 12 15 13 16 13 17 13 18 14 0 15 2 16 1 17 19 18 14 19 20 20 21 20 22 20 23 21 24 22 25 23 25 23 26 24 23 21 23 21 26 24 27 25 23 21 27 25 28 26 16 27 8 28 17 29 17 29 8 28 10 30 9 31 20 32 10 33 10 33 20 32 22 34 29 35 26 36 30 37 30 37 26 36 25 38 26 39 29 40 27 41 27 41 29 40 31 42 27 43 31 44 28 45 28 45 31 44 32 46 30 47 25 48 33 49 33 49 25 48 24 50 34 51 35 51 36 51 36 51 35 51 37 51 38 52 23 53 32 54 32 54 23 53 28 55 39 56 40 56 41 56 41 56 40 56 42 56 36 57 37 57 42 57 42 57 37 57 41 57 43 58 44 58 34 58 34 59 44 59 35 59 13 60 22 61 11 62 11 62 22 61 21 63 44 64 43 64 45 64 45 64 43 64 46 64 18 65 19 66 0 67 0 68 19 69 1 70 45 71 46 71 39 71 39 72 46 72 40 72 12 73 15 74 13 75 13 75 15 74 17 76 13 77 17 78 22 79 22 80 17 81 10 82 23 83 38 84 24 85 24 85 38 84 33 57 47 86 48 87 49 88 49 89 48 90 50 91 51 92 52 93 53 94 53 95 52 96 50 97 53 95 50 97 48 98 51 99 53 100 54 101 54 102 53 103 55 104 54 102 55 104 56 105 56 105 55 104 57 106 58 107 59 108 60 109 60 109 59 108 48 110 60 109 48 110 47 111 40 112 46 112 42 112 42 112 46 112 43 112 42 112 43 112 36 112 36 112 43 112 34 112 4 113 61 114 2 115 2 116 61 117 18 118 19 119 55 120 14 121 14 121 55 120 53 122 14 121 53 122 62 123 55 120 19 119 59 124 19 119 18 125 59 124 59 124 18 125 61 126 59 124 61 126 48 127 48 127 61 126 63 128 48 127 63 128 64 129 48 127 64 129 53 122 53 122 64 129 65 130 53 122 65 130 62 123 61 131 4 132 63 133 63 134 4 135 6 136 63 134 6 136 64 137 64 137 6 136 7 138 64 137 7 138 65 139 65 139 7 138 5 140 65 139 5 140 62 141 62 142 5 143 3 144 62 145 3 146 14 147 58 148 66 149 59 150 59 150 66 149 67 151 59 150 67 151 55 152 55 152 67 151 57 153 68 154 69 155 70 156 71 157 72 158 73 159 74 160 75 161 76 162 77 163 78 164 79 165 80 166 81 167 75 168 82 169 83 170 84 171 85 172 86 173 87 174 88 175 89 175 90 175 71 176 91 177 92 178 93 179 94 180 95 181 73 182 96 183 71 184 97 185 98 186 99 187 100 188 101 189 102 190 103 191 102 192 104 193 105 194 106 195 107 196 99 197 108 198 97 199 109 200 76 201 110 202 111 203 112 204 113 205 108 206 99 207 114 208 115 209 116 210 117 211 118 212 119 212 120 212 120 213 121 213 118 213 122 214 123 215 124 216 125 217 126 217 127 217 128 218 129 219 130 220 75 221 74 222 80 223 131 224 121 224 120 224 132 225 133 225 134 225 94 226 93 227 135 228 120 229 119 229 131 229 81 230 80 231 136 232 137 233 138 234 139 235 102 236 103 237 100 238 140 239 141 240 142 241 138 242 137 243 143 244 143 245 144 246 138 247 138 247 144 246 145 248 138 247 145 248 146 249 144 246 147 250 145 248 147 250 144 246 148 251 148 251 144 246 149 252 148 251 149 252 150 253 150 253 149 252 151 254 150 253 151 254 152 255 152 255 151 254 153 256 152 255 153 256 154 257 154 257 153 256 155 258 154 257 155 258 156 259 156 57 155 260 157 57 156 57 157 57 158 57 158 261 157 261 159 261 158 262 159 262 160 263 160 264 159 57 161 265 160 264 161 265 162 266 144 246 163 267 149 252 164 268 151 254 149 252 151 254 165 269 153 256 160 264 162 266 166 270 166 270 162 266 167 271 146 249 168 272 138 247 138 247 168 272 139 273 146 249 169 274 168 272 168 272 169 274 170 275 168 272 170 275 171 276 171 276 170 275 172 277 171 276 172 277 173 278 173 278 172 277 174 279 173 278 174 279 175 280 175 280 174 279 176 281 175 280 176 281 177 282 178 283 179 284 180 285 181 286 182 287 183 288 183 288 182 287 184 289 183 288 184 289 185 290 185 290 184 289 186 291 185 290 186 291 187 292 187 293 186 294 188 295 187 293 188 295 189 296 189 296 188 295 190 297 189 296 190 297 191 298 191 299 190 300 192 301 191 299 192 301 193 302 193 302 192 301 194 303 193 302 194 303 195 304 183 305 185 306 196 307 197 308 181 286 183 288 198 309 178 283 181 286 181 286 178 283 180 285 181 286 180 285 182 287 199 310 200 311 178 283 178 283 200 311 201 312 178 283 201 312 179 284 202 313 175 314 200 315 200 311 175 280 177 282 200 311 177 282 201 312 175 316 203 317 173 318 204 319 205 319 206 319 207 320 137 321 139 322 208 323 137 324 207 325 207 326 209 327 208 328 137 329 208 330 210 331 211 332 205 333 210 334 211 335 210 335 212 335 213 336 214 337 215 338 216 339 214 340 213 341 217 342 218 343 219 344 220 345 221 346 222 347 223 348 224 348 225 348 226 349 227 349 228 349 229 350 230 350 231 350 228 351 227 351 232 351 229 352 231 352 233 352 233 353 234 353 235 353 234 354 230 354 235 354 236 355 237 356 238 357 239 358 240 358 241 358 126 359 134 360 242 361 105 362 107 363 243 364 244 365 245 366 246 367 247 368 248 369 249 370 242 371 250 372 126 373 251 374 225 374 252 374 253 375 254 376 255 377 256 378 257 379 216 380 256 381 216 382 258 383 258 383 216 382 259 384 258 383 259 384 260 385 261 386 252 386 262 386 232 387 263 388 228 389 247 390 264 391 248 392 265 393 256 393 258 393 266 394 267 394 268 394 253 395 263 395 232 395 233 396 235 396 229 396 226 397 269 397 227 397 230 398 229 398 235 398 224 399 223 400 270 401 262 402 270 403 261 404 270 405 262 405 224 405 271 406 272 407 273 408 274 409 275 410 276 411 276 411 275 410 277 412 276 411 277 412 273 413 273 413 277 412 278 414 273 413 278 414 271 415 274 409 276 411 279 416 280 417 275 418 281 419 281 420 275 421 274 422 281 420 274 422 70 423 70 424 274 425 279 426 70 424 279 426 68 427 280 428 193 429 275 430 275 410 193 431 195 432 275 410 195 432 277 412 277 412 195 432 282 433 221 434 283 435 219 436 221 434 219 436 222 437 222 437 219 436 218 438 222 437 218 438 243 439 284 440 220 440 285 440 213 441 215 442 245 443 268 444 286 444 266 444 268 445 267 445 286 445 266 446 286 446 267 446 287 447 288 447 289 447 290 448 291 448 292 448 293 449 294 450 295 451 296 452 297 452 298 452 299 453 300 454 240 455 301 456 202 457 302 458 303 459 304 459 305 459 306 460 307 460 308 460 309 461 307 461 306 461 310 462 297 463 311 464 303 465 312 466 313 467 304 468 303 465 314 469 314 469 303 465 313 467 314 470 313 471 315 472 314 473 315 473 304 473 316 474 317 475 318 476 305 477 312 478 303 479 312 480 305 480 319 480 175 481 202 482 203 483 320 484 321 485 322 484 323 486 295 487 324 488 325 489 326 490 327 491 328 492 329 493 142 494 142 494 329 493 286 495 142 496 286 497 327 498 327 499 286 500 330 501 327 491 330 502 325 489 328 503 142 241 141 240 331 504 332 505 329 506 329 493 332 507 267 508 329 493 267 508 286 495 286 500 267 509 332 510 286 500 332 510 330 501 331 504 329 506 333 511 333 511 329 506 132 512 333 511 132 512 134 513 334 514 260 515 335 516 316 517 318 518 336 519 334 520 337 521 260 522 295 523 323 524 293 525 313 526 319 526 315 526 319 527 313 528 312 529 338 530 339 531 332 532 332 533 331 534 338 535 325 536 340 537 326 538 341 539 342 540 343 541 343 541 344 542 341 539 341 539 344 542 345 543 341 539 345 543 346 544 347 545 348 546 349 547 349 548 348 549 350 550 349 548 350 550 351 551 351 551 350 550 352 552 351 553 352 554 344 555 344 555 352 554 353 556 344 555 353 556 345 557 354 558 355 559 356 560 357 561 358 562 359 563 359 563 358 562 360 564 359 563 360 564 361 565 361 565 360 564 355 566 361 567 355 568 362 569 362 570 355 559 354 558 358 571 363 572 360 564 360 564 363 572 355 566 358 573 364 574 363 575 363 575 364 574 365 576 363 575 365 576 366 577 367 578 318 579 366 580 366 580 318 579 317 581 368 582 367 583 369 584 369 584 367 583 366 585 370 586 371 587 367 578 367 578 371 587 336 588 367 578 336 588 318 579 370 586 372 589 371 587 373 590 374 591 370 592 370 586 374 593 375 594 370 586 375 594 372 589 374 593 123 595 375 594 375 596 123 597 376 598 124 599 123 595 377 600 377 600 123 595 374 593 377 601 374 602 378 603 124 599 377 600 379 604 379 604 377 600 380 605 380 605 377 600 381 606 380 605 381 606 382 607 382 607 381 606 341 608 382 609 341 610 346 611 377 612 383 613 381 614 381 614 383 613 384 615 381 614 384 615 385 616 385 617 384 618 386 619 385 620 386 621 387 622 385 620 387 622 388 623 388 623 387 622 389 624 388 623 389 624 341 608 341 625 389 626 342 627 341 608 381 606 388 623 388 623 381 606 385 628 352 552 350 550 390 629 390 630 350 550 348 549 390 630 348 549 391 631 391 632 348 633 392 634 391 632 392 634 393 635 390 630 394 636 395 637 395 637 394 636 396 638 395 637 396 638 397 639 390 630 391 631 394 636 394 636 391 631 393 640 394 636 393 640 398 641 398 641 396 638 394 636 399 642 355 643 400 644 400 645 355 566 363 572 400 645 363 572 401 646 401 646 363 572 366 580 401 646 366 580 402 647 402 647 366 580 317 581 123 648 122 649 376 650 399 651 400 652 403 653 403 654 400 655 404 656 403 654 404 656 405 657 405 657 404 656 406 658 405 657 406 658 382 659 382 660 406 661 380 662 400 663 401 664 404 665 404 665 401 664 407 666 404 656 407 667 406 658 406 658 407 667 408 668 122 669 408 668 409 670 409 670 408 668 407 667 409 671 407 672 402 673 409 670 316 674 122 669 122 669 316 674 376 675 410 676 376 677 411 678 411 679 376 675 316 674 411 680 316 681 336 682 380 662 406 661 408 683 380 684 408 685 379 686 379 687 408 688 122 689 379 687 122 689 124 690 382 691 346 692 405 693 405 694 346 695 397 696 405 657 397 639 403 654 403 654 397 639 396 638 403 654 396 638 399 697 399 698 396 638 398 641 399 699 398 641 355 700 355 700 398 641 393 640 355 559 393 701 356 560 356 702 393 703 392 704 356 702 392 704 347 705 412 706 338 707 413 708 412 709 413 710 414 711 414 711 413 710 415 712 414 711 415 712 416 713 416 714 230 715 414 716 414 716 230 715 236 717 236 717 230 715 237 718 237 718 230 715 417 719 237 720 417 721 418 722 417 719 230 715 416 714 238 723 419 724 236 725 236 725 419 724 420 726 236 717 420 727 414 716 421 728 295 729 294 730 422 731 324 732 423 733 424 734 335 734 425 734 426 735 335 735 427 735 330 736 332 737 339 738 330 736 339 738 428 739 428 739 339 738 429 740 428 739 429 740 430 741 325 742 330 743 428 744 431 745 426 745 427 745 432 746 324 747 295 748 424 749 425 749 431 749 335 750 424 750 427 750 431 751 427 751 424 751 433 752 434 753 435 754 436 755 437 756 438 757 439 758 440 759 441 759 442 760 423 761 324 762 443 763 444 764 423 765 445 766 423 767 444 768 296 769 446 770 447 771 448 772 449 772 450 772 451 773 452 773 453 773 454 774 455 775 456 776 455 777 457 778 456 779 458 780 459 780 460 780 461 781 459 781 458 781 457 782 462 782 456 782 463 783 464 783 465 783 466 784 458 784 467 784 453 785 449 786 448 787 462 788 468 789 469 790 470 791 471 792 472 793 473 794 474 795 475 796 475 796 474 795 476 797 473 794 477 798 474 795 474 795 477 798 478 799 474 795 478 800 476 797 476 797 478 800 479 801 476 802 479 803 480 804 480 805 479 806 481 807 482 808 476 802 480 804 476 797 470 791 475 796 475 796 470 791 472 793 475 796 472 793 473 794 473 794 472 793 483 809 476 797 482 810 470 791 470 791 482 810 484 811 470 812 484 813 485 814 470 815 485 816 471 817 297 818 310 819 446 820 453 821 486 822 309 823 487 824 291 825 488 826 488 826 291 825 489 827 488 828 489 829 309 830 309 831 489 832 490 833 309 823 490 834 453 821 487 824 488 826 491 835 491 835 488 826 309 836 453 837 490 833 449 838 449 838 490 833 489 832 492 839 493 840 494 841 492 839 494 841 495 842 495 842 494 841 496 843 495 842 496 843 497 844 497 844 496 843 498 845 497 844 498 845 499 846 499 846 498 845 500 847 499 846 500 847 501 848 501 848 500 847 502 849 501 848 502 849 503 850 503 850 502 849 504 851 503 850 504 851 505 852 505 852 504 851 506 853 505 852 506 853 507 854 507 854 506 853 508 855 507 854 508 855 509 856 509 856 508 855 510 857 509 856 510 857 511 858 511 858 510 857 512 859 511 860 512 861 513 862 513 862 512 861 514 863 513 862 514 863 515 863 516 112 517 112 518 112 516 112 518 112 519 112 519 112 518 112 520 112 519 112 520 112 521 112 522 112 519 112 523 112 523 112 519 112 521 112 523 112 521 112 524 112 525 112 526 112 527 112 525 112 527 112 528 112 528 112 527 112 529 112 528 112 529 112 530 112 531 864 532 865 533 866 534 867 535 867 536 867 535 868 534 868 537 868 538 869 539 869 532 869 532 870 531 870 538 870 540 871 541 872 542 873 540 871 542 873 543 874 543 874 542 873 544 875 543 874 544 875 545 876 542 873 546 877 544 875 544 875 546 877 547 878 543 874 545 876 548 879 548 879 545 876 549 880 548 879 549 880 550 881 550 881 549 880 551 882 550 881 551 882 552 57 552 57 551 883 553 57 549 880 545 876 554 884 554 884 545 876 555 885 554 884 555 885 556 886 553 57 551 887 557 57 551 888 558 889 559 890 559 890 558 889 560 891 561 57 562 57 563 57 564 892 557 892 563 892 563 57 557 57 551 893 563 894 551 895 561 894 561 896 551 897 559 898 565 899 566 900 567 901 568 902 569 903 570 904 533 905 571 906 531 907 348 908 347 909 392 910 544 911 572 912 573 913 544 911 573 913 545 914 545 914 573 913 574 112 545 914 574 112 555 112 358 915 357 916 364 917 575 918 576 918 577 918 578 57 579 57 580 57 578 57 580 57 581 919 581 920 580 57 582 921 581 922 582 923 583 924 584 112 585 112 586 112 584 112 586 112 587 112 587 112 586 112 588 112 587 925 588 925 589 925 590 112 587 112 591 112 591 926 587 926 589 926 591 112 589 112 592 112 438 927 593 928 436 929 594 930 595 931 596 932 561 933 597 934 598 935 539 936 538 936 599 936 541 937 600 938 601 939 541 937 601 939 542 940 542 940 601 939 602 941 542 940 602 941 546 942 546 942 602 941 603 943 546 942 603 943 547 944 604 945 603 943 605 946 605 946 603 943 602 941 606 947 607 948 605 949 605 949 607 948 608 950 605 949 608 950 604 951 536 952 609 952 534 952 479 953 478 953 610 953 611 954 612 955 613 956 614 957 615 958 612 959 615 960 614 961 616 962 612 963 611 964 614 965 617 966 618 967 619 968 302 969 620 969 301 969 618 970 617 971 621 972 622 973 623 974 624 975 625 976 626 976 627 976 628 977 629 978 630 979 631 980 632 980 633 980 634 981 635 982 636 983 620 984 302 985 199 986 637 987 638 988 639 989 640 990 199 991 198 992 641 993 642 994 638 995 643 996 644 997 645 998 646 999 647 1000 648 1001 642 1002 641 1003 649 1004 650 1005 633 1005 651 1005 639 1006 652 1007 637 1008 649 1009 653 1010 642 1011 645 1012 654 1013 643 1014 655 1015 656 1015 657 1016 199 1017 640 1018 620 1019 658 1020 659 1021 660 1022 659 1023 658 1023 640 1023 407 1024 401 1025 402 1026 661 1027 662 1027 663 1027 664 1028 665 1028 666 1029 665 1030 664 1030 667 1030 648 1031 666 1032 646 1031 663 1033 668 1034 661 1035 668 1036 663 1036 669 1036 661 1037 670 1037 662 1037 666 1038 648 1039 664 1038 671 1040 672 1041 673 1042 653 1043 649 1044 674 1045 675 1046 668 1046 669 1046 676 1047 677 1047 678 1047 660 1048 678 1048 658 1048 199 1049 178 1050 198 1051 669 1052 679 1053 675 1054 680 1055 640 1055 677 1055 673 1056 681 1057 671 1058 670 1059 679 1059 669 1059 678 1060 660 1061 676 1062 682 1063 683 112 684 1064 685 1065 686 1066 684 1064 684 1064 686 1066 687 1067 684 1064 687 1067 682 1063 688 1068 685 1065 689 1069 689 1069 685 1065 684 1064 690 1070 691 1071 692 1072 693 1073 694 1074 692 1072 692 1072 694 1074 695 1075 692 1072 695 1075 690 1070 690 1076 695 64 529 64 690 1077 529 1078 527 1078 685 1079 688 1080 696 1081 696 1081 688 1080 692 1072 696 1081 692 1072 697 1082 697 1082 692 1072 698 1083 697 1084 698 1085 88 1086 241 64 240 64 689 64 689 1087 240 1088 699 1089 689 1087 699 1089 688 1080 688 1080 699 1089 693 1073 688 1080 693 1073 692 1072 240 1090 700 1091 699 1089 699 1089 700 1091 701 1092 699 1089 701 1092 693 1073 693 1073 701 1092 702 1093 693 1073 702 1093 288 1094 527 64 526 64 690 1095 703 1096 126 1097 125 1098 127 1099 704 1100 125 1098 125 1098 704 1100 705 1101 125 1098 705 1101 703 1096 144 1102 143 1103 163 1104 143 1105 210 1106 163 1107 163 1107 210 1106 706 1108 163 1109 706 1110 707 1111 210 1112 143 1113 137 1114 708 1115 709 1116 707 1111 707 1111 709 1116 149 1117 707 1111 149 1117 163 1109 710 1118 711 1119 712 1120 712 1121 711 1122 708 1115 712 1121 708 1115 707 1111 713 1123 714 1124 715 1125 715 1126 714 1127 716 1128 715 1126 716 1128 717 1129 717 1129 716 1128 718 1130 717 1129 718 1130 710 1131 710 1132 718 1133 719 1134 710 1135 719 1136 711 1137 149 1117 709 1116 517 1138 517 1138 516 1139 149 1117 149 1117 516 1139 720 1140 149 1117 720 1140 164 1141 164 1141 720 1140 721 1142 164 1141 721 1142 165 1143 165 1143 721 1142 722 1144 165 1143 722 1144 153 1145 153 1145 722 1144 723 1146 153 1145 723 1146 724 1147 722 1144 725 1148 723 1146 153 1145 724 1147 726 1149 726 1150 724 1151 727 1152 726 1150 727 1152 625 1153 728 1154 626 1155 729 1156 729 1156 626 1155 625 1153 729 1156 625 1153 730 1157 730 1157 625 1153 727 1152 151 1158 164 1141 165 1143 419 1159 238 1160 731 1161 731 1162 238 1163 732 1164 732 1164 238 1163 733 1165 732 1164 733 1165 85 1166 85 1166 733 1165 734 1167 85 1168 734 1169 86 1170 237 1171 733 1172 238 1173 87 1174 735 1175 85 1176 85 1177 735 1178 732 1179 221 1180 220 1181 284 1182 285 1183 736 1184 284 1185 284 1182 736 1186 283 1187 284 1182 283 1187 221 1180 690 112 737 112 272 1188 738 1189 739 1190 272 407 272 1191 739 1192 691 1192 272 1193 691 1194 690 1194 256 1195 265 1196 242 1197 134 1198 133 1199 242 1200 242 1197 133 1201 257 1202 242 1197 257 1202 256 1195 740 1203 249 1204 741 1205 742 1206 740 1207 743 1208 743 1209 740 1203 741 1205 288 1210 702 1211 289 1212 287 1213 289 1214 744 1215 744 1216 289 1217 702 1218 310 1219 311 1220 491 1221 447 1222 310 1219 486 1223 486 1223 310 1219 491 1221 486 1224 491 1225 309 1226 446 1227 310 1219 447 1222 292 1228 311 1229 297 1230 296 1231 458 1232 466 1233 745 1234 746 1235 458 1236 458 1236 746 1235 292 1237 458 1238 292 1239 466 1233 466 1233 292 1239 297 1240 466 1233 297 1240 296 1231 296 1241 297 1242 446 1243 452 1244 745 1234 458 1236 447 1245 452 1246 296 1247 296 1248 452 1244 458 1236 742 1206 743 1208 187 1249 741 1250 196 1251 743 1252 743 1253 196 1254 185 1255 743 1256 185 1257 187 1258 747 1259 748 1260 741 1250 741 1250 748 1260 749 1261 741 1250 749 1261 196 1251 196 1251 749 1261 750 1262 196 1251 750 1262 197 1263 197 1263 750 1262 751 1264 197 1263 751 1264 585 1265 741 1250 249 1266 747 1259 747 1267 249 1268 248 1269 585 1265 181 1270 197 1263 752 1271 753 1272 754 1273 754 1273 753 1272 181 1270 754 1273 181 1270 755 1274 755 1274 181 1270 585 1265 755 1275 585 1276 584 1277 756 1278 752 1279 757 1280 757 1281 752 1271 754 1273 757 1280 758 1282 756 1278 756 1278 758 1282 759 1283 756 1278 759 1283 760 1284 760 1284 759 1283 761 1285 760 1284 761 1285 762 1286 762 1286 761 1285 763 1287 762 1286 763 1287 764 1288 764 1288 763 1287 765 1289 764 1288 765 1289 766 1290 766 1290 765 1289 767 1291 766 1292 767 1293 768 1294 768 1294 769 1295 766 1292 768 1294 770 1296 769 1295 769 1297 770 1298 771 1299 769 1300 771 1301 772 1302 772 1302 771 1301 773 1303 772 1302 773 1303 774 1304 774 1304 773 1303 775 1305 774 1304 775 1305 776 1306 773 1303 771 1301 775 1307 777 1308 778 1309 468 1310 468 1311 778 1312 171 1313 468 1314 171 1315 779 1316 779 1316 171 1315 173 1317 779 1318 173 1319 780 1320 780 1321 173 1322 203 1323 780 1321 203 1323 774 1324 774 1324 203 1323 781 1325 774 1304 781 1326 772 1302 777 1327 468 1328 782 1329 454 1330 783 1331 784 1332 784 1333 783 1334 785 1335 784 1333 785 1335 786 1336 786 1337 785 1338 787 1339 786 1340 787 1341 782 1329 782 1329 787 1341 788 1342 782 1329 788 1342 777 1327 777 1327 788 1342 789 1343 777 1327 789 1343 790 1344 790 1344 789 1343 791 1345 790 1346 791 1347 792 1348 790 1346 792 1348 793 1349 793 1349 792 1348 794 1350 793 1349 794 1350 795 1351 715 1352 795 1351 713 1353 713 1353 795 1351 794 1350 139 1354 168 1355 778 1356 778 1312 168 1357 171 1313 203 1358 202 1359 781 1360 198 1361 181 1270 753 1272 183 1362 196 1251 197 1263 742 1363 187 1364 252 1365 252 1365 187 1364 189 1366 252 1365 189 1366 254 1367 254 1368 189 1369 191 1370 254 1371 191 1372 255 1373 429 1374 796 1375 797 1376 798 1377 799 1378 797 1379 797 1380 799 1381 430 1382 797 1376 430 1383 429 1374 800 1384 246 1385 340 1386 245 1387 215 1388 246 1389 246 1390 215 1391 326 1392 246 1390 326 1392 340 1393 326 1392 215 1391 140 1394 140 1394 215 1391 214 1395 140 1396 214 1397 141 1398 142 1399 327 1400 140 1401 140 1402 327 1403 326 1404 801 1405 802 1406 803 1407 783 1408 456 1409 803 1410 803 1410 456 1409 804 1411 803 1412 804 1413 801 1414 456 1415 783 1416 454 1417 524 1418 521 1419 805 1420 524 1418 805 1420 806 1421 806 1422 805 1423 807 1424 806 1421 807 1425 808 1426 808 1427 807 1428 444 1429 808 1426 444 1430 443 1431 423 1432 442 1433 443 1431 324 1434 432 1435 442 1433 442 1433 432 1435 505 1436 442 1433 505 1436 443 1431 443 1431 505 1436 507 1437 443 1431 507 1437 808 1426 808 1426 507 1437 509 64 808 1426 509 64 806 1421 806 1421 509 64 511 1438 806 1421 511 1438 513 1439 295 1440 421 1441 432 1435 432 1435 421 1441 503 1442 432 1435 503 1442 505 1436 503 1442 421 1441 501 1443 501 1443 421 1441 809 1444 501 1443 809 1444 499 1445 499 1445 809 1444 810 1446 499 1445 810 1446 497 1447 497 1447 810 1446 495 64 421 1441 294 1448 809 1444 809 1444 294 1448 811 1449 809 1444 811 1449 810 1450 810 1451 811 1452 812 1453 810 1454 812 1455 591 1456 810 1454 591 1456 592 1457 810 1446 592 1458 495 64 495 1459 592 1460 589 1461 495 64 589 1462 492 1463 492 1464 589 1465 438 1466 492 1467 438 1468 437 1469 806 1421 513 1439 524 1418 524 1418 513 1439 515 1470 524 1418 515 1470 523 1471 523 1472 515 1473 433 1474 523 1475 433 1476 813 1477 814 1478 776 1479 815 1480 815 1480 801 1481 814 1478 814 1478 801 1481 804 1482 814 1483 804 1484 456 1485 776 1486 814 1483 469 1487 469 1487 814 1483 456 1485 469 1488 456 1489 462 1490 439 1491 463 1492 816 1493 817 1494 598 1495 578 1496 578 1497 598 1498 597 1499 578 1497 597 1499 579 1500 578 1496 581 1501 817 1494 583 1502 439 1491 581 1503 581 1503 439 1491 816 1493 581 1503 816 1493 817 1504 817 1504 816 1493 818 1505 817 1494 818 1506 598 1495 776 1507 775 1508 819 1509 802 1510 801 1511 819 1509 819 1509 801 1511 815 1512 819 1509 815 1512 776 1507 820 1513 821 1514 822 1515 821 1514 820 1513 300 1516 300 1516 820 1513 700 1517 300 1516 700 1517 240 1518 823 1519 824 1519 436 1519 588 64 751 64 593 64 593 1520 751 1520 750 1520 593 64 750 64 436 64 436 64 750 64 749 64 436 64 749 64 823 64 585 1521 751 1521 586 1521 586 64 751 64 588 64 825 1522 484 1523 826 1524 827 1525 828 1526 826 1524 826 1524 828 1526 607 1527 826 1524 607 1527 606 1528 829 1529 825 1522 606 1528 606 1528 825 1522 826 1524 472 1530 471 1531 830 1532 830 1532 471 1531 831 1533 830 1534 831 1535 832 1536 832 1536 831 1535 833 1537 832 1538 833 1539 834 1540 834 1541 833 1542 835 1543 834 1544 835 1545 829 1529 829 1529 835 1545 836 1546 829 1529 836 1546 825 1522 471 1547 836 1546 831 1535 833 1537 831 1535 835 1545 835 1545 831 1535 836 1546 484 1548 825 1549 485 1550 485 1551 825 1522 836 1546 485 1552 836 1553 471 1554 568 1555 167 1556 569 1557 837 1558 160 1559 568 1560 568 1555 160 1561 166 1562 568 1555 166 1562 167 1556 322 1563 321 1564 838 1565 838 1566 321 1567 839 1568 838 1566 839 1568 840 1569 194 1570 192 1571 321 1572 321 1572 192 1571 190 1573 321 1572 190 1573 839 1574 839 1574 190 1573 188 1575 839 1574 188 1575 840 1576 840 1576 188 1575 186 1577 840 1576 186 1577 841 1578 841 1578 186 1577 184 1579 841 1578 184 1579 842 1580 842 1580 184 1579 182 1581 842 1580 182 1581 843 1582 843 1582 182 1581 180 1583 843 1582 180 1583 844 1584 844 1584 180 1583 179 1585 844 1584 179 1585 845 1586 845 1586 179 1585 201 1587 845 1586 201 1587 846 1588 846 1588 201 1587 177 1589 846 1588 177 1589 847 1590 847 1590 177 1589 176 1591 847 1590 176 1591 848 1592 848 1592 176 1591 174 1593 848 1592 174 1593 849 1594 849 1594 174 1593 172 1595 849 1594 172 1595 850 1596 850 1596 172 1595 170 1597 850 1596 170 1597 851 1598 851 1598 170 1597 169 1599 851 1598 169 1599 852 1600 852 1600 169 1599 146 1601 852 1600 146 1601 853 1602 853 1602 146 1601 145 1603 853 1602 145 1603 854 1604 854 1604 145 1603 147 1605 854 1604 147 1605 855 1606 855 1606 147 1605 148 1607 855 1606 148 1607 856 1608 856 1608 148 1607 150 1609 856 1608 150 1609 857 1610 857 1610 150 1609 152 1611 857 1610 152 1611 858 1612 858 1612 152 1611 154 1613 858 1612 154 1613 859 1614 859 1614 154 1613 156 1615 859 1614 156 1615 860 1616 860 1616 156 1615 158 1617 860 1618 158 1619 861 1620 861 1620 158 1619 160 1559 861 1620 160 1559 837 1558 321 1572 862 1621 194 1570 194 1570 862 1621 282 1622 194 1570 282 1622 195 1623 863 1624 864 1625 865 1626 866 1627 464 1628 834 1629 834 1629 464 1628 463 1630 834 1631 463 1632 439 1633 600 1634 867 1635 601 1636 601 1636 867 1635 868 1637 601 1636 868 1637 606 1638 606 1638 868 1637 829 1639 869 1640 868 1637 867 1635 829 1639 868 1637 834 1641 439 1633 832 1642 834 1631 465 1643 464 1628 870 1644 870 1644 464 1628 866 1627 870 1644 866 1627 867 1635 867 1635 866 1627 871 1645 867 1635 871 1645 869 1640 869 1640 871 1645 872 1646 869 1640 872 1646 868 1637 868 1637 872 1646 863 1624 868 1637 863 1624 834 1629 834 1629 863 1624 865 1626 834 1629 865 1626 866 1627 866 1627 865 1626 864 1625 866 1627 864 1625 871 1645 606 1638 605 1647 601 1636 601 1636 605 1647 602 1648 873 1649 874 1650 875 1651 575 1652 875 1653 576 1654 576 1654 875 1653 874 1655 876 1656 875 1657 596 1658 596 1659 875 1653 575 1652 596 1660 575 1661 594 1662 877 1663 878 1664 879 1665 877 1663 880 1666 878 1664 878 1664 880 1666 881 1667 878 1664 881 1667 882 1668 880 1666 877 1663 883 1669 882 1668 884 1670 878 1664 882 1668 885 1671 884 1670 884 1670 885 1671 886 1672 884 1670 886 1672 887 1673 887 1673 886 1672 888 1674 887 1673 888 1674 889 1675 885 1671 890 1676 886 1672 886 1672 890 1676 891 1677 886 1672 891 1677 883 1678 883 1678 891 1677 892 1679 893 1680 894 1681 889 1675 889 1675 894 1681 895 1682 889 1675 895 1682 887 1673 661 1683 668 1684 675 1685 670 1686 661 1687 679 1688 679 1689 661 1683 675 1685 896 1690 897 1691 898 1692 896 1690 898 1692 899 1693 899 1693 898 1692 69 1694 899 1693 69 1694 68 1695 896 1690 900 1696 897 1691 897 1691 900 1696 901 1697 897 1691 901 1697 902 1698 902 1698 901 1697 903 1699 902 1700 903 1701 904 1702 118 1703 735 1704 87 1705 86 173 905 1706 87 174 87 1705 905 1707 105 1708 87 1705 105 1708 118 1703 217 1709 735 1710 218 1711 218 1712 735 1704 118 1703 218 1712 118 1703 243 1713 259 1714 335 1715 260 1716 906 1717 334 1718 244 1719 244 1720 334 514 335 516 244 1721 335 1715 245 1722 245 1722 335 1715 259 1714 245 1723 259 1724 213 1725 213 1726 259 1727 216 1728 252 1729 261 1730 251 1731 261 1732 270 1733 251 1734 251 1734 270 1733 223 1735 251 1736 223 1737 225 1738 324 1739 422 1740 323 1741 423 1742 445 1743 422 1740 293 1744 323 1741 907 1745 907 1745 323 1741 422 1740 907 1745 422 1740 908 1746 908 1746 422 1740 445 1743 908 1747 445 1748 909 1749 909 1749 445 1748 444 1750 909 1749 444 1750 910 1751 910 1752 444 1753 807 1754 910 1755 807 1756 911 1757 911 1758 807 1759 805 1760 911 1761 805 1762 912 1763 912 1764 805 1765 521 1766 912 1764 521 1766 520 1767 913 1768 886 1769 883 1770 913 1768 883 1770 914 1771 914 1771 883 1770 877 1772 914 1771 877 1772 915 1773 915 1774 877 1775 879 1776 915 1777 879 1778 916 1779 916 1779 879 1778 878 1780 916 1781 878 1782 917 1783 918 1784 894 1785 919 1786 919 1786 894 1785 893 1787 919 1786 893 1787 920 1788 920 1788 893 1787 889 1789 920 1788 889 1789 921 1790 921 1790 889 1789 888 1791 921 1790 888 1791 922 1792 922 1792 888 1791 886 1769 922 1792 886 1769 923 1793 923 1793 886 1769 913 1768 913 1794 924 1795 923 1796 924 1795 913 1794 925 1797 925 1797 913 1794 914 1798 925 1797 914 1798 926 1799 927 1800 928 1801 917 1802 917 1803 928 1804 929 1805 917 1803 929 1805 916 1806 916 1806 929 1805 926 1799 916 1806 926 1799 915 1807 915 1807 926 1799 914 1798 923 1808 564 1809 930 1810 930 1810 564 1809 931 1811 931 1811 564 1809 870 1812 931 1811 870 1812 867 1813 562 1814 932 1815 563 1816 563 1816 932 1815 933 1817 563 1816 933 1817 564 1818 564 1818 933 1817 870 1819 818 1820 932 1815 598 1821 598 1821 932 1815 562 1814 598 1821 562 1814 561 1822 933 1817 934 1823 870 1819 870 1819 934 1823 465 1824 541 1825 935 1826 600 1827 600 1828 935 1829 936 1830 600 1828 936 1830 867 1813 867 1813 936 1830 937 1831 867 1813 937 1831 931 1811 928 1832 927 1833 540 1834 540 1834 927 1833 935 1835 540 1834 935 1835 541 1836 931 1811 938 1837 930 1810 930 1810 938 1837 936 1838 930 1810 936 1838 935 1839 640 1840 680 1841 659 1842 660 1843 659 1842 676 1844 676 1844 659 1842 680 1841 676 1845 680 1846 677 1847 92 1848 116 1849 939 1850 939 1851 116 1852 115 1853 71 1854 92 1855 72 1856 72 1857 92 1858 939 1859 940 1860 82 1860 941 1860 941 1861 82 1861 84 1861 77 1862 96 1863 78 1864 78 1865 96 1866 73 1867 942 1868 241 1869 684 1870 684 1870 241 1869 689 1871 111 1872 83 1873 112 1874 112 1875 83 1876 82 1877 943 1878 696 1879 944 1880 944 1880 696 1879 697 1881 945 1882 129 1883 946 1884 946 1885 129 1886 128 1887 947 1888 101 1889 948 1890 948 1891 101 1892 100 1893 949 1894 950 1895 951 1896 951 1896 950 1895 952 1897 953 1898 954 1899 955 1900 955 1900 954 1899 956 1901 951 1902 945 1903 949 1904 949 1905 945 1906 946 1907 734 1908 418 1909 957 1910 957 1911 418 1912 417 1913 682 1914 687 1915 944 1916 944 1916 687 1915 943 1917 950 1918 958 1919 952 1920 952 1920 958 1919 959 1921 126 1922 703 1923 134 1924 134 1924 703 1923 960 1925 683 1926 682 1927 89 1928 89 1929 682 1930 944 1931 415 1932 134 1933 416 1934 416 1935 134 1936 960 1937 701 1938 961 1939 702 1940 702 1941 961 1942 744 1943 402 1944 317 1945 409 1946 409 1947 317 475 316 474 962 1948 434 1949 515 1950 515 1950 434 1949 433 1951 690 1952 526 1952 737 1952 737 1952 526 1952 525 1952 436 1953 824 1954 437 1955 437 1955 824 1954 492 1956 336 1957 371 1958 411 1959 411 1960 371 1961 410 1962 463 1963 465 1964 816 1965 816 1966 465 1967 934 1968 457 1969 455 1970 462 1971 462 1971 455 1970 786 1972 963 1973 572 1974 547 1975 547 1975 572 1974 544 1976 964 1977 603 1978 965 1979 965 1980 603 1981 604 1982 965 1406 604 1406 966 1406 966 1406 604 1406 608 1406 967 1983 549 1984 556 1985 556 1986 549 1987 554 1988 925 1989 926 1990 552 1991 552 1992 926 1993 550 1994 968 1995 969 1996 863 1997 863 1997 969 1996 864 1998 970 1999 971 2000 871 2001 871 2001 971 2000 872 2002 972 2003 530 2003 695 2003 695 2003 530 2003 529 2003 588 2004 593 2005 589 2006 589 2006 593 2005 438 2007 929 2008 928 2009 543 2010 543 2011 928 2012 540 2013 973 2014 974 2015 975 2016 975 2017 974 2018 976 2019 536 2020 977 2021 609 2022 609 2023 977 2024 978 2025 594 2026 610 2027 595 2028 595 2028 610 2027 478 2029 575 1661 577 2030 594 1662 594 2031 577 2032 979 2033 594 2026 979 2034 610 2027 610 2027 979 2034 481 2035 610 2027 481 2035 479 2036 980 2037 973 2038 981 2039 981 2039 973 2038 975 2040 981 2041 982 2042 980 2043 980 2043 982 2042 983 2044 984 2045 985 2046 986 2047 986 2047 985 2046 987 2048 985 2049 988 2050 987 2051 987 2052 988 2053 989 2054 990 2055 629 2056 991 2057 991 2057 629 2056 628 2058 992 2059 990 2060 993 2061 993 2061 990 2060 991 2062 993 2063 635 2064 992 2065 992 2066 635 2067 634 2068 994 2069 984 2070 995 2071 995 2071 984 2070 986 2072 643 2073 996 2074 644 2075 644 2076 996 2077 997 2078 645 2079 998 2080 654 2081 654 2082 998 2083 999 2084 671 2085 997 2086 672 2087 672 2088 997 2089 996 2090 655 2091 647 2092 656 2093 656 2094 647 2095 646 2096 673 2097 999 2098 681 2099 681 2100 999 2101 998 2102 97 2103 1000 2104 98 2105 98 2106 1000 2107 1001 2108 98 2109 1001 2110 1002 2111 704 2112 127 2113 1003 2114 1003 2114 127 2113 106 2115 1003 2116 106 2117 105 2118 687 2119 686 2120 943 2121 943 2121 686 2120 685 2122 943 2121 685 2122 696 2123 74 2124 76 2125 1004 2126 1004 2127 76 2128 109 2129 903 2130 1005 2131 904 2132 904 2133 1005 2134 1006 2135 904 2133 1006 2135 1007 2136 237 2137 418 2138 733 2139 733 2140 418 2141 734 2142 131 2143 119 2144 121 2145 121 2145 119 2144 118 2146 416 2147 960 2148 417 2149 417 2149 960 2148 703 2150 417 2149 703 2150 957 2151 957 2151 703 2150 705 2152 383 613 377 612 1008 2153 1008 2154 377 2155 378 2156 243 2157 107 2158 222 2159 222 2160 107 2161 220 2162 735 2163 217 2164 732 2165 732 2166 217 2167 731 2168 277 2169 282 2170 278 2171 278 2172 282 2173 1009 2174 260 2175 337 2176 258 2177 258 2178 337 2179 265 2180 700 2181 820 2182 701 2183 701 2183 820 2182 822 2184 701 2183 822 2184 961 2185 430 2186 799 2187 906 2188 906 2188 799 2187 1010 2189 906 2188 1010 2189 334 2190 369 2191 366 2192 1011 2193 1011 2194 366 577 365 576 292 2195 291 2196 311 2197 311 2198 291 2199 487 2200 311 2198 487 2200 491 2201 514 1406 1012 1406 515 1406 515 1406 1012 1406 962 1406 962 1406 1012 1406 1013 1406 1013 1406 1012 1406 725 1406 1013 1406 725 1406 722 1406 1014 2202 271 2203 1015 2204 1015 2204 271 2203 278 2205 272 407 271 406 738 1189 738 2206 271 2207 1014 2208 738 2209 1014 2210 1016 2211 412 2212 736 2213 338 2214 338 2215 736 2216 285 2217 338 2218 796 2219 339 2220 339 2220 796 2219 429 2221 561 2222 559 2223 597 2224 597 2224 559 2223 579 2225 579 2226 559 2227 580 2228 580 2228 559 2227 560 112 580 2228 560 112 582 112 961 2229 822 2230 744 2231 744 2231 822 2230 821 2232 744 2231 821 2232 287 2233 932 2234 818 2235 1017 2236 1017 2236 818 2235 816 2237 1017 2236 816 2237 934 2238 516 64 519 64 435 64 435 2239 519 2239 522 2239 434 2240 721 2241 435 2242 435 2243 721 2244 720 2245 435 2246 720 2247 516 2246 434 2248 962 2249 721 2250 721 2251 962 2252 1013 2253 721 2254 1013 2255 722 2255 462 2256 786 2257 468 2258 468 2259 786 2260 782 2261 371 2262 372 2263 410 2264 410 2265 372 2266 375 2267 410 2265 375 2267 376 2268 824 1406 823 1406 492 1406 492 1406 823 1406 493 1406 493 1406 823 1406 1018 1406 1018 1406 823 1406 749 1406 1018 1406 749 1406 748 1406 930 2269 935 2270 1019 2271 1019 2271 935 2270 927 2272 918 2273 922 2274 1019 2271 1019 2271 922 2274 923 2275 1019 2271 923 2275 930 2269 919 2276 920 2277 918 2273 918 2273 920 2277 921 2278 918 2273 921 2278 922 2274 607 57 828 2279 608 2280 608 2280 828 2279 827 2281 608 2282 827 2283 966 2284 1020 2285 1021 2286 1022 2287 1022 2287 1021 2286 162 2288 1023 2289 1020 2285 1024 2290 1024 2290 1020 2285 1025 2291 1024 2292 1025 2293 1026 2294 1024 2292 1026 2294 728 2295 728 2296 1026 2297 626 2298 1027 2299 570 2300 1028 2301 1028 2301 570 2300 1021 2286 1028 2301 1021 2286 1029 2302 1029 2302 1021 2286 1020 2285 1029 2302 1020 2285 1023 2289 1030 2303 1027 2299 1031 2304 1031 2304 1027 2299 1028 2301 1031 2304 1028 2301 694 2305 694 2305 1028 2301 972 2306 694 2305 972 2306 695 112 570 2307 569 2308 1021 2309 1021 2310 569 2311 167 2312 1021 2286 167 2313 162 2288 873 2314 1032 2315 1033 2316 1033 2316 1032 2315 1034 2317 1035 2318 1036 2319 1033 2316 1033 2316 1036 2319 874 2320 1033 2316 874 2320 873 2314 1036 2321 1037 2322 874 2323 874 2324 1037 2325 1038 2326 874 2324 1038 2326 576 2327 931 2328 937 2329 938 2330 938 2331 937 2332 936 2333 1039 2334 630 2335 980 2336 980 2336 630 2335 629 2337 980 2336 629 2337 973 2338 980 2336 983 2339 1039 2334 1039 2334 983 2339 640 2340 1039 2334 640 2340 634 2341 634 2341 640 2340 658 2342 634 2341 658 2342 992 2343 640 2340 983 2339 1040 2344 1040 2344 983 2339 1041 2345 1040 2344 1041 2345 1042 2346 1042 2346 1043 2347 1040 2344 973 2338 1044 2348 974 2349 974 2349 1044 2348 1045 2350 629 2337 990 2351 973 2338 973 2338 990 2351 638 2352 973 2338 638 2352 1044 2348 1044 2348 638 2352 642 2353 1044 2348 642 2353 1046 2354 1046 2354 642 2353 653 2355 1046 2354 653 2355 1047 2356 1047 2356 653 2355 1048 2357 1047 2356 1048 2357 1049 2358 638 2352 990 2351 639 2359 990 2351 992 2343 639 2359 639 2359 992 2343 658 2342 639 2359 658 2342 1050 2360 1050 2360 658 2342 678 2361 1050 2360 678 2361 1049 2358 1049 2358 678 2361 1051 2362 1049 2358 1051 2362 1047 2356 640 2363 1052 2364 677 2365 677 2365 1052 2364 1051 2362 677 2365 1051 2362 678 2361 198 2366 753 2367 1051 2368 1051 2368 753 2367 752 2369 1051 2370 752 2371 1047 2356 1047 2356 752 2371 756 2372 1047 2356 756 2372 1046 2354 1046 2354 756 2372 760 2373 1046 2354 760 2373 762 2374 640 2375 198 2376 1052 2377 1052 2378 198 2366 1051 2368 781 2379 1053 2380 769 2381 769 2382 1053 2383 1044 2384 769 2385 1044 2386 766 2387 766 2387 1044 2386 1046 2354 766 2387 1046 2354 764 2388 764 2388 1046 2354 762 2374 769 2381 772 2389 781 2379 781 2390 1054 2391 1053 2392 1053 2392 1054 2391 1043 2347 1053 2392 1043 2347 1044 2348 1044 2348 1043 2347 1042 2346 1044 2348 1042 2346 1045 2350 641 2393 638 2394 1055 2395 1055 2396 638 2397 637 2398 639 2399 1050 2400 652 2401 652 2402 1050 2403 1049 2404 652 2402 1049 2404 1056 2405 963 2406 547 2407 1057 2408 1057 2408 547 2407 603 2409 1057 2408 603 2409 964 2410 940 2411 941 2412 1058 2413 1058 2414 941 2415 1059 2416 108 2417 114 2418 1060 2419 1060 2420 114 2421 1061 2422 1060 2423 1061 2424 1062 2425 1062 2426 1061 2427 1063 2428 299 2429 942 2430 127 2431 127 2431 942 2430 1064 2432 127 2431 1064 2432 106 2433 1065 2434 299 2429 1066 2435 1066 2435 299 2429 127 2431 1066 2435 127 2431 250 2436 250 2436 127 2431 126 2437 1067 112 1068 112 1069 112 1069 2438 1068 112 299 2429 1069 2438 299 2429 1070 2439 1070 2439 299 2429 1065 2434 1071 2440 1072 2441 1067 2441 1067 2442 1072 2442 746 2442 1067 112 746 112 1068 112 1068 2443 746 2443 745 2443 1068 2444 745 2444 450 2444 242 2445 265 2446 250 2447 250 2447 265 2446 337 2448 250 2447 337 2448 1073 2449 1073 2449 337 2448 1071 2450 1073 2451 1071 2452 1074 2453 1074 112 1071 2454 1067 112 337 2448 489 2455 1071 2450 337 2448 1075 2456 489 2455 489 2455 1075 2456 798 2457 489 2455 798 2457 449 2458 449 2458 798 2457 797 2459 449 2458 797 2459 1076 2460 1076 2460 797 2459 796 2461 1076 2460 796 2461 285 2462 285 2462 796 2461 338 2463 1076 2460 285 2462 1077 2464 1077 2464 285 2462 220 2465 1077 2466 220 2467 1064 2432 1064 2432 220 2467 107 2468 1064 2432 107 2468 106 2433 241 2469 942 2430 239 2470 239 2470 942 2430 299 2429 239 2470 299 2429 240 2471 1078 2472 1079 2472 1068 2472 1068 2473 1079 2474 1080 2475 1068 2476 1080 2476 967 2476 967 2477 1080 2477 1081 2477 967 112 1081 112 1077 112 1077 112 1081 112 1082 112 1077 2478 1082 2478 1083 2478 1078 112 1068 112 1084 112 1084 112 1068 112 1085 112 1085 112 1068 112 1086 112 1086 112 1068 112 450 112 1086 2479 450 2479 1087 2479 1087 2480 450 2480 1088 2480 449 2481 1076 2482 450 2483 450 112 1076 2484 1088 112 1089 112 1090 112 1077 112 1077 2485 1090 2485 1091 2485 1077 2486 1091 2486 1076 2487 1092 2488 1093 2488 1077 2488 1077 2489 1093 2489 1094 2489 1077 2490 1094 2490 1089 2490 1089 112 1094 112 1095 112 1089 112 1095 112 1096 112 1092 112 1077 112 1097 112 549 2491 967 112 551 112 551 112 967 112 1077 112 1096 112 1086 112 1089 112 1089 2492 1086 2492 1087 2492 1098 112 1095 112 1094 112 1098 112 1099 112 1095 112 1095 2493 1099 2493 1097 2493 1095 2494 1097 2494 1100 2494 1100 2495 1097 2495 1077 2495 1100 112 1077 112 1083 112 135 2496 93 2497 1101 2498 1101 2498 93 2497 1102 2499 1101 2498 1102 2499 945 2500 948 2501 130 2502 1102 2499 1102 2499 130 2502 129 2503 1102 2499 129 2503 945 2500 948 2504 100 2505 253 2506 253 2506 100 2505 103 2507 253 2506 103 2507 254 2508 254 2508 103 2507 902 2509 254 2508 902 2509 262 2510 262 2510 902 2509 224 2511 103 2507 135 2496 902 2509 902 2509 135 2496 1103 2512 902 2509 1103 2512 897 2513 897 2513 1103 2512 1101 2498 897 2513 1101 2498 898 2514 898 2514 1101 2498 69 2515 135 2496 1101 2498 1103 2512 1101 2498 280 2516 281 2517 136 2518 80 2519 1101 2498 1101 2498 80 2519 74 2520 1101 2498 74 2520 280 2516 280 2516 74 2520 1004 2521 280 2516 1004 2521 109 2522 945 2500 951 2523 1101 2498 1101 2498 951 2523 956 2524 1101 2498 956 2524 136 2518 232 2525 130 2526 253 2527 253 2528 130 2502 948 2501 262 2510 252 2529 254 2508 224 2511 902 2509 225 2530 225 2530 902 2509 904 2531 281 2517 70 2532 1101 2498 1101 2498 70 2532 69 2515 904 2531 1007 2533 225 2530 225 2530 1007 2533 742 2534 225 2530 742 2534 252 2535 1007 2533 1104 2536 742 2534 742 2534 1104 2536 1105 2537 742 2534 1105 2537 740 2538 109 2522 955 2539 280 2516 280 2516 955 2539 227 2540 280 2516 227 2540 269 2541 955 2539 956 2524 227 2540 227 2540 956 2524 951 2523 227 2540 951 2523 232 2525 951 2523 952 2542 232 2525 232 2525 952 2542 959 2543 232 2525 959 2543 130 2526 228 2544 263 2545 226 2546 226 2547 263 2548 255 2549 226 2547 255 2549 269 2541 269 2541 255 2549 1106 2550 269 2541 1106 2550 280 2516 253 2551 255 2552 263 2553 905 2554 86 2555 705 2556 705 2556 86 2555 734 2557 705 2556 734 2557 957 2558 1058 2559 1059 2560 113 2561 113 2561 1059 2560 111 2562 115 2563 117 2564 79 2565 79 2566 117 2567 77 2568 1062 2569 1063 2570 1107 2571 1107 2572 1063 2573 1002 2574 1107 2572 1002 2574 1001 2575 89 2576 944 2577 90 2578 90 2579 944 2580 697 2581 90 2579 697 2581 88 2582 94 2583 135 2584 104 2585 104 2586 135 2587 103 2588 705 2589 704 2590 905 2591 905 2591 704 2590 1003 2592 905 2591 1003 2592 105 2593 109 2594 110 2595 955 2596 955 2597 110 2598 953 2599 93 2600 95 2601 1102 2602 1102 2603 95 2604 947 2605 1102 2606 947 2607 948 2608 692 2609 691 2610 698 2611 698 2612 691 2613 739 2614 698 2615 739 2616 88 2617 81 2618 136 2619 1108 2620 1108 2621 136 2622 956 2623 1108 2621 956 2623 954 2624 128 2625 130 2626 958 2627 958 2628 130 2629 959 2630 328 2631 141 2632 257 2633 257 2633 141 2632 214 2634 257 2633 214 2634 216 2635 257 2636 133 2637 328 2638 328 2638 133 2637 132 2639 328 2640 132 2641 329 2642 1109 2643 1058 2644 114 2645 114 2645 1058 2644 113 2646 114 2645 113 2646 208 2647 208 2647 113 2646 112 2648 208 2647 112 2648 212 2649 212 2649 112 2648 82 2650 212 2649 82 2650 1109 2643 1109 2643 82 2650 940 2651 1109 2643 940 2652 1058 2644 99 2653 1109 2643 114 2645 212 2649 210 2654 208 2647 71 176 96 2655 1109 2643 1109 2643 96 2655 77 2656 1109 2643 77 2656 212 2649 212 2649 77 2656 1110 2657 212 2649 1110 2657 211 2658 211 2658 1110 2657 206 2659 211 2660 206 2661 205 2662 715 2663 1111 2664 1109 2643 1109 2643 1111 2664 91 177 1109 2643 91 177 71 176 790 2665 793 2666 1109 2643 1109 2643 793 2666 795 2667 1109 2643 795 2667 715 2663 99 2653 98 2668 1109 2643 1109 2643 98 2668 1112 2669 1109 2643 1112 2669 790 2665 790 2665 1112 2669 778 2670 790 2665 778 2670 777 2671 98 2668 1002 2672 209 2673 209 2673 1002 2672 1063 2674 209 2673 1063 2674 208 2675 208 2675 1063 2674 1061 2676 208 2677 1061 2678 114 2679 98 2668 209 2673 1112 2669 1112 2669 209 2673 1113 2680 1112 2669 1113 2680 778 2681 204 2682 206 2659 1110 2657 116 2683 204 2682 117 2684 117 2684 204 2682 1110 2657 117 2684 1110 2657 77 2656 92 178 91 177 116 2683 116 2683 91 177 706 2685 116 2683 706 2685 204 2682 204 2682 706 2685 205 2686 706 2685 210 2687 205 2686 1111 2688 715 2689 717 2690 778 2691 1113 2692 139 2693 139 2694 1113 2695 209 2696 139 2697 209 2698 207 2699 707 1111 706 1110 712 2700 712 2701 706 2702 91 2703 712 2701 91 2703 710 2704 710 2705 91 2706 1111 2707 710 2708 1111 2709 717 2710 118 1703 105 1708 121 2711 121 2712 105 2713 243 2714 121 2715 243 1713 118 1703 233 2716 231 2717 234 2718 234 2718 231 2717 230 2719 217 2720 219 2721 731 2722 731 2723 219 2724 283 2725 731 2723 283 2725 419 2726 419 2726 283 2725 420 2727 255 2728 191 2729 1106 2730 1106 2731 191 2732 193 2733 1106 2731 193 2733 280 2734 247 2003 1104 2735 264 2736 264 2737 1104 2738 1007 2739 264 2740 1007 2741 1006 2742 290 2743 1071 2744 291 2745 291 2745 1071 2744 489 2746 199 2747 302 2748 200 2749 200 2749 302 2748 202 2750 288 2751 1031 2752 693 2753 693 2754 1031 2755 694 2756 309 2757 306 2758 1114 2759 1114 2759 306 2758 308 2760 308 2761 307 2762 1114 2763 1114 2763 307 2762 309 2764 906 2765 244 2766 800 2767 800 2768 244 2769 246 2770 1071 2771 290 2772 1072 2773 1072 2773 290 2772 292 2774 1072 2775 292 2776 746 2777 799 2778 798 2779 1010 2780 1010 2781 798 2782 1075 2783 1010 2781 1075 2783 334 2784 334 2785 1075 2786 337 2787 338 2788 331 2789 413 2790 413 2790 331 2789 333 2791 413 2790 333 2791 415 2792 415 2792 333 2791 134 2793 1104 2794 247 2795 1105 2796 1105 2797 247 2798 249 2799 1105 2800 249 2801 740 2802 283 2803 736 2804 420 2805 420 2805 736 2804 412 2806 420 2805 412 2806 414 2807 153 2808 726 2809 155 2810 155 2811 726 2812 1115 2813 155 2811 1115 2813 1116 2814 632 2815 1117 2816 1116 2817 1116 2814 1117 2818 157 2819 1116 2814 157 2819 155 2811 632 2815 565 2820 1117 2816 1117 2821 565 2822 159 2823 1117 2821 159 2823 157 2824 431 2825 425 2826 426 2827 426 2827 425 2826 335 2828 352 2829 390 2830 353 2831 353 2832 390 2833 395 2834 353 2835 395 2836 345 2837 345 2838 395 2839 397 2840 345 2841 397 2842 346 2843 906 2844 800 2845 430 2846 430 2847 800 2848 340 2849 430 2847 340 2849 428 2850 428 2851 340 2852 325 2853 774 2854 776 2855 780 2856 780 2857 776 2858 469 2859 780 2860 469 2861 779 2862 779 2862 469 2861 468 2863 453 2864 448 2865 451 2866 451 2866 448 2865 450 2867 1017 2868 934 2869 932 2870 932 2871 934 2872 933 2873 433 2874 435 2875 813 2876 813 2877 435 2878 522 2879 813 2877 522 2879 523 2880 451 2881 450 2882 452 2883 452 2883 450 2882 745 2884 1118 2885 1119 2886 1120 2887 1120 2887 1119 2886 1121 2888 859 2889 860 2890 1122 2891 1122 2891 860 2890 1123 2892 1122 2891 1123 2892 1124 2893 1124 2893 1123 2892 1125 2894 1124 2893 1125 2894 1126 2895 1126 2895 1125 2894 1127 2896 1126 2895 1127 2896 1128 2897 1128 2897 1127 2896 1129 2898 1128 2897 1129 2898 1130 2899 859 2889 1122 2891 858 2900 858 2900 1122 2891 1131 2901 853 2902 854 2903 1120 2887 1120 2887 854 2903 855 2904 1120 2887 855 2904 1118 2885 1118 2885 855 2904 856 2905 1118 2885 856 2905 1131 2906 1131 2907 856 2908 857 2909 1131 2907 857 2909 858 2910 1121 2888 1119 2886 1132 2911 1132 2911 1119 2886 1133 2912 1132 2911 1133 2912 1134 2913 1135 2914 1136 2915 1137 2916 1137 2916 1136 2915 1138 2917 1137 2916 1138 2917 1139 2918 1139 2918 1138 2917 1140 2919 1139 2918 1140 2919 1141 2920 1138 2917 1136 2915 1142 2921 861 2922 837 2923 1123 2892 1123 2892 837 2923 1143 2924 1123 2892 1143 2924 1125 2894 1125 2894 1143 2924 1144 2925 1125 2894 1144 2925 1127 2896 1127 2896 1144 2925 1145 2926 1127 2896 1145 2926 1129 2898 1129 2898 1145 2926 1146 2927 1129 2898 1146 2927 1130 2899 1130 2899 1146 2927 1147 2928 1130 2899 1147 2928 1148 2929 1148 2929 1147 2928 1149 2930 1123 2892 860 2890 861 2922 852 2931 853 2902 1150 2932 1150 2932 853 2902 1120 2887 1150 2932 1120 2887 1151 2933 1151 2933 1120 2887 1152 2934 1151 2933 1152 2934 1153 2935 1153 2935 1152 2934 1154 2936 1153 2935 1154 2936 1155 2937 1155 2937 1154 2936 1156 2938 1155 2937 1156 2938 1157 2939 1157 2939 1156 2938 1158 2940 1157 2939 1158 2940 1159 2941 1150 2932 1160 2942 852 2931 852 2931 1160 2942 851 2943 1134 2913 1156 2938 1132 2911 1132 2911 1156 2938 1154 2936 1132 2911 1154 2936 1121 2888 1121 2888 1154 2936 1152 2934 1121 2888 1152 2934 1120 2887 1140 2919 1138 2917 1161 2944 1161 2944 1138 2917 1142 2921 1161 2944 1142 2921 1162 2945 1163 2946 1164 2947 1165 2948 1165 2948 1164 2947 1166 2949 1165 2948 1166 2949 1167 2950 1167 2950 1166 2949 1168 2951 1167 2950 1168 2951 1169 2952 568 2953 570 2954 1143 2924 1143 2924 570 2955 1170 2956 1143 2924 1170 2956 1144 2925 1144 2925 1170 2956 1171 2957 1144 2925 1171 2957 1145 2926 1145 2926 1171 2957 1172 2958 1145 2926 1172 2959 1146 2927 1143 2924 837 2923 568 2953 570 2960 1027 2961 1170 2962 1170 2956 1173 2963 1171 2957 1171 2957 1173 2963 1172 2964 1174 2965 1175 2966 287 2967 287 2967 1175 2966 1030 2968 287 2967 1030 2968 1031 2969 1031 2970 288 2971 287 2972 821 2973 300 454 1068 2974 1068 2974 300 454 299 453 1068 2974 1176 2975 480 2976 1176 2975 1068 2974 1177 2977 1177 2977 1068 2974 967 2978 1177 2979 967 2980 1178 2981 1178 2981 967 2980 966 2982 1178 2981 966 2982 827 2983 967 2980 556 2984 964 2985 964 2985 556 2984 555 2986 964 2985 555 2986 574 2987 574 2987 1057 2988 964 2985 965 2989 966 2990 964 2991 964 2985 966 2982 967 2980 827 2983 826 2992 1178 2981 1178 2981 826 2992 484 2993 1178 2981 484 2993 1177 2994 1177 2995 484 2996 1176 2997 480 2998 1176 2999 482 3000 482 3000 1176 2999 484 3001 1179 3002 1038 3003 480 3004 480 2976 1038 3005 1174 2965 480 2976 1174 2965 1068 2974 1068 2974 1174 2965 287 2967 1068 2974 287 2967 821 2973 480 3006 481 3007 1179 3008 1038 3005 1180 3009 1174 2965 1174 2965 1180 3009 1172 3010 1174 2965 1172 3011 1175 2966 1175 3012 1172 3013 1173 3014 1180 3015 1147 3016 1172 3017 1172 3018 1147 2928 1146 2927 1149 2930 1147 2928 1037 3019 1037 3020 1147 3016 1180 3015 1037 3021 1180 3022 1038 3023 1148 2929 1181 3024 1130 2899 1130 2899 1181 3024 1182 3025 1130 2899 1182 3025 1128 2897 1128 2897 1182 3025 1164 2947 1128 2897 1164 2947 1126 2895 1126 2895 1164 2947 1163 2946 1126 2895 1163 2946 1124 2893 1124 2893 1163 2946 1162 2945 1124 2893 1162 2945 1122 2891 1122 2891 1162 2945 1142 2921 1122 2891 1142 2921 1131 3026 1131 3026 1142 2921 1136 2915 1131 3026 1136 2915 1118 2885 1118 2885 1136 2915 1135 2914 1118 2885 1135 2914 1119 2886 1119 2886 1135 2914 1183 3027 1119 2886 1183 3027 1133 2912 1133 2912 1183 3027 1184 3028 1133 2912 1184 3028 1134 2913 1134 2913 1184 3028 1185 3029 1134 2913 1185 3029 1158 2940 1158 2940 1185 3029 1186 3030 1158 2940 1186 3030 1159 2941 1182 3025 1181 3024 1187 3031 1169 2952 1141 2920 1167 2950 1167 2950 1141 2920 1140 2919 1167 2950 1140 2919 1165 2948 1165 2948 1140 2919 1161 2944 1165 2948 1161 2944 1163 2946 1163 2946 1161 2944 1162 2945 1169 2952 1188 3032 1141 2920 1141 2920 1188 3032 1189 3033 1141 2920 1189 3033 1139 2918 1139 2918 1189 3033 1190 3034 1139 2918 1190 3034 1137 2916 1137 2916 1190 3034 1183 3027 1137 2916 1183 3027 1135 2914 1188 3032 1191 3035 1189 3033 1189 3033 1191 3035 1192 3036 1189 3033 1192 3036 1190 3034 1190 3034 1192 3036 1184 3028 1190 3034 1184 3028 1183 3027 1191 3035 1193 3037 1192 3036 1192 3036 1193 3037 1185 3029 1192 3036 1185 3029 1184 3028 1185 3029 1193 3037 1186 3030 1159 2941 1194 3038 1157 2939 1157 2939 1194 3038 1195 3039 1157 2939 1195 3039 1155 2937 1155 2937 1195 3039 1196 3040 1155 2937 1196 3040 1153 2935 1153 2935 1196 3040 1197 3041 1153 2935 1197 3041 1151 2933 1151 2933 1197 3041 1198 3042 1151 2933 1198 3042 1150 2932 1150 2932 1198 3042 1199 3043 1150 2932 1199 3043 1160 2942 1160 2942 1199 3043 850 3044 1160 2942 850 3044 851 2943 1195 3039 1194 3038 1200 3045 1200 3045 1201 3046 1195 3039 1195 3039 1201 3046 1202 3047 1195 3039 1202 3047 1196 3040 1196 3040 1202 3047 1203 3048 1196 3040 1203 3048 1197 3041 1197 3041 1203 3048 1204 3049 1197 3041 1204 3049 1198 3042 1198 3042 1204 3049 1205 3050 1198 3042 1205 3050 1199 3043 1199 3043 1205 3050 1206 3051 1199 3043 1206 3051 848 3052 848 3052 1206 3051 847 3053 1202 3047 1201 3046 1207 3054 1208 3055 1209 3056 1210 3057 1210 3057 1209 3056 1211 3058 1210 3057 1211 3058 1203 3048 1203 3048 1211 3058 1204 3049 1208 3055 1212 3059 1209 3056 1209 3056 1212 3059 1213 3060 1209 3056 1213 3060 1214 3061 1214 3061 1213 3060 1215 3062 1214 3061 1215 3062 1216 3063 1216 3063 1215 3062 1217 3064 1216 3063 1217 3064 1218 3065 1218 3065 1217 3064 1219 3066 1218 3065 1219 3066 1206 3051 1206 3051 1219 3066 1220 3067 1206 3051 1220 3067 846 3068 846 3068 1220 3067 845 3069 1212 3059 1221 3070 1213 3060 1213 3060 1221 3070 1222 3071 1213 3060 1222 3071 1215 3062 1215 3062 1222 3071 1223 3072 1215 3062 1223 3072 1217 3064 1217 3064 1223 3072 1224 3073 1217 3064 1224 3073 1219 3066 1219 3066 1224 3073 1225 3074 1219 3066 1225 3074 1220 3067 1220 3067 1225 3074 1226 3075 1220 3067 1226 3075 844 3076 844 3076 1226 3075 843 3077 1221 3070 1227 3078 1222 3071 1222 3071 1227 3078 1228 3079 1222 3071 1228 3079 1223 3072 1223 3072 1228 3079 1229 3080 1223 3072 1229 3080 1224 3073 1224 3073 1229 3080 1230 3081 1224 3073 1230 3081 1225 3074 1225 3074 1230 3081 1231 3082 1225 3074 1231 3082 1226 3075 1232 3083 1233 3084 1234 3085 1234 3085 1233 3084 1235 3086 1234 3085 1235 3086 1236 3087 1236 3087 1235 3086 1237 3088 1236 3087 1237 3088 1238 3089 1233 3084 1239 3090 1235 3086 1235 3086 1239 3090 1240 3091 1235 3086 1240 3091 1237 3088 1237 3088 1240 3091 1241 3092 1237 3088 1241 3092 1242 3093 1239 3090 1243 3094 1240 3091 1240 3091 1243 3094 1244 3095 1240 3091 1244 3095 1241 3092 1241 3092 1244 3095 1245 3096 1241 3092 1245 3096 1246 3097 1246 3097 1245 3096 1247 3098 1246 3097 1247 3098 1248 3099 1248 3099 1247 3098 1249 3100 1248 3099 1249 3100 1250 3101 1250 3101 1249 3100 322 3102 1250 3101 322 3102 838 3103 1243 3094 1251 3104 1244 3095 1244 3095 1251 3104 1252 3105 1244 3095 1252 3105 1245 3096 1245 3096 1252 3105 1253 3106 1245 3096 1253 3106 1247 3098 1247 3098 1253 3106 1254 3107 1247 3098 1254 3107 1249 3100 1249 3100 1254 3107 1255 3108 1249 3100 1255 3108 322 3102 322 3102 1255 3108 1256 3109 322 3102 1256 3109 1009 2174 1009 2174 1256 3109 1015 3110 1009 2174 1015 3110 278 3111 1252 3105 1251 3104 1257 3112 1257 3113 1258 3114 1252 3105 1252 3105 1258 3114 1259 3115 1252 3105 1259 3115 1253 3106 1253 3106 1259 3115 1260 3116 1253 3106 1260 3117 1254 3107 1258 3114 876 3118 1259 3115 1259 3115 876 3118 596 3119 1259 3115 596 3119 1261 3120 595 3121 478 3122 596 3123 596 3124 478 3125 477 3126 596 3127 477 3128 1261 3120 89 3129 477 3128 683 3130 683 3130 477 3128 1064 3131 683 3130 1064 3131 942 1868 477 3128 473 3132 1064 3131 1064 3131 473 3132 483 3133 1064 3131 483 3133 1262 3134 1262 3134 441 3135 1064 3131 1064 3131 441 3135 440 3136 1064 3131 440 3136 1263 3137 439 3138 441 3135 832 3139 832 3139 441 3135 1262 3134 832 3139 1262 3134 830 3140 830 3140 1262 3134 483 3141 830 3142 483 3143 472 3144 439 3145 583 3146 440 3136 440 3136 583 3146 560 3147 440 3136 560 3147 1263 3137 1263 3137 560 3147 558 3148 1263 3137 558 3148 1077 3149 1077 3150 558 3151 551 3152 583 3146 582 3153 560 3147 1263 3137 1077 3154 1064 3131 942 1868 684 1870 683 3130 1016 3155 88 3156 738 3157 738 3157 88 3156 739 3158 1264 3159 1016 3160 1014 3161 1264 3159 1014 3161 1265 3162 1265 3163 1014 3164 1015 3110 1265 3163 1015 3110 1256 3109 322 3102 1009 2174 320 3165 320 3165 1009 2174 282 2173 320 3166 282 3167 862 3168 862 3168 321 3169 320 3166 841 3170 1250 3171 840 3172 840 3173 1250 3101 838 3103 841 3170 1266 3174 1250 3171 1250 3101 1266 3175 1267 3176 1250 3101 1267 3176 1248 3099 1248 3099 1267 3176 1246 3097 1266 3175 1268 3177 1267 3176 1267 3176 1268 3177 1242 3093 1267 3176 1242 3093 1246 3097 1246 3097 1242 3093 1241 3092 1266 3175 1226 3075 1268 3177 1268 3177 1226 3075 1231 3082 1268 3177 1231 3082 1238 3089 1238 3089 1231 3082 1230 3081 1238 3089 1230 3081 1236 3087 1236 3087 1230 3081 1229 3080 1236 3087 1229 3080 1234 3085 1234 3085 1229 3080 1228 3079 1234 3085 1228 3079 1232 3083 1232 3083 1228 3079 1227 3078 841 3178 842 3179 1266 3180 1266 3181 842 3182 843 3183 1266 3184 843 3077 1226 3075 1220 3067 844 3076 845 3069 1206 3051 846 3068 847 3053 850 3044 1199 3043 849 3185 849 3185 1199 3043 848 3052 1158 2940 1156 2938 1134 2913 1164 2947 1182 3025 1166 2949 1166 2949 1182 3025 1187 3031 1166 2949 1187 3031 1168 2951 1203 3048 1202 3047 1210 3057 1210 3057 1202 3047 1207 3054 1210 3057 1207 3054 1208 3055 1209 3056 1214 3061 1211 3058 1211 3058 1214 3061 1269 3186 1211 3058 1269 3186 1204 3049 1204 3049 1269 3186 1205 3050 1260 3187 1259 3188 1265 3189 1265 3190 1259 3115 1261 3120 1265 3190 1261 3120 1264 3159 1264 3159 1261 3120 477 3128 1264 3159 477 3128 1016 3160 1016 3160 477 3128 89 3129 1016 3160 89 3129 88 3191 1265 3192 1256 3193 1260 3194 1260 3195 1256 3109 1255 3108 1260 3195 1255 3108 1254 3107 1268 3177 1238 3089 1242 3093 1242 3093 1238 3089 1237 3088 1218 3065 1206 3051 1270 3196 1270 3196 1206 3051 1205 3050 1270 3196 1205 3050 1269 3186 1214 3061 1216 3063 1269 3186 1269 3186 1216 3063 1270 3196 1216 3063 1218 3065 1270 3196 461 3197 458 3198 467 3199 467 3200 458 3201 460 3202 454 3203 784 3204 455 3205 455 3206 784 3207 786 3208 486 3209 453 3210 447 3211 447 3212 453 3213 452 3214 460 3215 459 3216 467 3217 467 3217 459 3216 461 3218 373 3219 370 3220 1271 3221 1271 3222 370 3223 367 3224 1271 3222 367 3224 1272 3225 673 3226 1029 3227 999 3228 999 3228 1029 3227 1023 3229 999 3228 1023 3229 654 3230 672 3231 514 3232 673 3233 673 3233 514 3232 512 3234 673 3233 512 3234 1029 3235 1029 3236 512 3237 510 3238 1029 3239 510 3240 1028 3241 1028 64 510 3242 508 64 1028 64 508 64 506 64 984 3243 994 3244 643 3245 643 3246 994 3247 514 3248 643 3249 514 3250 996 3251 996 3252 514 3253 672 3254 994 3247 1273 3255 514 3248 514 3248 1273 3255 988 3256 514 3248 988 3256 1012 3257 985 3258 984 3243 1023 3229 1023 3229 984 3243 643 3245 1023 3229 643 3245 654 3230 623 3259 621 3260 1023 3261 1023 3261 621 3260 988 3256 1023 3262 988 3263 985 3264 724 3265 723 3266 1012 3267 1012 3267 723 3266 725 3268 988 3256 621 3260 1012 3257 1012 3269 621 3270 617 3271 1012 3267 617 3272 724 3265 724 3273 617 3274 616 3275 724 3273 616 3275 727 3276 727 3276 616 3275 614 3277 727 3276 614 3277 1024 3278 1024 3278 614 3277 611 3279 1024 3278 611 3279 1023 3280 1023 3281 611 3282 624 3283 1023 3261 624 3284 623 3259 729 3285 730 3286 728 3287 728 3287 730 3286 727 3276 728 3287 727 3276 1024 3278 972 64 1028 64 530 64 530 64 1028 64 506 64 530 64 506 64 504 64 504 3288 528 3288 530 3288 504 64 502 64 528 64 528 64 502 64 500 64 528 3289 500 3289 525 3289 525 64 500 64 498 64 525 64 498 64 737 64 737 3290 498 3290 272 3291 496 3292 272 3293 498 3294 272 3295 496 3296 273 3297 273 3298 496 3299 494 3299 273 3300 494 3301 493 3302 958 3303 1018 3304 128 3305 128 3305 1018 3304 946 3306 748 3307 747 3308 1018 3309 1018 3309 747 3308 101 3310 1018 3309 101 3310 946 3311 946 3312 101 3313 947 3314 946 3315 947 3316 276 3317 276 3318 947 3319 95 3320 276 3321 95 3322 279 3323 279 3324 95 3325 94 3326 279 3324 94 3326 903 3327 903 3328 94 3329 747 3330 903 3331 747 3332 248 3333 94 3334 104 3335 747 3336 747 3308 104 3337 102 3338 747 3308 102 3338 101 3310 903 3331 248 3333 1005 3339 1005 3339 248 3333 264 3340 1005 3339 264 3340 1006 3341 279 3324 903 3327 68 3342 68 3343 903 3344 901 3345 68 3346 901 3347 900 3348 896 3349 899 3350 900 3348 900 3348 899 3350 68 3346 946 3351 276 3352 949 3353 75 3354 276 3355 76 3356 76 3357 276 3358 273 3359 76 3357 273 3359 110 3360 110 3361 273 3362 493 3363 110 3364 493 3365 1018 3366 81 3367 1108 3368 958 3303 958 3303 1108 3368 954 3369 958 3303 954 3369 1018 3304 1018 3304 954 3369 953 3370 1018 3371 953 3372 110 3373 81 3367 958 3303 950 3374 950 3374 949 3375 81 3367 81 3367 949 3375 276 3376 81 3367 276 3376 75 3377 535 3378 537 3379 533 3380 533 3381 537 3382 571 3383 880 3384 538 3385 881 3386 881 3386 538 3385 531 3387 881 3388 531 3389 882 3390 978 3391 892 3392 609 3393 609 3393 892 3392 891 3394 609 3393 891 3394 890 3395 882 3390 531 3389 885 3396 885 3396 531 3389 571 3397 885 3396 571 3397 890 3398 890 3398 571 3397 534 3399 890 3398 534 3399 609 3400 599 3401 538 3385 978 3391 978 3391 538 3385 880 3384 978 3391 880 3384 892 3392 892 3392 880 3384 883 3402 534 3399 571 3397 537 3403 567 3404 566 3405 1022 3406 1022 3406 566 3405 1274 3407 1022 3408 1274 3409 1020 3410 1020 3411 1274 3412 1025 3413 1170 3414 1027 3415 1173 3416 1173 3417 1027 3418 1030 3419 1173 3420 1030 3421 1175 3422 993 3423 590 3424 635 3425 635 3425 590 3424 636 3426 993 3427 991 3428 767 3429 767 3429 991 3428 628 3430 767 3429 628 3430 1275 3431 636 3426 590 3424 1275 3431 1275 3431 590 3424 981 3432 1275 3431 981 3432 767 3429 767 3429 981 3432 975 3433 767 3429 975 3433 768 3434 768 3434 975 3433 976 3435 768 3434 976 3435 1276 3436 981 3432 590 3424 982 3437 754 3438 755 3439 587 3440 587 3441 755 3442 584 3443 641 3444 1055 3445 767 3446 767 3429 1055 3447 637 3448 767 3429 637 3448 993 3427 993 3427 637 3448 587 3449 993 3427 587 3449 590 3450 641 3451 767 3452 649 3453 649 3454 767 3455 765 3456 649 3457 765 3458 674 3459 1277 3460 768 3434 1276 3436 771 3461 770 3462 1278 3463 1278 3464 770 3465 768 3434 1278 3464 768 3434 1279 3466 1279 3466 768 3434 1277 3460 1279 3466 1277 3460 590 3424 590 3424 1277 3460 1280 3467 590 3424 1280 3467 982 3437 771 3468 1278 3469 1281 3470 907 3471 771 3472 293 3473 293 3474 771 3475 1281 3474 802 3476 819 3477 907 3471 907 3471 819 3477 775 3478 907 3471 775 3478 771 3472 909 3479 785 3480 908 3481 908 3482 785 3483 803 3484 908 3485 803 3486 907 3487 907 3471 803 3488 802 3476 910 3489 788 3490 909 3491 909 3492 788 3493 787 3494 909 3495 787 3496 785 3497 910 3498 789 3499 788 3500 1062 3501 1107 3502 518 3503 518 3503 1107 3502 1001 3504 518 3503 1001 3504 520 3505 520 64 1001 64 791 3506 520 3507 791 3508 912 3509 912 3510 791 3511 789 3512 912 3513 789 3514 911 3515 911 3516 789 3517 910 3518 84 3519 83 3520 518 3503 518 3503 83 3520 111 3521 518 3503 111 3521 1059 3522 518 3503 79 3523 84 3519 84 3519 79 3523 792 3524 84 3525 792 3526 941 3527 941 3527 792 3526 108 3528 941 3527 108 3528 1059 3522 1059 3522 108 3528 1060 3529 1059 3522 1060 3529 518 3503 518 3503 1060 3529 1062 3501 708 3530 517 3531 709 3532 115 64 79 3523 708 3533 708 3533 79 3523 518 3503 708 3533 518 3503 517 3534 115 64 708 3533 939 3535 939 3535 708 3533 711 3536 939 3535 711 3536 719 3537 939 3535 719 3537 72 3538 72 3539 719 3540 794 3541 72 3542 794 3543 73 3544 73 3545 794 3546 792 3547 73 3545 792 3547 78 3548 78 3549 792 3550 79 3551 719 3540 713 3552 794 3541 718 3553 716 3554 719 3540 719 3540 716 3554 714 3555 719 3540 714 3555 713 3552 1001 64 1000 64 791 3556 791 3557 1000 3558 97 3559 791 3557 97 3559 792 3526 792 3526 97 3559 108 3528 785 3560 783 3561 803 3562 757 3563 754 3564 1056 3565 1056 3566 754 3567 587 3568 1056 3566 587 3568 652 3569 652 3570 587 3571 637 3572 757 3573 1056 3574 674 3575 674 3575 765 3576 757 3573 757 3573 765 3576 763 3577 757 3573 763 3577 761 3578 757 3573 761 3578 758 3579 758 3579 761 3578 759 3580 970 3581 871 3582 1282 3583 1282 3583 871 3582 864 3584 1282 3583 864 3584 969 3585 1257 3586 1034 3587 1258 3588 1258 3589 1034 3590 1032 3591 1258 3589 1032 3591 876 3592 876 3592 1032 3591 873 3593 876 3592 873 3593 875 3594 550 3595 926 3596 548 3597 548 3598 926 3599 929 3600 548 3601 929 3602 543 3603 1283 3604 971 3605 968 3606 968 3606 971 3605 970 3607 968 3606 970 3607 969 3608 969 3608 970 3607 1282 3609 535 3610 533 3611 536 3612 536 3612 533 3611 532 3613 536 3612 532 3613 977 3614 977 3614 532 3613 539 3615 564 3616 923 3617 557 3618 557 3618 923 3617 924 3619 557 3618 924 3619 553 3620 553 3620 924 3619 925 3621 553 3622 925 3623 552 3624 968 3625 863 3626 1283 3627 1283 3627 863 3626 872 3628 1283 3627 872 3628 971 3629 539 3630 599 3631 977 3632 977 3633 599 3634 978 3635 1276 3636 1042 3637 1277 3638 1277 3639 1042 3640 1041 3641 1148 3642 1284 3642 1285 3642 1285 3643 1284 3643 1257 3643 1285 3644 1257 3644 1286 3644 1286 57 1257 57 1251 57 1286 57 1251 57 1287 57 1287 57 1251 57 1243 57 1287 57 1243 57 1288 57 1288 57 1243 57 1239 57 1288 57 1239 57 1289 57 1289 57 1239 57 1233 57 1289 57 1233 57 1290 57 1290 3645 1233 3645 1232 3645 1290 57 1232 57 1291 57 1291 57 1232 57 1227 57 1291 3646 1227 3646 1292 3646 1292 57 1227 57 1221 57 1292 3647 1221 3647 1293 3647 1293 57 1221 57 1212 57 1293 57 1212 57 1294 57 1294 57 1212 57 1208 57 1294 3648 1208 3648 1295 3648 1295 57 1208 57 1207 57 1295 3649 1207 3649 1296 3649 1296 57 1207 57 1201 57 1296 57 1201 57 1297 57 1297 3650 1201 3650 1200 3650 1297 3651 1200 3651 1298 3651 1298 3652 1200 3652 1194 3652 1298 57 1194 57 1299 57 1299 57 1194 57 1159 57 1299 3653 1159 3653 1300 3653 1300 57 1159 57 1186 57 1300 57 1186 57 1301 57 1301 57 1186 57 1193 57 1301 3654 1193 3654 1302 3654 1302 3655 1193 3655 1191 3655 1302 57 1191 57 1303 57 1303 57 1191 57 1188 57 1303 3656 1188 3656 1304 3656 1304 3657 1188 3657 1169 3657 1304 57 1169 57 1168 57 1148 57 1285 57 1181 57 1181 57 1285 57 1305 57 1181 57 1305 57 1187 57 1187 57 1305 57 1306 57 1187 57 1306 57 1168 57 1168 57 1306 57 1307 57 1168 57 1307 57 1304 57 1042 3658 1276 3659 1045 3660 1045 3661 1276 3662 976 3663 1045 3664 976 3665 974 3666 615 3667 616 3668 619 3669 619 3670 616 3671 617 3672 1149 1406 1035 1406 1148 1406 1148 3673 1035 3673 1033 3674 1148 1406 1033 3675 1284 3676 1284 3677 1033 3678 1034 3679 1284 3677 1034 3679 1257 3680 1277 3681 1041 3682 1280 3683 1280 3684 1041 3685 983 3686 1280 3684 983 3686 982 3687 611 3688 613 3689 624 3690 624 3691 613 3692 622 3693 623 3694 622 3695 621 3696 621 3697 622 3698 618 3699 640 3700 1040 3701 620 3702 620 3702 1040 3701 1043 3703 620 3704 1043 3705 301 3706 301 3707 1043 3708 1054 3709 301 3707 1054 3709 202 3710 202 3711 1054 3712 781 3713 1149 3714 1037 3715 1035 3716 1035 3717 1037 2322 1036 2321 994 3718 995 3719 1273 3720 1273 3720 995 3719 1308 3721 1039 3722 1275 3723 630 3724 630 3725 1275 3726 628 3727 1273 3728 1308 3729 988 3730 988 3730 1308 3729 989 3731 351 3732 344 3733 1286 3734 1286 3734 344 3733 343 3735 1286 3734 343 3735 1285 3736 1285 3736 343 3735 342 3737 1285 3736 342 3737 1305 3738 1305 3738 342 3737 389 3739 1305 3738 389 3739 1306 3740 1306 3740 389 3739 387 3741 1306 3740 387 3741 1307 3742 1307 3742 387 3741 386 3743 1307 3742 386 3743 1304 3744 1304 3744 386 3743 384 3745 1304 3744 384 3745 1303 3746 1303 3746 384 3745 383 3747 1303 3746 383 3747 1302 3748 1302 3748 383 3747 1008 3749 1302 3748 1008 3749 1301 3750 1301 3750 1008 3749 378 3751 1301 3750 378 3751 1300 3752 1300 3752 378 3751 1309 3753 1300 3752 1309 3753 1299 3754 1299 3754 1309 3753 373 3755 1299 3754 373 3755 1298 3756 1298 3756 373 3755 1271 3757 1298 3756 1271 3757 1297 3758 1297 3758 1271 3757 1272 3759 1297 3758 1272 3759 1296 3760 1296 3760 1272 3759 368 3761 1296 3760 368 3761 1295 3762 1295 3762 368 3761 369 3763 1295 3762 369 3763 1294 3764 1294 3764 369 3763 1011 3765 1294 3764 1011 3765 1293 3766 1293 3766 1011 3765 365 3767 1293 3766 365 3767 1292 3768 1292 3768 365 3767 364 3769 1292 3768 364 3769 1291 3770 1291 3770 364 3769 357 3771 1291 3770 357 3771 1290 3772 1290 3772 357 3771 359 3773 1290 3772 359 3773 1289 3774 1289 3774 359 3773 361 3775 1289 3774 361 3775 1288 3776 1288 3776 361 3775 362 3777 1288 3776 362 3777 1287 3778 1287 3778 362 3777 354 3779 1287 3778 354 3779 1286 3734 1286 3734 354 3779 356 3780 1286 3734 356 3780 347 3781 351 3732 1286 3734 349 3782 349 3782 1286 3734 347 3781 367 3783 368 3761 1272 3759 378 3751 374 3784 1309 3753 1309 3785 374 3786 373 3787 634 3788 636 3789 1039 3790 1039 3791 636 3792 1275 3793 576 3794 1038 3795 577 3796 577 3797 1038 3798 1179 3799 577 3800 1179 3801 979 3802 979 3803 1179 3804 481 3805 1022 3806 162 3807 567 3808 567 3808 162 3807 161 3809 567 3808 161 3809 565 3810 565 3811 161 3812 159 3813 293 3814 1281 3815 294 3816 294 3817 1281 3818 1278 3819 294 3820 1278 3821 811 3822 811 3823 1278 3824 1279 3825 811 3826 1279 3827 812 3828 812 3829 1279 3830 590 3831 812 3829 590 3831 591 3832 667 3833 664 3834 1310 3835 1310 3836 664 3837 648 3838 1310 3836 648 3838 655 3839 655 3839 648 3838 647 3840 894 3841 918 3842 895 3843 895 3844 918 3845 1019 3846 895 3844 1019 3846 887 3847 887 3847 1019 3846 927 3848 887 3847 927 3848 884 3849 884 3849 927 3848 917 3850 884 3851 917 3852 878 3853 1311 3854 1310 3855 657 3856 657 3857 1310 3858 655 3859 665 3860 667 3861 1311 3862 1311 3863 667 3864 1310 3865 1026 3866 1025 3867 1312 3868 1312 3868 1025 3867 1274 3869 1312 3870 1274 3871 566 3872 613 3873 1312 3870 622 3874 622 3874 1312 3870 989 3875 622 3874 989 3875 1308 3876 986 3877 987 3878 1312 3870 1312 3870 987 3878 989 3875 671 3879 681 3880 1313 3881 1313 3881 681 3880 669 3882 1313 3881 669 3882 565 3883 565 3883 669 3882 663 3884 565 3883 663 3884 566 3872 566 3872 663 3884 662 3885 566 3872 662 3885 1312 3870 1312 3870 662 3885 670 3886 1312 3870 670 3886 998 3887 998 3887 670 3886 669 3882 998 3887 669 3882 681 3880 651 3888 1313 3881 650 3889 650 3890 1313 3881 631 3891 631 3891 1313 3881 565 3883 631 3892 565 3893 632 3894 631 3895 633 3896 650 3897 618 3898 622 3874 1116 3899 1116 3899 622 3874 1308 3876 1116 3899 1308 3876 633 3900 633 3900 1308 3876 995 3901 633 3900 995 3901 651 3888 995 3901 986 3877 651 3888 651 3888 986 3877 997 3902 651 3888 997 3902 1313 3881 1313 3881 997 3902 671 3879 997 3902 986 3877 644 3903 644 3903 986 3877 1312 3870 644 3903 1312 3870 645 3904 645 3904 1312 3870 998 3887 633 3900 632 3905 1116 3899 618 3898 1116 3899 619 3906 619 3906 1116 3899 304 3907 619 3906 304 3907 1314 3908 1314 3908 304 3907 315 3909 1314 3908 315 3909 319 3910 1115 3911 305 3912 1116 3899 1116 3899 305 3912 304 3907 726 3913 1314 3908 1115 3911 1115 3911 1314 3908 319 3910 1115 3911 319 3910 305 3912 619 3906 1314 3908 615 3914 615 3914 1314 3908 1315 3915 615 3914 1315 3915 612 3916 612 3916 1315 3915 1312 3870 612 3916 1312 3870 613 3873 626 3917 1026 3866 627 3918 627 3918 1026 3866 1312 3868 627 3918 1312 3868 1315 3919 627 3920 1315 3921 625 3922 625 3922 1315 3921 726 3923 726 3924 1315 3925 1314 3926 656 3927 646 3928 963 3929 963 3929 646 3928 666 3930 963 3929 666 3930 573 3931 573 3931 666 3930 665 3932 573 3931 665 3932 574 3933 574 3933 665 3932 1311 3934 574 3933 1311 3934 1057 3935 1057 3935 1311 3934 657 3936 1057 3935 657 3936 656 3927 656 3927 963 3929 1057 3935 963 3929 573 3931 572 57 653 3937 674 3938 1048 3939 1048 3940 674 3941 1056 3942 1048 3940 1056 3942 1049 3943</p>
        </triangles>
      </mesh>
    </geometry>
  </library_geometries>
  <library_visual_scenes>
    <visual_scene id="Scene" name="Scene">
      <node id="mh00400-j00_lk0" name="mh00400-j00_lk0" type="NODE">
        <matrix sid="transform">1 0 0 0 0 1 0 0 0 0 1 0 0 0 0 1</matrix>
        <instance_geometry url="#mh00400-j00_lk0_1-mesh" name="mh00400-j00_lk0">
          <bind_material>
            <technique_common>
              <instance_material symbol="Surface_1-material" target="#Surface_1-material"/>
            </technique_common>
          </bind_material>
        </instance_geometry>
      </node>
    </visual_scene>
  </library_visual_scenes>
  <scene>
    <instance_visual_scene url="#Scene"/>
  </scene>
</COLLADA>