<?xml version="1.0" encoding="utf-8"?>
<COLLADA xmlns="http://www.collada.org/2005/11/COLLADASchema" version="1.4.1" xmlns:xsi="http://www.w3.org/2001/XMLSchema-instance">
  <asset>
    <contributor>
      <author>Blender User</author>
      <authoring_tool>Blender 4.2.0 commit date:2024-07-16, commit time:06:20, hash:a51f293548ad</authoring_tool>
    </contributor>
    <created>2025-08-13T11:54:55</created>
    <modified>2025-08-13T11:54:55</modified>
    <unit name="meter" meter="1"/>
    <up_axis>Z_UP</up_axis>
  </asset>
  <library_effects>
    <effect id="Surface_1_009-effect">
      <profile_COMMON>
        <technique sid="common">
          <lambert>
            <emission>
              <color sid="emission">0 0 0 1</color>
            </emission>
            <diffuse>
              <color sid="diffuse">0 0.200784 0.4 1</color>
            </diffuse>
            <index_of_refraction>
              <float sid="ior">1</float>
            </index_of_refraction>
          </lambert>
        </technique>
      </profile_COMMON>
    </effect>
  </library_effects>
  <library_images/>
  <library_materials>
    <material id="Surface_1_009-material" name="Surface_1.009">
      <instance_effect url="#Surface_1_009-effect"/>
    </material>
  </library_materials>
  <library_geometries>
    <geometry id="polygons_006-mesh" name="polygons.006">
      <mesh>
        <source id="polygons_006-mesh-positions">
          <float_array id="polygons_006-mesh-positions-array" count="4461">1.885652 -0.168433 2.113322 1.890898 -0.170137 2.108998 1.873411 -0.170137 2.136628 2.275013 0.01224797 2.301236 2.276967 -1.9e-5 2.300869 2.276967 0.02613395 2.297425 1.887298 -0.170222 2.117426 1.883903 -0.168348 2.118672 1.881949 -0.170137 2.121017 1.89059 -0.168518 2.118526 2.275013 -0.01228594 2.301236 2.276967 -0.02608597 2.297425 1.88164 -0.170478 2.125708 1.882257 -0.168348 2.127247 1.886372 -0.171074 2.129885 1.88915 -0.168433 2.129739 1.892853 -0.171585 2.120651 1.959409 -0.168433 2.059747 1.969902 -0.170307 2.059015 1.936058 -0.1697109 2.069935 2.006009 -0.170137 2.053884 1.98955 -0.168433 2.053371 2.20753 0.09896796 2.298964 2.208559 0.09070497 2.305487 2.208353 0.112598 2.282987 1.986464 -0.21929 2.104527 1.982247 -0.209663 2.088184 1.984407 -0.215201 2.095586 2.275013 0.09905397 2.224429 2.27707 0.093602 2.239013 2.27635 0.10195 2.200097 1.893059 -0.174481 2.126954 1.893882 -0.168433 2.124535 1.9985 -0.21946 2.092874 1.990065 -0.2160519 2.088404 1.995414 -0.218778 2.090749 2.275013 0.03618597 2.295373 2.276967 0.05041199 2.287311 1.984715 -0.204978 2.078949 1.992533 -0.198163 2.070301 1.98883 -0.202934 2.074259 1.98667 -0.2125599 2.087084 1.98883 -0.209152 2.078803 1.987493 -0.210771 2.082614 2.147146 0.115409 2.226847 2.145294 0.114472 2.229486 2.147043 0.112172 2.2396 2.127189 0.126824 2.239453 2.131304 0.123843 2.235349 2.13295 0.1252059 2.230438 1.993562 -0.2169899 2.086278 2.001997 -0.216478 2.095 2.146014 0.114046 2.246782 2.129452 0.07750099 2.291782 2.129967 0.07545697 2.293614 2.125338 0.08303797 2.289803 2.150026 0.106039 2.24942 2.142311 0.106039 2.251912 2.148792 0.106039 2.249714 2.154861 0.104591 2.252132 2.149924 0.10885 2.247075 2.151055 0.110469 2.231684 2.009301 -0.168433 2.055643 2.003438 -0.168433 2.054031 1.998911 -0.170307 2.057988 1.998706 -0.168348 2.059454 1.858906 -0.170052 2.19951 1.860552 -0.168518 2.194893 1.859729 -0.168433 2.204274 2.013416 -0.2163079 2.091482 2.01609 -0.217501 2.083786 2.01465 -0.218778 2.090749 1.861478 -0.170478 2.194014 2.275013 -0.03613799 2.295373 2.276967 -0.05044895 2.287311 2.072566 -0.170733 2.075505 2.042734 -0.170563 2.062019 2.100341 -0.170478 2.092728 1.878966 -0.08247995 2.12285 1.875057 -0.08460897 2.124975 1.862301 -0.08460897 2.153631 1.861375 -0.170478 2.20596 2.01105 -0.170392 2.058501 1.867033 -0.168433 2.208378 1.872073 -0.1761 2.206326 1.867239 -0.171159 2.208158 1.874748 -0.197823 2.20017 1.873411 -0.168433 2.20508 1.874954 -0.168433 2.196725 1.930297 -0.08281999 2.071034 1.916822 -0.08460897 2.078656 1.893573 -0.08460897 2.099617 2.019485 -0.219034 2.100936 2.026069 -0.21503 2.096319 2.027818 -0.211793 2.091922 1.883595 -0.170222 2.280935 1.881743 -0.168433 2.277857 1.887915 -0.168263 2.282767 1.881537 -0.170478 2.274485 1.883286 -0.168433 2.271774 1.886578 -0.171415 2.270161 1.89131 -0.168178 2.270821 1.893367 -0.174311 2.273826 2.117931 -0.170563 2.119258 2.122149 -0.168263 2.117206 2.116491 -0.168433 2.12197 2.116594 -0.174311 2.126221 2.118651 -0.168178 2.129226 2.126469 -0.170222 2.119039 2.124309 -0.168433 2.113322 2.140665 -0.1697109 2.143297 2.129247 0.06549 2.158615 2.127395 0.06693798 2.15605 2.130275 0.06387096 2.156709 2.129967 0.06787496 2.154877 2.075035 -0.08247995 2.06759 2.087482 -0.082309 2.07294 2.073183 -0.08086097 2.063485 1.884829 -0.08247995 2.287604 1.875057 -0.08460897 2.274998 1.893573 -0.08460897 2.300357 2.061456 0.07801198 2.217393 2.046951 0.07801198 2.240039 2.058164 0.07801198 2.223183 2.096226 -0.07515299 2.06583 2.12112 -0.06441998 2.084812 2.121737 -0.12354 2.084886 2.081413 -0.124391 2.057109 2.096226 -0.12354 2.06583 2.091905 -0.125499 2.064365 2.064953 -0.12354 2.051759 2.064953 -0.125499 2.053151 2.121634 -0.06510096 2.315161 2.096226 -0.07515299 2.334143 2.096226 -0.12354 2.334143 2.082338 -0.07992398 2.342425 2.081413 -0.124562 2.342865 2.066394 -0.08529096 2.347995 2.064953 -0.12354 2.348288 2.050655 -0.08452397 2.35012 2.052609 -0.12354 2.349973 2.004981 -0.08546096 2.349973 2.004981 -0.12354 2.349973 1.973811 -0.08460897 2.346749 1.973811 -0.12354 2.346749 1.943979 -0.08460897 2.337001 1.943979 -0.12354 2.337001 1.916822 -0.08460897 2.321391 1.916822 -0.12354 2.321317 1.893573 -0.12354 2.300357 1.875057 -0.12354 2.274998 1.862301 -0.08460897 2.246342 1.862301 -0.12354 2.246342 1.85582 -0.08469396 2.215707 1.85582 -0.12354 2.215707 1.85582 -0.08546096 2.18434 1.85582 -0.12354 2.18434 1.862301 -0.12354 2.153631 1.875057 -0.12354 2.124975 1.893573 -0.12354 2.099617 1.916822 -0.12354 2.078656 1.943979 -0.08460897 2.062972 1.943979 -0.12354 2.062972 1.973811 -0.08460897 2.053298 1.973811 -0.12354 2.053298 2.004981 -0.08546096 2.05 2.004981 -0.12354 2.05 2.048494 -0.08486497 2.05 2.052609 -0.12354 2.050073 2.063513 -0.08469396 2.051246 2.078841 -0.08120197 2.056156 2.122252 -0.12354 2.314941 1.97412 -0.082906 2.054764 2.026686 -0.08281999 2.05022 2.088305 -0.074898 2.061506 2.123383 -0.171415 2.129885 2.126675 -0.168433 2.1282 2.128424 -0.170478 2.125488 2.128321 -0.168433 2.122117 2.092317 0.07187896 2.243044 2.077915 0.073412 2.225088 2.088408 0.07077097 2.232271 2.048494 0.12495 2.201856 2.048597 0.126995 2.198118 2.050346 0.126995 2.204641 1.89203 -0.170563 2.280715 1.860655 -0.082394 2.234762 2.058884 0.124865 2.194527 2.061353 0.126995 2.198264 2.054769 0.126995 2.192988 1.893573 -0.168433 2.278003 2.050346 0.12495 2.195333 2.154758 -0.09415 2.313036 2.156919 -0.094576 2.310104 2.151672 -0.08554595 2.317067 2.130173 0.009266972 2.294127 2.129247 -0.05649799 2.295373 2.130893 -0.05113095 2.295886 2.149512 0.103228 2.147841 2.143443 0.105868 2.148501 2.150026 0.106039 2.150553 1.937395 -0.170733 2.324542 1.967228 -0.170563 2.337954 1.909621 -0.170478 2.307246 1.893779 -0.07702797 2.186465 1.893779 -0.07702797 2.213509 1.90026 -0.07702797 2.239746 1.90026 -0.07702797 2.1603 1.91281 -0.07702797 2.263638 1.91281 -0.07702797 2.136408 1.930709 -0.07702797 2.283866 1.930709 -0.07702797 2.11618 1.952929 -0.07702797 2.299184 1.952929 -0.07702797 2.100863 1.978235 -0.07702797 2.308785 1.978235 -0.07702797 2.091262 2.004981 -0.07702797 2.31201 2.004981 -0.07702797 2.087964 2.03183 -0.07702797 2.308785 2.03183 -0.07702797 2.091262 2.057033 -0.07702797 2.299184 2.057033 -0.07702797 2.100863 2.079252 -0.07702797 2.283866 2.079252 -0.07702797 2.11618 2.097152 -0.07702797 2.263638 2.097152 -0.07702797 2.136408 2.109702 -0.07702797 2.239746 2.109702 -0.07702797 2.1603 2.116182 -0.07702797 2.213509 2.116182 -0.07702797 2.186465 2.057753 0.126995 2.206326 2.061559 0.12495 2.201636 2.054358 0.124865 2.206839 2.065056 -0.08247995 2.05513 2.065468 -0.082309 2.058868 2.006524 -0.168433 2.346016 2.01105 -0.170307 2.342058 2.003952 -0.170137 2.346089 2.000763 -0.168433 2.34433 2.011256 -0.168348 2.340592 2.009815 -0.172352 2.336342 2.129144 0.065831 2.243631 2.126881 0.06497895 2.235129 2.13007 0.06761997 2.247002 2.150026 -0.09108299 2.315014 2.150335 -0.04644596 2.315454 2.142106 -0.05513495 2.314648 1.998911 -0.170392 2.341472 2.275013 0.03618597 2.104601 2.276967 0.05041199 2.112662 2.276967 0.02613395 2.102622 2.111862 0.05518198 2.234909 2.109393 0.06489396 2.234836 2.109599 0.02698498 2.234689 2.126881 -0.01748198 2.231025 2.128835 -1.9e-5 2.236521 2.118754 0.004580974 2.235129 2.128424 -0.05965 2.100203 2.121223 -0.063313 2.102768 2.129144 -0.05675297 2.107092 2.148792 -0.04985296 2.085106 2.137373 -0.05854195 2.085032 2.133156 -0.05845695 2.087817 2.15517 0.104676 2.147548 2.153215 0.109617 2.152825 2.155478 0.112854 2.147621 2.155478 0.112769 2.252352 2.153112 0.109617 2.247222 2.15517 0.105443 2.299404 2.155478 0.117113 2.114495 2.155478 0.125035 2.126514 2.155478 0.125035 2.200023 2.155478 0.125035 2.273459 2.155478 0.117113 2.285552 2.152907 0.103228 2.098444 2.155478 0.107061 2.102182 1.947374 0.119584 2.129519 1.931429 0.08789396 2.138314 1.945728 0.115409 2.130692 2.107644 0.06600099 2.236888 2.114742 0.06600099 2.242165 2.104352 0.06608599 2.233077 2.129658 0.114643 2.253525 2.134082 0.113961 2.235129 2.129658 0.115495 2.240626 2.150849 -0.12584 2.165651 2.15301 -0.125499 2.11083 2.151467 -0.125669 2.127687 2.079561 0.102887 2.282474 2.06948 0.1055279 2.282694 2.071846 0.102631 2.283793 2.11824 -0.06348299 2.085765 2.187368 -0.06493097 2.324029 2.20753 -0.06501597 2.324029 2.20753 -1.9e-5 2.324029 2.187471 -1.9e-5 2.324029 2.20753 0.06497895 2.324029 2.187368 0.06497895 2.324029 2.20753 0.08295297 2.312816 2.186854 0.08295297 2.312596 2.187471 0.09896796 2.298964 2.187471 0.112769 2.282914 2.20753 0.124013 2.264958 2.187368 0.124013 2.264958 2.20753 0.124013 2.200023 2.187471 0.124013 2.200023 2.20753 0.124013 2.135016 2.187368 0.124013 2.135016 2.049317 0.125632 2.267083 2.061044 0.126143 2.266644 2.051786 0.126995 2.264884 2.129761 0.077331 2.256969 2.128835 0.07307195 2.253818 2.20753 0.112769 2.11706 2.187471 0.112769 2.11706 2.208559 0.09709399 2.099324 2.187471 0.09896796 2.101009 2.20753 0.08295297 2.087231 2.187471 0.08295297 2.087231 2.20753 0.06497895 2.076018 2.187368 0.06497895 2.076018 2.092728 0.08423095 2.257262 2.118857 0.08414596 2.28372 2.075343 0.08397495 2.280788 1.997883 0.08397495 2.25631 1.976074 0.08406096 2.279469 1.972782 0.08406096 2.245976 1.934515 0.08388996 2.253745 1.956221 0.08414596 2.226701 1.923817 0.08380496 2.215268 1.95118 0.08329397 2.215341 1.941613 0.08448696 2.265691 1.923508 0.08457195 2.252205 2.129967 -0.05291998 2.18368 2.130996 -0.08580195 2.200023 2.129967 -0.05547499 2.184193 2.150849 -0.125499 2.2728 2.150849 -0.12584 2.234396 2.15373 -0.127714 2.21666 2.03615 0.07588297 2.153485 2.024732 0.07826799 2.146009 2.042734 0.07784199 2.157369 2.154553 -0.12814 2.267816 2.128424 -0.168518 2.274705 2.128012 -0.170137 2.273239 2.128115 -0.170137 2.278956 2.122663 -0.170222 2.282694 2.117931 -0.168433 2.280495 2.125955 -0.168348 2.281448 2.147557 -0.12354 2.246635 2.154141 -0.12354 2.21578 2.129967 -0.006918966 2.161033 2.129452 -0.01901495 2.167116 2.105793 -0.175504 2.287311 2.106924 -0.1849589 2.284013 2.12256 -0.177037 2.260561 1.958998 -0.08265 2.341325 1.938836 0.12035 2.154584 1.943876 0.115069 2.145569 1.936984 0.114558 2.152458 1.99994 0.07596796 2.144983 1.944802 0.12248 2.146888 2.040059 -0.170307 2.340959 2.050552 -0.168433 2.340226 2.020411 -0.168433 2.346675 1.929989 0.119754 2.158468 1.930297 0.118391 2.15539 1.943053 0.12265 2.153998 1.920833 0.088831 2.229119 1.921039 0.08406096 2.210504 2.124309 -0.168433 2.286651 2.119166 -0.170137 2.291049 2.13655 -0.170137 2.263345 2.208456 -0.03920495 2.073892 2.208353 -0.09023195 2.093094 2.20753 -0.06501597 2.076018 2.13974 -0.168433 2.259974 2.144163 -0.170392 2.240846 2.149204 -0.168433 2.230658 2.151981 -0.1697109 2.203614 2.109804 0.065149 2.165064 2.126984 0.06617099 2.163159 2.126058 0.06301999 2.164991 2.117211 -0.171585 2.279323 2.004981 0.08201599 2.25499 1.991608 0.08295297 2.253378 2.102912 0.02477097 2.229779 2.103427 0.01795595 2.225235 2.106719 0.01318496 2.226481 2.15229 -0.124136 2.314941 2.154964 -0.124647 2.311863 2.074417 0.06983399 2.210137 2.074417 0.06284898 2.19995 2.079664 0.06565999 2.216294 2.085527 0.06301999 2.222816 2.086967 0.069323 2.226921 2.087996 0.06617099 2.225968 2.067731 0.073327 2.214828 2.069685 0.07187896 2.199804 2.073286 0.069664 2.192181 2.067731 0.073327 2.185146 2.08131 0.07307195 2.170781 2.067319 0.07596796 2.18346 2.078532 0.07843798 2.168949 2.093551 0.07434898 2.155024 2.092728 0.07784199 2.153704 2.111142 0.07383799 2.145789 2.107953 0.077075 2.146595 2.079767 0.065831 2.183313 2.140151 0.102972 2.097711 2.124926 0.1011829 2.110024 2.118651 0.102972 2.114421 2.27707 -0.09363895 2.16096 2.275013 -0.09031701 2.152605 2.275013 -0.07634598 2.132377 2.276967 -0.07131999 2.128713 2.275013 -0.05794596 2.116034 2.276967 -0.05044895 2.112662 2.087585 0.07145297 2.169901 2.088716 0.07025998 2.171001 2.104867 0.07920497 2.14535 2.128835 0.07307195 2.146375 2.129967 0.07537198 2.14381 2.13007 0.073583 2.120065 2.093757 0.06395697 2.172174 2.086453 0.06480795 2.176351 2.089745 0.065916 2.171953 2.123589 0.08533799 2.110537 2.128424 0.08261197 2.106506 2.126469 0.08261197 2.110977 2.089642 0.07213395 2.160814 2.09818 0.07290101 2.15561 2.129555 0.07290101 2.155024 2.269046 -0.078731 2.110757 2.268018 -0.06791299 2.101669 2.268018 -0.04235696 2.088257 1.943053 0.12265 2.245976 1.940379 0.116176 2.247442 1.944596 0.121543 2.254917 2.102912 0.02451497 2.170195 2.10569 0.03882598 2.169388 2.106719 0.01446294 2.173346 2.103838 0.06531995 2.169828 2.109702 0.02698498 2.165284 2.10857 -0.001636981 2.167116 2.107747 0.01965898 2.168802 2.107336 0.02698498 2.167556 2.106101 -0.01075196 2.176864 2.268018 -0.08946496 2.120724 2.268738 -0.105821 2.144323 2.068142 0.114302 2.125122 2.061764 0.114728 2.132524 2.066394 0.123417 2.130252 2.10857 -0.125584 2.322783 2.125544 -0.125499 2.313768 2.140768 -0.125499 2.263785 2.127189 -0.125499 2.287018 2.154347 -0.125669 2.302115 2.109599 -0.125499 2.307539 2.15589 -0.123369 2.276464 2.088614 -0.125499 2.324542 2.064953 -0.125499 2.337514 2.080693 -0.125499 2.341032 2.064953 -0.125414 2.346895 2.102809 -0.08247995 2.279396 2.118343 -0.08247995 2.300869 2.120709 -0.082309 2.251399 1.9232 0.113876 2.244876 1.923405 0.117539 2.241798 1.921348 0.11788 2.199071 2.068039 0.105698 2.117133 2.121429 -0.08580195 2.248248 2.109804 -0.08580195 2.270015 1.930297 0.118561 2.24451 2.05014 0.1251209 2.134063 2.046026 0.114898 2.131205 2.041808 0.122821 2.12776 2.149615 0.103228 2.252205 2.145397 0.102631 2.302995 1.867033 -0.168433 2.191668 2.055798 0.07622295 2.222084 2.050449 0.07758599 2.233956 2.043454 0.07596796 2.239746 2.06125 0.07596796 2.21666 2.082133 -0.07643097 2.065537 2.089539 -0.075239 2.072427 2.118754 -0.08137196 2.094707 2.035533 0.07792699 2.247808 2.086865 0.07792699 2.240992 2.069788 0.077672 2.218565 2.104764 0.07826799 2.253818 2.02288 0.07835298 2.253964 1.968462 0.08397495 2.12241 1.924125 0.08388996 2.184852 1.926697 0.08388996 2.150333 1.920525 0.08712697 2.162866 1.923611 0.08636099 2.14513 1.939247 0.08431595 2.136555 1.921039 0.08755296 2.186098 1.969696 0.08712697 2.117353 2.114948 0.08397495 2.116473 2.065879 0.08397495 2.120431 2.066188 0.08618998 2.11706 1.976177 0.085424 2.117939 1.976177 0.08789396 2.116473 2.119988 0.08397495 2.143004 1.997883 0.08397495 2.143517 2.126984 0.08193099 2.144104 2.119988 0.08303797 2.14491 2.004981 0.08295297 2.14491 1.991608 0.08303797 2.146595 1.950768 0.08329397 2.184779 1.956529 0.08406096 2.173199 1.972474 0.08406096 2.154291 2.150026 0.1089349 2.153411 2.154964 -0.141003 2.166164 2.154553 -0.127969 2.132084 2.154964 -0.136573 2.151213 2.154964 -0.141003 2.23381 2.154964 -0.136573 2.248834 2.154964 -0.1305249 2.200023 2.15373 -0.127714 2.183313 2.149821 -0.090402 2.084959 2.152495 -0.123369 2.085032 2.155375 -0.09236097 2.087597 2.105278 0.102972 2.284599 2.124412 0.102972 2.287678 2.116902 0.102972 2.267816 2.065879 0.105954 2.2835 2.154758 -0.124988 2.088477 2.148998 -0.125499 2.085692 2.109599 -0.125499 2.092508 2.121943 -0.125414 2.085618 2.088614 -0.125499 2.075505 2.064953 -0.125499 2.062532 2.155787 -0.123795 2.123949 2.140768 -0.125499 2.136261 2.127189 -0.125499 2.112956 2.056107 0.113876 2.125415 2.030081 0.114558 2.116547 2.040265 0.114813 2.122337 2.072977 0.1132799 2.119112 2.062073 0.11345 2.11706 2.120914 -0.08213895 2.148501 2.109804 -0.08580195 2.130032 2.121429 -0.08580195 2.151799 2.121429 -0.06263101 2.152825 2.12863 -0.08580195 2.175398 2.128424 -0.05828696 2.17298 2.118343 -0.06382399 2.305927 2.08491 -0.07643097 2.331065 2.082133 -0.07643097 2.334436 2.121223 -0.062801 2.247442 2.121017 -0.08069097 2.298744 2.121017 -0.063057 2.298817 2.119166 -0.08043497 2.305047 2.089539 -0.08188295 2.326668 2.126778 -0.05956399 2.232197 2.12863 -0.08580195 2.224575 2.129967 -0.05496394 2.21732 2.131201 -0.05547499 2.198045 2.068348 0.08065295 2.254917 2.019897 0.07946097 2.25499 2.008684 0.07596796 2.255137 2.025246 0.07596796 2.251326 2.119988 0.08201599 2.25499 2.067319 0.07596796 2.216513 2.125646 0.08269798 2.25587 2.113096 0.073668 2.254257 2.06948 0.07596796 2.200023 2.104455 0.065916 2.159274 2.089848 0.06651198 2.161546 2.095814 0.06685298 2.156636 1.93112 0.114302 2.247149 1.928034 0.114046 2.25631 1.928446 0.112769 2.260121 1.943568 0.113961 2.268256 1.943568 0.113961 2.257116 1.920936 0.113109 2.246635 1.873205 -0.186237 2.194966 1.871662 -0.175418 2.193427 1.867136 -0.171244 2.191888 2.08347 -0.07591998 2.062239 2.118754 -0.06348299 2.094267 2.129967 0.07690495 2.10548 2.155478 -0.09900599 2.310031 2.155478 -0.111699 2.296106 2.155478 -0.117406 2.310031 2.15733 -0.10991 2.294567 2.208559 -0.101221 2.296032 2.20753 -0.09023195 2.307026 2.20753 -0.111188 2.285039 2.187471 -0.136658 2.230219 2.20753 -0.126947 2.259021 2.187471 -0.126947 2.259021 2.187471 -0.111188 2.285039 2.187471 -0.09023195 2.307026 2.20753 -0.136658 2.230219 2.187471 -0.139981 2.200023 2.20753 -0.139981 2.200023 2.187471 -0.136658 2.169755 2.187471 -0.111188 2.114934 2.20753 -0.126947 2.140952 2.187471 -0.126947 2.140952 2.20753 -0.136658 2.169755 2.20753 -0.111188 2.114934 2.187471 -0.09023195 2.092947 2.187368 -0.06501597 2.076018 2.187471 -1.9e-5 2.076018 2.20753 -1.9e-5 2.076018 2.208559 -0.119365 2.128053 2.208559 -0.138362 2.184926 2.208559 -0.132058 2.244657 2.268738 -0.116128 2.228533 2.269046 -0.098495 2.226408 2.269046 -0.08835697 2.251033 2.269046 0.026389 2.298524 2.269046 0.05526798 2.30534 2.269046 -1.9e-5 2.301969 2.269046 -0.05521994 2.30534 2.269046 -0.02642697 2.298524 2.269046 -0.05096 2.288337 2.269046 0.08831995 2.251033 2.269046 0.09786099 2.267816 2.269046 0.07213395 2.27214 2.269046 0.05100798 2.288337 2.269046 0.09854197 2.173566 2.269046 0.117965 2.214461 2.269046 0.102035 2.200023 2.269046 0.09854197 2.226408 2.269046 0.07213395 2.127907 2.269046 0.09811598 2.132524 2.269046 0.08831995 2.149014 2.268738 0.116176 2.171441 2.269046 0.05100798 2.111636 2.269046 0.026389 2.101449 2.269046 0.05526798 2.094633 2.269046 -1.9e-5 2.098005 2.269046 -0.04201596 2.08921 2.269046 -0.02642697 2.101449 2.269046 -0.05096 2.111636 2.269046 -0.07208698 2.127907 2.269046 -0.08835697 2.149014 2.269046 -0.118173 2.185439 2.269046 -0.098495 2.173566 2.269046 -0.101987 2.200023 2.268018 -0.119536 2.200023 2.268018 -0.105821 2.255503 2.269046 -0.09806895 2.26745 2.269046 -0.07208698 2.27214 2.268018 -0.06791299 2.298378 2.268018 -0.08946496 2.279249 2.268018 0.04240399 2.311716 2.268018 0.01437795 2.318606 2.269149 -1.89e-4 2.318972 2.268018 -0.04235696 2.311716 2.268018 0.08942699 2.279249 2.268018 0.06787496 2.298378 2.268018 0.105783 2.255503 2.268018 0.116006 2.228606 2.268018 0.119498 2.200023 2.268018 0.105783 2.14447 2.268018 0.06787496 2.101669 2.268018 0.08942699 2.120724 2.268018 -0.116043 2.171367 2.268018 0.01437795 2.081368 2.268018 0.04240399 2.088257 2.269149 2.37e-4 2.081075 2.268018 -0.01441496 2.318606 2.049935 0.116091 2.266937 2.042116 0.118902 2.272067 2.059193 0.114132 2.267596 2.069274 0.115324 2.274266 2.069685 0.123076 2.271994 2.076269 0.116858 2.276977 2.038825 0.124098 2.274046 2.037796 0.12035 2.278516 2.037693 0.114813 2.280642 2.186545 0.122991 2.135236 2.186545 0.122991 2.264738 2.186545 0.1055279 2.290756 2.186545 0.111917 2.117573 2.186545 0.09078997 2.094487 2.186545 0.06472295 2.07697 2.186545 -0.06476098 2.07697 2.186545 -0.08972001 2.093827 2.186545 -0.1105059 2.115667 2.186545 -0.1260949 2.141465 2.186545 -0.135721 2.170048 2.186545 -0.138958 2.200023 2.186545 -0.135721 2.229925 2.186545 -0.1260949 2.258508 2.186545 -0.1105059 2.284306 2.186545 -0.08972001 2.306146 2.186545 -0.06476098 2.323003 2.186545 0.06472295 2.323003 2.100443 0.07801198 2.147988 2.060839 0.07622295 2.183533 2.057135 0.07784199 2.17723 1.988316 0.07494598 2.226188 1.980909 0.07596796 2.220251 1.975251 0.07477498 2.190423 1.973503 0.07596796 2.200023 1.975354 0.07596796 2.210797 1.980909 0.07596796 2.179722 1.989242 0.07596796 2.172686 2.000351 0.07494598 2.169315 2.021646 0.07494598 2.173786 2.029155 0.07596796 2.179722 2.03471 0.07477498 2.209624 2.034607 0.07596796 2.18925 2.036459 0.07596796 2.200023 2.029155 0.07596796 2.220251 2.02072 0.07596796 2.227287 2.00961 0.07494598 2.230658 1.999529 0.07596796 2.231025 2.010433 0.07596796 2.168949 2.004981 -0.082991 2.349021 2.039133 -0.08247995 2.347775 2.065468 -0.082991 2.347262 2.088408 -0.075239 2.33876 2.186545 -0.123454 2.124022 2.186545 -0.1339319 2.144397 2.186545 -0.07515299 2.324029 2.186545 -0.09372395 2.310617 2.186545 -0.109995 2.294493 2.186545 -0.123454 2.276025 2.186545 -0.1339319 2.255577 2.186545 -0.141003 2.23381 2.186545 -0.141003 2.166164 2.186545 0.114983 2.288337 2.186545 0.09709399 2.308125 2.186545 0.07520097 2.324029 2.186545 0.125035 2.273459 2.186545 -0.109995 2.105553 2.186545 -0.09372395 2.089356 2.186545 -0.07515299 2.076018 2.186545 0.07520097 2.076018 2.186545 0.096753 2.091775 2.186545 0.114983 2.111636 2.186545 0.125035 2.126514 2.186545 0.125035 2.200023 2.097563 0.102972 2.124462 2.080281 0.101779 2.115667 2.030698 0.08031195 2.145056 1.978955 0.07596796 2.151506 1.963113 0.07596796 2.164112 1.951077 0.07613795 2.184559 2.208456 -0.119962 2.200023 2.208456 -0.116469 2.171294 2.208456 -0.116469 2.228753 2.208456 -0.106247 2.255797 2.208456 -0.08980596 2.279542 2.208456 -0.06816798 2.298744 2.208456 0.01446294 2.319119 2.208456 0.03780394 2.325495 2.208456 -0.01449996 2.319119 2.208456 -0.06476098 2.323076 2.208456 -0.04252696 2.312229 2.208456 0.042575 2.312229 2.208456 0.06813097 2.298744 2.208456 0.08985298 2.279542 2.208456 0.106294 2.255797 2.208456 0.116517 2.228753 2.208456 0.120009 2.200023 2.208456 0.06472295 2.076897 2.208456 0.06813097 2.101229 2.208456 0.08985298 2.120431 2.208456 -0.01449996 2.080855 2.208456 0.01446294 2.080855 2.208456 0.042575 2.087817 2.208456 -0.04252696 2.087817 2.208456 -0.06816798 2.101229 2.208456 -0.08980596 2.120431 2.208456 -0.106247 2.14425 2.208353 0.126569 2.2385 2.208456 0.123076 2.135236 2.208456 0.116517 2.171294 2.208456 0.106294 2.14425 2.275013 0.09027898 2.247368 2.275013 0.07630896 2.267669 2.276967 0.07128298 2.271334 2.275013 0.05790799 2.28394 2.004672 -0.174481 2.333923 2.005495 -0.168092 2.33319 1.950768 0.07613795 2.215341 1.962907 0.07596796 2.236082 1.985127 0.07596796 2.251546 2.064953 -0.12354 2.337514 2.070303 -0.171841 2.320438 2.041088 -0.171841 2.332164 2.054564 -0.175504 2.323809 2.0236 -0.1772069 2.330772 2.122046 -0.172352 2.270161 2.12184 -0.168178 2.269502 2.139534 0.1126829 2.253598 2.128115 0.114302 2.257775 2.007861 -0.219716 2.095 2.064953 -0.12354 2.062532 2.126161 0.12708 2.180528 1.964656 0.126995 2.136335 2.04942 0.126995 2.137581 2.038722 0.125632 2.128126 1.963216 0.125547 2.129666 1.964141 0.12035 2.121237 1.950974 0.124439 2.131571 1.948711 0.123332 2.129372 1.946859 0.123332 2.137288 2.130893 0.125973 2.166164 2.125132 0.126228 2.157076 2.064028 0.126569 2.135895 1.963319 0.125461 2.271261 1.96301 0.126995 2.263712 1.961364 0.126739 2.136335 2.127601 0.123587 2.153118 2.142517 0.119158 2.172174 2.112788 0.1251209 2.253232 2.128424 0.120606 2.250447 2.126469 0.117795 2.254917 2.075343 0.11345 2.279616 2.14694 0.115069 2.172613 2.039339 0.116943 2.12307 2.036561 0.119754 2.121091 2.068657 0.125717 2.132597 2.072463 0.122224 2.128126 2.074315 0.119924 2.125928 2.075652 0.117283 2.123216 2.071331 0.118561 2.125268 2.036973 0.117965 2.120431 2.110627 0.1173689 2.137434 2.126881 0.116261 2.143371 2.128012 0.113961 2.142271 2.145294 0.114132 2.150846 2.136653 0.112172 2.145716 2.129864 0.114132 2.144323 2.117314 0.08789396 2.112956 2.115051 0.100672 2.113029 2.065776 0.09445297 2.1164 2.152495 0.08499795 2.082541 2.142106 0.09743499 2.092434 2.151672 -0.02344495 2.0832 2.130996 0.07716095 2.104014 2.166486 -0.07515299 2.076018 2.166486 -1.9e-5 2.076018 2.163605 0.077075 2.076384 2.154347 -0.082991 2.081441 2.157845 -0.10991 2.105407 2.166486 -0.07515299 2.324029 2.166486 -1.9e-5 2.324029 2.163399 0.07724601 2.323076 2.152495 -1.9e-5 2.317433 2.140665 0.09973496 2.30556 2.152495 0.08499795 2.317433 2.130173 0.077331 2.295153 2.113302 0.08678698 2.286505 2.124515 0.101013 2.289949 2.115051 0.100672 2.286945 2.066085 0.09428298 2.283573 2.004363 0.114728 2.283866 1.976177 0.08789396 2.283427 1.967845 0.11575 2.281888 1.968771 0.08704197 2.282181 2.062382 0.113535 2.283207 2.14694 0.106124 2.246122 2.14694 0.106039 2.15517 2.147146 0.112854 2.164698 1.949534 0.119498 2.2717 1.922582 0.089257 2.253525 1.931429 0.08797895 2.261733 1.921039 0.114898 2.160374 1.921039 0.07647895 2.209991 1.922788 0.07630896 2.214681 1.940173 0.113109 2.133476 1.928857 0.113109 2.139926 1.921965 0.112257 2.148134 1.921451 0.07630896 2.187784 1.976177 0.085424 2.282034 2.065982 0.08712697 2.283134 2.129967 -0.05223798 2.284306 2.12935 0.06301999 2.237181 2.129967 -1.9e-5 2.239966 2.129967 -0.01654499 2.234982 2.129967 -0.03332698 2.219372 2.129967 -0.039716 2.200023 2.129967 -0.03324198 2.180821 2.125441 -0.06067198 2.297059 2.120709 -0.06263101 2.313329 2.065159 -0.08247995 2.341325 2.069891 -0.08060497 2.342498 2.100238 -0.06995695 2.32806 1.932561 -0.082394 2.325495 2.073389 -0.08247995 2.331651 2.08275 -0.08247995 2.299111 2.058884 -0.08247995 2.313915 2.032241 -0.08247995 2.323003 2.004261 -0.08247995 2.326008 1.976383 -0.08247995 2.32271 1.949843 -0.08247995 2.313329 1.92608 -0.08247995 2.298231 1.906329 -0.08247995 2.278296 1.891413 -0.08247995 2.254478 1.882155 -0.08247995 2.227947 1.878966 -0.08247995 2.200023 1.85726 -0.082565 2.184486 1.882155 -0.08247995 2.172027 1.891413 -0.08247995 2.145496 1.906329 -0.08247995 2.121677 1.92608 -0.08247995 2.101742 1.949843 -0.08247995 2.086718 1.965993 -0.082309 2.062166 1.976383 -0.08247995 2.077264 2.004261 -0.08247995 2.073966 2.032241 -0.08247995 2.07697 2.058884 -0.08247995 2.086058 2.08275 -0.08247995 2.100863 2.102809 -0.08247995 2.120578 2.11896 -0.08247995 2.10013 1.894602 -0.082906 2.100643 1.917747 -0.082906 2.320145 2.080075 -0.07711297 2.339713 2.130275 0.01028895 2.1057 2.129967 -0.05198299 2.125488 2.13079 -0.05325996 2.104161 2.057238 0.109617 2.116473 1.944493 0.119328 2.134136 1.964656 0.116261 2.119991 1.973194 0.114046 2.116547 1.944699 0.121372 2.137288 1.943979 0.119328 2.137288 1.96445 0.121202 2.27771 1.950871 0.124354 2.268329 1.947477 0.123673 2.262759 1.947477 0.123673 2.25499 1.928137 0.119413 2.240626 1.926491 0.119072 2.160227 1.924331 0.115921 2.156123 1.944288 0.120009 2.262759 1.945625 0.12248 2.262759 1.948711 0.123247 2.270748 1.945316 0.119328 2.267669 2.129041 0.07290101 2.244657 2.155581 -0.111102 2.104307 2.155684 -0.118428 2.089063 2.09242 -0.12354 2.321904 2.115977 -0.12354 2.300869 2.134699 -0.12354 2.275438 2.147557 -0.12354 2.153338 2.116491 -0.174226 2.273972 2.116491 -0.168433 2.274705 1.999529 0.07596796 2.168949 1.975354 0.07596796 2.18925 1.989242 0.07596796 2.227287 2.010433 0.07596796 2.231025 2.034607 0.07596796 2.210797 2.02072 0.07596796 2.172686 1.939967 0.07622295 2.214974 1.939967 0.07630896 2.184999 1.924948 0.07647895 2.185072 2.055695 0.07622295 2.17789 2.275013 -0.09900599 2.175618 2.27635 -0.101902 2.199877 2.276967 -0.09738695 2.226114 1.919085 -0.170222 2.082834 1.910135 -0.170989 2.098591 1.906329 -0.168433 2.090456 1.955809 -0.202508 2.08342 1.964347 -0.195608 2.075431 1.97988 -0.190071 2.070374 1.991813 -0.206597 2.074479 1.992019 -0.213071 2.077777 2.007347 -0.193648 2.068029 2.004261 -0.209919 2.068396 1.996031 -0.20353 2.070741 1.997985 -0.2125599 2.073599 1.999734 -0.216478 2.076311 2.010535 -0.20353 2.069129 1.950871 -0.219971 2.120798 1.929166 -0.22176 2.157589 1.924331 -0.21946 2.147768 1.913427 -0.21946 2.170781 1.990785 -0.218438 2.095953 1.996442 -0.216478 2.078803 1.994797 -0.21946 2.10013 1.981321 -0.221504 2.115301 2.033578 -0.22159 2.1175 2.010741 -0.22159 2.286798 2.074315 -0.22159 2.252279 2.040265 -0.2200559 2.289143 2.072257 -0.21946 2.268696 2.076681 -0.204041 2.300869 2.100135 -0.202508 2.28328 2.079458 -0.198248 2.306586 2.103632 -0.195608 2.286212 2.085219 -0.185044 2.305194 2.082338 -0.175504 2.308565 2.018148 -0.206597 2.074479 2.013107 -0.210175 2.072133 2.014033 -0.20353 2.070741 1.89131 -0.195608 2.135016 1.897071 -0.190071 2.124022 1.911575 -0.193222 2.106653 1.908901 -0.18053 2.109511 1.933281 -0.1771219 2.088917 1.907563 -0.202508 2.119185 1.89131 -0.202593 2.14469 1.877114 -0.193478 2.16697 1.884624 -0.190071 2.145936 1.878143 -0.1773779 2.163305 1.890281 -0.177292 2.134283 1.957044 -0.221504 2.273606 2.019897 -0.2160519 2.088477 2.007964 -0.2165639 2.075138 2.020308 -0.210856 2.078216 2.018251 -0.200208 2.07162 1.881435 -0.202593 2.173273 1.934824 -0.21946 2.265764 1.920113 -0.21946 2.245023 1.923508 -0.22176 2.229706 1.911267 -0.21946 2.221204 1.909003 -0.21946 2.195846 1.954575 -0.21946 2.281814 2.002923 -0.21946 2.296106 1.977823 -0.21946 2.292222 1.991505 -0.202508 2.325715 1.964347 -0.204041 2.31692 2.022468 -0.204041 2.322563 2.021851 -0.198248 2.329013 1.991196 -0.195608 2.330259 2.007552 -0.190071 2.331944 1.978543 -0.190071 2.329306 1.992122 -0.1772069 2.331578 1.961467 -0.177292 2.324689 2.078121 -0.221504 2.151066 2.092522 -0.202508 2.108705 2.071846 -0.219971 2.131205 2.072463 -0.202508 2.093021 2.044997 -0.21946 2.112589 2.049729 -0.202508 2.081661 2.025246 -0.2048929 2.078949 2.023394 -0.2125599 2.087084 2.022468 -0.210771 2.082614 2.096123 -0.171841 2.097711 2.104764 -0.1771219 2.113395 2.082338 -0.175504 2.091408 2.07987 -0.185044 2.091335 2.054564 -0.175504 2.076238 2.054667 -0.1849589 2.077703 2.0236 -0.1772069 2.069129 2.070303 -0.171841 2.079609 2.041088 -0.171841 2.067883 2.009815 -0.172181 2.063632 2.001997 -0.1738 2.065537 1.992225 -0.1771219 2.068469 1.968874 -0.171841 2.067883 2.026686 -0.1697109 2.054471 2.106204 -0.1696259 2.093094 2.082544 -0.169881 2.075065 2.055695 -0.1697109 2.061726 2.122355 -0.1772069 2.139413 2.134905 -0.171841 2.156416 2.149409 -0.1696259 2.17166 2.134905 -0.171841 2.243557 2.14118 -0.171841 2.214755 2.14118 -0.171841 2.185219 2.138299 -0.175504 2.200023 2.133362 -0.177292 2.168802 2.136962 -0.1848739 2.199877 2.099826 -0.170989 2.301383 2.074006 -0.1697109 2.330112 2.090877 -0.170222 2.31714 2.103632 -0.168433 2.309591 2.133464 -0.1772069 2.231171 2.133464 -0.193393 2.230145 2.12328 -0.193222 2.258655 2.128012 -0.202508 2.230072 2.131099 -0.202763 2.200023 2.101163 -0.21946 2.200023 2.098592 -0.21946 2.178257 2.093345 -0.221675 2.189763 2.091288 -0.21946 2.157589 2.117314 -0.202508 2.258435 2.087893 -0.21946 2.248688 2.059193 -0.1852999 2.320804 2.052815 -0.195608 2.321977 2.036561 -0.190071 2.328207 1.906535 -0.1848739 2.288191 1.890178 -0.177037 2.265837 1.888841 -0.1933079 2.262686 1.878143 -0.1772069 2.236741 1.877731 -0.1933079 2.234543 1.872896 -0.186237 2.205227 1.908489 -0.175504 2.292075 1.87876 -0.202593 2.203321 1.882875 -0.202508 2.233223 1.894087 -0.202508 2.26122 1.909003 -0.198334 2.287604 1.928857 -0.1933079 2.307905 1.933281 -0.177292 2.31091 1.950768 -0.190071 2.320364 2.097769 -0.21946 2.225235 2.107644 -0.204041 2.130765 2.135728 -0.19663 2.200023 2.134185 -0.193222 2.173053 2.126058 -0.193222 2.147255 2.114742 -0.190071 2.126661 2.094888 -0.193478 2.103208 2.067731 -0.195608 2.084959 2.036561 -0.193393 2.071767 1.958587 -0.1849589 2.076531 1.934206 -0.193222 2.088697 1.929577 -0.202508 2.098371 1.915176 -0.204041 2.285186 1.934927 -0.202508 2.305413 1.960335 -0.198248 2.322124 2.129041 -0.202508 2.174665 2.121429 -0.202508 2.150406 2.110113 -0.198248 2.123363 2.050963 -0.202508 2.317726 1.961467 -0.175504 2.073966 1.874028 -0.172352 2.159714 1.866004 -0.170563 2.16096 1.860758 -0.168433 2.169315 1.870325 -0.168433 2.140073 1.908489 -0.175504 2.107972 1.939659 -0.171841 2.079609 2.010947 -0.168433 2.061653 2.004363 -0.168092 2.066857 1.863741 -0.082906 2.154144 1.878966 -0.08580195 2.200023 1.881435 -0.08580195 2.175398 1.888635 -0.08580195 2.151799 1.90026 -0.08580195 2.130032 1.915896 -0.08580195 2.110904 1.93503 -0.08580195 2.09522 1.956735 -0.08580195 2.083566 1.980395 -0.08580195 2.076384 2.004981 -0.08580195 2.326008 1.980395 -0.08580195 2.323589 1.956735 -0.08580195 2.316407 1.93503 -0.08580195 2.304754 1.915896 -0.08580195 2.28907 1.90026 -0.08580195 2.270015 1.888635 -0.08580195 2.248248 1.881435 -0.08580195 2.224575 2.094065 -0.08580195 2.28907 2.075035 -0.08580195 2.304754 2.053226 -0.08580195 2.316407 2.029566 -0.08580195 2.323589 2.004981 -0.08580195 2.073966 2.029566 -0.08580195 2.076384 2.053226 -0.08580195 2.083566 2.075035 -0.08580195 2.09522 2.094065 -0.08580195 2.110904 1.99099 -0.08111697 2.076824 1.951488 -0.08128696 2.088843 1.928034 -0.08128696 2.103501 1.908489 -0.08128696 2.12307 1.893779 -0.08128696 2.146449 1.884726 -0.08128696 2.17254 1.881949 -0.08094596 2.214022 1.893779 -0.08128696 2.253525 1.908489 -0.08128696 2.276904 1.928034 -0.08128696 2.296472 1.951488 -0.08128696 2.311203 1.977515 -0.08128696 2.320291 2.018971 -0.08111697 2.32315 2.058576 -0.08128696 2.311203 2.081927 -0.08128696 2.296472 2.101472 -0.08128696 2.276904 2.116182 -0.08128696 2.253525 2.125338 -0.08128696 2.227434 2.128115 -0.08094596 2.186025 2.116182 -0.08128696 2.146449 2.101472 -0.08128696 2.12307 2.081927 -0.08128696 2.103501 2.058576 -0.08128696 2.088843 2.032447 -0.08128696 2.079682 2.12935 0.06293398 2.162939 2.129041 -1.9e-5 2.163452 2.089745 0.06600099 2.231465 2.095094 0.065916 2.242531 2.144369 -0.164514 2.154731 2.131921 -0.164514 2.126734 2.132744 -0.163492 2.126221 2.113919 -0.164514 2.101962 2.114639 -0.163492 2.101303 2.091082 -0.164514 2.081514 2.0917 -0.163492 2.080635 2.064542 -0.164514 2.066197 2.064953 -0.163492 2.065244 2.03543 -0.164514 2.056669 2.035636 -0.163492 2.055717 2.004981 -0.164514 2.053518 2.004981 -0.163492 2.052492 1.974531 -0.164514 2.056669 1.974326 -0.163492 2.055717 1.945419 -0.164514 2.066197 1.945008 -0.163492 2.065244 1.918879 -0.164514 2.081514 1.918262 -0.163492 2.080635 1.896145 -0.164514 2.101962 1.895425 -0.163492 2.101303 1.878143 -0.164514 2.126734 1.877217 -0.163492 2.126221 1.865695 -0.164514 2.154731 1.86477 -0.163492 2.154437 1.859318 -0.164514 2.184706 1.858289 -0.163492 2.184559 1.859318 -0.164514 2.215341 1.858289 -0.163492 2.215414 1.865695 -0.164514 2.245243 1.86477 -0.163492 2.245609 1.877217 -0.163492 2.273752 2.145294 -0.163492 2.154437 2.151672 -0.163492 2.184559 2.150747 -0.164514 2.184706 2.151672 -0.163492 2.215414 2.150747 -0.164514 2.215341 2.145294 -0.163492 2.245609 2.144369 -0.164514 2.245243 2.132744 -0.163492 2.273752 2.131921 -0.164514 2.273239 2.114639 -0.163492 2.298671 2.113919 -0.164514 2.298011 2.0917 -0.163492 2.319339 2.091082 -0.164514 2.318532 2.064953 -0.163492 2.334729 2.064542 -0.164514 2.33385 2.035636 -0.163492 2.344257 2.03543 -0.164514 2.343304 2.004981 -0.163492 2.347482 2.004981 -0.164514 2.346529 1.974326 -0.163492 2.344257 1.974531 -0.164514 2.343304 1.945008 -0.163492 2.334729 1.945419 -0.164514 2.33385 1.918262 -0.163492 2.319339 1.918879 -0.164514 2.318532 1.895425 -0.163492 2.298671 1.896145 -0.164514 2.298011 1.878143 -0.164514 2.273239 2.130893 0.114302 2.149454 2.131407 0.114302 2.162206 2.094683 0.06446796 2.228167 2.105175 0.06455296 2.230732 2.116491 0.06642699 2.2385 1.931326 0.113961 2.146449 1.94223 0.114132 2.136115 2.133567 0.121884 2.16631 2.0989 0.07179397 2.244437 2.04582 0.113961 2.271627 1.999117 -0.168433 2.338394 2.000146 -0.172181 2.336342 2.121017 -0.08017998 2.101229 2.275013 -0.09900599 2.224429 2.275013 -0.09031701 2.247368 2.275013 -0.07634598 2.267669 2.275013 -0.05794596 2.28394 2.275013 0.09905397 2.175618 2.275013 0.09027898 2.152605 2.275013 0.07630896 2.132377 2.275013 0.05790799 2.116034 2.275013 0.01224797 2.098737 2.275013 -0.01228594 2.098737 2.275013 -0.03613799 2.104601 2.276967 0.09743499 2.173932 2.276967 0.08729797 2.1496 2.276967 -0.07131999 2.271334 2.276967 -0.08733499 2.250447 2.276967 0.07128298 2.128713 2.064542 -0.12354 2.066197 2.03543 -0.12354 2.056669 2.004981 -0.12354 2.053518 1.974531 -0.12354 2.056669 1.945419 -0.12354 2.066197 1.918879 -0.12354 2.081514 1.896145 -0.12354 2.101962 1.878143 -0.12354 2.126734 1.865695 -0.12354 2.154731 1.859318 -0.12354 2.184706 1.859318 -0.12354 2.215341 1.865695 -0.12354 2.245243 1.878143 -0.12354 2.273239 1.896145 -0.12354 2.298011 1.918879 -0.12354 2.318532 1.945419 -0.12354 2.33385 1.974531 -0.12354 2.343304 2.004981 -0.12354 2.346529 2.03543 -0.12354 2.343304 2.064542 -0.12354 2.33385 2.091082 -0.12354 2.318532 2.113919 -0.12354 2.298011 2.131921 -0.12354 2.273239 2.144369 -0.12354 2.245243 2.150747 -0.12354 2.215341 2.154141 -0.12354 2.184193 2.150747 -0.12354 2.184706 2.144369 -0.12354 2.154731 2.134699 -0.12354 2.124535 2.131921 -0.12354 2.126734 2.115977 -0.12354 2.099104 2.113919 -0.12354 2.101962 2.09242 -0.12354 2.078143 2.091082 -0.12354 2.081514 1.978235 -0.08128696 2.091262 1.952929 -0.08128696 2.100863 1.930709 -0.08128696 2.11618 1.91281 -0.08128696 2.136408 1.90026 -0.08128696 2.1603 1.893779 -0.08128696 2.186465 1.893779 -0.08128696 2.213509 1.90026 -0.08128696 2.239746 1.91281 -0.08128696 2.263638 1.930709 -0.08128696 2.283866 1.952929 -0.08128696 2.299184 1.978235 -0.08128696 2.308785 2.004981 -0.08128696 2.31201 2.004981 -0.08128696 2.087964 2.03183 -0.08128696 2.091262 2.057033 -0.08128696 2.100863 2.079252 -0.08128696 2.11618 2.097152 -0.08128696 2.136408 2.109702 -0.08128696 2.1603 2.116182 -0.08128696 2.186465 2.116182 -0.08128696 2.213509 2.109702 -0.08128696 2.239746 2.097152 -0.08128696 2.263638 2.079252 -0.08128696 2.283866 2.057033 -0.08128696 2.299184 2.03183 -0.08128696 2.308785 2.276967 -0.02608597 2.102622 2.276967 -1.9e-5 2.099177 2.050552 -0.164514 2.340299 2.020411 -0.164514 2.346675 1.98955 -0.164514 2.346675 1.983275 -0.1697109 2.345503 1.959409 -0.164514 2.340299 1.954266 -0.1697109 2.338247 1.931223 -0.164514 2.327767 1.92752 -0.169881 2.324982 1.906329 -0.164514 2.309591 1.903757 -0.1696259 2.306879 1.885652 -0.164514 2.286725 1.885652 -0.168433 2.286651 1.870222 -0.164514 2.259974 1.869399 -0.1697109 2.256896 1.860758 -0.164514 2.230658 1.860758 -0.1697109 2.228606 1.857466 -0.164514 2.200023 1.857569 -0.168433 2.200023 1.860758 -0.164514 2.169315 1.870222 -0.164514 2.139999 1.885652 -0.164514 2.113322 1.906329 -0.164514 2.090382 1.931223 -0.164514 2.07228 1.959409 -0.164514 2.059747 1.98955 -0.164514 2.053298 2.020411 -0.164514 2.053298 2.050552 -0.164514 2.059747 2.078738 -0.164514 2.07228 2.103735 -0.164514 2.090382 2.124309 -0.164514 2.113322 2.13974 -0.164514 2.139999 2.149306 -0.164514 2.169315 2.152495 -0.164514 2.200023 2.149306 -0.164514 2.230658 2.13974 -0.164514 2.259974 2.124309 -0.164514 2.286725 2.103735 -0.164514 2.309591 2.078738 -0.164514 2.327767 1.874028 -0.172096 2.240406 1.913941 -0.171841 2.302335 1.939659 -0.171841 2.320438 1.968874 -0.171841 2.332164 2.004981 -0.124477 2.347482 2.035636 -0.124477 2.344257 2.064953 -0.124477 2.334729 2.0917 -0.124477 2.319339 2.114639 -0.124477 2.298671 2.132744 -0.124477 2.273752 2.145294 -0.124477 2.245609 2.151672 -0.124477 2.215414 2.151672 -0.124477 2.184559 2.145294 -0.124477 2.154437 2.132744 -0.124477 2.126221 2.114639 -0.124477 2.101303 2.0917 -0.124477 2.080635 2.064953 -0.124477 2.065244 2.035636 -0.124477 2.055717 2.004981 -0.124477 2.052492 1.974326 -0.124477 2.055717 1.945008 -0.124477 2.065244 1.918262 -0.124477 2.080635 1.895425 -0.124477 2.101303 1.877217 -0.124477 2.126221 1.86477 -0.124477 2.154437 1.858289 -0.124477 2.184559 1.858289 -0.124477 2.215414 1.86477 -0.124477 2.245609 1.877217 -0.124477 2.273752 1.895425 -0.124477 2.298671 1.918262 -0.124477 2.319339 1.945008 -0.124477 2.334729 1.974326 -0.124477 2.344257 2.087276 0.06778997 2.174226 2.076372 0.04248899 2.209111 2.075035 0.04248899 2.200023 2.076989 0.04248899 2.200023 2.076372 0.04248899 2.190862 2.080795 0.02468496 2.217759 2.076475 0.0223 2.205227 2.080075 0.01693296 2.204567 2.086144 0.01718896 2.216587 2.081721 0.001514971 2.209038 2.087996 0.001088976 2.218199 2.085322 -0.002914965 2.209991 2.089848 -0.002744972 2.217026 2.106204 -0.02216696 2.213142 2.105484 -0.01560795 2.219885 2.076063 0.02400398 2.192181 2.080898 0.02477097 2.182141 2.094271 0.01556998 2.222596 2.098695 -0.001892983 2.223623 2.081207 0.01761496 2.191962 2.089745 0.02562195 2.173639 2.089334 0.01701897 2.179502 2.103324 0.01718896 2.175032 2.090362 0.02698498 2.226554 2.080281 0.001854956 2.193208 2.083264 -0.002914965 2.202075 2.10641 -0.02548998 2.205887 2.10785 -0.02557498 2.21688 2.083984 -0.002914965 2.19394 2.106513 -0.02617096 2.197971 2.108261 -0.03119695 2.198851 2.110319 -0.03341197 2.21043 2.085939 -0.002914965 2.188077 2.10641 -0.02412694 2.190349 2.107747 -0.02378594 2.180382 2.110627 -0.03511595 2.194087 2.088099 0.001088976 2.181848 2.092625 -0.00248897 2.180089 2.105998 -0.01952695 2.183607 2.100546 1.52e-4 2.175398 2.111553 -0.01467096 2.167556 2.112582 0.009095966 2.164405 2.125029 -1.9e-5 2.164991 2.126572 -0.01194494 2.167116 2.126572 -0.03034496 2.21754 2.127395 -0.03451895 2.206106 2.126984 -0.03341197 2.187564 2.126572 -0.02242296 2.173126 2.109084 0.008669972 2.233883 2.109393 -0.012371 2.23271 2.111965 -0.02506399 2.225528 2.112068 -0.02719295 2.177597 2.106924 -0.008622944 2.223842 2.10785 0.01974499 2.231171 2.105381 0.03371495 2.230438 2.107336 0.02698498 2.232491 2.268018 -0.01441496 2.081368 2.223989 -0.119621 2.19995 2.223989 -0.116128 2.228533 2.223989 -0.105991 2.255503 2.223989 -0.08954995 2.279249 2.223989 -0.06799799 2.298378 2.223989 -0.04252696 2.311863 2.223989 -0.01449996 2.318752 2.223989 0.01437795 2.318752 2.223989 0.04231899 2.311863 2.223989 0.06787496 2.298524 2.223989 0.089513 2.279396 2.223989 0.105868 2.25565 2.223989 0.116176 2.228679 2.223989 0.119669 2.200097 2.223989 0.116176 2.171441 2.223989 0.105954 2.14447 2.223989 0.089598 2.120724 2.223989 0.06804597 2.101596 2.223989 0.04248899 2.088184 2.223989 0.01446294 2.081221 2.223989 -0.01432996 2.081221 2.223989 -0.04235696 2.08811 2.223989 -0.06791299 2.101522 2.223989 -0.08946496 2.120651 2.223989 -0.105906 2.144323 2.223989 -0.116128 2.171294</float_array>
          <technique_common>
            <accessor source="#polygons_006-mesh-positions-array" count="1487" stride="3">
              <param name="X" type="float"/>
              <param name="Y" type="float"/>
              <param name="Z" type="float"/>
            </accessor>
          </technique_common>
        </source>
        <source id="polygons_006-mesh-normals">
          <float_array id="polygons_006-mesh-normals-array" count="12105">-0.6537016 -0.6028674 -0.4574116 -0.304454 -0.9170721 -0.2574619 -0.4660193 -0.8525581 -0.236581 0.2776633 0.1166048 0.9535756 0.8882532 -3.15271e-5 0.4593542 0.8891347 0.1147444 0.4430275 0.5092114 0.4248679 0.7484592 0.004296243 -0.5482223 0.8363218 0 1 -1.25578e-5 0.2791092 -0.1169126 0.9531157 0.8892094 -0.1148225 0.4428574 0.8882554 -5.9735e-5 0.4593499 0.6505289 0.3119304 -0.6924679 0.3109949 -0.3753937 -0.8731333 -0.4304944 0.2773934 0.8589106 -0.1765938 -0.7309496 -0.6591869 -0.08650475 -0.938448 -0.3344133 -0.2486991 -0.8576342 -0.4501248 -0.01199918 -0.9791293 -0.2028837 -0.08643311 -0.9384599 -0.3343986 -0.1191303 -0.7410442 -0.6608037 0.6411759 0.5230668 0.5615109 0.9646911 0.1695001 0.2015959 0.9914638 0.1052765 0.07691937 -0.9700107 -0.2059817 0.1290378 0.7873392 0.6056355 0.1153383 0.92816 0.3340238 0.164156 0.8378211 0.5459392 -0.002479434 -0.6045216 -0.4570083 -0.6524547 -0.5360803 0.04180395 -0.8431314 -0.7295822 -0.1660634 -0.6634251 -0.5538486 -0.5454868 0.6290436 -0.5359233 0.04188567 -0.8432271 -0.5359356 0.04190552 -0.8432183 -0.281717 0.245089 -0.9276675 0.28986 0.343432 0.8933284 0.8891422 0.1147838 0.4430023 0.8903171 0.2218124 0.3976617 -0.6874238 -0.3776236 -0.6203619 -0.4380142 -0.2090683 -0.8743192 -0.5600631 -0.3475012 -0.7520454 -0.136559 0.9281426 0.3462703 -0.1366537 0.9281327 0.3462594 -0.1366537 0.9281327 0.3462594 0.231912 0.9632416 0.1355821 -0.08701324 0.9869732 0.1353245 -0.1400619 0.9599866 0.2425046 0.6247918 0.6807492 0.382382 0.7590338 0.4014618 0.5125389 0.6287012 0.750098 0.2051534 0.591785 -0.3892322 -0.7058959 0.3371595 -0.9009079 -0.2732923 0.4755371 -0.6964495 -0.5374221 0.7651572 0.5639665 0.3106065 0.9411748 0.3345628 0.04751598 0.9874782 0.1559141 0.0240342 -0.7207245 -0.6349752 -0.2781416 -0.5800033 -0.619863 -0.528551 -0.6351864 -0.7591708 -0.1421198 0 -1 0 -0.0816425 0.6796416 0.7289869 -0.2052718 0.6629232 0.7199975 -0.2360227 0.617402 0.7504053 0.5699307 0.8117756 0.1272765 0.5513508 0.83265 0.05202269 -0.2387533 -0.4350571 0.8681718 0.6926287 -0.3843464 0.6103634 -0.07299411 -0.9623385 -0.261871 -0.0119583 -0.9791602 -0.2027373 -0.03017842 -0.9784422 -0.204304 0.4072317 0.5525766 0.7272012 0.4072316 0.5525766 0.7272012 0.7833688 -0.6170998 0.07430434 -0.8933997 -0.3713628 -0.2528373 0.8860085 0.2412608 0.3959574 0.9296525 0.3644954 0.05375343 0.6745712 0.176922 0.7166955 0.2883589 -0.3431696 0.8939149 0.8896954 -0.221958 0.3989697 0.8892054 -0.1148554 0.4428567 0.0455119 0.9950689 -0.08812832 -0.1758541 0.979595 -0.09730994 -0.5984775 0.7042168 -0.3819732 -0.7231462 0.651152 -0.2303493 0.8484005 0.4390285 -0.2957543 0.9296475 0.364532 0.05359071 -0.5907663 0.4497407 0.6698721 -0.1447036 0.03274244 -0.9889332 -0.50872 0.001688778 -0.8609305 0.02864235 0.08248579 -0.9961807 -0.9523072 -0.304881 -0.01259279 -0.9021553 0.008347094 -0.4313309 -0.9939592 0.01962369 0.1079825 -0.1921358 0.9382988 -0.2875398 -0.3145285 0.8828202 -0.348856 -0.4822279 0.7388415 -0.4707117 -0.1046382 0.8202704 0.5623232 0.5255329 -0.5591662 -0.6412086 0.8700636 0.3961468 -0.2933548 0.8659277 -0.4493645 0.2196381 0.1211936 -0.3654332 0.9229143 0.6470008 0.3473516 0.678776 0.6470007 0.3473516 0.678776 0.6470008 0.3473516 0.678776 -0.3413778 0.3187362 0.8842333 0.5789375 -0.4631398 0.6710686 0.8260442 -0.5017074 -0.2567892 0.9994543 0.02896738 0.01587796 0.9441533 -0.1820728 -0.2746347 0.6560612 -0.6132858 -0.4398456 0.7969929 -0.2871527 -0.5313621 0.9008869 -0.1955181 -0.3875249 -0.8353415 -0.5375757 -0.1149652 -0.7364543 -0.6571622 0.16054 -0.9331316 -0.354314 0.06105041 -0.00794059 0.6737782 0.738891 -0.1573294 -0.3545379 -0.9217106 -0.3376923 -0.2186791 -0.9155017 -0.2460491 -0.4188603 -0.8740801 -0.1151633 0.9844273 0.1328176 -0.1365153 0.9631314 0.2318218 -0.4566437 0.7463811 0.4841403 -0.6782921 0.4570148 0.5753759 -0.8271496 0.2226896 0.5159777 -0.7414563 0.05284368 0.6689172 0.9994502 0.02904528 0.0159927 0.9994503 0.02904289 0.01599442 0.9227982 0.2362693 0.304336 0 1 -1.2342e-5 0.5274985 0.07027113 -0.8466448 0.2271457 0.08138626 -0.9704541 0.3472899 -0.2298395 -0.9091554 0.3952926 -0.3599433 -0.8450945 0.5365806 -0.2752025 -0.7977123 0.4409312 -0.5913102 -0.6752274 0.2536156 -0.1492729 -0.9557179 0.3952017 -0.3599978 -0.8451139 0.19625 -0.7763636 -0.5989538 0.1359872 -0.8996308 -0.4149362 0.2955831 -0.6865886 -0.6642491 0.2044815 -0.9234211 -0.3247781 0.3535936 0.1757754 0.9187354 0.5301048 0.08746957 0.8434085 0.5547187 -0.1382287 0.8204755 0.4107039 0.1066073 0.9055149 0.3570783 -0.1524223 0.9215545 0.2153541 0.2096302 0.9537703 0.2090799 -0.1508969 0.9661862 0.0810377 0.1452593 0.9860693 0.04416382 -2.86991e-4 0.9990243 -0.04128259 0.1452982 0.9885263 -0.06866604 0 0.9976397 -0.1836881 0.1284163 0.9745604 -0.242549 0 0.9701392 -0.3744904 0.1974725 0.905959 -0.4384354 -5.48113e-4 0.8987625 -0.5494863 0.2875398 0.7844653 -0.6165767 -0.00101602 0.7872942 -0.741433 0.05275666 0.66895 -0.7652297 0 0.6437574 -0.8366087 0.05307978 0.5452234 -0.8826392 0 0.4700512 -0.9474696 0.08391761 0.3086412 -0.9614796 0 0.2748768 -0.9796276 0.1590896 0.1225584 -0.9975917 0 0.06935995 -0.9796884 0.1836549 -0.08050739 -0.9903876 -1.33117e-6 -0.1383199 -0.9125564 0.3146177 -0.2612598 -0.9398385 0 -0.3416194 -0.8250099 0.2810342 -0.4902841 -0.8471494 0 -0.5313549 -0.7241274 0.2758493 -0.6320971 -0.7190213 0 -0.694988 -0.5880572 0.01948648 -0.8085846 -0.5593761 0 -0.8289141 -0.4264614 0.1537336 -0.8913455 -0.374194 0 -0.9273505 -0.193874 0.3438979 -0.9187748 -0.1738401 -1.33246e-5 -0.9847739 -0.05760687 0.1462379 -0.9875708 -0.03463751 -5.77005e-4 -0.9993998 0.02861696 0.1582687 -0.9869814 0.07324814 -9.72056e-4 -0.9973133 0.1567057 0.2401508 -0.9580037 0.2535742 -0.1491603 -0.9557465 0.3582334 0.1049435 -0.9277154 0.4168865 -0.2146356 -0.8832538 0.5365884 -0.2750467 -0.7977609 0.401728 -0.2663884 -0.8761574 0.3292488 -0.09185409 0.939765 -0.5198967 0.3819578 -0.7640783 -0.4050837 0.2881997 -0.8676682 -0.1140767 0.8786437 -0.4636506 -0.1938742 0.3440642 -0.9187126 -0.005630254 0.7066407 -0.7075503 -0.004519939 0.6051034 -0.7961341 -0.02052658 0.5251973 -0.850733 0.3776411 0.3033695 -0.8748453 0.2297693 0.5814248 -0.7804814 0.358187 0.104995 -0.9277275 0.1015519 0.4618831 -0.881108 -0.6534512 0.338809 -0.6769122 -0.8704545 -0.4322293 -0.2355566 -0.1293098 -0.3760982 -0.9175125 -0.1293097 -0.3760982 -0.9175125 -0.1293098 -0.3760982 -0.9175125 -0.5256536 -0.5590108 0.6412453 -0.8654724 0.4161591 0.2788712 0.3412267 0.3188384 -0.8842548 -0.5093316 -0.7169159 0.4760388 -0.566002 -0.6958672 0.4420529 -0.5927445 -0.7393141 0.3194817 0.8561802 -0.4629166 -0.2294859 0.8561803 -0.4629166 -0.2294859 0.007954835 0.673599 -0.7390543 -0.4910368 0.8423442 0.2221243 -0.2080229 0.9613692 0.1802662 -0.3325141 0.938665 0.09133821 -0.5256847 -0.5415433 0.6560385 -0.5857419 -0.44127 -0.6798435 0.5715429 -0.4477357 0.6876566 0.8770504 0.4108495 0.2489684 0.07588583 0.6761733 0.732824 0.7748899 -0.05094355 0.6300402 0.8357883 -0.2499649 0.4888514 0.8057765 0.01155298 0.5921071 -0.3641232 0.02277129 0.9310725 -0.5563249 0.0916934 0.8258905 -0.6367543 0.04624003 0.769679 0.1126119 0.7678298 -0.630679 0.3561396 0.4136369 -0.8378957 -0.07808929 0.695053 -0.7147051 -0.044119 0.9953584 0.08553051 0 1 0 -0.4735082 0.599229 -0.6455344 -0.7255126 -0.6071962 -0.323951 -0.8460917 0.4313006 0.3132232 0.1911879 -0.5071392 -0.840391 0.5953239 0.4055498 -0.6936274 -0.4867601 0.6596595 0.5726377 -0.5217007 0.8087216 0.2716575 -0.4371814 0.7517539 0.4936989 0.1690962 -0.9852451 0.02643245 -0.3963204 0.5673368 -0.7218443 0.2546195 -0.4216413 -0.8702802 -0.9694254 0.2039355 0.1364725 -0.9223408 -0.07133024 0.3797362 -0.9223517 -0.07133412 0.3797088 0.9666538 -0.01897114 -0.2553833 0.07986909 -0.06064176 0.9949591 -0.5883038 0.04044538 0.807628 -0.1051439 0.1825926 0.9775505 0.6003819 0.4227885 -0.6788164 0.2985644 0.3422315 -0.8909192 0.8915821 0.2206395 -0.3954737 0.8933975 0.1124618 -0.4349638 -0.02419602 -0.0026021 0.9997039 -0.3963084 -0.00506401 0.9181035 -0.3565773 -0.0325694 0.933698 -0.3528698 -0.4469873 0.8220008 -0.4725636 -0.09554445 0.8761022 -0.1117253 -0.08513194 0.990086 -0.1722573 0.003253579 0.9850467 -0.1722545 0.003252923 0.9850472 -0.2863315 -0.03656077 0.9574328 -0.3565514 -0.03258693 0.9337073 -0.5930737 0.7889206 -0.1608353 -0.52881 0.8474965 -0.04593122 -0.8012489 0.5914244 -0.09065014 -0.6409942 0.3745679 -0.6699444 -0.3728917 0.7188315 -0.5867138 -0.3562153 0.815927 -0.4553831 -0.9887001 0.1315309 -0.07191532 -0.8945538 0.426643 -0.1332269 -0.9880337 0.1352145 -0.0742073 -0.777882 0.6192196 -0.1070835 -0.9786367 0.1972352 0.05803948 -0.7533147 0.6400762 0.1510612 -0.9973995 0.06732451 0.02572619 -0.9843339 -0.0304436 0.1736669 -0.9705984 0.1577703 0.1817893 -0.9843297 -0.03059715 0.1736631 -0.9627774 -0.08397722 0.2569194 -0.9677505 -0.2236933 0.115846 -0.9999473 0.008170783 -0.006240367 -0.9998661 0.01550942 0.005239307 -1 0 0 -0.998817 0.0422793 0.02402406 -0.9900448 0.1177344 0.07713532 -0.585049 0.8109921 0.003064632 -0.9502212 0.30387 -0.06886899 -0.9581413 0.2861687 0.008533656 -0.9581941 0.2859921 0.008526027 -0.02969032 0.2811611 0.9592013 -0.0296902 0.2811611 0.9592012 -0.02992665 0.2811967 0.9591835 -0.04620951 0.9969962 0.06215631 0.4004886 0.8792524 0.2579231 0.1307377 0.9912396 0.01875996 0.3934159 0.9173615 0.06059718 0.7590462 0.4013271 0.5126262 0.9573164 0.1184164 0.2636721 0.6348795 0.1616149 0.7555189 -0.07430768 0.99723 0.003271043 -0.07430768 0.9972301 0.003270983 -0.07430768 0.99723 0.003271043 0.1873583 0.6541899 0.7327567 0.1493412 0.5344047 0.8319308 -0.05851083 0.2630071 0.963018 -0.07378458 0.8425435 -0.5335507 -0.2797142 0.6825811 -0.6751616 0.03183454 0.4244386 -0.9048969 -0.3728221 0.7189692 -0.5865893 -0.09462761 0.7763026 -0.6232174 -0.3564375 0.8544136 -0.3780607 -8.16301e-4 -0.1934098 0.9811177 -8.11329e-4 -0.3872032 0.9219942 -2.17979e-6 0 1 0 0 1 6.28829e-6 0.1826213 0.9831833 4.01296e-5 0.1827819 0.9831536 -0.003093957 0.3680282 0.9298095 0.1020048 0.5907301 0.8003956 -0.005684614 0.6143363 0.7890239 0.1042218 0.6777568 0.7278624 -0.09493613 0.729241 0.6776391 0.002981722 0.7898423 0.6133027 -0.09371101 0.8017573 0.5902572 0.001734852 0.9298439 0.3679506 1.81841e-6 0.9830651 0.1832572 -8.79027e-6 0.983087 -0.1831396 -1.835e-5 0.9304646 -0.3663821 0.6410287 0.5231274 0.5616226 0.2649908 0.6623601 0.700756 0.1021765 0.5907396 0.8003667 0.2312656 0.6890088 0.6868647 0.05148595 0.9367192 0.346275 0.04968553 0.9807848 0.1886601 0.632707 -0.5447427 0.5503973 2.39351e-6 0.9304036 -0.3665369 0.192776 0.9488598 -0.250005 0.1860095 0.8089053 -0.5577389 0.005100905 0.7872613 -0.6165986 0.005107998 0.7872071 -0.6166675 -2.21515e-6 0.8172093 -0.5763412 0.004110395 0.7209159 -0.6930105 -0.09532159 0.6770784 -0.7297113 0.1817325 0.5864728 -0.7893182 -0.09848308 0.5883706 -0.8025717 0.1874803 0.3922151 -0.9005657 2.65322e-6 0.1827592 -0.9831578 -0.008207082 -0.9542568 0.2988758 -0.1246061 -0.9750332 0.1838037 -0.008595943 -0.9731016 0.2302164 -6.10665e-4 -0.9966185 0.08216744 -0.04220062 -0.9839267 0.1735152 0.001334547 -0.9999964 -0.002331674 -0.02726292 -0.9991731 0.0301668 -0.001666963 -0.9996839 0.02508777 -0.1340351 -0.9876077 0.08164352 -0.01883083 -0.9963647 0.08308374 -0.1997941 -0.9143824 0.3521181 -0.06963634 -0.9959402 0.05704325 -0.2136578 -0.9418453 0.25938 0.9942561 -0.0208252 -0.1049814 0.9248305 0.3800698 -0.01534795 -0.1903566 -0.9778532 0.08699256 -0.5625467 -0.8237239 -0.0708543 -0.6812722 -0.7319958 0.007101178 0.587042 -0.4256727 -0.6886106 0.1410949 -0.2383802 -0.960868 0.5287495 -0.1078383 -0.8418996 -0.2294167 -0.9733242 0.002825438 -0.6812696 -0.731998 0.007116496 -0.3304098 -0.8926091 0.3067219 -0.972661 0.2315673 0.01752495 0.09529131 -0.6618822 -0.7435265 -0.7801297 -0.5636728 -0.2714236 -0.519038 0.414586 -0.7474745 -0.9597464 -0.2045248 -0.1925005 -0.9443246 -0.1006257 -0.3132501 -0.9912666 -0.064341 -0.1151123 -0.2175537 -0.4312521 -0.8756096 -0.5158838 -0.3973832 -0.758914 -0.6928508 -0.3838875 -0.6104 0.7030745 -0.4326523 0.5643566 0.7636924 -0.08929085 0.6393755 0.7842504 -0.4441829 0.4331892 -0.2228006 0.6986587 0.6798794 -0.3692078 0.3254587 0.8704954 -0.1757324 0.2632427 0.9485892 -0.5006633 0.5960798 -0.6277142 -0.7336215 0.3215977 -0.5986439 -0.3669816 0.3866252 -0.8460766 0.01627105 -0.7954978 -0.6057381 0.127754 -0.9819902 -0.1391913 0.01424521 -0.9978922 -0.06331104 -0.9492979 0.06054037 -0.3084939 -0.525003 0.3971651 -0.7527495 -0.9130863 0.3718232 -0.1673946 0.105659 -0.9029191 0.4166214 0.2533788 -0.323493 0.9116752 0.07040405 -0.3112719 0.9477095 -0.3422896 0.8223997 -0.4544191 -0.4192137 0.6625171 -0.6207504 -0.2852752 0.7398895 -0.6092469 -0.3561196 0.7747783 -0.5223962 -0.467318 0.7297607 -0.4990625 -0.5005237 0.5961146 -0.6277925 -0.2999388 -0.9513684 0.07024878 -0.6821833 -0.7220714 0.1150598 -0.4515653 -0.8654977 0.2168012 -0.6823128 -0.721953 0.1150357 -0.8057407 -0.4621795 0.3703676 -0.9523319 -0.2981801 0.06444221 0.6576973 -0.5950871 0.4618504 0.3124044 -0.9127428 0.2632567 0.421023 -0.880079 0.2195464 0.9921918 -0.004092335 -0.1246548 0.9959142 -0.06142675 -0.06619548 0.9924234 -0.04503631 -0.1143143 0.7026572 -0.6470725 0.2959226 0.4210703 -0.8800709 0.2194883 0.3922135 -0.9120752 0.1195309 0.6300232 -0.7586663 0.16582 0.3920592 -0.9121485 0.119477 0.2718521 -0.9619144 0.02858501 -0.1929744 -0.1391654 -0.9712848 -0.2961329 -0.4135407 -0.8609818 -0.3083232 -0.1684944 -0.9362407 0.4759231 0.2092037 -0.854243 0.4758754 0.2094367 -0.8542125 0.4758754 0.2094367 -0.8542125 -0.01078802 0.2632114 0.9646779 -0.03612911 0.7042439 0.7090383 -0.2125577 0.4265897 0.8791134 -0.4072893 -0.478881 0.7776816 -0.4641979 -0.5153468 0.7203735 -0.8394154 -0.1371436 0.5259026 0.6945031 -0.112915 0.7105743 0.5908844 0.002601385 0.806752 0.9514475 -0.02258151 0.3069818 -0.6891992 -0.6978157 0.1950842 -0.9775419 -0.2007633 0.06407827 -0.8209401 -0.2938657 0.4895921 -0.7167658 -0.03670841 0.6963471 -0.6357882 -0.5386897 0.5527991 -0.820925 -0.2937234 0.4897027 -0.722846 -0.5091582 0.4671741 -0.6356773 -0.538846 0.5527743 -0.5910869 -0.636651 0.4952695 -0.5912427 -0.6365786 0.4951767 -0.5659812 -0.6958624 0.4420869 -0.6357656 -0.5387969 0.5527207 -0.7445085 -0.5804592 0.3298097 -0.7885442 -0.3766582 0.4861345 -0.6521458 -0.1232332 0.7480103 -0.5659639 -0.6958814 0.4420793 -0.4761053 -0.8154364 0.3292223 -0.5840466 -0.7837929 0.2110887 -0.4848365 -0.8744148 0.01823431 -0.6051781 -0.7706234 -0.1997478 -0.5209103 -0.7968215 -0.3061505 -0.5266039 -0.7003009 -0.4819409 -0.5209738 -0.7967562 -0.3062124 -0.6355549 -0.5019422 -0.5866209 -0.5606827 -0.6575396 -0.5032661 -0.6553529 -0.481319 -0.5821036 -0.5260193 -0.5917935 -0.6108062 -0.5218827 -0.3381909 -0.7831127 -0.2160554 -0.3310205 -0.9185562 -0.1974887 -0.1908535 -0.9615473 -0.521801 -0.3381074 -0.7832032 -0.3329221 -0.4714071 -0.8166629 -0.9786512 -0.2011492 -0.04220181 -0.708523 -0.6868146 -0.1621141 -0.8224724 -0.2707922 -0.5002107 -0.5607048 -0.6575526 -0.5032243 -0.6327705 0.1191708 -0.7651143 -0.5774928 0.02345579 -0.8160588 -0.6003327 -0.2072273 -0.7724362 -0.9860525 -0.1661704 0.009382903 -0.8886479 -0.3864979 0.2468287 -0.8958514 -0.3811508 -0.2284172 0.8358235 -0.4928705 -0.2418216 0.2889286 -0.8332274 -0.4714365 0.396829 -0.6945734 -0.6000789 0.9274167 -0.335861 -0.1646078 0.3967993 -0.6945766 -0.6000948 0.8951961 -0.3110151 -0.3192077 0.5884338 -0.5650782 -0.5783013 0.314479 -0.724726 -0.6130866 0.2261875 -0.5660498 -0.7927339 0.5885706 -0.5649875 -0.5782507 0.296407 -0.548879 -0.7815848 0.5726315 -0.39869 -0.7163376 -7.73594e-4 -0.9437658 0.3306139 0.2796464 0.7806662 0.5588902 -0.6236302 -0.7005611 0.3468425 -0.911527 0.4097627 -0.03482854 -0.9976915 0.06721174 -0.009708344 -0.271987 -0.6378136 -0.7205671 -0.4957637 -0.5583483 -0.6651809 -0.3111106 -0.8150743 -0.4887374 -0.1974804 -0.8513315 -0.4860416 -0.202838 -0.7647162 -0.6116093 -0.1546614 -0.7146586 -0.6821604 -0.5261781 -0.5842915 -0.6178512 -0.7938335 -0.4993885 -0.3470441 -0.6748979 -0.6975461 -0.2407124 -0.2790686 -0.8986119 -0.3385519 -0.1975934 -0.8513696 -0.4859286 -0.5266253 -0.7002959 -0.4819249 -0.1222751 -0.9573497 -0.2617829 -0.2789783 -0.8985826 -0.3387044 -0.4666571 -0.6509101 -0.5987882 -0.002673387 -0.9998055 -0.01954263 -9.8067e-4 -0.9998067 -0.01963961 -0.01352453 -0.9980251 -0.06134372 -0.1221892 -0.9573982 -0.2616459 -0.1357334 -0.9532147 -0.2701083 -0.2560968 -0.8345041 -0.4878705 -0.6113269 -0.5541194 -0.5650054 -0.6403788 -0.4011341 -0.6549859 -0.7761322 -0.09819251 -0.6228781 0.9771539 -0.1252501 -0.1717054 0.9466481 -0.1497497 -0.2853635 0.8025875 -0.2347797 -0.5483903 -0.6306842 0.7270161 0.2714501 -0.9047014 0.321384 0.2796924 -0.8205077 0.5594895 0.1172131 0.08114236 -0.07177633 -0.9941148 -0.08432424 -0.03803223 -0.9957123 0.2030578 -0.1369804 -0.969538 -0.5462655 -0.02353709 -0.8372814 -0.3497577 -0.1546736 -0.9239836 -0.3902041 -0.09461998 -0.9158536 -0.7014733 -0.04956966 -0.7109699 -0.8263283 -0.09406745 -0.5552772 -0.888341 -0.07272034 -0.4533895 -0.9236326 -0.1376664 -0.3577024 -0.7965193 -0.03965437 -0.6033114 -0.822598 -0.07326239 -0.563884 -0.8225457 -0.07320261 -0.5639681 -0.5462987 -0.0235306 -0.8372599 -0.6849407 -0.009949803 -0.728531 -0.4462385 -0.007571399 -0.894882 -0.5909679 -0.04256117 -0.8055717 -0.8883666 -0.07274585 -0.4533354 -0.9245141 -0.09498029 -0.3691241 -0.9364297 -0.1442819 -0.3198161 0.9147254 -0.3185198 -0.2486417 0.9771559 -0.1252986 -0.1716591 0.9847196 -0.1542288 -0.08087611 -0.5132631 0.4324279 -0.741328 -0.5166351 0.05179834 -0.8546374 -0.3974663 0.417137 -0.8173233 0.2748834 0.06467151 0.9593002 0.4532909 0.2492899 0.8557932 -0.2536851 -0.0952596 0.9625849 -0.3646448 -0.2947146 0.8832766 -0.5266303 -0.09646606 0.8446034 -0.004045486 -0.9999816 0.004523754 -0.2692439 -0.9630342 0.008539617 -0.1010348 -0.9926014 0.06733846 -0.002613604 -0.9999918 -0.003109872 0.06640273 -0.9973445 0.02991372 -0.002437293 -0.9999952 -0.00192219 0.01476389 -0.9989817 0.04263532 0.1036855 -0.9826292 0.153913 0.08986294 -0.9919894 0.08877795 0.4678546 -0.8385208 0.2792758 0.1890283 -0.9815904 0.02736485 -0.06509739 -0.9920042 0.1081205 -0.01006793 -0.9930679 0.1171104 -0.004938185 -0.9999589 -0.007608771 -0.002537667 -0.9999964 0.001011967 0.0974586 -0.9747582 0.2008692 -0.00262916 -0.999996 0.001125335 0.09743237 -0.9747673 0.2008373 0.07356929 -0.9745582 0.2117167 -0.002203285 0.9999964 0.00159347 -0.1873726 0.9788174 -0.08251053 -0.3001992 0.9538125 -0.01105612 -0.9941413 0.09652978 0.0486328 -0.9581161 0.2861514 -0.01144081 0.2644665 0.7258441 -0.6349866 0.06354135 0.9228773 -0.3798158 0.2539182 0.593568 -0.7636771 -0.9514417 0.001819431 -0.307824 -0.94282 0.05480426 -0.3287656 -0.8328255 0.05721449 -0.5505709 0.3447452 -0.5111907 0.7872961 0.2090669 -0.1509983 0.9661732 0.189853 -0.7667269 0.6132583 0.3737702 -0.4317074 0.8209291 0.5422883 -0.2547725 0.8006337 0.3548544 -0.7843077 0.5088614 0.1583757 -0.9610668 0.2264239 0.407377 -0.7127783 0.5709563 0.2496793 -0.8062495 0.536304 0.09753072 -0.9747164 0.2010363 0.1314172 -0.8931887 0.4300507 -0.2412077 0.4144297 0.8775346 -0.1666351 0.4021919 0.9002636 -0.2018213 0.2948772 0.9339784 0.3876275 0.2673041 -0.8822094 0.5959055 0.2301241 -0.7693762 0.6205313 0.3142148 -0.7184776 -0.2570686 0.8863323 0.3851374 -0.06309717 0.8090505 0.5843425 0.04152905 0.9086539 0.4154798 -0.09481793 0.8848702 0.4560858 -0.2519909 0.9385607 0.2358063 -0.1884372 0.9502168 0.2481519 -0.03829598 0.9606791 0.2750078 0.004029154 -0.9999917 -6.86464e-4 0.006044983 -0.9999813 -0.00103414 0.007370769 -0.9999063 -0.01154488 0.006044626 -0.9999812 -0.00103259 0.004027605 -0.9999917 -6.85607e-4 0.001606285 -0.9999935 0.003239691 0 -1 -3.02224e-6 0.001556813 -0.9999939 0.00313872 0 -1 4.63203e-6 0.3217611 -0.914353 0.245822 0.452264 -0.8017087 0.3907947 0.1999656 -0.9570542 0.2099072 0.3654201 -0.3464829 0.8639547 0.4399093 -0.5501953 0.709764 0.5425144 -0.7333449 0.4097357 0.3217366 -0.9143646 0.2458112 0.3186954 -0.9023429 0.2901905 0.4852952 -0.8231079 0.294927 0.4522834 -0.8016811 0.390829 -0.4866752 0.6597133 0.572648 -0.4622124 0.8408094 0.2817789 -0.3968561 0.8960623 0.1989416 -0.5788498 0.4428209 0.6847209 -0.5934651 0.3605377 0.7195914 -0.5497013 0.5869605 0.5943953 -0.5428116 0.2168384 0.8113795 -0.7367101 0.08695459 0.6705947 0.08582109 -0.9854923 0.1464233 0.3435219 -0.9059464 0.2474954 0.02862203 -0.9989648 0.03535866 -0.01212888 -0.999832 0.01374804 0.1540638 -0.9815238 0.1134706 -0.0121265 -0.9998319 0.01376265 0.08548295 -0.9546161 0.2853083 -0.09536415 -0.9051572 0.4142417 0.001029014 -0.998996 0.04478865 -9.16137e-4 -0.9977416 0.067164 -0.05625307 -0.98356 -0.1715965 -0.1387078 -0.9899067 -0.02906823 -0.2902974 -0.9523714 -0.09336131 -0.6207225 -0.783657 -0.02419924 -0.4407432 -0.8304102 -0.3408293 -0.2904745 -0.9523108 -0.09342843 -0.3058313 -0.8206565 -0.4826906 -0.2053109 -0.9278779 -0.3112716 -0.9845048 -0.1751549 0.00844568 -0.8984963 -0.4354771 -0.05535489 -0.6506592 -0.7593519 -0.005242943 -0.277548 -0.9605431 -0.01800411 -0.624555 -0.5523054 -0.5521683 -0.5075225 -0.1805741 -0.8425046 -0.3594201 -0.7407107 -0.5675956 -0.2967957 -0.4145501 -0.8602678 -0.3058271 -0.820599 -0.482791 -0.2344561 -0.6814355 -0.693308 -0.1724051 -0.8767262 -0.4490296 -0.01018357 -0.955854 -0.2936655 -0.02180039 -0.7219032 -0.6916506 -0.04802268 -0.755167 -0.6537712 -0.02823007 -0.5368529 -0.8432035 -0.04801809 -0.7550287 -0.6539313 -0.02811747 -0.1616398 -0.9864492 -0.3559197 -0.9296616 -0.09513396 -0.1191276 -0.9765319 -0.1794271 -0.039393 -0.9897606 -0.1371939 -0.008650898 -0.9776139 -0.2102292 -0.2966668 -0.4145332 -0.8603205 -0.2395837 -0.9432874 -0.2298009 -0.06404936 -0.867575 -0.4931648 -0.05727189 -0.9492111 -0.3093838 -0.03007006 -0.7324971 -0.6801058 -0.008677065 -0.977572 -0.2104231 -0.02756249 -0.8676208 -0.4964618 -0.05523389 -0.9182412 -0.3921511 -0.0225088 -0.9967603 -0.07721674 -0.004449129 -0.9997045 -0.02389717 3.5441e-4 -0.9999965 0.002628266 -0.2695726 0.6511192 -0.7094889 -0.2524221 0.7924047 -0.555318 -0.2468398 0.6681261 -0.7019101 -0.3096568 0.9335378 -0.1806098 -0.05316829 0.9782561 -0.2004701 -0.4005346 0.7901567 -0.4639231 -0.2524043 0.7924361 -0.5552812 0.04040986 0.847484 -0.5292806 -0.06772094 0.8192235 -0.5694619 -0.2523962 0.7924364 -0.5552844 -0.07829201 0.69506 -0.7146762 -0.2512762 0.8275035 -0.5020939 -0.9985694 -0.05212843 -0.01191157 -0.9776569 -0.2095851 -0.01616513 -0.9894832 -0.138704 -0.04103928 -1 4.34126e-5 0 -0.999815 -0.01908987 -0.002366065 -0.9944373 -0.1053301 -1.26711e-4 -0.9677892 -0.2517442 0.002983868 -0.9944204 -0.1054905 -1.29212e-4 -0.8836793 -0.4680834 0.00299412 -0.8924876 -0.4480084 -0.05248343 -0.8950238 -0.4411026 0.06603717 -0.8683549 -0.4957414 -0.01415145 -0.9944233 -0.1054631 -1.15186e-4 0.007105886 0.005070269 -0.9999619 -0.3996382 -0.003037393 -0.916668 0.01168382 -0.08849036 -0.9960086 0.1779539 0.1719337 -0.9689021 0.1164265 -0.07065033 -0.9906833 0.3149438 -0.1618806 -0.9352032 0.3804751 -0.06678122 -0.9223769 0.1389128 -0.09982526 -0.9852606 0.4472855 -0.3483979 -0.8237443 -0.01089298 0.9730312 0.2304161 0.05994182 0.9812522 0.1831697 -0.02025234 0.8853416 0.4645 -0.07380205 0.971542 0.2250768 -0.1413792 0.973512 0.1796839 0.008062362 0.9998801 0.01322209 -0.0382651 0.9606881 0.2749806 -0.08146953 0.6796662 0.7289834 0.222168 0.7315219 0.6446062 0.1100023 0.8186538 0.5636537 0.005735337 0.9998328 0.01736497 0.1155963 0.9511953 0.2861205 0.1156209 0.9511958 0.286109 0.1764706 0.8407146 0.5119151 0.1156749 0.9511474 0.2862483 0.2188968 0.7075999 0.6718531 0.2222225 0.7315263 0.6445824 0.2301506 0.5940166 0.7708276 0.1100388 0.8186614 0.5636355 0.04164779 0.9086362 0.4155067 0.2189124 0.7076088 0.6718387 0.08103018 0.9332553 0.3499554 0.04159075 0.9086971 0.4153792 0.05997937 0.9812573 0.18313 -0.005369246 0.9992535 0.03825825 0.1857512 -0.5560021 -0.8101594 0.3196194 -0.9256275 -0.2026257 0.08746141 -0.8671484 -0.4903105 0.3195335 -0.925691 -0.2024714 0.1410142 -0.9900017 0.003407537 0.114427 -0.9805538 -0.1594392 2.57268e-4 -0.9999836 -0.005735635 0.001111388 -0.9999719 -0.007424294 0.002175033 -0.9999965 -0.001516342 0.03791826 -0.995262 -0.08953052 0.07503473 -0.9807373 -0.1803444 0.1533872 -0.9378557 -0.311286 0.141079 -0.9899924 0.003414094 0.2270133 -0.8962836 -0.3809732 0.2648355 -0.9032377 -0.3376743 -0.4498454 -0.8931038 -0.002183079 -0.007028937 -0.9999696 -0.003382921 0 -1 -5.44813e-7 0.02465248 0.9937614 -0.1087691 0.0361706 0.8715479 -0.4889743 0.08501613 0.9868981 -0.137129 0.04590827 0.9943576 -0.09563177 -0.007644891 0.9935683 -0.1129767 -0.1738221 0.9489315 -0.2632773 -0.1543027 0.9568716 -0.2461452 0.02852821 0.9991257 -0.03056126 0.06776982 0.9901154 -0.1227965 -0.9683251 0.1383541 0.2078576 -0.829674 0.08929908 0.5510597 -0.9487425 0.09118205 0.3026112 -0.9811353 0.006935179 0.1931983 -0.9711831 0.003154695 0.238314 -0.9867861 0.0856359 0.1375491 -0.9984703 0.01156365 0.05407011 -0.9979309 0.06062906 0.02140545 -0.6860605 0.5791133 -0.4403963 -0.5815806 0.4748479 -0.6605176 -0.4207372 0.8904823 -0.1732673 -0.9902598 -0.002280533 -0.1392132 -0.9954934 0.009638249 -0.0943396 -0.9763354 -0.008889198 -0.2160791 -0.8645074 -0.004458546 -0.5026004 -0.7353961 0.1865894 -0.6514423 -0.5753504 0.1183415 -0.8093006 -0.59993 0.3297618 -0.7289316 -0.9639615 0.148155 -0.2209718 -0.9428293 0.05478787 -0.3287423 -0.9469571 0.2651546 -0.1815639 -0.9859823 0.009571433 -0.1665755 -0.9947576 0.09582471 -0.03570622 -0.9996177 0.01374411 -0.02399295 -0.9984755 0.01155561 0.05397421 -0.998992 0.006290435 0.0444476 0.005595147 -0.2956955 0.9552659 -0.03229588 0.1335996 0.9905091 0.04455935 -0.2766162 0.9599469 0.1421399 -0.537869 0.8309592 0.010167 -0.2569563 0.9663696 0.292163 -0.6609739 0.6911978 0.4651613 -0.5478993 0.6952923 0.2324928 -0.9044644 0.3576191 0.1357164 -0.9372811 0.321069 0.1999238 -0.957055 0.209943 0.465272 -0.5478599 0.6952493 0.5012159 -0.6792231 0.5361331 0.5550692 -0.6901151 0.4643699 -0.2047916 -0.328427 0.9220609 -0.04096204 -0.3300591 0.9430711 0.00559628 -0.2955522 0.9553103 -0.04642057 -0.2272101 0.9727388 -0.02460283 -0.1652873 0.9859386 -0.5911911 -0.6365447 0.4952818 -0.3690389 -0.4160691 0.8310817 -0.4761787 -0.8153551 0.3293177 -0.2803929 -0.1839868 0.9420874 -0.05593109 -0.0922634 0.9941626 -0.1466863 -0.1975328 0.9692595 -0.1466628 -0.1975275 0.9692642 -0.04642856 -0.2272104 0.9727384 -0.2048613 -0.3283556 0.9220708 -0.1444666 -0.3895732 0.9095945 -0.2049035 -0.3284978 0.9220107 -0.5617024 -0.5652894 0.6041012 -0.6305141 -0.3866477 0.6730198 -0.2049459 -0.3283712 0.9220465 -0.6642334 -0.4065679 0.627293 -0.6137754 -0.4796171 0.6270943 -0.6642913 -0.4066654 0.6271685 -0.5912364 -0.6365198 0.4952598 -0.5239564 -0.4342755 0.7327172 -0.6704788 -0.4709233 0.5733146 -0.6847068 -0.2693615 0.6772156 -0.443041 -0.3060544 0.842642 -0.7967183 -0.5557335 0.2374874 -0.3866163 -0.4597463 0.7994756 -0.3381953 -0.3020666 0.8912799 -0.3380466 -0.301991 0.891362 -0.2196711 -0.3541221 0.9090336 -0.146575 -0.1976166 0.9692593 -0.9889857 -0.07148474 -0.1296051 -0.9974574 -0.05753719 -0.04205107 -0.9902217 -0.05729651 -0.1271929 -0.9973431 -0.05861574 0.04325628 -0.9897431 -0.06572496 0.1268416 -0.9893992 -0.07475429 0.1245033 -0.0311498 -0.9887822 -0.1460807 -0.09846156 -0.7975239 -0.5951982 -0.02159255 -0.9841415 -0.1760665 0.01357084 -0.9998248 -0.01289641 -0.01846897 -0.993256 -0.1144611 -0.06404328 -0.9961401 -0.06002968 -0.1608742 -0.9655811 -0.204384 -0.05631023 -0.9932575 -0.1013358 -0.03331196 -0.9712235 -0.2358289 -0.01568031 -0.9156064 -0.40177 -0.08471047 0.990597 0.1074336 -0.1885728 0.9798551 0.06576001 -0.1876698 0.9729371 0.1348098 -0.3993559 0.8553787 0.3299125 -0.1252859 0.9774676 0.1698839 -0.06397539 0.9924594 0.1045543 -0.3549341 0.9189079 0.1721337 -0.2146869 0.944804 0.2474974 -0.4085592 0.91271 -0.006330847 -0.8736088 -0.02931976 0.4857449 -0.9881658 -0.0555014 0.1429963 -0.9558002 -0.2892745 0.0525943 -0.8292508 0.0262959 0.5582578 -0.745355 -0.03153377 0.6659217 -0.515639 -0.02659142 0.8563932 -0.4063195 -0.03939396 0.9128814 -0.5154973 -0.02658039 0.8564789 1.95086e-4 -0.04935383 0.9987814 0.04941332 0.07977515 0.9955874 -0.2200667 0.9392929 -0.2632482 -0.135701 0.9257582 -0.3529266 -0.2972702 0.9511862 -0.08291769 0.02857434 0.1583501 -0.9869695 -0.005584359 0.7066323 -0.7075589 0.1014983 0.4619422 -0.8810833 0.0285604 0.747985 -0.663101 -0.005618155 0.8518706 -0.5237223 -0.1173918 0.9689363 -0.2176731 -0.3968408 0.8960919 0.198839 -0.2973236 0.95118 -0.08279693 -0.2075846 0.9711526 -0.1173523 -0.1174715 0.9689397 -0.2176154 -0.07788354 0.8749728 -0.477867 -0.3599478 0.9326164 0.02577567 -0.2365139 0.962334 -0.1340695 -0.408483 0.8898008 0.2034606 -0.4399007 0.8852609 0.1509985 -0.3599382 0.932621 0.02574259 -0.5037176 0.8458995 -0.175279 -0.3989229 0.8763726 -0.2698737 -0.3721867 0.9154437 -0.153101 -0.7368695 -0.3082253 -0.6016814 -0.9029935 -0.3809604 -0.1986755 -0.8721827 -0.3830871 -0.3042064 -0.9814869 -0.1912138 -0.01099586 -0.886044 -0.3681409 -0.2817773 -0.959451 -0.0882321 -0.2677104 0.9515559 -0.1158459 0.2848179 0.8357701 -0.2500827 0.4888221 0.6945186 -0.1130355 0.7105399 0.9399032 -0.2595298 0.2218703 0.9970342 -0.01107156 0.07615995 0.9520365 -0.2906299 0.09571266 0.9586737 -0.1319392 0.252065 0.8933919 -0.4440783 0.06815797 0.9779928 -0.1563103 0.1381927 0.6602364 -0.7505515 -0.0275768 0.8428806 -0.06861644 0.533708 0.8934088 -0.444024 0.06829017 0.7866468 -0.479997 0.3883167 -0.3386033 -0.6811054 0.6491866 -0.08592975 -0.6825438 0.7257755 -0.08607077 -0.7922987 0.6040321 0 -0.9680548 0.250739 -0.06050199 -0.9268516 0.370521 0 -0.8908533 0.4542912 0 -0.771724 0.6359576 -7.89222e-4 -0.6168041 0.7871164 -0.06056022 -0.9748408 0.2145179 0 -0.9993247 0.03674334 -0.009343326 -0.9984596 -0.05469173 3.77162e-6 -0.9836328 -0.1801848 0 -0.8157411 -0.5784174 -0.04765051 -0.8814824 -0.4698066 0 -0.9217545 -0.3877739 -0.009361565 -0.976445 -0.2155637 -0.04646044 -0.7926162 -0.6079483 0.003581404 -0.6711211 -0.7413391 0.003582358 -0.6163575 -0.7874584 0.002022385 -0.3876805 -0.9217916 -2.01631e-6 -0.1945627 -0.98089 -0.002581834 7.35306e-4 -0.9999964 7.16373e-6 -0.1943909 -0.9809241 -0.002581834 7.35277e-4 -0.9999964 0 0 -1 -8.75958e-6 0.1826213 -0.9831833 0.1893969 0.2955562 -0.9363628 -0.1889952 -0.8399083 -0.5087584 -0.03710174 -0.993342 -0.1090654 -0.2397043 -0.9199652 0.310171 0.9844619 -0.1704243 0.04231274 0.999926 -0.01111274 0.004953324 0.9999673 -0.008051097 7.91743e-4 1 -1.47837e-6 0 0.9930394 0.04606008 0.1084043 1 0 0 0.9933789 -0.06168788 0.09691792 1 2.9741e-6 0 1 6.76572e-6 0 1 4.61488e-6 0 0.9907809 0.1047083 0.08596187 1 8.67694e-7 0 1 9.30226e-7 0 0.9999258 0.01113086 -0.004957914 0.9916626 0.126592 0.02408087 1 -1.66282e-5 0 1 -1.75261e-5 0 0.9921445 0.1040573 -0.06943678 0.9999675 0.008031129 -8.01351e-4 0.9844202 0.1705096 -0.04293298 1 1.68583e-6 0 1 6.18243e-6 0 0.993173 0.06296616 -0.09819704 1 0 0 0.9967937 -0.01604026 -0.07839024 1 -4.57759e-6 0 0.9926809 -0.08060419 -0.08993178 0.999969 -0.007403552 -0.002699017 0.9847475 -0.1541004 -0.08078145 0.9999224 -0.00975579 -0.007750511 0.9923763 -0.122299 -0.01524317 0.9116158 -0.4102208 0.02599531 0.9075191 -0.383687 0.1708614 0.9925534 -0.1012511 0.06771975 0.9526033 -0.2019213 0.2275406 0.9514051 -0.2041996 0.2305018 0.9497722 0.07469457 0.3038972 0.9462175 0.07805234 0.3139752 0.9693758 -0.02050995 0.2447246 0.9421788 -0.08122497 0.3251181 0.9442145 0.2185346 0.2463773 0.9468948 0.2130084 0.2408685 0.9500589 0.2918733 0.1104457 0.951897 0.2864333 0.1088485 0.9172591 0.3976206 -0.02310019 0.9010337 0.3961266 -0.1766978 0.9485246 0.2097637 -0.2372772 0.9486665 0.2095088 -0.2369348 0.9079712 -0.3993944 -0.1267768 0.9390909 0.08204883 -0.3337311 0.9431897 0.08022773 -0.3224235 0.9649154 0.02062594 -0.2617498 0.9375983 -0.0832138 0.3376165 0.3047383 0.129357 0.9436108 0.4168208 0.1242809 0.9004525 0.6947884 0.2445222 0.6763712 -0.2621887 0.1301003 0.9562066 -0.2623016 0.1301876 0.9561638 0.1874455 0.0338782 0.9816907 -0.3168892 0.1234446 0.9403949 -0.4568734 0.3395271 0.822185 -0.4167732 0.2759564 0.866111 -0.1723173 0.5143865 0.8400675 0.6313968 0.2787932 0.7236108 0.8280643 0.2612491 0.496043 0.7680177 0.3256245 0.5514687 0.2314197 0.6889263 0.6868956 0.4076575 0.539805 0.7364957 0.3532634 0.2990607 0.8864355 -0.7665031 0.6422407 1.48405e-6 -0.767642 0.6152707 -0.1793544 -0.8042842 0.5731017 0.1571035 -0.7355392 0.5141735 0.4411438 -0.7000926 0.5742142 0.4244391 -0.8042878 0.5730777 0.1571724 -0.7849634 0.5945115 0.1743233 -0.7665104 0.6422319 -1.64466e-7 -0.7849638 0.5945105 -0.1743248 -0.7426968 0.547735 -0.3852114 -0.781874 0.4911857 -0.3839399 -0.6871624 0.5148081 -0.5126213 -0.7464727 0.4342104 -0.504222 -0.7463996 0.4342452 -0.5043004 -0.3612204 0.6498265 -0.6687641 -0.3698347 0.5395884 -0.7563509 -0.7464616 0.4341842 -0.5042611 -0.6981568 0.4250084 -0.5761467 -0.7911555 0.1590605 -0.5905698 -0.7677708 0.1780722 -0.615482 -0.7436951 5.24364e-7 -0.668519 -0.5988117 -5.406e-5 -0.80089 -0.7555034 -0.1904648 -0.6268475 -0.7911603 0.1589745 -0.5905867 -0.743707 2.63035e-6 -0.6685058 -0.7676199 -0.1884547 -0.612572 -0.7555242 -0.1905519 -0.6267961 -0.7398434 -0.4164566 -0.5283898 -0.7343723 -0.4570114 -0.5018347 -0.7283973 -0.5291191 -0.4352821 -0.7343708 -0.4569988 -0.5018483 -0.7283971 -0.5291274 -0.4352722 -0.7304186 -0.5575903 -0.3944386 -0.7272588 -0.6116126 -0.3114881 -0.7294746 -0.6307346 -0.2646521 -0.725827 -0.6659955 -0.1721198 -0.7310145 -0.6712526 -0.1226288 -0.734937 -0.6776816 -0.02480804 -0.734876 -0.6777268 0.02537029 -0.7298106 -0.6675788 0.1473602 -0.7261823 -0.6715599 0.1471956 -0.7294762 -0.6307325 0.2646528 -0.7272431 -0.6116251 0.3115 -0.7303883 -0.5576345 0.3944324 -0.7283659 -0.5291652 0.4352787 -0.7343534 -0.4570161 0.5018581 -0.7413433 -0.4155963 0.5269629 -0.7684172 -0.1897478 0.6111717 -0.7811853 -0.1869929 0.5956367 -0.7676646 2.84365e-6 0.6408517 -0.7683845 -0.1896516 0.6112428 -0.7676374 -2.12999e-6 0.6408845 -0.7763006 0.1084883 0.620957 -0.7763248 0.1085829 0.6209104 -0.7676661 -2.89137e-6 0.6408503 -0.7890116 0.1629998 0.5923612 -0.8170982 0.3418704 0.4641931 -0.07855796 -0.9534514 -0.2911344 0.09380096 -0.9928857 -0.07334625 0.03597795 -0.9542073 -0.296975 -0.01831895 -0.9950312 -0.09786397 -0.05562382 -0.9950827 -0.08195483 -0.1956043 -0.8557428 -0.4790024 -0.02018529 -0.9984602 -0.05167061 0.06107181 -0.985017 -0.1612824 -0.01834374 -0.9950175 -0.09799897 0.3222733 -0.8918816 -0.3173125 0.2578479 -0.9293428 -0.2642661 -0.06796199 -0.9908933 0.116241 -0.07429301 -0.9966615 0.03386044 -0.156173 -0.987263 -0.03036439 -0.08356261 -0.9963991 0.0143578 -0.08682072 -0.9959514 0.02330064 -0.04137277 -0.9979422 -0.04898744 -0.0776484 -0.9925289 -0.09411269 -0.01134848 -0.9935353 -0.1129544 0.06700366 -0.9910032 -0.1158589 0.072461 -0.9968495 -0.03225886 0.1554106 -0.9873813 0.03042536 0.1056172 -0.9940093 -0.02811825 0.07806521 -0.9968583 -0.01339954 0.05395716 -0.9964457 0.0646885 0.06139993 -0.9952881 0.07504487 0.01140922 -0.9935085 0.1131849 -0.02023684 -0.99514 0.09636819 0.02703976 -0.9912971 -0.1288375 -0.1589869 0.8714428 0.4640159 -0.1650452 0.5204219 0.8378074 -0.0326907 0.8144423 0.5793231 -0.1756111 0.2633024 0.9485952 -0.0412665 0.1454815 0.9885 -0.04396265 0.6124777 0.7892645 0.06721645 0.3561381 0.9320127 -0.0326541 0.814433 0.5793383 0.04428249 0.6014017 0.7977187 0.009812235 0.9590803 0.2829641 -0.06511658 0.8526309 0.5184406 0.06727242 0.3561396 0.9320081 0.2153296 0.2097989 0.9537388 0.1313155 0.5341054 0.8351572 0.3155432 0.4256672 0.8480802 0.2448043 0.5348151 0.8087298 0.3417884 0.314106 0.8857303 0.3156604 0.4256455 0.8480474 0.5300846 0.08760792 0.843407 0.265968 0.3201282 0.9092739 1 -1.44442e-5 0 1 -3.80554e-5 0 1 -6.85612e-5 0 1 -6.85501e-5 0 1 -6.85282e-5 0 0.9991365 -0.004079937 -0.04134869 1 1.36223e-5 0 1 -1.85722e-5 0 1 -5.75159e-5 0 1 2.6241e-5 0 1 -2.74258e-5 0 0.9999543 0.00860244 0.004177093 0.9999547 0.008560776 0.004157066 0.9995303 0.02146035 0.02188289 0.999327 0.02063685 0.03032803 0.99975 0.01615011 -0.01546776 0.9626177 0.00343424 -0.2708421 0.9476919 -2.74158e-6 -0.3191865 0.9603562 -0.004303634 -0.2787425 0.9476801 -5.72269e-6 -0.3192218 0.9991353 -0.004082858 -0.04137808 1 -3.09773e-5 0 1 2.3047e-5 0 1 2.73045e-5 0 0.9990008 -0.004076123 0.04450631 0.9561024 -0.004315078 0.2930009 0.9417284 0 0.3363745 0.9559949 0.004318118 0.2933517 0.941721 2.92133e-6 0.3363952 0.9989886 0.004069387 0.04478073 0.9989871 0.0040735 0.04481416 1 -6.30935e-5 0 0.02213168 0.9416562 -0.335848 0.09223508 0.9603766 -0.2630012 0.2171716 0.8242423 -0.5229352 -0.08753782 0.9686305 -0.2325773 -7.43307e-4 0.9739603 -0.2267179 0.02957713 0.9816736 -0.1882608 -0.07059532 0.9800222 -0.1859375 0.09212851 0.9604325 -0.262834 0.08890813 0.9487275 -0.303334 0.04575872 0.8614019 -0.5058587 -0.2948581 -0.1029559 -0.9499783 -0.5467021 -0.1229476 -0.8282516 -0.1288768 -0.733168 -0.6677241 -0.007822334 -0.238308 -0.9711582 0.1410461 -0.397279 -0.906794 -0.02327048 -0.2511186 -0.9676766 -0.02771675 -0.09309965 -0.995271 0.1409847 -0.2383783 -0.9608846 -0.1260961 -0.0320248 -0.991501 -0.4319639 -0.1130011 -0.8947837 -0.756206 -0.08633482 -0.648613 -0.8446001 -0.01854902 -0.5350764 -0.8763327 -0.07842427 -0.4752794 -0.8446387 -0.01853054 -0.5350162 -0.8763465 -0.07838773 -0.4752602 -0.8943808 -0.02488094 -0.446614 -0.02769368 -0.09308189 -0.9952733 -0.02922707 -0.06346672 -0.997556 -0.007809937 -0.2381598 -0.9711946 -0.05764389 -0.3486042 -0.9354957 -0.05763155 -0.3486258 -0.9354885 -0.02925896 -0.06343191 -0.9975572 -0.1973232 -0.1907762 -0.9615967 -0.04591315 -0.1167629 -0.992098 0.02153235 -0.2440295 -0.9695287 0.9999397 0.01095372 8.02218e-4 0.9921844 -0.1101893 -0.05855405 0.9999579 0.009010314 0.001772403 0.9912573 -0.1275755 0.03367108 0.9793741 -0.200862 -0.02193129 0.9498901 -0.296339 -0.09945827 0.9999753 0.006642937 -0.002294301 0.9999675 0.007279396 -0.00346291 0.9916257 -0.09913164 0.08277428 0.9999859 0.004049718 -0.003443241 0.9999969 0.002324998 -9.7022e-4 1 -1.64221e-6 0 0.9919924 0.0129224 0.1256352 1 7.65782e-7 0 0.9649786 -0.09781241 0.2434114 1 -5.88994e-6 0 1 -3.18661e-6 0 0.9999936 -0.002376377 -0.002691149 0.9909374 0.0847541 0.1042116 0.9999806 -0.004932403 -0.003807544 0.9999926 0.003880381 -2.32068e-6 0.9914767 0.1052337 0.07681101 0.9997438 0.02236402 0.003514111 0.9998995 0.01406919 0.001746177 0.9956356 0.05231827 -0.07728171 0.9929491 0.08101475 -0.08653777 0.9999964 -0.002487361 0.00111401 0.9999852 -0.004221498 0.00342822 1 1.55331e-6 0 0.9997747 -0.008061587 -0.01963597 1 -1.43557e-6 0 1 -4.78424e-6 0 0.9999943 -0.002273559 -0.002482712 0.9959169 -0.0614072 -0.06617254 0.9999831 -0.004481613 -0.003697514 0.999997 0.002450704 -4.68013e-4 0.9107757 -0.314556 -0.2674739 0.9479523 -0.3017246 -0.1017283 0.9457388 -0.3229787 0.03553718 0.9488468 -0.3139171 0.03385448 0.9397974 -0.2923091 0.1770209 0.9431038 -0.284731 0.1717075 0.8276312 -0.3204554 0.4607981 0.9889456 0.1414671 0.04442918 0.9984623 0.05319213 0.01560831 0.9503537 0.2919943 -0.1075512 0.9748501 0.2177585 -0.04741883 0.9998993 0.01408106 0.001748919 0.9999928 -0.003333926 0.001847624 0.9999505 -0.009046494 0.004139959 0.1370486 -0.177379 0.9745535 0.1183043 -0.3250713 0.9382606 -0.01044809 -0.5261591 0.850322 0.2238254 -0.06033456 0.97276 0.136999 -0.1772305 0.9745875 0.08001846 -0.06064814 0.9949467 0.3131805 -0.1434651 0.9387949 0.6077272 -0.131913 0.7831135 0.07994073 -0.06077569 0.9949452 0.5452153 -0.1680493 0.8212794 -0.1487576 -0.3296654 0.9323046 0.2728376 0.2354626 0.9328006 0.7573294 -0.6366477 0.1453683 0.8718709 -0.4804773 0.09477752 0.8718079 -0.4805842 0.09481561 0.9514941 -0.3049888 0.04050928 0.2887141 0.8330302 0.4719162 0.398439 0.6939607 0.5997207 0.8374955 0.490287 0.2412887 0.9281712 0.3339896 0.1641625 0.3984388 0.6939432 0.5997412 0.8946095 0.3113448 0.3205284 0.465953 -0.3086706 -0.8292227 0.4229869 -0.1059259 -0.8999232 0.4229641 -0.1059355 -0.8999328 0.4229062 -0.1057558 -0.8999812 0.1884128 -0.05535894 -0.9805285 0.02880084 0.08250415 -0.9961745 0.5709288 0.4000271 0.716951 0.5860819 0.5653416 0.5804282 0.298626 0.5481005 0.7812864 0.2299889 0.5649299 0.7924389 0.5859291 0.5654388 0.5804877 0.3173136 0.7241947 0.6122534 0.3652769 -0.3464993 0.8640087 -0.3688788 -0.4160546 0.83116 0.2021975 -0.4838317 0.851483 -0.05819016 -0.7618375 0.6451494 -0.2558887 -0.5341882 0.8057072 -0.3221377 -0.813515 0.4841703 -0.2200156 0.939269 -0.2633761 0.04813975 0.7081962 -0.7043725 0.01621997 0.8267128 -0.5623904 0.322711 0.4644621 -0.8247016 0.1740712 0.2866604 -0.9420856 0.5274646 0.07034766 -0.8466596 -0.4736085 0.1604191 0.8660027 -0.6450523 -0.09312182 0.7584432 -0.6450331 -0.09311628 0.7584602 -0.6451354 -0.09324365 0.7583575 -0.8123089 0.01003938 0.5831411 -0.9222884 -0.07147896 0.3798356 -0.8618125 0.04962092 0.5047942 -0.7880808 -0.09486943 0.6082176 -0.8809131 -0.1011933 0.4623333 -0.8378618 -0.06305813 0.5422281 -0.5267073 -0.0964064 0.8445622 -0.3625318 -0.110289 0.9254227 -0.22364 0.071397 0.9720534 -1 -1.15324e-4 0 0.253923 -0.833349 0.4909711 0.1295515 -0.8551788 0.5018821 0.3561047 -0.4478806 0.8201173 0.3131289 -0.5264953 0.7904132 0.1295512 -0.8551782 0.5018831 0.1127447 -0.6179051 0.7781271 -0.4882644 0.112515 0.8654122 -0.5518798 -0.1892517 0.8121653 -0.5518558 -0.189092 0.812219 -0.561397 -0.4723575 0.6794937 0.05798798 0.9912427 0.1186401 0.4004219 0.8792437 0.2580556 0.1864987 0.9495174 0.2522596 0.1865228 0.9495621 0.2520737 0.3208608 0.9301832 0.1783468 0.4312474 0.8061744 0.4051032 0.5917402 -0.389126 -0.7059919 0.5077656 -0.1313354 -0.8514254 0.4021618 0.1696072 -0.8997218 0.4020163 0.1697384 -0.899762 0.4020467 0.169754 -0.8997456 0.2142173 0.38795 -0.8964407 -0.8454 0 0.5341339 -0.8453963 0 0.5341397 -0.5293697 -0.01286846 -0.8482937 -0.4063748 -0.2460018 -0.8799674 -0.4064537 -0.2458723 -0.8799672 -0.2548913 -0.461601 -0.8496794 0.1727222 -0.2207109 -0.9599239 0.1229491 -0.4941799 -0.8606218 0.3471801 -0.2299271 -0.9091753 0.2937064 -0.3200067 -0.9007399 0.5107281 -0.4398371 -0.7387152 0.005944788 0.9999769 -0.003310203 -8.43118e-4 0.9999997 -1.76005e-4 0.07965874 0.996774 -0.009812414 0.010549 0.9918935 0.1266336 0 1 0 0 1 0 -0.0224744 0.9965898 -0.07939702 0.03012347 0.9798154 -0.197622 0.05016803 0.9160108 -0.3980044 0.1248145 0.8836548 -0.4511937 -0.07544386 0.9374885 -0.3397405 -0.07544785 0.9374588 -0.3398216 0.1696267 0.847815 -0.5024308 -0.03537058 0.7813898 -0.62304 -0.1250786 0.6737653 -0.7282828 -0.1888217 0.9497368 -0.2496927 -0.1886994 0.9497171 -0.2498601 -0.03538668 0.7814149 -0.6230076 -0.3760451 0.8977583 -0.229391 -0.50471 0.8259369 -0.2511897 -0.4439531 0.8944934 -0.052796 0.3377728 0.9377901 -0.08037 0.1799765 0.9508953 -0.251807 -0.02923136 0.9755239 -0.2179422 0 1 0 -0.06941413 0.925365 0.372668 7.88167e-4 0.8615947 0.5075965 -0.1063439 0.991944 0.06883549 -0.1931253 0.9803513 -0.04017561 0.4969611 0.8323053 -0.2455561 0.53012 0.7212007 -0.4459175 0.1800834 0.9508728 -0.2518154 0.6087459 0.7767295 -0.1616158 0.4492273 0.8840332 -0.1291522 0.5144585 0.8461256 0.1392982 0.4475497 0.8904843 0.08208024 0.2947226 0.9360191 0.1923717 0.1696828 0.9719814 0.1626653 0.2946472 0.9360269 0.1924493 0.01055932 0.9918906 0.1266551 0.1795542 0.900247 0.3966305 0.05153995 0.9367833 0.3460937 0.2333371 0.7732653 0.5895887 0.7127534 0.528161 0.4615502 0.636145 0.7259927 0.2612552 0.5144469 0.8461111 0.1394293 0.5035149 0.8199297 0.2723749 0.3896723 0.8901766 0.2360956 0.4791269 0.6818519 0.5527346 0.4593356 0.6766003 0.5755196 0.1202926 0.6819771 0.7214132 0.5992622 0.6356683 0.4866321 0.7128205 0.5281404 0.4614702 0.4618704 0.8418391 0.279254 0.4320717 0.6303117 0.6449971 0.4594869 0.6765393 0.5754706 0.4112771 0.7497058 0.5184521 0.5911607 0.7584524 0.2743704 0.459451 0.6765125 0.5755307 0.6626176 0.6886066 0.2945485 0.694485 0.5521567 0.4613172 0.4533112 0.3795052 0.8065263 0.01243102 0.6214321 0.7833695 0.1991121 0.4410982 0.8750926 0.8891766 0.2208735 0.4007244 0.9417221 0.2001963 0.2703349 0.9574619 0.1153851 0.2644865 0.9574651 0.1154964 0.2644262 0.906001 0.319733 0.2773681 0.8405768 0.4389814 0.3173741 0.6088114 0.7766787 -0.1616135 0.6361759 0.7260204 0.2611029 0.496755 0.8073076 -0.3185737 0.6205824 0.3142355 -0.7184244 0.7315665 0.2120639 -0.6479502 0.7624516 0.3427414 -0.5488132 0.7080179 0.348472 -0.6142296 0.6143556 0.4318459 -0.6603607 0.6204862 0.3143514 -0.7184567 0.4579441 0.5401307 -0.7060781 0.1960995 0.8077198 -0.5559979 0.6204584 0.3143588 -0.7184775 0.233251 0.7536318 -0.6145186 0.3016071 0.5682522 -0.7655864 0.2225791 0.7964429 -0.5622609 0.1697636 0.8478395 -0.5023431 -0.1681457 0.7435587 -0.6471844 -0.2611902 0.6928793 -0.6720848 -0.01530873 0.8761895 -0.4817235 0.05086523 0.7697141 -0.6363593 0.3966535 0.7672311 -0.5040064 0.06141853 0.7229508 -0.6881641 0.09608799 0.717312 -0.6900947 0.03138774 0.670877 -0.7409041 -0.2465178 0.5317603 -0.8102222 0.123069 0.2677806 -0.9555876 0.4578989 0.5400813 -0.7061452 0.5216914 0.2649593 -0.8109468 0.5218663 0.2648933 -0.8108558 0.1681104 0.1067377 -0.9799724 -0.1681787 0.7434928 -0.6472514 -0.2611455 0.6927893 -0.6721951 -0.2702903 0.6113088 -0.7438042 -0.2466352 0.5316206 -0.8102781 -0.513149 0.4324268 -0.7414075 -0.06035256 0.609128 -0.7907723 -0.39153 0.698 -0.5995835 -0.09263241 0.7057861 -0.7023428 -0.1544144 0.9568249 -0.2462564 0.2887558 0.6608719 -0.6927254 0.4544717 0.6318376 -0.6278829 0.4032716 0.4730418 -0.7833284 0.6118561 0.2324723 -0.7560349 0.4953408 0.3304481 -0.8033939 0.4033917 0.1979402 -0.8933616 0.4033165 0.1978687 -0.8934114 0.5388134 0.2021791 -0.8178042 0.2145292 0.06044948 -0.9748452 0.4033325 0.1978806 -0.8934015 0.2291287 0.1657952 -0.9591726 0.402823 0.3874756 -0.8292143 0.4720684 0.6742871 -0.5678806 0.4129058 0.3644808 -0.8346632 0.4131278 0.3580424 -0.8373358 -0.5774831 0.02352631 -0.8160637 -0.2283272 -0.2114263 -0.9503503 -0.1234761 0.1462567 -0.9815104 -0.03272229 0.002145111 -0.9994622 -0.07252991 0.2401725 -0.9680169 0.2143296 0.06046468 -0.9748881 -0.6341323 -0.0123254 -0.7731264 -0.6799879 0.1972929 -0.7061813 -0.3677281 0.4719808 -0.8012554 -0.5540046 0.1208212 -0.8236997 -0.3379577 0.4838215 -0.8072804 -0.5762372 0.005439579 -0.8172645 -0.8117489 -0.03037685 -0.5832161 -0.7491071 -0.05639386 -0.6600442 -0.487937 -0.2448195 -0.8378431 -0.1802353 -0.2471729 -0.9520613 -0.5761275 0.005445003 -0.8173418 -0.2335132 -0.002000391 -0.9723516 -0.5686932 0.07839572 -0.8188053 -0.2336348 -0.001980423 -0.9723225 -0.6340203 -0.01232755 -0.7732182 -0.1745108 -0.003335297 -0.9846497 -0.2096174 0.6104114 -0.7638446 0.007589697 0.6870627 -0.7265586 0.01795941 0.6203027 -0.7841569 -0.1007791 0.4935035 -0.8638854 0.007597148 0.6870113 -0.7266071 0.01403135 0.4343842 -0.9006185 0.01796722 0.620297 -0.7841613 0.01403611 0.4344141 -0.900604 0.008732974 0.2300975 -0.9731284 -0.1257935 0.1717364 -0.9770786 0.01401478 0.4342933 -0.9006626 -0.1087847 6.73598e-4 -0.9940652 -0.1257811 0.1717799 -0.9770727 -0.002601981 7.91308e-4 -0.9999963 3.52768e-6 -0.2031369 -0.9791504 0.01017689 -0.6052712 -0.7959543 -0.0454725 -0.4343068 -0.8996166 0.224619 -0.5323805 -0.8161601 0.08071076 -0.5509464 -0.8306288 0.2247195 -0.5323845 -0.8161299 0.1388157 -0.09985423 -0.9852712 -0.2027223 0.6661472 -0.7177406 0.007599949 0.6871206 -0.7265036 -0.1350545 0.8771446 -0.4608444 -0.06845664 0.9266191 -0.3697173 0.007594823 0.6870813 -0.7265408 0.007311105 0.73567 -0.6773007 0.002043306 0.7379873 -0.6748114 0.002045392 0.7379969 -0.674801 0.004876196 0.7954285 -0.6060279 0.007604241 0.6870916 -0.726531 -0.06749236 0.8536775 0.5164103 0.004089713 0.77981 0.626003 4.28642e-4 0.8111192 0.5848809 0.002290427 0.9234275 0.3837665 3.79261e-5 0.98184 0.189711 0 0.9809695 -0.1941619 0.002292692 0.9230693 -0.3846271 7.69515e-4 0.8058704 -0.5920915 0.01017141 -0.6053386 -0.7959032 0.00542891 -0.7586243 -0.6515059 0.1702119 -0.6250352 -0.7618131 0.3057095 -0.7207869 -0.6220996 0.1797865 -0.8784893 -0.4426437 0.2269389 -0.8962909 -0.3810006 0.005430459 -0.7586365 -0.6514916 0.01069319 -0.8511369 -0.524835 0.006306052 -0.9074655 -0.4200793 -0.04057937 -0.9673117 -0.2503224 0.005747795 -0.9311974 0.36447 0.00667417 -0.9799314 0.1992236 0 -0.994561 0.104156 0 -0.995423 -0.09556835 0.004328846 -0.9798489 -0.1996939 2.07624e-4 -0.9422492 -0.3349125 -0.2961447 -0.9242159 -0.2410883 -0.1119529 -0.1465165 0.9828528 -0.1487568 -0.3297122 0.9322883 0.006043434 -0.4524188 0.8917852 0.01056009 -0.6351139 0.7723463 0.003616631 -0.668937 0.7433103 0.002403855 -0.7410608 0.6714336 0.00361979 -0.6689422 0.7433056 0.002400696 -0.741074 0.6714191 0.001698493 -0.7735646 0.6337153 0.007777988 -0.8426886 0.5383452 0.008019804 -0.8599352 0.5103402 0.008022665 -0.859955 0.5103068 0.09497159 -0.8937964 0.438302 -0.1151414 -0.9165232 0.3830506 0.004812598 -0.9385676 0.3450622 -0.007514297 0.2084117 0.9780123 -0.2248424 8.57887e-4 0.9743948 -0.1935116 0.2555899 0.9472208 -0.6019972 2.09522e-4 0.7984983 -0.3497827 -0.2447204 0.9043031 -0.6006798 8.71554e-4 0.7994893 -0.602147 2.06565e-4 0.7983853 -0.6626214 0.136 0.7365032 -0.600702 8.87083e-4 0.7994726 -0.7475642 0.1590804 0.6448576 -0.7791861 -7.81008e-4 0.6267923 0.007910728 0.6650492 0.7467577 -0.186739 0.7641442 0.617424 -0.1118793 0.7410387 0.6620761 0.007906377 0.6650911 0.7467204 3.98774e-5 0.6097448 0.7925979 -0.1643578 0.4362615 0.8846822 -0.507836 0.1628283 0.8459253 -0.6309634 8.37188e-4 0.7758122 -0.8257475 -0.04345917 0.5623632 -0.7256087 0.03726422 0.6870979 -0.7963934 0.03977376 0.6034697 -0.8258206 -0.04352545 0.5622507 -0.9955545 0.001040935 0.09418147 -0.1453933 -0.1355003 0.9800512 -0.5397694 -0.03156846 0.8412208 -0.5261691 -0.01570743 0.850235 -0.5263215 -0.01574724 0.8501397 -0.6667904 -0.1224176 0.7351222 -0.8257575 -0.04347205 0.5623476 -0.5304405 0.1324377 0.8373132 -0.7011107 -0.002873182 0.7130467 -0.1565823 -0.01606518 0.9875343 -0.530296 0.132432 0.8374055 -0.1452533 0.2525598 0.9566165 -0.02304947 0.006680011 0.9997121 -0.05865812 0.2628962 0.9630395 0.03424656 0.2114437 0.97679 0.1005553 0.3449107 0.9332338 0.179395 0.0438137 0.9828011 -0.02299797 0.006626188 0.9997137 0.004183769 0.2569441 0.9664173 -0.05298656 -0.1742107 0.9832819 -0.2643415 0.2106574 0.9411413 -0.3905525 -0.1319143 0.9110803 0.6289135 0.03144055 0.7768394 0.3579494 0.1478132 0.9219672 0.4800267 0.01611512 0.8771059 0.4798682 0.01605743 0.8771936 0.3507423 0.2962601 0.8883749 0.3460303 0.1749885 0.9217603 0.1398084 0.1025587 0.984853 0.9229599 0.07448232 0.3776206 0.9983752 -0.05060428 0.02619642 0.999944 -0.01047611 -0.001501262 0.9958852 -0.01302021 -0.08968365 0.9875053 0.1557401 0.02404826 0.9230303 0.07445579 0.3774541 0.9265378 0.2456871 0.2848959 0.9023606 0.07002872 0.4252546 0.6138761 0.0267241 -0.78895 0.8493502 0.0747075 -0.5225161 0.9958754 -0.01309305 -0.08978205 0.9543078 0.03555762 -0.2967024 0.9993965 0.01416146 -0.03172236 -0.5686604 0.08679217 0.8179807 -0.5541997 0.09916996 0.8264551 -0.6445052 0.01446932 0.7644631 -0.9891471 0.03353947 0.14305 -0.8938388 -0.1143745 0.433556 -0.5700607 -0.2915387 0.7681381 -0.9581168 0.2861493 -0.0114336 -0.9998163 0.01682317 -0.009182691 -0.9865893 -0.1606776 0.02871173 -0.8885052 -0.3740047 0.2658551 -0.9760143 0.01083713 0.2174369 -0.9834524 -0.1736131 -0.05176746 -0.9845188 -0.1750751 0.008454024 -0.9963681 -0.01591312 0.08365052 -0.9028506 0.02753698 0.4290717 -0.8593467 0.07839328 0.505349 -0.4687524 -0.006901681 -0.8833028 -0.5075259 -0.1805165 -0.8425149 -0.6459645 0.004109442 -0.7633565 -0.7763645 -0.1829016 -0.6031627 -0.9514828 -0.001987516 -0.3076956 -0.9515243 -0.002002835 -0.307567 -0.8381143 -0.01245564 -0.5453525 -0.6696621 0.08770239 -0.7374694 -0.9990598 -0.03933465 -0.01823347 -0.8057079 -0.4620996 0.3705388 -0.5700224 -0.2917019 0.7681044 -0.5874229 -0.7068355 0.394104 -0.252433 -0.8583168 0.4467325 -0.5699929 -0.2916724 0.7681376 -0.3347765 -0.7245892 0.6024078 -0.3820583 -0.2398703 0.892465 -0.2536213 -0.6221756 0.7406577 -0.2523633 -0.8583797 0.446651 -0.0828197 -0.728806 0.6796932 -0.3819466 -0.2398276 0.8925244 -0.08277881 -0.728668 0.679846 -0.02603447 -0.398334 0.9168709 -0.1452995 -0.1355292 0.9800612 -0.1564326 -0.01606166 0.9875581 -0.05858105 0.2628582 0.9630545 -0.1453061 -0.1355113 0.9800627 -0.1451719 0.25253 0.9566367 -0.04223865 -0.9838938 0.1736925 -0.01472276 -0.9149058 0.4033989 -0.02582561 -0.7446618 0.6669423 -0.1631515 -0.4762861 0.8640215 -0.01472806 -0.9148839 0.4034484 -0.1247093 -0.9749919 0.183952 -0.1516275 -0.8280009 0.5398368 -0.5607723 -0.8263007 0.05255132 -0.1246715 -0.9750216 0.1838208 -0.2859433 -0.9384269 0.1938855 -0.5835084 -0.8089261 -0.07180792 -0.6605775 -0.7503832 0.0237168 -0.6161736 -0.7436393 0.2594819 -0.8835531 -0.4324849 0.1796966 -0.9088051 -0.3939512 -0.1373899 -0.9576287 -0.2879136 0.007284104 -0.9038318 -0.4278605 -0.004844307 -0.9860133 -0.1398395 0.09067904 -0.9853184 -0.1032071 0.1360003 -0.9997854 0.02041119 -0.003546595 -0.9285268 0.3708614 -0.01731395 -0.7423648 -0.3173526 0.5900694 -0.9013301 -0.1603131 0.402373 -0.985998 -0.139916 0.09072756 -0.9452078 -0.2071141 0.2523608 -0.9897343 -0.01906085 0.1416431 -0.9682334 -0.05334544 0.2442921 -0.9592315 -0.2396426 0.1498216 -0.9947603 0.09582698 -0.03562724 -0.9746285 -0.2200133 0.04115486 -0.9979313 0.06064277 0.02134412 -0.9784049 -0.1743444 -0.1110315 -0.960385 -0.1288456 -0.2471023 -0.9989935 0.006275892 0.04441398 -0.8668581 0.4495511 0.2155486 -0.8642164 0.4871446 0.1257786 -0.9947565 0.09586519 -0.03562796 -0.9078892 0.3892319 -0.1556789 -0.8642026 0.4871631 0.1258018 -0.8764846 0.4688023 -0.1095412 -0.5216393 0.8522477 0.03957897 -0.5215054 0.8523301 0.03956836 -0.6948934 0.719111 0.001601219 -0.483924 0.8751028 0.003575026 -0.4884765 0.8713176 -0.04686689 -0.4207087 0.8905153 -0.1731671 -0.3606497 0.9326674 -0.007965445 -0.4869411 0.8572744 -0.1672394 -0.1785412 0.9830947 -0.04059284 -0.3413248 0.938293 0.05571132 -0.4207048 0.8905127 -0.1731901 -0.2941233 0.9529997 0.07268583 -0.2940896 0.9530074 0.07272195 -0.01301527 0.9996257 0.02406597 -0.01915675 0.9994803 -0.02592772 -0.1452929 0.9742529 -0.1723988 -0.494867 0.8150318 -0.3013801 -0.6180085 0.776279 -0.124324 0 1 -1.23496e-6 0 1 4.17955e-6 0 1 -9.98353e-7 8.60476e-4 0.9999595 -0.00895673 0.00145626 0.9999695 -0.007672071 0.001907527 0.9999887 -0.004359543 0.003447771 0.9999863 -0.003956019 0.001210391 0.9999975 -0.001880645 -0.148428 0.9822971 0.1142874 0.002144813 0.9999978 3.62838e-5 -0.2241076 0.9720219 0.07035046 0.00373727 0.9999927 -8.28876e-4 -6.79242e-4 0.9999987 -0.001517832 -0.1293464 0.9915995 -1.80264e-4 -0.002672195 0.9999965 -2.99068e-5 -0.07323604 0.9966807 -0.03555428 0 1 0 0 1 -5.29063e-7 0 1 0 0.002853155 0.9999749 0.006506383 -0.007445633 0.9995463 -0.0291875 0.002017796 0.9999486 0.00993663 7.48137e-4 0.9999738 0.007217526 -0.03324216 0.9969217 0.07100945 0 1 -9.98114e-7 -0.004419624 0.9999842 -0.003491103 -0.03541481 0.9985604 0.04028546 -0.008490443 0.9999416 -0.006706058 -0.1364169 0.9631855 0.2316555 -0.1173399 0.9689739 -0.2175338 0.01583886 0.9744768 -0.2239291 0.007421553 0.8885689 -0.4586831 -0.1140356 0.8787329 -0.4634914 -0.007475674 0.9995431 -0.02928614 -0.1920315 0.938315 -0.2875567 -0.125218 0.9681086 -0.2169937 -0.175731 0.979618 -0.09729945 -0.1252338 0.9681018 -0.2170145 -0.3484867 0.8997727 -0.2626141 -0.2103461 0.7603003 -0.6145714 -0.2718719 0.8755257 0.3994255 -0.1084017 0.9460715 0.3052831 -0.1590461 0.8714611 0.4639612 -0.2719132 0.875485 0.3994864 -0.3200955 0.6279414 0.7093861 -0.2078609 0.961413 0.1802195 -0.2719871 0.875442 0.3995303 -0.4763171 0.7884637 0.389162 -0.5340289 0.4051216 0.7420848 -0.3692273 0.3255696 0.8704457 -0.2079904 0.9613619 0.1803426 -0.3421849 0.8601555 0.3782092 -0.4150527 0.7433928 0.5244983 -0.2004875 0.9329831 0.2989104 -0.1563683 0.9450247 0.2871886 0.009813368 0.959119 0.282833 -0.02021467 0.9471387 0.320187 -0.3682372 0.4237824 0.8275325 0.0275048 0.6021122 0.7979376 0.1309869 0.4188108 0.8985767 0.2659254 0.3201986 0.9092616 0.02769196 0.6021621 0.7978935 0.09535717 0.8325629 0.545661 0.1848406 0.6047874 0.7746395 0.09530454 0.8326042 0.5456074 0.1182478 0.7051758 0.6991027 -0.05858427 0.9035429 0.4244742 -0.09174865 0.9384825 0.3329156 -0.2005108 0.9330136 0.2987993 -0.0108304 0.8318578 0.5548832 -0.5626598 0.7804375 0.2726377 -0.8617597 -0.4119948 0.2960247 -0.7593162 0.3699572 0.535323 -0.7475175 0.1591771 0.6448878 -0.817451 0.5146747 0.2586193 -0.5013903 0.7485867 0.4338499 -0.521614 0.8522596 0.03965544 0.09499156 -0.8937904 0.4383096 -0.01403754 -0.9969262 0.07707828 0.007222473 -0.8897013 0.456486 -0.1516287 -0.001036167 -0.9884371 -0.5369244 0.2105221 -0.816941 -0.5237404 -0.001372754 -0.8518768 -0.5761803 0.005460441 -0.8173044 -0.3326567 -0.2448239 -0.9107144 -0.9567291 0.002679049 -0.2909679 -0.9789456 0.1748218 -0.1053702 -0.9995667 0.02927255 0.003097772 -0.6382887 0.7474533 -0.1841223 -0.917987 0.3772748 -0.1223269 -0.8709807 0.2068963 -0.4456304 -0.8510263 0.1723907 -0.49602 -0.9984465 -0.009890556 -0.05483484 -0.9979329 0.06061941 0.02133578 -0.9541108 0.2860875 -0.0884689 -0.9979263 0.06073284 0.02132433 -0.9180111 0.377227 -0.1222922 -0.9269485 0.3616392 0.09991848 -0.740523 0.6720303 -9.37162e-4 -0.8563975 0.5111979 -0.07252663 -0.5288884 0.8474493 -0.04589807 -0.5073072 0.8617113 -0.009652256 -0.9745052 -0.2154709 -0.06254529 -0.9979031 -0.02173686 0.06096577 -0.9930374 -0.1169315 -0.01428371 -0.9594174 -0.0880934 -0.2678769 -0.8118059 -0.03038859 -0.5831362 -0.8111722 0.1239284 -0.5715257 -0.8509836 0.1724201 -0.4960828 -0.576259 0.005473017 -0.817249 -0.6260094 0.2443798 -0.7405341 -0.9965672 -0.08117461 -0.01626485 -0.8575172 -0.3403999 -0.3857361 -0.8118455 -0.03046458 -0.583077 -0.8306663 -0.4141135 -0.3721607 -0.7643191 -0.2011961 -0.6126471 -0.0298947 -0.3451773 -0.9380613 -0.02825015 -0.5369275 -0.8431553 -0.2283905 -0.2115716 -0.9503027 -0.2501031 -0.6368922 -0.7292578 -0.7477611 -0.3977801 -0.5316243 -0.5443684 -0.3598127 -0.7577585 -0.02813428 -0.1615009 -0.9864715 0.06745082 0.04679417 -0.9966247 0.2289621 0.1658362 -0.9592052 0.2627609 0.1700484 -0.949758 0.2145031 0.0604456 -0.9748511 0.2628893 0.1700374 -0.9497245 0.4028214 0.3874704 -0.8292176 0.262841 0.1700931 -0.9497278 0.1113554 0.6332503 -0.7658944 -0.8263502 -0.01030248 -0.5630624 -0.9409222 0.146959 -0.3050712 -0.6774307 0.1535499 -0.7193818 -0.6960549 0.4088428 -0.5902161 -0.6773102 0.1534984 -0.7195062 -0.5887228 0.2136324 -0.779594 -0.4236909 0.1011896 -0.9001371 -0.1559038 0.5816355 -0.7983697 -0.1704031 0.1760669 -0.969517 -0.4440949 0.8944181 -0.05287706 -0.8264088 0.5445821 -0.1431049 -0.7213997 0.6793441 -0.13444 -0.8538926 0.4926966 -0.1676835 -0.8265042 0.5444391 -0.1430972 -0.9888147 0.1291355 -0.07462918 -0.913121 0.3717804 -0.1673007 -0.9888361 0.1289558 -0.07465666 -0.9768446 -0.04147166 -0.2098927 -0.9504353 0.06622332 -0.3037881 -0.9768325 -0.04162031 -0.209919 -0.9409817 0.1468791 -0.3049263 -0.9431777 -0.005002737 -0.3322513 -0.5955809 0.7385917 -0.315857 -0.8264436 0.5444988 -0.1432214 -0.7087436 0.6510021 -0.2718065 -0.9154741 0.2322103 -0.328612 -0.9409613 0.1470224 -0.3049204 0.1025906 0.02270811 -0.9944645 0.122958 0.2676517 -0.955638 -0.3063164 -0.2206411 -0.9260064 -0.5074983 -0.1804831 -0.8425387 0.03107643 0.6187324 0.784987 0.1201422 0.7888657 0.602708 -0.08754199 0.7440271 0.6623896 -0.2621579 0.9324598 0.2485802 -0.3916129 0.9194923 0.03425496 -0.4153886 0.9082323 0.05066108 -0.4318777 0.8991118 -0.07127255 -0.3005411 0.9503753 -0.0803855 -0.3303995 0.9203642 -0.2092037 -0.5631864 0.8237105 -0.06574296 -0.4694221 0.7118079 -0.5224676 0.1696641 0.8478012 -0.5024414 0.2012686 0.6246332 -0.7545359 -0.1249926 0.6736875 -0.7283695 0.06603568 0.436315 -0.8973675 -0.1703545 0.1761644 -0.9695079 -0.3208568 0.9281681 0.18856 -0.2640404 0.9584903 0.1076054 -0.4085323 0.9127219 -0.006349384 -0.3859041 0.9117679 -0.1405607 -0.6521862 0.7580528 0.003015995 -0.3859543 0.9117398 -0.1406052 -0.4595573 0.8471303 -0.2667909 -0.3890228 0.8481478 -0.3595926 -0.3859979 0.9117082 -0.1406903 -0.3423756 0.8223658 -0.4544155 -0.2807527 0.6427471 -0.7127792 -0.4783202 0.8623947 0.1657868 -0.2640395 0.9584686 0.1078014 -0.2930429 0.7169259 0.6325688 -0.3415352 0.7826836 0.5203462 -0.8205371 0.559463 0.1171338 -0.9359085 0.314302 0.159027 -0.6672464 0.7342452 0.1251648 -0.7633551 0.5334978 0.3642377 -0.8866156 0.2345452 0.3986244 -0.9787614 0.1531331 0.1362959 -0.9114667 0.2813698 0.3000992 -0.9787471 0.153232 0.1362873 -0.8710704 0.3241316 0.3690191 -0.8865678 0.2344599 0.3987808 -0.7174474 0.1672807 0.6762295 -0.5687948 0.08688801 0.8178772 -0.9047073 0.3212992 0.2797707 -0.9787313 0.153221 0.1364135 -0.8546649 0.49969 0.1409178 -0.9358109 0.3174785 0.153184 -0.577722 0.771639 0.2661026 -0.6671479 0.7343438 0.1251119 -0.7214888 0.6866461 0.08928108 -0.7711386 0.6216821 0.1373199 -0.4784443 0.8623337 0.1657462 -0.3450666 0.9271542 0.1459937 -0.321733 0.8775508 -0.3555172 -0.2773028 0.8379073 0.470122 -0.4275352 0.4301176 0.795118 -0.2643133 0.2108347 0.9411096 0.007040679 0.3709408 0.9286299 0.03109389 0.6185973 0.7850927 0.004279732 0.2570961 0.9663764 0.4109035 0.4350985 0.801154 0.5513373 0.8326597 0.05201131 0.1727687 0.9848784 -0.01286792 0.1727706 0.9848788 -0.01281625 0.03680592 0.9608765 -0.274521 -0.193535 0.9810428 -0.009976983 -0.6471368 0.7623739 -1.87702e-4 -0.9798167 -0.1990574 -0.01831638 -0.9817928 -0.1295537 0.1389204 -0.9859964 -0.1399091 0.0907554 -0.9547306 -0.05631631 0.2920926 0.9484995 -0.00660932 -0.3167101 0.9999091 0.01349055 2.53833e-4 0.9671553 -0.04191017 -0.2507074 0.9980404 -0.06133925 -0.01237386 0.9449505 -0.1056895 -0.3096746 0.7919289 -0.1453444 -0.5930631 0.7049095 -0.01909136 -0.7090403 -0.9168146 0 -0.3993132 -0.9168168 0 -0.399308 -0.4940891 0 -0.8694112 -0.5660535 -0.106032 -0.8175212 -0.4840061 -0.1206284 -0.8667104 -0.5575787 -0.03376173 -0.8294374 -0.6866346 0.02564549 -0.7265504 -0.7353191 -0.1694433 -0.6561973 -0.809731 0.06101322 -0.5836209 -0.8530322 -0.1588569 -0.4970921 -0.9041956 0.1082473 -0.4131743 -0.9443144 -0.1005384 -0.3133089 -0.9710241 0.05311238 -0.2330053 -0.2014915 -0.9213804 -0.3323541 -0.4445162 -0.8723869 -0.2033382 -0.4499512 -0.8930506 -0.002123534 -0.6940896 -0.7198886 -1.19369e-4 -0.3310171 -0.9393672 0.08953827 -0.3578303 0.6915316 -0.6274883 -0.2850739 0.5363632 -0.7943849 -0.3668715 0.386529 -0.8461682 -0.366838 0.386589 -0.8461554 -0.2806584 0.642668 -0.7128877 -0.4831615 0.5155054 -0.7076788 0.9765418 -0.2137465 -0.02604973 0.9450747 -0.3222604 0.05460941 0.9864383 -0.09271395 -0.1354386 0.9864374 -0.09259694 -0.1355252 0.9864342 -0.09260666 -0.1355423 0.9699943 0.03054124 -0.2412024 0.01420253 -0.9978967 -0.06325089 0 -1 0 -0.002780377 -0.9999961 -7.79796e-6 -0.02019393 -0.9951562 0.09620988 0.06760865 -0.9920325 0.1063038 0.1180793 -0.9856839 0.120352 0 -1 5.98271e-7 0.06746786 -0.9931178 -0.09573554 -0.002085566 -0.9999958 0.002016127 0.0270214 -0.9913167 -0.1286898 -0.009443461 -0.9999554 -6.1356e-5 -0.009476661 -0.9999551 -6.07282e-5 -0.002813339 -0.9999961 -8.2273e-6 -0.01211369 -0.9999267 -8.71893e-5 -0.009431838 -0.9999555 -6.09821e-5 -0.01211619 -0.9999266 -8.87441e-5 -0.01251745 -0.9999212 -0.001051068 -0.01254266 -0.9999209 -9.87673e-4 -0.01208549 -0.999927 -8.82995e-5 -0.004030466 -0.999947 -0.009478867 -0.0134468 -0.9999055 -0.002868771 0.009451985 -0.9998671 -0.01329261 -0.02016705 -0.9984662 -0.05156362 -0.0311523 -0.9995034 -0.004749119 -0.03837847 -0.99553 -0.08629834 0.2404894 -0.9584674 0.1533143 0.01312983 -0.9999139 -2.3348e-4 -0.004413664 -0.9993923 -0.03457725 -0.00990343 -0.9998577 -0.01366192 0.00742644 -0.999939 -0.008190095 -0.01735073 -0.07568424 0.9969809 -0.02598601 -0.09385436 0.9952468 -0.01821321 -0.06266206 0.9978686 -0.01865464 -0.05604797 0.9982538 -0.002679646 1.53819e-4 0.9999964 0.7785711 -0.6166428 -0.1165274 0.9274187 -0.3358945 -0.1645281 0.8350169 -0.5502209 0.001946687 0.9236721 -0.3779412 -0.06316995 0.9274784 -0.3357434 -0.1645003 0.9984235 -0.05610597 -0.001652419 -0.8442534 0.2075999 0.4941038 -0.5688132 0.08679527 0.8178742 -0.68211 0.3432289 0.6456934 -0.5045711 0.206423 0.8383303 -0.3624292 -0.1103597 0.9254544 0.01008558 -0.2569621 0.9663689 -0.2535644 -0.09519171 0.9626234 -0.02468031 -0.165332 0.9859291 -0.575299 0.1184191 -0.8093256 -0.5091596 0.5726213 -0.642543 -0.5815642 0.4747303 -0.6606166 -0.5460487 0.5894983 -0.59525 -0.2382843 0.9589893 -0.1534938 -0.4207506 0.8904628 -0.1733351 0.1569454 -0.9337447 -0.3216969 0.5555675 -0.6858762 -0.47002 0.3910239 -0.83535 -0.3863816 0.3199936 -0.8912892 -0.3212596 0.5555627 -0.6858782 -0.4700224 0.4495434 -0.6947914 -0.5614051 0.322431 -0.8918259 -0.3173086 0.1278061 -0.9819902 -0.1391437 0.09389346 -0.9928729 -0.07339948 -0.2804437 0.6433219 0.7123821 -0.3130195 0.6823305 0.6606391 -0.2523265 0.6600301 0.7075956 -0.2664414 0.9066266 0.3271654 -0.06406658 0.9924364 0.1047173 -0.1759207 0.7739362 0.6083376 -0.1885085 0.8403741 0.5081692 -0.1924201 0.6311945 0.7513774 -0.202518 -0.9413313 -0.2699666 -0.2694053 -0.9177445 -0.2918317 -0.2200819 -0.9590268 -0.1784145 -0.2200916 -0.959029 -0.178391 -0.2337689 -0.9465095 -0.2224226 -0.08377593 -0.9940416 -0.06973546 -0.220089 -0.9590266 -0.178407 -0.08376634 -0.9940434 -0.06972193 -0.09047096 -0.9945071 -0.05263686 -0.3044027 -0.9170722 -0.2575221 -0.495563 -0.6791921 -0.5414014 -0.2026349 -0.9412781 -0.2700641 -0.2326464 -0.9244678 -0.3020514 -0.6016275 -0.3909561 -0.6965613 -0.4412875 -0.3413543 -0.8299052 -0.1411414 -0.9725683 -0.1849055 -0.122063 -0.9370481 -0.327172 -0.07302749 -0.9623321 -0.2618857 0.9975259 0.03720694 0.05964732 0.9879896 0.06022477 0.1423012 -0.009279727 -0.9999215 -0.008431017 -0.008489072 -0.9999516 -0.004972934 -0.01394003 -0.9998853 0.005932211 -0.01394987 -0.9998849 0.005982041 -0.008487641 -0.9999517 -0.004968702 -0.01627802 -0.9997807 0.01317739 -0.02480065 -0.999308 0.02772319 0.004102051 0.7797784 0.6260422 0.008863866 0.7552442 0.6553836 0.007900774 0.6651316 0.7466844 0.007911801 0.6651469 0.7466707 -0.06746208 0.8536754 0.5164177 -0.1673659 0.932187 0.3209614 -0.8357821 -0.2965786 0.4620709 -0.9512243 -0.06198221 0.3022094 -0.9512175 -0.06197237 0.3022328 -0.9512684 -0.06184798 0.3020983 -0.9512667 -0.06184822 0.3021038 -0.9773032 0.1785584 0.1139973 -0.4269308 -0.6965332 -0.5766903 -0.2437628 -0.7470379 -0.6184772 -0.2657911 -0.3779978 -0.886833 -0.3047221 -0.3224837 -0.8961857 -0.3400273 -0.3306073 -0.8803865 -0.1897979 -0.09497022 -0.9772192 -0.510357 -0.596731 -0.6192318 -0.5600191 -0.3475666 -0.7520479 -0.6349471 -0.4983181 -0.590357 -0.5232411 -0.4048562 -0.7498735 -0.5781076 -0.6413403 -0.5044544 -0.1897853 -0.09496521 -0.9772222 0.08809506 -0.07194995 -0.9935102 -0.2657231 -0.3778246 -0.8869273 -0.3400779 -0.330543 -0.8803911 0.08811682 -0.07189851 -0.993512 -0.176186 -0.3113227 -0.9338291 -0.3401696 -0.3306418 -0.8803185 -0.3403091 -0.4498646 -0.8257188 -0.4713656 -0.3742886 -0.7985754 -0.2594551 -0.3934978 -0.8819538 -0.4432594 -0.483429 -0.7548626 -0.4669549 -0.8124033 -0.3492193 -0.3669667 -0.8043881 -0.4672207 -0.6046853 -0.7088747 -0.3631149 -0.7256378 -0.5452025 -0.4197668 -0.2774368 -0.778346 -0.5632108 -0.2360178 -0.4905124 -0.8388643 0.08825278 -0.07193374 -0.9934974 0.3458368 -0.132343 -0.9289146 0.03997462 -0.2747424 -0.9606866 -0.2085357 -0.9327983 -0.2939396 -0.1086372 -0.9925585 -0.0550056 -0.3216781 -0.9227329 -0.2123375 -0.3586636 -0.9258092 -0.1193228 -0.1378659 -0.9572456 -0.2543109 -0.3417628 -0.911688 -0.2280863 -0.4724724 -0.8420332 -0.2602883 -0.27864 -0.9422476 -0.1858206 -0.36461 -0.8740394 -0.3211149 -0.1963121 -0.8869017 -0.4181709 -0.2387651 -0.843742 -0.4807189 -0.1416856 -0.98208 -0.1242741 -0.1415762 -0.9821139 -0.124131 -0.05158382 -0.9985053 -0.01806783 0.1358702 -0.9778445 -0.1592463 -0.02382075 -0.9947316 -0.09970873 0.0394746 -0.9947131 -0.09480386 4.31932e-4 -0.9952207 0.09765094 0.08213216 -0.9947227 0.06149113 0.1288609 -0.9364418 0.3263 0.2583139 -0.9270187 0.2718647 0.3256711 -0.823193 0.4650716 0.4822911 -0.7592913 0.4368891 0.5005664 -0.4633312 0.7312712 0.7112579 -0.3407381 0.6148251 0.5950203 -0.1056918 0.7967309 0.7636352 -0.08929234 0.6394437 0.5872776 -0.2666396 0.7642045 -0.3698225 -0.905322 -0.2088624 0.5492592 -0.3245362 -0.7700589 0.4542508 -0.3988035 -0.7966254 0.4259694 -0.1836807 -0.8858959 -0.799131 -0.3807634 -0.4651978 -0.8197673 -0.08831989 -0.5658457 -0.6841191 -0.2654981 -0.679332 -0.7319622 -0.08859163 -0.6755612 -0.5531001 -0.1726375 -0.8150317 -0.5284114 -0.7279829 -0.4368321 -0.6200945 -0.7296683 -0.2882136 -0.9225481 -0.2964797 -0.2469919 -0.9035471 -0.08772599 -0.4194126 -0.9551205 -0.1622588 -0.2478246 -0.9035578 -0.0875836 -0.4194191 -0.9628002 -0.02422082 -0.2691269 -0.8270415 -0.2568461 -0.5000328 -0.05865603 -0.9937176 0.09531497 -0.6047278 -0.708826 -0.3631393 0.5153489 -0.8181059 -0.255183 0.507602 -0.8039122 -0.309944 0.370941 -0.9005778 -0.2266333 0.3071264 -0.944381 -0.1175503 0.02794754 -0.9996084 0.001471638 0.287092 -0.6981836 -0.6558337 0.6209872 -0.565517 -0.5427389 0.3513491 -0.4156544 -0.8389191 -0.7892633 -0.3832291 -0.4797906 -0.8339753 -0.1671761 -0.5258685 -0.6556145 -0.7439783 -0.1290965 -0.2603615 -0.9377653 0.2298007 -0.3445186 -0.9235445 0.1684415 -0.1426238 -0.9883852 0.05247223 -0.3760613 -0.9232581 0.07856506 -0.3286094 -0.9442946 -0.01799315 -0.2166297 -0.9140018 0.3430341 0.001312911 -0.9249162 0.380169 -0.09168982 -0.9391317 0.3310962 -0.07308638 -0.7561965 0.6502502 -0.1968962 -0.8224953 0.5336043 0.07916539 -0.8239772 0.5610654 0.1143373 -0.4970049 0.8601821 -0.09761798 -0.3657271 0.9255887 0.01851159 -0.09726542 0.9950864 -0.2061304 -0.1020075 0.9731931 -0.07860016 -0.4126883 0.9074747 -0.2061392 -0.1018661 0.9732061 -0.1038623 -0.1417952 0.9844322 -0.3300687 -0.1443998 0.932847 0.0976333 -0.9930419 -0.06584489 0.4820589 -0.7274748 -0.4882619 0.2522532 -0.9316145 -0.2616539 0.3756233 -0.7283301 -0.5730991 0.1747778 -0.9131784 -0.3681821 0.2291545 -0.7310088 -0.6427398 0.3377423 -0.8201293 -0.4618636 0.5132485 -0.6665851 -0.5405926 0.6395405 -0.6666301 -0.3828737 0.7446942 -0.5570634 -0.3675743 0.3613206 -0.4676918 -0.8066671 0.3270354 -0.8665192 -0.377084 0.5835065 -0.6312533 -0.5109204 0.4983953 -0.5165699 -0.6962456 0.6887606 -0.4030666 -0.6026161 0.5574758 -0.08453309 -0.8258784 0.3484844 -0.4490332 -0.8227564 0.3700495 -0.07778286 -0.9257501 0.1311027 -0.385048 -0.9135373 0.2695385 -0.8265271 -0.4941681 0.103626 -0.9760212 -0.1914274 0.1425893 -0.8575222 -0.4942916 0.04237008 -0.9839137 -0.1735472 0.04676997 -0.8497266 -0.5251451 0.01594263 -0.9814377 -0.1911178 -0.04272359 -0.7310427 -0.6809929 0.04671484 -0.8496459 -0.5252804 0.111827 -0.6028333 -0.7899916 0.1310337 -0.3851894 -0.9134874 0.1118788 -0.6028356 -0.7899825 0.1172866 -0.5220031 -0.8448413 -0.1063696 -0.4615387 -0.88072 -0.04272818 -0.7310276 -0.6810088 -0.0427708 -0.7309774 -0.68106 -0.1132847 -0.3140699 -0.942617 -0.1597026 -0.7183331 -0.6771209 -0.04277884 -0.7311002 -0.6809277 -0.1233153 -0.8412558 -0.5263859 -0.03019052 -0.9784119 -0.2044475 0.04176312 -0.9790549 -0.1992675 -0.01195657 -0.9791558 -0.2027586 0.2856946 -0.9224268 -0.2598223 0.1127386 -0.9862743 -0.1206367 0.08567625 -0.9873371 -0.1335104 0.06025618 -0.9807488 -0.1857447 0.2576941 -0.9526392 -0.1614693 0.2398673 -0.9537272 -0.1812955 0.3652413 -0.8978927 -0.2457391 0.4081176 -0.800083 -0.4396671 0.7485426 -0.4711015 -0.466634 0.1127327 -0.9862737 -0.1206461 0.3444628 -0.9014049 -0.2623257 0.3271132 -0.8664849 -0.3770956 0.4379194 -0.8347609 -0.3337678 0.6793798 -0.4688649 -0.5644545 0.5835598 -0.6312469 -0.5108674 0.3446016 -0.9013373 -0.2623752 0.6869155 -0.6263373 -0.3685769 0.6319249 -0.5484234 -0.5476338 0.6869248 -0.6263001 -0.3686226 0.7043229 -0.5938876 -0.3888791 0.6237446 -0.7020432 -0.3436251 0.6868814 -0.6263605 -0.3686008 0.405129 -0.8862789 -0.224455 0.797169 -0.4237073 -0.430109 0.4060974 -0.8861729 -0.2231204 0.4740673 -0.8655056 -0.1617413 0.2399413 -0.9537021 -0.1813294 0.1820016 -0.9803311 -0.07633024 0.1738521 -0.9817386 -0.07723337 0.2124793 -0.9762516 -0.04225444 0.4541628 -0.8771393 0.1560863 0.5599221 -0.826389 0.05973726 0.4986474 -0.8652723 -0.05152529 0.8595271 -0.51109 -5.64719e-4 0.7968202 -0.5822448 -0.1614578 0.9165393 -0.3385406 -0.2129459 0.8596291 -0.5109183 -5.95601e-4 0.9968342 -0.07946431 0.002650737 0.319646 -0.9346861 0.1555264 0.01583743 -0.9998059 0.01172155 0.1242961 -0.9904183 0.06018477 0.08314818 -0.9941171 0.06940883 0.268195 -0.9196049 0.2870512 0.4179289 -0.8497784 0.3212664 0.6320281 -0.5796644 0.5143247 0.4181752 -0.8497249 0.3210877 0.565387 -0.6620813 0.4919206 0.5439614 -0.7480833 0.3801019 0.7258152 -0.5590053 0.4008808 0.6320366 -0.5796621 0.5143168 0.7383371 -0.512811 0.4380449 0.615835 -0.6170171 0.4899361 0.694246 -0.5976826 0.4009963 0.5285081 -0.7963837 0.2940277 0.5284552 -0.7964766 0.2938709 0.7841837 -0.4443637 0.4331247 0.124423 -0.9903981 0.06025481 0.1242859 -0.990419 0.060193 0.3136724 -0.9449806 0.09285217 0.319642 -0.9346925 0.1554963 0.4030625 -0.5061643 0.7624555 0.1992142 -0.9433906 0.2651941 0.6037496 -0.3884983 0.6961002 0.4990395 -0.6768855 0.5410968 0.1992833 -0.9433656 0.2652314 0.3123314 -0.9127526 0.2633094 0.6038174 -0.3884611 0.6960622 0.5309042 -0.7198123 0.447226 0.7599021 -0.318108 0.5668829 0.01162236 -0.9796594 0.2003306 0.02249652 -0.9830228 0.1820991 0.07295083 -0.9623897 0.2616953 0.08641135 -0.9388778 0.3332291 0.02253681 -0.9829949 0.1822448 0.1295058 -0.8552665 0.5017448 0.229539 -0.8733515 0.4296151 0.01163887 -0.9796192 0.2005263 0.08644378 -0.9388256 0.3333676 0.1188502 -0.7475303 0.6535084 0.1341109 -0.3928303 0.9097795 0.06091487 -0.7865067 0.6145704 0.2295761 -0.8732694 0.4297621 0.3131178 -0.5264869 0.7904232 0.4795895 -0.5518472 0.6822454 0.7635976 -0.0893172 0.6394851 0.6320663 -0.5796064 0.514343 0.53004 -0.4727358 0.7039734 0.466229 -0.637461 0.6134119 0.5653634 -0.6620712 0.4919616 0.2681647 -0.919596 0.2871081 0.5299496 -0.4728924 0.7039363 0.3008869 -0.8956022 0.3276641 0.2296162 -0.8732666 0.4297466 0.2100049 -0.9111955 0.35443 0.2680535 -0.919676 0.2869552 0.1991689 -0.9434286 0.2650931 0.1991953 -0.9433968 0.2651864 0.07295155 -0.9623917 0.2616873 0.199168 -0.9434184 0.2651296 0.2427537 -0.8640546 0.4409993 0.08646351 -0.9388163 0.3333888 0.2427426 -0.8639975 0.4411174 0.1766893 -0.7317758 0.658244 0.7971289 -0.5819902 0.1608509 0.9121442 -0.3474044 0.217493 0.7971231 -0.5819849 0.1608991 0.4543048 -0.8770507 0.1561704 0.6943027 -0.5976582 0.4009346 0.9361793 -0.3009574 0.18164 0.9968359 -0.07944315 0.002654492 0.9599099 -0.1597966 0.2303 0.9122043 -0.3472467 0.2174925 0.8700468 -0.2481949 0.4259319 0.6753592 -0.7174976 0.17055 0.6688759 -0.7431874 0.01665884 0.4040102 -0.9146785 0.01179277 0.4091684 -0.9080851 -0.08923572 0.1855606 -0.9824125 -0.02081161 0.3230469 -0.9321632 -0.1634395 0.8682216 -0.1875391 0.4593696 0.8348793 -0.2983403 0.4625686 0.6103017 -0.720912 0.3283562 0.3224649 -0.9252903 0.1996355 0.5949488 -0.1057152 0.7967813 0.545879 -0.385993 0.7436569 0.3561621 -0.4477493 0.8201641 0.3958081 -0.08957302 0.9139543 0.3915382 -0.2501944 0.8854946 0.3957378 -0.08961623 0.9139806 0.3560954 -0.4477586 0.820188 0.134149 -0.392687 0.9098358 0.336525 -0.3564038 0.8716234 0.2245287 -0.1070017 0.968575 0.1631779 -0.1417356 0.9763627 -0.7333586 -0.10039 0.6723892 -0.7716314 -0.4348554 0.4642046 -0.8565127 -0.2130101 0.47012 -0.8565671 -0.2128648 0.4700867 -0.8178314 -0.3026172 0.4894637 -0.9512363 -0.1673212 0.2591394 -0.9246417 -0.2697181 0.2688679 -0.9225592 -0.2981997 0.2448703 -0.9512706 -0.1673242 0.2590116 -0.9972212 -0.0718885 0.01954483 -0.9522964 -0.3049193 -0.01248133 -0.6777119 -0.4065779 0.6126999 -0.6118385 -0.790643 0.02317959 -0.9193238 -0.3931991 -0.01544326 -0.9386883 -0.342714 0.03756815 -0.6652936 -0.7266119 0.1715214 -0.6068895 -0.7185961 0.3395658 -0.6461455 -0.4884848 0.5864117 -0.5543064 -0.2558797 0.7920039 -0.5499202 -0.1504449 0.821556 -0.3987774 -0.102257 0.9113289 -0.3301647 -0.1444318 0.932808 -0.952296 -0.3049152 -0.01261723 -0.9977251 -0.06630074 -0.01220202 0.3263654 -0.9402643 0.09689563 0.4681124 -0.8227231 -0.3224864 0.474195 -0.8654185 -0.1618331 0.7968198 -0.5822229 -0.1615391 0.623823 -0.7020341 -0.3435012 0.9164686 -0.3387259 -0.212956 0.918847 -0.394512 -0.008970201 0.9411278 -0.2783402 -0.1918471 0.9635769 -0.1466587 -0.2236312 0.89109 -0.2245763 -0.3943657 0.8800269 -0.1496052 -0.450745 0.8485971 -0.2671337 -0.4566429 0.8191604 -0.09813731 -0.5651065 0.8799943 -0.1496105 -0.4508069 0.8191677 -0.09803003 -0.5651145 0.7282063 -0.1538289 -0.6678715 0.7261365 -0.2504447 -0.6403151 0.6489791 -0.2741653 -0.7096897 0.7384837 -0.0223509 -0.6739009 0.4474892 -0.3162261 -0.8365133 0.2483069 -0.2518792 -0.9353612 0.1606078 -0.1366457 -0.9775138 0.1391661 -0.2369715 -0.9614975 0.08821976 -0.07202303 -0.9934939 0.1605162 -0.1366648 -0.9775261 0.08812952 -0.07185548 -0.993514 -0.1231622 -0.1261346 -0.9843379 -0.1028063 -0.2277399 -0.9682797 -0.1232797 -0.1261404 -0.9843224 -0.3435766 -0.06771904 -0.9366799 -0.4868956 -0.2780923 -0.8280081 -0.4391838 -0.6832661 -0.5833225 -0.4048616 -0.8237845 0.3968203 -0.3823043 -0.7235349 0.5747528 -0.2942268 -0.4876022 0.8219943 0.7097801 -0.6920234 -0.1315898 0.64399 -0.7160992 -0.2692189 0.7041968 -0.5083066 -0.4957131 0.2485048 -0.7332268 0.6329485 0.1423164 -0.2447361 0.9590883 0.01850271 -0.09713292 0.9950995 0.1630871 -0.1417167 0.9763806 -0.1038036 -0.1417865 0.9844396 -0.3099781 -0.3623031 0.8790051 0.3512263 -0.4156591 -0.8389682 0.3794711 -0.3467447 -0.8577703 0.1260995 -0.3542255 -0.9266193 0.09007871 -0.4925166 -0.8656289 -0.1426235 -0.5428226 -0.8276486 0.2050362 -0.862072 -0.4634568 -0.196294 -0.886834 -0.4183231 0.5306877 -0.7885762 -0.3106739 0.2051993 -0.8620499 -0.4634254 -0.1233591 -0.8411843 -0.5264898 -0.1070246 -0.5527755 -0.8264292 -0.2906128 -0.5106065 -0.8092128 -0.2906341 -0.5104598 -0.8092977 -0.1133057 -0.313918 -0.9426651 -0.3435561 -0.06772381 -0.9366871 -0.5278418 -0.2631174 -0.8075596 -0.548047 -0.819684 -0.1666215 -0.7263264 -0.5189898 -0.4506658 -0.8142617 -0.5441265 -0.202248 -0.9151888 -0.3320809 -0.2283677 -0.8184353 -0.5552677 -0.1477894 -0.547927 -0.8197823 -0.1665323 -0.3489558 -0.9358223 -0.04966384 -0.3162848 -0.9444562 -0.08925646 -0.1807374 -0.9832804 -0.02221804 -0.5178494 -0.8552027 -0.02145802 -0.8185312 -0.5551281 -0.1477822 -0.9282004 -0.2667432 -0.2594075 -0.9977262 -0.06628698 -0.0121867 -0.6396465 -0.7587241 -0.1232485 -0.685648 -0.6691929 -0.2864749 -0.4660405 -0.852566 -0.2365112 -0.4155339 -0.8728243 -0.2559482 -0.316096 -0.9445247 -0.0891993 -0.1150849 -0.9916737 -0.05778235 -0.3715845 -0.9116135 -0.1757432 -0.09052771 -0.9945009 -0.05265539 -0.08382606 -0.9940335 -0.06978976 -0.2695163 -0.917667 -0.2919729 -0.4038177 -0.8562211 -0.3222061 -0.5986881 -0.6014235 -0.5290203 -0.6239528 -0.5911545 -0.5110962 -0.78917 -0.3833701 -0.4798316 -0.6239412 -0.591149 -0.5111168 -0.7262902 -0.5189657 -0.4507519 -0.4156245 -0.8727429 -0.2560784 -0.4156603 -0.8727504 -0.255995 -0.7737066 -0.4441828 -0.4517521 -0.227643 -0.8671855 -0.4429085 -0.3022409 -0.8931249 -0.3331341 -0.227723 -0.867119 -0.4429977 -0.5240277 -0.3416917 -0.780155 -0.4435355 -0.6292194 -0.6382471 -0.5240709 -0.3415814 -0.7801744 -0.7319515 -0.08873033 -0.6755547 -0.08642011 -0.9385115 -0.3342571 -0.1265918 -0.8887761 -0.4405131 -0.2276607 -0.8671132 -0.443041 -0.4602776 -0.5352975 -0.7082381 -0.03017723 -0.978433 -0.2043486 -0.8171143 0.3418824 0.464156 -0.6472586 0.5582008 0.5191034 -0.7355472 0.5141358 0.4411743 -0.7354658 0.5141965 0.4412393 -0.2661598 0.7007765 0.6618696 -0.3693031 0.7554884 0.5411586 0.6347504 0.1615538 0.7556403 0.5416989 0.3232447 0.7759351 0.6787412 0.3502199 0.6454894 0.6883586 0.4707093 0.5519014 0.7076447 0.4383809 0.554131 0.6361598 0.7259798 0.2612552 -0.967204 -0.2360767 -0.09372431 -0.9896353 -0.05662614 -0.1319678 -0.8214482 -0.01058501 -0.570185 -0.8213507 -0.01056647 -0.5703257 -0.8369051 0.01966792 -0.5469946 -0.508859 0.001651585 -0.8608483 -0.7313953 -0.008791148 -0.6818972 -0.5087689 0.001651465 -0.8609017 -0.3839862 -0.005314648 -0.9233236 -0.1445549 -0.955951 -0.2554635 -0.03055483 -0.9787713 -0.2026655 0.1681117 -0.9769384 -0.1316425 0.02559715 -0.9996721 8.51407e-4 -0.1152829 -0.9516658 -0.2846791 0.0366131 -0.9705383 -0.2381494 -0.09145015 -0.9947437 0.04606455 -0.09159141 -0.9947282 0.0461179 -0.06443446 -0.9974364 0.03112816 0.1239515 -0.9922815 0.003681957 -0.003475189 -0.9999141 0.01264297 -0.005404353 -0.9999586 0.007325589 -0.008689463 -0.9997566 0.02028411 -0.008689284 -0.9997563 0.02029091 -0.00540322 -0.9999586 0.007329463 -0.01127868 -0.999647 0.02406066 -0.01522761 -0.9988173 0.04617518 0.7835489 -0.1878358 -0.5922574 0.8963614 0.04972177 -0.4405272 0.8963718 0.0497024 -0.440508 0.8964159 0.04984897 -0.4404019 0.8964062 0.04987174 -0.4404187 0.9266096 0.2826166 -0.2480372 -0.9518839 0.306459 0 -0.8975713 0.4407543 -0.01007854 -0.897492 0.4409151 -0.01010578 -0.8241778 0.5659793 -0.01996499 0.04957365 0.07974439 0.9955819 0.1892777 -0.01244229 0.9818448 0.6066747 0.04718881 0.7935485 0.4043296 -0.05100888 0.91319 0.1893071 -0.01255029 0.9818378 0.4396409 -0.1865706 0.8785827 -0.1119746 0.7411422 0.6619442 -0.1675018 0.932173 0.3209311 -0.3279935 0.7660298 0.5528278 -0.440657 0.5077106 0.7403049 -0.2255361 0.876766 0.4247526 -0.279582 0.5951187 0.7534373 -0.3279349 0.7659635 0.5529544 -0.1795622 0.8496232 0.495881 -0.1391381 0.5853579 0.798747 -0.1675578 0.362558 0.9167748 -0.2795518 0.5949978 0.753544 -0.08974236 0.4981405 0.8624399 -0.1675488 0.3626338 0.9167466 -0.07040745 0.735199 0.6741848 -0.05590963 0.4303069 0.9009496 -0.2397001 0.9704164 -0.02891123 -0.1757333 0.9796183 -0.09729301 -0.5312007 0.8274078 -0.1822695 -0.531253 0.8273641 -0.1823155 -0.4211426 0.8768739 -0.2317998 -0.8796975 0.3944342 -0.2656202 -0.6752302 0.7338392 -0.07446074 -0.8797369 0.3943674 -0.2655891 -0.9796626 0.1837938 -0.08050489 -0.7816451 0.6184606 -0.08085501 -0.9502404 0.290376 0.1128059 -0.4394925 0.8969233 -0.04873257 -0.8208114 0.566169 0.0756402 -0.3325402 0.938664 0.09125232 -0.6386327 0.7491378 0.1759005 -0.9502334 0.290341 0.112954 -0.9168999 0.2488929 0.3120047 -0.3325253 0.9386625 0.09132206 -0.7611885 0.608413 0.2245569 -0.6354683 0.6798014 0.3661285 -0.9652261 0.2066344 -0.1601282 -0.9918507 -0.1201813 0.04229289 -0.991846 -0.1202118 0.04231637 -0.991826 -0.1203495 0.04239517 -0.9918305 -0.1203207 0.04236984 -0.8711385 -0.4292119 0.2385269 -0.2870456 0.3272476 -0.9002855 -0.4753728 0.05846548 -0.8778397 -0.4754444 0.0583651 -0.8778077 -0.6122848 -0.2165572 -0.7604015 -4.33348e-4 -0.9993823 0.03513979 -2.18014e-4 -0.999845 0.01760536 0.008771955 -0.9999573 -0.002923965 0.01328784 -0.9996709 -0.02194386 0.02653557 -0.9986871 -0.04381823 -0.9127618 0.2573859 -0.3172043 -0.9988678 0.04529184 -0.0145542 -0.9988675 0.04530417 -0.01454085 -0.8895447 -0.3727529 0.2641317 -0.998874 0.04520612 -0.01439648 -0.9410778 -0.1733446 0.2903863 -0.3415724 0.767993 -0.5417703 -0.6832579 0.4011613 -0.6101051 -0.5712236 0.6561493 -0.4931246 -0.8014782 0.3808512 -0.4610697 -0.4656728 0.7867504 -0.4051826 -0.8014891 0.3808458 -0.4610551 -0.4211195 0.8768659 -0.2318724 0.9766579 -0.04913491 -0.2091058 0.9985581 -0.03800266 -0.03791612 0.9988879 -0.03352469 0.0331512 0.9856326 -0.003872573 0.1688593 0.9676719 -0.05842578 0.2453521 0.9305776 0.02721744 0.3650819 0.8928858 -0.07338732 0.4442627 0.8366888 0.04069221 0.546165 0.7775013 -0.09011429 0.6223915 0.7078698 0.04424774 0.7049558 0.6263835 -0.08828616 0.7744994 0.5482999 0.03912127 0.8353663 0.4477185 -0.08965057 0.889669 0.3675463 0.01593446 0.9298688 0.2480344 -0.07310485 0.9659889 0.1692126 -6.90795e-4 0.9855793 0.002592623 -0.05267637 0.9986084 -0.2050536 -0.05365747 -0.9772788 -0.03564101 -0.03294485 -0.9988216 0.03617501 -0.04098045 -0.9985049 0.1692162 -6.59026e-4 -0.9855788 0.247417 -0.06820446 -0.9665055 0.3665618 0.02714461 -0.9299977 0.4480596 -0.07616811 -0.8907531 0.5487775 0.04777222 -0.8346024 0.6270307 -0.08595913 -0.7742375 0.7075492 0.04155623 -0.7054412 0.7765737 -0.09645611 -0.622599 0.8366267 0.03092706 -0.5468998 0.8922244 -0.08284139 -0.4439289 0.9307904 0.02117502 -0.3649396 0.9804077 -0.01302731 -0.1965485 -0.7704873 -0.1004471 -0.6294917 -0.7042764 0.03741002 -0.7089396 -0.6211682 -0.0939399 -0.7780266 -0.5463718 0.03020632 -0.8369979 -0.4407742 -0.07880169 -0.8941525 -0.3626536 0.0155825 -0.9317938 -0.195224 -0.01586771 -0.9806304 -9.53502e-6 -2.81399e-6 1 -0.1657035 -0.01526403 0.9860576 -0.2405115 -0.06131249 0.9687079 -0.3626524 0.01557314 0.9317944 -0.4407781 -0.0787611 0.8941541 -0.5463786 0.03026157 0.8369915 -0.621156 -0.09392702 0.7780379 -0.70463 0.03985071 0.708455 -0.7705948 -0.08605635 0.6314888 -0.829671 0.08912795 0.5510918 -0.9712634 0.02347004 0.2368471 0.01486665 0.504723 -0.8631535 -0.1660402 0.457531 -0.8735538 -0.1282807 0.5476734 -0.8267999 -0.2995088 0.5521805 -0.778069 -0.3651348 0.5504801 -0.7507653 -0.4816719 0.4783659 -0.734274 -0.3651757 0.5505278 -0.7507103 -0.4817013 0.4784653 -0.7341899 -0.529856 0.5341023 -0.6587772 -0.624818 0.4693121 -0.6239781 -0.6601792 0.5313875 -0.5308398 -0.7394394 0.4675532 -0.4843795 -0.7623517 0.5237359 -0.3801588 -0.8163102 0.4796708 -0.3217977 -0.8132102 0.5569834 -0.1686969 -0.8446817 0.5067712 -0.1723245 -0.8620747 0.5065546 -0.01515829 -0.8292446 0.5437088 0.1293616 -0.8734753 0.4570645 0.1677288 -0.7864462 0.5389211 0.3017722 -0.757817 0.5388681 0.3678786 -0.7368649 0.4725795 0.4834239 -0.6582915 0.5343434 0.5302165 -0.623897 0.4706292 0.6239078 -0.6582035 0.5344349 0.5302335 -0.6238214 0.4707369 0.623902 -0.5306507 0.533126 0.6589283 -0.4833992 0.4739793 0.7359817 -0.3786097 0.5329119 0.7567428 -0.320703 0.4879589 0.8118163 -0.1675381 0.5598232 0.8114981 -0.1708291 0.5078074 0.8443632 -0.01486933 0.5047127 0.8631595 0.1282861 0.5451095 0.8284917 0.1660681 0.457513 0.8735578 0.3004251 0.5438794 0.7835432 0.3669645 0.5427154 0.7555112 0.4833729 0.4756108 0.7349456 0.3669924 0.5427742 0.7554554 0.4833883 0.4757192 0.7348654 0.5304663 0.5364423 0.6563805 0.6220368 0.4750953 0.6223782 0.654578 0.5402286 0.5288485 0.7312553 0.4835655 0.4810718 0.7531598 0.5394121 0.3765435 0.8104218 0.4907498 0.3199707 0.8127447 0.5579395 0.1677786 0.8444289 0.5078898 0.1702589 0.9247595 0.380243 -0.01534557 0.8303077 0.5423513 -0.1282356 0.8745537 0.4556818 -0.165861 0.7822439 0.5454396 -0.3009822 0.7533173 0.5461642 -0.3663574 0.7338361 0.4786577 -0.4820493 0.6565046 0.5372481 -0.5294963 0.6230989 0.4736267 -0.6224352 0.6564089 0.5373442 -0.5295175 0.6229961 0.4737423 -0.6224502 0.5296599 0.5374148 -0.6562361 0.481699 0.4800907 -0.7331296 0.3768569 0.5378381 -0.7541282 0.3198763 0.4906395 -0.8105258 0.1675982 0.5606689 -0.8109016 0.170836 0.507799 -0.8443669 0.895561 -0.01277965 -0.4447554 0.5034166 0.1472538 -0.8514036 0.7765048 0.2274888 -0.5876131 0.776498 0.2276117 -0.5875747 0.3795462 0.401888 -0.8333251 0.3528922 0.5548421 -0.7534039 0.9595322 0.1013071 -0.2627449 0.7995467 0.3263968 -0.504173 0.9929325 0.08111196 -0.08663743 -0.6753784 -0.4541742 -0.581025 -0.835379 -0.53749 -0.1150944 -0.8604255 -0.3289427 -0.3891847 -0.9744692 -0.2155903 -0.06269508 -0.9243629 -0.3109263 -0.2210842 -0.9889169 -0.09107649 -0.1172544 -0.9744498 -0.0240435 -0.2233151 -0.9150208 -0.02025866 -0.4028978 -0.9889058 -0.09110575 -0.1173247 -0.9984416 -0.009892404 -0.05492311 -0.9744462 -0.02404332 -0.2233307 -0.9984408 -0.009915292 -0.05493515 -0.9603719 -0.1288426 -0.2471544 4.38397e-4 -0.9993825 -0.03513687 2.18294e-4 -0.9998452 -0.01759785 -0.008719444 -0.9999585 0.002658963 -0.01316326 -0.9996819 0.02151823 -0.02625238 -0.9987342 0.04290562 -0.01607006 0.9998534 -0.00590831 -0.002920627 0.9999952 -0.001073122 0.00207746 0.9999977 4.76174e-4 0.01074206 0.9999357 0.003639638 0.01167559 0.9999264 0.003312647 -0.8100996 -0.4756633 0.3427581 -0.9224483 -0.1673063 0.347991 -0.6950953 -0.4153305 0.5868078 -0.6630825 -0.5149797 0.5432472 -0.8743858 -0.3431067 0.3431141 -0.820066 -0.4157749 0.3932215 0.6926509 -0.6854279 -0.2245513 0.6285699 -0.6880628 -0.3625873 0.7926001 -0.4234715 -0.4386993 0.5540631 -0.6900355 -0.4656879 0.6911751 -0.3798316 -0.6148211 0.4317549 -0.7132117 -0.5521928 0.5125627 -0.7017149 -0.4948492 0.4317704 -0.7132051 -0.5521891 0.3874733 -0.7201399 -0.5755545 0.3057754 -0.7164109 -0.627102 0.265394 -0.7048366 -0.6578536 0.1730501 -0.6975694 -0.6953061 0.3802722 -0.3819098 -0.8423408 0.1730208 -0.6975575 -0.6953253 0.1978892 -0.3761569 -0.9051773 0.02536946 -0.7020205 -0.7117047 0.1265646 -0.5519489 -0.8242173 0.0253688 -0.7020183 -0.7117069 0.02906388 -0.4542666 -0.8903916 -0.04759269 -0.5574634 -0.8288363 0.02527189 -0.7020283 -0.7117004 -0.1251607 -0.6960587 -0.7069916 0.005429685 -0.3801061 -0.924927 -0.1251677 -0.6960529 -0.7069961 -0.1873995 -0.3771296 -0.9070032 -0.2656842 -0.7048087 -0.6577665 -0.173473 -0.6975206 -0.6952498 -0.2656977 -0.7048178 -0.6577512 -0.305327 -0.7164098 -0.6273216 -0.3873037 -0.7201164 -0.5756981 -0.4322746 -0.7133479 -0.5516099 -0.5132516 -0.7017751 -0.4940492 -0.5376538 -0.3875199 -0.748837 -0.5132954 -0.7017556 -0.4940314 -0.6842645 -0.3785985 -0.6232538 -0.5968895 -0.7095287 -0.3745558 -0.546792 -0.6998593 -0.4595819 -0.5968981 -0.7095367 -0.3745269 -0.6231612 -0.7089918 -0.3301528 -0.6724426 -0.6990729 -0.2431421 -0.7966954 -0.3846541 -0.4661735 -0.6724416 -0.6990748 -0.2431395 -0.879482 -0.3767762 -0.290777 -0.7025024 -0.7046304 -0.09993201 -0.6892083 -0.6970037 -0.197934 -0.7024967 -0.7046414 -0.09989517 -0.700443 -0.7120011 -0.04933714 -0.702222 -0.7102487 0.04930657 -0.7023658 -0.704783 0.09981644 -0.8174567 -0.5599316 0.1350601 -0.702218 -0.7102482 0.04936951 -0.6739766 -0.7057144 0.2184554 -0.8968468 -0.376118 0.2328113 -0.8132923 -0.4971209 0.3023682 -0.6739591 -0.7057206 0.2184894 -0.7654674 -0.505755 0.397834 0.9152771 -0.2961241 -0.2730908 0.9262213 -0.3656073 -0.09189981 0.7365642 -0.6744199 -0.05129396 0.9269995 -0.361006 0.1017183 0.726482 -0.6796325 0.1016053 0.8816006 -0.3712725 0.2914403 0.7264765 -0.6796357 0.101624 0.8110736 -0.54505 0.2123211 0.6770166 -0.6933938 0.2466855 0.6769899 -0.6933914 0.2467654 0.8430601 -0.4437465 0.3038728 0.7469482 -0.5480027 0.3765123 0.6769889 -0.6933909 0.2467697 0.8006809 -0.3733306 0.4685449 0.615023 -0.6886334 0.3840975 0.6863371 -0.3723658 0.624728 0.5169138 -0.6955279 0.4990404 0.5391238 -0.3787679 0.7522501 0.516894 -0.6955364 0.4990488 0.526337 -0.5555394 0.6436966 0.3988479 -0.6993073 0.593203 0.3987793 -0.6993079 0.5932484 0.4997199 -0.4526633 0.7384958 0.3819601 -0.5495691 0.7430211 0.3988089 -0.6993063 0.5932303 0.3717585 -0.3744716 0.8494508 0.2713962 -0.688869 0.6721635 0.1880422 -0.3716478 0.9091304 0.1260682 -0.6870803 0.715561 -0.005071461 -0.3685728 0.929585 -0.02535969 -0.684322 0.7287389 -0.1981863 -0.3703716 0.9074949 -0.1756017 -0.6891035 0.703065 -0.3816733 -0.371487 0.8463587 -0.3152047 -0.6934363 0.6479137 -0.5488654 -0.3784077 0.7453553 -0.3152049 -0.6934433 0.6479061 -0.4491876 -0.5550338 0.7001201 -0.4405509 -0.6999669 0.5621044 -0.4406371 -0.6999623 0.5620425 -0.5481821 -0.4522264 0.7035537 -0.5878404 -0.5514842 0.5918689 -0.4406327 -0.6999536 0.5620567 -0.6920759 -0.375824 0.6162688 -0.5464799 -0.6999691 0.4597859 -0.7869125 -0.4372717 0.4353876 -0.5464896 -0.6999771 0.4597622 -0.6120834 -0.7073048 0.3536578 -0.6017788 -0.7192435 0.3472047 -0.6739401 -0.7057291 0.2185208 0.6336055 0.6420139 -0.431697 0.8229424 0.4780046 -0.3070464 0.9208798 0.3722162 -0.1159119 0.9582468 0.1625832 -0.2352229 -0.02057749 -0.9838255 0.177944 0.01547086 -0.9972503 -0.07247465 0.002987146 -0.9974364 -0.07149773 -0.07077187 -0.9070541 0.4150232 -0.2342609 -0.849282 0.4731194 -0.1638892 -0.9342286 0.3167924 -0.1750725 -0.9074482 0.3819519 -0.09613537 -0.9731462 0.2091519 -0.01537674 -0.9874545 0.1571533 -0.03202468 -0.9986218 -0.04158264 -0.05660837 -0.9350804 0.3498861 -0.03204971 -0.9986255 -0.04147225 -0.05014199 -0.9643781 0.2597321 0.3334635 0.743623 -0.5795059 0.3853196 0.6285341 -0.6756284 0.5050534 0.737825 -0.4478118 0.5784094 0.6382517 -0.5080132 0.5859126 0.6687588 -0.457677 -0.2266825 0.9665557 -0.1199383 -0.1250209 0.9887753 -0.0818125 -0.1167739 0.9832152 -0.1401842 -0.3238293 0.9220412 -0.2120722 -0.3906652 0.8844144 -0.2553269 -0.4577947 0.8773974 -0.1435201 -0.4085971 0.9126926 -0.006391942 -0.3164542 0.906636 -0.2790483 -0.01396059 0.9962225 -0.08570861 -0.1887134 0.9811576 -0.04143804 -0.2735527 0.957623 -0.09015101 -0.3892636 0.9204933 -0.03414773 -0.7985477 0.04340016 0.6003649 -0.9423089 -0.07646661 0.3258937 -0.9513598 0.04857885 0.304228 -0.8650058 -0.1894862 0.4646074 0.6533841 0.6037595 -0.4566878 0.5807422 0.4558609 -0.6744846 0.7155776 0.352998 -0.6027778 0.715606 0.3530734 -0.6026999 0.6302936 0.7195983 -0.2913903 0.5307878 0.7046452 -0.4708923 0.5536347 0.4229206 -0.717375 0.7550808 0.1324839 -0.6421067 0.7155908 0.3529947 -0.6027641 0.7156539 0.3530356 -0.6026653 0.8623921 0.2176792 -0.4570511 0.8708398 0.3858979 -0.3045014 0.7156842 0.3530254 -0.6026352 0.5859824 0.6687237 -0.4576389 0.6336072 0.6904159 -0.349096 -0.2843798 -0.8496789 0.4440427 -0.01910054 -0.9766508 0.2139823 -0.1146637 -0.9410384 0.3182753 -0.0252698 -0.9885181 0.1489753 -0.01902705 -0.9766719 0.2138925 -9.91391e-4 -0.9969558 0.07796472 -0.03733873 -0.999144 0.01780974 -0.007419466 0.9768516 0.2137897 0.06839436 0.9822988 0.1743885 -0.001921892 0.9931291 0.117008 0.03995567 0.9931122 0.1101454 -0.001282691 0.783312 0.6216276 -0.1728059 0.9190749 0.3541744 -0.00103271 0.7775959 0.6287636 -0.3623301 0.6332057 0.6839354 -0.001091241 0.7776 0.6287584 0.01227957 0.6214768 0.7833364 -0.04375106 -0.2918665 0.9554579 -0.01504611 -0.4034932 0.9148589 -0.008177459 -0.9542317 0.2989568 -0.008249938 -0.9542054 0.2990384 -3.52573e-4 -0.6193482 0.7851163 -0.2064645 -0.7978292 0.5664284 -0.08056092 -0.9663498 0.244291 0.003651618 -0.9999154 -0.01248168 0.005519509 -0.9999582 -0.007295072 0.008812904 -0.9997546 -0.02033138 0.008826255 -0.9997541 -0.02034854 0.005536973 -0.9999585 -0.007245361 0.01139283 -0.999643 -0.02416986 0.01541829 -0.9987974 -0.04654109 -0.007375955 0.9768219 0.2139269 0.3942356 0.6559452 0.6436726 0.3393316 0.8475539 0.408052 0.5009604 0.5963019 0.6272661 0.376164 0.3508498 0.8575577 0.6947882 0.2447094 0.6763038 0.5803819 0.3610342 0.7299392 -0.3989571 0.8763483 -0.269902 -0.5930575 0.7889423 -0.160789 -0.5518834 0.6993846 -0.4541871 -0.6410795 0.3745645 -0.6698647 -0.5931319 0.7888656 -0.1608905 -0.8510002 0.1724721 -0.4960363 0.4857592 0.03764224 0.8732817 0.5614356 -0.1015167 0.8212701 0.561432 -0.1015297 0.8212708 0.4115453 -0.3302583 0.8494469 0.5615034 -0.1016813 0.8212034 0.6216527 -0.2378926 0.7462942 -0.9993098 -0.03712934 -0.001122415 -0.9998243 -0.01873689 -5.64946e-4 -0.9998243 -0.01873731 -5.65463e-4 -0.9998249 -0.01870584 -5.6465e-4 -0.9998249 -0.01870584 -5.61274e-4 -1 -1.95164e-5 0 -0.4791192 -0.3780564 0.7921605 -0.1193877 -0.2354539 0.9645249 -0.0802831 -0.2052055 0.9754207 -0.01681917 -0.2172608 0.9759687 -0.00195384 -0.1436653 0.9896244 0.8545728 -0.4621236 -0.2369537 0.9869357 -0.1574285 -0.03426653 0.9869385 -0.157406 -0.03428941 0.9869596 -0.1572985 -0.03417795 0.9869605 -0.1573005 -0.03414118 0.9698355 0.1709288 0.1737883 0.1254282 0.9324333 -0.3388749 -0.01140856 0.999906 -0.007624626 -0.05552637 0.9811209 -0.1852528 0.00158745 0.999986 -0.00506699 -0.01140195 0.999906 -0.007619798 0.01086997 0.9999212 0.006295502 0.01699107 0.9998064 0.009921967 -0.04989922 0.9663522 0.2523363 0.01085871 0.9999212 0.006315886 0.005764186 0.9998309 0.01747024 -0.08695018 0.9869927 0.1352225 0.1305664 0.9912622 0.01875776 0.05792516 0.9912642 0.1184905 0.2008074 0.9702491 0.1352525 0.4966246 0.8073586 -0.3186476 0.1058019 0.9900398 -0.09288287 0.07430076 0.9953156 -0.06185841 0.03532183 0.9992659 0.0148434 0.01360428 0.9997383 -0.01839506 0.1758914 0.9623 -0.2074632 -0.8360236 0.126224 0.5339775 -0.946924 0.2741804 0.1678094 -0.9954841 0.008107841 0.09458279 -0.5389776 0.6565545 0.5276737 -0.5935195 0.3606785 0.719476 -0.8164783 0.3147589 0.4840353 -0.8359267 0.1262317 0.5341276 -0.5931389 0.2327476 0.7707236 -0.7367021 0.08687233 0.6706143 -0.7884467 0.2366367 0.5677632 -0.9693605 0.2069236 0.1323744 -0.9468887 0.2742714 0.1678603 -0.5975705 0.7902784 0.1355348 -0.7372571 0.6204233 0.2674452 -0.2326319 0.9709169 0.05659461 -0.5026177 0.8430904 0.1912438 -0.136866 0.9629969 0.232174 -0.006197452 -0.9991941 0.03965979 0.2081862 -0.9533244 0.2187038 -0.02474558 -0.9565531 0.2905065 0.2497584 -0.8701771 0.42475 -0.03350502 -0.852039 0.5224052 0.2353132 -0.7411029 0.6288039 -0.03356063 -0.8520119 0.5224457 0.1399246 -0.7500966 0.6463562 -0.04912483 -0.691056 0.72113 -0.0489844 -0.6909793 0.7212131 0.2353135 -0.7409977 0.6289276 0.2252584 -0.5650819 0.7936883 -0.04911583 -0.6909469 0.7212351 0.1223458 -0.5714305 0.8114794 -0.05171173 -0.4876819 0.8714886 -0.05160611 -0.487624 0.8715272 0.2252933 -0.564965 0.7937617 0.218361 -0.3541699 0.9093306 -0.05171829 -0.4875539 0.8715599 0.1107444 -0.3577111 0.9272424 -0.05218398 -0.2517331 0.9663889 -0.05205374 -0.2516562 0.9664159 0.218361 -0.3540289 0.9093856 0.2091853 -0.120437 0.9704312 -0.0522136 -0.2516136 0.9664183 0.09943616 -0.1213886 0.9876119 -0.05524849 -8.93812e-5 0.9984726 -0.05510175 1.30534e-5 0.9984808 0.2091782 -0.120287 0.9704512 0.2079513 0.120043 0.9707451 -0.05525124 5.76749e-5 0.9984726 0.09818619 0.1210867 0.987774 -0.0539664 0.2509111 0.9665046 -0.0538125 0.2509748 0.9664968 0.2079783 0.1201589 0.9707249 0.2190921 0.3541271 0.9091715 -0.05395871 0.2510162 0.9664778 0.111006 0.3576703 0.9272269 -0.04849302 0.487826 0.8715929 -0.04835832 0.4878946 0.871562 0.2191011 0.354228 0.90913 0.2299891 0.5647946 0.7925354 -0.04850578 0.4879697 0.8715119 0.1280089 0.5715713 0.810506 -0.04023832 0.6918246 0.7209436 -0.0401104 0.6918781 0.7208994 -0.04022192 0.6919576 0.7208168 0.09194046 0.7376957 0.6688438 -0.02996677 0.8520168 0.5226562 -0.0298509 0.8520317 0.5226386 0.3173058 0.7242466 0.6121961 0.1453467 0.8875702 0.4371424 -0.02996039 0.8521053 0.5225122 -0.002314984 0.9083577 0.4181878 -0.01660311 0.9683789 0.2489314 0.1453241 0.8876254 0.437038 -0.02204507 0.9601619 0.2785735 -0.01654577 0.9684029 0.2488416 0.1413172 0.9899644 3.29024e-4 -0.005661368 0.9992027 -0.03952342 0.2088146 0.9529856 -0.2195789 -0.02320665 0.9560202 -0.2923817 0.2523932 0.8685691 -0.4264803 -0.03318089 0.8514783 -0.5233391 0.2405754 0.7404969 -0.6275252 -0.03324741 0.8514394 -0.5233983 0.1461918 0.7498764 -0.6452234 -0.04194235 0.6929722 -0.7197433 -0.04182946 0.6928842 -0.7198346 0.2405869 0.7404145 -0.627618 0.2309318 0.5658628 -0.7914985 -0.04196429 0.6928446 -0.7198649 0.1282906 0.5726095 -0.8097284 -0.04945212 0.4885391 -0.8711395 -0.04930692 0.4884668 -0.8711882 0.2309304 0.5657766 -0.7915605 0.2264665 0.3534709 -0.9076185 -0.04945397 0.4884414 -0.8711943 0.1179544 0.3575724 -0.9264063 -0.0539177 0.2510201 -0.9664791 -0.05381476 0.250962 -0.9664999 0.2264598 0.3533204 -0.9076788 0.2225415 0.1197482 -0.967541 -0.05393105 0.2509124 -0.9665063 0.1123536 0.1208962 -0.9862864 -0.05521744 6.90084e-5 -0.9984744 -0.05510139 -1.3046e-5 -0.9984808 0.2225326 0.1195979 -0.9675617 0.2237362 -0.1198742 -0.9672499 -0.05524748 -7.81789e-5 -0.9984728 0.1135547 -0.1211756 -0.9861145 -0.05217343 -0.2516164 -0.9664198 -0.05205345 -0.2516711 -0.9664121 0.2237542 -0.1200093 -0.967229 0.2257373 -0.3532959 -0.9078683 -0.05216777 -0.2517587 -0.966383 0.1176719 -0.3575787 -0.9264399 -0.05266767 -0.4881784 -0.8711533 -0.05254352 -0.4882095 -0.8711434 0.2257484 -0.3534024 -0.9078241 0.2262116 -0.5659343 -0.7928094 -0.05268824 -0.4882926 -0.871088 0.1225973 -0.5724553 -0.8107188 -0.05084425 -0.6919632 -0.7201402 -0.05072897 -0.6919799 -0.7201322 -0.05086135 -0.6920568 -0.7200491 0.08699399 -0.7380539 -0.6691104 -0.03682279 -0.8514125 -0.5232024 -0.03672224 -0.851436 -0.5231714 0.3144587 -0.7247543 -0.6130635 0.1403554 -0.8889235 -0.4360224 -0.0368191 -0.8514866 -0.5230822 -0.009248375 -0.9092274 -0.416197 -0.01731979 -0.9687577 -0.2474039 -0.01728653 -0.9687779 -0.2473272 0.1403515 -0.8889932 -0.4358814 -0.02680224 -0.9608296 -0.2758411 0.1417566 -0.9899015 -5.25884e-4 -0.07598501 -0.9328174 -0.352247 -0.02685034 -0.9608005 -0.2759374 -0.009266197 -0.9092371 -0.4161755 0.5750114 0.3986424 -0.7144552 0.5451944 0.7996402 -0.2516717 0.5623736 0.703453 -0.4346147 0.2892386 0.9569218 0.02533191 -0.05756092 0.9324579 0.3566638 -0.02206367 0.9601473 0.2786225 -0.00231862 0.9083626 0.4181771 0.5707727 0.4000144 0.7170824 0.5628576 0.2072716 0.8001437 0.5586439 -5.44339e-5 0.8294076 0.563403 -0.2073698 0.7997342 0.5682389 -0.4000424 0.7190762 0.5683788 -0.4000669 0.718952 0.2947391 -0.5482018 0.7826901 0.5648816 -0.5696573 0.5969918 0.5647655 -0.5697373 0.5970254 0.5648874 -0.569701 0.5969449 0.302847 -0.7203679 0.6239822 0.5568889 -0.7073154 0.4354077 0.5567576 -0.7074027 0.4354336 0.5443798 -0.8005883 0.2504177 0.2871467 -0.9575411 -0.02572894 0.7287504 -0.20929 0.6520127 0.7287495 -0.2091191 0.6520686 0.2270729 -0.8962782 -0.3809508 0.5823672 -0.6143413 -0.5323846 0.3058564 -0.7207545 -0.622065 0.3249357 -0.475375 -0.817579 0.575165 0.3986174 -0.7143455 0.3003076 0.5487378 -0.7801938 0.567884 0.5692369 -0.5945395 0.5677275 0.5693283 -0.5946015 0.5678488 0.5693156 -0.5944977 0.3073856 0.7193968 -0.6228824 0.5624868 0.7033697 -0.4346028 0 -1 1.8263e-6 0 -1 1.35431e-7 0 -1 1.32129e-6 0 -1 4.32601e-6 0 -1 -3.17861e-6 0 -1 -1.07369e-6 0 -1 5.23034e-7 0 -1 -1.07057e-6 0 -1 1.073e-6 0 -1 4.3157e-6 0 -1 -4.40622e-6 0 -1 1.35866e-7 0 -1 -1.46603e-6 0 -1 -4.19056e-6 0 -1 -7.69212e-7 0 -1 3.15731e-6 0 -1 -4.54645e-6 0 -1 3.12318e-6 0 -1 -5.30472e-7 -0.1592825 -0.9872244 0.004135966 0 -1 -4.16445e-6 0 -1 4.54612e-6 0 -1 -4.21528e-6 0 -1 1.30132e-6 0.9929297 0.08113557 -0.08664751 0.8272915 0.469542 -0.3084139 0.9503193 0.2920739 -0.1076388 0.8860231 0.4349082 -0.16068 0.4635566 0.7473307 -0.476038 0.5171645 0.7885402 -0.3327845 0.9503272 0.2920901 -0.1075252 0.7202544 0.666372 -0.1928266 0.7112433 0.7029459 0 -0.8744901 0.3776829 0.3043398 -0.9492563 0.02385747 0.3135974 -0.9032806 0.1187224 0.4122975 -0.9032937 0.1186082 0.4123014 -0.9437136 -0.2059701 0.2588071 -0.8543252 -0.1516733 0.4971153 -0.8092294 0.06920367 0.5834027 -0.7356716 -0.1587571 0.6584706 -0.6854186 0.03635615 0.7272412 -0.5931624 -0.1245473 0.7953907 -0.5363321 -0.01103258 0.8439349 -0.4847494 -0.1036165 0.868494 -0.4807655 0 0.8768492 0.2232048 -0.9579885 0.1801045 0.2232141 -0.9579861 0.1801061 0.23469 -0.9466482 0.2208567 0.08309221 -0.9941263 0.06934523 0.2232008 -0.9579895 0.1801038 0.08307218 -0.9941287 0.06933474 0.01586633 -0.9998052 0.01174253 -0.0390821 0.02899253 -0.9988153 -0.02213048 0.002759575 -0.9997513 -0.01588732 -0.008197426 -0.9998402 -0.215468 -0.0505191 -0.9752032 -0.3910527 -0.09263271 -0.9156948 -0.5617502 -0.1184301 -0.8187863 -0.5142003 -0.1455556 -0.8452287 0.004214584 0.9998707 0.01552134 0.001218736 0.9999494 0.009988129 8.47758e-4 0.9999814 0.006056964 -0.001503109 0.9999989 1.80097e-4 0 1 -8.05205e-7 -0.001332759 0.9999991 1.59508e-4 0 1 6.74393e-7 0 1 4.30156e-7 0.01146161 0.9999336 -0.001280546 0.01130682 0.9999353 -0.001263916 0.01148152 0.9999333 -0.001281797 0 1 -4.31606e-7 0 1 -6.7714e-7 0 1 0 0 1 4.52957e-7 -0.001387476 0.9999991 -8.64099e-5 0 1 6.34631e-7 -0.001339614 0.9999991 -8.34438e-5 -6.41181e-4 0.9999812 -0.006101787 -6.18073e-4 0.9999812 -0.006119847 -0.001309216 0.9999992 -6.43582e-5 -0.001252651 0.999948 -0.01012623 2.55548e-4 0.9998782 -0.01561343 -2.82223e-4 0.9998776 0.01564669 6.2086e-4 0.9999812 0.006105244 0.00135684 0.9999991 7.26021e-5 0.001388192 0.9999991 7.4216e-5 6.25347e-4 0.9999812 0.006104111 0.001340389 0.9999991 7.1703e-5 0 1 7.9809e-7 0 1 0 0 1 3.37222e-7 0 1 3.27699e-7 -0.0113846 0.9999344 0.001286029 -0.01128071 0.9999356 0.00127536 -0.01142078 0.999934 0.001291096 0 1 -3.28671e-7 0.001331329 0.9999991 -1.70729e-4 0.001336097 0.9999992 -1.71491e-4 -8.79487e-4 0.999981 -0.006108522 -0.004246652 0.9998684 -0.01565998 -0.04566842 0.9989433 0.005163252 0.04594326 0.9989309 -0.005135834 0.6966289 -0.09002006 0.7117615 0.6513759 -0.3808644 0.6562407 0.6176481 0.034509 0.7856971 0.61757 0.03459841 0.7857547 0.6175719 0.03459739 0.7857532 0.5218349 0.1580474 0.8382777 -0.9492756 0.02380895 0.3135432 -0.9886674 -0.1137058 0.09802007 -0.995059 0.005062043 0.09915715 -0.9944379 -0.1053255 -8.18223e-5 -0.9950667 0.00497967 0.09908485 -0.9944332 -0.1053696 -1.43803e-4 -0.9912794 -0.06418192 -0.115091 -0.9906281 -0.107753 -0.08393579 -0.9710353 0.05300897 -0.232982 0.9984262 -0.05605858 -0.001650035 0.9552948 -0.2746307 -0.1094985 0.9999995 7.38081e-4 6.84435e-4 0.9833306 -0.1488363 -0.1044445 1 -1.12105e-5 0 0.9827791 -0.07040292 -0.1708471 0.9823502 -0.07171136 0.1727593 0.9550106 -0.07675874 -0.2864661 0.9534046 -0.07834839 0.2913442 0.9555493 -1.56127e-5 -0.2948315 0.9534913 -5.05596e-5 0.3014206 0.9551244 0.0767318 -0.2860939 0.95352 0.07823908 0.2909953 0.9829108 0.07035583 -0.1701074 0.9824854 0.07165867 0.1720103 1 2.97397e-6 0 0.9833895 0.1486783 0.1041153 0.9999995 -7.86063e-4 -7.09075e-4 0.9561941 0.2717267 0.1088925 0.9984421 0.05577278 0.001709401 0.928235 0.3338462 0.1640931 0.9984405 0.05580133 0.001710653 0.9264808 0.3711194 0.06247997 0.4783809 -0.2012003 0.8547924 0.3376886 0.002287805 0.9412551 0.2549408 -0.1710682 0.9517043 0.1393964 -0.006137311 0.9902178 0.06640744 -0.1805955 0.9813131 -0.07778471 -0.05479544 0.9954633 -0.1263197 -0.09146326 0.9877641 -0.2865292 -0.02389377 0.9577736 -0.3644201 -0.08650922 0.9272077 -0.4815894 -0.04305028 0.875339 -0.5464721 -0.09551101 0.8320133 -0.6484307 -0.03708046 0.7603701 -0.6964957 -0.2286282 0.6801639 -0.7004273 -0.03711831 0.712758 -0.6484896 -0.03704744 0.7603216 -0.7883213 -0.001511991 0.6152622 -0.8278172 -0.1751623 0.5329511 -0.8999993 -0.0628255 0.4313404 -0.7929728 -0.302731 0.5287232 -0.9000065 -0.06286156 0.4313201 -0.8993521 -0.2063729 0.3854559 -0.9697446 -0.06297612 0.2358593 -0.9651995 -0.2163814 0.1468646 -0.9988233 -0.03160369 0.03678798 -0.9597678 -0.2795376 -0.02654469 -0.9848513 -0.008741855 -0.1731806 -0.9627656 -0.1701454 -0.2100781 -0.926903 -0.02104866 -0.3747107 -0.8830198 -0.1426354 -0.4471369 -0.8294028 -0.01073396 -0.5585481 -0.7784464 -0.2092946 -0.5917913 -0.6941595 -0.009290397 -0.7197613 -0.6261019 -0.2711132 -0.731091 -0.523983 -0.04762244 -0.8503965 -0.4800873 -0.1921514 -0.855917 -0.3399665 0.01149964 -0.9403674 -0.2559662 -0.1649006 -0.9525173 -0.1394174 -0.01237463 -0.9901564 -0.06626743 -0.1797837 -0.9814716 0.07786774 -0.0608989 -0.995102 0.1263951 -0.07899773 -0.9888294 0.2872809 -0.01416617 -0.9577417 0.3649401 -0.07475364 -0.9280251 0.4808456 -0.0331012 -0.8761803 0.5456619 -0.09385132 -0.8327335 0.6484074 -0.04243642 -0.7601099 0.6973791 -0.2277739 -0.6795451 0.7012684 -0.04090857 -0.7117227 0.6484789 -0.04236459 -0.760053 0.7888108 0.001787781 -0.6146335 0.8303211 -0.1597722 -0.5338913 0.8996101 -0.05937778 -0.4326385 0.8996248 -0.05943292 -0.4326002 0.9699543 -0.05693632 -0.236531 0.9822453 -0.09893488 -0.1593928 0.9972341 -0.06938821 -0.02663606 0.996712 -0.06888073 0.04266965 0.9845422 -0.02610087 0.173192 0.9505576 -0.1834271 0.2505889 0.9273198 -0.008347213 0.374177 0.8744441 -0.2512351 0.4150042 0.829059 -0.007345259 0.5591132 0.7765609 -0.2138118 0.5926532 0.6947073 -0.01588684 0.7191171 0.6286286 -0.2679081 0.7301037 0.5245077 -0.04176431 0.8503807 -0.02947735 -0.05847078 0.9978538 -0.6393693 -0.6376537 0.4296566 -0.9597166 -0.2797096 -0.02658325 -0.5180153 -0.8551018 -0.02147519 -0.6832858 -0.7222699 0.1069901 -0.3212958 -0.9461048 0.04067862 -0.5178771 -0.8551866 -0.02143627 -0.1818547 -0.9829174 0.02832269 -0.4546447 -0.8875041 0.0750665 -0.8849471 -0.4202351 -0.2006769 -0.6523786 -0.6819541 -0.3306674 -0.8459337 -0.3667241 -0.3871816 -0.760509 -0.3179528 -0.5661555 -0.5163278 -0.7366532 -0.4367468 -0.7604702 -0.3179697 -0.5661984 -0.60172 -0.3909192 -0.6965022 -0.1055162 -0.9023904 -0.4178012 -0.2546443 -0.3194575 -0.9127449 -0.07043713 -0.3089864 -0.9484546 0.02883875 -0.02241665 -0.9993327 0.4617678 -0.8761668 0.1382107 0.9113162 -0.3409667 0.2307479 0.8530411 -0.3455929 0.3910069 0.6444861 -0.6880291 0.3335471 0.8530447 -0.3455857 0.3910056 0.7599496 -0.3181146 0.5668154 -0.1914697 -0.9780682 0.08198845 -0.4624404 -0.8730751 0.1545597 -0.9053595 -0.3435959 0.2495316 -0.7946954 -0.5781382 0.184974 -0.4548126 -0.8874176 0.07507199 -0.8862947 -0.4342108 0.1610673 -0.9054374 -0.343387 0.2495367 -0.8863793 -0.4340394 0.1610645 -0.9972243 -0.07183641 0.01957827 -0.8478984 -0.4778478 0.22963 -0.7270531 -0.5023398 0.4680263 -0.4625635 -0.8730025 0.1546015 -0.7715988 -0.4350036 0.4641199 -0.4054948 -0.8821965 0.2393814 -0.1783437 -0.9806839 0.08032858 -0.239251 -0.9541244 0.1800155 -0.4055675 -0.8821259 0.2395179 -0.7269973 -0.5023509 0.468101 -0.6774548 -0.6112829 0.4091312 -0.6774921 -0.6112394 0.4091344 -0.7715608 -0.4350308 0.4641577 -0.6181966 -0.5495002 0.5620344 -0.5481222 -0.7209373 0.4240419 -0.556264 -0.6310335 0.5407098 -0.3300799 -0.904804 0.2690297 -0.1039356 -0.9759002 0.1918755 -0.3283798 -0.8655124 0.3782263 -0.2689333 -0.8183335 0.5079421 -0.5217967 -0.3400952 0.7823449 -0.2689344 -0.8182551 0.5080678 -0.4657423 -0.5902333 0.6593245 -0.2766851 -0.557605 0.7826378 -0.3100296 -0.3624853 0.8789119 -0.1351038 -0.8554406 0.4999685 -0.04239559 -0.9838089 0.1741346 0.1030229 -0.7734337 0.6254492 -0.06554913 -0.5806757 0.8114919 0.01346647 -0.719151 0.6947234 0.1181571 -0.5371236 0.835187 0.01346021 -0.719156 0.6947183 0.1126631 -0.6178889 0.778152 0.06087827 -0.7864286 0.6146738 -0.01594579 -0.981432 0.1911471 -0.04256093 -0.8430334 0.5361747 -0.0786615 -0.4128816 0.9073815 -0.06563013 -0.580678 0.8114837 -0.1351013 -0.8553435 0.5001351 -0.276632 -0.5576163 0.7826487 0.01162743 -0.9796532 0.200361 -0.04176503 -0.9790539 0.1992715 -0.06025058 -0.9807254 0.1858695 -0.7400627 -0.4890148 0.4617053 -0.3581141 -0.9019504 0.2413297 -0.4064686 -0.801757 0.4381429 -0.2818461 -0.9246802 0.2559872 -0.2391681 -0.9541597 0.1799386 -0.1126729 -0.9863053 0.1204437 -0.08563417 -0.9873333 0.1335656 -0.2383585 -0.9562824 0.1694381 -0.1126734 -0.9863051 0.1204456 -0.3299626 -0.9048787 0.2689223 -0.3284797 -0.8654205 0.3783499 -0.4191518 -0.8407924 0.3426078 -0.6181554 -0.5495151 0.5620651 -0.3284966 -0.8654152 0.378347 -0.5562211 -0.6310469 0.5407384 -0.4657766 -0.5902559 0.6592801 -0.5218541 -0.3399006 0.7823913 -0.6182122 -0.5493986 0.5621165 -0.7333086 -0.1004137 0.6724401 -0.007111489 -0.998392 -0.05624079 -0.007136762 -0.9998328 -0.01684117 -0.001107931 -0.9999256 -0.01215052 0.001889646 -0.9999485 0.009981632 0.01091426 -0.9999368 -0.002715945 0.5799364 0.2038757 -0.7887386 0.2947983 0.1159467 -0.9484991 0.8933951 0.1124373 -0.4349749 0.8931946 -3.33041e-5 -0.4496704 0.5781912 -6.91377e-5 -0.8159013 0.2961922 -0.1162853 -0.9480232 0.8932026 -3.80874e-5 -0.4496546 0.8934534 -0.1125248 -0.4348327 0.5804496 -0.2040358 -0.7883195 0.2970281 -0.3420518 -0.8915014 0.8934578 -0.112549 -0.4348171 0.8909692 -0.2207649 -0.3967831 0.5724875 -0.3986907 -0.7164523 0.0350176 0 0.9993867 0.2420664 -1.67606e-5 0.9702597 0.3674924 -0.2959111 0.881695 0.4375702 -6.60392e-6 0.8991843 0.4376243 -3.31759e-6 0.899158 0.3717909 -0.3743312 0.8494985 0.5417945 -0.3004686 0.7849697 0.6154628 -6.70601e-6 0.788166 0.6155543 -3.37039e-6 0.7880945 0.5679495 -0.301015 0.766044 0.6863914 -0.3721914 0.6247724 0.7661572 -1.67356e-5 0.6426532 0.8157817 -0.2956675 0.4970726 0.8827748 -6.63118e-6 0.4697963 0.8828129 -3.33366e-6 0.4697251 0.8007339 -0.373218 0.4685441 0.901929 -0.2943693 0.3160237 0.9614475 -6.70827e-6 0.2749887 0.9614846 -3.37038e-6 0.2748589 0.9124633 -0.2932111 0.2853738 0.9976019 -1.20128e-5 0.06921285 0.9903282 0 -0.1387453 0.9398332 0 -0.3416337 0.8480499 -1.68099e-5 -0.5299163 0.7242431 -0.297006 -0.6223016 0.7193981 0 -0.694598 0.6155281 0 -0.7881151 0.5583765 0 -0.8295877 0.4061661 -0.1825197 -0.8953858 0.3740876 0 -0.9273934 0.2203651 -0.2966941 -0.9291996 0.1736806 -6.64929e-6 -0.9848021 0.1735901 -3.34054e-6 -0.984818 0.1979032 -0.3760206 -0.9052308 0.02224904 -0.3013532 -0.953253 -0.0349617 -6.67838e-5 -0.9993887 -0.03506153 -3.34514e-6 -0.9993852 -0.009566128 -0.3014282 -0.953441 -0.1768615 -0.2966759 -0.938458 -0.2420966 0 -0.9702522 -0.3740907 0 -0.9273922 -0.4376124 4.66199e-6 -0.8991637 -0.5720116 -0.1828547 -0.7996043 -0.6166944 -1.36612e-5 -0.7872028 -0.6949698 -0.2969971 -0.6548357 -0.76549 0 -0.6434479 -0.8478008 -0.1820955 -0.4980714 -0.8836556 0 -0.4681378 -0.9017138 -0.295957 -0.3151536 -0.9611498 -2.15259e-5 -0.2760273 -0.990019 1.22289e-5 -0.1409342 -0.9975144 0 -0.07046353 -0.9975282 3.37268e-6 0.07026761 -0.9900779 -6.71281e-6 0.1405201 -0.9900611 -3.37268e-6 0.1406389 -0.9466852 -0.3027617 0.1101025 -0.9483275 -0.1836673 0.2587302 -0.940021 -6.50868e-6 0.3411166 -0.9399887 -3.27168e-6 0.3412054 -0.936994 -0.1853121 0.2961448 -0.8375099 -0.2993012 0.4571611 -0.8475146 -6.81256e-6 0.5307722 -0.8474453 -3.42317e-6 0.5308828 -0.8552423 -0.1826823 0.4849617 -0.7239749 -0.2970237 0.6226053 -0.7198776 -6.48373e-6 0.6941012 -0.7197974 -3.25791e-6 0.6941841 -0.6921014 -0.3756487 0.6163471 -0.5792208 -0.3005182 0.7577548 -0.559061 -6.77629e-6 0.8291265 -0.5589691 -3.40482e-6 0.8291885 -0.5530561 -0.3001209 0.7772107 -0.3740951 1.33206e-5 0.9273903 -0.1736207 -1.20847e-5 0.9848127 -0.2953926 -0.6831704 -0.6678484 -0.07855051 -0.9534456 -0.2911552 -0.04661959 -0.4917382 -0.8694942 -0.07309466 -0.7138897 -0.696433 -0.07845717 -0.9534255 -0.2912461 0.02801817 -0.8747022 -0.4838504 -0.0465548 -0.4916509 -0.8695471 0.121933 -0.5115843 -0.8505374 -0.007792711 -0.2383238 -0.9711545 -0.4260552 0.605122 -0.6725358 -0.1390584 0.6630194 -0.7355734 -0.0684843 0.9399083 -0.3344882 -0.1389513 0.6629243 -0.7356793 -0.1516718 0.2808293 -0.9476975 -0.001635551 0.4179798 -0.9084549 -0.6579437 -0.2414164 -0.713322 -0.8224142 -0.270712 -0.5003498 -0.4853419 -0.6155629 -0.6209073 -0.4852719 -0.6156737 -0.620852 -0.697633 -0.5289139 -0.4832787 -0.560574 -0.6576271 -0.5032728 -0.1547803 -0.7146664 -0.6821254 -0.9155111 -0.1590402 -0.3695209 -0.9878122 -0.1429654 -0.06154662 -0.9431076 -0.2074006 -0.2598713 -0.8960215 -0.2865445 -0.3391725 -0.9430662 -0.2074384 -0.2599911 -0.6377953 -0.5061804 -0.580516 -0.6579756 -0.2414453 -0.7132828 -0.6264246 -0.1231863 -0.7696866 -0.6461668 -0.1076006 -0.755573 -0.4075978 -0.07785618 -0.9098365 -0.1936843 -0.09094744 -0.9768393 -0.1783792 -0.1924177 -0.9649644 -0.2206561 -0.08722531 -0.9714436 -0.337769 -0.2185259 -0.91551 -0.9925559 -0.09890604 0.07106715 -0.9719671 -0.01165473 0.2348278 -0.8607786 -0.2102201 0.4635384 -0.7738498 -0.2854701 0.5653878 -0.7167507 -0.03661668 0.6963675 -0.960969 -0.2624333 0.08756303 -0.8957994 -0.3665781 0.2513244 -0.7655066 -0.228479 0.6014957 -0.9361572 -0.2403816 0.2565664 -0.9024577 -0.2807102 0.3267601 -0.6720771 -0.270353 0.6893633 -0.7175309 -0.603318 0.348076 -0.6031715 -0.5377064 0.5891147 -0.7902361 -0.5228459 0.3196236 -0.6123304 -0.4449804 0.6534861 -0.9996775 0.02539175 -2.82739e-4 -0.9866039 0.011379 -0.1627367 -0.9547502 -0.1700171 -0.2440214 -0.9240815 -0.2592489 -0.2808266 -0.986567 0.01137882 -0.1629606 -0.8556784 -0.1862089 -0.4828467 -0.7597086 -0.2843822 -0.5847817 -0.6815032 -0.114193 -0.7228509 -0.9934089 -0.1034979 -0.04926669 -0.9860646 -0.1660993 0.009366154 -0.9865875 0.01133942 -0.1628395 -0.9995386 -0.0303623 9.05026e-4 -0.9719817 -0.0116713 0.2347667 -0.4155974 -0.253524 0.8735013 -0.3876335 -0.263025 0.8834921 -0.9240645 -0.2593609 -0.2807792 -0.8467377 -0.4831073 -0.2228064 -0.9609737 -0.2624495 0.08746308 -0.8668252 -0.4080822 -0.2865018 -0.8759372 -0.3256016 -0.3559744 -0.7597041 -0.2845354 -0.5847131 -0.4474976 -0.1703575 -0.877909 -0.5723176 -0.296563 -0.764528 -0.7596723 -0.2845489 -0.5847479 -0.6027935 -0.341107 -0.7213086 -0.8106717 -0.4910045 -0.3189453 -0.2883755 -0.1040707 -0.9518451 -0.4313914 -0.2408819 -0.8694122 -0.4540542 -0.3856431 -0.80319 -0.3721671 -0.4009532 -0.8370951 -0.4474549 -0.1704515 -0.8779125 -0.2231634 -0.3656298 -0.9036111 -0.3035194 -0.03127384 -0.9523119 -0.3496326 -0.1546329 -0.9240377 -0.3496359 -0.1548228 -0.9240047 -0.3233964 -0.2623189 -0.9091774 -0.4437536 -0.5440624 -0.7120948 -0.874311 -0.1109238 -0.4725211 -0.3088786 -0.002612292 0.951098 -0.6521183 -0.12311 0.7480547 -0.4737032 -0.1751954 0.8630829 -0.4738098 -0.1753026 0.8630025 -0.9337573 -0.2994292 0.1960602 -0.9261167 -0.2808892 -0.2518121 -0.7731837 -0.6309643 0.06380426 -0.8307638 -0.540495 0.1330289 -0.9064675 -0.3613357 0.2185255 -0.7235249 -0.4707655 0.504868 -0.9208672 -0.3663803 -0.1333015 -0.7271597 -0.6679266 -0.1584705 -0.82226 -0.5646637 -0.07101655 -0.9140809 -0.4055153 0.003711402 -0.8479514 -0.4997313 0.1767685 -0.9260641 -0.2809461 -0.251942 -0.6924057 -0.5847156 -0.4227082 -0.7790708 -0.5862092 -0.222278 -0.8835043 -0.3706231 -0.2864588 -0.8351243 -0.5288816 -0.1511679 -0.6615571 -0.2454367 -0.7085923 -0.5339046 -0.4361428 -0.7243794 -0.7668123 -0.4751492 -0.4315462 -0.6103259 -0.3149833 -0.7268342 -0.5722668 -0.296422 -0.7646207 -0.3502348 -0.1078227 -0.9304354 -0.3501701 -0.1076743 -0.9304769 -0.5439339 -0.2437879 -0.8029344 -0.431338 -0.2407091 -0.8694864 -0.3878484 -0.190499 -0.9018226 -0.8737376 -0.3557152 -0.3317368 -0.6642732 -0.1979156 -0.7208124 -0.9344196 -0.2247479 -0.2763122 -0.6616269 -0.2453666 -0.7085514 -0.005845665 -0.07820367 -0.9969203 -0.3135359 -0.3431312 -0.8854131 -0.3501049 -0.1077571 -0.9304918 -0.4829957 -0.3304052 -0.8108932 -0.8645986 -0.2526344 -0.4343329 -0.8834679 -0.3706215 -0.2865734 -0.7944772 -0.2759138 -0.5409969 -0.8263181 -0.09418767 -0.5552722 -0.686869 -0.2791188 -0.6710467 -0.3585219 -0.3834913 -0.8511149 -0.7358735 -0.1242265 -0.665626 -0.1714679 -0.08208709 -0.981764 -0.4892912 -0.02477157 -0.8717687 -0.3064092 -0.1134592 -0.945114 -0.3083021 -0.1684502 -0.9362555 -0.1258327 -0.05618655 -0.9904591 -0.492075 -0.4910719 -0.7188259 -0.7412844 -0.3332595 -0.582611 -0.3084276 -0.1685063 -0.9362041 -0.3084684 -0.1684027 -0.9362093 -0.5250517 -0.1624226 -0.8354279 -0.5569599 -0.08507823 -0.8261703 -0.4228054 -0.09722656 -0.9009899 -0.2835103 -0.2694634 -0.9203323 -0.5115365 -0.4142026 0.7528392 -0.5251117 -0.7378943 0.4239925 -0.9008021 -0.3668019 0.2324046 -0.7054973 -0.5987545 0.379166 -0.5250993 -0.7379573 0.4238983 -0.6552118 -0.7431718 0.1356223 -0.9008027 -0.3668494 0.2323275 -0.7994418 -0.5857543 0.1333604 -0.9429315 -0.332755 -0.01242423 -0.7727378 -0.5961222 -0.2179785 -0.7690905 -0.6386922 -0.02391922 -0.415967 -0.8462312 -0.3329628 -0.6422877 -0.6431629 -0.4169029 -0.86831 -0.4202109 -0.2635535 -0.7726903 -0.5961298 -0.2181264 -0.7133175 -0.4793916 -0.5112357 -0.6422714 -0.643079 -0.4170575 -0.3696913 -0.6161211 -0.6955022 -0.5159673 -0.3974748 -0.7588093 -0.7540295 -0.3003516 -0.5841478 -0.7132993 -0.4793063 -0.511341 -0.5388449 -0.2420158 -0.8068919 -0.5159295 -0.3973368 -0.7589073 -0.9897087 -0.01908326 0.1418191 -0.852487 -0.05239158 0.5201166 -0.9298243 -0.1628295 0.3300203 -0.9297884 -0.1628423 0.330115 -0.6807784 -0.0833218 0.7277351 -0.611014 -0.3760732 0.6965853 -0.8042378 -0.2630686 0.5329133 -0.4161287 -0.4858514 0.7686256 -0.7054545 -0.5987024 0.3793277 -0.2935966 -0.10667 0.9499593 -0.6806747 -0.08324056 0.7278413 -0.836561 -0.2100788 0.5059967 -0.9013653 -0.1602096 0.4023349 -0.1476862 -0.04829478 0.9878544 -0.05735927 -0.2471284 0.9672836 -0.03975743 -0.4302099 0.901853 -0.2644854 -0.4927577 0.8289978 -0.05742758 -0.2473256 0.9672291 6.1129e-4 -0.7169868 0.6970865 -0.1590576 -0.4712721 0.8675271 7.26178e-4 -0.7170488 0.6970226 0.03108018 -0.8573355 0.5138189 -0.2924287 -0.8218356 0.4889496 6.22686e-4 -0.7170902 0.6969802 -0.02055394 -0.9484447 0.3162754 0.03101438 -0.8574274 0.5136696 -0.02052175 -0.9484748 0.3161872 0.02274644 -0.9911425 0.130841 -0.1717913 -0.9724795 0.1573892 -0.02054327 -0.9485091 0.3160832 -0.01386737 -0.9906414 -0.1357845 0.02278286 -0.9911655 0.1306605 -0.01379358 -0.9906362 -0.1358299 -0.1283981 -0.9225459 -0.3638998 -0.1284098 -0.9224989 -0.3640148 -0.205201 -0.9568865 -0.2055745 -0.2016175 -0.7857086 -0.5848185 -0.1283798 -0.9224888 -0.3640511 -0.01398581 -0.785673 -0.618484 -0.1142023 -0.6569879 -0.7452012 -0.1142328 -0.656919 -0.7452572 -0.2015449 -0.7461588 -0.6345287 -0.2217568 -0.3955289 -0.8912805 -0.1141878 -0.6568971 -0.7452834 -0.08183062 -0.3553966 -0.9311267 -0.1691409 -0.2475795 -0.9539895 -0.1712998 -0.08210033 -0.9817923 -0.1257083 -0.05622011 -0.990473 -0.1472777 0.007630586 -0.9890658 -0.3866857 -0.02999055 -0.9217238 -0.6975201 -0.6741986 -0.2427386 -0.8834393 -0.3707267 -0.2865256 -0.5342469 -0.7002112 -0.4735869 -0.520821 -0.6079738 -0.5992608 -0.8834315 -0.3706819 -0.2866076 -0.5459411 -0.3919501 -0.7404887 -0.8478936 -0.4997882 0.1768848 -0.7825651 -0.4766492 0.4004964 -0.8780029 -0.3716454 0.3016468 -0.9345737 -0.1927354 0.2990404 -0.9064707 -0.3612806 0.2186029 -0.9346252 -0.1925993 0.2989673 -0.9657769 -0.07038205 0.249643 -0.9487934 -0.02575576 0.3148456 -0.9128634 -0.1563242 0.3771513 -0.8845837 -0.0985769 0.4558446 -0.7972537 -0.05663353 0.6009818 -0.7766115 -0.1016891 0.6217187 -0.6662558 -0.04511094 0.7443576 -0.4429556 -0.02838832 0.896094 -0.7602751 -0.04089069 0.6483131 -0.5025379 -0.03118455 0.8639926 -0.3964829 -0.00505352 0.9180283 -0.6662582 -0.04513633 0.744354 -0.4841885 -0.01154839 0.8748876 -0.4911278 -0.4616843 0.7386752 -0.3263437 -0.300171 0.8963242 -0.3875056 -0.2629895 0.8835586 -0.1010842 -0.0645461 0.9927819 -0.2549791 -0.1421776 0.9564368 -0.4156017 -0.2534362 0.8735247 -0.1011806 -0.06448101 0.9927763 -0.2017057 -0.2679001 0.9420958 -0.4225149 -0.3325951 0.8431261 -0.239586 -0.2810735 0.9292989 -0.7024652 -0.4498307 0.5515389 -0.4095553 -0.03260236 0.9117026 -0.1145485 -0.2401431 0.9639555 -0.1145022 -0.2402731 0.9639285 -0.1010874 -0.06453961 0.992782 -0.04925334 -0.06153792 0.9968888 -0.4840221 -0.01252907 0.8749661 0.873635 -0.2845922 -0.3946761 0.6503081 -0.3190034 -0.6894465 0.78574 -0.2089332 -0.5822025 0.7857398 -0.2088298 -0.5822399 0.5328524 -0.2639779 -0.8039802 0.6067046 -0.1835046 -0.773457 0.9612729 -0.09357798 -0.2592253 0.8219388 -0.1271227 -0.5552087 0.9648723 0.0206061 -0.2619104 -0.5013667 0.1637558 -0.8495973 -0.3234444 0.1217365 -0.9383838 -0.08005458 0.05785429 -0.9951102 0.2369602 0.1746605 -0.9556902 -0.0798977 0.058016 -0.9951134 0.3625354 0.1127535 -0.9251242 0.7994968 1.39026e-5 0.6006703 0.6929663 -7.77964e-6 0.7209701 0.6321445 3.8929e-6 0.7748506 0.500229 0 0.8658933 0.4292441 -1.53771e-5 0.9031885 0.2788936 0 0.960322 0.1994771 -1.56851e-5 0.9799025 0.03984028 0 0.9992061 -0.04029536 0 0.9991878 -0.1993513 -3.88789e-6 0.9799281 -0.2782027 0 0.9605225 -0.4284278 0 0.9035761 -0.4998239 1.62572e-5 0.8661271 -0.6321319 2.16626e-6 0.7748609 -0.4998769 -2.14856e-6 0.8660965 -0.6321418 1.65605e-6 0.7748527 -0.692968 0 0.7209684 -0.7995068 0 0.6006571 -0.8452621 -1.54267e-6 0.534352 -0.9197648 0 0.3924701 -0.9484407 0 0.3169547 -0.9869725 1.55218e-5 0.1608896 -0.9967554 -1.55218e-5 0.080491 -0.9967383 -1.55629e-5 -0.08070212 -0.9869043 1.62293e-5 -0.1613078 -0.9483149 9.81521e-6 -0.3173308 -0.9868938 -9.88971e-6 -0.1613716 -0.9483039 -1.10465e-6 -0.3173638 -0.9196797 -1.54396e-5 -0.3926695 -0.8452638 0 -0.5343493 -0.7995091 0 -0.600654 -0.6929943 0 -0.7209431 -0.6321735 -1.55631e-5 -0.774827 -0.4998383 -1.93345e-5 -0.8661189 -0.4284513 -5.40357e-6 -0.9035649 -0.2790383 -1.38476e-5 -0.9602801 -0.2011487 0 -0.9795607 -0.04120999 1.56935e-6 -0.9991506 0.04074406 -1.56936e-6 -0.9991697 0.2012693 0 -0.9795359 0.2797724 1.39582e-5 -0.9600664 0.4292668 0 -0.9031777 0.5001977 1.94957e-6 -0.8659113 0.6321186 2.53599e-6 -0.7748717 0.5002346 -2.48384e-6 -0.86589 0.6321684 1.25088e-6 -0.774831 0.6929925 -1.55824e-5 -0.7209448 0.7995004 1.54392e-5 -0.6006655 0.8452565 1.93095e-5 -0.534361 0.9196855 0 -0.392656 0.9483088 0 -0.3173492 0.9868984 1.55822e-5 -0.1613432 0.9967396 0 -0.08068525 0.9967567 1.55092e-6 0.08047419 0.98697 1.68631e-5 0.1609047 0.9484522 8.50577e-6 0.3169205 0.9869642 -8.52067e-6 0.1609406 0.9484453 1.64309e-5 0.3169409 0.9197707 0 0.3924562 0.8452534 0 0.5343658 0.02129918 -0.9796298 -0.1996796 0.01171869 -0.9999313 -2.81636e-4 0.02248513 -0.9989195 0.04067397 0.01260954 -0.97095 0.2389501 0.02383196 -0.9605609 0.2770468 0.01342946 -0.8858832 0.4637141 0.02368611 -0.8654119 0.5005011 0.01315259 -0.7483898 0.6631288 0.02489739 -0.7209499 0.6925398 0.01392996 -0.5691891 0.8220887 0.02407687 -0.5356624 0.844089 0.01359111 -0.3559637 0.934401 0.02237528 -0.3163077 0.9483928 0.01348346 -0.1203797 0.9926364 0.02350872 -0.08007997 0.9965113 0.01364529 0.1203886 0.9926331 0.02503412 0.1601194 0.9867802 0.01463407 0.3535646 0.9352958 0.02534216 0.3915886 0.9197914 0.01336026 0.56755 0.8232307 0.02122819 0.6007599 0.7991477 0.01315033 0.7482005 0.6633424 0.02446335 0.7741408 0.6325407 0.01532554 0.8849265 0.4654784 0.02652847 0.902796 0.42925 0.01385056 0.9705871 0.2403513 0.02205079 0.9796004 0.1997423 0.0122708 0.999924 0.001286327 0.02229696 0.998927 -0.04059171 0.01232564 0.9707663 -0.2397101 0.02424913 0.9603037 -0.2779009 0.01458454 0.8857866 -0.4638636 0.02544766 0.8660115 -0.4993762 0.01420217 0.748982 -0.6624381 0.02367699 0.7208495 -0.6926872 0.01321649 0.5685456 -0.8225457 0.02286875 0.5338855 -0.8452475 0.01341396 0.3553649 -0.9346314 0.02366566 0.3173507 -0.948013 0.0135895 0.1214836 -0.9925005 0.02350616 0.0806657 -0.9964641 0.01398271 -0.1198775 -0.9926903 0.02350872 -0.160899 -0.9866909 0.01270014 -0.3544905 -0.9349734 0.02251631 -0.3921532 -0.9196245 0.01340776 -0.5678962 -0.8229911 0.02500176 -0.6007908 -0.7990153 0.01355409 -0.7477076 -0.6638898 0.02413606 -0.7740389 -0.632678 0.01218485 -0.8849476 -0.4655312 0.02127265 -0.9035109 -0.4280369 0.01193112 -0.9708218 -0.2395051 -0.09320992 -0.9662162 -0.2402878 -0.09305351 -0.9938512 -0.06000798 5.79495e-4 -0.9797322 0.2003111 -0.08909547 -0.8831391 0.4605728 -0.08908879 -0.7837466 0.614658 -0.07000076 -0.5671215 0.8206542 -0.06827825 -0.4089034 0.9100199 -0.07544881 -0.1215294 0.9897162 -0.07566249 0.06057643 0.9952918 -0.07318013 0.3518273 0.9332 -0.07320338 0.515676 0.8536507 -0.1019628 0.743126 0.6613376 -0.101719 0.8522305 0.5131827 -0.05213242 0.9691597 0.2408565 -0.05193531 0.9967233 0.06201171 0.001227855 0.9797854 -0.2000481 -0.1031664 0.8816087 -0.4605682 -0.1024869 0.7826063 -0.6140229 -0.07976692 0.5681281 -0.8190652 -0.08015012 0.4089938 -0.9090105 -0.06120085 0.1215787 -0.9906933 -0.06101256 -0.06053102 -0.9962999 0.09796583 -0.08790844 -0.9912996 0.1882846 -0.2961664 -0.9363943 0.1874381 -0.3481711 -0.9185009 -0.08143264 -0.5643623 -0.8215011 -0.08222341 -0.7046384 -0.7047866 0.001440465 -0.8653207 -0.5012168 -0.3714196 -0.9216449 -0.112331 -0.3279145 -0.6258456 -0.7076648 -0.2507081 0 -0.9680628 -0.3232699 0.4409049 -0.8373169 -0.4101427 0.7510496 -0.5174047 -0.2174798 0.9688684 0.118307 -0.4081968 0.7518051 0.5178461 -0.2963457 0.4430742 0.8460878 -0.3081848 0 0.9513266 -0.2792941 -0.4442877 0.8512362 -0.356388 -0.7694668 0.5300081 -0.9261243 -0.280802 -0.2518809 -0.9854225 -0.1429399 0.09225428 -0.8966221 -0.3618435 -0.2552217 -0.8668709 -0.4080702 -0.2863805 -0.9210814 -0.3644235 0.1371303 -0.960951 -0.2625395 0.08744359</float_array>
          <technique_common>
            <accessor source="#polygons_006-mesh-normals-array" count="4035" stride="3">
              <param name="X" type="float"/>
              <param name="Y" type="float"/>
              <param name="Z" type="float"/>
            </accessor>
          </technique_common>
        </source>
        <vertices id="polygons_006-mesh-vertices">
          <input semantic="POSITION" source="#polygons_006-mesh-positions"/>
        </vertices>
        <triangles material="Surface_1_009-material" count="2835">
          <input semantic="VERTEX" source="#polygons_006-mesh-vertices" offset="0"/>
          <input semantic="NORMAL" source="#polygons_006-mesh-normals" offset="1"/>
          <p>0 0 1 1 2 2 3 3 4 4 5 5 6 6 7 6 8 6 6 7 9 7 7 7 8 8 2 8 1 8 10 9 11 10 4 11 12 12 13 12 14 12 14 13 13 13 15 13 16 14 9 14 6 14 17 15 18 16 19 17 20 18 18 19 21 20 22 21 23 22 24 23 25 24 26 24 27 24 28 25 29 26 30 27 31 28 15 29 32 30 33 31 34 31 35 31 15 32 31 33 14 34 36 35 5 36 37 37 38 38 39 39 40 40 41 41 42 42 43 43 44 44 45 45 46 46 47 47 48 48 49 49 35 50 50 51 51 52 45 53 52 54 46 55 53 56 54 57 55 58 56 59 57 59 58 59 56 60 59 61 60 62 60 63 59 63 61 64 20 65 62 65 63 65 64 66 63 66 65 66 18 67 20 68 64 69 63 70 64 71 20 70 66 72 67 72 68 72 69 73 70 73 71 73 67 74 66 75 72 76 73 77 74 78 11 79 75 80 76 80 77 80 78 81 79 82 80 83 68 84 81 84 66 85 82 86 62 86 20 86 83 87 84 88 85 89 86 90 87 91 88 92 89 93 90 94 91 95 92 96 93 96 94 96 95 97 96 97 97 97 98 98 96 98 95 98 98 99 99 99 96 99 100 100 101 100 99 100 100 101 99 102 98 103 101 104 100 104 102 104 103 105 104 105 105 105 106 106 105 107 107 108 108 109 109 110 110 111 111 112 112 113 113 114 108 115 104 115 103 115 112 116 114 117 113 118 115 119 116 120 117 121 118 122 119 123 120 124 105 125 106 126 103 127 121 128 122 128 123 128 124 129 125 130 126 131 127 132 128 133 129 134 130 135 127 136 131 137 131 138 127 139 129 140 132 141 133 142 134 143 134 143 133 142 135 144 134 143 135 144 136 145 136 145 135 144 137 146 136 145 137 146 138 147 138 147 137 146 139 148 138 147 139 148 140 149 140 149 139 148 141 150 140 149 141 150 142 151 142 151 141 150 143 152 142 151 143 152 144 153 144 153 143 152 145 154 144 153 145 154 146 155 146 155 145 154 147 156 146 155 147 156 148 157 148 157 147 156 120 158 148 157 120 158 149 159 149 159 120 158 119 160 149 159 119 160 150 161 150 161 119 160 151 162 150 161 151 162 152 163 152 163 151 162 153 164 152 163 153 164 154 165 154 165 153 164 155 166 154 165 155 166 156 167 156 167 155 166 80 168 156 167 80 168 157 169 157 169 80 168 79 170 157 169 79 170 158 171 158 171 79 170 91 172 158 171 91 172 159 173 159 173 91 172 90 174 159 173 90 174 160 175 160 175 90 174 161 176 160 175 161 176 162 177 162 177 161 176 163 178 162 177 163 178 164 179 164 179 163 178 165 180 164 179 165 180 166 181 166 181 165 180 167 182 166 181 167 182 168 183 168 183 167 182 169 184 168 183 169 184 130 185 130 185 169 184 170 186 130 185 170 186 127 187 127 187 170 186 124 129 127 187 124 129 128 188 128 188 124 129 126 131 128 133 126 189 129 134 134 143 171 190 132 141 89 191 161 176 90 174 161 192 172 193 163 194 163 194 172 193 173 195 163 178 173 196 165 180 167 182 165 180 173 197 124 129 170 186 174 198 174 199 170 200 169 201 175 202 176 202 177 202 177 203 176 203 178 203 175 204 107 205 176 206 108 207 178 207 104 207 177 208 178 208 108 208 107 209 175 209 106 209 179 210 180 211 181 212 182 213 183 214 184 214 95 215 97 215 185 215 119 216 118 217 186 218 187 219 188 219 189 219 185 220 97 220 190 220 191 221 189 221 183 221 183 222 182 222 191 222 189 223 191 223 187 223 192 224 193 225 194 226 195 227 196 228 197 229 198 230 199 231 200 232 201 233 202 233 203 233 204 234 205 234 206 234 204 234 206 234 207 234 207 234 206 234 208 234 207 234 208 234 209 234 209 234 208 234 210 234 209 234 210 234 211 234 211 234 210 234 212 234 211 234 212 234 213 234 213 234 212 234 214 234 213 234 214 234 215 234 215 234 214 234 216 234 215 234 216 234 217 234 217 234 216 234 218 234 217 234 218 234 219 234 219 234 218 234 220 234 219 234 220 234 221 234 221 234 220 234 222 234 221 234 222 234 223 234 223 234 222 234 224 234 223 234 224 234 225 234 225 234 224 234 226 234 225 234 226 234 227 234 227 234 226 234 228 234 227 234 228 234 229 234 230 235 231 235 232 235 231 236 230 236 188 236 188 237 187 237 231 237 230 238 232 238 184 238 182 239 184 239 232 239 117 240 233 241 115 242 234 243 233 243 117 243 235 244 236 244 237 244 237 245 238 245 235 245 236 246 239 247 240 248 241 249 242 249 243 249 244 250 245 251 246 252 247 253 238 253 237 253 248 254 249 255 250 256 251 257 252 258 253 259 254 260 255 261 256 262 256 262 255 261 242 263 252 258 251 257 242 264 242 264 251 257 253 265 242 263 253 266 256 262 257 267 258 268 259 269 260 270 261 271 262 272 263 273 264 274 265 275 265 275 264 276 266 277 266 277 264 276 267 278 268 279 266 277 59 280 59 280 266 277 267 281 59 282 267 283 61 284 269 285 263 273 270 286 270 286 263 273 265 275 270 286 265 275 271 287 271 287 265 275 266 277 271 287 266 277 272 288 272 288 266 277 268 279 272 288 268 279 273 289 274 290 263 291 275 292 275 293 263 273 269 285 276 294 277 295 278 296 279 297 280 297 281 297 282 298 283 299 284 300 48 301 284 302 283 303 285 304 286 305 287 306 288 307 289 308 290 309 291 310 262 311 125 312 261 313 125 314 262 315 292 316 293 317 294 318 292 316 294 318 295 319 295 319 294 318 296 320 295 319 296 321 297 322 297 322 296 321 298 323 297 322 298 323 299 324 299 324 298 323 22 325 299 324 22 325 300 326 300 326 22 325 24 327 300 326 24 327 301 328 301 328 24 327 302 329 301 328 302 329 303 330 303 330 302 329 304 234 303 330 304 234 305 234 305 234 304 234 306 331 305 234 306 331 307 332 23 333 22 334 298 335 308 336 309 337 310 338 243 339 311 339 312 339 307 340 306 341 313 342 307 340 313 342 314 343 314 344 313 345 315 346 314 344 315 346 316 347 316 347 315 346 317 348 316 347 317 348 318 349 318 349 317 348 319 350 318 349 319 350 320 351 321 352 322 353 323 354 321 352 323 354 324 355 324 355 323 354 325 356 324 355 325 356 326 357 326 357 325 356 327 358 326 357 327 358 328 359 328 359 327 358 329 360 328 359 329 360 330 361 325 356 331 362 327 358 329 360 327 358 332 363 332 364 327 358 331 362 333 365 334 366 335 365 336 367 337 368 338 369 339 370 340 371 341 372 336 373 338 374 342 375 343 376 344 376 345 376 346 377 347 377 348 377 345 378 348 378 343 378 346 379 348 379 345 379 337 380 349 381 350 382 351 383 333 383 352 384 236 385 235 385 239 385 353 386 354 387 355 388 356 389 145 390 143 391 357 392 358 393 359 394 340 395 339 396 360 397 358 398 357 399 361 400 362 401 363 402 364 403 365 404 357 405 366 406 365 407 367 408 357 409 329 410 368 411 369 412 329 413 332 414 368 415 370 416 371 417 372 418 373 419 374 420 375 421 345 234 372 234 371 234 376 422 372 423 377 424 378 425 377 426 379 427 380 428 381 429 382 430 383 431 347 432 346 433 384 434 321 435 385 436 386 437 387 438 388 439 192 440 389 441 390 442 391 443 392 444 393 445 394 446 395 447 393 448 393 449 395 450 180 451 393 445 180 452 391 443 180 453 395 454 181 455 181 455 395 454 396 456 395 454 394 457 396 456 180 458 397 459 391 460 391 460 397 459 398 461 391 460 398 461 399 462 399 462 398 461 400 463 399 462 400 463 401 464 400 465 402 466 401 467 401 467 402 466 403 468 401 467 403 468 404 469 404 469 403 468 405 470 404 469 405 470 406 471 406 472 405 473 407 474 392 475 399 476 408 477 408 477 399 476 401 478 409 479 410 480 411 481 392 482 391 483 399 484 412 485 413 486 414 487 412 488 414 489 415 490 415 491 414 492 416 493 415 494 416 495 417 496 324 355 385 497 321 352 418 498 401 498 419 498 406 499 407 499 420 499 421 500 422 500 423 501 424 502 425 503 426 504 419 505 425 506 418 507 427 508 428 509 429 510 430 511 419 512 401 513 431 514 430 515 404 516 423 517 432 518 421 519 421 519 432 518 431 520 421 519 431 520 406 521 406 522 431 514 404 516 401 523 404 524 430 525 433 526 434 527 435 528 436 529 437 530 438 531 439 532 440 533 441 534 440 535 442 536 380 537 443 538 444 539 445 540 441 541 440 542 446 543 446 544 440 545 380 546 380 547 443 548 446 543 446 543 443 548 445 549 446 543 445 549 441 541 441 541 445 549 444 550 441 541 444 550 447 551 448 552 433 553 449 554 450 555 451 556 452 557 171 558 453 559 454 559 385 560 324 561 326 562 455 563 337 564 336 565 455 563 336 565 456 566 456 566 336 565 457 567 456 566 457 567 458 568 458 568 457 567 454 569 458 568 454 569 453 570 336 571 459 572 457 573 390 574 389 575 457 567 457 567 389 575 454 569 453 570 460 576 458 568 460 576 453 570 461 577 461 577 453 570 462 578 461 579 462 580 463 581 464 582 465 583 466 584 467 585 468 585 469 586 199 587 198 588 470 589 466 590 471 591 472 592 136 593 138 594 463 595 171 596 134 597 453 598 453 599 134 600 136 601 453 599 136 601 462 602 462 602 136 601 463 603 473 604 437 605 436 606 474 607 475 608 476 609 59 610 56 611 477 612 268 613 59 614 478 615 478 615 59 614 477 616 88 617 67 618 479 619 67 620 88 621 68 622 68 622 88 621 87 623 68 624 87 625 83 625 480 626 481 627 482 628 483 629 121 630 480 631 480 632 121 633 123 634 480 632 123 634 481 635 117 636 484 637 234 638 484 637 117 636 485 639 485 640 117 641 116 642 485 640 116 642 486 643 487 644 481 645 122 646 487 644 122 646 488 647 488 647 122 646 121 648 488 649 121 650 489 651 488 647 490 652 487 644 487 644 490 652 491 653 492 654 493 655 494 656 495 657 496 658 494 659 494 659 496 658 497 660 494 656 497 661 492 654 498 662 495 663 493 664 493 665 495 657 494 659 496 666 277 667 497 668 497 668 277 667 499 669 497 670 499 671 492 654 500 672 501 673 502 674 502 674 501 673 503 675 502 676 503 677 504 678 429 679 505 680 500 681 500 681 505 680 506 682 500 681 506 682 501 673 501 673 506 682 492 654 501 673 492 654 503 675 503 675 492 654 499 671 503 677 499 683 504 678 429 679 507 684 505 680 505 680 507 684 508 685 505 680 508 685 506 686 506 686 508 685 509 687 506 688 509 689 510 690 511 691 493 655 512 692 512 692 493 655 492 654 512 692 492 654 513 693 513 693 492 654 506 682 264 694 263 695 514 696 274 697 198 698 263 699 263 700 198 701 200 702 263 703 200 704 514 705 515 706 516 707 517 708 518 709 519 710 520 711 520 711 519 710 342 712 520 713 342 714 338 715 521 716 516 717 520 718 520 711 516 707 515 706 520 711 515 706 518 709 261 719 260 720 522 721 261 719 522 721 125 722 125 722 522 721 523 723 125 722 523 723 126 724 523 725 522 726 524 727 525 728 288 729 290 730 526 731 478 732 527 733 527 733 478 732 477 734 56 735 58 736 477 737 57 738 528 739 58 740 58 741 528 742 289 743 58 744 289 745 477 746 477 747 289 748 288 749 477 750 288 751 527 733 527 733 288 751 525 752 527 733 525 752 526 731 523 753 529 754 530 755 529 756 286 757 530 758 530 758 286 757 531 759 530 758 531 759 532 760 532 760 531 759 533 761 532 760 533 761 129 762 129 762 533 761 534 59 129 762 534 59 131 763 287 764 286 765 535 766 535 767 286 757 529 756 285 768 536 769 286 757 286 757 536 769 537 770 286 757 537 770 531 759 538 771 539 772 540 773 540 773 475 774 538 771 538 771 475 774 451 775 538 771 451 775 450 776 450 776 541 777 538 771 538 771 541 777 542 778 538 771 542 778 539 779 543 780 544 781 545 782 543 780 545 782 546 783 546 783 545 782 547 784 546 783 547 784 548 785 548 785 547 784 334 786 548 785 334 786 333 787 549 788 550 789 551 790 471 591 466 590 552 791 552 791 466 590 553 792 552 791 553 792 554 793 554 793 553 792 555 794 554 793 555 794 549 795 549 795 555 794 556 796 549 795 556 796 550 797 557 798 471 591 552 791 471 799 557 800 558 801 558 801 557 800 559 802 558 801 559 802 560 803 558 801 560 803 334 804 334 804 560 803 335 805 561 806 384 807 562 808 561 806 562 808 491 809 491 809 562 808 563 810 491 809 563 810 564 811 562 808 384 807 563 810 491 809 564 811 487 812 487 813 564 814 482 815 487 816 482 817 481 818 491 809 490 819 561 806 561 806 490 819 565 820 561 821 565 822 384 823 180 824 566 825 397 826 567 827 565 828 568 829 568 830 565 831 490 832 568 833 490 834 179 835 179 836 490 837 488 838 179 839 488 840 180 841 180 841 488 840 489 842 180 843 489 844 566 845 311 846 567 847 312 848 312 849 567 850 568 851 566 852 569 853 397 854 397 854 569 853 398 855 398 855 569 853 402 856 398 855 402 856 400 857 570 858 112 859 111 860 111 860 381 861 570 858 570 858 381 861 380 862 570 858 380 862 442 863 570 858 442 863 426 864 426 864 571 865 570 858 570 858 571 865 572 866 570 858 572 866 112 867 573 868 467 869 574 870 575 871 576 872 574 870 574 870 576 872 577 873 574 870 577 873 573 868 575 871 574 870 578 874 578 874 574 870 467 875 578 874 467 875 469 876 88 877 579 878 86 879 579 880 88 881 580 882 580 882 88 881 479 883 580 884 479 885 581 886 291 887 174 888 582 889 167 890 173 891 169 892 169 893 173 894 233 895 234 896 582 897 233 898 233 899 582 889 174 888 233 895 174 900 169 893 583 901 291 902 484 903 484 903 291 902 582 897 484 903 582 897 234 896 258 268 257 267 583 904 583 905 257 906 262 907 583 901 262 908 291 902 421 909 507 910 422 911 422 911 507 910 423 912 423 912 507 910 429 913 423 912 429 913 584 914 585 915 193 916 192 917 193 916 585 915 586 918 586 918 585 915 587 919 586 918 587 919 459 920 459 920 587 919 390 921 459 922 390 923 457 924 192 925 390 921 585 915 585 915 390 921 587 919 459 926 588 927 586 918 586 918 588 927 193 916 589 928 590 929 591 930 592 931 593 932 594 933 594 933 593 932 591 930 594 933 591 930 595 934 595 934 591 930 590 929 595 934 590 929 596 935 596 935 590 929 293 317 596 935 293 317 292 316 597 936 598 937 599 938 599 938 598 937 600 939 601 940 602 941 603 942 603 942 602 941 604 943 605 944 606 945 374 946 374 946 606 945 607 947 374 946 607 947 375 948 375 948 607 947 608 949 375 950 608 951 609 952 609 952 608 951 320 953 609 952 320 953 319 954 610 955 602 941 605 944 605 944 602 941 601 940 605 944 601 940 606 945 611 956 599 938 604 943 604 943 599 938 600 939 604 943 600 939 603 942 612 957 593 932 597 936 597 936 593 932 592 931 597 936 592 931 598 937 613 958 614 959 615 960 616 961 617 962 618 963 618 963 617 962 619 964 618 963 619 964 620 965 620 965 619 964 621 966 622 967 623 968 624 969 624 969 623 968 625 970 626 971 627 972 628 973 628 973 627 972 629 974 630 963 631 975 632 976 632 976 631 975 633 977 634 978 635 979 636 980 636 980 635 979 637 981 636 980 637 981 638 982 638 982 637 981 639 983 638 982 639 983 433 984 433 984 639 983 640 963 433 984 640 963 641 985 433 984 641 985 449 986 449 986 641 985 642 987 449 986 642 987 643 988 643 988 642 987 644 963 643 988 644 963 645 963 645 963 614 959 643 988 643 988 614 959 613 958 643 988 613 958 646 989 647 990 613 958 648 991 648 991 613 958 615 960 648 991 615 960 649 963 650 992 651 993 619 964 619 964 651 993 648 991 619 964 648 991 621 966 621 966 648 991 649 963 652 994 653 995 617 962 617 962 653 995 654 996 617 962 654 996 619 964 619 964 654 996 655 997 656 998 657 999 623 968 623 968 657 999 617 962 623 968 617 962 625 970 625 970 617 962 616 961 658 1000 623 968 627 972 627 972 623 968 622 967 627 972 622 967 629 974 627 972 659 1001 658 1000 660 1002 627 972 633 977 633 977 627 972 626 971 633 977 626 971 632 976 631 975 661 1003 633 977 662 1004 663 1005 636 980 636 980 663 1005 631 975 636 980 631 975 634 978 634 978 631 975 630 963 643 988 664 1006 449 986 665 1007 666 1008 667 1009 667 1009 666 1008 636 980 667 1009 636 980 638 982 654 996 668 1010 655 997 669 1011 308 1012 670 1013 308 1012 669 1011 309 1014 309 1015 669 1016 671 1017 309 1015 671 1017 672 1018 309 1015 672 1018 673 1019 673 1019 672 1018 674 1020 308 1012 675 1021 670 1013 670 1013 675 1021 676 1022 670 1013 676 1022 677 1023 310 1024 675 1025 308 1026 305 1027 678 1028 679 1029 680 1030 301 1031 679 1032 679 1032 301 1031 303 1033 679 1032 303 1033 305 1034 305 1027 307 1035 678 1028 678 1028 307 1035 314 1036 678 1028 314 1036 681 1037 681 1037 314 1036 316 1038 681 1037 316 1038 682 1039 682 1040 316 1041 318 1042 682 1043 318 1044 683 1045 683 1045 318 1044 320 1046 683 1045 320 1046 608 1047 608 1048 684 1049 683 1050 608 1051 607 1052 684 1053 684 1053 607 1052 606 1054 684 1053 606 1054 685 1055 685 1055 606 1054 601 1056 685 1057 601 1058 686 1059 686 1059 601 1058 603 1060 686 1059 603 1060 687 1061 687 1061 603 1060 600 1062 687 1061 600 1062 688 1063 688 1063 600 1062 598 1064 688 1063 598 1064 689 1065 689 1065 598 1064 592 1066 689 1065 592 1066 690 1067 690 1067 592 1066 691 1068 691 1068 592 1066 594 1069 691 1068 594 1069 692 1070 692 1070 594 1069 595 1071 692 1070 595 1071 693 1072 693 1072 595 1071 596 1073 693 1072 596 1073 694 1074 694 1074 596 1073 292 1075 694 1074 292 1075 295 1076 694 1077 295 1078 695 1079 695 1080 295 1081 297 1082 695 1080 297 1082 299 1083 696 1084 341 1085 340 1086 403 1087 341 1085 405 1088 405 1088 341 1085 696 1084 405 1088 696 1084 407 1089 402 1090 697 1091 403 1092 403 1092 697 1091 698 1093 403 1087 698 1094 341 1085 699 1095 700 1096 701 1097 702 1098 701 1097 703 1099 703 1099 701 1097 700 1096 704 1100 705 1101 701 1097 701 1097 705 1101 706 1102 701 1097 706 1102 699 1095 707 1103 708 1104 709 1105 709 1105 708 1104 710 1106 709 1105 710 1106 711 1107 712 1108 713 1109 709 1105 709 1105 713 1109 714 1110 709 1105 714 1110 707 1103 715 1111 699 1095 714 1110 714 1110 699 1095 706 1102 714 1110 706 1102 707 1103 707 1103 706 1102 716 1112 356 1113 143 1114 717 1115 143 1116 141 1117 717 1118 717 1118 141 1117 139 1119 717 1120 139 1121 718 1122 718 1122 139 1121 719 1123 139 1124 137 1125 719 1126 719 1126 137 1125 720 1127 137 146 135 144 720 1128 720 1129 135 144 133 142 720 1130 133 1131 132 1132 721 963 686 963 687 963 721 1133 687 1133 722 1133 722 1134 687 1134 688 1134 722 1135 688 1136 689 1137 723 1138 724 1139 693 1139 693 963 724 963 725 963 693 1140 725 1140 692 1140 692 963 725 963 726 963 692 963 726 963 691 963 691 1141 726 1141 727 1141 691 963 727 963 690 963 690 963 727 963 728 963 690 963 728 963 689 963 689 963 728 963 729 963 689 1142 729 1142 722 1142 679 1143 730 1143 680 1144 680 1145 730 963 731 1146 680 1145 731 1146 299 1147 299 1147 731 1146 732 1148 299 1147 732 1148 695 1149 695 1149 732 1148 295 1150 694 1151 295 1152 723 1153 694 1151 723 1153 693 963 679 963 733 963 730 963 721 963 734 963 686 963 686 963 734 963 735 963 686 1154 735 1154 685 1154 685 1155 735 1156 736 1157 685 1155 736 1157 684 1158 684 1158 736 1157 608 1159 683 1160 608 1161 737 1162 683 1160 737 1162 682 963 682 963 737 1163 738 963 682 963 738 963 681 963 681 963 738 963 739 963 681 963 739 963 678 963 678 1164 739 1164 740 1164 678 963 740 963 679 963 679 963 740 963 741 963 679 963 741 963 733 963 198 1165 742 1166 470 1167 274 1168 409 1169 198 1170 198 1170 409 1169 411 1171 198 1170 411 1171 742 1172 742 1172 411 1171 743 1173 742 1166 743 1174 470 1167 510 1175 513 1176 506 1177 744 1178 340 1179 509 1180 509 1181 340 1182 360 1183 509 1181 360 1183 510 1175 510 1175 360 1183 745 1184 510 1175 745 1184 513 1176 513 1176 745 1184 746 1185 513 1176 746 1185 512 1186 512 1186 746 1185 747 1187 512 1188 747 1189 511 1190 509 1191 508 1192 744 1193 744 1193 508 1192 420 1194 420 1195 508 1196 406 1197 406 1197 508 1196 507 1198 406 1197 507 1198 421 1199 748 1200 610 1201 749 1202 748 1200 612 1203 610 1201 610 1201 612 1203 611 1204 610 1201 611 1204 604 1205 750 1206 751 1207 589 1208 589 1208 751 1207 752 1209 589 1208 752 1209 753 1210 754 1211 755 1212 756 1213 756 1213 755 1212 757 1214 756 1213 757 1214 758 1215 754 1211 759 1216 755 1212 755 1212 759 1216 760 1217 755 1212 760 1217 23 1218 23 1218 760 1217 761 1219 23 1218 761 1219 762 1220 23 1218 762 1220 24 1221 24 1221 762 1220 763 1222 24 1221 763 1222 764 1223 765 1224 315 1225 766 1226 766 1226 315 1225 767 1227 768 1228 373 1229 769 1230 769 1230 373 1229 765 1224 769 1230 765 1224 770 963 770 963 765 1224 766 1226 768 1228 771 1231 373 1229 373 1229 771 1231 772 1232 373 1229 772 1232 374 1233 374 1233 772 1232 773 1234 374 1233 773 1234 774 1235 605 1236 374 1233 610 1201 610 1201 374 1233 774 1235 610 1201 774 1235 749 1202 610 1201 604 1205 602 1237 597 1238 599 1239 612 1203 612 1203 599 1239 611 1204 591 1240 593 1241 589 1208 589 1208 593 1241 612 1203 589 1208 612 1203 750 1206 750 1206 612 1203 748 1200 590 1242 589 1208 757 1214 757 1214 589 1208 753 1210 757 1214 753 1210 758 1215 302 1243 24 1221 775 1244 775 1244 24 1221 764 1223 775 1244 764 1223 776 1245 776 1246 764 1247 777 1248 776 1246 777 1248 315 1225 315 1225 777 1248 778 1249 315 1225 778 1249 767 1227 389 1250 171 1251 454 1252 171 1253 389 1254 244 250 244 1255 389 1256 192 1257 244 1258 192 1259 194 1260 171 1253 244 250 132 1261 132 1261 244 250 246 252 7 1262 13 1263 8 1264 8 1264 13 1263 12 1265 779 1266 780 1267 29 1268 29 1269 780 1270 781 1271 68 1272 83 1273 81 1274 81 1275 83 1276 85 1277 37 1278 781 1279 782 1280 782 1281 781 1282 780 1283 483 1284 566 1285 121 1286 121 1287 566 1288 489 1289 291 1290 125 1291 174 1292 174 1293 125 1294 124 1295 783 1296 240 1297 784 1298 784 1299 240 1300 239 1301 785 1302 786 1303 330 1304 330 1304 786 1303 328 1305 328 1305 786 1303 326 1306 326 1306 786 1303 787 1307 326 1306 787 1307 385 1308 461 287 463 287 788 287 788 1309 463 1309 138 1309 789 1310 790 1311 791 1312 791 1313 790 1314 792 1315 793 1316 344 1317 794 1318 794 1318 344 1317 343 1319 52 1320 282 1321 795 1322 795 1323 282 1324 796 1325 35 1326 51 1327 33 1328 33 1329 51 1330 797 1331 293 1332 755 1332 294 1332 294 1333 755 1333 296 1333 71 1334 797 1335 69 1336 69 1336 797 1335 51 1337 131 287 534 287 130 287 130 287 534 287 798 287 523 1338 530 1339 126 1340 126 1340 530 1339 532 1341 126 1340 532 1341 129 1342 188 1343 230 1344 799 1345 799 1345 230 1344 310 1346 230 1344 184 1347 310 1346 310 1346 184 1347 183 1348 310 1346 183 1348 800 1349 183 1348 801 1350 800 1349 800 1349 801 1350 802 1351 800 1349 802 1352 803 1353 803 1354 802 1355 804 1356 803 1353 804 1357 805 1358 805 1359 804 1360 806 1361 805 1358 806 1362 807 1363 808 1364 809 1365 799 1345 799 1345 809 1365 810 1366 799 1345 810 1366 188 1343 188 1343 810 1366 801 1350 188 1343 801 1350 189 1367 189 1367 801 1350 183 1348 811 1368 675 1369 310 1346 811 1368 310 1346 812 1370 812 1370 310 1346 800 1349 812 1370 800 1349 813 1371 813 1371 800 1349 803 1353 813 1371 803 1353 805 1358 808 1372 814 1373 809 1374 815 1375 808 1376 49 1377 49 1378 808 1364 799 1345 49 1378 799 1345 47 1379 47 1380 799 1345 310 1346 47 1381 310 1382 816 1383 816 1383 310 1382 309 1384 816 1383 309 1384 673 1385 48 1386 44 1387 49 1388 49 1377 44 1389 815 1375 47 1390 816 1383 817 1391 817 1391 816 1383 673 1385 817 1391 673 1385 818 1392 818 1392 673 1385 674 1393 817 1394 48 1395 47 1396 674 1393 796 1397 818 1392 818 1398 796 1399 282 1400 818 1401 282 1402 817 1403 796 1404 674 1405 819 1406 48 1407 817 1408 284 1409 284 1410 817 1411 282 1412 815 1413 44 1414 820 1415 476 1416 475 1417 821 1418 475 1417 540 1419 821 1418 821 1418 540 1419 822 1420 821 1418 822 1420 476 1416 476 1421 822 1422 802 1423 476 1424 802 1425 474 1426 474 1427 802 1428 801 1350 474 1427 801 1350 452 1429 452 1429 801 1350 810 1366 452 1430 810 1366 823 1431 823 1431 810 1366 809 1365 823 1431 809 1365 824 1432 824 1432 809 1365 814 1433 824 1432 814 1433 825 1434 825 1434 814 1433 826 1435 825 1434 826 1436 827 1437 539 1438 822 1439 828 1440 828 1441 822 1420 540 1419 828 1441 540 1419 539 1442 823 1431 824 1432 452 1443 452 1444 824 1432 827 1437 452 1445 827 1446 450 1447 450 1447 827 1446 826 1448 450 1449 826 1450 541 1451 824 1432 825 1434 827 1437 829 1452 830 1453 831 1454 832 1455 199 1456 833 1457 833 1458 199 1459 470 1460 833 1461 470 1462 831 1463 834 1464 832 1465 833 1466 410 1467 835 1468 836 1469 836 1469 835 1468 837 1470 836 1469 837 1470 743 1471 743 1471 837 1470 470 1472 838 1473 410 1467 839 1474 839 1475 410 1476 409 1477 840 1478 841 1479 838 1473 838 1473 841 1479 428 1480 838 1473 428 1480 410 1467 410 1467 428 1480 427 1481 410 1467 427 1481 835 1468 842 1482 840 1483 843 1484 843 1484 840 1483 838 1485 843 1486 838 1487 844 1488 839 1489 738 1490 838 1491 838 1492 738 1493 737 1494 838 1495 737 1496 844 1497 844 1498 737 1499 608 1500 844 1501 608 1502 843 1484 843 1484 608 1502 736 1503 843 1484 736 1503 842 1482 842 1482 736 1503 735 1504 842 1482 735 1504 845 1505 845 1505 735 1504 524 1506 845 1507 524 1508 522 1509 839 1489 409 1510 738 1490 738 1511 409 1512 274 1513 738 1514 274 1515 275 1516 275 1517 739 1518 738 1519 268 1520 730 1521 273 1522 273 1522 730 1521 733 1523 273 1522 733 1523 272 1524 272 1524 733 1523 741 234 272 1524 741 234 271 234 271 234 741 234 740 1525 271 234 740 1525 270 1526 270 1526 740 1525 739 1518 270 1526 739 1518 269 1527 269 1527 739 1518 275 1517 735 1528 734 1529 524 1530 524 1530 734 1529 846 1531 846 1531 734 1529 535 1532 535 1533 734 1534 721 1535 535 1533 721 1535 722 1536 535 1533 722 1536 287 1537 727 1538 518 1539 728 1540 728 1540 518 1539 515 1541 728 1540 515 1541 729 1542 729 1542 515 1541 517 1543 729 1542 517 1543 722 1536 722 1536 517 1543 516 1544 722 1536 516 1544 287 1537 847 1545 194 1546 723 1547 723 1547 194 1546 193 1548 723 1547 193 1548 724 1549 724 1549 193 1548 588 1550 724 1551 588 1552 725 1553 725 1553 588 1552 459 1554 725 1553 459 1554 726 1555 726 1556 459 1557 342 1558 726 1556 342 1558 727 1538 727 1538 342 1558 519 1559 727 1538 519 1559 518 1539 732 1560 848 1561 295 319 295 319 848 1561 847 1545 295 319 847 1545 723 1547 732 1560 849 1562 848 1561 848 1561 849 1562 850 1563 848 1561 850 1563 194 1564 194 1565 850 1566 245 1567 194 1568 245 1569 244 1570 849 1562 732 1560 731 1571 478 1572 851 1573 731 1574 731 1574 851 1573 852 1575 731 1571 852 1576 849 1562 849 1562 852 1577 850 1563 850 1566 852 1578 853 1579 850 1566 853 1579 197 1580 197 1581 853 1582 195 1583 854 1584 55 1585 855 1586 855 1587 55 1588 853 1589 855 1590 853 1579 851 1591 851 1591 853 1579 852 1578 854 1592 855 1593 856 1594 857 1595 290 1596 289 1597 289 1598 528 1599 857 1600 857 1600 528 1599 858 1601 857 1600 858 1601 859 1602 859 1602 858 1601 860 1603 859 1602 860 1603 861 1604 795 1605 796 1606 57 1607 57 1608 796 1609 819 1610 57 1608 819 1610 528 1599 528 1599 819 1610 862 1611 528 1599 862 1611 858 1601 795 1605 57 1607 863 1612 820 1613 44 1614 864 1615 864 1615 44 1614 46 1616 864 1615 46 1616 863 1617 863 1617 46 1616 52 1618 863 1612 52 1619 795 1605 199 1620 832 1621 864 1622 864 1615 832 1623 865 1624 864 1615 865 1624 820 1613 860 1603 866 1625 861 1604 861 1604 866 1625 576 1626 861 1604 576 1626 575 1627 578 1628 867 1629 575 1627 575 1627 867 1629 868 1630 575 1627 868 1630 861 1604 469 1631 869 1632 578 1628 578 1628 869 1632 368 1633 578 1628 368 1633 867 1629 867 1629 368 1633 332 1634 368 1633 869 1632 369 1635 495 1636 498 1637 869 1632 869 1632 498 1637 870 1638 869 1632 870 1638 369 1635 369 1635 870 1638 871 1639 369 1635 871 1639 329 1640 872 1641 277 1642 873 1643 873 1643 277 1642 496 1644 873 1643 496 1644 874 1645 874 1646 496 1647 495 1636 874 1646 495 1636 869 1632 278 1648 277 1642 872 1641 498 1637 875 1649 870 1638 867 1629 332 1650 868 1630 868 1651 332 1652 331 1653 868 1654 331 1655 861 1656 861 1657 331 1658 876 1659 861 1660 876 1661 859 1602 859 1602 876 1661 877 1662 859 1602 877 1662 857 1600 857 1600 877 1662 854 1663 857 1595 854 1664 290 1596 290 1665 854 1666 856 1667 331 1658 325 1668 876 1659 876 1659 325 1668 323 1669 876 1661 323 1670 877 1662 877 1662 323 1670 854 1671 323 1672 322 1673 854 1674 854 1674 322 1673 55 1675 322 1676 567 1677 55 1678 55 1679 567 1680 311 1681 55 1679 311 1681 53 1682 53 1683 311 1684 243 1685 53 1683 243 1685 54 1686 54 1686 243 1685 878 1687 54 1686 878 1687 195 1583 195 1583 878 1687 196 1688 242 1689 879 1690 243 1691 243 1685 879 1692 880 1693 243 1685 880 1693 878 1687 880 1693 881 1694 878 1687 878 1687 881 1694 882 1695 878 1687 882 1695 559 1696 559 1696 882 1695 883 1697 559 1696 883 1697 333 1698 333 1698 883 1697 884 1699 333 1698 884 1699 352 1700 333 1698 335 1701 559 1696 878 1687 559 1696 196 1702 196 1703 559 1704 557 1705 196 1706 557 1707 885 1708 885 1709 557 1710 552 1711 885 1709 552 1711 554 1712 551 1713 886 1714 549 1715 549 1715 886 1714 885 1709 549 1715 885 1709 554 1712 887 1716 888 1717 551 1718 551 1718 888 1717 889 1719 551 1713 889 1720 886 1714 890 1721 887 1716 891 1722 891 1722 887 1716 556 1723 891 1722 556 1723 465 583 465 583 556 1723 555 1724 465 583 555 1724 553 1725 466 584 465 583 553 1725 892 1726 893 1727 465 583 465 583 893 1727 894 1728 465 583 894 1728 891 1722 891 1722 894 1728 895 1729 891 1722 895 1729 890 1721 890 1721 895 1729 896 1730 890 1721 896 1730 897 1731 465 583 464 582 892 1726 897 1731 898 1732 890 1721 890 1721 898 1732 899 1733 890 1721 899 1733 118 1734 118 1734 899 1733 900 1735 118 1734 900 1735 186 1736 186 1736 900 1735 901 1737 186 1736 901 1737 902 1738 186 1736 902 1738 903 1739 903 1739 902 1738 904 1740 903 1739 904 1740 78 1741 78 1741 904 1740 905 1742 78 1741 905 1742 906 1743 906 1743 907 1744 78 1741 78 1741 907 1744 908 1745 78 1741 908 1745 909 1746 908 1745 910 1747 909 1746 909 1746 910 1747 911 1748 909 1746 911 1748 115 1749 115 1749 911 1748 912 1750 115 1749 912 1750 913 234 914 234 915 1751 916 1752 916 1752 915 1751 543 1753 116 1754 115 1749 916 1752 916 1752 115 1749 913 234 916 1752 913 234 914 234 115 1749 233 1755 909 1746 909 1746 233 1755 173 1756 173 1757 172 1758 909 1759 909 1759 172 1758 89 1760 909 1746 89 1761 78 1741 78 1762 89 1763 917 1764 161 1765 89 1760 172 1758 890 1721 918 1766 356 1767 356 1768 918 1769 145 1770 890 1721 118 1771 918 1766 918 1772 118 1773 147 1774 918 1772 147 1774 145 1775 118 1776 120 1777 147 1778 919 1779 888 1717 719 1780 719 1780 888 1717 887 1716 719 1780 887 1716 718 1781 718 1781 887 1716 890 1721 718 1781 890 1721 717 1782 717 1782 890 1721 356 1767 246 1783 886 1784 132 1785 132 1786 886 1787 889 1788 132 1789 889 1790 720 1791 720 1792 889 1793 919 1794 720 1795 919 1779 719 1780 886 1714 246 1796 885 1709 195 1583 853 1582 54 1686 54 1686 853 1582 55 1797 850 1566 197 1580 245 1567 245 1567 197 1580 196 1798 245 1799 196 1800 246 1801 246 1801 196 1800 885 1802 848 1561 194 1564 847 1545 459 1803 336 1804 342 1805 522 1806 260 1807 845 1808 845 1808 260 1807 840 1809 845 1810 840 1483 842 1482 920 1811 259 1812 921 1813 257 1814 259 1815 922 1816 922 1817 259 1812 920 1811 351 1818 921 1813 333 1819 333 1819 921 1813 259 1820 333 1821 259 1822 548 1823 548 1824 259 1825 258 1826 548 1824 258 1826 546 1827 113 1828 114 1829 351 1818 351 1818 114 1829 423 1830 351 1818 423 1830 921 1813 921 1813 423 1830 584 1831 921 1813 584 1831 920 1811 920 1811 584 1831 841 1832 920 1811 841 1832 922 1817 922 1833 841 1479 840 1478 922 1834 840 1835 260 1836 114 1829 432 1837 423 1830 584 1831 429 1838 841 1832 841 1839 429 1840 428 1841 837 1470 835 1468 502 1842 502 1843 835 1844 500 1845 429 1846 500 1845 427 1847 427 1847 500 1845 835 1844 502 1842 504 1848 837 1470 837 1470 504 1848 923 1849 837 1470 923 1849 470 1472 470 1850 923 1849 541 1851 470 1852 541 1853 831 1854 831 1454 541 1855 826 1856 831 1454 826 1856 829 1452 829 1452 826 1435 814 1433 829 1452 814 1433 830 1453 278 1857 924 1858 276 1859 276 1859 924 1858 806 1860 276 1861 806 1862 925 1863 925 1863 806 1862 804 1864 925 1863 804 1864 926 1865 807 1866 927 1867 361 1868 361 1869 927 1870 928 1871 361 1872 928 1873 358 1874 358 1874 928 1873 924 1875 358 1876 924 1877 278 1878 807 1866 806 1879 927 1867 927 1880 806 1881 924 1882 927 1870 924 1883 928 1871 542 1884 923 1849 539 1885 539 1885 923 1849 504 1848 539 1885 504 1848 926 1865 926 1865 504 1848 499 1886 926 1865 499 1886 925 1863 925 1863 499 1886 277 1887 925 1863 277 1887 276 1861 541 1851 923 1849 542 1884 676 1888 675 1889 929 1890 929 1890 675 1889 811 1368 929 1890 811 1368 930 1891 930 1891 811 1368 812 1370 930 1891 812 1370 931 1892 931 1892 812 1370 813 1371 931 1892 813 1371 932 1893 805 1358 807 1363 813 1371 813 1371 807 1363 361 1894 813 1371 361 1894 367 1895 367 1896 361 1897 357 1898 802 1899 822 1900 804 1901 804 1901 822 1900 539 1902 804 1901 539 1902 926 1903 468 1904 933 1905 469 1906 469 1906 933 1905 934 1907 469 1908 934 1909 935 1910 935 1911 934 1912 365 1913 935 1911 365 1913 366 1914 436 1915 933 1916 473 1917 473 1917 933 1916 468 1918 438 1919 936 1920 937 1921 937 1921 936 1920 938 1922 936 1920 939 1923 938 1922 936 1920 577 1924 939 1923 939 1925 577 1926 576 1927 939 1928 576 1929 866 1930 437 1931 577 1932 438 1933 438 1934 577 1924 936 1920 938 1935 930 1891 937 1936 937 1936 930 1891 931 1892 937 1936 931 1892 438 1937 438 1938 931 1892 932 1893 438 1938 932 1893 436 1939 436 1940 932 1893 813 1371 436 1940 813 1371 933 1905 933 1905 813 1371 367 1895 933 1905 367 1895 934 1907 934 1907 367 1895 365 1941 930 1891 938 1942 929 1890 929 1890 938 1943 860 1944 929 1890 860 1944 858 1945 929 1890 858 1945 676 1888 676 1946 858 1947 677 1948 61 1949 267 1950 514 1951 514 1952 267 1953 264 1954 312 1955 940 1956 243 1957 243 1957 940 1956 241 1958 524 1959 941 1960 942 1961 942 1961 941 1960 535 1962 942 1961 535 1962 529 1963 524 1964 942 1961 523 1965 523 1965 942 1961 529 1963 319 1966 373 1966 609 1966 609 1967 373 1967 375 1967 788 1968 943 1969 461 1970 461 1970 943 1969 460 1971 460 1971 943 1969 458 1972 458 1972 943 1969 944 1973 458 1972 944 1973 456 1974 456 1974 944 1973 945 1975 456 1974 945 1975 455 1976 455 1976 945 1975 349 1977 455 1976 349 1977 337 1978 287 1979 516 1980 285 1981 285 1981 516 1980 521 1982 285 1981 521 1982 946 1983 935 1984 366 1985 359 1986 359 1987 366 1988 357 1989 383 1990 947 1991 347 1992 347 1993 947 1994 948 1995 949 59 705 1101 360 1996 360 1996 705 1101 704 1100 360 1996 704 1100 745 1997 700 1096 787 59 703 1099 703 1099 787 59 786 1998 703 1099 786 1998 702 1098 702 1098 786 1998 745 1997 702 1098 745 1997 950 59 950 59 745 1997 704 1100 700 1096 951 59 787 59 787 59 951 59 715 1999 787 59 715 1999 563 59 563 59 715 1999 952 59 563 59 952 59 713 1109 713 1109 564 2000 563 59 711 1107 482 2001 953 2002 953 2002 482 2001 564 2000 953 2002 564 2000 712 1108 712 1108 564 2000 713 1109 710 1106 708 1104 339 2003 339 2003 708 1104 954 2004 339 2003 954 2004 360 1996 360 1996 954 2004 716 2005 360 1996 716 2005 949 59 745 1997 786 1998 746 2006 746 2007 786 2008 785 2009 746 2010 785 2011 747 2012 747 2013 785 2014 955 2015 747 2013 955 2015 956 2016 956 2016 955 2015 957 2017 569 59 566 59 402 2018 402 2018 566 59 483 2019 402 2018 483 2019 697 2020 697 2020 483 2019 480 2021 697 2020 480 2021 958 2022 958 2022 480 2021 482 2001 958 2022 482 2001 339 2003 339 2003 482 2001 711 1107 339 2003 711 1107 710 1106 871 2023 870 2024 955 2015 955 2015 870 2024 875 2025 955 2015 875 2025 957 2017 871 2026 955 2027 329 2028 329 2028 955 2027 785 2029 329 2028 785 2029 330 2030 959 2031 412 2032 960 2033 960 2034 412 2035 961 2036 939 2037 866 2038 938 2039 938 2040 866 1625 860 1603 787 2041 563 2042 385 2043 385 2043 563 2042 384 2044 556 2045 887 2046 550 2047 550 2048 887 2049 551 2050 697 2051 958 2052 698 2053 698 2054 958 2055 339 2056 698 2057 339 2058 341 2059 473 2060 468 2061 573 2062 573 2062 468 2061 467 2063 577 2064 437 2065 573 2066 573 2062 437 2067 473 2060 962 2068 963 2069 1 2070 1 2071 963 2072 6 2073 1 2074 6 2075 8 2076 1 2077 964 2078 962 2079 962 2080 964 2081 19 2082 962 2083 19 2084 18 2085 296 2086 755 1212 298 2087 298 2087 755 1212 23 1218 15 2088 13 2089 32 2090 32 2091 13 2092 7 2093 32 2091 7 2093 9 2094 730 2095 268 2096 731 2097 731 2098 268 2099 478 2100 9 2101 16 2102 32 2103 32 2104 16 2105 31 2106 38 2107 965 2108 39 2109 39 2109 965 2108 966 2110 39 2111 966 2110 967 2112 38 2113 40 2114 42 2115 42 2115 40 2114 968 2116 42 2115 968 2116 969 2117 967 2118 970 2119 39 2120 39 2121 970 2122 971 2123 39 2124 971 2125 972 2126 972 2126 971 2127 973 2128 27 2129 26 2130 41 2131 41 2131 43 2132 969 2117 969 2117 43 2132 42 2115 974 2133 973 2128 971 2134 970 2135 975 2136 971 2137 976 2138 977 2139 978 2140 978 2140 977 2139 979 2141 25 2142 27 2129 980 2143 980 2143 27 2129 41 2131 980 2143 41 2131 34 2144 34 2144 41 2131 969 2117 34 2144 969 2117 50 2145 50 2145 969 2117 981 2146 50 2145 981 2146 974 2147 974 2148 981 2146 969 2117 974 2133 969 2117 973 2128 973 2128 969 2117 968 2116 973 2128 968 2116 972 2126 972 2126 968 2116 40 2114 972 2126 40 2114 39 2124 34 2144 33 2149 980 2143 980 2143 33 2150 982 2151 980 2143 982 2151 25 2142 25 2142 982 2151 92 2152 25 2142 92 2152 983 2153 983 2153 92 2152 984 2154 983 2153 984 2154 985 2155 985 2155 984 2154 986 2156 985 2155 986 2156 987 2157 987 2157 986 2156 988 2158 987 2157 988 2158 989 2159 989 2159 988 2158 990 2160 989 2159 990 2160 991 2161 991 2161 990 2160 992 2162 991 2161 992 2162 993 2163 993 2163 992 2162 354 2164 993 2163 354 2164 994 2165 50 2145 35 2166 34 2144 995 2167 996 2168 997 2169 998 2170 999 2171 1000 2172 1000 2172 999 2171 1001 2173 1000 2172 1001 2173 1002 2174 1003 2175 998 2170 1000 2172 1003 2175 1004 2176 998 2170 998 2170 1004 2176 1005 2177 998 2170 1005 2177 1006 2178 1006 2178 1005 2177 1007 2179 1006 2180 1007 2181 1008 2182 1009 2183 977 2139 983 2153 983 2153 977 2139 976 2138 983 2153 976 2138 25 2142 25 2142 976 2138 965 2108 25 2142 965 2108 26 2130 26 2130 965 2108 38 2107 26 2130 38 2107 41 2131 41 2184 38 2113 42 2115 1010 2185 93 2186 92 2152 70 2187 1010 2185 71 2188 71 2188 1010 2185 92 2152 71 2188 92 2152 797 2189 797 2189 92 2152 982 2151 797 2189 982 2151 33 2150 1011 2190 996 2168 1012 2191 1012 2191 996 2168 995 2167 1012 2191 995 2167 1013 2192 1013 2192 995 2167 997 2169 998 2170 1006 2178 999 2171 999 2171 1006 2178 1008 2193 999 2171 1008 2194 1001 2173 1005 2177 1004 2176 1014 2195 1015 2196 1016 2197 1017 2198 1017 2198 1016 2197 1018 2199 1017 2198 1018 2199 1019 2200 1020 2201 1015 2196 1009 2183 1009 2183 1015 2196 1017 2198 1009 2183 1017 2198 977 2139 977 2139 1017 2198 1019 2200 977 2139 1019 2200 979 2141 985 2155 1021 2202 1022 2203 1022 2203 1021 2202 1023 2204 1022 2203 1023 2204 1024 2205 985 2155 987 2157 1021 2202 1021 2202 987 2157 1025 2206 1021 2202 1025 2206 1023 2204 1023 2204 1025 2206 1026 2207 1023 2204 1026 2207 1027 2208 1027 2208 1026 2207 1028 2209 1027 2208 1028 2209 1029 2210 1029 2210 1028 2209 1030 2211 1029 2212 1030 2213 1031 2214 986 2156 984 2154 1032 2215 1033 2216 1034 2217 1035 2218 1035 2218 1034 2217 1036 2219 1035 2218 1036 2219 1037 2220 1037 2220 1036 2219 94 2221 1037 2220 94 2221 1038 2222 1038 2222 94 2221 1039 2223 1038 2222 1039 2223 1040 2224 1040 2224 1039 2223 1012 2191 1040 2224 1012 2191 1038 2222 1038 2222 1012 2191 1013 2192 1038 2222 1013 2225 1037 2220 1041 2226 1042 2227 1043 2228 1043 2228 1042 2229 1044 2230 1043 2228 1044 2230 1045 2231 1045 2231 1044 2230 1046 2232 1045 2231 1046 2232 1047 2233 1041 2226 1048 2234 75 2235 75 2235 1048 2234 1049 2236 75 2235 1049 2236 76 2237 76 2237 1049 2236 1050 2238 76 2237 1050 2238 82 2239 1051 2240 1050 2241 1047 2242 1047 2243 1050 2238 1049 2236 1047 2244 1049 2236 1045 2231 1045 2231 1049 2236 1048 2234 1045 2231 1048 2234 1043 2228 1043 2228 1048 2234 1041 2226 1047 2245 1052 2246 1051 2247 1051 2248 1052 2249 1053 2250 1051 2251 1053 2252 64 2253 1054 2254 76 2237 20 2255 20 2255 76 2237 82 2239 1055 2256 77 2257 1056 2258 1056 2258 77 2257 76 2237 1056 2258 76 2237 1057 2259 1057 2259 76 2237 1054 2254 103 2260 77 2257 108 2261 108 2261 77 2257 1055 2256 108 2262 1055 2263 109 2264 75 2235 77 2265 1041 2226 1041 2226 77 2265 103 2266 1041 2267 103 2268 1042 2269 1042 2270 103 2271 106 2272 1042 2273 106 2274 1058 2275 1058 2276 106 2277 175 2278 1058 2279 175 2280 1059 2281 108 2282 110 2283 177 2284 1060 2285 1059 2281 110 2283 110 2283 1059 2281 175 2280 110 2283 175 2280 177 2284 377 426 1061 2286 379 427 379 427 1061 2286 1062 2287 379 427 1062 2287 1063 2288 1063 2288 1062 2287 1064 2289 1063 2288 1064 2289 1065 2290 1065 2291 1064 2292 1066 2293 372 2294 345 2295 344 2296 346 2297 1067 2298 383 2299 383 2299 1067 2298 353 2300 383 2301 353 2302 947 2303 947 2304 353 2305 355 2306 947 2307 355 2308 793 2309 793 2310 355 2311 1061 2286 793 2310 1061 2286 344 2312 344 2312 1061 2286 377 426 344 2313 377 2314 372 2315 1068 2316 1069 2317 1070 2318 1070 2319 1069 2320 371 2321 1070 2322 371 2323 370 2324 237 2325 236 2326 362 2327 362 2328 236 2329 790 2330 362 2328 790 2330 789 2331 237 2332 362 2333 364 2334 792 2335 790 2330 240 2336 240 2336 790 2330 236 2329 789 2337 791 2338 994 2339 354 2340 353 2341 994 2342 994 2343 353 2344 1067 2345 994 2346 1067 2347 789 2348 789 2349 1067 2350 1069 2351 789 2331 1069 2352 362 2328 362 2353 1069 2354 1068 2355 362 2356 1068 2357 363 2358 1064 2289 1062 2287 1071 2359 1071 2360 1062 2287 1061 2286 1071 2361 1061 2362 355 2363 1072 2364 1066 2365 1071 2366 1071 2367 1066 2293 1064 2292 1071 2366 1073 2368 1072 2364 1072 2364 1073 2368 1074 2369 1072 2364 1074 2369 1075 2370 1075 2370 1074 2369 1076 2371 1075 2370 1076 2371 1077 2372 1077 2372 1076 2371 1078 2373 1077 2372 1078 2373 1079 2374 1079 2374 1078 2373 1032 2215 1079 2374 1032 2215 1034 2217 1034 2217 1032 2215 984 2154 1034 2217 984 2154 1036 2219 1036 2219 984 2154 92 2152 1036 2219 92 2152 94 2221 1073 2368 1071 2366 355 2375 355 2376 354 2164 1073 2368 1073 2368 354 2164 992 2162 1073 2368 992 2162 1080 2377 1080 2377 992 2162 990 2160 1080 2377 990 2160 1081 2378 1081 2378 990 2160 988 2158 1081 2378 988 2158 986 2156 993 2379 994 2380 791 2381 991 2161 993 2163 1082 2382 1082 2382 993 2163 791 2383 1082 2384 791 2385 792 2386 991 2161 1082 2382 1083 2387 1083 2387 1082 2382 1084 2388 1084 2388 1082 2382 792 2389 1085 2390 1086 2391 1087 2392 1087 2393 1086 2394 1088 2395 1087 2392 1088 2396 1089 2397 1089 2397 1088 2398 1090 2399 1089 2397 1090 2399 86 2400 1085 2390 1091 2401 1086 2391 1014 2195 1092 2402 86 2403 86 2404 1092 2402 1093 2405 86 2400 1093 2405 1089 2397 1089 2397 1093 2405 1094 2406 1089 2397 1094 2406 1087 2392 1087 2392 1094 2406 1095 2407 1087 2392 1095 2407 1085 2390 1085 2390 1095 2407 1096 2408 1085 2390 1096 2408 1097 2409 1097 2409 1096 2408 1098 2410 1097 2409 1098 2410 1031 2411 1014 2195 86 2412 1005 2177 1005 2177 86 2412 579 2413 1005 2177 579 2413 1007 2179 1024 2205 1020 2201 1022 2203 1022 2203 1020 2201 1009 2183 1022 2203 1009 2183 985 2155 985 2155 1009 2183 983 2153 1032 2215 1078 2373 986 2156 986 2156 1078 2373 1099 2414 986 2156 1099 2414 1081 2378 1081 2378 1099 2414 1080 2377 1079 2374 1034 2217 1100 2415 1100 2415 1034 2217 1033 2216 1059 2416 1065 2417 1058 2418 1065 2419 1059 2281 1063 2288 1063 2288 1059 2281 1060 2285 1063 2288 1060 2285 379 427 1072 2364 1101 2420 1066 2365 1066 2365 1101 2420 1102 2421 1066 2365 1102 2421 1065 2422 1065 2422 1102 2421 1103 2423 1065 2422 1103 2423 1058 2424 1058 2425 1103 2423 1104 2426 1058 2427 1104 2428 1042 2429 1042 2430 1104 2426 1105 2431 1042 2432 1105 2431 1044 2230 1044 2230 1105 2431 1106 2433 1044 2230 1106 2433 1046 2232 1046 2232 1106 2433 1107 2434 1046 2232 1107 2434 1047 2435 1047 2436 1107 2434 970 2437 1047 2438 970 2439 1052 2440 1052 2441 970 2119 967 2118 1052 2442 967 2112 1108 2443 1108 2443 967 2112 966 2110 1108 2443 966 2110 1109 2444 1109 2444 966 2110 965 2108 1109 2444 965 2108 1110 2445 1110 2445 965 2108 976 2138 1110 2445 976 2138 1003 2175 1003 2175 976 2138 978 2140 1003 2175 978 2140 1004 2176 1004 2176 978 2140 979 2141 1004 2176 979 2141 1014 2195 1014 2195 979 2141 1019 2200 1014 2195 1019 2200 1092 2402 1092 2402 1019 2200 1018 2199 1092 2402 1018 2199 1093 2405 1093 2405 1018 2199 1016 2197 1093 2405 1016 2197 1094 2406 1094 2406 1016 2197 1015 2196 1094 2406 1015 2196 1111 2446 1111 2446 1015 2196 1020 2201 1111 2446 1020 2201 1112 2447 1112 2447 1020 2201 1024 2205 1112 2447 1024 2205 1113 2448 1113 2448 1024 2205 1023 2204 1113 2448 1023 2204 1027 2208 1072 2364 1075 2370 1101 2420 1101 2420 1075 2370 1114 2449 1101 2420 1114 2449 1102 2421 1102 2421 1114 2449 1115 2450 1102 2421 1115 2450 1103 2423 1103 2423 1115 2450 1116 2451 1103 2423 1116 2451 1104 2426 1104 2426 1116 2451 1105 2431 989 2159 991 2161 1117 2452 1117 2452 991 2161 1083 2387 1117 2452 1083 2387 1026 2207 1026 2207 1083 2387 1084 2388 1026 2207 1084 2388 1028 2209 1028 2209 1084 2388 792 2453 1028 2454 792 2455 1030 2456 1029 2210 1113 2448 1027 2208 1094 2406 1111 2446 1095 2407 1095 2407 1111 2446 1112 2447 1095 2407 1112 2447 1096 2408 1096 2408 1112 2447 1113 2448 1096 2408 1113 2448 1098 2410 1098 2410 1113 2448 1029 2210 1098 2410 1029 2210 1031 2457 1026 2207 1025 2206 1117 2452 1117 2452 1025 2206 987 2157 1117 2452 987 2157 989 2159 1078 2373 1076 2371 1099 2414 1099 2414 1076 2371 1074 2369 1099 2414 1074 2369 1080 2377 1080 2377 1074 2369 1073 2368 1077 2372 1079 2374 1115 2450 1115 2450 1079 2374 1100 2415 1115 2450 1100 2415 1116 2451 1116 2451 1100 2415 1033 2216 1116 2451 1033 2216 1105 2431 1105 2431 1033 2216 1035 2218 1105 2431 1035 2218 1106 2433 1106 2433 1035 2218 1037 2220 1106 2433 1037 2220 1107 2434 1107 2434 1037 2220 1013 2458 1107 2434 1013 2458 970 2437 970 2135 1013 2459 997 2169 970 2135 997 2169 975 2136 975 2136 997 2169 996 2168 975 2136 996 2168 971 2460 971 2461 996 2168 1011 2190 971 2462 1011 2463 974 2464 1075 2370 1077 2372 1114 2449 1114 2449 1077 2372 1115 2450 94 2221 93 2186 1039 2223 1039 2223 93 2186 1010 2185 1039 2223 1010 2185 1012 2191 1012 2191 1010 2185 70 2465 1012 2191 70 2465 1011 2466 1053 2467 1052 2468 1118 2469 1118 2470 1052 2471 1108 2472 1118 2470 1108 2472 1002 2473 1002 2174 1108 2443 1109 2444 1002 2174 1109 2444 1000 2172 1000 2172 1109 2444 1110 2445 1000 2172 1110 2445 1003 2175 1119 2474 1008 2475 1007 2476 1007 2477 580 2478 1119 2479 1119 2479 580 2478 581 2480 1119 2479 581 2480 1120 2481 1120 2481 581 2480 72 2482 1120 2481 72 2482 66 2483 580 2484 1007 2485 579 2486 66 2483 1121 2487 1120 2481 1120 2481 1121 2487 1122 2488 1120 2481 1122 2488 2 2489 14 2490 1120 2491 12 2492 12 2492 1120 2491 2 2493 12 2492 2 2493 8 2494 6 2495 963 2496 16 2497 16 2497 963 2496 1123 2498 16 2497 1123 2498 31 2499 31 2499 1123 2498 1008 2500 31 2501 1008 2502 14 2503 14 2504 1008 2505 1119 2479 14 2504 1119 2479 1120 2481 962 2068 1124 2506 963 2069 963 2507 1124 2508 1002 2509 963 2496 1002 2510 1123 2498 1123 2498 1002 2511 1001 2512 1123 2498 1001 2512 1008 2500 1124 2506 962 2068 18 2513 18 2513 1053 2514 1124 2506 1124 2515 1053 2467 1118 2469 1124 2515 1118 2469 1002 2516 64 2517 1053 2514 18 2513 299 2518 300 2519 680 2520 680 2521 300 2522 301 2523 283 2524 45 2525 48 2526 48 2527 45 2528 44 2529 86 2530 1090 2531 87 2532 87 2533 1090 2534 84 2535 87 2536 84 2537 83 2538 50 2539 974 2540 51 2541 51 2542 974 2543 1011 2544 51 2542 1011 2544 69 2545 69 2546 1011 2547 70 2548 63 2549 62 2550 65 2551 65 2552 62 2553 1125 2554 65 2552 1125 2554 1126 2555 1126 2556 1051 2557 65 2558 65 2559 1051 2560 64 2561 302 2562 775 2563 304 2564 304 2564 775 2563 776 2565 581 2566 479 2567 72 2568 72 2569 479 2570 67 2571 851 2572 478 2573 855 2574 855 2575 478 2576 526 2577 855 2578 526 2579 856 2580 856 2581 526 2582 525 2583 856 2584 525 2585 290 2586 903 2587 78 2588 1127 2589 1127 2590 78 2591 80 2592 1127 2590 80 2592 903 2593 80 2594 155 2595 903 2596 903 2596 155 2595 153 2597 903 2598 153 2599 186 2600 186 2601 153 2602 151 2603 186 2604 151 2605 119 2606 1050 2607 1125 2608 82 2609 82 2610 1125 2611 62 2612 1051 2613 1126 2614 1050 2615 1050 2615 1126 2614 1125 2616 97 2617 96 2618 190 2619 190 2619 96 2618 99 2620 190 2619 99 2620 101 2621 185 2622 190 2623 102 2624 102 2625 190 2626 101 2627 89 2628 91 2629 917 2630 917 2630 91 2629 79 2631 917 2632 79 2633 78 2634 901 2635 1128 2636 902 2637 902 2637 1128 2636 1129 2638 902 2637 1129 2638 904 2639 904 2639 1129 2638 1130 2640 904 2639 1130 2640 905 2641 905 2641 1130 2640 1131 2642 905 2641 1131 2642 906 2643 906 2643 1131 2642 1132 2644 906 2643 1132 2644 907 2645 907 2645 1132 2644 1133 2646 907 2645 1133 2646 908 2647 908 2647 1133 2646 1134 2648 908 2647 1134 2648 910 2649 910 2649 1134 2648 1135 2650 910 2649 1135 2650 911 2651 894 2652 1136 2653 895 2654 895 2654 1136 2653 1137 2655 895 2654 1137 2655 896 2656 896 2656 1137 2655 1138 2657 896 2656 1138 2657 897 2658 897 2658 1138 2657 1139 2659 897 2658 1139 2659 898 2660 898 2660 1139 2659 1140 2661 898 2660 1140 2661 899 2662 899 2662 1140 2661 1141 2663 899 2662 1141 2663 900 2664 900 2664 1141 2663 1142 2665 900 2664 1142 2665 901 2635 901 2635 1142 2665 1143 2666 901 2635 1143 2666 1128 2636 466 590 472 592 464 2667 464 2667 472 592 1144 2668 464 2667 1144 2668 892 2669 892 2669 1144 2668 1145 2670 892 2669 1145 2670 893 2671 893 2671 1145 2670 1146 2672 893 2671 1146 2672 894 2652 894 2652 1146 2672 1147 2673 894 2652 1147 2673 1136 2653 1135 2650 1148 2674 911 2651 911 2651 1148 2674 1149 2675 911 2651 1149 2675 912 2676 912 2676 1149 2675 1150 2677 912 2676 1150 2677 913 2678 913 2678 1150 2677 1151 2679 913 2678 1151 2679 914 2680 914 2680 1151 2679 1152 2681 914 2680 1152 2681 915 2682 915 2682 1152 2681 544 2683 915 2682 544 2683 543 2684 1148 2685 1135 2686 1153 2687 1153 2687 1135 2686 1134 2688 1153 2687 1134 2688 1154 2689 1154 2689 1134 2688 1133 2690 1154 2691 1133 2692 1155 2693 1155 2693 1133 2692 1132 2694 1155 2693 1132 2694 1156 2695 1156 2695 1132 2694 1131 2696 1156 2695 1131 2696 1157 2697 1157 2697 1131 2696 1130 2698 1157 2697 1130 2698 1158 2699 1158 2699 1130 2698 1129 2700 1158 2699 1129 2700 1128 2701 1128 2701 1159 2702 1158 2699 1128 2701 1143 2703 1159 2702 1159 2702 1143 2703 1142 2704 1159 2702 1142 2704 1160 2705 1160 2705 1142 2704 1141 2706 1160 2705 1141 2706 1161 2707 1161 2707 1141 2706 1140 2708 1161 2709 1140 2710 1162 2711 1162 2711 1140 2710 1139 2712 1162 2711 1139 2712 1163 2713 1163 2713 1139 2712 1138 2714 1163 2713 1138 2714 1164 2715 1164 2715 1138 2714 1137 2716 1164 2715 1137 2716 1136 2717 1136 2717 1165 2718 1164 2715 1136 2717 1147 2719 1165 2718 1165 2718 1147 2719 1146 2720 1165 2718 1146 2720 1166 2721 1166 2721 1146 2720 1145 2722 1166 2723 1145 2724 1167 2725 1167 2725 1145 2724 1144 2726 1167 2725 1144 2726 1168 2727 1168 2727 1144 2726 472 2728 1168 2727 472 2728 1169 2729 1169 2729 472 2728 471 2730 1169 2729 471 2730 1170 2731 1170 2731 471 2730 558 2732 1170 2731 558 2732 334 2733 1170 2731 334 2733 1171 2734 1171 2734 334 2733 547 2735 1171 2734 547 2735 545 2736 1171 2734 545 2736 1172 2737 1172 2737 545 2736 544 2738 1172 2737 544 2738 1173 2739 1173 2739 544 2738 1152 2740 1173 2741 1152 2742 1174 2743 1174 2743 1152 2742 1151 2744 1174 2743 1151 2744 1175 2745 1175 2745 1151 2744 1150 2746 1175 2745 1150 2746 1176 2747 1176 2747 1150 2746 1149 2748 1176 2747 1149 2748 1148 2685 1148 2685 1153 2687 1176 2747 373 2749 319 2750 765 2751 765 2752 319 2753 317 2754 765 2755 317 2756 315 2757 381 2758 111 2759 1177 2760 1177 2760 111 2759 113 2761 1177 2762 113 2763 1178 2764 1178 2765 113 2766 351 2767 1178 2768 351 2769 352 2770 104 2771 178 2772 105 2773 105 2773 178 2772 176 2774 105 2773 176 2774 107 2775 231 2776 187 2777 232 2778 232 2778 187 2777 191 2779 232 2778 191 2779 182 2780 181 2781 1179 2782 179 2783 179 2784 1179 2785 1180 2786 1181 2787 1182 2788 1183 2789 1183 2789 1182 2788 1184 2790 1183 2789 1184 2790 1185 2791 1185 2791 1184 2790 1186 2792 1185 2793 1186 2794 1187 2795 1187 2795 1186 2794 1188 2796 1187 2795 1188 2796 1189 2797 1189 2797 1188 2796 1190 2798 1189 2799 1190 2800 1191 2801 1191 2801 1190 2800 1192 2802 1191 2803 1192 2804 1193 2805 1193 2806 1192 2807 1194 2808 1193 2809 1194 2810 1195 2811 1195 2811 1194 2810 1196 2812 1195 2813 1196 2814 1197 2815 1197 2815 1196 2814 1198 2816 1197 2815 1198 2816 1199 2817 1199 2817 1198 2816 1200 2818 1199 2819 1200 2820 1201 2821 1201 2821 1200 2820 1202 2822 1201 2823 1202 2824 1203 2825 1203 2825 1202 2824 1204 2826 1203 2827 1204 2828 1205 2829 1205 2829 1204 2828 1206 2830 1205 2831 1206 2832 1207 2833 1207 2833 1206 2832 1208 2834 1207 2833 1208 2834 1209 2835 1209 2836 1208 2837 1210 2838 1209 2836 1210 2838 1211 2839 1211 2840 1210 2841 1212 2842 1183 2789 1213 2843 1181 2787 1181 2787 1213 2843 1214 2844 1181 2787 1214 2844 1215 2845 1215 2845 1214 2844 1216 2846 1215 2845 1216 2846 1217 2847 1217 2847 1216 2846 1218 2848 1217 2849 1218 2850 1219 2851 1219 2852 1218 2853 1220 2854 1219 2855 1220 2856 1221 2857 1221 2857 1220 2856 1222 2858 1221 2857 1222 2858 1223 2859 1223 2859 1222 2858 1224 2860 1223 2861 1224 2862 1225 2863 1225 2864 1224 2865 1226 2866 1225 2867 1226 2868 1227 2869 1227 2869 1226 2868 1228 2870 1227 2869 1228 2870 1229 2871 1229 2871 1228 2870 1230 2872 1229 2871 1230 2872 1231 2873 1231 2873 1230 2872 1232 2874 1231 2873 1232 2874 1233 2875 1233 2875 1232 2874 1234 2876 1233 2875 1234 2876 1235 2877 1235 2877 1234 2876 1236 2878 1235 2879 1236 2880 1237 2881 1237 2882 1236 2883 1238 2884 1237 2885 1238 2886 1239 2887 1239 2887 1238 2886 1212 2888 1239 2889 1212 2890 1240 2891 1240 2891 1212 2890 1210 2892 834 2893 814 2894 1241 2895 1241 2895 814 2894 1242 2896 1179 2897 280 2898 1180 2899 1243 2900 1244 2901 281 2902 281 2902 1244 2901 252 2903 281 2902 252 2903 279 2904 279 2904 252 2903 1245 2905 279 2904 1245 2905 280 2898 280 2898 1245 2905 241 2906 280 2898 241 2906 1180 2899 394 2907 1243 2900 1179 2897 1179 2897 1243 2900 281 2902 1179 2897 281 2902 280 2898 241 2908 1245 2905 242 2909 242 2909 1245 2905 252 2903 833 2910 831 2911 834 2912 834 2913 831 1454 830 1453 834 2913 830 1453 814 2914 872 2915 873 2916 1246 2917 1246 2917 873 2916 874 2918 1246 2917 874 2918 935 2919 935 2919 874 2918 869 2920 935 2919 869 2920 469 2921 935 2922 359 2923 1246 2917 1246 2917 359 2923 358 2924 1246 2917 358 2924 1247 2925 1247 2925 358 2924 278 2926 1247 2925 278 2926 872 2915 1246 2917 1247 2925 872 2915 394 2927 1179 2928 396 2929 396 2930 1179 2782 181 2781 808 2931 815 2932 1248 2933 1248 2934 815 2935 820 2936 820 2937 1242 2938 1248 2939 1248 2940 1242 2941 814 2942 1248 2943 814 2944 808 2945 179 2946 1249 2947 568 2948 568 2949 1249 2950 940 2951 568 2949 940 2951 312 2952 671 2953 1250 2954 862 2955 862 2955 1250 2954 677 2956 862 2955 677 2956 858 2957 671 2953 862 2955 672 2958 672 2958 862 2955 819 2959 672 2960 819 2961 674 2962 384 2963 565 2964 321 2965 321 2966 565 2967 567 2968 321 352 567 2969 322 353 235 2970 238 2971 239 2972 239 2973 238 2974 1251 2975 239 2973 1251 2975 784 2976 671 2977 669 2978 1250 2979 1250 2980 669 2981 670 2982 1250 2980 670 2982 677 2983 262 2984 257 2985 260 2986 260 2987 257 2988 922 2989 783 2990 784 2991 1252 2992 1252 2993 784 2994 1251 2995 60 2996 514 2997 56 2998 56 2999 514 3000 200 3001 179 3002 1180 3003 1249 3004 1249 3004 1180 3003 241 3005 1249 3004 241 3005 940 3006 238 3007 247 3008 1251 3009 1251 3010 247 3011 1252 3012 199 3013 864 3014 200 3015 200 3016 864 3017 863 3018 200 3016 863 3018 56 3019 56 3020 863 3021 57 3022 45 3023 283 3024 52 3025 52 3025 283 3024 282 3026 820 3027 865 3028 1242 3029 1242 3029 865 3028 832 3030 1242 3029 832 3030 1241 3031 1241 3031 832 3030 834 3032 583 3033 1253 3034 258 3035 258 3035 1253 3034 543 780 258 3035 543 780 546 783 484 3036 485 3037 583 3038 583 3039 485 3040 486 3041 583 3033 486 3042 1253 3034 543 3043 1253 3044 916 3045 916 3045 1253 3044 486 3046 916 3047 486 3048 116 3049 645 3050 1254 3051 614 3052 614 3052 1254 3051 1255 3053 614 3052 1255 3053 615 3054 615 3054 1255 3053 1256 3055 615 3056 1256 3057 649 3058 649 3059 1256 3060 1257 3061 649 3062 1257 3063 621 3064 621 3065 1257 3066 73 3067 621 3068 73 3069 620 3070 620 3071 73 3072 10 3073 620 3074 10 3075 618 3076 618 3077 10 3078 3 3079 618 3080 3 3081 616 3082 616 3083 3 3084 36 3085 616 3086 36 3087 625 3088 625 3089 36 3090 782 3091 625 3092 782 3093 624 3094 624 3095 782 1281 780 1283 624 3096 780 3097 622 3098 622 3099 780 3100 779 3101 622 3102 779 3103 629 3104 779 3105 28 3106 629 3107 629 3107 28 3106 30 3108 629 3107 30 3108 628 3109 628 3109 30 3108 1258 3110 628 3109 1258 3110 626 3111 626 3111 1258 3110 1259 3112 626 3111 1259 3112 632 3113 632 3113 1259 3112 1260 3114 632 3115 1260 3116 630 3117 630 3118 1260 3119 1261 3120 630 3121 1261 3122 634 3123 634 3124 1261 3125 248 3126 634 3127 248 3128 635 3129 635 3130 248 3131 1262 3132 635 3133 1262 3134 637 3135 637 3136 1262 3137 1263 3138 637 3139 1263 3140 639 3141 639 3142 1263 3143 1264 3144 639 3145 1264 3146 640 3147 640 3148 1264 3149 416 3150 640 3151 416 3152 641 3153 641 3154 416 493 414 492 641 3155 414 3156 642 3157 642 3158 414 3159 413 3160 642 3161 413 3162 644 3163 644 3164 413 3165 959 3166 644 3164 959 3166 960 3167 412 3168 959 3169 413 3170 249 3171 248 3126 1261 3125 1258 3110 1265 3172 1259 3112 1259 3112 1265 3172 1266 3173 1259 3112 1266 3173 1260 3114 30 3174 1265 3172 1258 3110 29 3175 28 3176 779 3177 37 3178 782 3091 36 3090 5 3179 36 3085 3 3084 4 3180 3 3079 10 3078 11 3181 10 3073 73 3072 74 3182 73 3067 1257 3066 74 3183 1257 3184 1267 3185 1267 3186 1257 3061 1256 3060 1267 3187 1256 3188 1268 3189 1268 3190 1256 3055 1255 3053 1268 3190 1255 3053 961 3191 961 3191 1255 3053 1254 3051 961 3191 1254 3051 960 3192 960 3167 1254 3051 645 3050 960 3167 645 3050 644 3164 590 1242 757 1214 293 3193 293 3194 757 1214 755 1212 535 3195 941 3196 846 3197 846 3197 941 3196 524 3198 249 3199 1261 3200 1269 3201 1269 3202 1261 3120 1260 3119 1269 3203 1260 3204 1266 3205 1270 59 1271 59 168 59 168 3206 1271 3206 1272 3206 168 59 1272 59 166 59 166 59 1272 59 1273 59 166 3207 1273 3207 164 3207 164 59 1273 59 1274 59 164 3208 1274 3208 162 3208 162 3209 1274 3209 1275 3209 162 3210 1275 3210 160 3210 160 59 1275 59 1276 59 160 3211 1276 3211 159 3211 159 59 1276 59 1277 59 159 59 1277 59 158 59 158 59 1277 59 1278 59 158 3212 1278 3212 157 3212 157 3213 1278 3213 1279 3213 157 59 1279 59 154 59 154 59 1279 59 1280 59 154 59 1280 59 152 59 152 3214 1280 3214 1281 3214 152 59 1281 59 150 59 150 59 1281 59 1282 59 150 59 1282 59 149 59 149 59 1282 59 1283 59 149 59 1283 59 148 59 148 59 1283 59 1284 59 148 3215 1284 3215 146 3215 146 3216 1284 3216 1285 3216 146 59 1285 59 144 59 1285 3217 1286 3217 144 3217 144 59 1286 59 1287 59 144 59 1287 59 142 59 142 59 1287 59 1288 59 142 3218 1288 3218 140 3218 140 59 1288 59 1289 59 140 3219 1289 3219 788 3219 788 59 1289 59 1290 59 788 3220 1290 3220 943 3220 943 59 1290 59 1291 59 943 3221 1291 3221 944 3221 944 3222 1291 3222 1292 3222 944 3223 1292 3223 945 3223 945 59 1292 59 1293 59 945 3224 1293 3224 349 3224 349 59 1293 59 1294 59 349 59 1294 59 1295 59 1295 59 1294 59 1296 59 1295 59 1296 59 946 3225 946 3225 1296 59 1297 59 946 3225 1297 59 1298 59 1298 59 1297 59 1299 59 1298 3226 1299 3226 1300 3226 1300 3227 1299 3227 1301 3227 1300 3228 1301 3228 1302 3228 1302 59 1301 59 1303 59 1302 59 1303 59 798 59 798 59 1303 59 1270 59 798 59 1270 59 130 59 130 3229 1270 3229 168 3229 154 59 156 59 157 59 788 59 138 59 140 59 1295 59 350 59 349 59 315 3230 313 3231 776 3232 776 3233 313 3234 306 3235 776 3236 306 3237 304 3238 285 3239 946 3240 536 3241 536 3242 946 3243 1298 3244 536 3242 1298 3244 537 3245 537 3245 1298 3244 1300 3246 537 3245 1300 3246 531 3247 531 3247 1300 3246 1302 3248 531 3247 1302 3248 533 3249 533 3249 1302 3248 798 3250 533 3249 798 3250 534 3251 1069 2351 1067 2350 371 3252 371 3253 1067 3254 346 3255 371 3256 346 3257 345 3258 747 3259 956 3260 511 3261 511 3261 956 3260 957 3262 511 3261 957 3262 493 3263 493 3263 957 3262 875 3264 493 3263 875 3264 498 3265 1304 3266 1153 3267 1305 3268 1305 3268 1153 3267 1154 3269 1305 3268 1154 3269 1306 3270 1306 234 1154 3271 1155 234 1306 234 1155 234 1307 234 1307 3272 1155 3272 1156 3272 1307 3273 1156 3273 1308 3273 1308 234 1156 234 1157 234 1308 234 1157 234 1309 234 1309 234 1157 234 1158 3274 1309 234 1158 3274 1310 234 1310 234 1158 3274 1160 3275 1310 234 1160 3275 1311 234 1311 234 1160 3276 1161 234 1311 3277 1161 3277 1312 3277 1312 3278 1161 3278 1162 3278 1312 3279 1162 3279 1313 3279 1313 234 1162 234 1163 234 1313 3280 1163 3280 1314 3280 1314 234 1163 234 1164 3281 1314 3282 1164 3283 1315 3284 1315 3285 1164 3286 1165 3287 1315 3285 1165 3287 1316 3288 1304 3266 1317 3289 1153 3267 1153 3267 1317 3289 1318 3290 1153 3267 1318 3290 1176 3291 1176 3292 1318 3293 1319 234 1176 3294 1319 3295 1175 3295 1175 234 1319 234 1320 234 1175 3296 1320 3296 1174 3296 1174 234 1320 234 1321 234 1174 3297 1321 3297 1173 3297 1173 234 1321 234 1322 234 1173 3298 1322 3298 1172 3299 1172 3300 1322 234 1323 234 1172 3300 1323 234 1170 3301 1170 3301 1323 234 1324 234 1170 3301 1324 234 1169 234 1169 234 1324 234 1325 234 1169 3302 1325 3302 1168 3302 1168 234 1325 234 1326 234 1168 234 1326 234 1167 234 1167 234 1326 234 1327 234 1167 234 1327 234 1166 3303 1166 3304 1327 234 1328 3305 1166 3304 1328 3305 1165 3287 1165 3287 1328 3305 1329 3306 1165 3287 1329 3306 1316 3288 1170 3301 1171 3307 1172 3300 1158 3274 1159 3308 1160 3275 948 3309 947 3310 794 3311 794 3312 947 3313 793 3314 946 3315 521 3316 1295 3317 1295 3317 521 3316 520 3318 1295 3319 520 3320 350 3321 350 3321 520 3320 338 3322 350 3321 338 3322 337 3323 961 3324 412 3325 1268 3326 1268 3326 412 3325 415 3327 1268 3326 415 3327 1267 3328 1267 3328 415 3327 417 3329 1267 3328 417 3329 74 3330 74 3330 417 3329 1330 3331 74 3330 1330 3331 11 3332 11 3332 1330 3331 1331 3333 11 3332 1331 3333 4 3334 4 3334 1331 3333 250 3335 4 3334 250 3335 5 3336 5 3336 250 3335 249 3337 5 3336 249 3337 37 3338 37 3338 249 3337 1269 3339 37 3338 1269 3339 781 3340 781 3340 1269 3339 1266 3341 781 3340 1266 3341 29 3342 29 3342 1266 3341 1265 3343 29 3344 1265 3345 30 3346 1068 3347 1332 3348 363 3349 363 3349 1332 3348 1333 3350 363 3349 1333 3350 364 3351 364 3351 1333 3350 1334 3352 364 3351 1334 3352 1335 3353 1335 3353 1334 3352 1336 3354 1335 3353 1336 3354 1337 3355 1337 3355 1336 3354 1338 3356 1337 3355 1338 3356 1339 3357 1339 3357 1338 3356 1340 3358 1339 3357 1340 3358 1341 3359 1341 3360 1340 3361 1342 3362 1341 3360 1342 3362 1343 3363 1343 3363 1342 3362 1344 3364 1343 3365 1344 3366 1345 3367 1345 3367 1344 3366 1346 3368 1345 3367 1346 3368 1347 3369 1347 3369 1346 3368 1348 3370 1347 3369 1348 3370 1349 3371 1349 3371 1348 3370 1350 3372 1349 3371 1350 3372 1121 3373 1121 3373 1350 3372 1351 3374 1121 3373 1351 3374 1122 3375 1122 3375 1351 3374 1352 3376 1122 3375 1352 3376 0 3377 0 3377 1352 3376 1353 3378 0 3377 1353 3378 964 3379 964 3379 1353 3378 1354 3380 964 3379 1354 3380 19 3381 19 3381 1354 3380 1355 3382 19 3381 1355 3382 17 3383 17 3383 1355 3382 1356 3384 17 3383 1356 3384 21 3385 21 3385 1356 3384 1357 3386 21 3385 1357 3386 1054 3387 1054 3387 1357 3386 1358 3388 1054 3387 1358 3388 1057 3389 1057 3389 1358 3388 1359 3390 1057 3389 1359 3390 1056 3391 1056 3391 1359 3390 1360 3392 1056 3391 1360 3392 1055 3393 1055 3394 1360 3395 1361 3396 1055 3394 1361 3396 109 3397 109 3397 1361 3396 1362 3398 109 110 1362 3399 110 111 110 111 1362 3399 1363 3400 110 111 1363 3400 1060 3401 1060 3401 1363 3400 1364 3402 1060 3401 1364 3402 379 3403 379 3403 1364 3402 1365 3404 379 3403 1365 3404 378 3405 378 3405 1365 3404 1366 3406 378 3405 1366 3406 376 3407 376 3407 1366 3406 1367 3408 376 3407 1367 3408 370 3409 370 3409 1367 3408 1368 3410 370 3409 1368 3410 1070 3411 1070 3411 1368 3410 1369 3412 1070 3411 1369 3412 1068 3347 1068 3347 1369 3412 1332 3348 237 3413 364 3351 1335 3353 95 3414 1343 3365 1345 3367 1349 3415 66 3416 1347 3417 1347 3418 66 3419 81 3420 1347 3418 81 3420 85 3421 66 3416 1349 3415 1121 3422 2 3423 1122 3424 0 3425 1 3426 0 3427 964 3428 18 3429 17 3430 21 3431 20 3432 21 3385 1054 3387 377 3433 378 3434 376 3435 372 3436 376 3437 370 3438 1345 3439 1347 3418 1370 3440 1370 3440 1347 3418 85 3421 1370 3440 85 3421 1088 3441 1088 3442 85 3443 84 3444 1088 3445 84 3446 1090 3447 1088 3448 1086 3449 1370 3450 1370 3440 1086 3451 100 3452 1370 3440 100 3452 1345 3439 1345 3439 100 3452 98 3453 1345 3439 98 3453 95 3454 100 3455 1086 3456 102 3457 102 3458 1086 3459 1091 3460 102 3461 1091 3462 185 3463 201 3464 1371 3465 1372 3466 1372 3466 1371 3465 1097 3467 1372 3468 1097 3469 1031 3470 1031 3471 1373 3472 1372 3466 1372 3466 1373 3472 201 3464 1373 3472 202 3473 201 3464 1252 3474 1030 3475 783 3476 783 3476 1030 3475 792 3477 783 3478 792 3479 240 3480 247 3481 202 3473 1252 3482 1252 3482 202 3473 1373 3472 1252 3482 1373 3472 1030 3483 1030 3484 1373 3485 1031 3486 247 3481 237 3487 202 3473 202 3473 237 3487 1335 3488 202 3473 1335 3488 1337 3489 1343 3490 95 3491 1341 3492 1341 3493 95 3494 203 3495 1341 3493 203 3495 1339 3496 1339 3496 203 3495 202 3473 1339 3496 202 3473 1337 3489 185 3497 203 3495 95 3494 1371 3465 201 3464 203 3498 203 3498 185 3499 1371 3465 1371 3500 185 3501 1091 3502 1371 3503 1091 3504 1097 3505 1097 3506 1091 3507 1085 3508 794 3509 343 3510 948 3511 948 3511 343 3510 348 3512 948 3511 348 3512 347 3513 248 3131 250 3514 1262 3132 1262 3515 250 3516 1331 3517 1262 3137 1331 3518 1263 3138 1263 3519 1331 3520 1330 3521 1263 3143 1330 3522 1264 3144 1264 3523 1330 3524 417 3525 1264 3149 417 3526 416 3150 1374 3527 1228 2870 1375 3528 1375 3528 1228 2870 1226 3529 1375 3528 1226 3529 1376 3530 1376 3531 1226 3532 1224 3533 1376 3531 1224 3533 1377 3534 1377 3535 1224 3536 1222 3537 1377 3535 1222 3537 1378 3538 1378 3538 1222 3537 1220 3539 1378 3538 1220 3539 1379 3540 1379 3541 1220 3542 1218 3543 1379 3541 1218 3543 1380 3544 1380 3545 1218 3546 1216 2846 1380 3545 1216 2846 1381 3547 1381 3547 1216 2846 1214 2844 1381 3547 1214 2844 1382 3548 1382 3548 1214 2844 1213 2843 1382 3548 1213 2843 1383 3549 1383 3549 1213 2843 1183 2789 1383 3549 1183 2789 1384 3550 1384 3550 1183 2789 1185 3551 1384 3550 1185 3551 1385 3552 1385 3552 1185 3551 1187 3553 1385 3552 1187 3553 1386 3554 1386 3554 1187 3553 1189 3555 1386 3554 1189 3555 1387 3556 1387 3556 1189 3555 1191 3557 1387 3556 1191 3557 1388 3558 1388 3559 1191 3560 1193 3561 1388 3559 1193 3561 1389 3562 1389 3563 1193 3564 1195 3565 1389 3563 1195 3565 1390 3566 1390 3566 1195 3565 1197 3567 1390 3566 1197 3567 1391 3568 1391 3568 1197 3567 1199 3569 1391 3568 1199 3569 1392 3570 1392 3570 1199 3569 1201 3571 1392 3570 1201 3571 1393 3572 1393 3572 1201 3571 1203 3573 1393 3572 1203 3573 1394 3574 1394 3574 1203 3573 1205 3575 1394 3574 1205 3575 1395 3576 1395 3576 1205 3575 1207 3577 1395 3576 1207 3577 1396 3578 1396 3578 1207 3577 1209 3579 1396 3578 1209 3579 1397 3580 1397 3581 1209 3582 1211 3583 1397 3581 1211 3583 1398 3584 1398 3585 1211 3586 1212 3587 1398 3585 1212 3587 1399 3588 1399 3589 1212 3590 1238 3591 1399 3589 1238 3591 1400 3592 1400 3593 1238 3594 1236 3595 1400 3593 1236 3595 1401 3596 1401 3597 1236 3598 1234 2876 1401 3597 1234 2876 1402 3599 1402 3599 1234 2876 1232 2874 1402 3599 1232 2874 1403 3600 1403 3600 1232 2874 1230 2872 1403 3600 1230 2872 1374 3527 1374 3527 1230 2872 1228 2870 407 3601 696 3602 420 3603 420 3604 696 3605 340 3606 420 3607 340 3608 744 3609 410 3610 836 3611 411 3612 411 3613 836 3614 743 3615 425 3616 408 3617 1404 3618 1404 3619 408 3620 401 3621 1404 3619 401 3621 418 3622 430 3623 571 3624 419 3625 419 3625 571 3624 426 3626 419 3627 426 3628 425 3629 1405 59 1406 59 1407 59 1407 59 1406 59 1408 59 571 3630 430 3631 572 3632 572 3632 430 3631 431 3633 572 3632 431 3633 112 3634 112 3634 431 3633 432 3635 112 3634 432 3635 114 3636 392 3637 1405 3638 393 3639 393 3639 1405 3638 1409 3640 393 3639 1409 3640 394 3641 1405 3638 1410 3642 1409 3640 1409 3640 1410 3642 1411 3643 1409 3640 1411 3643 1412 3644 1412 3644 1411 3645 1413 3646 1412 3644 1413 3646 1414 3647 1414 3647 1413 3646 1415 3648 1414 3647 1415 3648 1416 3649 1416 3649 1415 3648 1417 3650 1416 3649 1417 3650 1418 3651 1405 3638 1407 3652 1410 3642 1410 3642 1407 3652 1408 3653 1410 3642 1408 3653 1419 3654 1419 3655 1408 3656 408 3657 1419 3655 408 3657 1420 3658 1420 3658 408 3657 425 3659 408 3657 1408 3656 392 3660 392 3661 1408 3662 1406 3663 392 3661 1406 3663 1405 3664 1409 3640 1412 3644 1421 3665 1421 3665 1412 3644 1414 3647 1421 3665 1414 3647 1422 3666 1422 3666 1414 3647 1416 3649 1422 3666 1416 3649 1418 3651 1419 3667 1423 3668 1410 3669 1423 3670 1419 3671 1420 3672 425 3659 1424 3673 1420 3658 1420 3658 1424 3673 1425 3674 1420 3675 1425 3676 1423 3677 1424 3673 425 3659 424 3678 1426 3679 1425 3680 439 3681 439 3681 1425 3680 1424 3682 439 3683 1424 3673 440 3684 440 3684 1424 3673 424 3678 440 3684 424 3678 442 3685 442 3686 424 3687 426 3688 1426 3679 439 3681 441 3689 1243 3690 394 3691 1427 3692 1427 3693 394 3641 1409 3640 1427 3693 1409 3640 1421 3665 1411 3694 1428 3695 1413 3646 1413 3646 1428 3695 1429 3696 1413 3646 1429 3696 1415 3648 1415 3648 1429 3696 1430 3697 1415 3648 1430 3697 1417 3650 1417 3650 1430 3697 1431 3698 1417 3650 1431 3698 1418 3699 1428 3700 1432 3701 1429 3696 1429 3696 1432 3701 1433 3702 1429 3696 1433 3702 1430 3697 1430 3697 1433 3702 1434 3703 1430 3697 1434 3703 1431 3698 1431 3698 1434 3703 1435 3704 1428 3705 1436 3706 1432 3701 1432 3701 1436 3706 1437 3707 1432 3701 1437 3707 1433 3702 1433 3702 1437 3707 1438 3708 1433 3702 1438 3708 1434 3703 1434 3703 1438 3708 1439 3709 1434 3703 1439 3709 1435 3704 1428 3705 1440 3710 1436 3706 1436 3706 1440 3710 1441 3711 1436 3706 1441 3711 1442 3712 1442 3712 1441 3711 447 3713 1440 3710 1425 3714 1443 3715 1443 3716 1425 3717 1426 3718 1443 3716 1426 3718 441 3719 1423 3720 1425 3721 1428 3722 1428 3722 1425 3721 1440 3723 441 3724 447 3725 1443 3726 1443 3715 447 3727 1441 3711 1443 3715 1441 3711 1440 3710 1436 3706 1442 3712 1437 3707 1437 3707 1442 3712 1438 3708 1442 3712 447 3728 1438 3708 1438 3729 447 3730 444 3731 1438 3729 444 3731 1444 3732 1444 3733 444 3734 1445 3735 443 3736 1445 3735 444 3734 380 3737 382 3738 1446 3739 381 3740 1177 3741 382 3742 382 3743 1177 3744 1178 3745 382 3738 1178 3746 1446 3739 1446 3739 1178 3746 1447 3747 254 3748 1448 3749 882 3750 882 3751 1448 3752 1449 3753 882 3754 1449 3755 883 3756 883 3756 1449 3755 1450 3757 883 3758 1450 3759 884 3760 884 3761 1450 3762 1451 3763 884 3764 1451 3765 352 3766 352 3767 1451 3768 1447 3769 352 3770 1447 3747 1178 3746 880 3771 255 3772 881 3773 881 3774 255 3775 254 3776 881 3777 254 3778 882 3779 242 3780 255 3781 879 3782 879 3783 255 3772 880 3771 253 266 1452 3784 256 262 256 262 1452 3784 1453 3785 256 262 1453 3785 254 3786 254 3787 1453 3788 1454 3789 254 3790 1454 3791 1448 3792 1448 3793 1454 3794 1435 3795 1448 3796 1435 3797 1449 3798 1449 3799 1435 3800 1439 3801 1449 3802 1439 3803 1450 3804 1450 3805 1439 3806 1455 3807 1450 3808 1455 3809 1451 3810 1451 3811 1455 3812 1444 3813 1451 3814 1444 3815 1447 3816 1447 3816 1444 3815 1445 3817 1447 3816 1445 3817 1446 3818 1446 3818 1445 3817 443 3819 1446 3739 443 3820 380 3737 1439 3821 1438 3822 1455 3823 1455 3824 1438 3825 1444 3826 1435 3827 1454 3828 1431 3829 1431 3829 1454 3828 1453 3830 1431 3831 1453 3832 1456 3833 1456 3833 1453 3832 1452 3834 1456 3833 1452 3834 388 3835 388 3835 1452 3834 1457 3836 388 3835 1457 3836 1458 3837 1458 3837 1457 3836 1459 3838 1458 3839 1459 3838 253 3840 1452 3834 253 3841 1457 3836 1457 3836 253 3840 1459 3838 253 3842 252 3843 1458 3844 1458 3844 252 3843 1244 3845 1418 3846 1456 3847 1422 3848 1422 3848 1456 3847 388 3849 1422 3666 388 3850 1421 3665 1421 3851 388 3852 387 3853 1421 3665 387 3854 386 3855 1418 3846 1431 3856 1456 3847 1458 3857 1243 3690 386 3858 386 3858 1243 3690 1427 3692 386 3855 1427 3693 1421 3665 386 3859 388 3860 1458 3861 1243 3690 1458 3857 1244 3862 433 3863 435 3864 638 3865 638 3866 435 3867 1460 3868 638 3869 1460 3870 667 3871 452 3872 451 3873 474 3874 474 3875 451 3876 475 3877 1326 3878 222 3879 1327 3880 1327 3880 222 3879 220 3881 1327 3880 220 3881 1328 3882 1328 3882 220 3881 218 3883 1328 3882 218 3883 1329 3884 1329 3884 218 3883 216 3885 1329 3884 216 3885 1316 3886 1316 3886 216 3885 214 3887 1316 3886 214 3887 1315 3888 1315 3888 214 3887 212 3889 1315 3888 212 3889 1314 3890 1314 3890 212 3889 210 3891 1314 3892 210 3893 1313 3894 1313 3894 210 3893 208 3895 1313 3894 208 3895 1312 3896 1312 3896 208 3895 206 3897 1312 3896 206 3897 1311 3898 1311 3898 206 3897 205 3899 1311 3898 205 3899 1310 3900 1310 3900 205 3899 204 3901 1310 3900 204 3901 1309 3902 1309 3902 204 3901 207 3903 1309 3904 207 3905 1308 3906 1308 3906 207 3905 209 3907 1308 3906 209 3907 1307 3908 1307 3908 209 3907 211 3909 1307 3908 211 3909 1306 3910 1306 3910 211 3909 213 3911 1306 3910 213 3911 1305 3912 1305 3912 213 3911 215 3913 1305 3912 215 3913 1304 3914 1304 3914 215 3913 217 3915 1304 3914 217 3915 1317 3916 1317 3916 217 3915 219 3917 1317 3916 219 3917 1318 3918 1318 3918 219 3917 221 3919 1318 3918 221 3919 1319 3920 1319 3920 221 3919 223 3921 1319 3922 223 3923 1320 3924 1320 3924 223 3923 225 3925 1320 3924 225 3925 1321 3926 1321 3926 225 3925 227 3927 1321 3926 227 3927 1322 3928 1322 3928 227 3927 229 3929 1322 3928 229 3929 1323 3930 1323 3930 229 3929 228 3931 1323 3930 228 3931 1324 3932 1324 3932 228 3931 226 3933 1324 3934 226 3935 1325 3936 1325 3936 226 3935 224 3937 1325 3936 224 3937 1326 3878 1326 3878 224 3937 222 3879 749 3938 1461 3939 748 3940 748 3940 1461 3939 1462 3941 748 3940 1462 3941 750 3942 750 3942 1462 3941 1463 3943 750 3942 1463 3943 751 3944 751 3944 1463 3943 1464 3945 751 3944 1464 3945 752 3946 752 3946 1464 3945 1465 3947 752 3946 1465 3947 753 3948 753 3948 1465 3947 1466 3949 753 3948 1466 3949 758 3950 758 3950 1466 3949 1467 3951 758 3950 1467 3951 756 3952 756 3952 1467 3951 1468 3953 756 3952 1468 3953 754 3954 754 3954 1468 3953 1469 3955 754 3954 1469 3955 759 3956 759 3956 1469 3955 1470 3957 759 3956 1470 3957 760 3958 760 3958 1470 3957 1471 3959 760 3958 1471 3959 761 3960 761 3960 1471 3959 1472 3961 761 3960 1472 3961 762 3962 762 3962 1472 3961 1473 3963 762 3962 1473 3963 763 3964 763 3964 1473 3963 1474 3965 763 3964 1474 3965 764 3966 764 3966 1474 3965 1475 3967 764 3966 1475 3967 777 3968 777 3968 1475 3967 1476 3969 777 3968 1476 3969 778 3970 778 3970 1476 3969 1477 3971 778 3970 1477 3971 767 3972 767 3972 1477 3971 1478 3973 767 3972 1478 3973 766 3974 766 3974 1478 3973 1479 3975 766 3974 1479 3975 770 3976 770 3976 1479 3975 1480 3977 770 3976 1480 3977 769 3978 769 3978 1480 3977 1481 3979 769 3978 1481 3979 768 3980 768 3980 1481 3979 1482 3981 768 3980 1482 3981 771 3982 771 3982 1482 3981 1483 3983 771 3982 1483 3983 772 3984 772 3984 1483 3983 1484 3985 772 3984 1484 3985 773 3986 773 3986 1484 3985 1485 3987 773 3986 1485 3987 774 3988 774 3988 1485 3987 1486 3989 774 3988 1486 3989 749 3938 749 3938 1486 3989 1461 3939 1485 3987 664 3990 1486 3989 1486 3989 664 3990 646 3991 1486 3989 646 3991 1461 3939 1461 3939 646 3991 613 3992 1461 3939 613 3992 1462 3941 1462 3941 613 3992 647 3993 1462 3941 647 3993 1463 3943 1463 3943 647 3993 651 3994 1463 3943 651 3994 1464 3945 1464 3945 651 3994 650 3995 1464 3945 650 3995 1465 3947 1465 3947 650 3995 655 3996 1465 3947 655 3996 1466 3949 1466 3949 655 3996 668 3997 1466 3949 668 3997 1467 3951 1467 3951 668 3997 653 3998 1467 3951 653 3998 1468 3953 1468 3953 653 3998 652 3999 1468 3953 652 3999 1469 3955 1469 3955 652 3999 657 4000 1469 3955 657 4000 1470 3957 1470 3957 657 4000 656 4001 1470 3957 656 4001 1471 3959 1471 3959 656 4001 658 4002 1471 3959 658 4002 1472 3961 1472 3961 658 4002 659 4003 1472 3961 659 4003 1473 3963 1473 3963 659 4003 660 4004 1473 3963 660 4004 1474 3965 1474 3965 660 4004 633 4005 1474 3965 633 4005 1475 3967 1475 3967 633 4005 661 4006 1475 3967 661 4006 1476 3969 1476 3969 661 4006 663 4007 1476 3969 663 4007 1477 3971 1477 3971 663 4007 662 4008 1477 3971 662 4008 1478 3973 1478 3973 662 4008 666 4009 1478 3973 666 4009 1479 3975 1479 3975 666 4009 665 4010 1479 3975 665 4010 1480 3977 1480 3977 665 4010 1460 4011 1480 3977 1460 4011 1481 3979 1481 3979 1460 4012 435 4013 1481 3979 435 4013 1482 3981 1482 3981 435 4014 434 4015 1482 3981 434 4015 1483 3983 1483 3983 434 4015 448 4016 1483 3983 448 4016 1484 3985 1484 3985 448 4016 449 4017 1484 3985 449 4017 1485 3987 1485 3987 449 4017 664 3990 643 4018 646 3991 664 3990 433 4019 448 4016 434 4015 667 4020 1460 4011 665 4010 636 4021 666 4009 662 4008 631 4022 663 4007 661 4006 627 4023 660 4004 659 4003 623 4024 658 4002 656 4001 617 4025 657 4000 652 3999 654 4026 653 3998 668 3997 619 4027 655 3996 650 3995 648 4028 651 3994 647 3993 1428 4029 1411 4030 1423 4031 1423 4032 1411 4033 1410 4034</p>
        </triangles>
      </mesh>
    </geometry>
  </library_geometries>
  <library_visual_scenes>
    <visual_scene id="Scene" name="Scene">
      <node id="mh00400-j00_lk5" name="mh00400-j00_lk5" type="NODE">
        <matrix sid="transform">1 0 0 -2.005 0 1 0 0 0 0 1 -2.2 0 0 0 1</matrix>
        <instance_geometry url="#polygons_006-mesh" name="mh00400-j00_lk5">
          <bind_material>
            <technique_common>
              <instance_material symbol="Surface_1_009-material" target="#Surface_1_009-material"/>
            </technique_common>
          </bind_material>
        </instance_geometry>
      </node>
    </visual_scene>
  </library_visual_scenes>
  <scene>
    <instance_visual_scene url="#Scene"/>
  </scene>
</COLLADA>