<?xml version="1.0" encoding="utf-8"?>
<COLLADA xmlns="http://www.collada.org/2005/11/COLLADASchema" version="1.4.1" xmlns:xsi="http://www.w3.org/2001/XMLSchema-instance">
  <asset>
    <contributor>
      <author>Blender User</author>
      <authoring_tool>Blender 4.2.0 commit date:2024-07-16, commit time:06:20, hash:a51f293548ad</authoring_tool>
    </contributor>
    <created>2025-08-13T11:51:56</created>
    <modified>2025-08-13T11:51:56</modified>
    <unit name="meter" meter="1"/>
    <up_axis>Z_UP</up_axis>
  </asset>
  <library_effects>
    <effect id="Surface_1_007-effect">
      <profile_COMMON>
        <technique sid="common">
          <lambert>
            <emission>
              <color sid="emission">0 0 0 1</color>
            </emission>
            <diffuse>
              <color sid="diffuse">0 0.200784 0.4 1</color>
            </diffuse>
            <index_of_refraction>
              <float sid="ior">1</float>
            </index_of_refraction>
          </lambert>
        </technique>
      </profile_COMMON>
    </effect>
    <effect id="Surface_3_001-effect">
      <profile_COMMON>
        <technique sid="common">
          <lambert>
            <emission>
              <color sid="emission">0 0 0 1</color>
            </emission>
            <diffuse>
              <color sid="diffuse">0 0 0 1</color>
            </diffuse>
            <index_of_refraction>
              <float sid="ior">1</float>
            </index_of_refraction>
          </lambert>
        </technique>
      </profile_COMMON>
    </effect>
  </library_effects>
  <library_images/>
  <library_materials>
    <material id="Surface_1_007-material" name="Surface_1.007">
      <instance_effect url="#Surface_1_007-effect"/>
    </material>
    <material id="Surface_3_001-material" name="Surface_3.001">
      <instance_effect url="#Surface_3_001-effect"/>
    </material>
  </library_materials>
  <library_geometries>
    <geometry id="mh00400-j00_lk3_1-mesh" name="mh00400-j00_lk3_1">
      <mesh>
        <source id="mh00400-j00_lk3_1-mesh-positions">
          <float_array id="mh00400-j00_lk3_1-mesh-positions-array" count="7521">1.241 0.09217399 2.183586 1.257174 0.09563297 2.183884 1.259485 0.09284698 2.182394 -0.154609 -0.169632 1.911719 -0.145828 -0.1709769 1.903968 -0.160154 -0.1709769 1.925133 -0.124571 -0.169632 1.889212 -0.165238 -0.169632 1.949279 -0.08528995 -0.168479 1.884442 -0.100078 -0.1709769 1.885039 1.241462 0.012335 2.298205 1.145341 0.01204699 2.301932 1.159204 0.00147897 2.303273 -0.07512396 -0.1709769 1.889957 1.199871 0.08986896 2.18448 -0.1384339 -0.168671 2.005322 -0.145828 -0.1709769 1.995932 -0.125033 -0.1709769 2.010092 -0.161078 -0.1695359 1.974469 -0.09037399 -0.1148689 1.87848 -0.05432796 -0.118328 1.889361 -0.09499496 -0.120537 1.874009 -0.04416197 -0.168191 1.912315 -0.04000198 -0.1709769 1.925133 -0.05386596 -0.1709769 1.903968 -0.078821 -0.121018 1.878033 -0.124109 -0.109681 1.925729 -0.131503 -0.114965 1.934821 -0.1352 -0.114965 1.950024 -0.165238 -0.009473979 1.913209 -0.165238 -0.06250798 1.913209 -0.17448 -0.062123 1.941082 -0.121798 -0.114965 1.922599 -0.115328 -0.065678 1.918426 -0.132427 -0.070674 1.938697 -0.127344 -0.065678 1.928114 -0.10701 -0.07009798 1.917084 1.146727 0.075841 2.176581 1.137485 0.08352798 2.176282 1.137947 0.102935 2.182096 -0.100078 -0.1709769 2.01501 1.139333 -0.01629495 2.303273 1.137485 -0.02369296 2.283449 1.146265 -0.01350897 2.300143 1.146727 0.02338397 2.275848 1.137485 0.02367198 2.283449 1.137485 0.018004 2.303422 1.145803 0.103031 2.203857 1.145341 0.101494 2.186716 1.143492 0.105241 2.196553 -0.06218397 -0.1680949 2.005918 -0.07512396 -0.1709769 2.010092 -0.05386596 -0.1709769 1.995932 -0.1079339 -0.114965 1.984157 -0.114404 -0.109777 1.980431 -0.121798 -0.114965 1.977301 1.142568 0.01598596 2.298056 1.14072 0.018004 2.303422 1.141182 0.009933948 2.304764 -0.03307098 -0.1680949 1.962545 -0.04000198 -0.1709769 1.974916 -0.03491896 -0.1709769 1.950024 -0.100078 -0.167999 2.01665 1.144879 0.03673899 2.270482 1.146727 0.05845195 2.250957 1.146727 0.07872396 2.220699 1.160591 0.101878 2.21116 1.143492 0.099572 2.216675 1.138871 0.1036069 2.217271 0.02608096 -0.114677 1.925282 -0.01088899 -0.1148689 1.951068 0.020536 -0.106414 1.933331 1.713289 -0.1184239 2.243057 1.71791 -0.123131 2.220849 1.71791 -0.09450095 2.279276 1.466054 0.04096597 2.291498 1.474834 0.03837198 2.305211 1.477144 0.037027 2.293138 -0.02983599 -0.107087 1.975363 -0.08575296 -0.070001 2.023208 -0.05478996 -0.06740695 2.010092 -0.06172198 -0.1043 2.016799 -0.038616 -0.08998495 1.994143 -0.047396 -0.114965 1.998913 -0.03445696 -0.113908 1.97581 -0.03122198 -0.06971299 1.977152 0.03532296 -0.1148689 1.921556 0.04225498 -0.117367 1.919171 1.713289 -0.1260139 2.199981 1.713289 -0.1184239 2.156906 -0.163389 -0.004477977 1.95077 -0.144904 -0.004381954 2.002639 -0.158306 -0.004477977 1.974618 -0.07558596 -0.109681 1.974171 -0.078359 -0.114965 1.977301 -0.068654 -0.114965 1.965228 -0.161541 5.18e-4 1.96329 -0.163389 -5.39e-4 1.95077 -0.158306 -5.39e-4 1.974618 1.713289 -0.06298798 2.090877 1.71791 -0.04252398 2.083424 1.71791 -0.09450095 2.120687 0.04502797 -0.04972898 1.919916 0.03855794 -0.04751998 1.917681 0.04502797 -0.04675096 1.917084 0.04872494 -0.04924899 1.920513 1.359303 0.04259896 2.290604 1.355606 0.036354 2.297907 1.365773 0.04077398 2.295224 1.350523 0.02559399 2.297162 -0.02197998 -0.001883983 1.929754 -0.018745 -0.004093945 1.926176 -0.029374 -0.00486195 1.945404 -0.006267964 -0.166846 2.080145 -0.008577942 -0.173859 2.081636 -0.008115947 -0.1854839 2.08566 1.465591 -0.04079395 2.295224 1.454038 -0.03723996 2.293138 1.465129 -0.04252398 2.290604 -0.03953999 5.18e-4 1.9381 -0.03815394 -5.39e-4 1.95077 -0.04277497 -5.39e-4 1.926773 -0.003956973 -0.167614 2.074779 -0.007191956 -0.165597 2.0715 -0.01088899 -0.1680949 2.066582 0.01406598 -0.176069 2.097882 0.005285978 -0.170881 2.086554 0.01452797 -0.1850039 2.097733 0.005285978 -0.179624 2.082232 0.09123998 -0.1750119 2.197448 0.09123998 -0.184043 2.199683 0.09216398 -0.135333 2.199683 0.09170198 -0.175204 2.095944 0.09170198 -0.129857 2.163613 0.09216398 -0.157815 2.079102 0.09170198 -0.11631 2.131567 0.09170198 -0.09488499 2.103993 0.089392 0.06709897 2.082828 0.09170198 0.09486401 2.103993 0.09216398 0.068636 2.080443 0.09170198 0.132238 2.076717 0.09216398 3.8e-5 2.079698 0.09216398 -0.06865596 2.080443 0.089392 -0.06644695 2.08253 0.09170198 0.116097 2.131418 0.09170198 0.129836 2.163464 0.09216398 0.137714 2.078953 0.09216398 0.135504 2.199683 0.09123998 0.152222 2.093261 0.09077799 0.15203 2.197746 0.09031599 -0.172802 2.09043 0.09216398 -0.170593 2.092367 -0.003494977 -0.162522 2.075227 -0.03538095 -0.166077 2.070904 -0.07096499 -0.157911 2.071351 -0.06773 -0.07826399 2.0794 -0.06218397 -0.148111 2.079996 -0.017358 -0.07115399 1.964184 -0.04647195 -0.156854 2.07314 -0.04369896 -0.14936 2.079996 -0.03815394 -0.176838 2.079698 -0.047396 -0.163483 2.071053 -0.04462397 -0.163483 2.074034 -0.09499496 -0.074997 2.03081 -0.096381 -0.111218 2.030511 -0.087601 -0.102187 2.042585 -0.101003 -0.065198 2.030213 -0.09545695 -0.06481295 2.038113 1.598683 -0.1500329 2.188057 1.600993 -0.146766 2.227407 1.595448 -0.1505129 2.225618 1.594524 -0.1400409 2.23009 1.375478 0.01387298 2.305062 1.377326 -0.03137898 2.295373 1.377326 0.004168987 2.300739 1.375015 0.03837198 2.305211 1.376864 0.037027 2.293287 -0.04693394 -0.185388 2.076121 -0.04554796 -0.1899999 2.094156 -0.04554796 -0.170016 2.072842 1.591289 -0.15205 2.22994 -0.08713901 -0.065198 2.015606 1.352834 -0.004765987 2.300292 0.102331 -0.167326 2.069712 0.09031599 -0.169824 2.0715 0.115733 -0.168191 2.067029 -0.07096499 -0.015046 2.070755 -0.07512396 -0.015046 2.068966 -0.07050299 -0.01206797 2.068817 -0.06911599 0.005609989 2.070904 0.777029 -0.110641 2.185822 0.807529 -0.105646 2.177922 0.830173 -0.107855 2.174494 0.67906 -0.02945697 2.293734 0.675825 -0.062123 2.267054 0.685067 -0.02734398 2.283598 0.827863 -0.107951 2.223979 0.807992 -0.1043969 2.222935 0.754848 -0.11141 2.213545 -0.07281297 0.01012599 2.069861 -0.07604795 0.01579397 2.070904 0.786734 0.02972495 2.118153 0.685991 0.02549797 2.114725 0.688302 0.061526 2.138424 0.783961 0.061526 2.138424 0.789045 0.06248694 2.137529 0.815848 0.03904396 2.10295 0.822317 0.08525699 2.133207 0.832946 0.05556899 2.104589 0.832946 0.07805097 2.121879 1.061697 0.067483 2.119494 0.832946 0.09534496 2.144386 1.061697 0.09092497 2.147367 0.684605 0.08352798 2.172109 0.78581 0.08314299 2.172109 0.789045 0.07757097 2.16093 0.815386 0.100725 2.171066 0.827863 0.107931 2.175984 1.06031 0.103511 2.181797 0.807992 0.104376 2.177028 0.681832 0.1126379 2.183139 0.683219 0.113887 2.199981 0.754848 0.111389 2.186418 0.682756 0.112927 2.215632 0.777029 0.110621 2.21429 1.06031 0.103511 2.218315 0.830173 0.107835 2.225469 1.061697 0.091021 2.252447 0.832946 0.09534496 2.255577 0.832946 0.07805097 2.278084 0.822317 0.06690597 2.285089 0.832946 0.05556899 2.295373 0.813537 0.02328795 2.303422 0.847734 0.02693897 2.307148 0.678597 0.116962 2.210415 0.680446 0.108892 2.225022 0.688764 0.109852 2.220401 0.807529 0.105625 2.222041 0.714643 0.102935 2.223084 0.815848 0.09688198 2.240076 0.786734 0.08170199 2.22994 0.724347 0.08986896 2.222935 0.685067 0.083624 2.227407 0.688302 0.061526 2.261539 0.783961 0.061526 2.261539 0.789045 0.06248694 2.262434 0.789045 0.03914099 2.277637 0.78581 0.02789998 2.283151 0.810302 0.018004 2.309086 0.743294 0.02261596 2.305807 0.67906 0.00147897 2.318178 0.683681 0.012528 2.313856 0.682756 0.02319198 2.30849 0.682294 -0.01571899 2.312812 0.888401 0.005705952 2.308937 1.06031 3.8e-5 2.305062 1.061697 0.03587394 2.298653 0.680446 -0.02494198 2.308788 0.688764 -0.02042597 2.309831 0.777029 -0.01437395 2.310726 0.830173 -0.02542197 2.307595 1.061697 -0.03589498 2.298653 0.832946 -0.05558997 2.295373 1.061697 -0.06750297 2.280468 0.832946 -0.07807195 2.278084 0.832946 -0.09536498 2.255577 0.822317 -0.08527696 2.266756 0.815386 -0.100746 2.228897 0.789045 -0.077591 2.239033 0.78581 -0.08316397 2.227854 0.789045 -0.06250798 2.262434 0.783961 -0.06154698 2.261539 0.786734 -0.02993798 2.281661 0.688302 -0.06154698 2.261539 0.807529 -0.02205997 2.305658 0.815848 -0.04021799 2.296864 0.724347 -0.02282798 2.289859 0.684605 -0.08345198 2.228003 1.061697 -0.09094595 2.252596 0.71834 -0.09104198 2.223531 0.686916 -0.1092 2.221594 0.680446 -0.101899 2.228003 0.676287 -0.115061 2.224426 0.675363 -0.09478896 2.230537 1.06031 -0.103436 2.218315 0.682756 -0.112947 2.18448 0.683219 -0.113908 2.199981 0.681832 -0.112563 2.216824 0.688764 -0.1098729 2.179562 0.680446 -0.10872 2.17509 0.714643 -0.102955 2.176879 0.684143 -0.103628 2.175686 0.724347 -0.08988898 2.177177 0.680446 -0.102475 2.172705 0.67906 -0.09373199 2.170619 1.06031 -0.103436 2.181797 1.061697 -0.09094595 2.147516 0.786734 -0.08172297 2.170022 0.815848 -0.09690296 2.159887 0.832946 -0.09536498 2.144386 0.832946 -0.07807195 2.121879 1.061697 -0.06750297 2.119494 0.832946 -0.05558997 2.104589 1.06031 -0.03589498 2.10131 0.827863 -0.02426898 2.091622 0.807529 -0.01542997 2.090132 0.71834 -0.01744794 2.089237 0.685067 -0.08364397 2.172556 0.688302 -0.06154698 2.138424 0.783961 -0.06154698 2.138424 0.684605 -0.02801597 2.116812 0.78581 -0.02791994 2.116812 0.789045 -0.06250798 2.137529 0.789045 -0.039065 2.122475 0.822317 -0.06673496 2.114576 0.814923 -0.02907299 2.100118 0.806605 -0.02311599 2.098031 1.061697 0.067483 2.280468 1.062159 0.03596997 2.10131 0.682756 0.01569795 2.087151 0.832484 0.01339197 2.090281 0.888401 3.8e-5 2.090877 1.061697 -5.8e-5 2.094901 0.683219 3.8e-5 2.086107 0.688764 0.02040594 2.090132 0.810764 0.02021396 2.09192 0.845886 0.02905297 2.093112 0.796439 0.023 2.102205 0.676287 -0.02484595 2.314601 0.676749 0.114944 2.175537 0.680446 0.101878 2.17196 -0.02290397 0.118883 1.934523 -0.01504796 0.003495991 1.930052 0.07737696 8.06e-4 1.930052 0.04641395 -0.004765987 1.922897 0.020998 -0.164636 2.08566 0.04456597 -0.133123 2.092963 0.03116399 -0.157815 2.102503 0.679984 0.077955 2.152584 0.675363 0.09476798 2.169426 -0.02428996 0.003207981 1.942125 -0.07235097 -0.02849698 2.071351 0.04502797 -0.01687198 1.919916 0.04502797 -0.02013796 1.917084 0.03902 -0.01879298 1.917979 0.686916 0.10918 2.178369 -0.08991199 -0.006206989 2.065687 -0.108859 -0.006302952 2.065687 -0.08991199 -0.004285991 2.067625 0.175809 -0.127263 1.935716 0.166104 -0.141194 1.929605 0.179506 -0.123804 1.930052 0.07460397 -0.04732799 1.919767 0.07552796 -0.04828798 1.92871 0.07414197 -0.01763999 1.928561 0.07460397 -0.01946598 1.919618 0.04780095 -0.018121 1.920065 0.677211 0.114848 2.224724 -0.108859 -0.184235 2.215632 -0.108859 -0.184235 2.243653 -0.108859 -0.182314 2.245591 -0.108859 -0.15426 2.245591 -0.108859 -0.171265 2.24097 -0.108859 -0.182026 2.227108 0.02238398 -0.165116 2.11398 0.02238398 -0.170593 2.122624 0.679522 0.02741897 2.295075 0.675363 0.04317599 2.283897 0.676749 0.02482497 2.31475 0.675363 0.05633795 2.303124 0.675363 0.09476798 2.230537 0.675363 0.103127 2.256322 0.675363 0.08304697 2.283151 0.67906 0.09371197 2.229493 0.679522 0.07219099 2.255726 -0.07789599 -0.004477977 2.017246 -0.06172198 0.003495991 2.014414 -0.04185098 0.003495991 1.99772 -0.04277497 -0.004477977 1.990715 -0.029374 0.003495991 1.975363 0.07691395 -0.01994597 1.929605 0.409642 -0.130049 1.904713 0.39393 -0.128031 1.902328 0.429976 -0.128223 1.912315 1.14072 -0.103436 2.181946 1.115303 -0.103436 2.181797 1.137485 -0.103436 2.181946 1.199409 -0.01552695 2.110551 1.143954 -0.01370096 2.098776 1.241 -0.01639097 2.107868 1.145803 0.01214295 2.098926 1.142106 -0.003324985 2.094454 0.351415 -0.128704 1.938249 0.34818 -0.125053 1.960011 0.356036 -0.125053 1.921109 1.137485 -0.04838395 2.106825 1.138871 -0.01773595 2.096839 1.137485 -0.02369296 2.116513 1.137485 -0.074229 2.125755 1.137485 -0.05184298 2.141405 1.137485 -0.09315598 2.151689 1.137485 -0.08345198 2.176282 1.146727 -0.023597 2.124264 0.04502797 -0.13418 2.240821 0.04410398 -0.135717 2.241417 0.04317998 -0.1374469 2.213843 1.259485 -0.09229099 2.182394 1.278894 -0.098248 2.181201 1.241462 -0.09795898 2.187461 0.307051 -0.121882 1.909632 0.323688 -0.125053 1.890255 0.288104 -0.124957 1.927816 -0.125033 -0.03426098 2.245591 -0.108859 -0.03426098 2.245591 -0.108859 -0.02282798 2.243355 -0.125033 -0.01658296 2.240374 -0.108859 -0.009281992 2.232325 -0.125033 -0.006590962 2.227108 -0.108859 -0.004285991 2.215632 -0.126881 -0.004957973 2.214737 1.199871 -0.08979296 2.215483 1.241 -0.09209895 2.216377 1.259485 -0.09286695 2.217569 -0.08482795 -0.1043 2.259452 -0.08991199 -0.102859 2.258856 -0.08991199 -0.11583 2.250211 -0.01550996 0.123111 1.93184 -0.02197998 0.123879 1.941976 -0.008577942 0.12532 1.935865 -0.01597195 0.126954 1.940932 -0.01643395 0.124936 1.94764 -0.09314697 0.003207981 2.036325 -0.09360897 0.09505701 2.039007 -0.09407097 0.114944 2.0323 -0.09869199 -0.004285991 2.032449 -0.09129798 0.003495991 2.02604 0.04733896 -0.08143395 2.092069 0.04271697 -0.08748698 2.089088 0.03070199 -0.063564 2.080145 -0.01504796 0.118691 1.930052 0.100021 0.12484 1.932884 -0.003956973 0.120036 1.930052 0.103718 -0.158007 2.075078 0.105104 -0.129953 2.074929 0.101869 -0.128992 2.078207 0.101869 -0.160697 2.077462 0.101869 -0.179816 2.089535 0.101869 -0.16771 2.073438 0.100021 -0.181641 2.084915 0.101869 -0.126206 2.091175 0.101869 -0.12121 2.092963 0.101869 -0.119961 2.13425 0.101869 -0.135333 2.199534 0.102331 -0.130433 2.165402 0.101869 -0.1851 2.19864 0.100021 -0.1850039 2.09669 0.104642 -0.164156 2.073289 0.09123998 -0.155221 2.075823 0.08708095 -0.06183499 2.079996 0.05334597 -0.098248 2.106378 0.05519497 -0.110161 2.122028 0.05242198 -0.121018 2.138424 0.049187 -0.133604 2.177177 0.04780095 -0.134853 2.208776 1.144417 -0.07682299 2.176432 0.248362 -0.129088 2.074929 0.1490049 -0.1590639 2.074929 0.150854 -0.165405 2.071053 -0.09129798 0.123207 2.030064 -0.088063 0.1197479 2.041839 0.001125991 0.127338 1.936014 1.146727 -0.07586199 2.223531 1.137485 -0.08345198 2.22368 1.137947 -0.103051 2.218166 0.05057299 -0.064525 2.318923 0.05195999 -0.030034 2.331593 0.04595196 -0.06346797 2.328165 0.101869 0.127914 2.068072 0.101869 0.132238 2.068072 0.101407 0.141845 2.067625 0.100483 0.132142 2.064942 0.08893001 0.137906 2.076717 0.341248 -0.126686 2.072842 0.330157 -0.129953 2.072991 0.34171 -0.129953 2.069861 0.352339 -0.124957 2.067178 0.330157 -0.125053 2.078506 0.354188 -0.126782 2.055105 0.350029 -0.129953 2.061514 0.352801 -0.129953 2.050037 -0.068654 0.105529 2.364682 -0.07373696 0.09966796 2.346498 -0.06588095 0.100053 2.371687 0.04502797 -0.06788796 2.348435 0.03624796 -0.08047395 2.330251 -0.06957799 0.105913 2.334126 0.102793 0.130412 2.165551 0.103718 0.118499 2.134996 0.101869 0.120613 2.132164 -0.03307098 -0.04319596 2.450088 -0.03538095 -0.04031395 2.453367 -0.04508596 -0.04799997 2.450088 0.04502797 -0.03147494 2.3383 -0.066343 0.109852 2.320265 -0.08113098 0.105529 2.324289 -0.08159297 0.1002449 2.337853 -0.08991199 0.100053 2.434437 -0.08575296 0.100341 2.319818 -0.08991199 0.099572 2.293585 -0.004418969 0.09985995 2.434735 -0.001645982 0.08948397 2.448299 -0.08991199 0.094096 2.444125 -0.08991199 0.08429598 2.44964 0.008981943 0.09428799 2.440101 0.00713396 0.09995597 2.409993 0.001125991 0.100053 2.366023 0.01868695 0.09246295 2.413272 0.008519947 0.100821 2.333977 0.002050995 0.101302 2.339194 -0.08482795 0.104184 2.320563 -0.08436596 0.178258 2.251851 -0.08482795 0.106586 2.257664 0.311672 0.121958 1.903372 0.341248 0.125032 1.870879 0.332006 0.121958 1.876841 -0.08991199 -0.04502195 2.454857 -0.08991199 -0.04502195 2.460074 -0.08991199 0.04500097 2.460074 -0.08991199 -0.04751998 2.450684 -0.08991199 0.04519295 2.453665 -0.08991199 0.047499 2.450684 0.001125991 0.201605 2.044373 0.001125991 0.127338 2.043926 0.003898978 0.127146 2.048249 0.408718 -0.1253409 1.898006 0.443839 -0.125053 1.92096 -0.07050299 -0.101995 2.364682 -0.05710095 -0.09997695 2.374966 -0.08066898 -0.09997695 2.339343 0.295036 -0.124669 2.066432 0.279786 -0.125149 2.066582 0.01221698 -0.123804 2.30223 0.003436982 -0.1027629 2.330997 -0.001183986 -0.1092 2.321159 0.310286 -0.129953 2.03856 0.305203 -0.126878 2.051677 0.319066 -0.126782 2.027232 -0.06172198 -0.105261 2.3696 -0.00534296 0.187481 2.089684 -0.03815394 0.177009 2.079996 -0.04508596 0.189979 2.094007 0.356498 -0.129664 1.97104 0.365741 -0.125533 1.986393 0.307051 -0.129953 2.050037 0.304278 -0.125053 2.038709 0.335241 -0.125053 2.024102 -0.047396 0.184983 2.074779 0.45262 -0.124957 1.960607 0.44615 -0.129857 1.934076 0.110649 0.127338 1.936014 0.110649 0.199779 1.935865 0.110649 0.199587 2.043181 0.110649 0.127338 2.043926 0.107877 0.20026 2.048398 0.108339 0.127242 2.048249 0.110649 0.201893 2.043032 0.350029 -0.129953 2.03856 0.34171 -0.129953 2.030064 0.330157 -0.129953 2.026934 0.318604 -0.129953 2.030064 0.310286 -0.129953 2.061514 0.403173 -0.125629 1.99936 0.389309 -0.130145 1.993845 0.319066 -0.126782 2.072395 -2.6e-4 -0.105357 2.335915 0.001589 -0.1008419 2.339194 0.353726 -0.125053 2.03707 0.01545196 0.15203 2.09669 0.002512991 0.1442469 2.082381 0.04502797 0.13464 2.097435 0.04595196 0.103703 2.101161 0.04179298 0.08708196 2.088194 0.03809595 0.143575 2.13738 -0.002107977 0.143383 2.083424 -0.003956973 0.1506839 2.088045 0.002974987 0.184983 2.097286 0.008981943 0.18335 2.105335 0.020998 0.1724939 2.122624 -0.003032982 0.182582 2.089386 -0.01273697 0.159523 2.078207 0.001125991 0.189211 2.098478 -0.002570986 0.140404 2.079996 0.01406598 0.185176 2.126649 0.679984 -0.07787996 2.247379 0.67906 0.00781995 2.082977 0.676287 0.024921 2.085511 0.680446 0.024921 2.091175 0.677673 -0.115926 2.178518 0.590794 0.114848 2.032896 0.62037 0.115329 2.075972 0.621294 0.114176 2.032896 0.68137 -0.021483 2.087449 0.679522 -0.02734398 2.10444 0.675363 -0.04367697 2.116663 0.678135 -0.02157896 2.084319 0.679522 -0.07221096 2.144237 0.624991 0.02741897 2.084468 0.623605 -0.02695995 2.08089 0.622218 0.04797995 2.080592 0.373597 -0.015046 2.318774 0.370362 3.8e-5 2.317433 0.370362 -0.02868896 2.314005 0.62684 0.05268698 2.093411 0.653643 0.036354 2.088194 0.620832 -0.119096 2.085213 0.616211 -0.125053 2.085362 0.617597 -0.123708 2.074183 0.619908 -0.114965 2.075376 0.624529 -0.116118 2.083424 0.594029 8.06e-4 2.030064 0.591256 0.113503 2.030064 0.590794 0.08496898 2.030064 0.62684 -0.04262 2.08879 0.624529 -0.08546996 2.109359 0.630999 -0.08095395 2.114576 0.629612 -0.100938 2.139467 0.624529 -0.116118 2.144088 0.62915 -0.116694 2.176282 0.614362 -0.117463 2.099224 0.453544 0.125032 1.946 0.43968 0.128587 1.91783 0.450309 0.127722 1.960458 1.71791 0.08093297 2.105186 1.713289 0.09649795 2.119047 1.713289 0.118403 2.156906 0.590794 -0.113524 2.031108 0.590794 -0.08498895 2.030064 1.601918 -0.01350897 2.337406 1.599145 -0.01514196 2.345603 1.592675 -0.02196395 2.338151 0.379604 0.125032 1.998913 0.374521 0.12753 1.994292 0.352801 0.125609 1.97119 0.429514 0.125032 1.906651 1.71791 0.116001 2.1578 0.429514 0.128107 1.990417 0.410104 0.125032 2.00249 0.43737 0.125032 1.987436 0.445226 0.130028 1.960309 0.445226 0.130028 1.93974 0.435983 0.130028 1.921258 0.435983 0.130028 1.978791 0.419809 0.130028 1.90844 0.419809 0.130028 1.991609 0.399938 0.130028 1.903819 0.399938 0.130028 1.99623 0.380067 0.130028 1.90844 0.380067 0.130028 1.991609 0.363892 0.130028 1.921258 0.363892 0.130028 1.978791 0.355112 0.130028 1.93974 0.355112 0.130028 1.960309 0.617597 0.123399 2.074481 0.479423 0.124168 1.890553 0.549203 0.125032 1.976406 0.394392 0.127722 1.999956 1.713289 0.125993 2.199981 1.71791 0.122919 2.222488 0.591718 0.11773 2.039305 0.479885 0.121958 1.889957 0.588021 -0.113812 2.030511 0.590794 -0.114965 2.033045 0.584787 -0.11362 2.029617 0.592181 -0.117655 2.039753 0.62037 -0.114677 2.032598 0.479885 -0.123516 1.890106 0.554287 -0.124861 1.981772 0.356036 0.128011 1.939889 0.35696 0.125513 1.918575 -0.06726795 0.109852 2.350075 -0.003032982 0.110044 2.350075 0.399938 0.128011 1.904713 0.380529 0.128011 1.909185 0.438294 0.124936 1.859551 0.455855 0.121958 1.867004 0.425354 0.121958 1.853291 1.713289 0.062967 2.309086 1.71791 0.04259896 2.316539 1.71791 0.094576 2.279276 1.713289 0.118403 2.243057 1.713289 0.09649795 2.280916 -0.04185098 0.04644197 2.450088 -0.04508596 0.04500097 2.460074 -0.03676795 0.03981298 2.460372 -0.03399497 0.03904396 2.450386 0.101869 0.1373299 2.199236 0.105104 0.134928 2.197001 -0.00672996 0.105048 2.369302 -0.03445696 0.09976398 2.37437 0.05519497 0.06037294 2.320861 0.049187 0.07881999 2.310129 0.04502797 0.09438395 2.297013 -0.001183986 0.1092759 2.321159 2.02e-4 0.10649 2.328015 2.02e-4 0.104952 2.339194 0.100945 0.134928 2.202217 1.241462 -0.09882396 2.212054 1.260871 -0.09997695 2.210713 1.257174 -0.09565401 2.216079 1.149038 -0.102091 2.211607 1.144879 -0.09555798 2.216675 1.242849 -0.076631 2.222041 -0.132889 -0.109969 1.957924 -0.131503 -0.114965 1.965228 1.137485 0.05191898 2.258707 1.137485 0.08352798 2.22368 1.115303 0.103415 2.218166 1.137485 0.09323096 2.248423 1.115303 0.09092497 2.252447 1.137485 0.07420796 2.274208 1.115303 0.067483 2.280468 1.137485 0.04836398 2.293138 1.115303 0.03587394 2.298653 1.115303 3.8e-5 2.305062 1.137947 0.01790797 2.097137 1.115303 0.03587394 2.10131 1.137485 0.04836398 2.106825 1.115303 0.067483 2.119643 1.137485 0.07420796 2.125755 1.115303 0.09092497 2.147516 1.137485 0.09323096 2.151689 1.115303 0.103415 2.181797 1.165674 0.01608198 2.110104 1.115303 3.8e-5 2.09505 1.115303 -0.09094595 2.147516 1.115303 -0.06750297 2.119643 1.115303 -0.03589498 2.10131 1.143492 -0.105453 2.197448 1.115303 -0.103436 2.218166 1.137485 -0.09315598 2.248423 1.115303 -0.09094595 2.252447 1.137485 -0.074229 2.274208 1.115303 -0.06750297 2.280468 1.137485 -0.04838395 2.293138 1.115303 -0.03589498 2.298653 -0.115328 -0.065678 1.981474 -0.161541 -0.065678 1.98058 -0.127344 -0.065678 1.971786 -0.136124 -0.062123 2.015606 -0.1587679 -0.06250798 1.996528 -0.100078 -0.065678 1.985051 -0.08482795 -0.065678 1.981474 -0.07281297 -0.065678 1.971786 -0.06218397 -0.06490898 2.002043 -0.06588095 -0.065678 1.957775 -0.004880964 -0.06500595 1.915743 -0.06588095 -0.065678 1.942274 -0.07281297 -0.065678 1.928114 -0.08482795 -0.065678 1.918426 -0.129654 -0.06596601 1.888318 -0.100078 -0.065678 1.914998 -0.134275 -0.065678 1.942274 -0.134275 -0.065678 1.957775 -0.172169 -0.06221896 1.970146 -0.146291 -0.062123 1.890852 -0.1199499 -0.06289196 1.878331 -0.03815394 -0.06500595 1.974022 -0.00672996 -0.06510198 1.944211 -0.05525195 -0.06241095 1.888765 0.03578597 -0.06442898 1.920214 0.02284598 -0.06894499 1.931989 -0.09083598 -0.06231498 1.875798 -0.08991199 -0.174051 2.071202 -0.08991199 -0.014566 2.06688 -0.08991199 -0.01610296 2.071053 -0.08991199 -0.184235 2.076568 -0.08991199 -0.174244 2.065687 1.476682 -0.03570199 2.294926 1.474834 -0.03916096 2.30536 1.455887 -0.03839296 2.305211 -0.04554796 -0.03080296 2.074481 -0.03630495 -0.02888095 2.079996 -0.05432796 -0.03983396 2.080145 -0.06541895 -0.03166699 2.075525 -0.048783 -0.02253997 2.071053 0.675825 0.06219899 2.133058 0.675363 0.05633795 2.096839 0.675363 0.03049397 2.105186 0.675363 0.08304697 2.116961 0.675363 0.103127 2.143641 0.684143 -0.02426898 2.303571 0.680446 -0.02734398 2.302379 0.714643 -0.02311599 2.302975 -0.07188898 -0.01360499 2.064644 -0.07235097 0.008203983 2.064942 -0.08991199 1.34e-4 2.065985 -0.08991199 0.009452998 2.067029 1.137485 0.05864399 2.148112 1.137485 0.02367198 2.116513 1.144417 0.02376794 2.123072 1.144879 0.07055699 2.163166 1.147189 0.05095797 2.141554 -0.06588095 0.03712296 2.079102 -0.04785895 0.03222298 2.075823 -0.048783 0.025882 2.071202 -0.07096499 0.03049397 2.07314 -0.048783 -0.170016 2.071053 -0.08991199 -0.1899999 2.087151 -0.04092699 0.03452897 2.079996 -0.04277497 0.03318399 2.078506 -0.04462397 0.02520996 2.074332 -0.04092699 0.02251899 2.078357 -0.03538095 0.02251899 2.079996 1.137485 -0.058761 2.252 -0.08991199 0.179507 2.250062 -0.08991199 0.1437669 2.249764 -0.08667695 0.14271 2.250808 -0.04508596 -0.04502195 2.455006 -0.03584295 -0.04165899 2.46067 0.127286 0.127338 1.936014 0.127286 0.127338 2.043926 0.132369 0.127338 2.039007 0.132369 0.127338 1.940932 -0.001645982 0.125128 2.063601 -0.005804955 0.125032 2.065836 -0.001645982 0.128683 2.065389 0.099096 0.125032 2.06211 0.099096 0.1268579 2.064644 -0.001645982 0.11504 2.074929 -0.003032982 0.134544 2.074779 -0.003494977 0.126473 2.070457 -0.001645982 0.132238 2.065389 -0.003032982 0.143863 2.068072 0.002512991 0.155584 2.081636 -0.068654 -0.104973 2.363489 -0.07003998 -0.104973 2.342026 2.02e-4 -0.104973 2.342026 -0.001645982 -0.104973 2.363489 -0.009964942 -0.104973 2.370048 -0.05987399 -0.104973 2.370048 0.006209969 0.142038 2.085064 0.006209969 0.1405 2.081487 0.01637595 0.141942 2.084915 0.03717195 0.1423259 2.086554 0.02007299 0.139348 2.080443 0.009906947 0.152414 2.092218 0.01406598 0.153086 2.097882 0.01452797 0.16058 2.098478 0.09170198 0.162021 2.197746 0.101869 0.161253 2.200578 0.675363 -0.05635899 2.303124 0.675363 -0.030514 2.294777 0.675363 -0.08306795 2.283151 0.675363 -0.103148 2.256322 0.679984 -0.04742395 2.122028 0.624067 0.116962 2.086107 0.624529 0.116578 2.144237 0.624529 0.08535295 2.109508 0.435521 0.128011 1.978195 0.419809 0.128011 1.990715 0.399938 0.128011 1.995187 0.380529 0.128011 1.990715 0.364816 0.128011 1.978195 0.356036 0.128011 1.960011 0.419809 0.128011 1.909185 0.435521 0.128011 1.921854 0.444301 0.128011 1.939889 0.444301 0.128011 1.960011 0.267309 0.125032 1.93497 0.292263 0.124936 1.926624 0.313059 0.125032 1.903968 0.402248 0.12532 1.899496 0.40271 0.125032 1.8518 0.610203 0.125032 2.087002 0.619908 0.12436 2.083424 0.127286 0.125032 1.935567 0.267309 0.123495 1.931393 0.105104 0.123495 2.089684 0.610203 0.124168 2.089088 0.132369 0.125032 1.940932 0.132369 0.125032 2.039007 0.127286 0.125032 2.043926 -0.01042699 0.125032 2.043926 0.10418 0.125032 2.065985 0.105104 0.125032 2.087002 -0.01550996 0.125032 2.039007 -0.02752494 0.124648 2.07001 -0.08482795 0.124264 2.03543 -0.04970699 0.124936 2.012476 -0.02567696 0.1247439 1.978344 -0.03029799 0.114944 2.074481 -0.00534296 0.12215 2.072544 0.585249 0.114368 2.030362 1.713289 0.02184695 2.32414 1.716062 -0.022156 2.323991 1.713289 -0.02186799 2.075972 1.716062 0.02213495 2.075972 1.71791 -0.115926 2.1578 1.71791 -0.06173896 2.30685 1.713289 0.062967 2.090877 -0.001645982 0.104952 2.363489 2.02e-4 0.104952 2.349926 -0.07003998 0.104952 2.349926 -0.068654 0.104952 2.363489 -0.05987399 0.104952 2.370048 -0.009964942 0.104952 2.370048 0.03532296 -0.109681 1.929008 0.07737696 -0.1077589 1.930052 0.05750495 -0.112851 1.926922 -0.078821 -0.07009798 1.923792 -0.066343 -0.07038599 1.950472 -0.07928299 -0.07009798 1.976555 -0.101927 -0.117271 2.034536 -0.097768 -0.114773 2.023804 -0.08528995 -0.106991 2.023357 -0.08667695 -0.114677 2.018438 1.475758 0.013969 2.305062 1.478069 0.00455296 2.299994 -0.118101 -0.070194 1.97894 -0.04600995 7.1e-4 1.980133 -0.155533 7.1e-4 1.921407 -0.05710095 7.1e-4 1.907247 -0.09453296 9.98e-4 1.888765 -0.124109 9.98e-4 1.893833 -0.144904 -5.39e-4 1.906502 -0.076972 -5.39e-4 1.892938 -0.08251798 0.001094996 2.010241 -0.1398209 8.06e-4 1.998764 -0.10054 -5.39e-4 2.013222 -0.124571 -5.39e-4 2.008452 -0.05663895 -5.39e-4 1.994889 0.010369 -0.165116 2.089833 0.005747973 -0.162811 2.080741 0.110187 0.201893 1.936014 0.001589 0.201605 1.936163 0.71834 0.091021 2.176581 0.684143 0.1036069 2.224277 0.680446 0.102454 2.227258 -0.08991199 0.174319 2.0715 -0.08991199 0.18335 2.075823 -0.047396 0.15741 2.070159 -0.07281297 0.155392 2.071202 -0.08991199 0.01050996 2.07001 0.2479 -0.130721 1.974618 0.280248 -0.125053 1.967016 0.251597 -0.1343719 1.981921 0.185051 -0.1258209 1.967612 0.218324 -0.125245 1.93661 0.185051 -0.129857 1.972978 0.186899 -0.151762 1.976853 0.217862 -0.135045 1.975065 0.220172 -0.14225 1.979834 0.2210969 -0.14446 1.985051 0.188286 -0.155317 1.98371 0.176271 -0.158199 1.973425 0.153165 -0.167038 2.064942 0.178119 -0.128127 1.970891 0.267309 -0.121978 1.930052 0.185051 -0.135045 1.975065 0.176271 -0.134468 1.970444 0.144846 -0.166461 1.932586 0.174422 -0.155797 1.93661 0.1702629 -0.161369 1.940485 0.142074 -0.168287 1.938995 0.07968699 -0.167999 1.93348 0.01683896 -0.167903 1.915296 0.359733 -0.123323 1.858359 0.399938 -0.125053 1.8518 0.380067 -0.125053 1.902478 0.45493 -0.124957 1.868345 0.425354 -0.123227 1.853291 0.430438 -0.124957 1.994143 0.610203 -0.124092 2.089088 0.105104 -0.124957 2.087002 0.105104 -0.123035 2.089535 0.245127 -0.125245 2.077313 0.105104 -0.125725 2.078207 1.145803 -0.103051 2.196106 1.142106 -0.09940099 2.182841 0.433211 -0.130049 1.983263 0.101869 0.156161 2.085213 0.100483 0.162021 2.096839 0.098634 0.156449 2.081039 -0.068192 -0.104877 2.364384 -0.07003998 -0.105453 2.337853 -0.07281297 -0.101418 2.33204 -0.06957799 -0.108047 2.324289 -0.068654 -0.109296 2.320861 -0.06726795 -0.109969 2.342175 0.675363 -0.09478896 2.169426 1.371318 -0.04031395 2.291945 1.374553 -0.03973799 2.305509 1.355144 -0.03848898 2.29284 1.356068 -0.03848898 2.30536 -0.06495696 -0.114965 1.950024 -0.06726795 -0.109969 1.942125 -0.1093209 -0.175204 2.071202 -0.108859 -0.184235 2.095646 -0.125033 -0.182026 2.08417 -0.125033 -0.184235 2.095646 -0.108859 -0.184235 2.075674 -0.108859 -0.174244 2.065687 1.574652 -0.152338 2.229046 1.574652 -0.119 2.228748 0.610203 0.118883 2.09043 0.105104 0.118403 2.090877 -0.07003998 -0.009953975 2.068072 -0.07003998 0.005033969 2.068072 0.714643 0.02309596 2.097137 0.680446 0.02732294 2.097584 0.684143 0.02434498 2.096392 0.67906 0.029437 2.106229 0.627764 0.102935 2.139467 0.62915 0.11677 2.175984 0.533491 0.05998897 2.301485 0.533491 0.05941295 2.340089 0.553824 0.05941295 2.301634 0.553362 0.05912399 2.340089 -0.08991199 -0.001498997 2.067625 -0.123184 -0.001498997 2.067625 -0.123184 4.22e-4 2.065687 0.684605 0.027996 2.2833 -0.002570986 -0.1098729 2.342324 -0.08991199 0.008491992 2.245591 -0.123184 0.008491992 2.245591 -0.08991199 -0.001498997 2.235604 -0.123184 -0.001498997 2.235604 -0.08991199 -0.004285991 2.235604 -0.108859 -0.004285991 2.235604 -0.08991199 -0.01427799 2.245591 -0.108859 -0.01427799 2.245591 -0.125033 -0.07682299 2.255279 -0.125033 -0.06000995 2.250659 -0.1093209 -0.08085799 2.256173 -0.108859 -0.06000995 2.250659 -0.08991199 -0.08998495 2.260645 -0.108859 -0.08998495 2.260645 -0.08991199 -0.079993 2.250659 -0.108859 -0.079993 2.250659 -0.01550996 0.127338 2.039007 -0.123184 0.176433 2.245591 -0.08991199 0.176433 2.245591 -0.123184 0.17845 2.243653 -0.08991199 0.17845 2.243653 0.105104 0.117538 2.092963 0.101869 0.119172 2.092963 0.103718 0.117538 2.130971 -0.08991199 0.108892 2.252596 -0.1093209 0.08218199 2.257217 -0.108859 0.05998897 2.250659 -0.125033 0.07766699 2.255577 -0.126881 0.05931597 2.250808 -0.007191956 -0.104877 2.3696 -0.004880964 -0.100169 2.371687 -0.108859 -0.070001 2.450684 -0.108859 -0.08998495 2.430711 -0.08991199 -0.07038599 2.450237 -0.08991199 -0.08998495 2.430711 -0.108859 0.08996498 2.253639 -0.08991199 0.08996498 2.253639 -0.108859 0.086986 2.250659 -0.08991199 0.086986 2.250659 0.553362 -0.05981695 2.301336 0.553362 -0.05933696 2.340089 0.533491 -0.05952894 2.301783 0.533491 -0.05914497 2.340089 2.02e-4 -0.104877 2.359018 6.64e-4 -0.10161 2.364086 2.02e-4 -0.104973 2.33979 0.393468 0.05912399 2.340089 0.393468 0.059605 2.301634 0.373597 0.05941295 2.340089 0.373597 0.05989295 2.301634 0.675363 -0.05635899 2.096839 0.675363 -0.08306795 2.116961 0.675363 -0.103148 2.143641 0.590794 0.08496898 2.033045 0.373597 -0.05914497 2.340089 0.373135 -0.05943298 2.301783 0.393468 -0.05933696 2.340089 0.393468 -0.06000995 2.301485 0.619446 -0.08498895 2.030064 0.590794 -0.08498895 2.033045 0.620832 -0.08498895 2.033045 1.174454 0.01665896 2.28807 1.241 0.01637095 2.292094 1.355606 3.8e-5 2.305062 1.595448 -0.151858 2.193274 1.596372 -0.149168 2.174941 1.594986 -0.151666 2.173898 1.590827 -0.15205 2.170022 1.574652 -0.152338 2.171364 -0.05201798 -0.114965 1.895174 1.453576 0.034913 2.294628 1.456349 0.03914099 2.305509 -0.125033 -0.1716499 2.070904 -0.125033 -0.15426 2.065687 -0.108859 -0.15426 2.065687 -0.08991199 -0.1899999 2.225618 -0.08991199 -0.184235 2.243057 1.356068 0.03904396 2.305509 0.726658 0.02376794 2.288666 0.04225498 -0.139272 2.214737 0.04225498 -0.139272 2.186716 -0.08390396 -0.178471 2.251851 -0.08251798 -0.108624 2.32101 -0.08482795 -0.1042039 2.320563 -0.08667695 -0.100265 2.325482 0.332006 -0.121978 1.876841 1.146727 -0.05088198 2.258409 1.144879 -0.07057797 2.236797 -0.02290397 0.120901 1.950024 -0.02521497 0.116481 1.950024 -0.03260898 0.115136 1.98058 -0.02521497 0.11773 1.941678 -0.04693394 0.11504 2.001745 -0.06125998 0.11504 2.014414 -0.08713901 0.114656 2.023804 1.146727 -0.05847197 2.149006 1.144879 -0.03675895 2.129481 -0.108859 -0.08998495 2.280617 0.101869 0.12705 2.089088 -0.08991199 0.101494 2.262284 -0.108859 0.08996498 2.280617 -0.125033 0.08775496 2.269141 -0.125033 0.08996498 2.280617 0.318604 -0.129953 2.069861 0.745143 -0.02330899 2.097584 0.620832 0.08496898 2.033045 0.619446 0.08496898 2.030064 1.613008 -0.02330899 2.337853 1.594061 -0.03089898 2.3383 1.606077 -0.03541398 2.337406 1.609774 -0.03243595 2.346498 1.601918 -0.03512597 2.343666 0.364816 0.128011 1.921854 2.02e-4 0.104856 2.340834 -0.14398 -0.172514 1.905757 -0.132427 -0.180585 1.895621 -0.161541 -0.180585 1.934374 -0.124109 -0.172514 1.892193 -0.100078 -0.172514 1.887573 -0.100078 -0.180104 1.887423 -0.07604795 -0.172514 1.892193 -0.07604795 -0.180488 1.892342 -0.05571496 -0.172514 1.905757 -0.04554796 -0.180585 1.917681 -0.04231297 -0.172514 1.926027 -0.03769195 -0.172514 1.950024 -0.038616 -0.180585 1.965675 -0.04231297 -0.172514 1.973872 -0.05571496 -0.172514 1.994143 -0.06773 -0.180585 2.004428 -0.07604795 -0.172514 2.007707 -0.100078 -0.172514 2.012476 -0.100078 -0.180104 2.012476 -0.124109 -0.172514 2.007707 -0.123647 -0.180488 2.007558 -0.14398 -0.172514 1.994143 -0.154609 -0.180585 1.982219 -0.157844 -0.172514 1.973872 -0.162465 -0.172514 1.950024 -0.157844 -0.172514 1.926027 -0.100078 -0.141001 1.875052 -0.078821 -0.141001 1.878033 -0.09083598 -0.165597 1.875648 -0.05663895 -0.1659809 1.888914 0.07830095 -0.163387 1.930201 -0.146291 -0.165597 1.890852 -0.120874 -0.141001 1.878033 -0.1199499 -0.165693 1.877884 -0.146291 -0.117751 1.891001 -0.1199499 -0.117367 1.878331 -0.120874 -0.121018 1.878033 -0.136586 -0.1655009 2.015457 -0.1587679 -0.117751 1.996677 -0.1587679 -0.1655009 1.996528 -0.172169 -0.115926 1.970742 -0.172169 -0.165597 1.970444 -0.17448 -0.117847 1.94138 -0.17448 -0.1655009 1.941082 -0.165238 -0.117559 1.913358 -0.165238 -0.1655009 1.913358 -0.03214597 -0.161177 2.073438 -0.01966899 -0.1588709 2.074779 0.08893001 -0.155221 2.074929 -0.001183986 -0.1605049 2.07627 0.08893001 -0.162234 2.077611 0.009906947 -0.1730909 2.09043 0.01545196 -0.1750119 2.09669 0.08893001 0.132238 2.074929 -0.002570986 -0.155221 2.074929 -0.005804955 -0.161177 2.074779 -0.09037399 5.18e-4 2.040945 -0.1693969 -0.004093945 1.955688 -0.155533 -0.004093945 1.902478 -0.158306 -0.004477977 1.926773 -0.144904 -0.004477977 1.906502 -0.105162 -0.004285991 1.880865 -0.124571 -0.004477977 1.892938 -0.10054 -0.004477977 1.888169 -0.076972 -0.004477977 1.892938 -0.05987399 -0.004477977 1.891746 -0.05663895 -0.004477977 1.906502 -0.04277497 -0.004477977 1.926773 -0.03815394 -0.004477977 1.95077 -0.04693394 -0.00514996 1.892193 -0.04277497 -0.004477977 1.974618 -0.05663895 -0.004477977 1.994889 -0.076972 -0.004477977 2.008452 -0.10054 -0.004477977 2.013222 -0.124571 -0.004477977 2.008452 -0.144904 -0.004477977 1.994889 -0.1199499 -0.007263958 1.877735 -0.09037399 -0.006975948 1.875648 -0.17448 -0.007359981 1.941529 -0.172169 -0.007359981 1.970593 -0.1587679 -0.006975948 1.996677 -0.136586 -0.007359981 2.015457 -0.09869199 -0.008224964 2.036325 -0.136586 -0.117367 2.015606 0.131445 -0.159736 1.930052 0.03532296 -0.074997 1.930052 0.07691395 -0.072595 1.930052 0.03532296 -0.07009798 1.928263 0.05842995 -0.06500595 1.92409 0.01360398 -0.05962496 1.910824 0.03578597 -0.009473979 1.917233 0.05935394 -0.007167994 1.924239 -0.078821 -0.05895298 1.878033 -0.078821 -0.03896898 1.878033 -0.100078 -0.03896898 1.875052 -0.120874 -0.03896898 1.878033 -0.120874 -0.05895298 1.878033 -0.100078 -0.05895298 1.875052 -0.146291 -0.009473979 1.891001 0.147157 0.120036 1.930052 0.267309 0.120036 1.930052 0.28071 0.120325 1.928263 0.28071 -0.121978 1.928114 0.301044 0.01185494 1.916637 0.303816 0.12167 1.914252 0.359733 0.121958 1.858508 0.372673 0.124168 1.854782 0.392082 0.121958 1.85031 0.455855 -0.121978 1.867004 0.392082 -0.121978 1.85031 -0.100078 -0.172034 1.902478 -0.120412 -0.172034 1.907247 -0.145828 -0.172034 1.903968 -0.137048 -0.172034 1.920364 -0.160154 -0.172034 1.925133 -0.146291 -0.172034 1.939442 -0.164775 -0.172034 1.950024 -0.146291 -0.172034 1.960607 -0.160154 -0.172034 1.974916 -0.137048 -0.172034 1.979685 -0.120412 -0.172034 1.992802 -0.145828 -0.172034 1.995932 -0.100078 -0.172034 1.997571 -0.07512396 -0.172034 2.010092 -0.125033 -0.172034 2.010092 -0.100078 -0.172034 2.01501 -0.05386596 -0.172034 1.995932 -0.07928299 -0.172034 1.992802 -0.06264597 -0.172034 1.979685 -0.04000198 -0.172034 1.974916 -0.05386596 -0.172034 1.960607 -0.03491896 -0.172034 1.950024 -0.05386596 -0.172034 1.939442 -0.04000198 -0.172034 1.925133 -0.06264597 -0.172034 1.920364 -0.07928299 -0.172034 1.907247 -0.125033 -0.172034 1.889957 -0.05386596 -0.172034 1.903968 -0.07512396 -0.172034 1.889957 -0.100078 -0.172034 1.885039 -0.1079339 -0.114965 1.915892 -0.156919 -0.114581 1.90993 -0.09222197 -0.114965 1.915892 -0.078359 -0.114965 1.922599 -0.068654 -0.114965 1.934821 -0.09222197 -0.114965 1.984157 -0.144904 -0.114965 2.002788 1.593599 -0.13908 2.169426 1.604228 -0.147054 2.172258 1.575577 -0.119384 2.171066 1.57419 -0.121306 2.193721 -0.08575296 -0.109777 1.919618 1.063545 2.3e-4 2.30849 1.063545 -0.03704696 2.301932 1.063545 -0.06971299 2.283151 1.063545 -0.09392398 2.254236 1.064007 -0.106702 2.21906 1.063545 -0.106798 2.18135 1.063545 -0.09392398 2.145727 1.063545 -0.03723996 2.09818 1.063545 -0.06971299 2.116961 1.063545 -5.8e-5 2.091473 1.063545 0.03712296 2.098031 1.063545 0.06969296 2.116812 1.063545 0.09390395 2.145727 1.064007 0.106682 2.180903 1.063545 0.03712296 2.301932 1.063545 0.06978899 2.283151 1.063545 0.09399998 2.254236 1.063545 0.106778 2.218613 1.455425 -0.01408499 2.305062 1.453576 -0.004189968 2.300739 1.675395 -0.09728699 2.281661 1.675395 -0.06346797 2.30998 1.675395 -0.113139 2.294628 1.675395 -0.02205997 2.325034 1.675395 -0.07384395 2.327717 1.675395 0.07372796 2.327717 1.675395 0.02549797 2.345305 1.675395 0.02203899 2.325034 1.675395 0.06354397 2.30998 1.675395 0.113023 2.294926 1.675395 0.09726595 2.281661 1.675395 0.138579 2.25051 1.675395 0.119364 2.243504 1.675395 0.126954 2.199981 1.675395 0.14761 2.199981 1.675395 0.119364 2.156608 1.675395 0.138675 2.149602 1.675395 0.09726595 2.118302 1.675395 0.113119 2.105335 1.675395 0.06354397 2.089983 1.675395 0.02203899 2.074929 1.675395 0.07382398 2.072246 1.675395 -0.07365196 2.072246 1.675395 -0.02542197 2.054658 1.675395 -0.02205997 2.074929 1.675395 -0.06346797 2.089983 1.675395 -0.112947 2.105036 1.675395 -0.09728699 2.118302 1.675395 -0.1386 2.149453 1.675395 -0.119384 2.156608 1.675395 -0.126974 2.199981 1.675395 -0.147535 2.199981 1.675395 -0.119384 2.243504 1.675395 -0.138696 2.25036 1.674933 -0.02571099 2.345305 1.674933 0.02568995 2.054658 1.467902 -0.030514 2.305062 1.465129 -0.03320395 2.305062 1.461894 -0.02945697 2.304913 1.465129 -0.02676695 2.305062 1.467902 0.02953296 2.305062 1.463743 0.02741897 2.305062 1.463281 0.03212696 2.304913 1.633342 0.09716999 2.084617 1.634728 0.050574 2.060918 1.632418 0.05134195 2.05898 1.633342 3.26e-4 2.049292 1.633342 -0.130529 2.275699 1.632418 -0.147727 2.226065 1.634728 -0.145709 2.225767 1.633342 -0.148591 2.17345 1.363462 0.03212696 2.304913 1.363462 0.02741897 2.305062 1.368084 0.02953296 2.305062 1.368084 -0.02945697 2.305062 1.364387 -0.03291594 2.304913 1.363462 -0.02791994 2.304913 1.55016 0.09159797 2.252894 1.521508 0.08660197 2.250062 1.521508 0.06431198 2.276593 1.294606 0.07074898 2.27078 1.294606 0.04403996 2.287921 1.285364 0.03260695 2.292392 1.287674 0.02453696 2.296864 1.281205 0.02684295 2.293138 1.521508 -0.06423699 2.276593 1.55016 -0.06798398 2.280916 1.55016 -0.03618299 2.299398 1.586205 -0.06529396 2.315644 1.573266 -0.01533395 2.321457 1.294606 -0.070674 2.27078 1.294606 -0.08787196 2.2441 1.521508 -0.08662295 2.250062 1.294606 -0.044061 2.287921 1.282129 -0.02311599 2.296864 1.294606 0.08785098 2.2441 1.241462 -0.01427799 2.297013 1.240538 -0.01850497 2.283748 1.205879 -0.01696795 2.289412 1.146727 -0.022924 2.276146 1.268265 -0.009953975 2.299696 1.279818 0.005225956 2.300292 1.241462 -0.007167994 2.300739 1.260871 0.01492899 2.29746 1.259485 0.01761996 2.292542 1.278894 0.09822696 2.218911 1.521508 0.09851497 2.21742 1.55016 0.104088 2.218315 1.574652 0.120132 2.221147 1.289523 0.09995597 2.199981 1.264106 0.100053 2.209521 1.241462 0.100725 2.207136 1.55016 0.104088 2.181648 1.521508 0.09851497 2.182692 1.291371 0.09707397 2.176133 1.260871 0.100053 2.189399 1.574652 0.120132 2.178816 1.596834 0.143671 2.188803 1.596834 0.130989 2.139914 1.606077 0.146457 2.168681 1.605614 0.12532 2.118153 1.574652 0.07843595 2.293436 1.596834 0.080069 2.319818 1.596834 0.116578 2.284791 1.574652 0.04173499 2.314601 1.55016 0.03616195 2.299398 1.55016 3.8e-5 2.305658 1.521508 3.8e-5 2.299994 1.521508 -0.03416496 2.294032 1.599607 0.03779494 2.342324 1.61116 -0.004285991 2.350671 1.610698 0.05134195 2.340983 1.596834 -0.101514 2.30223 1.574652 -0.08719897 2.285238 1.55016 -0.09152197 2.252894 1.521508 -0.09843999 2.21742 1.291371 -0.09699898 2.22383 1.289523 -0.09997695 2.199981 1.277046 -0.08883196 2.231133 1.171682 -0.100938 2.188505 1.241462 -0.100746 2.192827 1.263644 -0.100073 2.190442 1.521508 -0.09843999 2.182692 1.55016 -0.104108 2.218315 1.576963 -0.1148689 2.246783 1.600069 -0.125245 2.277637 1.606077 -0.07970499 2.32727 1.206341 -0.07576596 2.177624 1.250242 -0.05472499 2.144982 1.244235 -0.022156 2.123966 1.259023 -0.01763999 2.107421 1.241462 -0.01235598 2.101608 1.260871 -0.01485395 2.102354 1.277508 -0.03080296 2.110849 1.284902 -0.06884896 2.13112 1.283515 -0.09046596 2.166296 1.248394 -0.07845598 2.177922 1.241 -0.09209895 2.183586 1.291371 -0.02398097 2.102801 1.279818 -0.00514996 2.100267 1.521508 -0.03416496 2.10608 1.294606 -0.044061 2.112191 1.159204 -0.001498997 2.096839 1.241462 0.007146954 2.099224 1.294606 0.04403996 2.112191 1.268727 0.01848399 2.105782 1.284902 0.06882798 2.13112 1.25394 0.03087794 2.126202 1.243773 0.01915699 2.1186 1.241 0.01637095 2.107868 1.241462 0.01329594 2.102652 1.206341 0.022327 2.124264 1.250242 0.05499297 2.145131 1.244235 0.07593798 2.177922 1.277046 0.08881199 2.16883 1.241462 0.09889996 2.187908 1.241462 0.09803497 2.212502 1.241 0.09217399 2.216377 1.259947 0.09226995 2.217718 1.240076 0.08429598 2.218166 1.250705 0.07632195 2.225767 1.238227 0.075073 2.224575 1.250242 0.05489695 2.254981 1.205417 0.08967596 2.216824 1.251629 0.026362 2.275699 1.240538 0.01838797 2.283748 1.237303 0.02415299 2.275103 1.268727 0.03462499 2.280766 1.284902 0.06882798 2.268843 1.282591 0.09323096 2.228748 1.55016 0.09159797 2.147218 1.521508 0.08660197 2.15005 1.294606 0.08785098 2.155863 1.606077 0.147994 2.223233 1.596834 0.138675 2.239182 1.574652 0.105625 2.260943 1.55016 0.067963 2.280916 1.521508 0.03424096 2.294032 1.606539 0.129836 2.274656 1.606539 0.094576 2.316539 1.612084 -0.02032995 2.348435 1.633342 -0.05184298 2.342026 1.633342 -0.096807 2.315495 1.610698 -0.1077589 2.304317 1.610698 -0.133604 2.268097 1.294606 -0.08787196 2.155863 1.294606 -0.070674 2.129332 1.521508 -0.06423699 2.12337 1.55016 -0.06798398 2.119047 1.55016 -0.03618299 2.100714 1.573266 -0.04732799 2.087151 1.55016 3.8e-5 2.094305 1.574652 3.8e-5 2.078058 1.55016 0.03616195 2.100714 1.574652 0.04173499 2.085362 1.55016 0.067963 2.119047 1.574652 0.07843595 2.106527 1.574652 0.105625 2.13902 1.521508 3.8e-5 2.099969 1.276583 0.009933948 2.100416 1.521508 0.06431198 2.12337 1.294606 0.07074898 2.129332 1.633804 -5.8e-5 2.35082 1.521508 -0.08662295 2.15005 1.55016 -0.09152197 2.147218 1.55016 -0.104108 2.181648 1.521508 0.03424096 2.10608 1.291371 0.02386498 2.10295 1.600069 0.07122999 2.070755 1.596834 0.10207 2.09818 1.610698 0.09640198 2.085064 1.610698 0.05134195 2.05898 1.600069 0.01954096 2.053912 1.610698 3.8e-5 2.050037 1.600069 -0.12169 2.117557 1.574652 -0.10651 2.14066 1.574652 -0.08719897 2.114725 1.603304 -0.03781598 2.054956 1.603304 -0.082587 2.074779 1.632418 -0.05126696 2.05898 1.632418 0.129932 2.125009 1.632418 0.147706 2.173898 1.632418 0.147706 2.226065 1.632418 0.129932 2.274954 1.632418 0.09640198 2.314899 1.632418 0.05134195 2.340983 1.610698 -0.134853 2.134399 1.633342 -0.130529 2.124562 1.610698 -0.111506 2.099671 1.633342 -0.09709495 2.084319 1.269189 -0.06173896 2.262434 1.245159 -0.05482095 2.254832 1.251167 -0.02638298 2.275997 1.237765 -0.02474999 2.274954 1.634728 -0.05059397 2.060918 0.533491 -0.01514196 2.318923 0.533029 0.02857196 2.313856 0.630999 0.08083695 2.114576 -0.08991199 -0.180104 2.249466 -0.08991199 -0.168191 2.250062 -0.087601 -0.144652 2.25036 -0.06495696 0.143479 2.079996 0.553362 0.01502597 2.318774 0.553824 -0.028593 2.313856 0.726658 -0.02378898 2.111297 0.541347 0.04788297 2.339939 0.542733 0.05287897 2.339939 0.545968 0.04951697 2.339939 0.544582 -0.04742395 2.339939 0.539961 -0.049537 2.339939 0.544582 -0.05213099 2.339939 -0.108859 -0.03426098 2.065687 -0.108859 -0.01735198 2.070308 -0.108859 -0.006590962 2.08417 -0.108859 -0.004285991 2.095646 0.679984 0.04740297 2.277935 0.37221 -0.129857 1.910824 1.108371 -0.09392398 2.254236 1.108371 -0.106895 2.218911 1.108371 -0.06971299 2.283151 1.108371 -0.037144 2.301932 1.108371 0.09399998 2.145727 1.108371 0.106874 2.181201 1.108371 0.106874 2.218911 1.108371 0.09399998 2.254236 1.108371 0.06969296 2.283151 1.108371 0.03712296 2.301932 1.108371 3.8e-5 2.30849 1.108371 0.06969296 2.116812 1.108371 3.8e-5 2.091473 1.108371 0.03712296 2.098031 1.108371 -0.09392398 2.145727 1.108371 -0.106895 2.181201 1.108371 -0.037144 2.098031 1.108371 -0.06971299 2.116812 -0.01042699 0.127338 2.043926 -0.125033 -0.08767896 2.269141 -0.125033 -0.08998495 2.280617 0.01498997 0.162021 2.092963 -0.004418969 0.07997298 2.449938 -0.004418969 -0.079993 2.449938 0.007595956 -0.079993 2.446361 0.002512991 -0.09219497 2.446361 -7.22e-4 -0.09911197 2.436375 0.01591396 -0.09056198 2.428475 0.01452797 -0.079993 2.436673 0.006209969 0.07997298 2.446659 -0.08991199 -0.08412498 2.449938 -0.08991199 -0.09411597 2.444125 -0.08991199 -0.09997695 2.434139 0.006209969 -0.100265 2.409397 -0.08991199 0.07036495 2.450386 0.01267898 0.07997298 2.439356 0.03347498 -0.07192295 2.384207 0.04456597 0.06267899 2.35082 0.02238398 0.082951 2.414912 0.020998 -0.094213 2.360359 -0.08991199 -0.05001795 2.449938 0.04133099 0.07516896 2.341728 0.04595196 0.06325596 2.328165 0.04086899 0.077187 2.316241 0.03301298 0.08881199 2.314303 0.01406598 0.11946 2.306552 0.05519497 3.8e-5 2.335021 0.04548996 0.01560199 2.339194 0.05519497 0.03001296 2.331593 0.182278 0.045578 2.327121 0.182278 0.08583295 2.304168 0.205384 0.06431198 2.30849 0.205847 0.09822696 2.278978 0.224331 0.08996498 2.27555 0.224331 0.110429 2.240225 0.182278 3.8e-5 2.335021 0.1910589 0.02434498 2.330698 0.222021 0.02040594 2.315644 0.224331 0.05873996 2.301783 0.396703 0.02866798 2.314005 0.463711 3.8e-5 2.316837 0.530718 -0.02868896 2.314005 0.224331 -0.08998495 2.27555 0.222021 -0.05885696 2.301634 0.222483 -0.02042597 2.315644 0.373135 0.02837997 2.314005 0.1910589 -0.02436494 2.330698 0.182278 -0.08585399 2.304168 0.182278 -0.04559797 2.327121 0.04641395 -0.09507697 2.295821 0.049187 -0.120537 2.263477 0.182278 -0.116022 2.269141 0.05334597 -0.1293759 2.238585 0.182278 -0.132547 2.225916 0.186899 -0.13418 2.183884 0.205384 -0.120057 2.239033 0.205384 -0.09891998 2.278829 0.1910589 -0.06971299 2.31311 0.105104 -0.118712 2.135741 0.191983 -0.1203449 2.142746 0.105104 -0.117463 2.132164 0.191983 -0.117559 2.136784 0.2210969 -0.117463 2.180456 0.223407 -0.117463 2.199981 0.218324 -0.118616 2.193572 0.224331 -0.110449 2.240225 0.104642 -0.117271 2.091175 0.610203 -0.1184239 2.090877 0.627302 -0.117463 2.174941 0.634696 -0.117463 2.199981 0.653643 -0.111794 2.23635 0.653643 -0.09507697 2.268992 0.653643 -0.06904095 2.295075 0.653643 -0.03627896 2.311769 0.588021 -0.002171993 2.317433 0.556597 0.02866798 2.314005 0.634696 -0.113043 2.167787 0.653643 -0.117463 2.199981 0.63562 -0.003804981 2.082381 0.653643 0.06901997 2.104887 0.643014 0.09726595 2.133952 0.642552 0.11187 2.165551 0.223407 0.117538 2.199981 0.625453 0.117538 2.17047 0.610203 0.117538 2.092963 0.193369 0.11773 2.137828 0.214627 0.117538 2.166445 0.218324 0.118595 2.193572 0.207233 0.118787 2.23948 0.190596 0.119556 2.141703 0.186899 0.133967 2.183884 0.214165 0.118787 2.174345 0.182278 0.132526 2.225916 0.04826295 0.135793 2.204453 0.05334597 0.129356 2.238585 0.04641395 0.132526 2.240225 0.04733896 0.12167 2.263924 0.04410398 0.135697 2.241417 0.04410398 0.129067 2.257664 0.04086899 0.135024 2.259452 0.03855794 0.124648 2.276891 0.01175498 0.1789309 2.247379 0.003436982 0.167978 2.262135 0.05519497 0.110141 2.122028 0.03023999 0.06258296 2.079996 0.08708095 0.06277495 2.079996 0.04086899 0.06853997 2.083871 0.05149799 0.08400797 2.094603 0.05519497 0.09774696 2.106974 -0.03538095 -0.02253997 2.079996 0.04733896 -0.101226 2.103546 0.04502797 -0.134468 2.160036 0.04687595 -0.124669 2.136486 0.04502797 -0.129184 2.134101 0.04271697 -0.138888 2.241417 0.04410398 -0.130913 2.253639 0.04780095 -0.130913 2.239629 0.03809595 -0.08556598 2.311769 0.04086899 -0.10334 2.292542 0.04317998 -0.120441 2.272867 0.03902 -0.132547 2.268395 0.040407 -0.138311 2.254832 0.01175498 -0.178951 2.247081 0.01591396 -0.1778939 2.237989 0.01591396 -0.180488 2.223382 0.029778 -0.158775 2.234114 0.01822495 -0.177222 2.119345 0.01868695 -0.173763 2.118451 0.040407 -0.123035 2.275848 0.008981943 -0.1885589 2.198938 0.002974987 -0.168383 2.262135 -0.08991199 -0.182506 2.245591 -2.6e-4 -0.1871179 2.237393 -7.22e-4 -0.1899999 2.221892 0.001125991 -0.189231 2.098627 0.007595956 -0.18779 2.106676 0.01591396 -0.180681 2.117557 0.004822969 -0.1750119 2.100118 0.008981943 -0.183275 2.105484 0.002974987 -0.1850039 2.097286 0.01637595 -0.178375 2.115619 -0.002570986 -0.182698 2.090132 0.04502797 -0.104973 2.099969 0.04502797 -0.118328 2.116215 0.03347498 -0.132643 2.081785 0.02376997 -0.1043969 2.079996 -0.04323697 -0.02273195 2.076419 0.02931594 0.123687 2.079996 -0.04369896 0.145496 2.079698 0.006209969 0.137042 2.079996 0.03902 0.129163 2.085809 0.04595196 0.08083695 2.089983 0.049649 0.09928399 2.105484 0.049187 0.12167 2.138126 0.049649 0.130989 2.165998 0.04225498 0.1392509 2.214737 0.04225498 0.1392509 2.186716 0.04502797 0.129163 2.134101 0.04456597 0.134544 2.160036 0.04502797 0.118307 2.116215 0.02654296 0.164808 2.235008 0.008981943 0.186713 2.227854 6.64e-4 0.1839269 2.243057 -7.22e-4 0.1898829 2.225916 -0.08991199 0.189979 2.219358 -0.08991199 0.1898829 2.087449 -0.08991199 0.1872889 2.235455 0.04086899 0.103319 2.292542 0.04317998 0.120517 2.272867 0.05011099 0.06085395 2.323097 0.214165 -0.118808 2.174345 0.653643 0.117538 2.199981 0.05380797 0.123399 2.254683 0.05195999 0.114848 2.270929 0.182278 0.116001 2.269141 0.634696 0.117538 2.199981 0.39393 -0.028593 2.313856 0.393468 0.01521795 2.318923 -0.08991199 -0.099689 2.293585 -0.04508596 0.03241497 2.459925 -0.04785895 -0.03368496 2.460074 -0.04508596 -0.037624 2.459925 -0.04277497 -0.03291594 2.460074 -0.04693394 0.03712296 2.460074 -0.04231297 0.036354 2.460074 0.006671965 0.201028 2.048398 0.05658096 0.201893 2.041243 0.01730096 0.2034299 2.040796 0.01730096 0.2019889 2.00085 0.02007299 0.201893 1.972978 0.03208899 0.201893 1.979834 0.05704295 0.2019889 2.001447 0.04410398 0.201893 1.959116 0.04410398 0.201893 1.972978 0.03208899 0.201893 1.952111 0.02007299 0.201893 1.959116 0.610203 -0.121306 2.089833 0.385612 -0.04867297 2.339939 0.383301 -0.05289995 2.339939 0.380529 -0.04915297 2.339939 0.384688 0.04788297 2.339939 0.383301 0.05287897 2.339939 0.380067 0.04951697 2.339939 1.676319 0.062967 2.309086 1.676319 0.09649795 2.280916 1.676319 0.118403 2.243057 1.676319 0.125993 2.199981 1.676319 0.118403 2.156906 1.676319 0.09649795 2.119047 1.676319 0.062967 2.090877 1.676319 0.02184695 2.075972 1.676319 -0.02186799 2.075972 1.676319 -0.06298798 2.090877 1.713289 -0.09651798 2.119047 1.676319 -0.09651798 2.119047 1.676319 -0.1184239 2.156906 1.676319 -0.1260139 2.199981 1.676319 -0.1184239 2.243057 1.713289 -0.09651798 2.280916 1.676319 -0.09651798 2.280916 1.713289 -0.06298798 2.309086 1.676319 -0.06298798 2.309086 1.676319 -0.02186799 2.32414 1.676319 0.02184695 2.32414 1.634728 0.050574 2.339045 1.634728 0.09515297 2.313409 1.634728 0.128203 2.274059 1.634728 0.145785 2.225767 1.634728 0.145785 2.174345 1.634728 0.128203 2.126053 1.63519 0.025882 2.345752 1.63519 -0.025518 2.345752 1.63519 -0.07384395 2.328314 1.63519 -0.113236 2.295224 1.63519 -0.13908 2.250808 1.63519 -0.1479189 2.20013 1.63519 -0.139272 2.149602 1.63519 -0.1134279 2.105036 1.63519 -0.07413297 2.071947 1.63519 -0.02590298 2.05421 1.63519 0.02559399 2.054359 1.63519 0.07391995 2.071649 1.63519 0.113215 2.104887 1.63519 0.139059 2.149155 1.63519 0.147898 2.199832 1.63519 0.1392509 2.25051 1.63519 0.113407 2.294926 1.63519 0.07420796 2.328015 0.04317998 0.137522 2.213843 -0.06172198 0.105048 2.369302 -0.128996 -0.08890599 2.395661 -0.278903 -0.09022998 2.395088 -0.12758 -0.09000897 2.394133 -0.195982 -0.09000897 2.364628 -0.128996 -0.09000897 2.287668 -0.195982 -0.09000897 2.316695 -0.270522 -0.09000897 2.316695 -0.128996 -0.08868497 2.285949 -0.279493 -0.09000897 2.285758 -0.270522 -0.09000897 2.364628 -0.108989 -0.09000897 2.400626 -0.109048 -0.08559596 2.417336 -0.124983 -0.09000897 2.399289 -0.12758 -0.08559596 2.420487 -0.126694 -0.08868497 2.397666 -0.108989 -0.09000897 2.280697 -0.126694 -0.09011995 2.284421 -0.124983 -0.09000897 2.280697 -0.124983 -0.08769196 2.269144 -0.108989 -0.09000897 2.260645 -0.08998495 -0.09000897 2.260645 -0.08998495 -0.09000897 2.430704 -0.108989 -0.09000897 2.430704 -0.279375 -0.162499 2.100613 -0.277486 -0.183242 2.100613 -0.279493 -0.1831319 2.102045 -0.278549 -0.03969699 2.065379 -0.277486 -0.147273 2.065665 -0.279493 -0.147273 2.066811 -0.29348 0.120509 2.18378 -0.293775 0.132646 2.182539 -0.309179 0.132315 2.183494 -0.308943 0.120509 2.18378 -0.308943 0.099325 2.195143 -0.29348 0.100759 2.195811 -0.308884 0.078471 2.196766 -0.293185 0.078251 2.197148 -0.295015 -0.130061 2.138043 -0.317737 -0.1333709 2.154753 -0.316143 -0.119138 2.125439 -0.232101 -0.101595 2.355748 -0.234934 -0.114724 2.348205 -0.2231889 -0.114614 2.361668 -0.220061 -0.2091709 2.13642 -0.227321 -0.206302 2.137756 -0.216992 -0.206302 2.134987 -0.317324 -0.07114195 2.125821 -0.315612 -0.09431296 2.117609 -0.315966 -0.118145 2.186549 -0.317265 -0.086699 2.193806 -0.315494 -0.06441199 2.179292 -0.317265 -0.05514395 2.154275 -0.279493 -0.12642 2.127444 -0.279788 -0.138446 2.128685 -0.295251 -0.138115 2.127826 -0.294956 -0.12631 2.127444 -0.294956 -0.108877 2.1178 -0.279493 -0.10656 2.115509 -0.295015 -0.08504396 2.1157 -0.279198 -0.08405095 2.114076 -0.294897 -0.06518399 2.127731 -0.294956 -0.05503296 2.14444 -0.295015 -0.05580598 2.164397 -0.295015 -0.135909 2.155803 -0.279552 -0.12322 2.187027 -0.27967 -0.137012 2.153034 -0.279552 -0.121565 2.19944 -0.295369 -0.121896 2.19944 -0.294956 -0.123882 2.182825 -0.128996 -0.162499 2.100708 -0.277486 -0.1561 2.093738 -0.128996 -0.1561 2.093738 -0.279316 -0.14959 2.088295 -0.128996 -0.14948 2.087245 -0.229445 -0.20884 2.170699 -0.234403 -0.228259 2.160386 -0.218586 -0.2287 2.173563 -0.233518 -0.20895 2.147305 -0.206664 -0.206302 2.137756 -0.227616 -0.2287 2.140812 -0.295015 -0.04024899 2.345913 -0.295015 -0.02998697 2.370071 -0.295015 -0.03086996 2.365297 -0.1268129 0.06004595 2.429558 -0.125219 0.058501 2.430704 -0.127285 0.08564299 2.419723 -0.212035 -0.2093909 2.173086 -0.197812 -0.114614 2.345818 -0.195982 -0.101484 2.340662 -0.200467 -0.101705 2.355175 -0.20932 -0.114835 2.35804 -0.2084349 -0.1346949 2.358231 -0.200054 -0.1341429 2.335219 -0.199523 -0.2091709 2.161341 -0.2020609 -0.2275969 2.164397 -0.199582 -0.228259 2.150838 -0.237826 -0.209281 2.160768 -0.234875 -0.206302 2.165925 -0.237649 -0.206302 2.155612 -0.294779 0.008629977 2.300367 -0.294956 0.029042 2.31278 -0.295369 0.02782797 2.29693 -0.279493 0.02815896 2.308579 -0.279552 0.02738696 2.29693 -0.295251 0.04404699 2.368448 -0.279788 0.04415696 2.367588 -0.294897 0.04261296 2.352693 -0.279552 0.042171 2.338561 -0.295015 0.03941297 2.329585 -0.227321 -0.206302 2.173563 -0.208258 -0.228038 2.140812 -0.294779 -0.102919 2.196002 -0.222186 -0.195931 2.176714 -0.23517 -0.19582 2.166116 -0.238062 -0.196041 2.150456 -0.196336 -0.206302 2.155612 -0.19911 -0.206302 2.165925 -0.206664 -0.206302 2.173563 -0.216992 -0.206302 2.176332 -0.203064 -0.209281 2.144727 -0.19911 -0.206302 2.1453 -0.295192 -0.04388999 2.312876 -0.295015 -0.04113095 2.331304 -0.295074 -0.04477196 2.327389 -0.08998495 1.34e-4 2.066047 -0.08998495 -0.006154954 2.065665 -0.08998495 -0.004279971 2.067671 -0.08998495 -0.001520991 2.067671 -0.08998495 -0.004279971 2.235628 -0.08998495 -0.001520991 2.235628 -0.08998495 -0.01431995 2.245654 -0.08998495 0.008518993 2.245654 -0.08998495 -0.180153 2.249474 -0.08998495 0.176449 2.245654 -0.08998495 -0.168126 2.250046 -0.08998495 -0.115828 2.250237 -0.08998495 -0.18247 2.245654 -0.08998495 0.143679 2.24976 -0.08986699 -0.102919 2.258831 -0.08998495 -0.07996898 2.250619 -0.09016197 -0.09960895 2.293588 -0.09004396 -0.09994 2.434141 -0.08998495 -0.09409195 2.444167 -0.09004396 -0.08416199 2.449896 -0.08998495 -0.07036995 2.450182 -0.09004396 0.099545 2.293588 -0.08998495 0.101531 2.262364 -0.08998495 0.08994597 2.253675 -0.08968997 0.108924 2.252529 -0.08998495 0.08696699 2.250619 -0.08998495 0.08420896 2.449705 -0.08998495 0.09413897 2.444167 -0.08998495 0.07030695 2.450374 -0.09004396 0.100097 2.434427 -0.08998495 0.08994597 2.430704 -0.08998495 0.179428 2.250046 -0.08998495 0.187261 2.235533 -0.08998495 0.178435 2.243649 -0.08998495 0.19002 2.219301 -0.09010297 0.189909 2.087436 -0.08998495 0.174352 2.07149 -0.08998495 0.178435 2.075596 -0.09004396 0.1834 2.075882 -0.127167 -0.05503296 2.430704 -0.279139 -0.05315798 2.430704 -0.2012349 -0.04775094 2.436624 -0.279493 -0.06617701 2.123529 -0.279552 -0.06694996 2.11188 -0.295369 -0.06650799 2.11188 -0.279493 -0.05415099 2.143295 -0.295015 -0.053047 2.165065 -0.279493 -0.052827 2.16497 -0.295192 -0.03605598 2.321851 -0.317206 -0.03936594 2.341616 -0.315494 -0.02976697 2.316981 -0.309061 0.128674 2.15036 -0.309002 0.129556 2.16497 -0.309061 0.1333079 2.168694 -0.317324 -0.007809996 2.302468 -0.315907 0.02385598 2.309629 -0.128996 -0.03859394 2.0882 -0.278431 -0.03870397 2.088295 -0.277486 -0.03241497 2.093738 -0.128996 -0.03241497 2.093738 -0.278313 -0.02678799 2.099945 -0.128996 -0.02678799 2.099945 -0.217111 -0.134254 2.321756 -0.2207109 -0.114835 2.321087 -0.204481 -0.114835 2.328249 -0.279552 0.03213095 2.369211 -0.294956 0.03202098 2.368829 -0.294956 0.01447695 2.378474 -0.279493 0.01227098 2.380861 -0.294897 -0.00880295 2.380288 -0.279198 -0.01023799 2.382197 -0.317324 -0.02325695 2.371408 -0.315612 1.34e-4 2.37876 -0.316143 0.02484899 2.370835 -0.23641 0.222679 2.172608 -0.243374 0.20326 2.168121 -0.223426 0.203149 2.173086 -0.249748 0.222679 2.155612 -0.309356 0.115875 2.112453 -0.309002 0.098001 2.114649 -0.309002 0.119295 2.130977 -0.309002 0.04912197 2.166688 -0.330603 0.05353599 2.173372 -0.331311 0.05265295 2.141003 -0.236351 0.20348 2.176523 -0.241308 0.200501 2.173563 -0.23098 0.200501 2.176332 -0.211268 0.20337 2.153225 -0.213097 0.200501 2.1453 -0.220652 0.200501 2.137756 -0.226731 0.20337 2.137756 -0.23098 0.200501 2.134987 -0.241308 0.200501 2.137756 -0.248862 0.20326 2.146732 -0.331252 0.114771 2.129545 -0.329954 0.09700798 2.117514 -0.329895 0.07185095 2.121333 -0.33137 0.08078795 2.193424 -0.330898 0.125253 2.163919 -0.330013 0.113337 2.186167 -0.329481 0.125584 2.147018 -0.122976 0.176228 2.084189 -0.122976 0.178435 2.095648 -0.122976 0.178435 2.075596 -0.123035 0.165746 2.070344 -0.122976 0.1685039 2.065665 -0.122976 0.09082895 2.064711 -0.210323 0.200501 2.155612 -0.219235 0.222458 2.141958 -0.214278 0.22312 2.16411 -0.12699 -0.1831319 2.215672 -0.1252779 -0.184346 2.214144 -0.1272259 -0.173864 2.241262 -0.236882 0.222348 2.13852 -0.251636 0.200501 2.155612 -0.251577 0.20348 2.161628 -0.248862 0.200501 2.165925 -0.248862 0.200501 2.1453 -0.278313 -0.184235 2.208606 -0.127403 -0.184235 2.209084 -0.214809 -0.186552 2.207174 -0.1276389 -0.183021 2.210611 -0.279316 -0.18269 2.210707 -0.213097 0.200501 2.165925 -0.295192 -0.050399 2.183398 -0.295015 -0.04951697 2.168694 -0.141095 0.1785449 2.209847 -0.293539 0.178324 2.208702 -0.231393 0.182407 2.206028 -0.1399739 0.159898 2.067957 -0.123035 0.003112971 2.078269 -0.1412129 0.01182895 2.070058 -0.122976 0.01701498 2.067957 -0.141449 0.03400695 2.06557 -0.140977 0.143458 2.06557 -0.293185 0.141583 2.065665 -0.292359 0.03555095 2.065665 -0.292123 0.176449 2.210611 -0.142098 0.176449 2.210707 -0.279021 0.09027695 2.395183 -0.279493 0.059825 2.399671 -0.277486 0.06821 2.395756 -0.279493 0.05496996 2.428985 -0.277486 0.05507999 2.408838 -0.226435 0.03764796 2.062801 -0.292359 0.141472 2.245654 -0.141449 0.1430169 2.245654 -0.22614 0.139155 2.248614 -0.293539 0.143348 2.243936 -0.142984 0.155926 2.211375 -0.292418 0.155816 2.211184 -0.291474 0.150299 2.217486 -0.142984 0.150299 2.217486 -0.291474 0.1435689 2.223884 -0.142984 0.144231 2.22312 -0.12699 -0.006265997 2.098608 -0.1265169 -0.004499971 2.095457 -0.127167 -0.009795963 2.077315 -0.127049 -0.02811199 2.095457 -0.1268129 -0.03804194 2.065665 -0.12699 -0.03726994 2.086672 -0.126045 -0.02800095 2.066143 -0.142984 0.144231 2.0882 -0.292418 0.14401 2.088295 -0.291474 0.150299 2.093738 -0.142984 0.150299 2.093738 -0.2923 0.155926 2.099945 -0.142984 0.155926 2.099945 -0.1399739 -0.001079976 2.089632 -0.279375 0.06699699 2.28528 -0.128996 0.06843096 2.285471 -0.128996 0.061921 2.278787 -0.128996 0.05496996 2.27239 -0.27967 0.05452895 2.272295 -0.277486 0.061921 2.278787 -0.109166 -0.06639796 2.430417 -0.127403 0.05342495 2.430704 -0.108989 0.06004595 2.430704 -0.109107 0.07681596 2.426502 -0.278313 0.05298399 2.430704 -0.128996 0.05574196 2.408074 -0.128996 0.061921 2.402536 -0.277486 0.061921 2.402536 -0.128996 0.067438 2.396425 -0.309002 0.118413 2.126203 -0.126753 -0.004941999 2.214813 -0.12699 -0.02524298 2.212616 -0.12699 -0.03417998 2.221783 -0.124983 -0.006596982 2.22713 -0.125219 -0.01652699 2.240307 -0.1265169 -0.03826296 2.245845 -0.215045 0.05154997 2.4329 -0.1276389 0.05496996 2.429462 -0.128996 -0.05569499 2.408074 -0.278431 -0.05558496 2.407978 -0.277486 -0.06187397 2.402536 -0.128996 -0.06187397 2.402536 -0.278313 -0.067501 2.396329 -0.128996 -0.067501 2.396425 -0.128996 -0.02678799 2.211375 -0.278431 -0.02700799 2.211184 -0.277486 -0.03241497 2.217486 -0.128996 -0.03241497 2.217486 -0.278313 -0.03859394 2.22312 -0.128996 -0.03859394 2.22312 -0.293303 0.178655 2.101186 -0.141449 0.1785449 2.101186 -0.226553 0.181303 2.104814 -0.215222 0.136176 2.05965 -0.317678 0.03897196 2.341139 -0.292123 0.143458 2.067671 -0.292359 0.143458 2.086672 -0.142984 0.143458 2.086672 -0.142157 0.1435689 2.067862 -0.1268129 0.08994597 2.396807 -0.12699 0.06898295 2.397666 -0.127049 0.06015598 2.406832 -0.12699 0.05695599 2.428699 -0.108989 -0.154335 2.245654 -0.108989 -0.182249 2.245654 -0.108989 -0.01431995 2.245654 -0.108989 -0.03429096 2.245654 -0.124983 -0.03429096 2.245654 -0.126694 -0.150583 2.245654 -0.128996 -0.041242 2.245654 -0.128996 -0.03925597 2.244604 -0.279552 -0.04024899 2.245654 -0.128996 -0.147273 2.245654 -0.278667 -0.148818 2.245845 -0.128996 -0.148928 2.244318 -0.108989 -0.171216 2.240975 -0.295015 -0.07930696 2.193424 -0.294779 -0.06419098 2.182348 -0.279552 -0.09221595 2.197912 -0.279493 -0.06220495 2.18378 -0.279788 -0.05006796 2.182539 -0.292654 0.03389596 2.245845 -0.142984 0.03378599 2.244318 -0.142984 0.03544098 2.245654 -0.140977 0.02837997 2.245368 -0.122976 0.02231097 2.245654 -0.1396189 0.03290295 2.245654 -0.123035 0.002671957 2.232477 -0.1412129 0.004657983 2.236774 -0.122976 0.148424 2.245654 -0.122976 0.176449 2.245654 -0.140977 0.178214 2.222451 -0.141154 0.164643 2.241357 -0.1233299 0.1690559 2.240403 -0.122976 0.008518993 2.245654 -0.2414849 0.19002 2.17385 -0.252049 0.19024 2.160864 -0.2270849 0.1901299 2.177001 -0.309002 0.07129997 2.191228 -0.308943 0.05938398 2.183494 -0.309356 0.06070798 2.199344 -0.309179 0.07538199 2.20049 -0.1407999 -0.001520991 2.099372 -0.140977 0.01944196 2.098608 -0.141036 0.02837997 2.089537 -0.141036 0.03224098 2.067671 -0.127285 0.05430799 2.250619 -0.127049 0.059273 2.250715 -0.108989 0.06004595 2.250619 -0.108989 -0.05999797 2.250619 -0.124983 -0.05999797 2.250619 -0.127285 -0.05426096 2.250619 -0.278372 -0.053047 2.250619 -0.278431 0.05298399 2.250619 -0.108989 0.08696699 2.250619 -0.108989 -0.07996898 2.250619 -0.108989 0.08994597 2.253675 -0.108989 0.08994597 2.280697 -0.10893 0.08994597 2.406832 -0.108989 0.08994597 2.430704 -0.128996 0.08994597 2.287668 -0.126576 0.09016698 2.284708 -0.124983 0.08994597 2.280697 -0.128996 0.08895295 2.285662 -0.278667 0.09005695 2.286331 -0.128996 0.08994597 2.393656 -0.128996 0.08873295 2.395374 -0.140977 0.176449 2.212616 -0.140977 0.157471 2.212616 -0.140977 0.148644 2.221783 -0.141449 0.143679 2.243745 -0.108989 0.06997597 2.45066 -0.108989 -0.07003897 2.45066 -0.08998495 -0.04753094 2.45066 -0.08998495 0.04746699 2.45066 -0.122976 4.65e-4 2.065665 -0.122976 -0.001520991 2.067671 -0.122563 -0.002403974 2.15523 -0.195982 -0.101484 2.364628 -0.216992 -0.101484 2.361668 -0.270522 -0.101484 2.364533 -0.19911 -0.101595 2.328726 -0.195923 -0.101484 2.316695 -0.213097 -0.101705 2.319273 -0.270522 -0.101484 2.316695 -0.232101 -0.101595 2.325384 -0.238003 -0.101484 2.340662 -0.141154 0.174021 2.07932 -0.140977 0.145444 2.086672 -0.140977 0.145444 2.067671 -0.140977 0.154602 2.095457 -0.141449 0.176559 2.100422 -0.108989 -0.03429096 2.065665 -0.108989 -0.006265997 2.065665 -0.08998495 -0.174305 2.065665 -0.108989 -0.174305 2.065665 -0.108989 -0.154335 2.065665 -0.124983 -0.154335 2.065665 -0.126281 -0.150362 2.065475 -0.125101 -0.171657 2.071013 -0.108989 -0.01729899 2.070344 -0.108989 -0.006596982 2.084189 -0.108989 -0.004279971 2.095648 -0.128996 -0.147273 2.065665 -0.128996 -0.041242 2.065665 -0.128996 -0.149259 2.066716 -0.278076 -0.149259 2.066716 -0.128996 -0.03958696 2.066907 -0.279611 -0.04223495 2.341998 -0.279611 -0.02667695 2.38363 -0.279552 -0.02998697 2.370071 -0.279965 -0.04399996 2.32758 -0.279493 -0.041462 2.331304 -0.279493 -0.03208398 2.312494 -0.279552 -0.002072989 2.298362 -0.279493 -0.053047 2.252625 -0.279375 -0.01288598 2.38468 -0.279493 -0.05326795 2.408265 -0.279375 -0.05525398 2.273345 -0.279788 -0.04422098 2.313735 -0.278313 -0.05503296 2.252529 -0.279493 0.05298399 2.252625 -0.278372 0.05496996 2.252625 -0.279493 -0.06044 2.401103 -0.279493 -0.06772196 2.393942 -0.279434 -0.06827396 2.285662 -0.278372 -0.06893599 2.395661 -0.236173 0.1901299 2.134605 -0.284509 0.189689 2.131932 -0.249216 0.19002 2.145109 -0.2100279 0.189909 2.131741 -0.219058 0.1901299 2.137756 -0.209733 0.19002 2.151697 -0.213097 0.1901299 2.167643 -0.2100279 0.189689 2.179483 -0.284509 0.189909 2.179579 -0.195982 -0.184235 2.179674 -0.270522 -0.184235 2.179674 -0.195982 -0.184235 2.131645 -0.128996 -0.184235 2.102618 -0.270522 -0.184235 2.131645 -0.277486 -0.184235 2.102618 -0.128996 -0.1831319 2.100708 -0.126694 -0.184346 2.099467 -0.124983 -0.184235 2.095648 -0.108989 -0.184235 2.095648 -0.08998495 -0.184235 2.243076 -0.108989 -0.184235 2.243649 -0.08998495 -0.184235 2.076455 -0.108989 -0.184235 2.215672 -0.108989 -0.1820279 2.22713 -0.108989 -0.184235 2.075596 -0.279375 -0.08140295 2.111594 -0.279493 -0.04102098 2.088009 -0.279552 -0.050179 2.168694 -0.279434 -0.04102098 2.223406 -0.279493 -0.033849 2.216054 -0.279493 -0.033849 2.09517 -0.279493 -0.02667695 2.208893 -0.279493 -0.02656698 2.102427 -0.279316 -0.005382955 2.210802 -0.278667 -0.003727972 2.101377 -0.279611 -0.148818 2.223979 -0.279434 -0.1612859 2.210993 -0.278313 -0.03925597 2.086672 -0.278372 -0.03925597 2.224648 -0.278372 -0.02535295 2.210611 -0.278372 -0.02524298 2.100613 -0.277486 -0.1561 2.217486 -0.128996 -0.1561 2.217486 -0.128996 -0.149259 2.223884 -0.128996 -0.16272 2.210802 -0.293893 0.132535 2.168694 -0.293598 0.1306599 2.154371 -0.29348 0.129887 2.16497 -0.293362 0.075603 2.19963 -0.293598 0.06103897 2.199344 -0.293598 0.03389596 2.223979 -0.293598 0.04636394 2.157713 -0.293362 0.03312397 2.088391 -0.293893 0.001016974 2.170508 -0.292359 0.020325 2.100613 -0.292949 -0.001741945 2.10109 -0.29348 0.060377 2.187695 -0.293539 0.03367596 2.067289 -0.293775 0.04426795 2.128685 -0.29348 0.05640399 2.127444 -0.293598 0.08641499 2.113503 -0.293657 0.114992 2.112644 -0.29348 0.1416929 2.088009 -0.29348 0.144231 2.220351 -0.293539 0.118413 2.126203 -0.29348 0.156147 2.208988 -0.29348 0.148975 2.09517 -0.29348 0.156147 2.102332 -0.292359 0.157361 2.210611 -0.292359 0.157471 2.100613 -0.292536 -0.001630961 2.209943 -0.292241 0.020325 2.210611 -0.291474 0.02661395 2.217486 -0.142984 0.02661395 2.217486 -0.142984 0.03345495 2.223884 -0.142984 0.02010399 2.210802 -0.291474 0.02661395 2.093738 -0.142984 0.02661395 2.093738 -0.142984 0.02021497 2.100708 -0.142984 0.03334498 2.087245 -0.277486 -0.06187397 2.278787 -0.128996 -0.06187397 2.278787 -0.128996 -0.06827396 2.285662 -0.128996 -0.05514395 2.272295 -0.195982 -0.1956 2.131932 -0.270463 -0.19571 2.131741 -0.294956 -0.03208398 2.312494 -0.295015 -0.01498198 2.302945 -0.284509 0.178435 2.131645 -0.2100279 0.178435 2.131645 -0.128996 0.05496996 2.252625 -0.295192 -0.08129298 2.11083 -0.270463 -0.1956 2.179388 -0.196041 -0.19571 2.179483 -0.128996 -0.02524298 2.100613 -0.128996 -0.004830956 2.101663 -0.142984 0.157471 2.210611 -0.278372 -0.05503296 2.409601 -0.128996 -0.05503296 2.409697 -0.278135 -0.05503296 2.428603 -0.128111 -0.05503296 2.428508 -0.128996 -0.03925597 2.086672 -0.142984 0.157471 2.100613 -0.220652 0.200501 2.173563 -0.128996 -0.05503296 2.252625 -0.128996 -0.02524298 2.210611 -0.128996 -0.004941999 2.209466 -0.12699 -0.182249 2.212616 -0.128996 0.05496996 2.409697 -0.142984 0.03345495 2.067671 -0.142984 -4.18e-4 2.210611 -0.142984 -1.97e-4 2.100899 -0.284509 0.178435 2.179674 -0.2100279 0.178435 2.179674 -0.139856 0.178435 2.212616 -0.12699 -0.06904596 2.397666 -0.12699 -0.06010895 2.406832 -0.12699 -0.05701899 2.428699 -0.128996 0.06898295 2.395661 -0.295192 -0.01299595 2.385444 -0.29531 -0.02744996 2.38363 -0.127049 -0.05867397 2.251861 -0.124865 -0.07687997 2.255298 -0.128996 -0.03925597 2.224648 -0.128996 -0.06904596 2.395661 -0.225609 -0.114724 2.355557 -0.200821 -0.114724 2.325098 -0.205012 -0.195931 2.173563 -0.08998495 0.1685039 2.065665 -0.12699 -0.163272 2.098608 -0.12699 -0.1544449 2.089537 -0.124983 -0.1820279 2.084189 -0.122976 -0.001520991 2.235628 -0.142984 -0.001520991 2.102618 -0.142984 -0.001520991 2.208606 -0.1396189 -0.001520991 2.211184 -0.139029 -0.001520991 2.215672 -0.142984 0.143458 2.224648 -0.126931 -0.160403 2.215767 -0.12699 -0.1512449 2.224648 -0.234875 -0.206302 2.1453 -0.2274979 -0.19582 2.13747 -0.213097 -0.195931 2.134319 -0.195746 -0.19582 2.159527 -0.19911 -0.195931 2.143677 -0.2306849 -0.134033 2.352406 -0.234108 -0.1339229 2.334742 -0.2295629 -0.114835 2.328153 -0.309002 0.12426 2.173659 -0.238062 -0.114393 2.333978 -0.308943 0.07361698 2.117705 -0.309238 0.04448795 2.127922 -0.308943 0.05640399 2.127444 -0.309238 0.05199098 2.13747 -0.308884 0.04592299 2.143581 -0.122976 0.178435 2.215672 -0.122976 0.178435 2.243649 -0.140977 -1.97e-4 2.214144 -0.140977 0.01944196 2.212616 -0.140977 0.02826899 2.221783 -0.140977 0.03146898 2.243649 -0.295015 0.03610295 2.358135 -0.124983 0.08774 2.269144 -0.125101 0.07758897 2.255489 -0.127049 0.06622397 2.280506 -0.12699 0.05695599 2.271626 -0.277486 -0.004279971 2.208606 -0.12699 -0.05701899 2.271626 -0.12699 -0.06617701 2.280506 0.05284899 0.204788 2.009636 0.05216199 0.204601 2.029752 0.05738997 0.20489 2.04069 0.04166597 0.204618 2.038233 0.01711797 0.203429 2.040864 0.02175897 0.204748 2.032274 0.01660996 0.20489 2.001308 0.02183794 0.204601 2.012246 0.03233397 0.204618 2.003765 0.05664294 0.204867 2.00059 0.02027499 0.215882 1.958794 0.02973496 0.215899 1.95438 0.03199595 0.214829 1.95214 0.01751595 0.201951 2.000808 0.03265297 0.2246479 2.038754 0.04574894 0.224501 2.036167 0.05570697 0.225011 2.018944 0.01781499 0.22509 2.023467 0.04134696 0.2246479 2.003243 0.02825099 0.224501 2.005831 0.05649399 0.201928 2.04119 0.01963698 0.215927 1.97169 0.01999598 0.2019 1.972929 0.03235399 0.215757 1.979279 0.03199595 0.2019 1.979866 0.01999598 0.2019 1.959077 0.03199595 0.2019 1.95214 0.04399597 0.2019 1.972929 0.04346799 0.215321 1.973473 0.05719095 0.201951 2.001525 0.04399597 0.21591 1.96771 0.04418498 0.215259 1.959642 0.04399597 0.2019 1.959077 0.04239296 0.215899 1.95999 0.03872799 0.215927 1.956011 0.04239296 0.215899 1.971994</float_array>
          <technique_common>
            <accessor source="#mh00400-j00_lk3_1-mesh-positions-array" count="2507" stride="3">
              <param name="X" type="float"/>
              <param name="Y" type="float"/>
              <param name="Z" type="float"/>
            </accessor>
          </technique_common>
        </source>
        <source id="mh00400-j00_lk3_1-mesh-normals">
          <float_array id="mh00400-j00_lk3_1-mesh-normals-array" count="19368">-0.04989725 0.5272812 -0.8482246 0.03393071 0.61141 -0.7905862 -0.1126504 0.6251628 -0.7723222 -0.3120777 -0.9117965 -0.266898 -0.3457705 -0.908663 -0.2340393 -0.4919091 0.5718458 -0.6565195 -0.5673511 0.7027308 -0.4292811 -0.3127778 0.548254 -0.7756209 -0.5674158 0.7027682 -0.4291342 -0.600724 0.7811732 -0.1699975 0.2069224 0.4777507 -0.8537784 -0.1188971 0.4986772 -0.8585945 -0.3126475 0.548242 -0.7756819 0.01662993 0.2663109 0.9637438 0.1651011 0.3478884 0.9228842 -0.01388323 0.03841495 0.9991655 0.08188426 -0.9299909 -0.3583461 0.1135044 -0.809582 -0.5759288 -0.00269699 0.6124961 -0.7904691 -0.05433988 0.6259943 -0.7779322 -0.1243758 0.683593 -0.719188 -0.2189124 -0.9200914 0.324822 -0.3035973 -0.8420494 0.4458492 -0.7932851 0.1950954 0.5767465 0.1693763 0.6422278 -0.7475662 0.3502343 0.3758382 -0.857952 0.06750035 0.5399092 -0.8390125 0.1843515 -0.9758706 -0.1170092 0.5170027 -0.7861429 -0.3386558 0.1588928 0.8266215 -0.539861 0.140206 0.6545927 -0.7428666 0.2205312 0.737499 -0.6383269 -0.5463312 0.7660076 -0.3387544 -0.7033694 0.689939 -0.1710429 -0.719915 0.6694933 -0.1830329 -0.870059 0.1615879 -0.4657112 -0.8380407 6.21651e-4 -0.5456076 -0.98268 6.39561e-4 -0.1853097 -0.7046708 0.3643873 -0.6088194 -0.6195262 0.1814647 -0.7637133 -0.7828655 0.0258426 -0.621654 -0.3986251 -0.5421164 -0.739735 -0.48991 -0.8069987 -0.3297593 -0.4415003 -0.7107861 -0.5475953 -0.08949786 -0.5666219 -0.8191031 0.1507306 0.548429 -0.8224998 0.2055867 0.5277081 -0.8241714 0.4064444 0.3069007 -0.8605898 -0.1432982 0.6713654 0.7271411 0.4620606 -0.8441248 0.2719435 0.4618079 -0.7780388 0.425898 0.2109029 -0.918595 0.3342207 0.1713054 0.8161271 0.5518978 0.2082791 0.8251304 0.5251474 0.326276 0.9403757 0.09611231 0.8024141 0.5920711 -0.07472223 0.6010119 0.7779201 -0.1833711 0.6320881 0.7731937 -0.05134564 0.1185372 -0.976543 0.1797578 0.263889 -0.6529151 0.709975 0.3406814 -0.7888925 0.5114537 0.3171696 0.9481966 0.01807862 0.3438759 0.8644633 -0.3666779 0.06427139 0.9824563 -0.1750679 0.3693535 0.5384221 -0.7574165 0.4065682 0.3069185 -0.860525 0.1534051 0.3439865 -0.9263586 -0.234196 0.3573616 0.9041267 -0.3869138 0.4559999 0.8014748 -0.5980903 0.4379447 0.6711874 0.04429787 0.9989421 -0.01235198 0.1307683 0.9903274 -0.0463829 0 0.935999 -0.3520028 0.8092167 0.03509002 0.5864617 0.8434676 0.4176571 0.337824 0.9517535 0.1025866 0.2892079 0.1888591 -0.1834707 0.9647129 0.1630534 0.02239489 0.9863631 0.4391068 0.01943421 0.8982247 0.1425265 -0.9893721 0.02879422 0.5441162 -0.8316202 0.1111106 -0.03719991 -0.481875 0.87545 -0.03719949 -0.4818626 0.8754569 -0.2981501 -0.8278972 0.4750714 0.7544442 0.3319543 0.5662335 0.7308972 0.4613547 0.5029325 0.8758842 0.279295 0.3934733 0.1804991 0.4818685 0.8574513 0.0655986 0.3898685 0.9185311 0.3421241 0.2404255 0.9083759 0.237772 0.9367895 0.2566902 0.4082076 0.9118254 0.04405945 0.2337488 0.9488174 0.212384 0.4528332 0.7572854 0.4705967 0.4560276 0.8322705 0.3152216 0.4434641 0.7310939 0.518499 -0.3256957 0.4696151 -0.8205998 -0.5691857 0.4753533 -0.6708703 -0.4337792 0.2596716 -0.8627898 0.6380316 -0.6774352 0.3660564 0.9291313 -0.3694451 0.01501315 0.8958303 -0.3584473 0.2626852 0.1948397 0.9789708 0.06044632 0.1948231 0.9789756 0.06042134 0.3396454 0.9397155 -0.03970068 -0.707681 0.295647 -0.6417014 -0.4742479 0.306238 -0.8254134 -0.5691623 0.4754986 -0.6707872 -0.4336237 -0.03852319 -0.9002702 -0.6489419 -0.09362077 -0.755056 -0.5007468 0.1233126 -0.8567653 -0.8066926 0.02480816 -0.5904504 -0.4831818 0.2259863 -0.845852 -0.8066726 0.02496218 -0.5904712 -0.6965861 0.390515 -0.6018852 -0.746761 0.2527725 -0.6151863 -0.7184433 0.4520635 -0.5286567 -0.5692439 0.4753785 -0.6708031 -0.8131157 -0.06213402 -0.5787764 -0.7738052 0.1827728 -0.6064815 -0.471637 0.1162688 -0.8740938 -0.3720182 -0.1591539 -0.9144794 0.1337895 -0.04253572 -0.9900966 0.9291365 -0.3694363 0.01490986 0.8133559 -0.5729402 -0.1009547 0.6175264 -0.7554383 -0.2190299 0.01292008 -0.9999127 -0.002753794 0.6244815 0.1286374 0.7703735 0.6244904 0.1286557 0.7703633 0.7788401 -0.03787857 0.6260778 -0.7789589 -0.6046961 0.1660293 0.6477457 -0.4712668 -0.5986094 0.9407854 -0.1037614 -0.3227328 0.8981283 -0.3175055 -0.3042297 0.09397721 -0.3718104 -0.9235396 0.1229648 -0.2082905 -0.9703065 -0.04128897 -0.3715335 -0.927501 -0.1937989 0.3570538 0.9137586 -0.1937988 0.3570538 0.9137585 -0.1937988 0.3570538 0.9137586 -0.04886817 0.5655208 0.823285 -0.1910859 0.7916794 0.5802844 -0.07891249 0.9121389 0.402213 -0.8984439 0.4304336 -0.08675044 -0.9192027 0.3920623 0.03679054 -0.9184568 -0.218465 -0.3297122 -0.7868735 -0.4204044 -0.4517636 -0.3247083 0.2978339 0.8976967 -0.06744819 -0.9753543 0.2100831 -0.3165355 -0.9350624 0.1595731 0.02093374 -0.7214383 0.6921623 0.7016825 -0.6995602 -0.135119 -0.7960649 -0.1579594 0.5842342 -0.7495781 -0.1567695 0.6430833 -0.7480944 -0.1665665 0.6423476 -0.7949091 -0.0511955 0.6045648 -0.7922214 -0.02277553 0.6098088 -0.8200874 -0.0847553 0.565927 -0.8063554 -0.3067724 0.5056499 -0.9411028 0.03645068 0.3361501 -0.9328157 0.08658993 0.3497959 -0.9998022 0.01685732 0.01055127 -0.9789887 0.1654226 0.1192325 -0.9997442 -0.02253329 0.001988232 -0.9988198 -0.006300806 0.04816061 -0.9999718 -0.006613552 -0.003573477 -0.969079 -0.159095 -0.1886128 -0.7115545 0.4624446 -0.5289946 -0.8470953 0.3505166 -0.3994593 -0.924436 0.2456098 -0.2917087 -0.974049 0.163176 -0.1568511 -0.9677702 0.1622054 -0.1926403 -0.9973749 0.01066476 0.07162189 -0.9988994 -0.004523873 0.04668724 -0.9973706 0.01067161 0.07168096 -0.9968981 -5.42968e-4 0.07870137 -0.9696525 -0.1572467 -0.18721 -0.7372856 -0.444109 -0.5090947 -1 0 0 -0.9986451 0.05202341 0.001212 -0.9973745 0.01072072 0.07161772 -0.9986457 0.05201321 0.001212596 -0.9995113 0.03125327 8.32792e-4 -0.9996946 -0.02467304 -0.001460909 -0.9973055 -0.07330584 -0.002854347 -0.9043865 -0.003840088 0.4266971 -0.8459544 0.3771814 0.3769554 -0.9800877 0.157478 0.12095 -0.7842379 0.01659035 0.6202386 -0.05716627 -0.7664093 0.6398038 -0.0019297 -0.9979164 0.06449192 -5.9338e-4 -0.7648133 0.6442517 0.2561178 0.05756163 -0.9649303 0.519491 -0.02924746 -0.8539753 0.2607076 0.01597243 -0.9652857 -0.7467349 0.2526492 -0.6152686 -0.8130329 -0.06205672 -0.5789011 -0.6498523 0.001271843 -0.7600595 0.7913088 0.1447323 -0.5940397 0.8322963 0.1736593 -0.526427 0.7384994 0.0339514 -0.6733989 0.4231507 0.2178578 -0.879478 0.6510292 0.1948128 -0.7336273 0.7461803 0.09761494 -0.6585487 0.7462263 0.0976634 -0.6584894 -0.4843407 0.1779516 -0.8565906 -0.8708904 -0.1974616 0.4500656 -0.81783 0.02654945 0.5748472 -0.6921203 -0.03291422 0.7210314 -0.7340641 -0.4174135 0.5356454 -0.8708547 -0.1976614 0.4500468 -0.6501683 -0.1063966 0.7523037 -0.875055 -0.3076726 0.3736528 -0.8709346 -0.1975729 0.449931 -0.9161456 -0.07895368 0.3929933 0.2431946 -0.9696554 -0.02499532 0.1780298 -0.9723401 0.1511954 0.4750902 -0.8776918 -0.06282103 -0.02957844 -0.3947639 0.9183064 -0.04796177 -0.1304686 0.9902918 0.9527178 -0.001915514 0.3038508 0.9141767 -0.04882591 0.4023643 0.914952 -0.005465447 0.4035258 0.9883369 0.01776999 0.151243 0.9782657 0.04442942 0.2025399 0.1166231 0.1527387 -0.9813613 0.2330317 0.4665691 -0.8532348 0.2786394 0.1467667 -0.9491152 0.5044424 -0.7086662 -0.4932851 0.685066 -0.4709463 -0.5557826 0.2887312 -0.9161779 -0.2779436 0.5785305 -0.1396026 -0.8036254 0.7461528 0.09757554 -0.6585857 0.5473426 -0.02678537 -0.83648 0.7407271 -0.2075136 0.6389534 0.9055065 -0.2472952 0.3448234 -0.06499153 -0.8488764 -0.5245809 -0.129901 -0.9499191 -0.2842174 -0.2234758 -0.931028 -0.288523 -0.182223 -0.08271443 0.979772 -0.2988663 0.07532471 0.9513176 -0.06803268 0.234059 0.9698391 0.2020184 -0.6768206 -0.7078859 0.0065822 -0.9652987 -0.2610655 0.01800292 -0.524454 -0.8512486 -0.4223916 -0.6811431 -0.5980213 -0.6284882 -0.1442793 -0.7643207 -0.6521835 -0.4375834 -0.6190134 -0.06498664 -0.848877 -0.5245803 0.01533341 -0.8440376 -0.5360649 -0.03141152 -0.9775805 -0.2082062 0.1025308 -0.4955824 0.8624882 0.1816989 -0.182172 0.9663327 0.1088966 -0.4448327 -0.8889687 0.3299456 -0.5503423 -0.7669806 0.9910727 -0.08944898 0.09886282 -0.04266059 -0.7483035 -0.6619835 -0.1384956 -0.5435652 -0.8278624 -0.2140817 -0.7453203 -0.6314006 0.5723814 -0.7245195 0.3839935 0.8215269 -0.3846888 0.4208421 0.6256139 -0.4644218 0.6268331 -0.2170138 -0.6875755 0.6929249 -0.1137374 -0.5104008 0.852382 -0.01657903 -0.727566 0.6858373 0.7410457 0.50468 -0.4428876 0.6287257 0.2686092 -0.7297625 -0.2267445 0.6345254 -0.7388942 0.1218975 0.6902371 -0.7132418 0.1405681 0.6438574 -0.7521225 -0.09982717 0.7311182 -0.6749081 -0.4108327 0.6509728 -0.6383188 -0.3878262 0.5155746 -0.764051 -0.4148266 0.6913503 -0.5915689 -0.1673611 0.4999149 -0.8497503 -0.1170845 0.7041471 -0.7003343 0.02625691 0.6753458 -0.7370337 -0.125739 0.8470578 -0.5164135 0.02441477 0.8892934 -0.4566851 0.2412765 0.6659433 -0.7059074 0.1686748 0.673848 -0.7193593 -0.2220119 0.6770327 -0.7016677 -0.2484825 0.7302609 -0.636377 -0.4763795 0.7459215 -0.4654716 -0.3720057 0.7602446 -0.5325789 -0.09727275 0.8564698 -0.5069495 -0.1256886 0.8471014 -0.5163542 -0.08870941 0.9139136 -0.3960967 -0.1572656 0.8866218 -0.434936 -0.07614111 0.9901298 -0.1176671 -0.2221039 0.6768952 -0.7017713 -0.1142871 0.5095458 -0.8528199 0.09532666 0.928543 -0.3587769 0.02533209 0.9994403 -0.02185195 0.02808165 0.9610721 -0.2748674 -0.07390731 0.9944313 -0.07512819 0.02807962 0.9610745 -0.274859 -0.1544609 0.982438 -0.1046776 -0.08876401 0.913928 -0.3960513 0.1616649 0.9561806 0.2440964 -0.07390433 0.9944297 -0.07515215 0.1616817 0.956177 0.2440994 0.02583193 0.9728352 0.2300534 -0.1526421 0.9800057 0.1276298 -0.07276529 0.9326099 0.3534743 0.0256977 0.9864743 0.1618896 -0.07272422 0.932574 0.3535773 0.0260787 0.8656604 0.499952 -0.2160103 0.8322621 0.5105679 -0.08970916 0.7153985 0.6929338 -0.4116832 0.5950893 0.6902071 -0.09116375 0.4817093 0.8715764 -0.2771674 0.5439174 0.792043 -0.04393738 0.3626562 0.9308867 0.3574084 0.9254611 0.1256231 0.5093821 0.6992164 0.5016239 0.2563488 0.9449236 0.2034816 0.161683 0.9561312 0.2442783 0.2056044 0.8797619 0.4286559 0.04767602 0.7373533 0.6738228 -0.008817732 0.9284334 0.3713943 -0.159731 0.619531 0.7685489 -0.1379557 0.5416538 0.8292042 0.1235479 0.6677559 0.7340558 0.02453756 0.2256273 0.9739046 -0.09439587 0.8772003 0.4707539 -0.4023474 0.7650008 0.5028821 -0.1598024 0.6195977 0.7684803 -0.2064293 0.7296307 0.6519402 -0.2063841 0.7295875 0.6520028 -0.1379876 0.5416174 0.8292225 0.04878532 0.2183129 0.9746587 0.03097486 0.2859975 0.9577296 0.2063237 0.7632043 0.6123315 -0.04261362 0.7400109 0.6712437 -0.1380452 0.5416445 0.8291953 -0.2144667 0.7420153 0.6351516 0.1887115 0.7490381 0.6350826 -0.1001587 0.6744311 0.7315129 -0.4181575 0.6359833 0.6485905 -0.485541 0.4672455 0.7388719 -0.2310133 0.5847076 0.7776566 -0.2048069 0.6695947 0.7139307 -0.01670986 0.5071118 0.8617184 -0.2265138 0.7007671 0.6764739 0.01509678 0.8344437 0.5508864 -0.06978547 0.071545 0.9949932 -0.01996523 0.3369511 0.9413105 -0.07649409 0.4428479 0.8933277 -0.01391464 -0.2368626 0.9714436 0.02618652 0.09310787 0.9953116 0.02616292 -0.0464785 0.9985767 0.02831786 0.306073 0.9515869 -0.08900612 -0.3832783 0.9193345 0.04328751 -0.6740062 0.7374565 -0.01396775 -0.2370254 0.9714031 -0.01452159 -0.4571067 0.8892933 0.0256735 -0.3052979 0.9519108 -0.06842958 -0.3182332 0.9455397 0.02678352 -0.3524773 0.935437 -0.1748102 -0.5085992 0.8430708 0.02629667 -0.675022 0.7373289 -0.1170752 -0.7041609 0.700322 -0.1257309 -0.8470616 0.5164092 -0.4122033 -0.6936053 0.5907624 -0.37203 -0.7602461 0.5325595 -0.4763647 -0.7459282 0.4654761 -0.2484479 -0.7293495 0.6374347 -0.4133499 -0.6515082 0.6361438 -0.2217378 -0.6759834 0.7027652 -0.09980797 -0.7309664 0.6750753 -0.2068231 -0.6508964 0.7304506 0.1419713 -0.6400138 0.7551335 0.1261579 -0.6200339 0.7743657 0.2417533 -0.662895 0.7086082 0.3249186 -0.6055689 0.7264394 0.451234 -0.6048149 0.6561913 -0.09250682 -0.1240731 0.9879516 -0.1570616 -0.7674708 0.6215466 -0.4001352 -0.5014833 0.7670764 -0.08970338 -0.4404585 0.8932803 -0.1571164 -0.7674242 0.6215903 -0.206777 -0.6509408 0.7304241 -0.1357432 -0.8290813 0.5424003 0.04888111 -0.9754207 0.2148606 0.03077328 -0.9588353 0.2822907 -0.04119747 -0.6688254 0.7422772 -0.135801 -0.8290656 0.5424098 -0.205109 -0.6288527 0.7499831 0.1672621 -0.6734703 0.7200424 0.241618 -0.6629803 0.7085746 -0.09723705 -0.8567221 0.5065298 -0.1256924 -0.8471018 0.5163525 -0.08865159 -0.9141434 0.3955793 -0.1583791 -0.8866136 0.4345485 0.02447623 -0.8894496 0.4563774 -0.1138305 -0.5105036 0.8523079 -0.2218143 -0.6758823 0.7028383 -0.1394791 -0.4165744 0.8983382 -0.1309375 -0.6243783 0.7700696 0.009906113 -0.2743335 0.9615837 0.1451345 -0.3257859 0.9342375 0.1266691 -0.4514846 0.8832421 0.009937405 -0.274488 0.9615393 0.1930977 -0.4843264 0.8533119 0.2382683 -0.1628459 0.9574496 0.4644457 -0.4003729 0.7899316 0.4946069 -0.2358149 0.8365139 -0.2217003 -0.6758866 0.7028701 0.07844048 -0.2844507 0.9554763 0.2437412 -0.3346549 0.9102727 0.2571099 -0.3796099 0.8887018 0.2572203 -0.37957 0.8886869 0.4945035 -0.2358093 0.8365766 0.2739384 -0.2491317 0.9289193 0.02765059 -0.9616256 0.2729685 -0.156468 -0.9821506 0.104394 -0.08868718 -0.9141666 0.3955175 -0.07653558 -0.9901552 0.1171973 0.1931408 -0.9675078 -0.1631731 -0.07546031 -0.9943264 0.07497239 0.02518594 -0.9994191 0.02296406 0.02767741 -0.9616336 0.2729377 0.09210771 -0.9297518 0.3564799 -0.1601004 -0.6229093 -0.7657362 -0.008722662 -0.9310509 -0.3647852 0.04318308 -0.7389672 -0.6723561 0.1931738 -0.9674777 -0.1633122 0.01217895 -0.6952859 -0.7186301 -0.1384317 -0.5435817 -0.827862 0.1159591 -0.670988 -0.7323446 0.02458226 -0.2200559 -0.9751776 0.3200354 -0.2615913 -0.9105753 0.04885011 -0.2170883 -0.974929 0.4324041 -0.3516815 -0.8302692 0.5773776 -0.1972534 -0.7922918 0.3201842 -0.2615081 -0.9105469 0.4560962 -0.3093692 -0.8344262 0.3519661 -0.267466 -0.8969848 0.1657965 -0.3702119 -0.9140322 -0.05656284 -0.2749919 -0.9597814 -0.07250541 -0.9329909 -0.3525208 -0.1555714 -0.9796815 -0.1265773 0.02599841 -0.9741225 -0.2245207 -0.07546699 -0.9943238 0.0750004 0.1931313 -0.9675122 -0.1631578 -0.07246112 -0.9329517 -0.3526338 0.02640455 -0.8660972 -0.4991778 0.02612596 -0.9867309 -0.1602487 0.04879117 -0.2172321 -0.9748998 -0.2065204 -0.7310388 -0.650332 -0.1384393 -0.5435894 -0.8278557 -0.1601356 -0.6229302 -0.7657118 -0.206579 -0.7310652 -0.6502836 -0.4023602 -0.7650809 -0.50275 -0.09410363 -0.8786461 -0.4681084 -0.2153638 -0.8324249 -0.5105755 -0.086928 -0.7158525 -0.6928194 0.02668619 -0.6311923 -0.7751672 -0.1364651 -0.4934654 -0.8589932 0.02696961 -0.2659877 -0.9635992 0.03384643 -0.1805138 -0.98299 -0.1206364 -0.3382187 -0.9333032 0.0323801 -0.02703201 -0.9991101 0.04824382 -0.251585 -0.9666321 0.03068733 -0.2820326 -0.958914 0.2062729 -0.7660283 -0.6088122 0.1887598 -0.7486069 -0.6355765 -0.1004226 -0.6739254 -0.7319426 0.2845864 -0.698489 -0.6566001 0.1851175 -0.5930699 -0.7835814 -0.2178651 -0.679989 -0.700107 -0.4086444 -0.6371095 -0.6535298 -0.4667925 -0.4657407 -0.7517915 -0.4126866 -0.5883294 -0.6953835 -0.3960751 -0.5135979 -0.7611451 -0.1700413 -0.8025757 -0.5718028 0.0266242 0.6309785 0.7753434 0.02139335 0.6026567 0.7977138 0.02820962 0.3640302 -0.9309599 0.1767547 0.2540106 -0.9509134 0.01683509 0.207876 -0.9780103 0.02287089 -0.03776818 -0.9990249 0.02692091 0.05154091 -0.998308 0.03387826 -0.1804519 -0.9830003 0.03621846 -0.01291608 -0.9992604 0.1767449 0.25399 -0.9509208 0.01686954 0.2080373 -0.9779754 0.06202083 0.3001676 -0.9518681 0.04495298 0.6381264 -0.7686182 0.05312108 0.5393562 -0.8404005 -0.1346603 0.3952899 -0.9086322 -0.04042226 0.2960805 -0.9543073 -0.09238666 0.6347528 -0.7671725 -0.2490593 0.817287 -0.5196264 -0.3315331 0.7311227 -0.5962763 -0.3878577 0.5155997 -0.7640181 -0.1110888 0.5295692 -0.8409613 0.7716692 -0.01844668 0.6357566 0.9545788 -0.09359788 0.2828758 0.7267315 -0.5051313 0.4655146 0.2563825 0.9449552 0.2032924 0.1750938 0.9572806 -0.2301217 0.2561305 0.9565218 -0.1395105 0.6298805 0.1965574 -0.7514092 0.9584886 0.2549948 -0.1275825 0.8234518 0.3543317 -0.4431437 -0.2122036 0.3244886 -0.9217791 -0.3295018 0.1139051 -0.937259 -0.1871494 0.2249871 -0.9562197 -0.4806829 0.3886073 -0.7860842 -0.1872065 0.2251219 -0.9561768 -0.1439909 0.6403509 -0.7544649 0.1077308 0.2187852 -0.9698078 -0.1027117 0.8633828 -0.4939844 0.0522691 0.5569465 -0.828902 0.1366375 0.689269 -0.7115044 0.7296566 -0.590076 -0.3455598 0.9445616 -0.2168135 -0.2465674 0.8091481 -0.5840845 -0.0642234 0.5300288 0.6788388 -0.5081805 0.5479455 0.6623817 -0.5108878 0.7235177 0.4643837 -0.5107543 -0.938952 -0.005555987 -0.3440034 -0.9698609 0.1509589 -0.1912627 -0.9585756 0.1556898 -0.238524 0.795656 0.02882844 -0.6050624 0.7188522 -0.045448 -0.6936758 0.6188308 -0.03499579 -0.7847444 0.1417615 0.2134129 -0.9666223 -0.07148236 0.2359669 -0.9691285 0.1100029 0.1847402 -0.9766117 0.5045661 0.2269589 -0.8330083 0.2401562 0.1566246 -0.9580155 0.4680243 0.3988618 -0.7885827 0.1331167 -0.983053 -0.1260426 0.0595054 -0.9901946 0.1263878 0.324991 -0.932714 0.1562868 -0.04874181 0.2738599 -0.9605337 -0.003584504 0.7102291 -0.7039615 0.8496856 -0.5272883 0.001240134 0.782503 -0.6066417 0.1402673 0.07028907 -0.9910319 -0.1136455 0.04584169 0.9792162 -0.1975713 0.6756789 0.7140122 0.183425 0.973915 0.2060576 0.09502643 0.62549 0.5918635 0.5083896 -1 2.70333e-6 0 -1 -1.14757e-6 0 0.1697853 0.174603 -0.9698902 0.3191307 0.1091958 -0.9413989 0.1180157 0.1980432 -0.9730628 0.8282121 0.5359393 -0.1638108 0.6756331 0.7140741 0.1833528 0.5139481 0.8495547 0.1188038 0.2280892 -0.9217846 -0.3135101 0.002819478 -0.8447029 -0.5352281 0.3853946 -0.9101438 -0.1520171 0.8090996 -0.5841628 -0.06412345 0.4918266 -0.8436931 -0.2151477 0.7859229 0.5587247 0.2648621 0.9961818 0.081586 0.03107589 0.8673688 0.4119082 0.2792901 0.9997761 0.01746201 -0.01195365 0.9362619 0.202073 0.2873679 0.9961917 0.08147931 0.0310344 0.9990265 -0.04196548 0.01360327 0.9995689 -0.02792966 0.00905323 1 0 0 0.9739545 0.2058868 0.09499102 0.7559524 -0.06120282 0.6517594 0.7716387 -0.01838195 0.6357956 0.7716379 -0.01830565 0.6357986 0.7328141 0.1693031 0.6590296 0.9362054 0.2021408 0.2875042 -0.6962703 0.5488755 0.4625402 0.1317998 -0.1248512 0.9833825 0.05935877 0.1314496 0.9895441 0.3188931 0.1594598 0.9342803 -0.7712097 0.6363728 0.01628994 -0.7710576 0.6365575 0.01627606 -0.7711489 0.6364467 0.0162844 -0.2038076 0.9221433 -0.3288075 -0.4049102 0.5663236 -0.7178617 -0.5767433 0.6108978 -0.5423753 -0.4945722 0.4294785 -0.7556101 -0.6948343 0.3181686 -0.6449606 -0.6555405 0.6180416 -0.4339254 -0.9079448 0.2506465 -0.335876 -0.3591884 0.9024983 -0.2376563 -0.7791852 0.5699164 -0.2608942 -0.6694744 0.7207213 -0.1799025 -0.8058448 0.5476771 -0.2250869 -0.9079658 0.2506435 -0.3358213 -0.9699932 0.151171 -0.1904225 -0.8204418 0.3545573 -0.4485137 -0.351609 -0.01233911 0.9360656 -0.3516091 -0.01233935 0.9360657 -0.3515641 -0.01234078 0.9360826 0.1942342 0.6996389 -0.6875889 0 1 0 -0.003695964 -0.9535843 -0.3011038 0.01730799 -0.9457877 -0.3243241 -0.03980731 -0.9076357 -0.4178671 0.5728129 0.1525109 -0.8053731 0.7250489 -0.3501994 -0.5930131 0.6059213 -0.04438608 -0.7942854 -0.9358984 0.2972787 -0.1889964 0.9994301 -0.01233035 0.03142607 0.9977205 -0.02464669 0.06281936 0.9997462 -0.008229494 0.02097642 1 2.59503e-6 0 0.9997473 -0.008212029 0.0209276 1 2.12448e-6 0 1 1.70441e-6 0 0.4521351 -0.7560069 -0.4733153 0.5152801 -0.6808429 -0.5205185 0.4883937 -0.6380265 -0.5953099 0 -0.2726716 -0.9621072 0.1301911 -0.2766799 -0.9521022 0.8159754 -0.5776229 0.02315372 0.8791765 -0.4673985 0.09266787 0.8576443 -0.5142315 0.003523409 -0.02538198 0.8148683 -0.5790903 0.004057049 0.9126409 -0.4087425 -0.1564711 0.6567298 -0.7377147 -0.2170444 0.68754 -0.6929506 -0.1141941 0.5094385 -0.8528964 -0.01603555 0.7246412 -0.6889398 -0.2058357 -0.5445504 -0.8130785 -0.214055 -0.7435669 -0.6334735 -0.05437809 -0.67267 -0.7379419 -0.7580121 0.06435209 -0.6490583 -0.6736174 0.3711904 -0.6391066 -0.6955566 0.1924158 -0.6922262 -0.03371477 0.2375291 0.9707952 0 0.1919288 0.9814089 0.01128721 0.3768274 0.9262148 -0.009728252 0.5912868 0.8064026 0.03649479 0.8201007 0.5710542 -0.01302647 0.9367729 0.3496954 0.01153749 0.9770789 0.212565 -0.04370987 0.9895846 0.1371562 0.009975373 -0.7041401 0.7099911 -0.05226248 -0.7119094 0.700324 -0.1326337 -0.7631297 0.6324882 -0.2468926 -0.5374314 0.806357 -0.1812037 -0.2826163 0.9419625 -0.2643148 0.8890904 -0.3737058 -0.4437193 0.8758153 -0.1898972 -0.161967 0.8893734 -0.4275297 -0.2229523 0.9674312 0.1198723 -0.6095759 0.7915431 -0.04332262 -0.3735875 0.9233921 0.08820134 -0.9642197 0.1853122 0.1895778 -0.9542033 0.0508728 0.2948016 -0.9300376 0.02181833 -0.3668161 -0.7971369 0.5748924 0.1845852 -0.9725908 0.2153707 -0.08765089 -0.9315213 0.3274505 -0.1582545 -0.8643743 0.1468375 -0.4809322 -0.9844912 0.1607223 0.07032501 -0.9300342 0.02183163 -0.3668239 0.6452661 -0.2610168 -0.7179846 0.7275381 -0.1057808 -0.6778634 0.230912 -0.09162718 -0.9686507 -0.04134684 0.3407697 0.9392372 0.5469074 -0.01458376 0.8370662 0.384317 -0.0140528 0.9230943 0.7542585 -0.02273088 0.656184 0.7542866 -0.0227279 0.6561518 0.9366828 -0.01209688 0.3499702 0.9775747 -0.004951298 0.2105312 0.9775953 -0.004945158 0.210435 0.9775953 -0.004922389 0.2104355 0.9931377 -0.110814 -0.0373882 0.96726 -0.2527887 -0.02249634 0.9513788 -0.2942842 -0.09096789 0.9368179 -0.3402904 0.08108413 1 3.29029e-7 0 0.9999728 0.004418075 -0.005914688 0.9999117 -0.01232564 0.004984319 0.9999682 -0.007915616 -9.38169e-4 0.9999726 0.004436433 -0.005937874 0.9834021 -0.1812273 -0.0087713 0.8985579 -0.4313793 -0.0806573 0.7886233 -0.6139072 0.03451687 -0.9843155 0.009538471 0.1761595 -0.8041722 -5.54874e-4 0.5943961 -0.9988128 -0.006298303 0.04830557 -0.5457904 0.7229249 -0.4236655 -0.2908723 0.7016012 -0.6504992 -0.1261564 0.5811582 -0.8039525 0.1253015 -0.1895033 -0.9738522 9.25526e-4 -0.06271928 -0.9980309 0.017331 -0.5436149 -0.8391558 0.03046822 -0.2179214 -0.9754906 0.0173375 -0.5436203 -0.8391522 0.1542081 -0.5722166 -0.8054738 0.02449792 -0.6831122 -0.7299025 0.2295986 -0.7306737 -0.6429623 0.02566814 -0.839093 -0.5433821 -0.0809924 -0.810905 -0.5795457 0.1685178 -0.8811549 -0.4417779 -0.08114051 -0.8108955 -0.5795385 -0.0606622 -0.8854742 -0.4607121 -0.05181825 -0.7624816 -0.6449316 0.02223294 -0.9583319 -0.2847909 0.3127613 -0.9392656 -0.1412824 0.00697565 -0.9989743 -0.04474139 0.2912847 -0.9543771 0.06570875 0.1700235 -0.8140888 -0.5552943 0.19538 -0.8284065 -0.5249471 0.4620391 -0.8309438 -0.3099232 0.1596635 -0.6277818 -0.7618383 0.4466797 -0.3296005 -0.8317697 0.1930731 -0.7123306 -0.6747651 0.1268254 -0.4503515 0.8837981 0.03584009 -0.2627579 0.964196 0.1199667 -0.7887745 0.6028622 -0.173331 0.311111 0.9344337 -0.3933617 0.1100794 0.91277 -0.7669858 0.09954631 0.6338953 -0.9351385 0.1746853 0.3082227 -0.8224772 0.03500527 0.5677199 -0.04912501 0.9898104 -0.1336498 -0.1619548 0.8893018 -0.4276833 -0.2144902 0.8605398 -0.462023 0.1424825 -0.5375563 0.8311029 0.1944898 -0.5241032 0.82915 0.4221329 -0.2996013 0.8555951 0.732564 -0.4488471 0.5117483 0.7658077 -0.1416894 0.6272661 0.8875015 -0.3398736 0.3111705 -0.6954523 0 0.7185723 0.9166192 0.2215667 -0.3327424 0.9136867 0.02509117 -0.4056442 0.9136282 0.02509689 -0.4057754 -0.1563456 -0.7862895 0.5977499 -0.1252775 -0.6043396 0.7868158 -0.463664 -0.6369349 0.6158974 0.3493512 -0.6998437 0.623035 -0.005553185 -0.6319531 0.7749868 0.422771 -0.5775216 0.6983792 0.4643312 -0.1981489 0.8632113 0.4548203 -6.67312e-5 0.8905833 0.05293458 -0.9977114 0.04207134 0.2874624 -0.8224377 0.4908786 0.6277107 -0.7719485 0.1003736 0.7505654 -0.1837246 0.6347417 0.8623794 0.382578 0.3315659 0.662629 -0.1229208 0.7387918 0.775303 -0.631426 0.01437616 0.7114347 -0.568042 0.4137501 0.9313004 -0.3632112 -0.02751833 -0.9466672 0.2685227 0.1780925 -0.9466672 0.2685233 0.1780914 -0.9494256 -0.1000316 0.2976318 0.958301 -0.2667453 0.1025 0.7810325 -0.6197624 0.07669895 0.904739 -0.3617523 0.2249059 0.5429901 -0.4557662 0.7052935 0.422924 -0.577457 0.6983401 0.7897638 -0.3523413 0.5021243 -0.8182371 0.4344702 0.3764621 -0.6483476 0.7514823 0.1221471 -0.6909041 0.6611363 0.2924901 0.9145057 0.3926263 -0.09759163 0.8442099 0.5075548 -0.1723308 0.9714039 0.2319063 -0.05093061 0.04799348 -0.1085643 0.9929303 0.356517 -0.7094658 0.6079095 0.1935515 -0.3814226 0.9039108 0.5393252 -0.1568431 0.8273624 0.8537128 -0.07241374 0.5156846 0.8734325 -0.2984248 0.3847838 -0.5746964 0.8043276 0.1509351 -0.1981586 0.9346421 0.2952583 -0.3233621 0.8211815 0.4702104 -0.6481966 0.7516027 0.1222078 -0.3233698 0.8211777 0.4702119 -0.298079 0.9422676 0.1525808 -0.2094852 0.9636722 0.1656867 -0.1497315 0.9732645 0.1741749 -0.2093399 0.9637222 0.1655786 -0.009727418 0.9913966 0.1305307 -0.2592652 0.9654943 0.02454483 -0.4983801 0.8660919 0.03876 -0.01098001 0.9999309 -0.004204392 0.111144 0.9272021 0.3576918 -0.009714841 0.9913866 0.1306079 0.1092217 0.605897 0.7880098 0.02531993 0.7491006 0.6619722 -0.009701192 0.9913762 0.1306876 0.002150774 0.6933735 0.7205752 0.1403421 0.5375796 0.831452 0.002119541 0.693227 0.7207162 -0.003844439 0.2420908 0.9702461 0.3977126 0.7892881 0.4678133 0.3244462 0.8957163 0.3040184 0.2289429 0.9718623 0.05539739 0.01409798 0.9997786 0.01562368 -0.0109682 0.999931 -0.004199445 0.7150706 0.6823207 0.1520287 0.442054 0.8828197 0.1588011 0.3512693 0.9213947 0.1662589 0.114205 0.9921919 0.0501275 -0.3234626 0.8211056 0.4702741 -0.8510151 0.4473558 0.2750388 -0.4063191 0.8921722 0.1973158 -0.5014855 0.2779406 0.8193055 -0.9816852 0.09703201 0.1639481 -0.9866178 0.1433582 0.07767772 -0.9701487 0.02579885 0.2411347 -0.6580651 0.5544832 -0.50941 -0.2444819 0.9289559 -0.2779744 -0.5064994 0.7699143 -0.3881888 -1 3.21e-7 0 -0.8745883 0.006170094 0.4848269 -0.9826895 0.001017034 0.1852579 -0.7266258 0.008695244 0.6869785 0.5442287 -0.1130196 -0.8312891 0.8162543 -0.1251763 -0.563968 -0.2871407 0.938861 0.1899744 -0.08180105 -0.9934471 -0.07982176 0.02616733 -0.9384568 -0.344404 0.1443865 -0.9895146 0.003671288 0.3585028 -0.6779341 0.6417797 0.1539424 -0.8522928 0.4998987 0.02927798 -0.8815898 0.4711074 -0.7281522 0.5486719 -0.4107963 -0.475503 0.7803642 -0.4061142 -0.2830685 -0.5208334 0.80536 -0.2736713 -0.5569695 0.7841486 -0.5572279 -0.4138138 0.7198994 0.1641829 0.6365422 -0.7535636 0.07080638 0.5487593 -0.8329765 0.01201665 0.9705833 -0.2404658 -0.8201206 -0.181613 0.5426038 -0.6032329 -0.1727933 0.7786222 -0.7248527 -0.6872051 -0.04835027 -0.7785174 -0.4414237 -0.4461568 -0.8604614 -0.5092922 -0.01509916 -0.08982998 -0.995357 -0.03457009 -0.2191048 -0.8587484 -0.4631891 -0.2251279 -0.9729887 -0.05109244 -0.4753835 0.7804484 -0.406092 -0.1668083 0.9204108 -0.3535804 0.4015641 0.8734931 -0.2752385 0.2786993 0.9245071 -0.2600259 0.7102472 0.6558563 -0.2557371 0.9694566 -0.119064 -0.2144244 0.8163415 -0.1251997 -0.5638366 0.9705514 0.008980572 0.2407268 1 1.92246e-7 0 0.9705069 0.009003877 0.2409054 0.9467529 0.003234565 0.321945 0.8831858 0.01319414 0.4688379 0.8819249 0.004618287 0.4713675 0.8842646 0.03011143 0.4660143 0.9779035 -0.2071732 -0.02800047 0.9313434 -0.3630951 -0.02759528 0.9047108 -0.2102679 -0.3705209 0.1881564 -0.5531113 -0.8115818 0.2013009 -0.6382911 -0.743009 -0.04640287 -0.5684337 -0.8214195 -0.3361787 -0.514272 -0.7889918 -0.32468 -0.6764302 -0.6610788 -0.04649788 -0.5685672 -0.8213218 -0.4303688 -0.5656262 -0.7034556 -0.3363444 -0.5143255 -0.7888864 -0.4305738 -0.565545 -0.7033954 -0.7784148 -0.4414439 -0.4463158 -0.7248588 -0.6872058 -0.0482493 -0.8604084 -0.5093859 -0.01495075 -0.7324166 -0.517055 0.4429674 -0.3241553 -0.1462627 0.9346286 -0.6031102 -0.1727619 0.7787242 -0.08973407 -0.9953683 -0.03449434 -0.5151004 -0.8561971 -0.03998017 -0.1093618 -0.9932266 0.03925639 -0.1094282 -0.993218 0.03928792 -0.2250701 -0.9730059 -0.05102103 -0.1125416 -0.9365335 0.3320231 0.8290252 -0.5468738 0.1168183 0.6518149 -0.7149086 0.2530674 0.8349747 -0.54329 0.0874843 0.9584225 0.2470162 0.142861 0.8096089 0.5858996 0.03542804 -0.1251453 -0.2575529 0.9581259 0.2241592 0.05940979 0.97274 -0.1251151 -0.2575182 0.9581392 0.1537441 -0.8956076 0.4174326 -0.0371986 -0.9872255 0.1549258 -0.1422249 -0.8758218 0.4612032 -0.2579529 -0.8138386 0.5206987 -0.03727251 -0.9872388 0.1548236 -0.08398985 -0.9572282 0.2768753 -0.1205275 -0.8780294 0.4631819 -0.1306596 -0.9557118 0.26371 0.005670607 -0.7652442 0.6437153 0.7753317 -0.6313949 0.01419651 0.8161981 -0.450012 -0.3623672 0.6684366 -0.6263341 -0.4011212 0.971055 0.1500136 -0.1858712 0.919084 0.2227127 -0.3250905 0.721136 0.06823503 -0.6894251 0.8184391 0.532833 -0.2150501 0.6723337 0.5323619 -0.5143523 0.800049 0.1550174 -0.5795613 0.7963866 0.2360816 -0.5568069 0.850885 0.1764064 -0.4948491 0.8000266 0.1548581 -0.5796349 0.8719138 0.2973854 -0.3890095 0.8000103 0.1549207 -0.5796405 0.8838934 0.3467308 -0.3138633 0.8368335 0.4489403 -0.3133086 0.6835895 0.223836 -0.6946963 0.6409577 0.3048967 -0.7044227 0.6834903 0.223928 -0.6947643 0.4723783 0.2171659 -0.8542235 0.3384765 0.4507547 -0.8259866 0.6835587 0.2240111 -0.6946702 0.4478793 0.3315322 -0.8303556 0.7371261 0.4324556 -0.5192566 0.5596771 0.5867781 -0.585195 0.7368334 0.2829624 -0.6140105 0.7806217 0.6067459 -0.1499639 0.7719913 0.3832919 -0.5070669 -0.09635382 -0.9423914 -0.320335 -0.02871155 -0.946404 -0.321707 -0.06160461 -0.9977921 -0.02481848 -0.772547 0.3711298 0.5152027 -0.02839308 -0.8182213 0.5742018 0.003716289 -0.9133786 0.4070942 -0.1564559 -0.6567296 0.7377179 0.5324547 -0.6780337 0.5067173 0.555051 -0.6582425 0.508562 0.7203555 -0.4668493 0.5129714 0.6180864 -0.2085289 0.7579479 0.9300868 -0.3437248 0.129584 0.8025283 -0.3788399 0.4609001 0.7982496 0.08120518 -0.5968277 0.9508656 0.1210127 -0.2849746 0.7066559 0.5331947 -0.4651248 0.2904977 -0.9339472 -0.2082158 0.1733734 -0.95787 0.228969 0.2041211 -0.9715651 0.1199834 -0.7841666 -0.6203684 -0.01503682 0.1333249 0.1097302 -0.9849792 0.05921423 -0.1277983 -0.990031 0.3281786 -0.1557736 -0.9316831 0.3264492 -0.9259467 0.189878 0.2879279 -0.9408068 -0.1788305 0.2905169 -0.9339451 -0.2081984 0.2148053 0.919228 -0.329968 0.320732 0.9187095 -0.2304429 0.02202004 0.9994122 -0.02627891 0.5473143 -0.3231754 -0.7720135 0.5913689 -0.7966427 -0.125074 0.8587074 -0.4877647 -0.1571851 0.03622686 -0.01294171 -0.9992598 0.3137074 -0.2640337 -0.9120713 -0.7449821 0.02242314 -0.6667075 0.9017317 -0.3356562 -0.2724241 0.9959961 -0.08575505 -0.02525389 0.9118653 -0.135789 -0.38738 -0.7061001 -0.5425902 -0.4549931 0.8905825 0.004750311 -0.454797 0.8133561 -0.08517688 -0.575497 0.9743105 -0.00333929 -0.2251842 0.974311 -0.00337094 -0.2251815 0.9098109 0.0879873 -0.405589 0.7912693 0.02596485 -0.6109163 -0.9148474 -0.05023115 0.4006634 -0.250255 -0.07276314 0.965442 -0.3723274 -0.1099881 0.9215612 0.03233706 0.4670639 -0.8836322 0.02046912 0.2855026 -0.9581593 0.03826558 0.1672936 -0.9851643 0.787588 -0.6147959 -0.04161071 0.5120472 -0.8580374 -0.03974652 0.7197296 -0.6873425 -0.0977227 0.4591841 -0.8839305 -0.08841431 0.3736063 -0.884639 -0.2789841 0.3079003 -0.9307308 -0.1973258 -0.948534 -0.01881885 -0.3161157 -0.3754115 0.01415085 0.9267502 5.67923e-5 0 1 0.9848091 -0.1427155 -0.09891098 0.9845408 -0.01821196 -0.1742057 0.946693 -0.26089 -0.188968 0.7294565 -0.4505734 -0.514662 0.8453695 -0.4405636 -0.3020831 0.9172022 -0.2810987 -0.2823537 0.8168256 -0.5589875 -0.1425799 0.917267 -0.2809765 -0.2822651 0.9526932 -0.25468 -0.1658727 0.9764097 -0.008214771 -0.2157697 0.6288176 -0.2555167 -0.7343703 0.7294657 -0.4504303 -0.5147741 0.8696597 -0.3381739 -0.3596256 0.5868264 -0.7998308 -0.1261174 0.7587455 -0.4785097 0.4419658 0.9073681 -0.3510756 0.2311472 0.6042448 -0.7804453 0.1606029 0.08150935 0.996528 -0.01697707 0.08888691 0.9799824 -0.1781396 0.140492 0.9887459 0.05141711 0.9235025 0.2765415 -0.2658349 0.8163277 0.4999315 -0.2892708 0.6110481 0.7236565 -0.3208452 -0.6960785 0.02624499 0.7174859 -0.3755528 0.01417738 0.9266927 0.6762687 -0.7319707 0.08294361 -0.708873 -0.1815981 0.681558 -0.4907332 -0.3851016 0.7815867 -0.7088264 -0.181928 0.6815184 0.6658961 -0.6254729 -0.4066523 0.7354809 -0.6741321 -0.06792616 0.3200107 0.8912858 -0.3212519 0.5898759 0.7698197 -0.2437709 0.5407019 0.5972902 -0.5923563 0.4785228 0.6450009 0.5958102 0.2106426 0.6538062 0.7267512 0.4784963 0.6450124 0.5958191 0.2221664 -0.959912 -0.1709127 -0.2239465 -0.5503591 0.8043338 -0.4905741 -0.3851939 0.7816411 0.7153747 -0.6405217 0.279233 0.7354889 -0.6741439 -0.06772112 0.6317486 0.76697 -0.1124756 0.927168 0.3569284 0.1138494 0.8950634 0.4251519 -0.1345637 -0.6603317 -0.5791468 0.4780704 0.07044339 -0.8871408 -0.4560912 0.2071902 -0.7849411 -0.5839003 0.1988846 -0.9110135 -0.361247 0.05785679 -0.9122998 -0.4054156 0.07036906 -0.8871833 -0.4560199 0.2050641 -0.8893408 -0.4086831 0.19878 -0.9110743 -0.3611509 0.5917737 -0.5482291 -0.5909728 0.1989175 -0.9110522 -0.3611311 0.6511691 -0.6643285 -0.3669422 0.373576 -0.8846831 -0.2788852 0.1988832 -0.9110804 -0.3610789 0.009636759 -0.9999316 -0.006627738 0.2072219 0.9660935 -0.1540204 -0.8152999 0.5776596 -0.03994351 -0.9525761 0.2946998 -0.07583564 -0.8153037 0.5776568 -0.03990799 -0.05082029 0.9386478 0.3411126 -0.002988994 0.9999955 -9.28963e-5 0.00309509 0.9999105 -0.01301771 -0.1220238 -0.8394311 -0.5295903 0.2943979 0.4700013 -0.8321231 0.5256161 0.0932253 -0.8455985 0.21623 0.1850833 -0.9586391 0.6420339 0.4742429 0.6024003 0.9609258 0.08378386 0.2638217 0.8967823 0.3262848 0.298864 0.9271616 0.3569262 0.1139079 0.8104181 0.5070944 0.2933903 0.6050263 0.6428792 0.4697337 0.1794424 0.9146038 0.3623538 0.02497571 0.790713 0.6116775 0.003306388 0.9628491 0.2700201 0.003286719 0.9629045 0.2698228 0 0.9995515 0.02994555 0.1681863 0.9734361 0.155357 0.3193826 0.8945612 0.3126583 0.5933713 0.7776044 0.2079467 0.4091234 0.8916757 0.1937334 0.593461 0.7775576 0.2078658 0.6768803 0.724124 0.132203 0.3040538 0.9187752 -0.2518006 0.5154945 0.8420513 -0.1587927 0.1790944 0.9787338 -0.1000269 0.2222012 -0.2662662 0.9379386 -0.004538893 -0.9985462 -0.05371183 -0.004538953 -0.9985462 -0.05371183 -0.004538953 -0.9985462 -0.05371183 -0.8915104 -0.4065715 -0.1997724 0.3779135 0.8461122 0.3758665 0.608651 0.7793705 0.1487468 0.4326804 0.8590394 0.2735674 0.003107428 0.9999101 -0.01304095 0.1372742 0.9490189 0.2837589 -0.0714842 0.995315 0.06510001 0.5000917 0.8578913 0.1180298 0.3962044 0.8939083 0.2096427 0.608641 0.7793882 0.1486946 0.6107914 0.3094124 0.7288332 0.8118697 0.4048382 0.4206825 0.5926035 0.6639552 0.4560533 -0.05105233 0.9208666 0.3865209 -0.009928405 0.9850838 0.1717892 -0.1211929 0.7909681 0.5997348 -0.01785802 -0.8074406 0.5896787 -0.02589815 -0.8798456 0.4745535 0.03009676 -0.6105071 0.7914388 0.1472743 -0.4178228 0.8965123 -0.03058797 -0.7162409 0.6971825 -0.05454534 -0.5598114 0.8268228 0.03003078 -0.6104053 0.7915197 -0.04971575 -0.426706 0.903023 0.03005284 -0.6103689 0.7915471 -0.118392 -0.5574446 0.8217293 -0.111482 -0.6439291 0.7569196 0.03018009 -0.6104717 0.7914629 -0.03338778 -0.8417516 0.5388317 -0.04971933 -0.426619 0.9030639 0.01271337 -0.3798347 0.9249671 0.1472961 -0.4176747 0.8965777 0.1473661 -0.4178069 0.8965047 5.66245e-4 -0.5000153 0.8660164 0.2995663 -0.3988342 0.8667129 0.4222653 -0.2996106 0.8555265 0.3198823 -0.5805411 0.7487639 -0.1183669 -0.5574206 0.8217492 -0.2154199 -0.6512203 0.7276719 0.01271682 -0.3798962 0.9249418 5.02173e-4 -0.4999473 0.8660557 -0.2154003 -0.6511721 0.7277209 0.1423583 -0.5376036 0.8310936 0.01272249 -0.3798829 0.9249472 0.1424107 -0.537581 0.8310993 0.2994386 -0.3988102 0.8667681 -0.8083556 0.5124681 0.2897202 -0.5981234 0.4380204 0.6711084 -0.2706339 0.5727372 0.773776 -0.7969372 0.4893571 -0.3541481 -0.8613635 0.505838 -0.04670107 -0.8082942 0.5125862 0.2896828 -0.9202226 0.3907766 0.0220052 -0.8512327 0.3436266 0.3966405 0.482483 0.5271224 0.699537 0.3889721 0.5286656 0.7544625 0.468866 0.548231 0.6925371 0.3577408 0.7006064 0.6173915 0.3130669 0.5754071 0.7555766 0.1832869 0.7147164 0.6749714 0.009184718 0.7565804 0.6538364 0.06917715 0.6273779 0.7756362 0.1434382 0.536436 0.8316622 0.4363057 0.3898366 0.8109654 0.1834102 0.7146944 0.6749612 0.1255081 -0.1587035 0.9793165 0.1890564 -0.1834412 0.9646797 0.2601512 -0.004287004 0.9655584 0.2336808 0.9488317 0.2123956 0.1559633 0.9742333 0.1629261 -0.002432107 0.9067542 0.4216528 0.2226733 0.820229 0.5269165 0.007095158 0.7271024 0.6864924 0.2197567 0.5970923 0.7714841 0.007139742 0.7270299 0.6865687 0.01279658 0.4738655 0.8805044 0.217266 0.3048645 0.9272826 -0.005006909 0.1968172 0.9804275 0.1546701 0.00491786 0.987954 -0.02510237 0.1260171 0.9917105 0.2790434 0.2007175 -0.9390673 0.2894695 -2.47046e-4 -0.9571872 0.1879611 0.2312337 -0.9545688 0.1878219 0.2312059 -0.9546029 0.1504998 0.0119071 -0.9885384 0.1866895 0.3183916 -0.9293944 0.01392078 0.4697982 -0.8826642 0.2230797 0.6385679 -0.7365233 0.005349099 0.7270947 -0.6865165 0.2240428 0.8478692 -0.4805442 0.006204247 0.908867 -0.4170398 0.2343867 0.9579852 -0.1653091 0.06416934 0.9824701 -0.1750278 0.06829398 0.9976335 -0.007969021 0.1978204 0.9795297 0.03726416 0.4197018 0.30684 -0.8542247 0.4506576 -0.2717428 -0.8503316 0.252388 -0.3461596 -0.9035895 0.2895034 -4.1509e-4 -0.9571769 0.1229739 -0.2292243 -0.9655743 0.2189015 5.15958e-4 -0.9757468 0.002165257 -0.9468404 -0.3216967 0.157709 -0.9722297 -0.1729086 0.00114727 -0.906682 -0.4218134 0.2230126 -0.8204501 -0.5264285 0.006346344 -0.727629 -0.6859416 0.2221612 -0.5969956 -0.7708702 0.01213949 -0.4723213 -0.8813429 0.2231928 -0.3027371 -0.9265718 7.57864e-4 -0.9916238 -0.1291571 0.284506 -0.9557395 -0.0749554 0.1575853 -0.9722547 -0.1728808 0.02108228 -0.9990239 0.03881829 0.02401977 -0.9897969 0.1404461 0.2336531 -0.9579655 0.1664588 0.003937065 -0.9078537 0.4192689 0.222655 -0.848225 0.4805613 0.008118689 -0.7276274 0.6859245 0.2192692 -0.6391431 0.7371683 0.01634657 -0.4689006 0.8830998 0.2239705 -0.352226 0.9087211 0.238023 0.156453 0.9585758 0.02411597 -0.989793 0.1404583 0.2845906 -0.9557241 -0.0748313 0.3181809 -0.947149 0.0408644 -8.89362e-4 -0.9999759 0.006893217 -0.135766 -0.988842 0.06131291 -0.2097349 -0.972236 0.1037706 -0.05220955 -0.9960879 0.07129704 -0.1654908 -0.9657761 0.1997231 -0.3479809 -0.9060977 0.2406169 0.01187938 -0.9819795 0.1886138 0.009575426 -0.9998604 0.01369988 -0.03144681 -0.9776097 -0.2080638 0.02117407 -0.9996498 0.0158751 -0.03575253 -0.997996 -0.05220824 0.02088814 -0.9997301 0.01017707 0.002960801 -0.9980999 -0.06154519 0.01014721 -0.9999465 -0.001997232 0.008544266 -0.9999359 -0.007427752 0.004379808 -0.9999903 5.28706e-4 0.003763735 -0.9999627 0.007774472 -0.04425036 -0.9922512 -0.1161018 -7.2635e-4 -0.9999325 0.01160669 0.009562015 -0.999932 0.00668621 0.007332324 -0.9999634 0.004427969 -0.2815029 -0.9514322 0.1246318 -0.427562 -0.8931604 0.1394824 -0.2436976 -0.9698227 -0.007449209 -0.1782832 -0.9785616 -0.1031127 -0.26248 -0.8892319 -0.374661 -0.1237463 -0.77683 -0.6174319 -0.1487986 -0.9771035 0.152078 -0.2235192 -0.9310637 -0.2883741 -0.261408 -0.9410009 -0.2149026 -0.2273783 -0.9451618 -0.2344537 0.04229706 -0.9864335 -0.1586193 -8.14907e-4 -0.8913801 -0.4532558 -0.1579388 -0.9281651 -0.3369941 -0.1983608 -0.8546081 -0.4798938 -0.3830903 -0.8266724 -0.4121341 -0.4353288 -0.8458868 -0.3081631 0.02048993 -0.9751029 -0.2208046 -0.04418414 -0.992256 -0.1160858 -0.1391388 -0.900314 -0.4124019 0.1204255 -0.8847537 -0.4502319 1 -8.78735e-6 0 0.9978362 -0.06121098 0.02400445 0.9994587 -0.03062808 0.01201087 0.9997587 -0.02044975 0.008021831 1 -2.10063e-6 0 1 -2.93173e-6 0 1 1.84646e-6 0 1 2.83192e-7 0 0.02050405 -0.7611951 0.6481989 0.3207253 -0.8867269 0.3329424 0.1177343 -0.9788678 0.1672021 0.4177128 -0.9080325 0.0315119 0.189522 -0.9817675 -0.01462674 0.1289734 -0.9900644 0.05602055 0.03204602 -0.9918155 0.1235921 0.1893723 -0.9817982 -0.01451057 -0.166014 -0.9832556 0.07515186 -0.06965219 -0.9946401 0.07641929 -0.1661369 -0.9832445 0.07502567 -0.3165209 -0.9350972 0.1593979 0.133597 -0.6350668 -0.7608167 0.4489672 -0.7454652 -0.4926562 0.2250393 -0.6652392 -0.7119089 0.09586721 -0.1624373 -0.9820507 0.212342 -0.4067019 -0.8885406 0.1335358 -0.6349771 -0.7609024 0.1335375 -0.6351107 -0.7607905 -0.01011842 -0.666607 -0.7453408 0.04200172 -0.5981145 -0.8003094 0.3189108 -0.4444273 -0.8371262 0.1239686 -0.2760459 -0.9531162 0.1352354 -0.05859678 -0.9890794 0.9998978 -0.01375228 0.003924906 0.9854909 0.09829437 -0.1383689 0.9900101 -0.0985561 0.1008313 0.9509246 0.1209118 -0.2848207 0.9997453 0.006937205 0.02147948 0.9999564 0.006292164 0.006917297 0.9999192 0.006419956 -0.01098197 0.9929543 0.0794022 -0.08796048 0.9993108 0.01945847 -0.03161329 0.9585286 0.2549035 -0.1274638 0.1723787 -0.02956485 -0.984587 0.09407949 -0.3716691 -0.9235861 0.1697844 0.1745495 -0.9698999 0.1723167 -0.02957624 -0.9845976 0.0181424 0.02459263 -0.9995329 -0.01694673 -0.005347311 -0.9998421 0.3263538 -0.9088931 0.2596278 0.1680357 -0.9149339 0.3669605 0.416112 -0.8747924 0.2481715 0.5268659 -0.7810345 0.3352573 0.5898817 -0.7841225 0.1928515 0.3263881 -0.9088823 0.2596225 0.4455512 -0.8396356 0.3106389 0.3262053 -0.9089216 0.2597147 0.3462833 -0.8959249 0.2782201 0.04894584 -0.9754548 0.2146908 -0.1357223 -0.8290662 0.5424286 0.1176595 -0.7344034 0.668437 0.02367389 -0.97512 0.2204107 -0.05464708 -0.9597139 0.2756139 -0.08389419 -0.06411015 -0.9944102 -0.1145389 -0.1403642 -0.9834525 -0.08294159 -0.02713423 -0.996185 -0.08386898 -0.06405931 -0.9944157 -0.06716185 0.1679642 -0.9835026 -0.08103102 0.05669116 -0.9950981 -0.09514957 0.07874673 -0.9923435 -0.08105504 0.05673414 -0.9950937 -0.09515148 0.07875007 -0.992343 -0.1094849 0.1106671 -0.9878086 0.9999656 -0.00766766 0.003205597 0.9998616 -0.01535296 0.006412208 0.9990684 -0.03234565 0.02856504 0.9997372 0.008375525 0.02134352 0.9999342 0.00419104 0.01068049 0.9999708 0.002792179 0.007116258 1 -1.61322e-6 0 0.9999688 8.13942e-4 -0.007867813 0.1566755 0.7551583 -0.6365444 0.3377972 0.8563214 -0.3906493 0.1941995 0.6753245 -0.7114939 0.3581133 0.6192556 -0.6987685 0.3051579 0.7568479 -0.5779792 0.1940416 0.6753782 -0.7114859 0.01317864 0.6525463 -0.7576344 0.1386777 0.6772435 -0.7225716 0.05792987 0.5355271 -0.842529 0.2206935 0.5581369 -0.7998611 0.009687125 0.3652662 -0.9308527 0.1351444 -0.05847716 -0.9890989 0.07933348 0.06354534 -0.9948208 0.1551832 0.2842831 -0.946098 0.07066899 0.0457763 -0.9964489 0.1473135 -0.1245507 -0.9812166 0.002342462 -0.02640825 -0.9996486 0.1351494 -0.05848079 -0.9890979 0.1169779 -0.216725 -0.9691989 0.07063484 0.04574477 -0.9964528 0.1165745 0.1525748 -0.9813926 0.02275592 0.1491537 -0.9885522 0.1243439 -0.1335771 -0.9832069 0.116576 0.1525787 -0.9813919 0.002248346 -0.1948707 -0.9808264 0.00235188 -0.02638703 -0.9996491 0.002791881 -0.982501 -0.1862366 -0.006324291 -0.7142176 -0.6998953 0.004428088 -0.7150221 -0.6990879 0.2157188 -0.4561291 -0.8633723 -0.006283581 -0.7140702 -0.7000459 0.06122362 0.6769211 -0.733505 0.3366679 0.5067135 -0.79366 0.2207418 0.5582064 -0.7997992 0.2208309 0.5580652 -0.7998731 0.1535516 0.2237312 -0.9624792 0.4743274 0.252534 -0.8433505 0.5978194 0.2585286 -0.7587984 0.5545991 0.1076604 -0.8251237 0.2024688 0.07588708 -0.9763439 0.9999687 0.007391095 -0.002849817 0.9998747 0.01477593 -0.005684971 0.999143 0.03119874 -0.02720415 0.9962071 -0.03178328 -0.08100116 0.9990516 -0.01590371 -0.04053372 0.9995778 -0.01061493 -0.02705109 1 2.01272e-6 0 0.9999685 -8.21831e-4 0.007903218 -0.5999814 0.1402673 0.7876214 -0.3086157 -0.007931411 0.9511538 -0.3005372 0.02063214 0.953547 -0.9414845 0.1027483 0.3210138 -0.7369926 0.1199886 0.6651651 -0.6562429 0.04883557 0.7529679 -0.5691694 0.05731147 0.8202206 0.243247 -0.9479512 0.2054734 0.356591 -0.7095196 0.6078034 0.4035182 -0.8311876 0.3824923 0.453193 -0.8750832 0.1698399 0.246991 -0.9550458 0.1639602 0.2431352 -0.9479813 0.2054672 0.02599632 -0.9728637 0.2299138 0 -1 0 0 1 -1.84687e-7 -0.1563652 0.582319 -0.797781 -0.4402825 0.4034094 -0.8021298 -0.2253139 0.4379071 -0.8703283 -0.001785099 0.988236 -0.1529262 -0.10744 0.8440301 -0.5254236 -0.003264009 0.6491079 -0.7606894 -0.003283143 0.6489484 -0.7608254 -0.970995 -0.0672847 0.2294375 -0.9604948 0.04491132 0.2746503 -0.9992684 -0.02080833 -0.03209108 -0.9292867 -0.02584034 -0.3684542 -0.9976498 0.06238746 -0.02833324 -0.8526231 0.2011553 0.4822556 0 -1 6.17752e-7 0 -1 -1.09126e-6 0.129046 0.9388888 -0.3191162 0.1112958 0.7044966 -0.7009264 0.1583016 0.7099581 -0.6862216 0.3467366 0.6645486 -0.6619282 0.6001303 0.6549497 -0.4592218 0.1291573 0.9388758 -0.3191092 0.1291157 0.9389205 -0.3189944 0.2244411 0.8814485 -0.4155416 0.3608374 0.931184 -0.05189234 0.1290754 0.9389411 -0.3189501 0.05945843 0.9959681 -0.06717407 0.005033075 0.9823306 -0.1870861 0.002956986 0.9645865 -0.2637503 0.02233338 0.8726984 -0.4877489 -0.8546351 0.06498235 0.5151468 -0.9604398 0.04491716 0.2748416 -0.8214686 0.03740805 0.5690255 -0.8109711 0.05345499 0.5826393 -0.805718 0.02444469 0.5917947 -0.8546251 0.06496304 0.5151658 -0.8057177 0.02442896 0.5917958 -0.799105 0.02580738 0.6006373 -0.7103538 0.02221792 0.7034941 -0.5556632 0.05139839 0.8298174 -0.5555222 0.05137336 0.8299133 -0.5671203 0.04800033 0.8222351 -0.1767997 0.01812183 0.98408 -0.1304106 0.01472252 0.9913508 0.05646497 -0.05592173 0.9968373 0.9935305 -0.07858228 0.08198869 0.9819169 -0.1166456 0.1491077 0.9950734 0.06730955 -0.07278966 0.9546279 -0.09354668 0.2827274 0.9997488 -0.006888329 -0.02133113 0.9999574 -0.006239652 -0.006805419 0.99992 -0.006349503 0.0109446 0.9995688 -0.01744121 0.02362549 0.5877348 -0.3801047 -0.7142047 0.5329634 -0.6316466 -0.5630033 0.7250236 -0.5775856 -0.3751474 0.3934503 -0.7204985 -0.5710332 0.5329225 -0.6317439 -0.5629327 0.2847362 -0.6984706 -0.6565548 0.5263951 -0.5345311 -0.6611995 0.4223843 -0.5902848 -0.6878629 0.5265644 -0.5344185 -0.6611558 0.4389303 -0.484631 -0.7566196 0.3424242 -0.6399713 -0.6878826 0.445467 -0.7657803 -0.4638319 0.5265015 -0.5345132 -0.6611292 0.7629911 -0.4623065 -0.4517937 0.7925262 -0.3270732 -0.5147092 0.9714176 0.1237687 -0.2025566 0.8906479 0.004742324 -0.4546692 0.9098026 0.08797079 -0.4056112 0.9684317 0.2022812 -0.1456794 0.923776 0.2736164 -0.2679027 0.9714413 0.123766 -0.2024444 0.9714472 0.1237902 -0.2024018 0.9536978 0.2466452 -0.1721245 0.9945916 0.03166598 -0.09891808 0.9481928 0.1451305 -0.2826083 0.01505678 0.9889642 0.1473881 0.00855422 0.9718211 0.2355641 0.09419876 0.9884279 0.1188992 0.02029252 0.9997842 0.004445791 -0.01087617 0.9994319 -0.03190207 -0.004821896 0.9997433 0.02213835 -0.02966177 0.9976655 0.06151372 -0.1155062 0.9674097 0.2253372 -0.2092058 0.9685488 0.1347077 -0.2196722 0.9725835 0.07632595 -0.4391502 0.8960261 0.06545537 -0.3500548 0.9349415 0.05784547 -0.4393045 0.8959552 0.06539088 -0.6572152 0.7501964 -0.07261943 0.2549668 0.9134016 0.3173163 0.1404555 0.988744 0.05155169 0.1567847 0.9588782 0.2365826 0.1403462 0.988766 0.05142915 0.0167855 0.9837322 -0.1788555 -0.07827925 0.9950252 0.06162244 0.04349857 0.9971914 -0.06096976 -0.06382858 0.9973794 0.03406184 0.04708826 0.9988284 0.01117199 -0.1155136 0.9673748 0.2254833 -0.02552419 0.9938962 0.1073263 0.1075099 0.9169167 0.3843246 -0.0247659 0.9842238 -0.1751865 -0.02552235 0.9939045 0.1072501 -0.05722707 0.9955936 -0.07428622 -0.2195929 0.972603 0.07630383 -0.008868217 0.9999496 -0.004734456 -0.1174686 0.9807778 -0.1558083 -0.1521919 0.9662593 -0.2077996 3.23288e-4 0.9721984 -0.2341589 0.04322355 0.9496077 -0.3104463 -0.1175614 0.9807446 -0.155947 -0.06139403 0.8757767 -0.4787964 0.1143013 0.9195632 -0.3759505 0.02401757 0.9857394 -0.1665569 0.09263598 0.9765189 -0.1944981 0.03311955 0.9942348 -0.1019828 0.03316587 0.9942142 -0.1021668 0.04330128 0.9496211 -0.3103947 0.0888217 0.9799633 -0.1782773 0.2784926 0.8684638 -0.4101371 0.0712819 0.8486307 -0.5241611 0.1942659 0.7960862 -0.5731559 0.0813772 0.9965394 -0.01694232 0.07922744 0.9953839 -0.05416685 0.1954725 0.9519594 -0.2357197 0.01874262 0.9958657 0.08888334 0.1811969 0.9816627 0.05921214 0.2680529 0.9480804 -0.1711471 0.1531531 0.9828667 0.102553 0.008541166 0.9718535 0.2354316 3.22086e-4 0.9994914 -0.03188878 -8.83757e-4 0.9655336 -0.260277 -7.16535e-4 0.8133359 -0.5817939 -0.04480963 0.8104095 -0.5841478 -3.84996e-4 0.8975796 0.4408524 0.21954 0.820524 0.5277714 0.0187661 0.9958507 0.08904683 0.2635784 0.9304506 0.2545353 0 1 -5.50927e-6 0 1 2.74097e-6 0 1 2.95703e-7 -0.0937398 0.9411389 -0.3247622 0.007130265 0.9907807 0.1352883 -0.009667336 0.9789678 -0.2037861 -0.009005963 0.9999563 0.002514421 -0.00180602 0.9882446 -0.1528705 0 1 1.92486e-7 0 0.9663657 0.2571718 -3.8611e-4 0.8975616 0.4408892 -0.02103197 0.9997747 0.00287491 -0.04111456 0.991008 0.1273292 -0.2709022 0.9525136 0.1390319 -0.2118477 0.958466 0.1909546 -0.02837872 0.999191 -0.02849584 -0.0411002 0.9910103 0.127317 -0.1578792 0.9865431 -0.0425083 -0.02103209 0.9997748 0.002875328 -0.3734897 0.9234415 0.08809864 -0.3852521 0.7401021 0.5512076 -0.09091597 0.9448876 0.314518 -0.1813255 0.7140538 0.6762014 -0.440446 0.5904344 0.6763097 -0.3176071 0.1283392 0.9394971 -0.004159688 0.5949414 0.8037583 -0.09081029 0.944903 0.3145026 0.002373695 0.7224482 0.691421 0.007173895 0.9907606 0.1354327 0.07321566 -0.005128383 -0.997303 0.2119325 -0.01491767 -0.9771705 0.2387081 -0.01628363 -0.9709548 0.578851 -0.01143151 -0.8153532 0.07311892 -0.005127966 -0.9973101 0.1378325 -0.007254004 -0.990429 -0.02079898 0.001012563 -0.9997832 -0.0496481 -0.00122255 -0.9987661 0.9609273 0.08375775 0.2638247 0.7903459 0.04773533 0.6107984 0.8188079 -0.1063349 0.5641334 0.7818838 -0.04927635 -0.6214737 0.8878957 0.0808891 -0.452878 0.9408457 -0.1036471 -0.3225939 0.9651067 0.1645449 -0.2037011 0.986917 -0.09393602 -0.1310374 0.9855623 0.1683532 -0.0180087 1 1.2474e-7 0 0.9687227 0.2435454 0.04755997 0.9693266 -0.2427861 0.03822213 0.9867464 0.09454596 0.1318807 0.9858852 -0.1503411 0.07367563 0.9609632 0.0837419 0.2636991 0.9976564 -0.006326019 0.06813186 0.9220883 0.0181787 0.3865528 0.770242 0.2641938 -0.5804558 0.9235013 0.2764644 -0.2659192 0.8878198 0.08099472 -0.4530076 0 1 -9.77575e-7 0 1 9.27361e-7 0 1 6.22059e-7 -0.08459991 0.5238189 -0.8476182 -0.1960192 0.7650097 -0.6134628 -0.3323097 0.363634 -0.8702531 0.03932476 0.07375162 -0.9965011 0.04586452 0.7259277 -0.6862401 -0.08460932 0.5237481 -0.847661 -0.05485314 0.7207563 -0.6910148 -0.02510231 0.824138 -0.5658326 -0.02347654 0.8111453 -0.5843735 -0.161762 0.8491315 -0.5028009 0.5946236 -0.544111 -0.5919173 0.8439865 -0.4804943 -0.2383525 0.8365035 -0.5387232 0.1001964 -0.02487742 -0.3946356 -0.918501 0.3435633 -0.4860673 -0.8035565 0.70776 -0.3789834 -0.596194 0.9066636 -0.3783759 0.1865282 0.7142617 -0.4676379 0.5207158 0.4252281 -0.6075029 0.6709108 0.5430173 -0.4849993 0.6854984 0.714293 -0.4675391 0.5207617 0.4297834 -0.3748975 0.8214245 0.4251101 -0.6074901 0.6709973 0.4296659 -0.3750211 0.8214296 6.04793e-4 -0.6451934 0.7640191 -0.6865316 0.7102161 -0.1557804 -0.5800408 0.8144146 0.01678466 -0.7303602 0.6827571 0.02041828 -0.7583963 0.6479699 -0.07049787 -0.6865856 0.7101477 -0.1558547 -0.5831729 0.6873921 -0.4328989 -0.2059133 0.9744618 -0.08957695 -0.6864687 0.710252 -0.155894 -0.4003793 0.6557848 -0.6400334 -0.5831093 0.6873648 -0.4330282 -0.47565 0.3483004 -0.80774 -0.3258733 0.5940051 -0.735503 0.9822792 0.03606677 0.1839206 0.9531849 0.001776933 0.302383 0.9710789 0.06098622 0.2308388 0.9854541 -0.01618844 0.1691692 0.9261007 -0.05878871 0.3726682 0.9051578 -0.006635189 0.425024 0.004903793 -0.9833846 0.1814686 -0.00655502 -0.9999784 -5.61584e-4 -0.02265089 -0.9997435 -1.98516e-4 0.01276654 -0.9999183 7.36496e-4 -0.178313 -0.9678578 0.1773582 -0.1945121 -0.9325689 0.3041061 0.1958716 -0.9108821 0.363219 3.29124e-4 -0.8671254 0.49809 -0.2098391 -0.9722074 0.1038285 -0.4496915 -0.8868649 0.1060587 -0.1784417 -0.9678255 0.177405 -0.5230436 -0.8258248 -0.2108048 -0.2339737 -0.9676066 0.09483569 0.3166288 0.9475094 0.04440945 0.1306922 0.9910739 -0.02630954 0.1017955 0.9936735 0.04744231 -0.1185351 0.9926219 0.02551746 -0.08367389 0.9957298 -0.03900098 -0.2922429 0.955607 -0.03754109 0.1223285 0.9856873 -0.1160014 0.3258025 0.9282091 -0.179668 0.05284667 0.9944584 -0.09088331 -0.1052464 0.9883874 -0.109607 -0.2100025 0.9504079 -0.2293989 0.1524669 0.9435375 -0.2940931 0.04618847 0.9883583 0.1449635 -0.07773751 0.9901992 0.1160276 -0.2921179 0.9409311 0.1712191 -0.04487603 0.9760804 0.2127279 -0.03925633 0.9794604 0.1977787 0.1895086 0.9574749 0.2175509 0.2094675 -0.961603 -0.1773218 0.2318543 -0.9453083 -0.2294253 0.1147073 -0.9774699 -0.1771864 0.5057881 -0.7554473 -0.4165069 0.1364852 -0.9415023 -0.308132 0.2102254 -0.9724628 -0.1006055 0.05068236 -0.7309461 -0.6805506 0.01390194 -0.8336455 -0.5521249 0.0176419 -0.8149873 -0.5792103 4.61396e-4 -0.8797811 -0.4753788 -0.005624413 -0.9792599 -0.20253 -0.0322175 -0.9959104 -0.08440762 -0.04563248 -0.9982143 0.03854769 -0.09108585 -0.9927917 0.07789838 0.0164116 -0.9980143 0.06081241 -4.9795e-4 -0.9948933 -0.1009317 -0.0216031 0.03160065 -0.9992672 -0.01080292 0.03370964 -0.9993733 -0.001381993 0.002014994 -0.9999971 -0.02092784 0.02958363 -0.9993432 -0.01079601 0.03374385 -0.9993723 -0.02091544 0.02956444 -0.9993441 0 0.04840284 -0.998828 -0.1041675 0.2241426 -0.9689733 0.2447429 0.1432852 -0.9589422 0.3698797 0.1768507 -0.9120926 0.5298943 0.6789106 -0.5082249 0.4363374 0.6113441 -0.6602031 0.4115183 0.4497663 -0.7926935 0.3128068 0.6622505 -0.6808643 0.2414055 0.6658412 -0.7059596 0.3584446 0.7064998 -0.6102258 0.5300341 0.6788771 -0.5081239 0.4651243 0.675467 -0.5721922 0.009618759 0.2735521 -0.9618091 0.1485759 0.320156 -0.9356417 -0.1400073 0.4153057 -0.8988432 -0.1314419 0.6260156 -0.7686532 0.009643733 0.2736988 -0.9617671 -0.2219898 0.6769114 -0.7017917 0.1954752 0.4836258 -0.853168 0.1297049 0.4450502 -0.8860626 0.3246669 0.2602863 0.9093088 0.5794405 0.1908212 0.792361 0.3248151 0.2602051 0.9092791 0.5181757 0.4173012 0.7465612 0.4220717 0.237323 0.8749476 0.3247945 0.2601963 0.909289 0.1729729 0.365127 0.9147474 -0.05594003 0.2733932 0.9602744 0.04885596 0.2181729 0.9746865 0.3396912 0.2721236 0.9003104 0.4465531 0.3131788 0.8381584 0.1451957 0.4448171 -0.8837738 5.35104e-4 0.119672 -0.9928134 -0.04411518 0.6827753 -0.7292954 0.1995326 0.2567968 -0.9456439 0.1983384 0.09803503 -0.9752185 5.51573e-4 0.1195846 -0.9928239 5.4067e-4 0.1194863 -0.9928358 0.1388504 -0.2036994 -0.9691374 0.1006107 -0.1620036 -0.9816478 0.07934254 0.0635479 -0.9948198 0.02829784 0.09418916 -0.9951521 -0.00455904 0.178467 -0.9839354 0.1052826 -0.8037169 -0.5856233 0.06559723 -0.9804759 -0.1853761 0.2495705 -0.9462966 -0.2055175 0.1626805 -0.9831612 0.08324134 0.002674281 -0.9999959 -0.001055657 -0.05301886 -0.9958388 -0.0741226 -0.1177687 -0.99296 0.01269233 -0.01142346 -0.9999294 0.003290772 -0.1149265 -0.9827558 0.1448549 0.04781359 -0.9801906 0.1921985 0.09585422 -0.7448391 -0.6603232 0.06013125 -0.9455046 -0.3200083 0.02663141 -0.9861028 -0.1639886 0.03999209 -0.5421954 -0.8393002 0.3085147 -0.4780344 -0.8223757 0.06154274 -0.3578689 -0.9317417 0.2375931 -0.7436885 -0.6248816 0.1053599 -0.8037143 -0.585613 0.293881 -0.9141424 -0.2792446 0.2376328 -0.7437863 -0.6247501 0.3557136 -0.8883681 -0.2902928 0.366596 -0.6918705 -0.622031 0.5625742 -0.7575097 -0.3311941 0.1545481 -0.5486983 0.8216113 0.1200265 -0.7887997 0.6028173 0.1801689 -0.9728309 0.1453937 0.1199733 -0.7888633 0.6027446 0.2495089 -0.9659985 0.06776624 0.09599781 -0.7448412 -0.6603 0.1727933 -0.7940227 -0.5828127 0.06018912 -0.9455267 -0.3199322 0.147548 -0.9284288 -0.340954 0.3234553 -0.9408644 -0.1007513 0.1366726 -0.9749688 -0.175375 0.03578305 -0.9105294 -0.411893 0.01966893 -0.9457694 -0.324243 0.06151026 -0.3577456 -0.9317911 0.1913107 -0.2265662 -0.9550226 0.2472985 -0.1874371 -0.9506371 0.3997858 -0.08699655 -0.9124708 0.2474734 -0.1873314 -0.9506124 0.486764 -0.305733 -0.8182837 0.4590376 -0.09135055 -0.883708 0.1509624 -0.6390404 -0.7542134 0.5448227 -0.4760274 -0.6903378 0.4244228 -0.8858852 -0.1872769 0.4244173 -0.8858872 -0.1872804 0.8899529 -0.3958362 -0.2264899 0.6768959 -0.7229635 -0.1383321 0.4243704 -0.8859274 -0.1871967 0.5242961 -0.838668 -0.147478 0.2075937 -0.9053677 -0.3704243 0.106909 -0.9903115 -0.0886209 0.01645034 -0.9980043 0.06096476 0.01822304 -0.8395686 0.542948 0.07890886 -0.6682341 0.7397545 0.01224869 -0.5300539 0.8478755 0.04669809 -0.9345856 -0.3526601 0.1601524 -0.8500234 -0.5018082 0.106876 -0.9903088 -0.08869194 0.003174543 -0.9976982 -0.06773746 1.07088e-4 -0.9989763 -0.04523795 0.06465023 -0.978754 -0.1945788 0.1424283 -0.9893882 0.02872759 0.1842395 -0.9758965 -0.1169695 0.1185187 -0.9765675 0.1796373 0.01809793 -0.9992496 -0.03424537 -0.2065444 -0.9498659 0.2347215 0.08181023 -0.930049 -0.3582125 0.1580886 -0.2553607 0.9538339 0.2546411 -0.1101507 0.9607418 0.03575813 -0.2625739 0.9642492 0.03581196 -0.2626604 0.9642236 1.29659e-5 -0.1388239 0.9903171 0.01221537 -0.5298743 0.8479882 0.03579479 -0.2625824 0.9642454 0.08993262 -0.3595849 0.9287686 0.003573358 -0.2970537 0.9548541 0.3288132 -0.2240205 -0.9174404 0.2257474 -0.4468753 -0.8656446 0.04002326 -0.5420534 -0.8393905 0.06546407 -0.67299 -0.7367489 0.09588909 -0.7447427 -0.6604269 -0.1756508 -0.8910918 -0.4184524 -0.01503103 -0.9895018 -0.1437368 -0.05303782 -0.9958361 -0.0741437 0.003951847 -0.9982024 -0.05980443 -0.1136439 -0.9905307 -0.0770334 -0.06445139 -0.9744563 -0.2151302 0.06628417 -0.9930974 -0.09676772 0.1160289 -0.9882178 -0.09981393 0.0039469 -0.9982032 -0.0597912 -0.0150116 -0.9895133 -0.1436594 0.116022 -0.988219 -0.09981042 0.02848327 -0.993597 -0.1093339 -0.06448227 -0.9744651 -0.2150811 -0.01498878 -0.9894924 -0.1438062 0.08501398 -0.9570975 -0.2770146 0.06632405 -0.9930831 -0.09688746 0.4438025 -0.7702887 -0.4579243 0.099298 -0.9921433 -0.07610273 0.1651435 -0.9653452 -0.20208 0.09919655 -0.9921629 -0.07598072 0.07260149 -0.9972133 0.01717162 0.03496092 -0.9919891 0.1213897 0.02337944 -0.9995005 0.02126622 0.1249778 -0.9919041 0.02250939 0.09926325 -0.9921516 -0.07604032 0.5119242 -0.8581096 -0.03977006 -2.62395e-4 -0.9000216 0.4358453 9.89187e-4 -0.9786254 0.2056488 9.69554e-4 -0.9786059 0.2057419 -7.78886e-5 -0.7433003 0.668958 -4.44284e-4 -0.5578329 0.8299533 -0.03720951 -0.9872432 0.1548109 0.002777695 -0.9994508 0.0330215 -0.1093781 -0.9932252 0.0392462 0.05284076 -0.9977202 0.04198098 0.003970265 -0.9962013 0.08699065 0.3182826 -0.9471157 0.04084289 0.5338721 -0.8334363 -0.1427053 0.2370769 -0.9609339 -0.1428302 0.6502419 -0.6102468 -0.4525312 0.7948069 -0.3985993 -0.4576032 0.7620621 -0.604811 -0.2312254 0.8591766 -0.1899048 -0.4751335 0.6689857 -0.4075241 -0.6215966 0.8591086 -0.1898469 -0.4752794 0.4467007 -0.3295575 -0.8317756 0.2219391 -0.9415866 0.2532936 0.04786628 -0.9801542 0.1923711 -0.04267072 -0.9831854 0.1775554 0.2416638 -0.9623867 -0.1241387 0.1834763 -0.9784976 0.09422796 0.2220511 -0.9415963 0.2531598 0.326226 -0.867498 0.3755313 0.535859 -0.7965066 0.280058 0.4132052 -0.7798255 0.4702488 0.1750191 -0.9642598 0.1989256 0.9962641 0.08583617 -0.009495615 0.9886453 0.1267027 -0.08078962 0.9679473 0.2509096 -0.01107466 0.1554321 0.9724459 -0.1737522 0.5956327 0.6882718 -0.4141301 0.2093309 0.8177962 -0.5360878 0.2480234 0.7813877 -0.572641 0.8601136 0.4494469 -0.2412517 0.7740268 0.3889405 -0.4996078 0.2091835 0.8177613 -0.5361985 0.248386 0.5521387 -0.795894 -0.001036345 0.5014925 -0.8651614 -0.7382148 -0.5296998 0.4176808 -0.7021816 -0.6021768 0.3799002 -0.2830543 -0.5209127 0.8053137 -0.7022318 -0.6022388 0.379709 -0.6534553 -0.7268601 0.2113544 -0.8554534 -0.5145905 0.05827713 -0.8555111 -0.5144945 0.05827659 -0.7675933 -0.5809802 0.2706706 -0.8991032 -0.4375889 -0.01137208 -0.8827351 -0.4697549 0.01045221 -0.8767043 -0.4769394 -0.06259709 -0.8225308 -0.5669092 0.04535579 -0.8934659 -0.4458716 0.0540111 0.507571 -0.3876034 -0.7695034 0.2344663 -0.4544252 -0.8593738 0.3424445 -0.639986 -0.6878588 -0.08423697 -0.4014914 -0.9119808 0.2343021 -0.4543743 -0.8594455 0.2947722 -0.4444982 -0.8458906 0.4323319 -0.351712 -0.8302938 0.2344732 -0.4543234 -0.8594258 0.4559358 -0.3093918 -0.8345055 0.8843386 0.2028285 -0.4204829 0.757618 0.1070951 -0.6438523 0.8441382 0.2821303 -0.4558874 0.8440989 0.2821583 -0.4559426 0.7575958 0.1071679 -0.6438662 0.6129806 0.53093 -0.5851225 0.5216822 0.2384902 -0.8191277 0.510351 0.7085564 -0.4873291 0.5169623 0.6325774 -0.5767113 0.09270375 0.9764878 -0.1946218 -0.06119382 -0.8995359 0.4325399 -0.08788353 -0.9954619 0.03649967 -0.08786559 -0.9954645 0.03647238 -0.06745576 -0.9977099 0.004978001 0.2070839 0.4777147 -0.8537593 0.6586686 0.4676287 -0.5894736 0.4937344 0.4558333 -0.7405689 0.4937232 0.4558611 -0.7405593 0.6586444 0.4676916 -0.5894508 0.4750618 0.5047915 -0.7207648 0.9525057 0.2343021 -0.1945139 0.9239879 0.328085 -0.1964856 0.9304273 0.3636698 0.0452696 0.9303921 0.3637603 0.04526805 0.9239348 0.3282381 -0.1964802 0.6586963 0.4676934 -0.5893913 0.7313219 0.6584416 0.1778285 0.8706719 0.489685 0.04625022 0.7379502 0.6496644 0.1826631 0.809395 0.510975 -0.2894552 0.9304 0.3637282 0.04536223 0.632148 0.3469986 0.6928066 0.7599591 0.4082157 0.5057888 0.7599483 0.4082428 0.505783 0.6321576 0.3470371 0.6927786 0.7462586 0.448042 0.4922972 -0.03704488 -0.4818653 0.8754619 0.2903342 -0.4090124 0.8651098 0.07073611 -0.2796925 0.9574804 0.2324324 -0.1636857 0.9587399 0.2324281 -0.1636848 0.9587411 0.6320938 0.3469687 0.692871 -0.6965215 0.3906247 -0.601889 -0.3258717 0.5940597 -0.7354597 -0.4314473 0.3629566 -0.8259031 -0.4830638 0.2260793 -0.8458946 -0.5493187 0.02791321 -0.8351467 -0.6284859 -0.1441153 -0.7643535 -0.442049 0.2337269 -0.8660049 -0.4336715 -0.03850328 -0.9002481 -0.4830114 0.2259441 -0.8459606 -0.02337771 -0.8728357 -0.487454 0.05953359 -0.9613015 -0.2689894 -0.01563763 -0.9202635 -0.3909866 0 -0.981973 -0.1890215 -0.006282031 -0.7141444 -0.6999703 0.01595699 -0.7217915 -0.6919267 0.01595658 -0.7217918 -0.6919263 0.01594561 -0.7217789 -0.6919401 0.01594662 -0.7217783 -0.6919407 0 -0.7069689 -0.7072446 -0.05366724 0.001992166 0.998557 -0.04795658 -0.1302714 0.990318 -0.05587178 0.005556046 0.9984226 -0.05796444 0.008923947 0.9982788 0.3279176 0.7402398 0.5869541 0.2097119 0.6247548 0.752132 0.353992 0.5628749 0.7469013 0.3778938 0.37732 0.8454738 0.2559415 0.3398201 0.9049953 0.1079923 0.2385246 0.9651133 6.45886e-4 0.2281205 0.9736328 7.3135e-4 0.2370097 0.971507 0.8801059 0 -0.4747775 0.8498799 0.0126177 -0.5268253 0.84988 0.01261043 -0.5268256 0.8498588 0.01262414 -0.5268593 0.8498597 0.01262575 -0.5268578 0.8162183 0.02517414 -0.5771951 -0.1332962 0.9260939 -0.3529621 -0.02820199 0.8546187 -0.5184897 0.02474093 0.9633078 -0.2672565 0.02472424 0.9632942 -0.2673074 -0.1340624 0.795628 -0.5907651 0.1381851 0.7738859 -0.6180659 0.5177595 0.7867387 -0.3361061 0.5758146 0.7935375 -0.1968144 0.3957582 0.8902281 -0.2255424 0.567798 0.7514618 -0.3360219 0.3102228 0.9167067 -0.2518151 -0.2267107 0.6345625 -0.7388726 -0.1989287 0.8729622 -0.445381 0.1833452 0.8830911 -0.4318968 0.1610969 0.9698261 -0.1829897 -6.98771e-6 0.9666299 -0.256177 0.02473616 0.9633334 -0.2671645 0.3955716 0.8902983 -0.225593 0.1196162 0.7055937 -0.6984481 0.3956701 0.890262 -0.2255636 0.1710377 0.9094294 -0.3790571 0.4133062 0.8751862 -0.2514504 0.8752703 0.3923852 -0.2827295 0.9513068 0.2745527 -0.1401293 0.02820456 0.999491 0.01491314 0.02135318 0.9997082 0.0112909 0.02144539 0.9997058 0.01133942 0.01454192 0.9998648 0.007688879 0 -0.7086349 -0.7055754 7.54008e-5 -0.7092411 -0.7049661 7.95178e-5 -0.7092748 -0.7049322 8.20917e-5 -0.7093232 -0.7048834 8.20521e-5 -0.7093232 -0.7048835 1.43606e-4 -0.7102339 -0.7039658 0.994699 -5.50079e-4 -0.1028293 0.9992859 0.02246701 -0.03038036 0.9557904 0.01465338 -0.293684 0.9992872 0.02247899 -0.03032851 0.999287 0.02248328 -0.03032994 0.9980754 0.0453428 0.04230374 0.1843684 0.5927923 0.7839679 0.2836704 0.6992552 0.6561809 -0.04794639 -0.9926138 0.1114407 -5.88618e-4 -0.9927589 -0.1201229 -6.00819e-4 -0.9927583 -0.1201277 -5.71817e-4 -0.9927413 -0.1202682 0.1220044 -0.9204267 -0.3713887 0.04687422 -0.9373434 -0.3452394 -0.01696205 -0.9593033 0.2818681 0.1676994 -0.9694712 0.1788932 0.001561701 -0.9994975 -0.03166091 0.0015558 -0.9994969 -0.03167963 0.1676899 -0.9694755 0.1788779 -0.9602578 -0.001695036 0.2791095 -0.9999927 0.003217935 -0.00207138 -0.9827192 0.001048564 0.1851 -0.9999806 0.006234109 0 0 -0.7069609 0.7072528 0 -0.706961 0.7072526 0 0.7069258 0.7072878 0 0.7069252 0.7072885 0.01534914 -2.9122e-4 0.9998822 0.05571883 -0.00910449 0.998405 0.05568075 -0.009092748 0.9984072 0.09584444 -0.01787465 0.9952358 -0.09390968 -0.5497239 -0.8300511 -0.006513118 -0.2603037 -0.9655048 -0.06225651 -0.4539807 -0.8888339 0 -0.2556896 -0.966759 0 -0.7068914 -0.7073221 0 -0.7068924 -0.7073212 -0.8192155 0.5674294 -0.08312642 -0.9918042 0.1275667 0.007167041 -0.9917837 0.1277249 0.007183432 -0.9999889 0 0.004710614 0 0.6928167 0.7211138 0 0.6928215 0.7211092 0.1036701 0.9900771 0.0948677 0.678155 0.7349176 -0.001393258 0.3546957 0.9327278 -0.06488311 0.6782749 0.734807 -0.001403808 0.9194052 0.3933109 -7.59169e-4 0.9714068 0.2318962 -0.05092144 -0.3005259 0.02066177 0.9535499 -0.4936588 0.09295165 0.864674 -0.4335694 0.05912673 0.8991783 -0.5693175 0.05734425 0.8201155 -0.4938232 0.09293609 0.8645817 -0.7916888 0.07456469 0.6063572 -0.870425 0.4922805 0.004489541 -0.8435778 0.5369065 -0.01039218 -0.7363399 0.6703287 0.0919941 -0.648319 0.7515107 0.1221244 -0.8435567 0.5369394 -0.01040714 -0.5562473 0.8244225 0.1044827 -0.8143981 0.5139387 0.2694863 -0.9045849 0.363512 0.2226778 -0.8957201 0.4315547 0.1069859 -0.9087492 0.3965416 0.130114 0.725928 0 -0.6877709 0.7092117 0.06914389 -0.7015968 0.7092097 0.06914287 -0.7015989 0.7091893 0.06920355 -0.7016135 0.5068002 0.1177546 -0.8539833 0.2448336 0.1432303 -0.9589273 -0.07801175 0.5687541 -0.8187997 4.93694e-4 0.2684692 -0.9632881 -0.0578829 0.4661815 -0.8827936 -0.01743292 0.2531344 -0.9672741 0.005631208 0.4854581 -0.8742418 -0.001514434 0.2454711 -0.9694028 -0.001015424 0.5013412 -0.8652491 -0.004057645 0.2244359 -0.9744805 0.3346145 -0.5142642 0.7896618 0.2356176 -0.5991712 0.7651655 -0.2828848 -0.5208362 0.8054227 -0.2828816 -0.520923 0.8053678 0.1104261 -0.851868 0.5119835 -0.119557 -0.933895 0.3369665 -0.4020962 -0.8651496 0.2997248 -0.1307942 -0.9557269 0.2635887 -0.2068452 -0.9661455 0.154201 5.29969e-4 -0.9213638 0.3887011 0.002338171 -0.7069109 0.7072988 8.93871e-4 -0.7062169 0.707995 0.005479514 -0.5106525 0.8597698 0 -0.7057864 0.7084248 0 0.7072238 -0.7069898 0 0.7074625 -0.7067509 0 0.7072253 -0.7069883 -0.01421242 -0.9998224 0.01238399 -0.01195561 -0.9998657 0.01121771 -0.01195538 -0.9998657 0.01121807 -0.01195722 -0.9998656 0.0112186 -0.01195722 -0.9998656 0.01121866 -0.009661376 -0.9999031 0.01002335 0.8893893 -0.4301686 0.1547313 0.6365877 -0.7408483 0.2142429 0.6032047 -0.6341854 0.4836869 0.4320995 -0.5991542 0.674021 0.6366191 -0.7408198 0.214248 0.2357424 -0.5991963 0.7651074 0.9480611 -0.3180847 0.001588404 0.9269642 -0.3571959 0.1146668 0.8894379 -0.4300985 0.1546465 0.8894481 -0.4300687 0.1546708 0.9269772 -0.357145 0.11472 0.7791782 -0.5169697 0.3544344 0.01454114 0.9998161 0.01250576 0.01449096 0.9998171 0.0124796 0.4008391 -0.05259752 -0.9146374 0.5776963 -0.1924186 -0.7932478 0.3223538 0.1589657 -0.9331763 0.7472715 -0.0422523 -0.6631743 0.9118199 -0.1357315 -0.3875067 0.7982479 0.08101463 -0.5968559 0.9521282 -0.1669315 -0.2560971 0.9960057 -0.08564913 -0.02523881 0.9992672 -0.03224253 0.02062654 1 0 0 0.9994398 0.03183883 -0.01032096 0.9987381 0.04777514 -0.01548612 0.9479802 -0.2124933 -0.2370236 0.999869 -0.01618534 0 0.9967138 -0.007717311 0.0806365 0.9967181 -0.007729768 0.08058184 0.9870096 8.02112e-4 0.1606597 -0.009661555 -0.9999242 0.007634222 -0.01889699 -0.9997429 0.01253843 -0.01889765 -0.9997429 0.01253831 -0.02810633 -0.9994532 0.01742392 0 -1 2.76276e-6 0 0.01505595 -0.9998867 -0.007543087 0.00753802 -0.9999432 -0.007534563 0.007546544 -0.9999431 -0.01510465 0 -0.999886 0.04174709 0.9105366 0.4113155 0.07081985 0.8336603 0.5477183 -0.03890031 0.8787831 0.4756336 -0.04281002 0.816191 0.5761942 0.07084769 0.8339619 0.5472551 -0.01549315 0.6056819 0.7955561 -0.6949404 -0.01071548 0.7189875 -0.9226118 -0.1065423 0.3707238 -0.9498589 -0.02750062 0.3114673 -0.9972231 -0.01139086 0.07359737 0.8381344 -0.4823104 0.2547692 0.9288908 -0.370278 -0.007506549 0.9288903 -0.3702791 -0.007499933 0.9288274 -0.3704361 -0.007531821 0.9288272 -0.370437 -0.007524251 0.878634 -0.4768052 -0.02567672 0.02382725 -0.9970325 0.07320219 0.02914613 -0.9990852 0.03129589 0.02712917 -0.9994143 0.02085638 0.05056816 -0.9986683 0.01021629 0.05071848 -0.994691 -0.08954089 0.03293132 -0.9512713 -0.3065917 0.1263256 -0.9896605 -0.06792724 0.8659659 0.4130258 -0.2819802 0.749937 0.5736989 -0.3293389 0.7043197 0.5094286 -0.4943848 0.4476377 0.6941251 -0.5637472 0.4732009 0.7045298 -0.5288844 0.3857074 0.7554655 -0.5296242 -0.05288809 0.9147055 -0.4006454 0.0217213 0.9233992 -0.383226 0.04909807 0.987091 -0.15245 0.220589 0.7374709 -0.6383394 0.04551726 0.9658881 -0.2549285 -0.2304214 0.9668577 -0.1099648 0.0216462 0.9234063 -0.3832131 -0.03185689 0.8939228 -0.4470877 0.0217244 0.92334 -0.3833684 0.1244906 -0.1336337 -0.9831807 0.5784113 -0.1397331 -0.8036884 0.2660741 -0.3180636 -0.9099672 0.3869917 -0.4148985 -0.8234664 0.5784536 -0.139695 -0.8036648 0.607335 -0.1304274 -0.7836664 -0.4692136 0.8569147 -0.213391 -0.2249833 0.9739326 -0.02894675 -0.2250062 0.9739283 -0.02891248 -0.03083425 0.9989536 -0.03377878 -0.2248395 0.9739696 -0.02882134 0.1947098 0.9789909 0.06053823 -0.01572883 -0.9202193 -0.391087 -0.1108844 -0.5589533 -0.8217518 -0.02538776 -0.6157116 -0.7875624 -0.07369703 -0.4606073 -0.8845393 -0.1108151 -0.5588106 -0.8218582 -0.02337437 -0.2709219 -0.9623176 0 -0.2546452 -0.9670346 -0.99651 0 -0.08347421 -0.994484 -0.05022859 -0.09208053 -0.9968293 -0.05057424 -0.06143146 -0.9968289 -0.0505892 -0.06142586 -0.9944804 -0.05028384 -0.09208905 -0.9958516 -0.07584458 -0.05027222 -0.9986942 -0.05108773 0 -1 2.33338e-6 0 -0.6268222 -0.05134975 0.7774685 -0.4356028 -0.2220283 0.8723266 -0.4356146 -0.2220506 0.8723151 -0.4354214 -0.2221544 0.8723851 -0.3007883 -0.4778555 0.8253367 4.6627e-4 -0.6451301 0.7640727 0.3101368 0.9488257 -0.05954146 0.2230532 0.9744119 0.02772915 0.3102491 0.9488202 -0.05904096 0.1773089 0.9815217 0.0719493 -0.709231 0.6785398 -0.1912465 -0.2159831 0.975586 -0.03979009 -0.2160175 0.9755801 -0.03974705 0.005285799 0.9963324 0.08540457 -0.2158503 0.9756212 -0.03965121 0.1772121 0.9815304 0.07206869 0.8468908 -0.5001083 -0.1807426 0.9613347 -0.2727416 0.03804785 0.9613298 -0.2727569 0.03806281 0.9613596 -0.2726361 0.03817367 0.9517034 -0.2140092 0.2201377 0.9527233 -0.001915454 0.3038336 0.6226699 0.6195025 -0.4780155 0.5678283 0.7513943 -0.3361213 0.754022 0.4435078 -0.4845117 0.4363659 0.6113468 -0.6601818 0.5677096 0.7514753 -0.3361409 0.3561249 0.840009 -0.4093409 0.3306778 0.9119786 -0.2427906 0.3561224 0.8400768 -0.4092042 0.4132163 0.8752282 -0.251452 0.4132478 0.8752096 -0.2514648 0.8779036 0.395856 -0.2694129 0.9714025 0.1239129 -0.2025408 0.938592 -0.3380268 -0.06916004 0.9691793 -0.2403897 -0.05389243 0.9926553 -0.1109195 -0.04829567 0.946786 -0.3214537 0.01624053 0.959033 -0.2745802 -0.06972587 0.1867878 0.9671297 0.1725415 0.007488787 0.9578331 0.287228 0.02816176 0.9716427 0.2347712 -0.04748374 0.8997105 0.4338966 -0.07363563 0.7383849 0.6703474 0.7165966 0.6712521 0.1894993 0.18694 0.9671134 0.1724683 0.5245641 0.7790686 0.3433437 0.2619351 0.9070807 0.3295373 0.2118293 0.9601745 0.1821905 0.02818149 0.9716421 0.2347709 0.04708528 0.9303215 0.3637101 0.02469086 0.7697429 0.6378764 0.02815979 0.971606 0.2349233 -0.2048227 0.6697033 0.7138244 -0.890763 0.4544287 0.005987882 -0.8915554 0.4529016 0.003051042 -0.8915554 0.4529017 0.003051042 -0.8915725 0.4528686 0.002942681 -0.8915663 0.4528803 0.002988755 -0.891969 0.4520965 0 -0.9277457 -0.1638145 0.3353397 -0.8446419 -0.4063255 0.3485394 -0.8900923 -0.4051259 0.208827 -0.772101 -0.5616129 0.2974074 -0.9142344 -0.3172674 0.2520256 -0.8901216 -0.405138 0.2086782 -0.7234014 -0.6803542 0.1175097 -0.6027351 -0.792775 0.09065485 -0.8322575 -0.492149 0.2552193 -0.6182639 -0.7571392 0.2109267 -0.1757383 -0.8910515 -0.4185014 -0.1453086 -0.9791895 -0.1416809 -0.5349889 -0.6885758 -0.489541 -0.6449226 -0.2889797 -0.7075066 -0.5350761 -0.6884643 -0.4896025 -0.7685537 -0.07217371 -0.6357013 0.8802656 -0.3857558 0.2762699 0.7560489 -0.5649883 0.3304216 0.7021534 -0.5019193 0.5050325 0.4440678 -0.6871372 0.5750187 0.4843636 -0.6982655 0.5270838 0.3831824 -0.7579178 0.5279507 -0.777929 0.6280865 -0.01827812 -0.9769824 0.1853411 -0.1056132 -0.8897477 0.2976128 -0.3460865 -0.9232797 0.16051 -0.3489859 -0.9551374 0.2856521 -0.07820135 -0.9700248 0.1510077 -0.1903907 -0.53272 0.8427751 0.07706803 -0.7778183 0.628223 -0.01828938 -0.4826002 0.846782 -0.2237349 -0.750172 0.5588765 -0.353411 -0.7670037 0.224992 -0.6009027 -0.7266317 0.223671 -0.6495982 -0.8961791 0.1236689 -0.4261093 -0.8439466 0.3225517 -0.4286195 -0.9550885 0.2858027 -0.07824844 -0.6652222 0.7316926 -0.1486787 -0.6818314 0.7314528 -0.009094893 -0.7778837 0.6281428 -0.01826876 -0.6018659 0.782581 -0.1591365 -0.3373647 0.7818648 -0.5242829 -0.6750732 0.5253046 -0.5180071 -0.5453982 0.3471268 -0.762918 -0.3699206 0.4985634 -0.7839601 -0.1670352 0.1155925 -0.9791515 -0.5231903 0.3979818 -0.7535797 -0.5035406 0.1278287 -0.8544628 -0.5418369 0.1542273 -0.8262122 -0.4993145 0.06006014 -0.8643367 -0.4621378 0.131868 -0.876949 -0.6147122 0.04980766 -0.7871773 -0.9299694 0.02187037 -0.366986 -0.592657 0.2678576 -0.7596118 0.8762251 -0.2788453 -0.3930332 0.7559388 -0.3302153 -0.5652561 0.7388206 -0.4553824 -0.4967606 0.4760872 -0.5442355 -0.6907595 0.4766393 -0.5300442 -0.7013331 0.385522 -0.5308356 -0.7547096 -0.9965088 0 -0.08348852 -0.9946272 -0.04923272 -0.09106582 -0.9969127 -0.04973608 -0.06075829 -0.9959974 -0.07457017 -0.04927885 -0.9987214 -0.05055397 0 0.9166616 0.221576 -0.3326196 0.9886603 0.1265768 -0.08080327 0.9995397 0.01573938 -0.02593672 0.9995397 0.01574164 -0.02593731 0.9988258 0.04728829 -0.01053071 1 0 0 0.999614 -0.001556158 0.02773976 0.9762703 0.2054559 -0.06844174 0.9962733 0.08573007 -0.00948745 0.9714507 0.2317208 -0.05088388 0.9837564 0.1793876 -0.006602406 -0.2375079 0.7720342 0.5895366 -0.4938901 0.8007019 0.3390415 -0.5350668 0.8075572 0.2481026 -0.688454 0.6979926 0.1970721 -0.4940102 0.8006905 0.3388932 -0.498511 0.8660125 0.03884601 -0.6395033 0.7654105 0.07198905 0.007148444 -0.6127108 0.7902749 0.003588557 -0.2972396 0.9547962 0.07092821 -0.5140641 0.8548142 0.07094931 -0.5139952 0.8548539 0.003616392 -0.297209 0.9548056 0.1268288 -0.4503078 0.8838197 -0.009504616 -0.6052439 0.7959834 0.8688709 -0.4938241 -0.03465831 0.8937881 -0.4484457 0.006278574 0.8290606 -0.5468565 0.1166471 0.8290879 -0.5468077 0.1166824 0.893795 -0.448432 0.006282389 0.8177642 -0.5673999 0.0965352 0.8289922 -0.5469436 0.116725 0.4311504 -0.881806 0.1911214 0.54895 -0.7945479 0.2595142 -0.998243 0.05925399 0 -0.9985445 0.04998213 -0.02026522 -0.9987602 0.03331577 -0.03698885 -0.9982538 0.0202946 -0.05547624 -0.9975278 0 -0.07027274 -0.05792707 0.4662631 -0.8827475 0.01799899 0.9147047 -0.4037218 0.01456844 0.8245604 -0.5655865 0.01191508 0.9274387 -0.3737854 0.01809811 0.9147531 -0.4036079 0.1010184 0.9623829 -0.2522194 0 0.9488904 -0.3156058 0.03405904 -0.1129642 -0.9930152 -0.01153743 -0.4080218 0.9128993 -0.251602 -0.60138 0.758313 -0.4401469 -0.5205782 0.731621 -0.4403436 -0.5205027 0.7315562 -0.3700281 -0.6102465 0.7004845 -0.7323681 -0.517011 0.4430991 -0.127095 -0.9064484 -0.4027384 0.02594697 -0.920077 -0.3908776 0.01809501 -0.8677327 -0.496702 0.04133766 -0.3800476 -0.9240428 0.05672377 -0.7222516 -0.6893004 0.163894 -0.7222195 -0.6719657 0.01727545 0.1703757 -0.9852278 0.1161596 0.4215041 -0.8993561 0.1768018 0.2541743 -0.950861 0.04500418 0.6381335 -0.7686093 -1.0869e-4 -0.005100011 -0.999987 0 -0.004987061 -0.9999877 0.01907265 0.06707227 0.9975659 -0.2249751 -0.001746475 0.974363 0.02826046 0.007027387 0.9995759 0.02827155 0.00698328 0.9995759 -0.3527125 -0.04218083 0.9347806 -0.2143895 -0.0489462 0.9755212 0.04965829 -0.06523168 0.9966338 -0.2486566 0.9458405 -0.2086995 0.05856907 0.9982586 -0.007047653 0.05859553 0.9982571 -0.007028341 0.3576631 0.913134 0.1956104 1 4.32945e-6 0 -0.1987357 0.9485507 -0.2464867 -0.1175913 0.9807469 -0.1559094 -0.226657 0.9561714 -0.1853727 -0.4333666 0.8990141 -0.06298464 8.52219e-5 -0.02919584 0.9995737 6.22599e-5 -0.02953052 0.9995639 6.22016e-5 -0.02953052 0.9995639 3.49761e-5 -0.02991855 0.9995524 3.50467e-5 -0.02991855 0.9995524 0 -0.0303964 0.999538 0.8118893 0.404932 0.4205542 0.875135 0.4802105 0.05947023 0.8117382 0.5412517 0.2193802 0.7539532 0.5831145 0.3025428 0.8116706 0.5412839 0.2195513 0.7538777 0.5831455 0.302671 0.3181495 0.6865128 0.6538204 0.9634535 0.2672197 0.01873379 0.9317237 0.3622242 0.02616989 0.9316675 0.3623677 0.02618193 0.7693869 0.6274722 0.1196773 0.7316606 0.6706376 0.1221399 0.8439224 0.5349903 0.03975427 -0.7336892 -0.1189683 -0.6689894 -0.4621275 -0.09032958 -0.8822012 -0.9305942 -0.1854094 -0.3156228 -0.3840714 0.003674864 -0.9232962 -0.08252602 -0.0611481 -0.9947112 0.04877996 0.006831526 -0.9987862 0.3201243 -0.004938066 -0.9473627 0.4685007 -0.1203947 -0.8752213 0.6843823 -0.035429 -0.7282621 0.887863 -0.1731164 -0.4262982 0.9261381 0.0184189 -0.3767347 0.9929865 -0.1084357 -0.04711341 0.9929839 -0.1084766 -0.04707407 0.9319673 -0.1852687 0.3116289 0.8878834 -0.1732419 -0.4262048 0.9929974 -0.1083667 -0.04704356 0.9244904 0.0382322 0.3792834 0.9711789 -0.1046684 0.2141403 0.9319532 -0.185202 0.3117106 0.9244319 0.03808277 0.3794409 0.7349302 -0.1186422 0.6676838 0.8798748 -0.3301948 0.3417481 0.7348985 -0.1186884 0.6677106 0.4581916 -0.09576624 0.8836795 0.3813295 0.01749646 0.9242736 0.0811246 -0.06624001 0.9945005 -0.05348998 -0.01025247 0.9985158 -0.3263277 -0.02652388 0.9448845 -0.4705768 -0.1286469 0.8729304 -0.6812636 -0.03456115 0.7312219 -0.8863285 -0.1640207 0.4330348 -0.9229172 0.02726507 0.3840319 -0.9928894 -0.1089398 0.04798847 -0.8863671 -0.1641138 0.4329203 -0.9928854 -0.1089936 0.04795068 -0.9222735 0.02345877 -0.3858255 -0.02663004 -0.008048593 -0.999613 0.2866579 -0.04204595 -0.95711 0.2527818 -0.05811667 -0.9657763 0.3962426 0.04603457 -0.9169911 0.3165427 -0.004716098 -0.9485666 0.1338728 -0.04248219 -0.9900876 0.1471682 -0.2460097 -0.9580297 0.03935515 0.07373833 -0.9965009 -0.5360352 -0.001616299 -0.8441941 -0.2114409 -0.001571774 -0.9773896 -0.2230767 -0.02138388 -0.9745663 -0.6172744 0.04748165 -0.7853139 -0.2212304 0.3292801 -0.9179498 -0.3041088 0.06191903 -0.9506229 0.03258502 0.4168582 -0.9083874 -0.5514882 -0.02794563 0.8337146 -0.7412278 -0.002091407 0.6712505 -0.8227428 -0.002223432 0.5684096 -0.9413759 -0.001574814 0.3373559 -0.9780665 -0.001257479 0.208289 -0.9985925 3.4034e-4 -0.05303835 -0.9823678 4.98999e-4 -0.1869581 -0.9016957 6.65554e-4 -0.432371 -0.8388994 6.56641e-4 -0.544286 0.142798 2.93925e-6 -0.9897519 -0.2113257 -0.002151131 -0.9774134 0.1429771 -3.23262e-6 -0.989726 -0.1442145 -0.4010317 0.9046413 -0.3551414 -0.1020095 0.9292302 -0.1336595 -0.6142876 0.7776798 -0.03530484 -0.1437258 0.9889877 -0.3175666 0.1281985 0.93953 -0.09435963 0.1546781 0.9834486 -8.74917e-4 0.466341 0.8846046 -0.001815736 0.6436686 0.7653023 9.47427e-4 0.8628939 0.5053843 -0.003055393 0.852205 0.5231991 0.001510739 0.9725761 0.2325804 -0.4006641 0.8652452 0.3013622 -0.2060951 0.9661716 0.1550397 -0.1349863 0.9699853 0.2022557 -0.4537937 -8.78873e-4 0.8911064 -0.1572741 -0.05086404 0.9862443 -0.002524435 0.04486739 0.9989898 -0.6739156 -3.63767e-4 0.7388083 -0.8040772 -0.001629352 0.5945226 -0.1573991 -0.05079042 0.9862281 -0.1205382 -0.8778787 0.4634648 0.005655527 -0.7651376 0.6438421 -0.1251395 -0.6042953 0.7868719 -0.001538932 -0.3159455 0.9487762 -0.008390486 0.06420254 0.9979017 -0.02465426 -0.3386064 0.9406052 -0.1179502 -0.522839 0.8442317 -0.02468895 -0.3387614 0.9405484 -0.13363 -0.6143262 0.7776545 -6.06839e-4 -0.7647004 0.6443858 -0.03522115 0.3714708 0.9277763 -0.6691104 0.1216064 0.7331462 -0.6419413 0.1040022 0.7596676 -0.6621382 0.2390981 0.7102149 0.09648495 0.9952624 0.01198369 -0.2428684 0.9691833 0.04121452 -0.1062992 0.9865626 0.1240754 -0.02137577 0.9992871 -0.03111749 0.09455585 0.995166 0.02653306 0.02592432 0.9993005 0.02695369 -0.009931206 0.9887969 -0.1489369 0.02063721 0.9988645 0.04293972 -7.41126e-4 0.9996414 0.02676898 -0.001701772 0.9998921 0.01459944 0.03122168 0.9950683 -0.09415096 0 1 0 0.104845 0.9941636 -0.02542138 0.08551073 0.996219 -0.01534867 0.009806811 0.999952 1.46625e-4 0.06087136 0.9960956 -0.06393927 0.06086528 0.9960958 -0.06394255 -0.1671515 0.9844943 -0.05321127 -0.02169334 0.9789164 -0.2031061 -0.005866944 0.9503982 -0.3109805 0.01178896 0.9999296 0.001361966 0.0854845 0.9962214 -0.01534378 -0.1287857 0.990818 -0.041157 -0.09334969 0.9891193 -0.1137058 0 1 0 0.001294791 0.9999755 -0.006881833 -0.05649822 0.9950021 0.08233314 0.006825864 0.9998806 -0.01386797 -0.10619 0.9865871 0.1239751 0.01362419 0.9998305 -0.01239264 0.01873135 0.9997479 -0.01238405 -0.1862582 0.8410865 -0.5078204 0.02845954 0.9268358 -0.3743866 -0.1427326 0.9808889 -0.132229 -0.5684854 0.8157203 -0.1068869 -0.4831672 0.8697149 0.1007241 -0.2984726 0.9255856 0.2328206 -0.3131371 0.8140441 0.48916 -0.2453796 0.9307607 0.27106 -0.5606378 0.6078304 0.5623411 -0.4652013 0.5435017 0.6987085 -0.5452928 0.2387779 0.8035178 -0.6316969 0.6401402 0.437241 -0.545313 0.2386991 0.8035275 -0.5519208 -0.08562773 0.8294886 -0.5813848 0.006519079 0.8136026 -0.4844111 -4.96929e-4 0.8748404 -0.567209 -0.002550005 0.82357 -0.1428039 0.9808968 -0.132093 -0.7270265 0.6643502 -0.1734113 -0.5102179 0.7434368 -0.4324111 -0.8886672 0.202725 -0.4113066 -0.5668964 -0.001777231 0.8237872 -0.5257282 0.2311012 0.8186587 -0.7394224 -0.002254962 0.6732381 -0.822874 -0.002366483 0.5682189 -0.9420648 -0.001884579 0.3354256 -0.9782785 -0.001690566 0.2072878 -0.9986755 4.16977e-4 -0.05144995 -0.982718 6.45119e-4 -0.185108 -0.9762595 0.1838889 -0.1144652 0.001800119 0.01145982 -0.9999327 0.188057 -0.1114244 -0.9758173 0.02463597 -0.1314334 -0.9910188 -0.03806036 0.01443111 -0.9991713 -0.1014478 -0.09300768 -0.9904837 0.1722985 -0.1794515 -0.9685611 -0.3758628 -0.1179469 -0.9191387 -0.4114907 0.1880863 -0.8917953 -0.3757078 -0.1179383 -0.9192031 -0.1014502 -0.09292346 -0.9904913 -0.4336777 0.2595323 -0.8628828 -0.08507412 0.3349588 -0.9383842 -0.09389919 -0.6079711 -0.7883871 -0.3621752 -0.4473978 -0.8177191 -0.1983295 -0.8545609 -0.4799907 0.05229198 -0.8338236 -0.5495489 -0.09389245 -0.608111 -0.7882799 0.05245107 -0.7516978 -0.6574187 -0.09387499 -0.6080365 -0.7883396 0.2002267 -0.3753198 -0.9050108 0.06456136 -0.2091344 -0.9757534 0.1985903 -0.5991323 -0.7756304 0.268128 -0.206586 -0.9409728 0.05655723 -0.7223079 -0.6892551 0.3369871 -0.2208229 -0.9152469 0.1231391 -0.1134103 -0.985888 0.1724433 -0.02960103 -0.9845746 0.2328847 -0.1637561 -0.9586181 0.4072358 -0.01638489 -0.9131762 0.2328892 -0.1637462 -0.9586187 0.4072415 -0.01637989 -0.9131737 0.1723951 -0.1794342 -0.9685471 0.203635 -0.08038961 -0.9757409 0.5748285 -0.01436924 -0.8181478 0.2181869 0.05307543 -0.9744628 0.1938781 0.1054432 -0.9753426 0.2897748 -0.0755071 -0.9541118 0.1364377 -0.01133596 -0.9905838 0.2897772 -0.07554143 -0.9541084 0.265328 0.169508 -0.9491407 0.1559969 0.1354725 -0.9784234 0.2623704 0.1504213 -0.9531713 0.3370162 -0.2206884 -0.9152687 0.2609398 -0.07433891 -0.9624886 0.346302 0.07825762 -0.9348534 0.1824888 0.006128132 -0.9831889 0.1427413 0.02515137 -0.9894404 -0.02476561 0.003753364 -0.9996863 -0.2837997 0.01074504 -0.9588234 -0.2670351 -9.4197e-5 -0.9636868 -0.3168658 0.1557538 -0.9355944 -0.2671001 -8.3351e-5 -0.9636689 -0.5167581 -0.03214555 -0.8555278 -0.2087188 -0.05637234 -0.9763497 -0.2178772 -0.2295379 -0.9486 -0.0261656 -0.1197156 -0.9924634 -0.2429097 -0.3998829 -0.8837922 -0.02611714 -0.1198005 -0.9924544 0.1269721 -0.2652645 -0.9557787 0.2608959 -0.07418006 -0.9625127 0.1014125 -0.4911238 -0.8651666 -0.658867 0.1637095 -0.73423 -0.6937211 0.02074962 -0.7199448 -0.5168528 -0.03212004 -0.8554716 -0.8379406 6.27157e-4 -0.5457611 -0.8715476 0.02035462 -0.4898885 0.3610585 0.01186335 -0.9324677 0.1940187 0.1054473 -0.9753141 0.262408 0.1502791 -0.9531832 0.1760433 0.1966499 -0.9645401 0.157693 0.5469791 -0.82216 0.4073011 -0.01635169 -0.9131477 0.1788855 -0.00374943 -0.9838628 0.2624422 0.1502363 -0.9531806 0.1880772 0.08731418 -0.9782654 -0.1670156 0.1154657 -0.9791698 -0.1871672 0.2249569 -0.9562233 -0.5317288 0.08930313 -0.8421933 -0.00132811 0.667259 -0.7448246 -8.22944e-4 0.2772126 -0.9608083 -1.02432e-5 0.1746771 -0.9846258 -0.08195549 0.5744107 -0.8144543 -0.0831536 0.3385618 -0.9372628 -0.06733649 0.1835669 -0.9806982 -0.2143359 0.09725809 -0.971906 -0.1979147 -0.02478021 -0.979906 -0.4827966 0.04578977 -0.8745346 -0.5042 0.002319753 -0.8635839 -0.3111938 -0.09592676 -0.9454928 -0.1336461 -0.02427887 -0.9907318 -0.5489338 0.5216573 -0.6531044 -0.7474306 0.343963 -0.5683634 -0.7407853 0.2789708 -0.6110749 -0.7621273 0.08075195 -0.6423715 -0.7646064 -0.007968068 -0.6444483 -0.5464554 0.4171714 -0.7261919 -0.4339237 0.09975618 -0.89541 -0.6825863 0.01012533 -0.730735 -0.2410581 -0.1927409 -0.9511793 -0.1125127 -0.004166543 -0.9936416 -0.4361254 -0.03074365 -0.8993607 0.7576121 0.1070194 -0.6438717 0.5764999 -0.1985281 -0.7926125 0.5257119 0.09313344 -0.8455491 0.2819179 -0.1544405 -0.946927 0.2201076 0.06220352 -0.9734903 0.003289639 -0.06902819 -0.9976093 -0.1132484 0.1151564 -0.9868707 -0.1133918 0.1151342 -0.9868569 -0.02780979 -0.2066146 -0.9780272 -0.3177006 -0.188386 -0.9292885 -0.4361028 -0.03069645 -0.8993732 -0.4362516 -0.03070783 -0.8993006 -0.3518844 3.61506e-4 -0.9360435 -0.6766882 -0.1122725 -0.7276593 -0.682646 0.01010578 -0.7306793 -0.7769387 0.2197137 -0.5899934 0.7533462 -0.1145451 -0.6475715 0.5765057 -0.1986165 -0.7925862 0.7274407 -0.2811899 -0.6259092 0.4306467 -0.6829508 -0.5900184 0.4892776 -0.479837 -0.7282609 0.738028 0.4086881 -0.5369253 0.8002361 0.02528434 -0.599152 0.6940355 -0.01456582 -0.7197934 0.7800585 -0.239264 -0.5781537 0.7533696 -0.1145951 -0.6475355 0.7800608 -0.2392842 -0.5781421 0.8696761 -0.136293 -0.4744343 0.9036236 -0.2296918 -0.3615331 0.8912199 -0.2702715 -0.3642531 0.9036774 -0.2297632 -0.3613534 0.8550698 -0.5123288 0.07984429 -0.4242014 0.02682489 -0.9051705 0.5862473 -0.05382162 -0.8083425 0.408411 -0.3717113 -0.8336852 0.1416728 -0.4326739 -0.8903494 0.159856 -0.3272987 -0.9313011 -0.3636021 -0.9141101 -0.1794334 -0.2549657 -0.9253473 -0.2805797 -0.3120603 -0.9117978 -0.2669141 -0.1550126 -0.9291234 -0.3357094 -0.1182489 -0.925295 -0.360342 0.03606545 -0.9381303 -0.3443995 0.08185994 -0.9300174 -0.3582829 0.1677164 -0.8463179 -0.5055862 0.0943104 -0.9490399 -0.300714 0.1198855 -0.5520678 -0.8251356 0.2032711 -0.7222052 -0.6611357 0.159919 -0.3274218 -0.9312469 0.09202665 -0.7304463 -0.6767417 0.1269227 -0.5514866 -0.8244716 -0.2189425 -0.920102 0.3247716 -0.3247222 -0.9328714 0.1559057 -0.413871 -0.8983679 0.1471258 -0.3792788 -0.9252815 -0.001366913 -0.3902258 -0.9196245 -0.04488444 -0.05465525 -0.8281645 0.557814 -0.2337502 -0.9149946 0.3288551 -0.2188635 -0.9201239 0.3247628 -0.2428258 -0.9445776 0.2209274 -0.206606 -0.9498567 0.2347046 -0.2427707 -0.9446298 0.2207648 -0.3246237 -0.9329057 0.1559054 -0.0794261 -0.9490156 0.3050587 0 -1 1.20037e-6 0 -1 -1.13245e-6 0 -1 2.0812e-6 0 -1 -8.04276e-7 0 -1 1.50329e-6 0 -1 -4.99904e-6 0 -1 1.20804e-6 0 -1 1.1364e-6 0 -1 -5.96805e-7 0 -1 5.96801e-7 0 -1 -3.44018e-6 0 -1 4.91725e-6 0 -1 -7.98171e-7 -0.03111964 0.9790585 -0.2011866 0.0216031 0.9955338 -0.09190136 0.006098985 0.9999632 0.00602746 -0.1325615 0.9866002 -0.09511977 0.01045119 0.9999341 0.004762589 -6.656e-4 0.9999967 0.002533197 -0.002726793 0.999992 0.002919852 -6.11393e-4 0.999999 0.001313686 0.04908454 0.9871076 -0.1523455 -0.0142368 0.9998985 -5.53048e-4 -0.02677267 0.9996152 -0.00726974 0 1 1.38193e-7 4.08989e-4 0.9999921 -0.003975152 -0.003773033 0.9999697 -0.006809055 0.01971644 0.9891251 0.1457489 -0.09408265 0.9954888 0.01227366 0.001272201 0.9999858 -0.005173265 0.00856918 0.9999268 -0.008559525 0.008527398 0.9999621 0.001808106 -0.1135838 0.9855412 0.1257274 0.003616511 0.9999845 -0.00426644 0.008967697 0.9999253 -0.008316874 -0.04604393 0.9622418 -0.2682737 -0.4466508 0.8878104 0.1108874 -0.1900203 0.941565 0.2781146 -0.3126673 0.9018537 0.2981595 -0.1973231 0.9784887 0.0601955 -0.2924114 0.9027857 -0.3153944 -0.4170191 0.8728145 -0.2535544 -0.3173599 0.9450047 -0.07904958 -0.09037399 0.9064748 -0.4124756 0.01375752 0.9847621 -0.1733621 -0.1965067 0.6748249 -0.7113344 0.1103302 0.7658078 -0.6335343 0.06737542 0.54001 -0.8389576 0.6796131 -0.1779503 -0.7116599 0.3653327 -0.2756391 -0.8891317 0.3653433 -0.2756551 -0.8891224 0.365198 -0.2756543 -0.8891823 0.1343432 -0.1472053 -0.9799401 -1.14418e-4 -0.3348293 -0.9422788 0.002073645 -0.9976858 0.06796228 3.37999e-4 -0.9993248 0.03674089 2.26788e-4 -0.9996997 0.02450549 -4.63856e-4 -0.9999982 0.001814365 0 -1 -9.28212e-7 0 -1 2.05522e-7 -4.63274e-4 -0.9999983 0.001811444 4.59934e-4 -0.9999983 -0.0018121 4.72438e-4 -0.9999982 -0.001861333 0 -1 -2.32303e-7 -2.73288e-4 -0.9997071 -0.02420163 -4.0785e-4 -0.9993405 -0.03631019 -0.002190768 -0.9977377 -0.06719177 -0.08212965 -0.02822148 -0.9962221 -0.08976358 -0.01725345 -0.9958137 -0.06066286 -0.1245853 -0.9903528 -0.0974186 -0.006266176 -0.9952238 -0.9287002 -0.3314081 -0.1663877 -0.9995489 0.006280183 -0.02937448 -0.999876 0.004113674 -0.01519882 -0.9999512 -0.007315874 0.006652712 -0.9246565 -0.3550175 0.1377424 -0.6193899 0.1815639 -0.7638002 -0.4784263 0.4306647 -0.7652688 -0.1752052 0.5973078 -0.7826408 -0.1147516 0.8505948 -0.5131477 -0.2784927 0.8866904 -0.3690825 0.1495033 0.8348084 -0.5298527 -0.7058163 -0.6885778 0.1663849 -0.9548789 -0.1896184 -0.2285856 -0.8791282 -0.4662094 -0.09890657 -0.9548625 -0.1895227 -0.228733 -0.9548661 -0.1895122 -0.2287265 -0.8980382 -0.01746475 -0.4395707 -0.8513715 0.1768661 0.4938471 -0.7272841 -4.28602e-4 0.6863365 -0.8131535 -9.37004e-5 0.5820493 -0.8480189 -0.1783328 0.4990605 -0.8829492 -0.1597052 0.4414691 -0.8824616 -0.2804508 0.377636 -0.8808212 -0.3252175 0.3440752 -0.879609 -0.3994038 0.2583889 -0.8190494 -0.515079 0.2526893 -0.7435427 -0.659083 0.1129334 -0.5359355 -0.8185 0.2069565 -0.5402379 -0.773392 0.3316743 -0.3471589 -0.9133083 0.2129526 -0.6289703 -0.7714954 0.09587156 -0.1832614 -0.9807596 0.06727498 -0.4463258 -0.8908345 -0.08489608 -0.7434785 -0.6591637 0.1128841 -0.7046912 -0.7043071 -0.08580172 -0.7823197 -0.6066763 -0.1411373 -0.834068 -0.4932959 -0.2469612 -0.8805297 -0.3959134 -0.2606149 -0.845565 -0.3408249 -0.4109234 -0.724597 -0.2354064 -0.6477214 -0.8082702 -0.2021062 -0.5530394 -0.8762438 -0.3095354 -0.3693032 -0.9059505 0.144696 -0.3978903 -0.897544 0.02514094 -0.4402078 -0.8322457 -0.02927631 -0.5536335 -0.9288152 0.1268712 -0.3481467 -0.8990356 0.2614718 -0.3512371 -0.8809174 0.3225001 -0.3463789 -0.8796083 0.399406 -0.2583876 -0.8180715 0.5163065 -0.2533513 -0.7378208 0.6653938 -0.1134528 -0.5309199 0.8219125 -0.2063587 -0.539283 0.7738298 -0.3322066 -0.3425914 0.9148426 -0.2137623 -0.460202 0.8695991 -0.1789182 -0.1809 0.9811798 -0.06753963 -0.4369469 0.8952958 0.08673501 -0.8847301 0.1594367 0.437987 -0.885617 0.2767047 0.3729841 -0.8849683 0.3197042 0.3385562 -0.8837507 0.3915117 0.2563267 -0.8299635 0.4990219 0.2492747 -0.7746456 0.6160089 0.1430295 -0.8298759 0.4991531 0.2493032 -0.6247632 0.7527879 0.2073197 -0.6923916 0.7161461 0.08791303 -0.6924004 0.7161535 0.08778351 -0.6265079 0.7709348 0.1146628 -0.6233703 0.7759876 -0.09619194 -0.8699828 0.1616267 -0.4658398 -0.6499168 0.5203633 -0.5539225 -0.658957 0.1637119 -0.7341486 -0.5669314 0.2761601 -0.7760957 -0.5101338 0.7434396 -0.4325057 -0.3334136 0.5680126 -0.7524607 -0.04604786 0.9515938 -0.3038896 -0.02970761 0.9797412 -0.1980522 0.001114428 0.9999977 0.001822292 -0.001097261 0.9999979 -0.001785099 0.02996641 0.9799168 0.1971425 0.04642206 0.9520102 0.3025256 0.853017 0.3409281 -0.395133 0.5951705 0.4440882 -0.6697446 0.2664304 0.5769485 -0.7721046 0.3814802 0.4633498 -0.7998624 0.5951753 0.4439988 -0.6697996 0.2291841 0.3629271 -0.9031936 0.2662824 0.5769817 -0.7721308 0.2290594 0.3630019 -0.9031952 -0.1750599 0.597349 -0.7826418 0.3462057 0.26349 0.900397 0.4362661 0.3896757 0.8110641 0.342132 0.2404298 0.9083718 0.2059146 0.4091901 0.8889111 -0.9702848 0.01481431 0.2415124 -0.9137868 0.05130809 0.402941 -0.9529753 0.003088235 0.3030325 -0.9128445 0.00779277 0.408233 -0.9885726 -0.01787906 0.1496817 -0.9787302 -0.04452693 0.2002615 0.6243739 0.1287657 0.7704393 0.4873737 0.3976968 0.77737 0.1809184 0.5876529 0.7886271 0.09615409 0.8982587 0.428819 0.1482499 0.898334 0.4135435 -0.1509844 0.8336957 0.5311827 0.1807571 0.5877024 0.7886272 -0.2705243 0.5727452 0.7738085 -0.2340688 0.3574621 0.9041199 1 4.19787e-6 0 1 3.32403e-5 0 1 -1.02404e-6 0 1 0 0 0.9999163 -0.002256691 0.0127449 0.9999163 -0.002257585 0.01274484 0.9996653 -0.004510104 0.02547591 1 -4.1881e-6 0 1 3.61355e-6 0 1 7.17195e-6 0 1 3.60576e-6 0 1 -3.41344e-5 0 1 5.1201e-7 0 1 0 0 0.9999163 0.002257645 -0.01274466 0.9999163 0.002258956 -0.01274317 0.9996652 0.004516661 -0.02548104 1 7.19249e-6 0 1 -1.80224e-6 0 1 3.60584e-6 0 0.9986632 -0.009009242 0.05089801 0.9986609 0.009029924 -0.0509423 0.001641333 -0.002507328 0.9999955 -0.01800978 0.008534252 0.9998014 -0.02009505 0.02180421 0.9995604 -0.009759962 0.03177112 0.9994475 0.02124994 0.01140171 0.9997092 0.01357966 0.005020558 0.9998953 -0.0294007 0.007671058 0.9995383 -0.02100199 0.005202889 0.9997659 -0.05286139 0.01059317 0.9985458 -0.01063287 0.003556311 0.9999372 -0.01140141 -0.01366317 0.9998417 0.0445376 -0.04084563 0.9981724 -0.01042801 -0.01555049 0.9998247 -0.07148712 0.2358793 -0.9691494 0.1230109 -0.1134002 -0.9859051 -0.07147037 0.2358901 -0.9691481 -0.0413357 -0.3713966 -0.9275538 0.4645765 0.5173522 -0.71869 0.6697002 0.2537527 -0.6979336 0.2807037 0.3634034 -0.8883374 0.3603159 0.3224179 -0.8753395 0.6697036 0.2536157 -0.6979802 0.3500249 0.09745132 -0.9316576 0.2584588 -0.8644348 0.431221 0.2654023 -0.9516209 0.1548525 0.6616071 -0.7383484 0.1308346 0.6616187 -0.7383656 0.130679 0.218873 -0.9663972 0.1348007 0.2283548 -0.9672811 -0.1105504 -0.0145775 -0.01310229 0.9998079 0.04108476 -0.04213601 0.9982669 -0.01418054 -0.01174259 0.9998306 -0.01476675 0.006779551 0.999868 -0.05499893 0.01578009 0.9983617 -0.02520853 0.008535742 0.9996458 0.004935801 -0.003847777 0.9999805 -0.04522699 0.008610725 0.9989396 -0.03578853 0.03494775 0.9987483 -0.001821935 0.03464567 0.999398 0.03772699 0.01622885 0.9991564 0.04269254 -0.00710994 0.999063 0.008801043 0.476503 0.8791289 -0.004911124 0.374512 0.9272091 0.001087844 0.2825693 0.9592463 -0.003515958 0.07637655 0.9970729 0.004006385 -0.0739479 0.9972541 -0.001746594 -0.2447636 0.9695813 0.00468415 -0.3378785 0.9411782 -0.004872441 -0.5097681 0.8602981 0.009485602 -0.5511139 0.8343762 -0.04885518 0.565436 0.8233441 -0.3814038 0.7982764 0.4661395 -0.09922587 0.8720352 0.4792795 -0.06115877 0.6148579 0.7862631 -0.1358923 0.6863692 0.7144443 -0.07562404 0.4946942 0.8657706 -0.345257 0.4722891 0.8110122 -0.1628929 0.4431614 0.8815178 -0.3622994 0.5414331 0.7586762 -0.07338863 -0.6305883 0.7726401 -0.4019839 -0.6162795 0.6772064 -0.4099833 -0.3311484 0.8498556 -0.6432124 -0.3688991 0.6709631 -0.6531306 -0.07714432 0.7533055 -0.2557159 -0.6817372 0.6854515 -0.1246659 -0.8473842 0.516138 -0.1001701 -0.8553826 0.5082192 -0.06159222 -0.548587 0.8338218 -0.1837578 -0.5131446 0.8384008 -0.01493531 -0.3981027 0.9172193 -0.1762329 -0.4497052 0.8756182 -0.06148988 -0.5485001 0.8338866 -0.1477759 0.8669832 0.475923 -0.2981329 -0.6564563 0.6929516 -0.07639479 -0.8729929 0.4817129 -0.09808236 -0.8885188 0.4482347 -0.0980159 -0.8884971 0.4482923 -0.04384702 -0.8744189 0.4831864 0.009428918 -0.9420938 0.3352169 0.1189516 -0.7893298 0.6023363 0.01286327 -0.1243196 0.9921588 -0.05603128 -0.05623674 0.996844 0.003101348 0.1205323 0.9927046 -0.06791377 0.2340013 0.9698615 -0.004456996 0.5250089 0.8510851 -0.01394337 0.03828263 0.9991697 0.002157807 -0.2435232 0.9698927 -0.1631021 -0.3912425 0.9057191 -0.01491022 -0.3979796 0.9172731 -0.1158629 0.7351651 0.6679133 -0.1050027 0.6432358 0.7584342 -0.2073323 0.7324624 0.6484692 0.04656511 0.7985424 0.600135 -0.04969453 0.7664944 0.6403257 -0.2073376 0.7324407 0.6484919 -0.1839153 0.7894403 0.5856271 -0.2142239 0.5372655 0.8157536 -0.02402365 0.2365715 0.9713171 -0.1388397 0.3689951 0.9190028 -0.06796061 0.2341696 0.9698175 0.01513916 0.3976578 0.917409 -0.09048759 0.9395532 0.3302301 -0.08282917 0.9823825 0.1675232 -0.3817691 0.909565 0.1641466 -0.6373211 0.7561658 0.1484434 0.01992583 0.9997706 0.00786972 0.02758413 0.9929423 0.1153463 4.65132e-4 0.9741845 0.2257528 0.005983173 0.9796069 0.2008344 0.01056212 0.9997763 0.01832669 0.007588326 0.9381896 0.3460387 0.01053965 0.9997757 0.01837772 0.2376632 0.9368138 0.2567022 0.1978605 0.9795187 0.03734052 -0.3812606 0.9112074 -0.1560181 -0.09653317 0.9765743 -0.1923126 -0.06869155 0.9374213 -0.3413546 -0.02438718 0.8821021 -0.4704266 -0.6376827 0.7609817 -0.1194475 -0.627656 0.7772833 -0.04334419 -0.6305242 0.7119478 -0.3091434 -0.2428889 0.9418429 -0.2322434 -0.2532919 0.7793845 -0.5730648 -0.63801 0.482888 0.599802 -0.6235333 0.4336304 0.650516 -0.6205761 0.6228612 0.4763711 -0.6347903 0.2412493 0.7340573 -0.3813247 0.3116841 0.8703129 -0.3868145 -0.007526934 0.9221269 -0.09242981 0.007299721 0.9956925 -0.08445805 -0.3552522 0.9309473 0.01662081 -0.2985459 0.9542506 -0.08441179 -0.3553118 0.9309287 0.1275922 -0.4887815 0.8630255 0.01834982 -0.6827328 0.7304378 -0.4287198 -0.1550669 0.8900301 -0.3528493 -0.042198 0.9347282 -0.653124 -0.07714229 0.7533115 -0.6531337 -0.07716488 0.7533009 -0.4724087 -0.07961076 0.8777768 -0.5277158 -0.04844409 0.8480384 -0.5276388 -0.04838484 0.8480899 -0.5041455 0.227488 0.8331186 -0.1387388 0.05175256 0.9889759 -0.09902328 0.3606629 0.9274247 -0.576016 -0.5530091 0.6019855 -0.6387417 -0.5800189 0.5055564 -0.3893076 -0.8068532 0.4443284 -0.09672641 -0.9765478 0.1923495 -0.06785929 -0.9377465 0.340627 0.01784127 -0.9998409 -2.1687e-4 -0.02599334 -0.8798904 0.4744653 -0.08211934 -0.9030948 0.4215166 0.2020224 -0.9774122 -0.0620684 0.01131868 -0.9998602 0.01231712 0.2020433 -0.9774121 -0.0620023 0.001871645 -0.9278472 0.3729557 0.3181874 -0.9471499 0.04079216 -0.1116181 -0.6439596 0.7568735 -0.3386089 -0.7525512 0.5648103 0.01312386 -0.9807041 -0.1950571 -0.00497061 -0.9784245 -0.2065448 0.02746915 -0.9927605 -0.1169281 -0.08772933 -0.9399515 -0.3298404 -0.08423024 -0.9824201 -0.1666018 -0.4240798 -0.8952892 0.1364316 -0.6429942 -0.6958402 0.3199452 -0.5111218 -0.7179114 0.4726076 -0.3088683 -0.5159848 0.7989745 0.01335549 -0.9394017 -0.3425582 0.202062 -0.9774025 -0.06209236 0.295899 -0.8966941 -0.3292167 -0.1010814 -0.8996422 -0.4247664 -0.004986226 -0.9783939 -0.2066895 -0.05439507 -0.6728026 -0.7378197 0.02674227 -0.7440411 -0.6675986 0.06230628 -0.4701206 -0.8804003 0.1595718 -0.6278702 -0.7617847 -0.001173794 -0.684407 -0.7290993 0.007408201 -0.7587317 -0.6513612 -0.21656 -0.7116756 -0.6682962 0.1598636 -0.7628988 -0.6264415 -0.2406066 -0.7281225 -0.6418303 -0.2084153 -0.8046803 -0.5559253 -0.01611518 -0.9130822 -0.4074573 0.1699609 -0.8140979 -0.5552999 0.1901165 -0.9199298 -0.3429067 -0.01384609 -0.8706358 -0.4917334 -0.04914581 -0.8014625 -0.5960224 -0.2083647 -0.8046289 -0.5560186 0.1901488 -0.9198995 -0.34297 -0.00859797 -0.5855917 -0.8105607 -0.04525417 -0.8656694 -0.4985666 -0.1546518 -0.6862635 -0.7107217 -0.0452826 -0.8656697 -0.4985636 -0.1888915 -0.770489 -0.6088241 -0.3301928 -0.577207 -0.7468633 -0.3906375 -0.6304164 -0.6708037 -0.3556951 -0.7597169 -0.5443448 -0.1753463 -0.5612847 -0.8088345 -0.0327115 -0.4610109 -0.8867914 -0.1368635 -0.6096667 -0.7807528 -0.09668451 -0.3572705 -0.9289833 0.008410274 -0.1169815 -0.9930986 -0.083808 -0.3464395 -0.9343211 -0.1265547 -0.4898253 -0.8625863 -0.06445717 -0.3320178 -0.9410683 -0.07297599 -0.479127 -0.8747068 -1.77823e-4 -0.5105398 -0.8598542 -0.009789228 -0.05917376 -0.9981997 0.01643615 0.2880679 -0.957469 0.1381843 0.239996 -0.9608888 0.01946109 -0.2333083 -0.9722081 0.1418485 -0.1506161 -0.9783629 -0.130857 0.4909175 -0.8613227 -0.2135602 0.5665521 -0.7958711 -0.4000733 0.6301806 -0.6654427 -0.3009176 0.5918324 -0.7477854 -0.2048552 0.6288342 -0.7500681 -0.1000944 0.8631008 -0.4950132 -0.1744038 0.8621264 -0.4757326 -0.04227465 0.9299609 -0.3652201 -0.2047631 0.6288604 -0.7500712 -0.01516252 0.6970325 -0.7168793 -0.01514291 0.696909 -0.7169997 0.1061335 0.4759042 -0.8730699 0.008592963 0.8053568 -0.5927283 0.06926339 0.9409992 -0.331245 -0.01216703 0.6976326 -0.7163525 -0.1832283 0.6926811 -0.6975818 -0.2431921 0.6396673 -0.7291663 -0.3213964 0.7655878 -0.5572969 -0.1128243 0.6252031 -0.7722642 0.1566075 0.7550834 -0.63665 0.01318496 0.6525825 -0.7576031 0.2252705 0.5899435 -0.7753837 0.1634612 0.6257653 -0.7626915 -0.005418539 0.3016237 -0.9534117 -0.1208781 0.5493083 -0.8268306 -0.2431477 0.6396116 -0.72923 -0.02553868 0.7187755 -0.6947731 0.2069876 0.4905432 -0.8464772 0.1533403 0.343868 -0.9264133 -0.04475378 0.402745 -0.9142175 -0.005433738 0.3015522 -0.9534343 0.1529778 0.3425655 -0.9269556 -0.01738154 0.4481523 -0.8937883 0.1506592 0.5484683 -0.8224868 -0.2431086 0.6395983 -0.7292547 -0.03161656 0.8439556 -0.5354805 0.03390592 0.6115056 -0.7905134 -0.01511961 0.8054812 -0.5924285 -0.02429378 0.8820457 -0.4705373 -0.08114963 0.9051117 -0.4173579 0.01054185 0.9997786 0.01821082 0.01056188 0.9997781 0.01822656 0.001676738 0.9254456 -0.3788769 0.191057 0.963701 -0.1864882 3.96348e-4 0.9741439 0.2259283 -0.05397999 0.6765387 0.7344262 -0.1039913 0.8990231 0.4253743 4.79098e-4 0.974146 0.2259194 0.001593589 0.8299436 0.5578452 -0.02462726 0.7483724 0.6628214 -0.05394721 0.6764492 0.7345109 0.04436767 0.617431 0.785373 -0.02781713 0.3915378 0.9197416 -0.1983731 0.5229614 0.8289508 -0.1760659 0.4531397 0.8738795 -0.02781623 0.3913683 0.9198137 -0.06885164 0.412408 0.9083937 -0.1985257 0.5229728 0.8289072 -0.260603 0.6580753 0.7064157 -0.05411225 0.7367293 0.6740192 -0.217118 0.6893227 0.6911541 0.009205341 0.756548 0.6538734 0.1649714 0.7653548 0.6221065 -0.005233526 0.3201128 0.947365 0.06174159 0.511798 0.8568844 0.1433138 0.5364006 0.8317065 0.1011536 0.5750855 0.8118157 -0.1840279 0.7893963 0.5856512 -0.3443307 0.6246989 0.7008479 -0.09271854 0.8837857 0.4586132 -0.05256074 0.7421006 0.6682246 0.02896034 0.8682119 0.4953477 0.04175281 0.9105413 0.4113044 -0.187468 0.8709086 0.4542841 -0.09271723 0.8838546 0.4584809 -0.4579991 0.4830297 0.7462702 -0.3964196 0.6345033 0.6635187 0.1712616 0.8161311 0.5519054 0.2224187 0.9037903 0.3656408 0.02900421 0.8681829 0.495396 0.2604563 0.8132926 0.5203052 0.06764328 0.7381771 0.6712072 0.02126061 0.4721738 0.8812491 -0.3667181 0.7501159 0.5503127 -0.0759229 0.6047895 0.7927581 -0.1984657 0.5228483 0.8290001 -0.2197972 0.7408938 0.6346383 -0.1040911 0.8990055 0.425387 -0.2218981 0.5755897 0.7870563 -0.3821812 0.8026456 -0.4579275 -0.1004507 0.8554443 -0.5080597 -0.1250901 0.8469941 -0.5166755 -0.2412686 0.9634231 0.1166419 -0.6234706 0.7467774 0.2315341 -0.6373835 0.6593746 0.3987073 -0.3812281 0.5914444 0.7105341 -0.09349685 0.3456435 0.9336964 -6.25886e-4 0.08547383 0.9963403 -0.2349548 0.8621432 0.4488934 -0.2592738 0.6166641 0.7433051 -0.04937899 -0.6244803 0.7794782 0.01832383 -0.6827235 0.7304471 -0.02773678 -0.6546605 0.755414 -0.004887223 -0.5098609 0.860243 -0.06779092 -0.1521501 0.9860298 -0.008099675 -0.3519451 0.9359857 -0.05989044 -0.2666168 0.9619401 -0.5107583 -0.3370235 0.7909116 -0.680449 -0.2228106 0.6981008 0.01123499 -0.643034 0.7657552 -0.1587968 -0.7413409 0.6520715 0.1706805 -0.8623446 0.4766864 -0.1124826 -0.8913111 0.4392178 -0.005414724 -0.8513283 0.5246053 0.1706924 -0.8624228 0.4765406 -0.1123139 -0.8913724 0.4391366 0.2187752 -0.9664174 0.134814 -0.2671933 -0.9232171 0.2761847 -0.6756234 -0.6835497 0.2762117 -0.7699956 -0.6189277 0.1550336 -0.6157181 -0.7654025 0.1872169 -0.1229665 -0.8762151 -0.4659682 0.05637377 -0.5538473 -0.8307077 -0.1682083 -0.7031332 -0.6908761 -0.09851497 -0.6452893 -0.7575595 -0.3916421 -0.5602554 -0.7298839 -0.357894 -0.28526 -0.8891224 -0.6231487 -0.2936798 -0.7248709 -0.382163 0.005454599 -0.9240788 -0.6329967 0.01725167 -0.7739624 -0.382031 0.3197864 -0.8670578 -0.6387342 0.2815229 -0.7160751 -0.3823246 0.5973529 -0.7049804 -0.6407331 0.5082089 -0.5754866 -0.6373746 0.6745193 -0.3725285 -0.08197009 0.001767575 -0.9966332 -0.03683286 0.2265315 -0.9733073 -0.08555048 0.640211 -0.7634206 -0.1736781 0.7291133 -0.6619893 0.1560511 -0.02678066 0.9873859 -0.0991249 -0.8718272 -0.4796788 -0.4179083 -0.7756092 -0.473057 -0.3929139 -0.9014707 -0.1815744 -0.6052402 -0.7596472 -0.2379504 -0.555974 -0.8310838 -0.01388114 -0.1011692 -0.8996123 -0.4248089 -0.09809422 0.3264464 -0.9401118 -0.08342868 0.32054 -0.9435538 -0.4283824 0.4753412 -0.7684655 -0.5860113 0.5972908 -0.5475715 -0.2531275 0.7793909 -0.5731287 -0.1373442 0.5843107 -0.7998235 -0.4786677 0.4592067 -0.7483359 -0.4284054 0.4753115 -0.7684711 -0.1371806 0.5842242 -0.7999148 -0.09022378 0.3094902 -0.9466127 -0.4786924 0.4590792 -0.7483983 -0.5129764 0.1233775 -0.8494901 -0.09105718 -0.004553973 -0.9958353 0.01381939 -0.9975776 -0.06817662 -0.02839028 -0.9833986 -0.179224 0.1553218 -0.9875106 -0.02642118 0.1552809 -0.9875183 -0.02637225 -0.1137625 -0.9711328 -0.2096646 -0.103854 -0.9648056 0.2415879 -0.02433282 -0.9946687 -0.1002104 0.01365751 -0.9975804 -0.06816911 0.04981207 -0.997888 -0.04169464 -0.5307435 -0.7129018 -0.4583474 -0.1836646 -0.9560022 -0.2287512 -0.6418226 -0.7065047 -0.2981862 -0.6497644 -0.6691261 -0.3606612 -0.6285116 -0.5556805 -0.5442357 -0.5225366 -0.1920384 -0.8307087 -0.3900302 -0.5264566 -0.7554602 -0.4584575 -0.5230632 -0.7184857 -0.7334705 -0.6443587 -0.2163863 -0.6298329 0.3804739 -0.6771633 -0.4786879 0.4591678 -0.7483468 -0.3898875 -0.52647 -0.7555244 -0.4314791 -0.188584 -0.8821916 0.1442998 -0.3305302 -0.932699 0.2401692 -0.3065314 -0.9210632 -0.1361505 -0.2019183 -0.9698928 -0.09088903 -0.004661262 -0.9958502 0.1443794 -0.2871938 -0.9469289 -0.09094864 -0.004668235 -0.9958447 0.1595824 0.006431579 -0.9871637 0.1600704 0.08693599 -0.9832699 0.2805941 0.3634136 -0.888368 0.168419 0.4068232 -0.8978474 -0.1371937 0.5842158 -0.7999187 0.1666698 0.6342784 -0.7549253 0.162519 0.6950238 -0.7003781 0.2791213 0.8492273 -0.4482236 0.1698731 0.8877336 -0.4278696 0.2791053 0.8492743 -0.4481443 -0.2427491 0.9418616 -0.2323139 0.3469713 0.924105 -0.1601282 0.16707 0.9810795 -0.09783023 0.3471125 0.9240629 -0.1600649 0.340447 0.9250084 0.1686873 0.3385888 0.8110787 0.4769789 0.344319 0.5972377 0.7243975 0.348232 0.320676 0.8808526 0.2724213 0.3029127 0.9132528 0.1658983 0.270677 0.9482678 0.1597068 -0.9731425 -0.1657937 -0.1436129 -0.8904879 -0.4317486 3.55999e-4 -0.8543862 -0.5196385 -0.139522 -0.759658 -0.6351799 0.1800156 -0.6031109 -0.7770789 0.005862593 -0.6465086 -0.7628841 -0.3899071 -0.5265325 -0.7554708 0.1800435 -0.6029856 -0.7771698 -0.2483688 -0.5280761 -0.8120644 0.2401491 -0.306669 -0.9210225 -0.5305731 -0.7129816 -0.4584206 -0.11385 -0.9711016 -0.2097616 -0.02102804 -0.9758065 -0.2176224 -0.1138385 -0.9711377 -0.2096007 0.1597378 -0.9731591 -0.1656659 0.1362142 -0.9841718 0.1133648 -0.4314659 -0.1885146 -0.8822128 -0.2154735 -0.6512733 0.7276087 -0.41896 -0.633667 0.6503373 -0.156412 -0.6934732 0.7032996 0.2166629 -0.5814994 0.7841655 -0.278342 -0.6548781 0.7026097 -0.05608576 -0.6636202 0.7459642 0.008446812 -0.645412 0.763788 0.1811738 -0.8651947 0.467562 0.4618 -0.7780071 0.4259647 0.1897785 -0.6684557 0.7191323 -0.1835961 -0.5131068 0.8384592 0.002094864 -0.2436894 0.9698511 -0.0729469 -0.7576454 0.6485771 -0.01663851 -0.7631723 0.6459808 0.002151012 -0.2437021 0.9698479 0.1851139 -0.5332579 0.8254508 -0.05662691 -0.8104869 0.5830132 0.3476871 -0.6191208 0.7041329 0.3132286 -0.7554399 0.5754985 -0.2621483 -0.6270699 0.7335268 0.2707178 -0.5712526 -0.7748435 0.2954413 -0.3292971 -0.8968154 0.6638373 -0.2533069 -0.7036731 0.6638389 -0.2531745 -0.7037191 0.3017166 -0.2816925 -0.9108329 0.4662912 -0.06585025 -0.8821771 -0.9983273 0.01117688 0.05672633 -0.9728499 0.1835584 0.1409597 -0.94986 -0.02738255 0.3114745 -0.8389973 -0.05341064 0.541508 -0.9999581 -0.002500534 0.008808016 -0.9999582 -0.002496421 0.008795619 -0.9999577 0.002439498 0.008881807 -0.9999045 0.003639996 0.0133323 -0.9998906 0.01479202 2.20684e-4 0.6831691 0.3112164 -0.6606243 0.8805586 0.3261789 -0.3438373 0.5427997 0.5857363 -0.6018983 0.4224962 0.6468644 -0.6348728 0.9237013 0.2737764 -0.2679973 0.5487678 0.7151264 -0.4329528 -0.3575921 -0.04666662 0.9327113 -0.5103099 -0.03504669 0.8592763 -0.2418693 -0.01201742 0.9702344 -0.5543124 -0.03278398 0.8316628 -0.2417852 -0.01200747 0.9702555 -0.1822876 0.005432784 0.9832304 -0.1811423 -0.2824383 0.9420277 0.1724204 0.126032 -0.9769274 0.2470108 -0.1341884 -0.9596766 0.4326423 0.1775376 -0.8839124 0.6559336 -0.002816021 -0.7548135 0.5962411 -0.003629088 -0.8027973 0.7539704 -2.26592e-4 -0.6569084 0.7615549 -0.001168191 -0.6480994 -0.8382279 -0.06440907 0.541503 -0.6847223 -0.04160344 0.7276158 -0.9454638 -0.1504651 0.288892 -0.7489386 -0.1146159 0.6526518 -0.9455148 -0.1504709 0.2887219 -0.9278043 -0.1636696 0.3352485 -0.9290841 -0.3230668 0.180085 -0.1618633 0.8893471 -0.4276238 -7.58297e-4 0.8133194 -0.581817 -0.208684 0.8079382 -0.5510779 -0.1720398 0.561298 -0.809535 -0.001328825 0.6672773 -0.7448083 -0.1669149 0.1156255 -0.9791681 0.4627236 -0.6763648 0.5730772 0.3597866 -0.7039293 0.6124028 0.53243 -0.678052 0.5067186 0.5322955 -0.6780821 0.5068199 0.4134907 -0.449637 0.79174 0.9999117 -0.005784571 0.01196932 0.9999778 -0.002905726 0.006012737 0.9999174 6.07307e-4 0.01284611 0.9999576 -0.002439796 0.008893966 0.999904 -0.003606915 0.01338469 0.9998895 -0.01487153 1.84164e-4 0.1344658 -0.9658082 -0.2216606 -0.003035187 -0.9718605 -0.2355374 0.02554714 -0.9712076 -0.2368611 -0.09630089 -0.9423974 -0.3203333 0.02559846 -0.971162 -0.2370428 -0.1272011 -0.9064401 -0.4027236 0.2996944 -0.9114632 -0.2818125 0.1326643 -0.9165529 -0.3772678 0.2174015 -0.9051266 -0.3653527 0.0256654 -0.9711692 -0.237006 0.1696946 -0.9582133 -0.2302849 0.02561861 -0.971201 -0.2368804 0.04616117 -0.9311825 -0.3616194 0.02391821 -0.7701007 -0.6374739 0.004083693 0.9126223 -0.4087834 5.51447e-4 0.7019231 -0.7122525 0.09532338 0.9284812 -0.3589375 -0.02949291 0.88866 -0.4576173 -0.001320838 0.596049 -0.8029471 -0.03388941 0.5242881 -0.8508663 -0.5876473 -0.1025961 -0.8025863 -0.6146247 0.04977434 -0.7872478 -0.4953649 0.3135626 -0.8101187 -0.4945174 0.4293921 -0.755695 -0.4993611 0.0601769 -0.8643016 -0.4798763 0.2950423 -0.8262377 0.2773144 0.2474595 -0.9283645 0.2540503 0.3788314 -0.8899132 0.5044431 0.2269601 -0.8330825 0.2487344 0.3309024 -0.9102938 0.2539495 0.3788952 -0.8899148 0.07910549 0.2839927 -0.9555577 0.4512737 -0.6048188 0.6561603 0.4947962 -0.7754762 0.3921907 0.3501017 -0.8413407 0.4117944 0.3535411 -0.8404502 0.4106731 0.4454343 -0.8396775 0.310693 0.4160318 -0.8748323 0.2481654 0.353533 -0.8404601 0.4106595 0.4160296 -0.8748316 0.2481719 0.323017 -0.9138053 0.2462111 0.0122407 0.008016347 0.999893 0.01138401 -6.18989e-4 0.9999351 0.01063638 -0.009220957 0.999901 0.00152409 -0.01196759 0.9999273 -0.01275533 -0.006364583 0.9998985 -0.009888827 -0.002770543 0.9999474 -0.009371459 7.45993e-5 0.9999561 0.009936332 0.003648161 0.999944 -0.00686866 0.008056282 0.999944 -0.00839281 0.0104832 0.9999098 -0.006879925 0.008047282 0.999944 -0.008397877 0.01047617 0.9999099 -1 5.07151e-6 0 -0.6432523 0.4737969 0.6014509 -0.6692141 0.1216848 0.7330384 -0.9119051 0.07835513 0.4028518 -0.9634215 0.05624866 0.2620211 -0.6692466 0.1215856 0.7330252 -0.8224627 0.03493434 0.5677452 0.7018381 0.5916852 0.3966509 0.7859344 0.3314569 0.5219613 0.5342018 0.5292805 0.659159 0.534241 0.5292097 0.6591841 0.4346305 0.4863902 0.7579716 0.4210487 0.591752 0.687421 0.5341079 0.5293098 0.6592116 0.2838133 0.6992546 0.6561197 0.5386223 0.6289628 0.5606174 0.3944885 0.717716 0.573814 0.5387113 0.6288439 0.5606653 0.7264404 0.5760272 0.3748026 0.6464529 0.4284255 0.6313085 0.48823 0.7606193 0.4278901 0.355067 0.6347566 0.6863028 -0.1178883 -0.992946 0.01266968 -0.3670954 -0.9259521 -0.08862245 -0.2432937 -0.9627339 0.1181177 -0.1350094 -0.9650521 -0.2246038 0.2415273 -0.9624124 -0.1242057 0.1183191 -0.9722679 0.2017318 0.01975977 -0.9933581 -0.1133548 -0.04269778 -0.9832133 0.1773934 0.1161075 -0.9882014 -0.09988582 0.2243908 -0.9280155 -0.2973822 -0.1150506 -0.9827175 0.1450164 -0.07465517 -0.836616 -0.542679 0.3550656 0.6347836 0.6862785 0.4962261 0.3950423 0.7731115 0.3579398 0.3910107 0.8479327 0.3579134 0.3908532 0.8480164 0.3397653 0.2720443 0.9003064 0.4220235 0.237325 0.8749703 0.3579381 0.3908561 0.8480046 0.4220678 0.2373234 0.8749494 0.3431982 0.231909 0.9101831 0.3505645 -0.703531 -0.6181817 0.3041507 -0.5784411 -0.7569004 0.1930034 -0.7123312 -0.6747843 0.007382094 -0.7587627 -0.6513254 0.1356172 -0.7157041 -0.68511 -0.3671931 -0.925902 -0.08874022 -0.2289577 -0.9448118 -0.2343272 -0.2118221 -0.9239395 -0.3185392 -0.4202195 -0.6956009 -0.5827135 -0.5400229 -0.6345409 -0.5529314 -0.305176 -0.5884535 -0.7487257 -0.2116836 -0.9239374 -0.3186372 -0.2034738 -0.8450662 -0.4944307 -0.07471507 -0.8365412 -0.542786 -0.0746687 -0.8365165 -0.5428304 -0.3050183 -0.5884951 -0.7487572 -0.02686303 -0.8048712 -0.5928413 -0.07462513 -0.8366025 -0.5427037 -0.01281177 -0.9518457 -0.3063098 0.2243051 -0.9280332 -0.2973915 0.2299683 -0.8442581 0.4840897 0.2311428 -0.9584416 0.1672208 -0.1792346 -0.9495428 0.2573784 -0.1782881 -0.9667305 0.1834271 -0.003233909 -0.9934787 -0.113973 0.2314291 -0.6278599 0.7431235 0.2307183 -0.3354584 0.9133656 -3.62263e-4 -0.5963798 0.8027023 0.2345264 0.8434764 -0.4832651 0.232018 0.9584544 -0.1659308 0.2324873 0.9573966 0.1712939 0.2354209 0.8399289 0.4889752 0.2325984 0.6222677 0.7474496 0.2320688 0.3297116 0.9151144 0.2292205 -0.002561926 0.9733712 0.2354495 0.6272222 -0.7423987 0.234891 0.003627896 -0.972015 0.2337373 0.3352599 -0.9126706 0.2307635 -0.8408681 -0.4895805 0.2317102 -0.9574341 -0.1721346 2.13098e-7 -0.8357 0.5491862 -7.37851e-4 -0.2856233 0.9583417 -3.82555e-7 0.05944085 0.9982319 3.63524e-4 0.3962279 0.9181522 8.92639e-4 0.6862338 0.7273805 -0.001438438 0.894661 0.4467434 -0.1897502 0.9682222 0.162913 -0.003623664 0.9935746 0.1131216 -0.1931646 0.977303 0.08698511 0.2319258 0.9584872 -0.1658697 -0.2971253 0.9428303 -0.1509562 -0.2853696 0.9354636 -0.2085 -0.001235723 0.8353435 -0.549727 0 0.5967114 -0.8024559 -1.32435e-4 0.2863042 -0.9581388 -9.71063e-4 -0.05998373 -0.998199 0.2336598 -0.3301671 -0.9145451 -0.002554535 -0.3977972 -0.9174698 0.2339458 -0.6226933 -0.7466743 -0.001690387 -0.6866643 -0.7269728 -0.001063644 -0.8937605 -0.4485435 0.2818542 -0.1545815 -0.9469228 -0.03532189 -0.5075818 -0.8608793 -0.02767616 -0.2067315 -0.9780062 -0.1098097 -0.3463182 -0.9316682 -0.008017718 -0.9217942 -0.3875967 -0.2375721 -0.6141418 -0.7525885 -0.2141774 0.9716114 -0.1004951 -0.01179385 0.9999287 -0.001904368 -0.04908388 0.9898269 -0.1335428 0 1 0 0.1909797 0.9420809 -0.2757 0.3377351 0.85638 -0.3905743 0.06933635 0.9410067 -0.3312085 0.2228422 0.7883967 -0.5733866 0.2327306 -0.5590554 -0.7957975 0.0655409 -0.3838195 -0.9210793 0.3593339 -0.3235213 -0.8753361 0.3593183 -0.3235708 -0.8753241 0.06234288 -0.4700633 -0.8804283 0.4561148 -0.2221964 -0.8617354 -0.09396815 -0.5498566 -0.8299565 -0.01719099 -0.6105642 -0.7917803 -0.0169565 -0.9185975 -0.3948308 -0.01686269 -0.9186681 -0.3946702 -0.02519905 -0.8718283 -0.4891631 0.05795586 -0.9598332 -0.2745202 0 -0.980403 -0.1970031 0.6826706 0.615265 -0.3942205 0.6675243 0.7363614 -0.1103772 0.6703413 0.7085245 -0.2205348 0.811501 0.3776943 -0.4458848 0.6676914 0.7362149 -0.1103446 0.8838935 0.3468564 -0.3137245 -0.8199357 0.5292915 0.2180735 -0.4366779 0.8786659 0.1930254 -0.2982344 0.9453447 0.131832 -0.184512 0.9783405 -0.09383738 -0.4365162 0.8787381 0.1930629 -0.0760343 0.9941914 0.0761733 -0.01092875 0.8208523 -0.5710361 -0.07708793 0.9844149 -0.1580656 0.1062944 0.8417146 -0.5293564 -0.07707566 0.9844178 -0.1580539 0.1553589 0.9724547 -0.1737684 0.1553515 0.9724812 -0.1736273 0.07354891 0.9972712 0.006400227 0.9637056 0.01191729 0.2667014 0.9863933 -0.001650393 0.1643946 0.9515765 0.001336395 0.3074094 0.9445343 -0.004163086 0.3283866 0.8201714 0.007149457 0.5720732 -0.1132498 0.1152137 -0.9868639 0.04898011 0.5571074 -0.8289949 0.2160804 0.1851145 -0.9586668 0.226428 0.372738 -0.8998872 0.01820468 0.9115217 -0.4108492 0.1524085 0.9321855 -0.3283318 0.09128582 0.03277164 0.9952853 0.119318 -0.08054119 0.9895839 0.5198473 -0.09183758 0.8493084 0.401237 -0.3381267 0.851281 0.2280807 -0.9097712 0.3468367 0.7753117 -0.5658823 0.2804801 0.5730136 -0.6077666 0.5497956 0.6423235 -0.4106238 0.6471543 0.7753754 -0.5657864 0.2804974 0.8758172 -0.09667569 0.4728615 0.5893324 0.08957499 0.8029096 0.04802751 -0.1085829 0.9929265 0.004088282 -0.2054069 0.9786682 0.07670646 -0.455268 0.8870441 -0.003898382 -0.7482936 0.6633562 0.152966 -0.6445595 0.7490958 -0.003912687 -0.7484122 0.6632224 0.2279659 -0.9098245 0.3467724 -0.01976424 -0.9953905 0.09384608 0.1918305 -0.9801461 0.05014854 0.008690893 -0.9837582 0.1792884 -0.05252796 -0.9639715 0.2607681 0.007987797 0.001919031 0.9999663 -0.002115011 0.006812095 0.9999746 0.001703381 0.009697198 0.9999516 0.1590104 0.4692018 0.8686572 -0.00383228 0.2419114 0.9702908 0.0911839 0.03284168 0.9952924 0.001519262 0.03301823 0.9994537 0.007989048 0.001917898 0.9999663 0.8573312 0.1583632 0.4898002 0.94596 -0.08637875 0.3125677 0.9749288 0.09921407 0.1991743 0.9244267 0.2360731 0.2995077 0.8344105 -0.4386067 0.3337414 0.7754116 -0.5658226 0.2803245 0.9582976 -0.2667288 0.1025744 0.510658 -0.8578886 0.05705779 0.7287781 -0.6305527 0.2669942 0.2544286 -0.9658396 0.04919379 0.7287492 -0.6305682 0.2670363 -4.33444e-4 -0.2995182 0.9540905 -0.00143963 0.008767843 0.9999606 0.04801112 -0.1085946 0.9929261 0.08386415 -0.2080547 0.9745153 -0.001446127 0.008780717 0.9999605 0.08383584 -0.2080282 0.9745234 -0.003994047 0.01467704 0.9998844 0.8442689 0.5252212 0.1065497 0.766702 0.6148679 0.1846772 0.8539876 0.4649963 0.2334175 0.7507744 0.2268829 0.6203724 0.5893259 0.08967721 0.802903 0.6294397 0.4048342 0.6632609 0.15911 0.4692883 0.8685923 0.2050275 0.2633932 0.9426494 0.4420484 0.8828171 0.1588305 0.9320201 0.2833642 0.2259277 0.7440618 0.5328019 0.4031057 0.6828665 0.6100302 0.4019411 0.4327585 0.8590115 0.2735313 0.5237873 0.7862753 0.3277469 0.4052357 0.668052 0.6240918 0.2865922 -0.1741433 0.942093 0.1538079 0.02797514 0.9877048 0.5000541 0.1162168 0.8581606 0.198668 0.2237468 0.9541848 0.1766043 0.43298 0.883934 0.1101729 0.3044523 0.9461346 0.1515998 0.6140198 0.774595 0.4039636 0.4583775 0.7916461 0.3948668 0.7272994 0.5613519 0.2145355 0.7376534 0.6401891 0.1411308 0.9487438 0.2827848 3.52948e-4 0.8738569 0.4861834 -9.60353e-4 0.9687235 0.2481411 0.8536952 -0.07233083 0.5157257 0.4539528 -0.1526486 0.8778526 0.6904994 0.09543234 0.71701 0.08177357 -0.01921629 0.9964658 0.3620697 0.1634216 0.917714 0.2196786 0.1853981 0.9577938 0.1668123 0.5226041 0.8360973 -0.001810014 0.485929 0.8739965 0.002573966 0.6413578 0.7672376 -0.02140206 0.4835787 0.8750392 0.002562761 0.6412857 0.7672979 -0.02138626 0.4834854 0.8750913 0.002742826 0.4909035 0.8712097 0.001568138 0.3065667 0.951848 -7.52206e-4 0.1957804 0.9806475 -2.21235e-5 1.82616e-4 1 5.73501e-4 -0.1936042 0.9810796 6.70109e-4 -0.3055183 0.9521861 0.02818727 -0.5272006 0.8492733 -0.002002835 -0.5127815 0.8585169 0.124736 -0.7190485 0.6836741 0.03126537 -0.5074199 0.8611316 0.2526162 -0.4659417 0.8479878 0.03245323 -0.2987324 0.953785 0.1780451 -0.1595287 0.971005 -0.1199486 -0.2697675 0.9554255 -0.12599 0.005309939 0.9920174 0.02472656 0.02792131 0.9993044 0.03250247 0.2000307 0.9792504 0.1904835 -0.1642319 0.9678553 0.3853982 -0.1651696 0.9078477 0.1074377 -0.653639 0.7491417 0.08569306 -0.3414855 0.9359725 0.1472664 -0.5188907 0.84206 0.05263626 -0.191886 0.9800047 0.3514703 -0.6561863 0.6677486 0.2719427 -0.8163619 0.50951 0.1726427 -0.8659032 0.4694744 0.1263169 -0.9526266 0.2766709 0.129691 -0.9738677 0.186446 0.003833889 -0.9999352 0.01073211 0.2319714 -0.9649236 -0.1229299 0.4107121 -0.867897 0.2794107 0.4050531 -0.688649 0.6014105 0.3608011 -0.4764029 0.8017873 0.1658295 -0.9475802 -0.2731159 0.1307878 -0.9342402 -0.331798 0.2071252 -0.9155749 -0.3447054 0.007496535 -0.9806986 -0.1953821 0.2064694 -0.9531081 -0.2212585 0.06746429 -0.9976013 0.01550161 0.1808837 -0.9811142 -0.06852817 0.03788149 -0.9970193 0.06721311 0.308453 -0.9506334 0.03395634 0.1428526 -0.9359331 0.3219043 0.2865586 -0.1741941 0.9420937 0.4578773 -0.840604 -0.2893676 -0.001252412 -0.998461 0.05544573 0.06744956 -0.997601 0.01558494 -0.00125122 -0.9984589 0.05548268 -0.00187385 -0.9933291 0.115299 0.2458532 -0.9589263 -0.14148 0.3078131 -0.9307892 -0.1971868 0.3492765 -0.9354875 -0.05356377 0.06749987 -0.9975987 0.01551121 0.1342032 -0.9894314 0.05491 0.6188486 -0.7726855 -0.141364 0.2811657 -0.9577319 -0.06079238 0.482158 -0.855535 -0.1886363 0.1493939 -0.9886596 -0.01528388 -0.01103299 -0.9617735 0.2736241 -0.01358312 -0.8174366 0.5758584 -0.01200234 -0.5933429 0.8048604 0.001072525 -0.5367174 0.8437614 -0.007978081 -0.2978957 0.9545651 -0.005726099 -0.2116709 0.9773243 0.02592235 0.01925957 0.9994784 0.004435181 0.1830831 0.9830874 0.006184041 0.2974307 0.9547234 -0.03403347 0.4828695 0.8750309 0.002908289 0.4431953 0.8964204 0.0654599 -0.9644352 -0.2560855 -0.003378212 -0.9998667 0.01597684 0.2039541 -0.9715961 0.1200165 0.01243865 -0.8815668 0.4718955 0.3339855 -0.9236443 -0.1879761 0.001643598 -0.8616986 -0.5074178 0.3177967 -0.1042678 -0.9424083 0.03825128 0.167142 -0.9851905 0.1158055 -0.02497172 -0.992958 0.1158542 -0.02495771 -0.9929527 0.2301231 0.1266171 -0.9648894 0.02049303 0.2853729 -0.9581975 0.01737326 0.4692944 -0.8828709 0.006795287 0.2411863 -0.9704551 0.02046412 0.2855117 -0.9581568 0.0172221 0.1702908 -0.9852434 0.01445877 0.0234465 -0.9996206 0.1158307 -0.02502489 -0.9929537 0.01722782 0.1702209 -0.9852554 0.2015948 -0.1536455 -0.9673431 0.1157969 -0.02508628 -0.9929562 0.02138584 -0.1838267 -0.982726 0.1609271 -0.3471114 -0.9239135 0.2875674 -0.3561652 -0.8890733 0.2015939 -0.1537588 -0.9673252 0.01748007 -0.5055337 -0.8626298 0.1609413 -0.3472864 -0.9238454 0.01742672 -0.5056864 -0.8625413 -0.003446638 -0.6526343 -0.7576653 0.009082973 -0.7324921 -0.680715 0.01037395 -0.8930608 -0.4498164 0.14113 -0.984376 -0.1052919 0.009659647 0.7067524 -0.7073951 0.01660662 0.5978876 -0.8014079 0.2162876 0.4623308 -0.8599244 0.04230135 0.8083396 -0.5871949 0.3334006 0.6502371 -0.6826682 0.2180806 0.7040567 -0.6758291 0.265739 0.8323571 -0.486379 0.01657122 0.5979053 -0.8013955 0.03233081 0.4672257 -0.8835468 0.03530645 0.6981119 -0.7151177 0.06628865 0.9573766 -0.2811335 0.004732966 0.8879628 -0.4598909 0.1287918 0.9908414 0.04057276 0.1718098 0.9842881 -0.04072481 0.06761914 0.9911934 0.1138578 0.1783398 0.9835866 -0.02743047 0.1573035 0.9585635 0.2375116 0.1035357 0.9900915 0.09486454 0.118995 0.9832851 -0.1378074 0.228761 0.9692284 -0.09091144 0.3745132 0.926782 -0.0285502 0.3724735 0.8995735 0.2281033 -5.38904e-4 0.9237236 0.3830592 0.1035925 0.9900738 0.09498727 0.08699029 0.894463 0.4385985 0.08706873 0.8944368 0.4386364 0.08899843 0.9796351 0.1799843 0.067662 0.9911738 0.1140021 0.2653257 0.8587142 0.4384205 0.01141119 0.9544391 -0.298188 0.1419587 0.9610586 -0.2370952 0.149148 0.9859993 -0.07456725 0.1035291 0.9900922 0.09486407 0.01141375 0.9544329 -0.2982075 0.142037 0.9568039 -0.2536767 0.1420418 0.96103 -0.2371613 0.2289576 0.9703777 -0.07710713 0.4037805 0.9022651 -0.1512582 0.1789217 0.9787709 -0.09997266 -0.009930551 0.9850967 0.171715 0.1183851 0.9719945 0.2030068 0.2629361 0.9644351 0.02700996 0.2312969 0.9340338 0.2721815 0.6505295 0.7416762 0.1634871 0.5937313 0.6898574 0.4142223 0.6403538 0.6686203 0.3780133 0.8407673 0.5246136 0.1337569 0.8105754 0.5047391 0.2969948 0.8176098 0.5046116 0.2772749 0.7178121 0.5023614 0.4820568 0.522433 0.7184348 0.459255 0.08624637 0.7251598 0.6831581 0.1524106 0.8011571 0.5787212 -0.06560391 0.9000002 0.4309244 0.09734028 0.7921833 -0.6024703 0.03015977 0.8765462 -0.4803721 0.01317679 0.7136079 -0.7004214 0.2023134 0.07585531 -0.9763787 0.1551994 0.1159363 -0.9810566 9.35958e-4 -0.06266373 -0.9980344 0.1504562 0.1357733 -0.9792491 -0.001194119 0.3793691 -0.9252448 -0.001228213 0.3795539 -0.9251689 0.08594173 0.1523421 -0.9845842 0.1400665 0.4650039 -0.8741584 0.006768941 0.5748928 -0.8182008 0.2167273 0.5470945 -0.8085275 0.01318895 0.7134919 -0.7005394 -0.1394691 0.6986343 -0.7017539 0.1365575 0.6071937 -0.7827311 0.1831537 0.6979532 -0.6923266 0.1832431 0.6979737 -0.6922822 0.1411931 -0.02057963 -0.9897682 0.7909631 -0.0856319 -0.6058421 0.6453638 -0.2611274 -0.7178567 0.8365436 -0.3590894 -0.4138232 0.8065443 -0.5909739 -0.01537507 0.7931155 -0.5982526 -0.1142881 0.3979142 -0.9052144 -0.1491679 0.6542475 -0.746877 -0.1188907 0.7931911 -0.5981492 -0.1143042 0.7705948 -0.5764296 -0.2718689 0.3979042 -0.9052067 -0.1492414 0.2567344 -0.878 -0.4039845 0.3115662 -0.7023712 -0.6400009 0.9716405 -0.2220172 -0.08138257 0.350335 -0.4635545 -0.8138689 0.8642355 -0.4979966 0.07138866 0.8066601 -0.590816 -0.01536804 0.8791967 -0.4673423 0.09276109 0.8350034 -0.4945355 0.241255 0.6342219 -0.7515782 0.1813641 0.6296968 -0.6604412 0.4090225 0.4167103 -0.7685465 0.4854778 0.6341037 -0.7516851 0.1813344 0.6937314 -0.7188019 0.04539412 0.8159534 -0.5776534 0.02317065 0.397784 -0.5115224 0.7616515 0.6690037 -0.5537883 0.4957344 0.3516848 -0.6561386 0.6676826 0.6826472 -0.507454 0.5258169 0.4168286 -0.7684268 0.4855658 0.6296905 -0.660385 0.409123 0.7856792 -0.4741662 0.3973347 0.4168194 -0.768482 0.4854866 0.7307438 -0.5153611 0.4476789 0.8181127 -0.5344024 0.2123815 0.5210421 -0.7636731 0.3812069 0.5778988 -0.7416203 0.3406354 0.7202165 -0.6704511 0.1782794 0.5210105 -0.7637638 0.3810685 0.7624781 -0.6427839 0.07386535 0.8032559 -0.5787737 0.1407165 0.8523995 -0.4930192 -0.174205 0.8663442 -0.4643468 -0.183929 0.7937541 -0.2796446 -0.5401419 0.6691182 -0.553807 0.495559 0.7265103 -0.468411 0.5027663 0.453999 -0.8288217 0.3270164 0.4290457 -0.6790147 0.5957003 0.7133108 -0.6649091 0.2215481 0.7464672 -0.6426122 0.1727318 0.5045686 -0.6366776 0.58314 0.3710144 -0.9033302 0.2152741 0.4288523 -0.8830291 0.190645 0.5105509 -0.8579555 0.05701237 0.3944393 -0.9179393 0.04248416 0.2066097 -0.9716556 0.1148817 0.3699041 -0.870869 0.3236637 0.510634 -0.8579108 0.0569387 0.5488454 -0.7946318 0.2594789 0.7463672 -0.6427429 0.1726782 0.191938 -0.9801263 0.05012202 0.1701824 -0.9853848 0.007412672 0.1151691 -0.9924325 0.04258733 -0.05263864 -0.96396 0.260788 0.4290424 -0.679018 0.5956988 0.5123707 -0.8558726 0.07041662 0.1062548 -0.7773944 0.6199741 0.0404284 -0.7338844 0.6780703 0.003328263 -0.7525692 0.6585047 -0.02087616 -0.7468739 0.6646381 0.0501098 -0.8205407 0.5693873 0.05016332 -0.8206022 0.5692941 -0.01611012 -0.855548 0.5174729 -0.003446638 -0.9417914 0.3361803 0.01619517 -0.9945902 0.1026065 -0.128717 -0.9801948 0.1504995 -0.003541767 -0.9418282 0.3360762 -0.5112431 -0.858773 0.03375679 0.03946793 -0.8609551 0.5071476 0.0125308 -0.8253749 0.564446 0.1542223 -0.9112461 0.3818979 0.006919324 -0.7711715 0.6365898 0.02215182 -0.7100183 0.7038348 0.003077089 -0.8392471 0.5437415 0.2655646 -0.9009688 -0.3431193 0.1364589 -0.9541728 -0.2663333 0.002819716 -0.9825131 -0.1861727 0.002820491 -0.9825294 -0.1860865 0.006580591 -0.965332 -0.2609423 0.1229684 -0.99138 0.0452184 -0.001035988 -0.9859752 0.1668894 0.09564471 -0.9896856 -0.1066522 0.09562993 -0.9896655 -0.1068515 0.1364505 -0.9541609 -0.2663802 -0.01282459 -0.8584793 -0.5126881 0.3470757 -0.9377836 -0.01002287 0.4807771 -0.7836649 0.3933481 0.1064013 -0.777372 0.6199771 0.181845 -0.7747557 0.6055459 0.784164 -0.6140391 -0.0896812 0.6373115 -0.7293773 -0.2486822 0.7641258 -0.1981875 -0.6138678 0.4961537 -0.5671105 -0.6574323 0.7937445 -0.2794811 -0.5402408 0.793685 -0.2796774 -0.5402264 0.496149 -0.5671616 -0.6573919 0.5594567 -0.7329764 -0.3869806 0.7072851 -0.6373946 -0.3057386 0.8015133 -0.02991765 -0.5972281 0.8120207 -0.212868 -0.543424 0.7605482 -0.2557586 -0.5967864 0.7218617 -0.44209 -0.5324209 0.4444574 -0.4428633 -0.7786718 0.8403107 -0.2982235 -0.4527037 0.7945278 -0.5019784 -0.3416771 0.7842218 -0.6139487 -0.0897957 0.5539481 -0.3452945 -0.7575706 0.7522935 -0.1381309 -0.6441852 0.9652586 -0.1929308 -0.1762206 0.9686197 -0.1148176 -0.2204381 0.9832142 -0.1474556 -0.1074554 0.6249918 -0.3946881 -0.6735033 0.4314228 -0.1125193 -0.8951055 0.9017683 -0.284228 -0.3256202 0.9296189 -0.1642746 -0.3298826 0.4314613 -0.1124406 -0.8950969 0.7909096 -0.08549958 -0.6059306 0.944609 -0.216663 -0.2465178 0.8280224 -0.0970593 -0.5522304 0.9686474 -0.1146903 -0.2203822 0.9558303 -0.2393491 -0.1705885 0.9716531 -0.2219842 -0.08132266 0.8091737 -0.5840618 -0.06410831 0.4312756 -0.1124746 -0.895182 0.482165 -0.2882422 -0.8273048 0.09956318 -0.05475264 -0.9935237 0.4443608 -0.4428293 -0.7787463 0.2843126 -0.2626977 -0.9220392 0.3464707 -0.2546931 -0.9028231 0.04903441 -0.07496535 -0.9959799 0.3603835 -0.1243745 -0.9244754 0.01646906 0.1245611 -0.9920753 0.04355269 -0.01325786 -0.9989632 0.2007819 -0.1633003 -0.9659295 0.2706183 -0.008968353 -0.962645 0.04606318 -0.07977443 -0.9957481 0.03678321 0.3500418 -0.9360116 0.04411101 0.545707 -0.8368142 0.01612704 0.1650514 -0.9861532 0.323379 -0.1045961 -0.9404711 0.2721903 -0.2459265 -0.9302864 0.519339 -0.02931958 -0.8540653 0.0461539 -0.07983392 -0.9957391 0.3981807 -0.03790044 -0.9165238 0.1791647 0.2997691 -0.9370372 0.0164622 0.1245929 -0.9920714 0.5433142 -0.007826149 -0.839493 0.2354888 -0.001646459 -0.9718757 0.4495217 -0.1122888 -0.8861837 0.1351393 -0.05852657 -0.9890966 0.2766377 0.05245494 -0.9595417 0.01204794 -0.1678718 -0.9857352 0.0368542 0.4320356 -0.9011033 0.1006915 -0.1621159 -0.9816209 0.007471501 -0.4265291 -0.904443 -0.004903197 -0.204346 -0.9788866 0.1112842 0.7044012 -0.7010242 0.04447126 0.1105313 -0.9928773 0.08351171 0.3459942 -0.9345126 0.1636192 0.1245066 -0.9786353 0.04442435 0.1103801 -0.9928962 0.03591996 0.05087238 -0.9980591 0.1346002 0.1318109 -0.9820941 0.2385838 0.1718115 -0.9558026 0.2720845 0.1106507 -0.9558904 0.1771317 0.3301265 -0.9271682 0.3384082 0.4507901 -0.8259953 0.6643232 0.3304228 -0.6704443 0.9592558 0.2262628 -0.1692137 0.7052557 0.0727899 -0.7052065 0.975629 0.06159222 -0.2106048 0.7210994 0.06812053 -0.6894745 0.7052007 0.07277733 -0.7052628 0.2767828 0.05250793 -0.9594969 0.5621033 0.16259 -0.8109281 0.1637796 0.1246269 -0.9785932 0.1705042 0.07212615 -0.9827136 0.5349736 0.3097581 -0.7860365 0.2616773 0.5166409 -0.8152344 0.1401025 0.4649216 -0.8741963 0.5349857 0.3097507 -0.7860311 0.4570227 0.3179414 -0.8306885 0.1401216 0.4649574 -0.8741742 0.1505234 0.1359214 -0.9792181 0.1506124 0.1357919 -0.9792224 0.5021775 0.6058751 -0.6170359 0.09736132 0.7921915 -0.6024563 0.2765341 0.6840827 -0.6749517 0.2351809 0.8615897 -0.449837 0.05354434 0.8694816 -0.4910549 0.03019046 0.8766223 -0.4802312 0.2352102 0.8616241 -0.4497557 0.3756102 0.9008604 -0.2176408 0.03013628 0.8766156 -0.4802468 0.2926297 0.9328936 -0.2099463 0.003671646 0.9741783 -0.2257504 0.2627815 0.9644798 0.02692162 0.006142199 0.9999738 -0.003834068 -0.03846216 0.9771314 0.2091293 0.6552344 0.7542461 0.04219943 0.7181022 0.6952822 -0.03020006 0.8701359 0.445326 -0.2110649 0.9653674 0.2506439 -0.07241231 0.7616187 0.6345183 -0.1316193 0.7096035 0.63405 -0.3073167 0.761529 0.6346077 -0.1317071 0.5446306 0.8184231 -0.1831978 0.3757799 0.9007972 -0.21761 0.7614857 0.6346775 -0.131621 0.7751801 0.6313168 -0.02312994 0.3757643 0.9008101 -0.2175837 0.7751731 0.631326 -0.02311605 0.262876 0.9644516 0.02701085 0.2169281 0.5470839 -0.808481 0.9592995 0.2261762 -0.1690825 0.9781953 0.1778064 -0.107326 0.9190656 0.2227893 -0.3250898 0.8435238 0.4524563 -0.2893978 0.718476 0.6835535 -0.1286346 0.9506973 0.2972391 -0.08845132 0.8717319 0.4306426 -0.2337315 0.8245875 0.5611368 0.07197976 0.8184843 0.532847 -0.2148429 0.775282 0.6311933 -0.02308505 0.7184984 0.6835238 -0.1286673 0.7752366 0.6312488 -0.02309352 0.9597598 0.2533703 -0.1210978 0.8124471 0.5824186 -0.02680158 0.5793169 0.5410901 -0.6096012 0.6113948 0.2809031 -0.7397904 0.5348939 0.3098862 -0.7860402 0.8245627 0.5611627 0.07206183 0.4950115 0.8522991 0.1689675 0.5847441 0.6941918 0.4197287 0.5223969 0.7185486 0.4591181 0.4948785 0.8523699 0.1689997 0.09388715 0.8758113 0.4734341 0.6281307 0.774762 -0.07208132 0.1444844 0.9803505 0.1343032 0.08960652 0.9944282 -0.05552774 0.001113593 0.9991483 0.04124975 0.01200443 0.9706056 -0.2403761 -0.00416702 0.9671854 -0.2540376 -0.004144191 0.9671656 -0.2541136 0.1380492 0.9573148 -0.2539505 0.2521165 0.8981 -0.3603524 -0.004190623 0.9671394 -0.2542123 -0.01746255 0.8093115 -0.5871203 -0.0441156 0.6829011 -0.7291775 0.1380473 0.9573224 -0.2539229 0.08960247 0.9944216 -0.05565279 0.00437349 0.882673 -0.4699672 -0.00161755 0.8550612 0.5185245 -0.003416657 0.9461395 0.3237411 -0.001619696 0.8550416 0.5185571 0.006038546 0.768523 0.6397938 0.09384912 0.8757095 0.47363 0.08613961 0.7251926 0.6831368 0.4034863 0.7333955 0.5471105 -0.3233138 0.8211123 0.4703645 -0.1815826 0.7405119 0.6470472 0.4051874 0.6680879 0.6240848 0.1274496 0.8728206 0.4711062 0.3340239 0.9039211 0.2671235 0.7195088 0.4770829 0.5046772 0.7666206 0.4938871 0.4103275 0.5938605 0.6897408 0.4142312 0.2965106 0.6825667 0.6679702 0.601547 0.4496592 0.6602636 0.006163477 0.5771965 0.816582 0.2963399 0.6826322 0.667979 0.4180145 -0.8856018 -0.2024189 0.1176725 0.9819288 -0.14822 -0.001350879 0.9997073 -0.02415603 0.08099853 0.9847928 0.1536961 0.5579103 0.7228465 0.4077119 0.1424006 0.9057666 0.3991352 0.5937126 0.6898412 0.414276 0.1534022 0.8172543 0.5554847 0.1523865 0.8460375 0.5108807 0.1231374 0.99228 0.01474881 0.7752936 0.6311802 -0.02305376 0.6882703 0.6194666 0.3775517 0.5938068 0.6897367 0.4143149 0.7570379 0.08568823 0.6477277 0.4500507 0.7647518 0.4610954 0.1084486 0.9940952 -0.003722906 0.2453017 0.9571295 -0.1540461 0.02818769 -0.5273666 0.8491702 0.01203417 -0.7071748 0.7069363 0.01473641 -0.468813 0.8831746 -0.001541793 -0.2375562 0.9713727 -0.1165251 -0.01207697 0.9931144 0.1218376 -0.1263272 0.9844781 0.1218858 -0.1265331 0.9844457 7.59598e-4 -0.195551 0.9806933 0.003462255 0.1944662 0.9809031 -0.003802001 0.2005151 0.9796832 0.8875467 -0.3398333 0.3110858 0.9215906 -0.05764245 0.3838597 0.9583377 -0.2666069 0.1025175 0.9583352 -0.2666264 0.1024889 0.9999678 0.002154588 0.007737338 0.9833147 0.03286314 0.1789199 0.9540269 0.02260142 0.2988678 0.7464019 -0.6427059 0.172666 0.5741871 -0.818369 0.02411329 -0.2811106 -0.9557024 0.08723455 -0.4049118 -0.9121872 0.06293499 -0.3240993 -0.9451122 0.0415036 -0.3241758 -0.9450867 0.04148942 -0.6066983 -0.7936831 0.04454761 -0.4859564 -0.8707464 0.07514715 -0.324042 -0.9451345 0.04144495 -0.3445097 -0.9344418 0.09017598 -0.01986098 -0.9954015 0.09371006 -0.01973736 -0.9954074 0.09367287 -0.2192565 -0.9755743 0.01346421 0.01616066 -0.9946023 0.1024955 0.008698523 -0.9837563 0.1792987 -0.4605023 0.4064744 -0.7891237 -0.3085617 0.8714153 -0.3813464 -0.1539257 0.8358106 -0.5269989 -0.1538379 0.8358516 -0.5269593 -0.1521728 0.9662557 -0.2078304 0.004112362 0.9620918 -0.272695 -0.1538351 0.8357961 -0.5270482 0.02714627 0.7177518 -0.6957697 -0.08476126 0.1784226 -0.9802963 -0.03929853 -0.009572088 0.9991817 -0.01937776 -0.002813339 0.9998083 -0.01233512 -0.007251083 0.9998977 0.003827452 0.01510149 0.9998787 -0.02959668 0.03773915 0.9988493 -0.05993062 0.04924112 0.9969873 -0.05317777 0.001190602 0.9985843 0 0 1 0.003842949 0.01509791 0.9998787 -0.01040756 0.002441227 0.999943 -0.01041704 0.002443552 0.9999428 -0.001985371 -0.01966941 0.9998046 -0.03247028 -0.03400868 0.9988939 -0.7264801 0.008709728 0.6871324 -0.5192136 0.005498468 0.8546269 -0.2041447 0.005660593 0.9789245 -0.2039715 0.0056656 0.9789605 -0.3078242 0.009626209 0.9513946 6.94027e-7 -0.002016901 0.999998 -0.2039821 0.005679666 0.9789582 -1.20993e-5 -0.002040803 0.9999979 0.8484123 -0.1444674 -0.5092404 0.7334746 -0.004725337 -0.6797004 0.7334791 -0.004713356 -0.6796957 0.4250064 0.09632921 -0.9000501 0.3940519 0.03790616 -0.9183063 0.1996948 0.25682 -0.9456033 0.6683535 -0.6263107 -0.4012963 0.7355717 -0.4060967 -0.542236 0.3476161 -0.4155914 -0.8405039 0.6326587 -0.2515999 -0.7324211 0.7871503 -0.1901989 -0.5867016 0.7115215 0.09161025 -0.696667 0.00758028 0.9876719 0.1563546 -0.04909765 0.9619297 0.268851 -0.02508807 0.9943951 0.1027082 -0.03355836 0.9993745 -0.01116502 -0.01946455 0.9998036 -0.00372684 -8.21918e-4 0.999993 -0.003661394 0.002552986 0.9999967 6.06694e-4 -2.29584e-4 0.9999971 -0.002379834 0.001132249 0.9921983 0.124665 0.003209471 0.9756225 0.2194319 -2.54498e-4 0.999997 -0.002431571 -2.55581e-4 0.999997 -0.002443134 0 1 -1.56266e-4 -7.72224e-4 0.9999935 -0.003520131 -2.54625e-4 0.999997 -0.002431511 -0.002554953 0.999971 -0.007181107 -0.002552509 0.9999711 -0.007177889 -2.55444e-4 0.9999971 -0.002440214 -0.007739365 0.9999443 -0.00717467 -0.01172435 0.9999267 -0.003029823 0.007252335 0.9556053 0.2945606 0 -1 -6.43882e-6 0 -1 1.20721e-6 0 -1 3.82836e-7 0 -1 -3.32569e-7 0 -1 -2.06869e-6 0 -1 2.37215e-6 0 -1 3.21917e-6 0.003744542 -0.9133738 0.4071048 -0.002332925 -0.7059302 0.7082776 0.09211671 -0.9296746 0.3566786 -0.03294038 -0.8905431 0.453705 -0.003564417 -0.6009648 0.7992677 -0.0382471 -0.526524 0.8492995 0.9999247 0.006430804 -0.01044774 0.9999246 0.006406068 -0.01048016 0.9743478 -0.003362834 -0.2250225 0.9724225 -0.00409311 -0.2331902 0.988925 -0.005370974 -0.1483187 0.906755 0 -0.4216578 0.9067925 0 -0.4215773 0.9763748 -0.00822103 -0.215928 0.9386824 -0.09460365 -0.33155 0.9998031 -0.01514637 0.01282727 0.9999581 0.00250101 0.008807837 0.9999588 0.0024814 0.008742988 0.9999576 -0.002477586 0.008867323 0.9999048 -0.003669679 0.01331108 0.9998905 -0.01480525 2.58111e-4 0.1451027 -0.06253886 -0.9874382 0.4260523 -0.3116946 -0.8493091 0.661605 -0.05108726 -0.7481102 0.8133854 -0.08519649 -0.5754526 0.8719204 -0.1685813 -0.4597123 0.9763698 -0.008212387 -0.2159507 0.109861 0.9046528 -0.4117448 0.1122606 0.9021571 -0.4165456 0.214798 0.9191873 -0.3300858 0.3561002 0.8319657 -0.4254711 0.2149223 0.9191792 -0.3300275 0.5630858 0.6279498 -0.5372275 0.6705866 0.6203305 -0.4068217 0 0 -1 0.07310056 -0.005124211 -0.9973114 -2.22107e-4 -0.3402846 0.9403225 0.2780241 -0.2972676 0.9134192 0.2215721 -0.3319063 0.916921 0.5390182 -0.4306714 0.7238658 -4.46997e-4 -0.5576572 0.8300713 0.1751856 -0.4613807 0.8697344 0.2779737 -0.2972515 0.9134398 0.2519298 -0.2500724 0.9348771 0.4605591 -0.2704743 0.8454164 -0.009946346 -0.005505979 0.9999355 -0.0100339 0.00145322 0.9999486 -0.01030766 0.009847283 0.9998984 -1.04357e-4 0.01247888 0.9999222 0.01142919 0.006294727 0.999915 0.003905773 0.001524746 0.9999913 -0.001778304 -5.87634e-4 0.9999983 -0.001173436 -0.011931 0.9999282 0.01068025 -0.01078194 0.9998849 -0.00116539 -0.01193028 0.9999282 0.01068025 -0.01077961 0.999885 0.01103198 -0.002531886 0.999936 -0.999911 0.005809009 0.0120157 -0.9999775 0.002922534 0.006046295 -0.9999158 -6.26148e-4 0.01296025 -0.9999568 0.002346038 0.008999109 -0.9795719 -0.02310997 0.1997621 -0.9999566 0.002367377 0.009012639 -0.9999026 0.003536283 0.01350641 -0.9998915 0.01473248 1.83877e-4 -0.9677335 0.2075209 -0.1429231 -0.9349323 0.3540186 0.02392762 -0.9349236 0.3540403 0.02394485 -0.8550675 0.4826014 0.1896193 -0.6580652 -0.7378172 0.1502529 -0.5025326 -0.8617413 -0.06973636 -0.5025283 -0.8617439 -0.06973469 -0.5024209 -0.8617939 -0.06988966 -0.5024064 -0.8618038 -0.06987285 -0.3027402 -0.9098793 -0.2836692 0 0.5507875 0.8346456 0.1973615 0.7346248 0.6491339 0 0.8021643 0.5971036 -0.0475279 0.9382232 0.3427512 0 0.9580684 0.2865397 0.06087762 0.9973462 0.03993105 0 0.9982813 -0.05860477 0.1997995 0.9288597 -0.3119295 0 0.9177842 -0.3970796 -0.0328145 0.7657644 -0.6422836 0 0.7270929 -0.6865391 -0.03267484 0.5742318 -0.8180404 -8.37207e-4 0.4484252 -0.89382 -8.34932e-4 0.2309802 -0.9729581 -8.3501e-4 0.115136 -0.9933494 -0.001791894 -0.1730273 -0.9849154 2.23963e-5 -0.230257 -0.9731299 0.09864312 -0.4616153 -0.8815786 -2.26089e-5 -0.5499196 -0.8352178 0.2551194 -0.7381579 -0.6245296 0 -0.8021613 -0.5971074 0.2055798 -0.9104047 -0.3590269 2.25455e-5 -0.9580651 -0.2865508 -0.04247987 -0.9990972 -6.15418e-4 0 -0.9982815 0.05860042 0.06638437 -0.9505284 0.3034616 4.28523e-5 -0.9177811 0.3970867 0.2526369 -0.7435107 0.6191659 -2.23757e-5 -0.7270932 0.6865388 0.2004432 -0.5269553 0.8259181 3.47647e-4 -0.4493686 0.8933464 0.1260288 -0.2639792 0.9562593 0.001600205 -0.1172264 0.9931039 0.001160681 0.1737865 0.9847828 2.03585e-5 0.2323531 0.9726315 0.09824562 0.4635813 0.8805909 7.73225e-4 0.3437815 0.9390494 0.196553 -0.9287429 0.3143305 0.5945132 -0.6485077 0.4753861 0.4852538 -0.4900288 0.7241551 0.2782446 -0.2115893 0.9369151 0.1718387 -0.98437 0.03856605 0.2269349 -0.4654697 -0.8554756 0.6019282 -0.576655 -0.5524052 0.2552861 -0.7381158 -0.6245111 0.4954545 -0.8040314 -0.3287223 0.3241981 -0.887526 -0.327404 0.5359345 -0.8412575 0.07113432 -0.007224977 -0.3407723 -0.9401181 0.1834707 0.7269034 -0.661778 0.1907687 0.9813844 0.02218234 0.1509199 0.9411403 0.3024535 0.1561273 -0.02688038 0.9873711 0.6698759 0.2664477 0.6930167 0.3483861 0.3206102 0.8808158 0.5200147 0.3739477 0.7679505 0.6698766 0.2666193 0.69295 0.6526971 0.4525795 0.6075839 0.4241911 0.3419579 0.8385266 0.6526755 0.4526784 0.6075336 0.6432821 0.6391894 0.421456 0.6442449 0.7441244 0.1767132 0.6469235 0.7575013 -0.0876457 0.422686 0.8872324 -0.1848118 0.6469336 0.7574772 -0.08778011 0.6551765 0.6790464 -0.3311192 0.2792052 0.8492158 -0.4481931 0.3644912 0.8120204 -0.4558169 0.6551713 0.6789975 -0.3312297 0.3549454 0.6692306 -0.6527972 0.01288068 0.4485012 0.8936895 0.01214098 0.2321922 0.9725942 0.01220029 0.1157442 0.9932042 0.01058083 -0.1147307 0.9933403 0.01153051 -0.2306206 0.9729755 0.01156723 -0.4479874 0.8939651 0.01289749 -0.5508314 0.834517 0.01140242 -0.72672 0.6868392 0.01223975 -0.8020194 0.5971728 0.01173353 -0.9177168 0.397062 0.01223737 -0.8021081 0.5970535 0.01172918 -0.9177796 0.3969171 0.01190352 -0.9583269 0.2854258 0.01019233 -0.9981828 0.05939143 0.01171499 -0.9982834 -0.05738532 0.012582 -0.9583185 -0.2854252 0.01310145 -0.9175955 -0.3972996 0.01035261 -0.8023014 -0.5968295 0.01060688 -0.7267102 -0.6868624 0.01085412 -0.5505297 -0.8347451 0.01316696 -0.4487074 -0.8935817 0.01241052 -0.2314776 -0.9727612 0.01119816 -0.1147613 -0.9933301 0.008390009 0.1148 -0.9933533 0.009628891 0.2297102 -0.9732115 0.01145029 0.4481656 -0.8938773 0.0127294 0.5518104 -0.8338726 0.01032924 0.7271901 -0.6863584 0.01066333 0.8017222 -0.5976018 0.01109039 0.9175162 -0.3975436 0.01065683 0.801831 -0.5974559 0.01110255 0.9175878 -0.3973783 0.01110863 0.9581577 -0.2860258 0.008605599 0.9981516 -0.06016296 0.01034557 0.9983056 0.05726152 0.01263403 0.9580439 0.2863431 0.01324468 0.9173681 0.3978198 0.009764432 0.802576 0.5964701 0.009395539 0.7273777 0.6861731 0.01032984 0.5507124 0.8346312 -0.881902 -0.471433 0 -0.8820952 -0.4710708 -7.45383e-4 -0.8820632 -0.4711307 -6.77708e-4 -0.8820995 -0.4710616 -0.001285254 -0.8820995 -0.4710616 -0.001285254 -0.8820866 -0.4710843 -0.001619815 -0.6446336 0.6679575 0.3718608 -0.2375835 0.5724189 0.7847872 -0.1585217 0.6181417 0.7699168 -0.03552907 0.5901557 0.8065072 0.3180002 0.686527 0.6538781 0.5242405 0.8217988 0.2232012 0.3164858 0.7245165 0.6123011 0.594963 0.5928 0.5427774 0.2258685 0.4673103 0.8547541 -0.03347682 0.9994323 0.003814458 -0.04188686 0.9991021 -0.006359994 -0.03518599 0.999039 0.02613508 -0.02783375 0.9966127 0.0773859 -0.0351932 0.9990369 0.02620798 -0.0278508 0.9966055 0.07747101 -0.09215402 0.9909927 0.09716582 -0.05716127 0.9968109 0.05568504 -0.03013843 0.998863 0.03693962 0.04206132 0.9990954 0.006276428 0.002286195 0.9991979 0.03998029 -0.009560704 0.9993964 0.03339827 -0.1084209 0.9669136 -0.2309178 -0.1639353 0.9231374 -0.347768 -0.3001751 0.7067831 -0.6405877 -0.9555558 -0.2948071 0.001383423 0.01210355 0.9994027 0.03236895 0.019257 0.9989854 0.04071211 0.007878363 0.9998701 0.014068 -0.00527513 0.9998795 -0.01459854 -0.01039463 0.9993704 -0.03392356 -0.02016019 0.9987707 -0.04528588 -0.04679924 -0.04706925 0.9977947 -0.2910532 0.02590477 0.9563562 -0.5176503 0.004755318 0.8555791 -0.5941709 0.04418039 -0.8031246 -0.4239881 0.007017195 -0.9056407 -0.7547366 0.03199458 -0.6552473 -0.9624636 -0.04217255 -0.2681141 -0.9624652 -0.04216408 -0.2681097 -0.981515 -0.1913697 -0.002467334 -0.001786231 0.1669668 0.9859609 -0.7057564 0.1617765 0.6897364 -0.517773 0.004867851 0.8555042 -0.5177597 0.004884779 0.8555122 -0.1984202 -0.04841369 -0.9789206 -0.4238131 0.007096469 -0.9057219 0.04085761 -0.0443803 -0.9981788 -0.8851334 -0.04607868 -0.4630505 -0.9624303 -0.0420584 -0.2682518 -0.7548566 0.03209418 -0.6551043 -0.5108283 0.06266337 0.857396 -0.5055918 0.05637156 0.8609293 -0.5054152 0.05616003 0.8610468 -0.499867 0.04954242 0.8646842 -0.9985964 0.01892441 -0.04946887 -0.9996892 -0.003336489 -0.02470499 -0.9996834 -0.003135085 -0.02496725 -0.9996727 -0.02558529 0 -0.4937024 0 -0.8696309 -0.4971656 -0.003856241 -0.8676471 -0.4972392 -0.003938257 -0.8676047 -0.5004564 -0.007536232 -0.8657289 0.5004211 -0.01539725 0.8656452 0.4822239 0.005104243 0.8760331 0.4823955 0.004918992 0.8759398 0.4636716 0.02553677 0.8856391 0.01723146 -0.3023026 -0.9530563 -1.72205e-4 -0.0718069 -0.9974185 -1.76314e-4 -0.07202082 -0.9974032 -0.01760512 0.1624034 -0.9865674 0.9578074 -0.2869276 0.01666486 0.9984459 -0.05572265 -9.02142e-4 0.9984459 -0.05572205 -8.90965e-4 0.9984569 -0.05552542 -9.25353e-4 0.998457 -0.05552375 -9.02369e-4 0.9836848 0.1789547 -0.01842737 0.9358118 -0.3489252 0.05007565 0.9859383 -0.1588674 0.05183476 0.9932986 -0.1103274 0.03443562 0.9933175 -0.1101676 0.03440421 0.9859675 -0.1586914 0.05182045 0.9995969 0.01161372 0.02590835 0.9999 -0.01414668 0 5.10805e-4 0.9999889 0.004701256 -4.49276e-4 0.9999995 0.001032114 -0.08072102 0.982302 -0.1690181 -0.001519381 0.9999985 8.7467e-4 -4.50112e-4 0.9999994 0.00105232 -0.001988649 0.9999933 0.003084838 -0.08074849 0.9822993 -0.1690204 -0.00199455 0.9999934 0.003046751 -0.1638506 0.9232021 -0.3476361 9.52135e-4 0.9997832 0.02080303 0.001084864 0.9999286 0.01190274 5.10051e-4 0.9999889 0.004702568 8.35749e-4 0.9999993 8.45145e-4 5.0852e-4 0.9999891 0.004661083 8.20076e-4 0.9999995 7.48467e-4 -4.37207e-4 0.9999994 0.001011073 0.5128748 -0.259108 -0.8184269 0.5235664 -0.1165513 -0.8439751 0.5166522 -0.07757145 -0.8526742 0.5166522 -0.07741409 -0.8526886 0.5235717 -0.1163907 -0.843994 0.5120013 0.01438969 -0.8588641 0.5004836 0 -0.8657461 0.7201177 0.2035394 -0.6633267 0.5240354 0.02946949 -0.8511865 0.5240309 0.02947443 -0.8511891 0.2942749 0.04324662 -0.9547418 0.5238984 0.02937978 -0.851274 0.04099446 -0.04443818 -0.9981707 -0.04661589 -0.04695379 0.9978088 0.1948402 -0.0502845 0.9795452 0.4237988 0.007075667 0.9057287 0.5967608 0.04583132 0.8011094 0.4239568 0.007035076 0.9056552 0.758024 0.03431951 0.6513233 0.987478 -0.1544175 0.03228867 0.9607059 -0.02029448 0.2768256 0.9607088 -0.02027696 0.2768166 0.8834321 -0.03099673 0.4675327 0.9606647 -0.02019518 0.2769756 0.7581252 0.03440582 0.6512007 0.004892706 -0.808615 0.5883179 0.008193194 -0.9928825 0.1188164 -0.008811831 -0.9925872 0.1212151 5.20952e-4 -0.9999971 -0.002333045 -0.006742775 -0.9944824 -0.104687 0.008272647 -0.9999657 -5.29602e-4 0.007745921 -0.792225 -0.6101799 0.005182921 -0.9767988 -0.2140961 0.008211374 -0.9928796 0.1188399 0.01317024 -0.9999068 -0.003619372 3.56975e-4 -0.9999964 -0.002667009 -0.005369246 -0.9979202 0.06423932 0.05441063 -0.8886616 0.4553244 -0.1103749 -0.989431 0.09404188 -0.1856749 -0.8850645 0.4268323 -0.1104569 -0.989422 0.09403997 -0.3330717 -0.9304261 0.1528751 -0.6545071 -0.7521857 0.07640218 0.001286149 -0.9999828 -0.005715429 -0.07795375 -0.996034 -0.04288876 -0.1745324 -0.9785764 -0.1092095 -0.3424032 -0.9212095 -0.1847513 -0.008797168 -0.9926054 0.1210672 -0.07795321 -0.9960349 -0.04286974 -0.3162844 -0.2598275 -0.9123892 -0.202351 -0.01846492 -0.979139 -0.5819441 -0.05299901 -0.8115 -0.2556737 -0.005091071 -0.9667498 -0.1038444 -0.1985544 -0.974573 -0.4957852 -0.007209777 -0.8684153 -0.006584286 0.2875445 0.9577447 0.05939728 0.1029645 0.99291 0.0296874 0.06369185 0.997528 7.46767e-7 0.2553762 0.9668418 -0.04209375 0.3152095 0.9480882 -0.05424237 0.223993 0.9730802 -0.03682696 0.06816679 0.9969941 -0.02345651 0.05897581 0.9979839 -0.07228934 -0.8610482 -0.5033589 -0.1429026 -0.9156577 -0.3756993 -0.06130278 -0.8028679 -0.5929967 -0.7251306 -0.01768112 0.6883844 -0.8836067 -0.09667634 0.4581407 -0.5747667 -0.02146321 0.8180359 -0.1213393 -0.3253624 -0.9377719 -0.4336352 -0.3093215 -0.8463337 -0.01353716 -0.2474234 -0.9688129 -0.9986661 -0.009468317 -0.05075943 -0.9897667 -0.02323472 -0.1407904 -0.9943595 -0.02363014 -0.1033964 -0.9945899 -0.06056207 0.08439892 -0.9981185 0.02782249 0.0546413 -0.9996474 -0.02559781 0.007056653 -0.9783076 0.161904 0.1292342 -0.9944639 0.0821194 0.06555968 -1.3416e-4 -0.2914783 -0.9565774 0.05298626 -0.1037865 -0.9931872 0.02637892 -0.06811124 -0.997329 -0.001895368 -0.2656114 -0.9640783 -0.06245255 -0.371476 -0.9263398 -0.09603029 -0.2267917 -0.9691975 -0.1189918 0.1225584 -0.9853022 -0.09808701 -0.06195366 -0.9932476 -0.07222831 -0.8610011 -0.5034483 -0.1121407 -0.6595984 -0.7432055 -0.06240016 -0.3715763 -0.9263031 -0.06368803 -0.5079871 -0.8590071 -0.1639936 -0.02360945 -0.9861788 -0.1668674 0.5895101 -0.7903375 -0.1447159 0.7834342 -0.6043909 -0.1100229 0.8512741 -0.5130571 -0.1668822 0.5896176 -0.7902542 -0.1395913 0.9337168 -0.3296776 -0.09377282 0.9387751 -0.3315238 -0.09375262 0.9388061 -0.3314418 -0.1443518 0.976346 -0.1609697 -0.06530261 0.9589569 0.2759298 -0.06333279 -0.9825305 0.1749939 -0.02570754 -0.9965592 0.0787968 -0.04336988 -0.9966793 0.06891727 -0.009944617 -0.9653104 0.2609159 -0.03030657 -0.9749146 0.2205066 0.02073788 -0.9910155 0.1321299 0.01543283 -0.9919771 0.1254723 -0.009900629 -0.9653468 0.2607827 -0.08752399 -0.9347842 0.3442645 -0.07141274 -0.8841474 0.4617181 2.18319e-4 -0.7343187 -0.6788049 -0.1447266 -0.7041159 -0.6951799 -0.07225662 -0.6992133 -0.7112522 2.16796e-4 -0.7343327 -0.6787897 -0.07232403 -0.6991831 -0.7112752 -0.001493334 -0.6937936 -0.7201724 -0.09802752 -0.6740395 -0.7321621 -0.001489579 -0.6937688 -0.7201962 -0.06350117 -0.8744253 -0.4809866 -0.004133939 -0.919887 -0.3921619 -0.314482 -0.523623 -0.7917829 -0.4955393 -0.3077505 0.812238 -0.6260012 -0.2350501 0.743555 -0.4000399 -0.0871244 0.9123473 -0.418326 -0.5878927 -0.6923769 -0.05959361 -0.6728118 -0.7374097 -0.4434757 -0.8272613 -0.3449174 0.04406124 -0.4953969 -0.8675486 0.07324033 -0.3386225 -0.9380676 0.4577366 -0.4167988 -0.7853381 -0.5947895 -0.1256223 -0.7940053 -0.8168492 -0.05532121 -0.5741924 -0.3055627 -0.1243556 -0.9440166 -0.9999893 -0.003498494 0.003053486 -1 8.41878e-6 0 -0.9999086 0.009327888 -0.009792268 -0.3131887 0.3355815 0.8884244 -0.2859368 0.2325759 0.929596 -0.2415992 0.348055 0.9058077 -0.1036103 -0.1177324 0.9876255 0.2055866 -0.2100412 0.9558331 -0.5112827 -0.1263746 0.8500703 0.9550687 -0.1266751 0.2679504 0.9983077 -0.05483174 -0.01937234 0.8546372 -0.1778062 0.4878323 0.7252452 -0.1391843 0.6742752 0.5300894 -0.1165882 0.8398884 0.8497439 -0.1510387 0.505097 0.8440889 -0.124117 0.5216407 0.9075646 -0.1651626 0.3860674 0.8441712 -0.1241957 0.5214887 0.9044517 -0.2789773 0.3227058 0.9584358 -0.1241961 0.2568581 0.8757278 -0.04085028 0.4810738 0.9999179 0.003670752 -0.01228171 -0.8613206 0.452162 0.2316816 -0.9238983 0.1261243 0.3612542 -0.9279558 0.2767468 0.2496184 0.05917036 -0.9982323 -0.005607485 -0.1802435 -0.9496542 -0.2562599 -0.8513191 -0.1105131 0.512877 -0.7052592 -0.3593382 0.6111347 -0.6973495 -0.2967521 0.6524125 -0.9992775 -0.02569347 0.02800619 0.01379626 0.9601802 -0.2790407 0.02780812 0.9974161 -0.06624209 0.03193783 0.9969038 -0.07185292 -0.01213777 0.9957853 -0.09090834 -0.02300214 0.9965322 -0.07996594 -0.04787194 0.9939777 -0.09857338 -0.01610201 0.9771229 -0.2120651 -0.07127672 0.948958 -0.3072434 0.01377677 0.9601269 -0.279225 -0.1024466 0.8572453 -0.504614 -0.1245831 0.9101868 -0.3950178 -0.6942142 -0.1241383 0.7089827 -0.59067 -0.08072584 0.8028651 -0.851318 -0.1104881 0.5128842 0.05116462 -0.9984161 0.0234 0.1036169 -0.9923313 0.0673964 0.02505731 -0.9996161 0.01183241 -0.03616994 -0.9992959 0.00997281 -9.80553e-4 -0.9999995 2.69862e-4 0.01642709 -0.9997522 -0.01502776 -0.9992712 0.02600425 -0.02794742 -0.5906467 -0.08063793 0.8028911 -0.4561789 -0.04418408 0.8887907 -0.8141071 0.004687905 0.5806958 -0.8783971 -0.01315963 0.4777504 -0.9972986 -0.03671652 0.06362098 -0.9999932 0.003131151 -0.001997947 -0.1848878 -0.5944291 0.7826049 -0.5120667 -0.456247 0.7277544 0.09842711 -0.7429317 0.6620911 0.8722059 -0.4890131 -0.01109755 0.8226825 -0.3156621 0.4728117 0.8275887 -0.4823425 0.2871285 0.595205 -0.7598186 0.2615468 0.7179855 -0.4925397 0.4918348 0.4832285 -0.5909379 0.6459742 0.5951831 -0.7598483 0.2615104 0.3755045 -0.7176113 0.5865411 0.09855091 -0.7429789 0.6620197 0.2345733 -0.4776034 0.846682 0.4190812 -0.4000034 0.815088 0.02130413 -0.3915686 0.9199023 0.0984252 -0.7429906 0.6620254 0.03831392 -0.6939899 0.7189646 -0.1343325 -0.7624763 0.6329176 0.6911811 -0.7224932 -0.01650029 0.5952371 -0.7598543 0.2613701 0.5010881 -0.7965874 -0.3381705 0.01345676 -0.7917081 -0.6107513 0.3377311 -0.711088 -0.6166779 0.5009521 -0.7966192 -0.338297 0.5868707 -0.6873926 -0.4278718 0.4578398 -0.4167905 -0.7852824 0.6680851 -0.542554 -0.5092126 0.5932167 -0.7170376 -0.3659936 0.9942516 -0.1068748 0.006453394 -0.9999389 0.007014036 0.008556485 -0.9999787 0.006475985 -7.75874e-4 -1 2.4458e-6 0 -1 0 0 -1 0 0 -0.999994 -3.63665e-5 0.003451347 -0.9996586 3.94806e-4 0.0261262 -1 -3.51044e-7 0 -0.999994 -3.65965e-5 0.003451347 -0.9999852 -0.005407691 -5.97159e-4 -0.9999892 0.002846479 -0.003714025 -0.9999969 -0.002045869 0.001476645 -0.9999716 0.006734848 -0.003412127 -0.9999359 0.01128429 9.69765e-4 -0.9999952 0.002975046 -9.81703e-4 -0.9999997 8.1141e-4 2.46254e-4 -0.9999952 0.002978086 -9.81619e-4 -0.9999998 7.69272e-4 2.34165e-4 -0.9999956 -3.33806e-4 -0.002974271 -0.9999955 -3.54402e-4 -0.002967894 -0.9999808 0.004369318 -0.004405319 -0.9999952 0.002976238 -9.87114e-4 -0.9999935 -0.00355792 -5.89924e-4 -0.9999147 0.007837891 -0.01044744 -0.9999419 0.005891025 -0.009040236 -0.9994215 0.01037716 0.03238844 -0.9999427 0.006068229 -0.008824944 -0.9994204 0.01037472 0.0324229 -0.9992311 0.005560696 0.03881204 -0.9999969 -0.002016544 0.00146538 -0.9999968 -0.002040565 0.001486957 -0.9999939 -3.64846e-5 0.00350207 -0.9999853 -0.005395412 -5.6522e-4 -0.9999932 9.30447e-4 0.003572046 -0.9999992 -7.81123e-4 9.71264e-4 -0.9999992 -7.8895e-4 9.94089e-4 -0.999993 9.46302e-4 0.003633439 -0.9999959 -0.002723753 0.00100845 -0.9999993 -7.90715e-4 9.90372e-4 -0.9999958 -0.002732455 0.00100094 -0.9999845 -0.005410492 -0.001405596 -0.9999844 -0.005396604 -0.001451492 -0.9999958 -0.002710878 0.001001417 -0.9999934 -0.003599047 -5.77777e-4 -0.9999844 -0.005435168 -0.001358985 -1 -3.72727e-7 0 -0.9999927 -0.003830075 1.94354e-4 -0.9999926 -0.003850877 1.94233e-4 -1 1.92619e-6 0 -0.9999995 0.001010358 4.80932e-4 -0.9999932 -0.003678262 4.84894e-4 -0.9998421 -0.01260405 0.01253384 -0.9999057 -0.01224523 0.006219863 -0.9999285 -0.01124566 0.004066467 0.008399546 0.6808516 -0.7323732 -0.02679419 0.9518496 -0.3053923 0.0278716 0.9974087 -0.06632667 0.03457009 0.9965516 -0.07543087 -0.1175518 0.9057915 -0.4070914 -0.026865 0.9517936 -0.3055607 -0.05650788 0.9714127 -0.230574 -0.03921788 0.9961466 -0.07844722 -0.01452028 0.9980344 -0.0609644 -0.09673541 -0.8232633 -0.5593568 -0.1007986 -0.9568586 -0.272509 -0.08613926 -0.7687834 -0.6336815 0.9883374 0.1517122 -0.01314514 -0.9999373 -0.00732696 -0.008464336 -0.9998661 -0.01591664 -0.00379008 -0.1099461 0.05314481 -0.9925158 -0.135342 0.05926048 -0.9890252 -0.1282762 0.3793922 -0.9163007 -4.82895e-4 0.6609889 -0.7503955 -0.2565302 0.6542207 -0.7114687 -0.1272379 0.6859747 -0.7164142 2.31487e-6 0.7172274 -0.6968392 -0.1699973 0.7186999 -0.6742191 0 0.7408733 -0.6716449 0.5148905 -0.04869276 -0.8558719 0.102663 -0.05436122 -0.9932298 0.5148834 -0.04870349 -0.8558757 -0.01457291 0.2954579 0.9552447 0.0540632 0.1345846 0.9894263 0.01453298 0.08302456 0.9964416 -0.02579855 0.2635708 0.9642951 -0.06684678 0.3655428 0.9283911 -0.108502 0.2182064 0.9698523 -0.09425669 -0.1314986 0.9868251 -0.1153365 0.05734181 0.99167 -0.1370346 -0.8865756 -0.4418204 -0.05256199 -0.9719076 0.2294186 -0.1312639 -0.9865497 0.09741455 -0.1025806 -0.96139 0.2553556 -0.05256468 -0.9718719 0.2295693 -0.09264212 -0.8620452 0.4982927 -0.1143273 -0.6038293 0.7888723 -0.1142529 -0.6036971 0.7889842 -0.08678835 -0.7993691 0.5945393 -0.1457481 0.03161031 0.9888166 -0.06207388 0.5065774 0.8599571 -0.2620316 0.09757959 0.9601135 -0.5437849 0.001053154 0.839224 0.1231055 0.1873484 0.9745489 -0.7346889 -0.05712163 0.6759951 -0.5439198 0.001137018 0.8391366 -0.8966189 -0.009130954 0.4427092 -0.9996069 -0.0170626 0.02225279 -0.9998342 -0.01363211 0.01207989 -0.06038391 -0.9624313 0.2647259 -0.1059211 -0.952219 0.286461 -0.1187685 -0.9923647 -0.03326219 -0.2288703 -0.4674783 0.8538634 -0.3718305 -0.1161519 0.9210053 -0.2502034 -0.257837 0.9332301 0.4155955 0.8905628 -0.184874 0.3911743 0.832771 -0.3917593 0.3511764 0.745471 -0.566523 0.0766682 0.7982928 -0.5973698 0.1054307 0.6944729 -0.7117527 0.4085911 0.4155047 -0.8126556 0.02023655 0.3733363 -0.9274754 0.0764929 0.7982591 -0.5974373 -0.0663374 0.516009 -0.8540106 -0.3434223 0.6027278 -0.720264 -0.1666733 0.8469389 -0.5048906 -0.0728237 0.9725081 -0.2211896 0.07648789 0.7983039 -0.5973781 -0.9974101 0.05291956 -0.04871076 -0.9962656 -0.01523858 -0.08498686 -0.9961693 -0.01501345 -0.08614784 -0.9995718 -0.01975774 -0.02159059 -0.9996779 0.00682497 0.02444547 -0.9930772 0.1174635 4.50547e-4 -0.9958902 0.05717873 0.07023769 -0.9987165 -0.04508727 0.02307403 -0.95771 0.2778284 -0.07485389 -0.9999977 0.002089321 5.36861e-4 -0.9999893 0.00404936 -0.002285778 -0.9999976 0.002160727 5.55097e-4 -0.9999893 0.004047334 -0.002272546 -0.9999709 0.004098176 -0.006446063 -0.9999709 0.004082858 -0.006453871 -0.9999892 0.004046499 -0.002284705 -0.9999396 0.004051685 -0.01022565 -0.9999709 0.004103064 -0.006451308 -0.9999395 0.004038214 -0.01023358 -0.9999803 7.68961e-5 -0.006286263 0.9456413 0.1955557 -0.2598471 0.9838134 0.1790557 -0.007086396 0.8868024 0.07361936 -0.4562475 0.9456301 0.1956099 -0.2598469 0.8699291 0.0754379 -0.487373 0.9396861 0.263441 -0.218149 -0.3439707 -0.8838735 0.3169416 -0.2972253 -0.9293397 0.2190548 -0.1257958 -0.8901824 0.4378937 -0.3593867 0.07962501 -0.9297855 -0.09595119 -0.01128327 -0.9953221 -0.633854 0.1461947 -0.7595105 -0.9824026 0.1493374 -0.1121761 -0.914678 0.3657035 -0.1721194 -0.9285104 0.2006051 -0.3124517 -0.8618497 -0.4510812 0.2318207 -0.9876601 -0.1336772 0.08159565 -0.8724964 -0.08467918 0.4812271 -0.8006737 0.1994423 -0.5649288 -0.7747059 0.2333849 -0.5876753 -0.6056923 0.03823518 -0.7947798 -0.8966779 -0.009260058 0.4425868 -0.990648 0.1202954 -0.06438696 -0.8966865 -0.009233891 0.4425698 -0.8961951 0.09613907 -0.4331185 0.00258851 0.576108 -0.8173695 -0.003394603 -0.7612054 0.6485019 -0.01935118 -0.9913983 0.1294412 0.003061056 -0.7353381 0.6776936 -0.08665996 -0.9910317 0.1017177 -0.003410875 -0.7612003 0.648508 -0.008709311 -0.7501955 0.6611588 -0.006021916 -0.5453912 0.83816 -0.003394722 -0.7611397 0.6485791 0.002147734 -0.4061898 0.9137863 -0.8006276 0.1994925 -0.5649764 -0.5254394 0.2767373 -0.8045683 -0.8961315 0.09615933 -0.4332457 0.9247933 0.3606671 0.1211478 0.8254542 0.3930191 0.4051684 0.9837988 0.1791422 -0.006939351 0.9901384 0.1396901 -0.01061886 -0.999868 0.01164317 -0.0113368 -0.9999061 -0.01263868 -0.005291283 0.006799101 -0.618236 -0.7859632 0.1096551 0.2845827 -0.9523595 0.005446076 0.3644258 -0.9312165 0.08578842 0.02545708 -0.9959881 -0.03997242 -0.7280878 -0.6843175 -0.04744249 -0.5729929 -0.8181861 0.03756636 -0.2886071 -0.9567103 0.03748983 -0.2884556 -0.9567591 0.01047736 -0.4069321 -0.9133983 -0.00396496 -0.06094658 -0.9981332 0.03754252 -0.2884355 -0.9567632 -0.003925085 -0.06085085 -0.9981392 0.06433093 0.0301311 -0.9974737 -6.24095e-4 -4.8683e-6 -0.9999999 0.06423741 0.03011149 -0.9974802 -0.004805028 -0.2291185 -0.9733867 -0.004789888 -0.229112 -0.9733884 -0.01315736 0.5770996 0.8165678 -0.007090091 0.9669984 0.2546842 -0.008297204 0.6614958 0.749903 -0.02236038 0.3883196 0.9212536 -0.01314038 0.5770578 0.8165977 -0.008135914 0.3448963 0.9386056 -0.004594206 0.3521327 0.9359389 0.8168599 0.07169157 0.5723639 0.8816394 0.3168987 0.3496959 0.8459188 0.5261444 0.08714014 0.8816643 0.317004 0.3495375 0.007742524 0.713512 0.7006002 0.007195889 -0.7029276 -0.7112251 -0.01430571 0.8040788 0.5943506 -0.005169868 0.7065542 0.7076401 -0.002969682 0.2388648 0.9710484 -6.97696e-4 0.7440312 0.6681446 -0.3353343 0.6834 0.6484717 -0.1650865 0.7088305 0.6857885 2.4579e-4 0.7020578 0.71212 -0.2211089 0.6689037 0.7097033 7.35489e-4 0.6804189 0.7328231 -0.9941322 0.1077461 -0.009599089 -0.9766612 0.2130566 -0.02720201 -0.9951971 0.07281959 -0.06542259 -0.9999956 -0.002575099 -0.001537084 -0.9961796 0.02555143 -0.08350616 -0.9999626 0.001700997 -0.008488714 -0.967956 0.08528292 -0.2361953 -7.22581e-4 0.6643826 -0.7473923 -0.2567699 0.6542048 -0.7113968 -0.1273338 0.6876326 -0.714806 -7.67208e-6 0.7192972 -0.6947026 -0.1699962 0.718692 -0.6742278 0 0.7408728 -0.6716454 0.04156041 -0.8617837 -0.5055706 0.03844881 -0.9736236 -0.2248972 -0.04006677 -0.728183 -0.6842107 -0.1055305 0.5984039 -0.7942143 -0.005945861 0.7163605 -0.6977052 -0.001985609 0.728832 -0.6846898 -7.30188e-4 0.6687039 -0.7435285 -0.1954827 0.6791526 -0.7074874 -0.09749388 0.7110643 -0.696335 -0.1315841 0.738296 -0.661517 -0.001985549 0.7288112 -0.6847119 -7.2929e-4 0.6687189 -0.743515 -0.00218892 -0.6851704 0.7283796 0.05447041 -0.8886241 0.4553902 -0.006548583 -0.2257235 0.9741695 -0.02126216 -0.4431669 0.896187 -0.006692469 -0.2256349 0.9741891 -0.03333818 -0.06264805 0.9974787 -0.08321088 0.1590671 0.9837549 0.002132594 0.2199875 0.9755004 -0.01153498 0.1211962 0.9925616 3.00676e-4 0.5029799 0.8642981 -0.1905831 0.1921979 0.9626723 2.75724e-4 0.5030326 0.8642674 -0.1030556 0.5371178 0.8371881 3.69477e-6 0 1 -0.03332179 -0.06262189 0.997481 -0.004109084 0.2293019 0.9733468 -0.004082381 0.2293031 0.9733465 4.27401e-4 0.6725251 0.7400743 8.55656e-4 0.6674238 0.7446776 2.84675e-4 0.6965264 0.7175313 2.50809e-4 0.718229 0.6958068 3.72959e-4 0.7377452 0.6750792 7.50793e-4 0.7331513 0.6800653 -0.9998835 -0.01527088 2.81441e-4 -0.9999468 -0.01014548 0.001879513 -0.9998349 -0.01361823 0.01203995 -0.9918012 0.09563326 0.08476257 -0.9998913 0.01055961 0.01029384 -0.9987015 0.03438323 0.03759467 -0.9534247 0.2488527 0.1704518 -0.9891884 0.1145493 0.09156876 -0.9972384 0.06746411 0.03105103 -0.002554237 0.6723181 0.740258 0.002127587 0.2200572 0.9754847 0.001994848 0.6830602 0.7303593 -0.004124224 0.229421 0.9733186 -0.002551436 0.6723245 0.7402522 -0.006892442 0.6941106 0.7198355 -0.004944086 0.8556664 0.5175042 -0.002553164 0.6723462 0.7402324 0.001261651 0.9170255 0.3988268 0.002352416 -0.8049272 -0.593369 -4.84227e-4 -0.6609872 0.7503972 -0.2565718 -0.6542132 0.7114605 -0.1272455 -0.6859771 0.7164106 -1.43817e-4 -0.715448 0.698666 -0.1701655 -0.7168608 0.6761319 -4.33984e-4 -0.7356327 0.6773805 -9.7487e-4 0.7473254 0.6644576 -0.2592258 0.7134947 0.6509435 -0.1285359 0.7157018 0.6864762 0 0.6949594 0.719049 -0.171457 0.676196 0.7164925 0 0.6737712 0.7389401 -5.80702e-4 -0.8026105 0.5965031 0.008878469 -0.683727 0.7296839 -0.9985878 0.00993961 0.05218952 -0.9887313 0.02602893 0.1474214 -0.9940805 0.02564746 0.1055762 -0.9941793 0.06407529 -0.08661526 -0.9979879 -0.02952814 -0.05611032 -0.9995825 0.02770894 -0.008184492 -0.9762784 -0.1700019 -0.1340886 -0.9937914 -0.08806771 -0.06799149 -0.03198027 0.8618156 -0.5062127 -0.002029538 0.7306296 -0.682771 -6.76688e-4 0.9322614 -0.3617851 0 1 1.31252e-6 -3.86801e-4 0.9999954 0.003031075 -6.69987e-4 0.9323249 -0.3616213 -0.03176748 0.9631035 -0.2672501 -0.03180199 0.9630969 -0.26727 -0.08973658 0.9915004 -0.09420353 -0.9999452 0.004784762 -0.009326815 -0.9999622 0.008516073 0.001765072 -0.9999833 -8.07806e-5 -0.005798041 -0.9994886 0.005499541 0.03150337 -0.9725818 0.1505327 0.1772699 -0.993211 0.02531719 0.1135388 0.01531869 -0.06334125 0.9978744 -1.14116e-5 0 1 8.20599e-7 0 1 -5.88934e-5 0 1 1.96183e-6 0 1 -0.1494264 0.0882498 0.9848268 -0.1302591 0.06458926 0.989374 -0.02868288 -0.04712611 0.9984771 -0.0184167 0.1191179 0.9927093 -0.5192523 0.2399882 0.8202334 0.003085136 0.4676889 0.8838878 0.001483082 0.1605607 0.9870249 -0.01835989 0.1192813 0.9926908 0.002279937 -0.1636133 0.986522 -0.02869665 -0.04708337 0.9984787 0.004620194 -0.3323064 0.9431602 0.00747615 -0.6281448 0.7780606 0.04853457 -0.434071 0.8995704 0.09318459 -0.5522577 0.8284492 -0.1123182 0.4261466 0.8976546 -0.09377098 0.37379 0.9227612 -0.1322733 0.5480996 0.8258877 -0.1151894 0.8237848 0.5550767 -0.1152247 0.823896 0.5549042 -0.1360571 0.6722035 0.7277575 -0.06534516 0.9589063 0.2760956 -0.06135189 0.9781113 0.1988329 -0.1557709 0.2706899 0.9499803 -0.1090734 -0.05488133 0.9925175 -0.08968645 0.1977707 0.9761369 -0.02300542 0.2704215 0.9624671 -0.003739237 0.1783751 0.9839555 -0.08213168 0.115412 0.9899164 0.05319213 0.1028515 0.9932736 -0.01496201 0.01244741 0.9998106 -0.02296215 0.2701975 0.9625311 -0.1417745 0.4290422 0.892089 0.004615366 -0.3322984 0.943163 0.007475793 -0.6281394 0.7780649 0.002279222 -0.1636155 0.9865216 -0.0820313 -0.1971948 0.9769265 -0.004110932 -0.1381536 0.9904024 -0.01119792 -0.01759678 0.9997825 -0.01129311 0.07369035 0.9972172 -0.00293976 0.2387602 0.9710741 0.05060201 -0.8077033 0.5874138 -0.00411117 -0.1381872 0.9903976 -0.01218956 -0.6728345 0.7396927 0.002871215 -0.4517329 0.8921487 -0.01802492 0.06158679 0.997939 -1.04284e-5 0 1 -0.0173465 0.9443104 0.3285984 -0.0881704 0.5375735 0.8385945 -0.03148329 0.6020054 0.7978712 -0.08335918 0.4400274 0.8941069 -0.08814781 0.5374274 0.8386906 -0.5928015 -0.002826929 0.8053438 -0.8478637 0.005066752 0.53019 -0.8886827 0.05128234 0.455646 -0.4910166 0.05706608 0.8692792 -0.07469475 0.05253601 0.9958217 0.002109169 0.008257985 0.9999638 -0.999696 0.02310156 -0.008620977 -0.9998869 0.001421988 0.0149731 -0.9996826 0.0182175 -0.01740431 -0.9995529 0.01263797 -0.02710169 -0.9995658 0.01322746 -0.02633428 -0.9996818 0.01822346 -0.01744627 -0.9989889 0.03086096 -0.032691 -0.9996962 0.02309787 -0.008604526 -0.9962092 -0.08249837 -0.02759206 -0.9999621 -0.008512377 -0.001881659 -0.9999914 -0.001162648 0.00401324 -0.9981433 -0.04916018 0.03596317 -0.9934942 0.0216813 0.1118005 -0.9748166 0.03422445 0.2203662 -0.9679569 -0.2333979 -0.09265583 -0.9981471 -0.04915374 0.03586465 -0.9935116 0.02167046 0.1116484 -0.001527011 0.004872262 -0.999987 -0.006175518 0.01964068 -0.9997881 -0.001025199 0.00327146 -0.9999942 -0.2115134 -0.07643806 -0.9743815 -0.001020491 0.003256022 -0.9999942 -1.77106e-4 0 -1 -0.001015186 0.003239154 -0.9999943 3.00067e-5 0 -1 -0.00153166 0.004885792 -0.9999869 -0.0015347 0.004894316 -0.999987 1.41941e-7 0 -1 -0.00153464 0.004894971 -0.9999868 -1.8596e-6 0 -1 -0.001018106 0.003247737 -0.9999942 5.88934e-5 0 -1 -0.001018106 0.003247737 -0.9999942 -3.48465e-4 0.9889355 0.1483466 0 1 0 0.02835386 0.994085 0.1048389 0 1 0 -0.02131009 0.9933978 -0.1127241 -0.04809492 0.9977588 0.04652225 0.004901051 0.9999829 -0.00320208 0.02834975 0.9940794 0.1048923 0.05224561 0.9986122 -0.006643295 0.05219095 0.9986152 -0.006642639 0.004627048 0.8962013 -0.4436237 0.00257945 0.9883696 -0.152049 -0.02124464 0.993382 -0.112876 0.002746701 0.988843 0.148936 -0.04806441 0.9977616 0.04649376 0.005173981 0.9534468 0.3015173 0.007672727 0.8168848 0.5767499 0.04663467 0.9256732 0.3754391 0.0283696 0.9940791 0.1048899 -0.0285809 0.7940334 0.6072019 3.16143e-4 0.5030785 0.8642407 -0.9999927 0.001639306 -0.003457903 -0.8939926 0.3458043 0.2849505 -0.9999912 -6.71039e-4 -0.004143059 -0.9999603 0.006205618 -0.006397366 -0.9999242 0.003412365 -0.0118336 -0.999888 0.0132907 -0.006884455 -0.9999603 0.006212711 -0.006388843 -0.999888 0.01329308 -0.006875455 -0.9998798 0.01464813 0.005080401 -0.03112185 0.006250441 0.9994961 0.008161544 0.3824687 0.9239325 -0.009357273 -0.002101004 0.9999541 0.02479171 -0.02091938 0.9994738 0.01236993 -0.01044338 0.999869 -0.009352803 -0.002113938 0.9999541 -0.03867155 0.006255626 0.9992324 -0.0228573 0.257259 0.9660722 -0.999997 3.35245e-4 -0.002421736 -0.9999807 7.62579e-5 -0.006231427 -0.9999953 -0.001070499 -0.002875208 -0.999997 3.3895e-4 -0.002447009 -0.9999951 -0.001085281 -0.002933561 -0.9999609 -0.008737683 -0.001401841 -0.9999098 -0.01343166 3.04175e-4 -0.9999607 -0.008761525 -0.00139296 -0.9999095 -0.01345318 3.12979e-4 -0.999792 -0.02039533 -2.21092e-4 0.01520127 -0.9998496 0.008356869 0.02285361 -0.9996608 0.01249152 0.04203194 -0.9991164 4.25923e-5 -8.79649e-4 -0.999905 0.01375889 2.47315e-4 -0.9999913 0.004172861 -0.001643538 -0.9999843 0.005369961 0.04203051 -0.9991164 4.34195e-5 0.02347391 -0.9997201 -0.002951025 0.01563429 -0.9994144 -0.03044062 0.002629876 -0.9995859 -0.0286535 0.01563072 -0.9994143 -0.03044176 0.002620279 -0.9995847 -0.02869921 -0.002322673 -0.9996424 -0.02664029 1.46067e-4 -0.9999868 0.005145072 2.27838e-4 -0.9999915 0.004133999 2.54166e-4 -0.9999913 0.00416547 1.64899e-4 -0.9999868 0.005157649 0.0016281 -0.9999963 0.002218306 2.49385e-4 -0.9999913 0.00416398 0.00161916 -0.9999963 0.002206146 -0.00164777 -0.9999843 0.005355834 -0.9992475 0.009346485 -0.03764379 -0.9728073 0.09032112 -0.2132794 -0.9581562 0.1844743 -0.2188743 -0.9999818 -0.005624651 0.002215921 -0.9774613 0.1523728 -0.1461227 -0.7847775 0.4504156 -0.425735 -0.9999244 -0.01184827 -0.003287553 -0.9998912 -0.006613552 -0.0131877 -0.9992473 0.009361445 -0.03764545 -0.9998913 -0.006591022 -0.01319068 -0.9998767 0.005641579 -0.01465547 0.02356821 0.04320734 -0.9987882 -4.59028e-6 0 -1 1.13898e-6 0 -1 9.80914e-7 0 -1 -0.1756015 -0.0874626 -0.9805684 0.02363777 0.04318165 -0.9987876 0.05204868 -0.006929814 -0.9986205 0.01176881 -0.003608107 -0.9999243 -0.2340459 -0.08043479 -0.9688926 -0.3185814 -0.1237272 -0.9397859 -0.6757993 -0.4619236 -0.5743882 -0.1479472 -0.06385451 -0.9869318 -0.01977962 0.01284772 -0.9997219 0.02356922 0.04322463 -0.9987874 -0.01806932 0.2824521 -0.9591113 0.01693791 0.5434066 -0.8392987 -0.03001999 0.7927246 -0.6088403 0.006027281 0.9291559 -0.3696392 -0.03701752 0.9705209 -0.2381574 -0.01014065 0.9801139 -0.1981763 -0.01757729 -0.1191323 -0.9927228 -0.01977616 0.01282697 -0.9997223 -0.01753914 -0.1192623 -0.9927079 0.002500057 0.1551871 -0.9878819 -0.1037736 -0.1985126 -0.9745891 0 -0.4677265 -0.8838734 -0.1038067 -0.1986953 -0.9745483 0 -0.4677292 -0.8838719 -0.1750929 0.2125378 -0.9613378 0.002489447 0.155282 -0.9878671 0.005064964 0.3150534 -0.9490604 0.007731258 0.6001901 -0.7998201 -0.9991903 -0.03834569 0.01218026 -0.9998746 0.01227796 -0.01000624 -0.9993582 0.03355747 -0.01253563 -0.9986514 -0.04974162 0.0148741 -0.9991951 -0.03822666 0.01216292 -0.9836964 0.1798248 0.002143323 -0.9999337 0.01087957 -0.003809332 -0.9999997 -5.9912e-4 -6.22146e-4 -0.9930443 -0.0495792 -0.1067936 -0.9999815 -0.005712509 0.002156376 -0.9962506 0.08610093 -0.008454203 -0.999803 0.01980239 -0.001405954 -0.9845061 0.1269362 0.1209759 -0.9997295 0.02323788 -9.80064e-4 -0.9997304 0.02316051 -0.001684904 -0.9995189 0.03083956 -0.003312766 -0.999827 -0.0175265 0.006226897 -0.9985021 0.01394069 0.05290621 -0.9987153 0.05050832 -0.004093825 -0.9999379 -0.01004487 0.004825234 -0.9998475 0.006965458 -0.01601648 -0.9999538 -0.007194161 0.00638318 -0.9990173 0.02299946 -0.03788715 -0.9985012 0.01394534 0.05292344 -0.9990181 0.02299088 -0.03787416 -0.9766923 -0.1814659 0.1146408 -0.9902535 -0.1392544 0.002529084 -0.9986428 -0.0499072 0.01489639 -0.9990305 0.04263198 -0.01098179 -0.9490754 -0.2688928 0.1641725 -0.9984998 0.0139715 0.05294525 -0.9620224 -0.1703848 0.2132652 -0.8210483 0.00638771 0.570823 -0.9902348 -0.1393868 0.002521872 -0.9930377 -0.0496267 -0.1068337 -0.8597011 -0.508417 -0.04925733 -0.878266 -2.43902e-4 -0.4781724 -0.8729417 -4.85904e-4 -0.4878243 -0.9930248 -0.04962021 -0.1069565 -0.8782787 -2.4258e-4 -0.4781491 -0.9676595 0.1725755 -0.183991 -0.8699213 0.4910035 -0.04639673 -0.1273766 -0.685948 0.7164152 -0.4665573 -0.6049868 0.6452251 -0.528345 -0.6102039 0.5903413 -0.736738 -0.4758081 0.4804414 -0.6634349 -0.5263972 0.5317519 -0.9491195 -0.2216531 0.223701 -0.9821606 -0.07633131 0.1718549 -0.999995 0.0031448 -5.6121e-4 -0.99993 -0.01159948 0.002390146 -0.7367483 -0.4757962 0.4804372 -0.9572022 -0.01038533 0.2892336 -0.8355812 0.006061017 0.5493336 -0.002341806 0.9989737 -0.04523479 -0.02702736 0.99963 -0.003098785 -0.006495714 0.9999491 -0.007721245 0.007554709 0.9988731 -0.04685747 0.01292991 0.9997662 -0.01733314 0.05707657 0.9983637 0.003507554 0.05712902 0.9983606 0.003525555 0.05745375 0.9980989 0.02231431 0.03941756 0.9970125 0.06642621 0.006649434 0.9983362 0.05727779 0.0393961 0.9970083 0.0665012 0.006639599 0.9983332 0.05733168 -0.001521229 0.9989789 0.04515373 -0.04115712 0.9986836 0.03061479 -0.05988252 0.9970423 0.0481736 0 -1 5.3981e-7 -0.0866149 -0.9910435 0.1016405 0 -1 2.10068e-7 0 -1 -4.99213e-7 -0.006741404 -0.9903936 -0.1381127 0 -1 4.15097e-7 -0.01931822 -0.9914099 0.1293577 -0.08660632 -0.9910435 0.1016482 0 -1 -1.27885e-7 -0.1255158 -0.9851748 -0.1169466 4.81089e-4 -0.8814382 -0.4722992 -0.006739735 -0.9903678 -0.1382976 4.85032e-4 -0.8814443 -0.472288 9.62935e-4 -0.8659683 -0.500098 -0.02357167 -0.9996984 -0.006894826 0 -0.999578 -0.02904921 0.002601504 -0.9999797 -0.005814313 -0.02351987 -0.9996995 -0.006903409 -0.09192204 -0.9851149 0.1452551 -0.01935487 -0.9914078 0.1293673 -0.001084744 -0.9988716 0.04748171 0.09322667 -0.552395 0.828353 -0.07896941 -0.684827 0.7244142 -0.01134419 -0.9197338 0.3923788 -0.01146334 -0.9197681 0.3922951 -0.1257215 -0.890192 0.4378952 -0.2002286 -0.9634976 0.1777099 -0.01136785 -0.9197911 0.3922439 -0.9994793 -0.03217124 0.002502977 -0.9999915 0.004115402 -4.16267e-4 -0.9999176 0.01272815 -0.001698732 -0.9989714 -0.04531556 0.001701831 -0.9972064 -0.0745911 -0.00396943 -0.9999228 0.01176053 -0.004044532 -0.9998455 -0.007293403 0.01599985 -0.9999669 0.006246924 -0.005222916 -0.9992955 -0.01986169 0.03184723 -0.9972139 -0.0744909 -0.003956019 -0.9992957 -0.01985782 0.03184187 -0.9999686 -0.004677236 0.006406486 -0.9849405 0.1461445 -0.0923804 -0.999957 -0.009133875 0.001594364 -0.9993692 0.03516805 -0.004949212 -0.9993687 0.0351817 -0.004957377 -0.9999565 -0.009189724 0.001615107 -0.9997017 -0.02438336 0.001488685 -0.9999403 -0.009345769 0.005685567 -0.9982935 0.0581544 -0.005313098 -0.9961087 0.08813482 -4.44446e-5 -0.9741417 0.210826 0.08124297 -0.9693532 0.173198 0.1742324 -0.9685844 0.1756259 -0.1760681 -0.9578615 0.1429701 0.2491202 -0.975174 0.09833967 -0.1984069 -0.9805891 -1.65347e-5 0.1960743 -0.9615383 0.0222212 -0.2737708 -0.9999411 -0.01050001 0.002772629 -0.9999998 4.35409e-4 -4.74286e-4 -0.9999474 -0.006650865 0.007804453 -0.9909747 -0.1335341 -0.01174032 -0.8140353 -0.578144 -0.05564439 -0.9990369 -0.008068025 0.04313057 -0.999998 -0.001937747 -4.07077e-4 -0.9999889 0.004669189 -5.85929e-4 -0.981863 -0.1895856 0.001607358 -0.8321044 0.5546144 -0.002264618 -0.9555975 0.2937997 -0.02269876 -0.9849348 0.146169 -0.09240233 -0.955649 0.2936323 -0.02270072 -0.7388373 0.4792283 0.473772 -0.8494576 0.5271641 -0.02279859 -0.127372 0.685945 -0.7164188 -0.4665429 0.6049959 -0.6452269 -0.5307365 0.6106517 -0.5877274 -0.7396059 0.4743114 -0.4775061 -0.6634297 0.5264015 -0.5317541 -0.7396116 0.4743108 -0.4774978 -0.1286775 0.7157047 0.6864466 -0.4626688 0.6489753 0.6039609 -0.5301753 0.5895389 0.6093916 -0.7388362 0.4792236 0.4737784 -0.6578462 0.5371821 0.5278958 -0.8207627 -0.0442391 0.5695539 -0.8528761 0.006846547 -0.5220686 -0.9574562 -0.2885659 0.002735018 -0.08890289 -0.7120501 0.6964775 -0.001963794 -0.7263315 0.6873417 -7.36554e-4 -0.6744672 0.7383045 -0.005436837 -0.3892549 0.9211141 -0.001966118 -0.7263302 0.6873431 -0.07758569 -0.4817656 0.8728587 -0.1201124 -0.7343564 0.6680522 -0.1781827 -0.6833224 0.7080405 -7.37819e-4 -0.6744585 0.7383124 -0.9992552 0.03646743 -0.01261258 -0.9998141 0.01794952 -0.007044494 -0.988097 -0.1538323 -2.17572e-4 -0.9999261 -0.01166039 0.003446102 -0.9999683 -0.006531238 0.004553258 -0.9983562 0.001439452 0.05729717 -0.9998354 0.006684422 -0.01686877 -0.9990999 0.02135807 -0.03665012 -0.9991014 0.02133965 -0.0366227 -0.9998646 0.01284444 -0.01028865 -0.9983502 0.001431047 0.0574029 -0.9984811 -0.04342103 0.0339148 -0.9480113 -0.002108335 0.3182297 -0.9996725 -0.02556258 0.001280009 -0.9988327 -0.04628384 -0.01382577 -0.9917132 -0.1266847 0.0213539 -0.9978786 -0.05373626 -0.03675204 -0.9804755 -0.1965641 -0.005520462 -0.9993408 0.03424024 -0.01206779 -0.9969432 -0.01737737 -0.07617312 -0.9992874 -0.03765356 0.002654373 -0.9999434 0.01024198 -0.002889037 -0.9999964 -0.002334415 0.001386821 -0.9998995 -0.01341426 0.004598081 -0.9756169 0.1848157 -0.1183844 -0.9998124 0.01803755 -0.007050871 -0.9737628 0.1841728 0.1336659 -0.9992469 0.03669047 -0.01262617 -0.9996263 -0.02602356 0.008378744 -0.9979745 -0.05908173 0.02358859 -0.719456 0.4764597 0.5053408 -0.9728441 0.09005749 0.2132231 -0.9653264 0.183737 -0.1854341 -0.7283372 0.4821683 -0.4868662 -0.6634321 0.5263984 -0.5317543 -0.4666677 0.604954 -0.6451759 -0.5212578 0.6142163 -0.5924769 -0.1274836 0.6876218 -0.7147896 -0.8228254 0.003266453 0.5682849 -0.9460844 0.2760142 -0.1695306 -0.9969437 -0.01733177 -0.07617825 -0.9479665 -0.001692235 -0.3183659 -0.805142 -0.006274282 -0.593049 -0.7283615 0.4821568 -0.4868412 -0.9740031 0.0873028 -0.2090362 -0.9519656 0.005277931 0.3061599 -0.8117124 0.007497549 0.5840092 -0.9519119 0.005281865 0.3063266 -0.8116986 0.007499396 0.5840284 -0.7984225 0.009873092 0.6020167 -0.1651341 0.7088276 0.6857799 -0.5734924 0.5802267 0.5783109 -0.365939 0.637017 0.6784527 -0.6819136 0.5005002 0.5333794 -0.8296629 -0.0218755 -0.5578359 -0.9561812 -0.007382392 -0.2926829 -0.9788828 -0.2034381 0.02003622 -0.9874166 -0.1226994 0.09976685 -0.08141964 -0.6993457 0.7101314 -6.52852e-4 -0.7127692 0.7013984 -7.36554e-4 -0.6744672 0.7383046 -0.001954078 -0.7163592 0.697729 -6.51123e-4 -0.7127859 0.7013814 -0.08739006 -0.5791588 0.8105172 -0.1088235 -0.7201915 0.6851873 -0.1632814 -0.6826959 0.7122258 -7.42132e-4 -0.674425 0.7383431 -0.1035612 -0.7017728 -0.7048334 -0.001487672 -0.6897065 -0.7240877 -5.43586e-5 -0.7372151 -0.6756581 -0.004463195 -0.6942664 -0.7197043 -0.001511037 -0.6897296 -0.7240654 -0.1113479 -0.8038366 -0.5843358 -0.1397063 -0.6723051 -0.7269719 -0.2077937 -0.7082624 -0.6746748 -7.07959e-5 -0.7373837 -0.6754741 -0.07500469 -0.6955915 -0.7145116 -0.001508295 -0.6881589 -0.7255586 0 -0.7319414 -0.6813676 -0.004516899 -0.6942539 -0.7197161 -0.1015496 -0.6686707 -0.7365916 -0.1501924 -0.7020955 -0.6960633 0 -0.7319417 -0.6813673 0.002604484 -0.02524977 -0.9996778 0.001301229 -0.01677525 -0.9998585 0.00130254 -0.01678049 -0.9998584 0 -0.008372902 -0.999965 -0.09483689 -0.1966555 -0.9758753 -0.1098965 0.05302292 -0.9925277 -0.08460313 -0.1127455 -0.9900155 -0.004906952 -0.176361 -0.9843134 0.05319219 -0.1028516 -0.9932735 0.02660679 -0.06764823 -0.9973545 0.03583961 -0.2675855 -0.9628674 0 -0.2674438 -0.9635735 -0.06684798 -0.3685651 -0.9271954 -0.1162559 -0.2945707 -0.9485319 -0.08605694 -0.7686681 -0.6338325 -0.06175017 -0.4552595 -0.8882149 -0.1239918 -0.7319498 -0.6699818 -0.09677433 -0.8231642 -0.5594959 -0.0618636 -0.4552921 -0.8881904 -0.06694406 -0.3686805 -0.9271426 -0.002639055 0.02549868 -0.9996715 -0.001318156 0.01688528 -0.9998566 -0.001322209 0.01691007 -0.9998562 0 0.008373618 -0.999965 -0.002064466 -0.9199479 -0.3920354 -0.001373767 -0.9644558 -0.2642406 3.17049e-4 -0.9999139 -0.01312559 0 -0.9998824 -0.01533579 -0.001271665 -0.008289813 0.9999649 -6.40856e-4 -0.004167199 0.9999912 -6.4124e-4 -0.004167199 0.9999911 -6.41234e-4 -0.004169523 0.9999911 -6.4143e-4 -0.004169464 0.9999911 -0.3054012 -0.02779436 -0.9518181 6.40989e-4 5.08903e-6 -0.9999999 -0.2021865 -0.01844382 -0.9791734 6.41998e-4 0 -0.9999999 -0.01729416 0.997617 0.06679362 0.01680171 0.9994315 0.0292319 0.01680284 0.9994314 0.02923285 0.01680743 0.9994315 0.02922999 0.01680487 0.9994316 0.02922767 0.05089443 0.9986684 -0.008440494 -0.8420539 -0.1400307 0.5208998 -0.9968672 -0.007640004 -0.07872486 -0.9968663 -0.007620632 -0.07873779 -0.9968528 -0.007739186 -0.07889664 -0.877117 -0.2761752 -0.3929289 -0.8169419 -0.0554077 -0.5740523 -0.001471638 0.9999372 0.01112037 -0.001470625 0.9999372 0.01112049 -0.001469075 0.9999374 0.011101 -0.001468777 0.9999373 0.011101 -0.002940118 0.9997488 0.02222001 -0.9725366 0.1506987 0.1773771 -0.7937786 0.3759411 0.4781044 -0.6635372 0.3797345 0.6446086 -0.5523677 0.3863103 0.7386842 -0.7937468 0.3758808 0.4782044 -0.7645123 0.3288913 0.5543929 0.1878765 -0.0394957 0.9813984 0.5919224 -0.05935388 0.8038066 0.3428539 -0.1528147 0.9268758 0.4869143 -0.2205579 0.8451442 0.7686429 -0.07918089 0.6347586 0.8918317 -0.2000192 0.4057444 0.04836869 0.02036052 -0.9986221 0.02517825 0.04566663 -0.9986394 0.02521556 0.04562562 -0.9986403 0.001986861 0.07086282 -0.9974842 -0.001307666 -0.02515184 0.9996829 -6.69188e-4 -0.02098304 0.9997797 -6.69777e-4 -0.02098292 0.9997796 -6.57049e-4 -0.02090358 0.9997813 -6.5716e-4 -0.02090358 0.9997813 0 -0.01664024 0.9998615 -0.002545535 -0.3891153 0.9211856 0.002002894 -0.2616544 0.9651597 2.58606e-4 -0.2507152 0.9680609 -2.21778e-4 -0.3741185 0.9273809 -0.09093892 -0.8366053 0.5402054 -0.1090703 -0.05498445 0.9925121 -0.1488605 -0.5888784 0.7943946 -0.1283488 -0.3880441 0.9126601 -0.1091387 -0.05505126 0.992501 -0.1404512 -0.06091171 0.9882122 0 0.05138379 -0.9986791 0.001087129 0.04346114 -0.9990546 0.001086413 0.04346108 -0.9990546 0.001089274 0.04344928 -0.9990551 0.001089274 0.04344928 -0.999055 0.002173721 0.03552347 -0.9993665 0.05454736 -0.02049535 0.9983009 0.02812272 -0.04920542 0.9983928 0.02812463 -0.04920649 0.9983926 0.02809435 -0.04923957 0.9983919 0.02809435 -0.04923969 0.9983918 0.00163865 -0.07788509 0.9969611 -5.69604e-4 -0.9998688 0.01619642 -0.001755833 -0.9999654 0.00812906 -0.001750946 -0.9999652 0.008162617 -0.002927899 -0.9999958 1.26394e-4 -0.008133292 0.3448075 0.9386382 -3.82462e-4 0.2128208 0.9770912 -3.28597e-4 -0.002581357 0.9999967 0 -1 -3.42186e-7 4.26719e-4 -0.9338487 0.3576679 -0.03324848 -0.9674009 0.2510581 0.001146614 -0.7458136 0.6661537 4.16424e-4 -0.9337913 0.3578181 -0.03273808 -0.8740102 0.4848035 -0.03329086 -0.9674 0.2510563 -0.0945158 -0.9946933 0.0406453 0 0.9997856 -0.02070653 -2.72433e-4 0.9998232 -0.01880878 -2.72207e-4 0.9998232 -0.01880878 -2.89173e-4 0.9998253 -0.01868999 -2.89224e-4 0.9998253 -0.01868999 -5.64327e-4 0.9998598 -0.01674413 0 -0.01000434 -0.9999501 -0.00232762 0.008400857 -0.9999621 -0.01107829 0.1269754 -0.991844 -0.0110957 0.1270061 -0.9918399 -0.0023337 0.008436143 -0.9999618 -0.004661083 0.02683848 -0.999629 -0.8037716 0.1230389 0.5820763 -0.5250939 0.1653835 0.8348202 -0.6527478 0.3786882 0.6561369 -0.6369139 0.4128909 0.6510468 0.9076585 0.08487349 -0.4110386 0.4697431 0.009825289 -0.8827485 0.6913294 0.1064857 -0.7146499 0.4696084 0.009929716 -0.8828191 0.2115721 0.0958727 -0.9726487 -0.09577101 -0.01116919 -0.9953407 0.05081409 -0.9985704 0.01658904 0.0164135 -0.9996229 -0.02201682 0.01641148 -0.999623 -0.02201509 0.0163902 -0.9996229 -0.02203673 0.0163958 -0.9996227 -0.02204173 -0.01807081 -0.9980044 -0.06050479 0.08271598 0.1736456 0.9813283 0.4480149 0.2914798 0.8451759 0.2419989 0.394513 0.8864514 0.2457345 0.3297967 0.9115091 6.92076e-4 -0.9999839 -0.005643308 3.49809e-4 -0.999967 -0.00811243 3.50059e-4 -0.999967 -0.00811249 3.38692e-4 -0.9999665 -0.00819385 3.38546e-4 -0.9999665 -0.00819385 6.81608e-6 -0.9999437 -0.010616 7.49234e-6 -0.009562194 0.9999543 0.004362106 0.02340364 0.9997166 0.004360914 0.02340698 0.9997165 0.008709251 0.05631566 0.9983751 0.00139451 -0.01406234 -0.9999002 6.93767e-4 -0.00919193 -0.9999575 6.94213e-4 -0.009194791 -0.9999575 0 -0.004420578 -0.9999902 -0.956534 -0.1952723 0.2165902 -0.8071452 -0.4634934 0.3656371 -0.6828163 -0.6324528 0.3657397 -0.5641831 -0.7357035 0.3747505 -0.8070987 -0.4636244 0.3655737 -0.7765858 -0.5461013 0.3141462 -0.001148462 0.9305548 0.366151 -4.89362e-4 0.9702404 0.2421433 3.5739e-4 0.9999962 0.002751529 3.836e-4 0.9999967 0.002561569 -5.03488e-4 0.9702401 0.2421447 7.41077e-4 0.9999998 -5.06339e-5 0.001426756 -0.9999833 -0.005619466 1.29307e-5 -0.9998741 -0.01587653 -0.1026891 -0.9432724 -0.3157405 -0.1026477 -0.9432857 -0.3157147 -0.003398895 -0.9632532 -0.2685734 -4.43732e-4 -0.9315794 -0.3635378 -0.001293957 -0.009305357 0.999956 -0.002759158 -0.01984512 0.9997993 -0.002757549 -0.0198453 0.9997993 -0.002761244 -0.01986593 0.9997989 -0.002667009 -0.2698258 0.9629055 -0.004221141 -0.03035569 0.9995303 0.417608 0.3622679 0.833286 0.6751268 0.5738896 0.4635242 0.4112632 0.5927566 0.692461 0.3396849 0.9021143 0.2660903 0.6228662 0.6980118 0.3532949 0.5583429 0.8255782 -0.08169364 -0.001177966 -0.009355485 -0.9999556 -2.73693e-4 -0.0155254 -0.9998794 -2.74692e-4 -0.01552128 -0.9998796 6.16909e-4 -0.02163094 -0.9997659 0.04277163 0.9990584 -0.007280886 0.01233541 0.999579 0.02626407 0.01233202 0.9995791 0.02626097 0.01232612 0.9995788 0.02627468 0.0123279 0.9995788 0.02627629 -0.01812112 0.9980549 0.05964922 -5.696e-4 -0.9998687 0.01619571 -0.001755833 -0.9999654 0.008129298 -0.001750946 -0.9999652 0.008162021 -0.002927839 -0.9999958 1.26729e-4 0 0.008269727 0.9999659 6.61769e-4 0.01262986 0.9999201 6.6185e-4 0.01262986 0.9999201 6.66445e-4 0.01265764 0.9999197 6.66224e-4 0.0126577 0.9999197 0.001341998 0.01696693 0.9998552 -0.01510107 -0.8126959 -0.5824924 -0.2511589 -0.8752455 -0.4133577 -0.1027024 -0.943253 -0.315794 -0.1027061 -0.943237 -0.3158408 -0.251299 -0.875152 -0.4134707 -0.4517318 -0.7247063 -0.5203261 -0.004838526 -0.2292146 -0.9733639 -0.0151093 -0.8126973 -0.5824904 -0.005905568 -0.703294 -0.7108746 -0.004687607 -0.8570336 -0.5152393 -0.8059923 0.4549317 0.3786998 -0.7708628 0.4916445 0.4050388 -0.8939458 0.3459083 0.2849714 -0.7327335 0.5271986 0.4303061 -0.9992109 -0.01505982 -0.03675496 -0.9984575 0.02134066 -0.05125719 -0.9996682 1.27975e-4 -0.02575981 -0.9997918 0.01826953 -0.00909692 -0.9899079 -0.122445 0.07134163 -0.9738402 -0.1984956 0.1106115 -0.8280155 -0.433185 0.3560075 5.08971e-4 0.02598905 0.9996622 -3.03443e-4 0.02028 0.9997944 -3.09004e-4 0.02024161 0.9997951 -0.001123845 0.01452082 0.999894 0.001180469 0.009305357 -0.9999561 -0.001471757 0.02746981 -0.9996216 -0.001470148 0.02747005 -0.9996216 -0.001470923 0.02745062 -0.9996221 -0.003172695 0.2749181 -0.9614625 -0.004128634 0.0456534 -0.9989489 0.04861348 -0.07665443 0.995872 0.02740228 -0.1006706 0.9945424 0.02740007 -0.1006681 0.9945427 0.02737623 -0.1006953 0.9945406 0.02737736 -0.1006971 0.9945405 0.006159722 -0.1245647 0.9921925 -0.9766646 -0.1816098 0.1146485 -0.8633286 -0.504463 0.01344907 -0.9373969 -0.3479534 0.01468408 -0.9490396 -0.2690212 0.1641688 -0.8633307 -0.5044596 0.01344704 -0.8763691 -0.4815162 0.01093018 -0.9927827 -0.08486932 -0.08473354 -0.9628941 -0.1176207 -0.2428999 -0.8562212 -0.1931744 -0.4791337 -0.8561496 -0.1931853 -0.4792572 -0.8561404 -0.193172 -0.4792789 -0.2116426 -0.07644784 -0.9743527 -0.8650923 0.5014976 -0.01074498 -0.9344501 0.3558566 -0.01300376 -0.8570242 0.5151297 -0.01228415 -0.8570296 0.5151208 -0.01228463 -0.9344446 0.355871 -0.01300656 -0.9755904 0.1849499 -0.118393 -0.003131031 0.9997208 0.02342307 -0.003128528 0.9997208 0.02342337 -0.003135025 0.99972 0.0234571 -0.00313574 0.99972 0.02345699 -0.006261229 0.9988816 0.04686748 -0.003584563 -0.02680599 0.9996343 -0.001793146 -0.01340949 0.9999086 -0.00179243 -0.01340955 0.9999085 -0.001791954 -0.01339888 0.9999087 -0.001790463 -0.01339906 0.9999087 -0.0101692 -0.9997059 0.02202004 -0.0153805 -0.9995903 0.02413743 -0.01543539 -0.999589 0.02415901 -0.03979349 -0.9991761 0.007986783 -0.9999868 -0.005144 1.18733e-5 -0.9999866 -0.005193412 0 0.8158728 0.05276429 -0.5758191 0.9983024 -0.0548684 -0.01954489 0.8986839 -0.03325742 -0.4373343 0.9725378 -0.123754 -0.1971178 0.9982997 -0.05493474 -0.01949089 0.9938347 -0.1060303 0.03240793 -1 3.40695e-6 0 -1 -1.72302e-6 0 -0.0722602 -0.8610694 -0.503327 -0.0636568 -0.9825234 0.1749165 -0.1555117 -0.9875384 0.02416634 -0.1337453 -0.9732183 0.1869719 -0.08367824 -0.739766 0.6676408 -0.1310636 -0.9221181 0.3640339 -0.01361227 -0.9682031 0.2497951 -0.02714079 -0.9826773 0.1833271 0.02412396 -0.9771581 0.2111399 -0.005529105 -0.9390532 0.3437275 -0.05252707 -0.9718961 0.2294757 -0.05125617 -0.9899164 0.1320543 -0.06716495 -0.9977228 -0.006192922 -0.02126526 -0.9971554 -0.07231163 -0.04263061 0.3890877 0.9202138 -3.07217e-4 0.9675574 0.2526514 -8.19698e-4 0.7072458 0.7069673 0.004810452 0.5056647 0.8627167 -7.1874e-4 0.7071986 0.7070146 0 0.7068611 0.7073524 -0.9995744 -0.01379644 0.02570515 -0.9995119 -0.01326537 0.02828699 -0.9995119 -0.01326555 0.02828699 -0.9995106 -0.01325446 0.02833908 -0.9995105 -0.01325458 0.02833914 -0.9994438 -0.01273316 0.03082489 -0.520595 -0.2181659 0.8254601 0.07969659 -0.2073773 0.9750093 -0.1210578 -0.005740821 0.9926289 0.06295514 -0.03373599 0.9974461 0.07982248 -0.207305 0.9750143 0.3621663 -0.1488212 0.9201565 0.4650681 -0.07411056 0.8821675 0 0.9675141 -0.2528172 -5.01089e-4 0.8633953 -0.5045281 -2.93842e-4 0.5646042 -0.8253619 -6.13058e-4 0.7074384 -0.7067748 -1.80491e-5 0.3874923 -0.921873 -0.9977245 -0.03493005 -0.05766981 -0.997148 -0.05965185 -0.04623562 -0.9806578 -0.167187 -0.1017788 -0.9970098 -0.06578779 -0.04054081 -0.9998825 -0.01505774 -0.002900898 -0.9984994 -0.03773349 -0.03968876 -0.935923 -0.2221595 -0.2733005 -0.6883442 -0.6473792 -0.3272348 -0.9095808 -0.358158 -0.210679 -0.9096475 -0.3580523 -0.2105708 0.02864319 -0.9995739 0.005624949 0.01912218 -0.9998171 3.93148e-4 0.01909142 -0.9998177 3.82647e-4 0.02865147 -0.9995737 0.005627989 0.06102478 -0.9981211 -0.005502879 0 -0.9999492 -0.01008409 0.01155591 -0.002268314 -0.9999307 0.03262984 -0.006405651 -0.999447 0.02176338 -1.71636e-4 -0.9997632 0.08587574 0.02547371 -0.9959802 0.01729381 0.1867688 -0.9822517 0.08583742 0.02545988 -0.9959838 -2.92312e-4 0.5645275 -0.8254143 -0.9997999 -0.0196563 -0.00371778 -0.9996908 -0.02476531 -0.002268791 -0.9999064 -0.01262336 -0.005294024 -0.9995536 -0.02986764 -8.11056e-4 0.4627391 0.07108938 -0.8836396 0.06318527 0.0334168 -0.9974423 0.3609861 0.1379745 -0.9223081 0.081245 0.1947575 -0.9774809 0.002448737 -0.9861997 0.1655427 0.004658162 -0.9467939 -0.321807 0.002494931 -0.9873325 -0.1586452 0.00738275 -0.792225 -0.6101844 0.001451849 -0.9923613 0.1233573 0.005387842 -0.999939 -0.009649097 -0.02870202 -0.9995865 0.001760423 0.06099057 -0.9981231 -0.005521953 -0.1389643 -0.9812626 0.1334643 0.03805154 -0.9923753 0.1172325 0.06112104 -0.9981155 -0.005460798 0.0752685 -0.9819802 0.1733485 0.03855079 -0.973657 -0.224735 0.02066379 -0.9475743 -0.3188667 0.004952549 -0.8761693 0.4819782 0.001457631 -0.9923415 0.1235164 0.005402028 -0.9999387 -0.009666442 -0.8691402 0.3350906 0.363744 -0.8680725 0.3504672 0.3516006 -0.9844751 0.1270846 0.1210712 -0.8665769 0.3658775 0.3393791 -1 -2.71175e-6 0 -0.03161567 0.9443319 0.3274718 -0.008842945 0.9650219 0.2620206 -0.01430404 0.8041008 0.594321 0.06547027 0.9158075 0.3962454 0.2541082 0.9664745 0.03682237 0.0893194 0.9624415 0.2563758 0.08491432 0.996315 0.01208811 -0.008846342 0.9650601 0.2618793 0.08486485 0.9963194 0.0120719 -0.008844852 0.9650563 0.2618935 8.07341e-4 0.999932 -0.01163649 -0.9565865 -0.1951414 0.2164766 -0.9999855 0.002616584 -0.004715621 -0.9999755 0.002797603 -0.006438493 -0.9999751 0.002799391 -0.006482422 -0.9999853 0.002617061 -0.004760146 -0.9999592 0.00879383 -0.002087891 -0.9999296 0.01173543 0.001769721 -0.9997034 0.02030825 0.01344752 -0.02814006 0.3589545 -0.9329308 -0.006872713 0.2966719 -0.9549548 -0.01094126 0.5666145 -0.8239104 -0.01092696 0.5667456 -0.8238204 -0.01090985 0.5667446 -0.8238213 0.006348431 0.990625 -0.1364621 -0.06852275 0.8648684 -0.4973001 0.01746308 0.9678186 -0.2510428 0.03480231 0.9826353 -0.1822543 0.02868974 0.9764452 -0.2138499 -0.004800081 0.9383252 -0.345721 -0.06535661 0.9800524 -0.1876853 -0.05027914 0.9900662 -0.1313051 -0.06683415 0.9977415 0.006730973 -0.02126318 0.9971083 0.0729593 -0.1584447 -0.9631959 -0.2171382 0.02063524 -0.9997258 -0.01107591 0.0205127 -0.9997267 -0.01122307 0.03100442 -0.999519 8.03991e-4 -0.1099038 0.05308425 -0.9925237 -0.1451867 0.5840351 -0.7986387 -0.1343596 0.7910124 -0.5968643 -0.08069992 0.7350668 -0.6731749 -0.1365389 0.9472991 -0.2897958 -0.1256886 -0.9851626 -0.1168633 -0.2084138 -0.9737327 0.09169721 -0.678803 -0.7343205 -9.58592e-5 -0.9188111 -0.3946976 2.61407e-4 -0.6789457 -0.7341886 -8.05706e-5 -0.9574044 -0.2887376 0.002755761 -0.513736 -0.4597578 -0.7243605 -0.6935793 -0.5863803 -0.4184566 -0.8187959 -0.3873679 -0.4236976 -0.8266155 -0.3120738 -0.4683127 -0.6936719 -0.5863513 -0.4183437 -0.8394466 -0.4810717 -0.2527833 -0.9844542 -0.1543541 -0.08381521 -0.3321408 -0.08281385 -0.9395874 -0.05115491 -0.2005786 -0.9783412 0.2310376 -0.08118742 -0.9695516 0.4276932 -0.08149939 -0.9002424 0.1067345 -0.2576565 -0.9603233 0.6095348 -0.003300666 -0.7927525 -0.9927196 -0.008550941 -0.1201451 -0.8670534 -0.2278496 -0.443061 -0.8889289 -0.0471338 -0.4556137 -0.5911379 0.004857897 -0.8065559 -0.8265771 -0.3119472 -0.468465 -0.5911231 0.004821121 -0.8065671 -0.4211837 -0.1925656 -0.8862973 -0.3694612 -0.05869412 -0.9273908 -0.5909887 0.004824817 -0.8066655 -0.07467323 -0.05252695 -0.9958237 -0.08876854 -0.1117249 -0.9897665 0.9966567 -0.04261046 -0.06971198 0.8065974 -0.02825373 -0.5904255 0.8065897 -0.02821892 -0.5904378 0.6897167 -0.003911793 -0.7240688 0.8064789 -0.02832323 -0.5905842 0.5150298 -0.04882746 -0.8557805 0.1026121 -0.05447757 -0.9932286 0.1595943 -0.01570922 -0.9870578 0.3876936 -0.04631251 -0.9206241 0.644993 -0.05455058 -0.762239 0.3878064 -0.04618406 -0.9205832 0.8157756 0.05282318 -0.5759514 0.9983041 -0.05486941 -0.01945012 1 7.65467e-5 3.31496e-4 0.9999994 1.01396e-4 0.001206576 0.9999869 0.005137145 0 -0.9999688 -0.003832101 -0.006922006 -0.9999421 0.01061022 -0.001812398 -0.9999015 0.01399755 0.001078069 -0.9997209 0.02311617 0.004872381 -0.9997634 0.02066195 0.006804347 0.6096711 -0.003369271 -0.7926474 0.7536554 -0.1445384 -0.6411804 0.8944545 0.02024441 -0.4467004 0.9697204 -0.02322125 -0.2431117 0.8945228 0.02035748 -0.4465587 0.9831996 -0.1679895 0.07140237 0.04700994 -0.9988935 -0.001388728 0.04463982 -0.9988709 -0.01626259 0.03038781 -0.9981592 -0.05248731 0.004438281 -0.9989854 -0.04481875 -0.001871764 -0.99935 -0.03600436 -0.0372591 -0.998904 -0.0283302 -0.001862347 -0.9993493 -0.03602141 -0.03726226 -0.9989041 -0.02832341 -0.02334451 -0.9997264 0.001521348 -0.05268996 -0.9976504 -0.04379105 -0.003986299 -0.999974 0.006014287 -0.001072049 -0.9991739 0.04062563 0.008172154 -0.9990353 0.04314732 0.01309221 -0.9997615 0.01748245 0.04698598 -0.9988946 -0.001377463 -0.5746577 -0.02132922 0.818116 -0.3177494 -0.05943369 0.9463103 0.09003484 0.003326356 0.9959331 0.09010863 0.003273785 0.9959266 -0.0589016 0.02776551 0.9978776 0.4061676 -0.09590518 0.908752 0.5466421 -0.1906721 0.815369 -0.8505302 -0.07389193 0.5207096 -0.9353426 -0.0583471 0.3488982 -0.9991793 -0.01734811 -0.03660434 -0.9452653 -0.06021231 -0.3206992 -0.9906953 -0.0378943 0.1307165 -0.766935 -0.04579526 -0.6400888 0.9998759 -0.00539273 0.01481044 0.9981488 -0.007245838 0.06038624 0.9999498 0.009784042 0.002185642 0.9998405 0.01737475 -0.004134774 1 -1.213e-6 0 0.9747737 -0.208649 0.07925873 0.9981446 -0.007288992 0.06045001 0.8735079 -0.1774768 0.4533059 0.873463 -0.1774039 0.4534207 0.9775924 -0.01330518 0.2100862 0.7763639 -0.02213704 0.6298961 0.8226479 -0.315558 0.4729415 0.6100862 -0.02584415 0.7919134 0.4019629 -0.2957237 0.8665872 -0.8310707 0.005880296 -0.5561358 -0.7668562 -0.04584771 -0.6401793 -0.6106303 -0.1344773 -0.7804143 -0.5123134 -0.1172748 -0.8507536 -0.01336473 -0.2474001 -0.9688214 0.09035497 -0.02239215 -0.9956579 0.4873796 -0.3066896 -0.817559 0.4874739 -0.3066307 -0.8175249 0.4134358 -0.04495835 -0.9094227 0.7887399 -0.0258314 -0.6141843 0.8632211 -0.1959221 -0.4652568 0.9139878 -0.03451526 -0.4042712 0.7888341 -0.02583324 -0.6140632 0.9988822 -0.0224477 -0.04159957 0.974788 -0.2086478 0.07908517 0.01975309 -0.999664 -0.01678562 -0.004315197 -0.9999295 -0.01107263 -0.009862065 -0.9999185 -0.008124709 -0.02484238 -0.9996842 -0.003803849 -0.02110189 -0.9997751 -0.002138435 -0.033921 0.8702772 0.4913931 -0.1122181 0.6214737 0.7753564 -0.05755877 0.4007562 0.9143749 -0.04219245 0.3152074 0.9480845 -0.07523155 0.455158 0.8872268 -0.1110718 0.04234355 0.9929099 -0.9991255 -0.02295851 -0.03494614 -0.9996613 -0.00175774 -0.02596551 -0.9998776 -0.003513514 -0.01525086 -0.9999787 0.006482422 -7.7971e-4 -0.9999889 -0.003558516 0.00310558 -0.7979582 -0.03247135 -0.6018376 -0.935437 -0.06278455 -0.347873 -0.9966101 0.02646797 0.0778957 -0.9966015 0.02642756 0.07801884 -0.9961532 0.04383134 -0.07587981 -0.935317 -0.05830013 0.3489747 -0.850441 -0.1118468 0.5140432 -0.8836408 -0.09659457 0.4580923 -0.6869055 -0.08497917 0.7217614 -0.3505985 -0.0180515 0.9363519 -0.350414 -0.01806432 0.9364207 -0.4468457 -0.02847433 0.8941578 -0.203208 -0.04380095 0.9781555 0.1586563 -0.05407035 0.9858523 -0.1585943 -0.9631403 -0.2172755 -0.193528 -0.9584062 -0.2097723 -0.1934345 -0.9584675 -0.2095787 -0.03980118 -0.9991759 0.007976174 -0.9998868 0.0014171 0.014988 -0.9999635 -0.008068144 0.002839326 -0.9999248 -0.01218032 0.001447379 -0.9998665 -0.01589876 -0.003800868 -0.9998832 -0.01528286 2.77112e-4 -0.05885112 -0.103083 -0.9929302 -0.2023443 -0.1211436 -0.9717926 -0.4547303 -0.1041717 -0.8845161 -0.6548647 -0.005659937 -0.755725 -0.512299 -0.1173123 -0.8507571 -0.7978921 -0.03257966 -0.6019193 0.9981128 0.004539787 -0.06123858 0.8867465 0.07354092 -0.4563686 0.977441 0.008781611 -0.211026 0.772476 0.01772451 -0.6347966 0.8867318 0.07359582 -0.4563886 0.6069388 0.02239584 -0.7944331 0.361119 0.1380246 -0.9222486 -0.01530849 0.9998106 0.0120145 -0.01045453 0.999911 -0.008290648 -0.00774163 0.9998927 -0.01243907 -0.00389409 0.9996834 -0.0248571 -0.002145469 0.9997777 -0.02097493 0.03828948 -0.2693764 -0.9622735 -0.07213753 -0.3405036 -0.9374719 -0.0543825 -0.1947684 -0.9793405 -0.1056124 0.1339269 -0.9853475 -0.04580497 -0.07617342 -0.996042 0.005197465 -0.1218435 -0.9925357 0.0475769 -0.1027534 -0.9935685 0.02381789 -0.07145899 -0.9971592 0 -0.2739925 -0.9617319 -0.03044348 0.7776365 0.6279767 -0.03402024 0.8703578 0.4912432 -0.1223041 0.9664126 0.2260274 -0.06535834 0.9800534 -0.1876801 -0.1218457 0.9387934 -0.3222121 -0.06859111 0.8647946 -0.4974189 -0.1191881 0.6807887 -0.7227178 -0.1497827 0.09764105 -0.9838859 -0.1252571 -0.5305535 -0.8383459 -0.087906 -0.8367584 -0.5404701 -0.09458673 -0.9017417 -0.4218002 -0.1312468 -0.9534359 -0.2715408 -0.08787882 -0.8368256 -0.5403704 -0.06038552 -0.9624314 0.264725 -0.07276195 0.9725487 -0.221031 0.08623611 0.993434 -0.07518213 0.06257134 0.9960408 -0.06314736 0.07689124 0.9929378 -0.09034693 0.2160418 0.9699038 0.1123058 -0.9989885 -0.022143 -0.03913867 -0.9995787 9.24772e-4 -0.02901399 -0.9998541 -0.002431154 -0.01691424 -0.9852849 -0.1698953 0.0186932 -0.9627497 -0.2677323 0.03784853 -0.8589275 -0.5078346 0.0659359 -0.9997922 -0.02038264 -2.44881e-4 -0.9999153 -0.01293563 0.001518428 -0.9999599 -0.008603513 0.002528488 -0.9999722 -0.004039466 0.006271004 -0.9999598 -0.00860244 0.002528011 -0.9999723 -0.004030585 0.006267666 -0.99999 0 0.0044775 -0.01868754 -0.9956148 0.09166187 -0.028149 -0.9962238 0.08213311 -0.05134594 -0.9936654 0.09996336 -0.01739907 -0.9768387 0.2132688 -0.06031084 -0.9623937 0.2648791 0.01524698 -0.9605973 0.2775259 0.02096587 -0.9981576 0.05693697 0.03101819 -0.9970222 0.07060331 0.01526993 -0.9606447 0.2773605 -0.02004933 -0.9229216 0.3844655 -0.07837301 -0.8546546 0.5132479 0.09034997 0.02238333 0.9956585 0.4164516 0.2066097 0.8853703 0.4134625 0.04498159 0.9094094 0.7902843 0.02843397 0.6120803 0.448191 0.2914339 0.8450983 0.7903068 0.02849656 0.6120484 0.8701567 0.2662485 0.4146555 0.9183982 0.1516609 0.3654364 0.7903587 0.02848219 0.6119821 0.9989268 0.02007216 0.04174369 0.9838149 0.179054 -0.006931304 0.00533688 0.9999856 6.83245e-4 0.01253634 0.9999149 0.00362569 0.006343841 0.9906271 -0.1364474 0.006338775 0.9906324 -0.1364089 0.01253336 0.999915 0.003627479 -3.10299e-4 0.9999949 0.003178417 -0.002978444 0.998459 -0.0554164 0.01694148 0.9998566 -1.24859e-4 -6.71639e-4 0.9999976 -0.002110898 0.00531423 0.9999857 6.85192e-4 0.01694101 0.9998566 -1.20857e-4 -0.007075965 0.9670191 0.2546057 -0.003029882 0.998454 -0.05550098 -0.01710671 0.9403685 -0.3397272 -0.03586596 0.8330292 -0.5520651 -0.01956337 0.71507 -0.6987791 -0.03591334 0.8329318 -0.5522091 0.0267505 0.5312741 -0.8467776 0.1096151 0.2846581 -0.9523415 -0.01123678 0.9988136 -0.04738312 -0.01715332 0.940425 -0.3395684 0.02841174 0.9995678 0.007568717 0.02079176 0.9977757 0.06333446 0.02079087 0.9977744 0.06335651 -0.01728379 0.9443697 0.3284316 0.02083373 0.9977678 0.06344538 -0.01719874 0.9443327 0.3285425 -0.02338659 0.881044 0.4724559 0.9998908 1.22013e-4 -0.01478153 0.9981178 0.004481434 -0.0611636 0.9998971 -0.01426357 -0.001570403 0.9997572 -0.02144944 0.005046725 1 1.72302e-6 0 0.9026909 0.1681916 0.3960567 0.6402388 0.05121183 0.766467 0.6402354 0.05120563 0.7664702 0.4024297 0.2400695 0.8834123 0.6401509 0.05127149 0.7665364 0.05489635 0.06087452 0.9966347 -0.9999471 -7.9865e-4 -0.01025706 -0.9999648 0.005131423 -0.006630718 -0.9999844 0.003412604 -0.004428625 -0.9999843 0.003451168 -0.004418313 -0.9999648 0.005112409 -0.006642997 -0.9999927 0.003686964 -0.001005887 -0.9999843 0.00342679 -0.004440128 -0.9999929 0.003653585 -9.96778e-4 -1 1.19532e-6 0 -0.9999929 0.003654718 -9.96822e-4 0.02006691 0.3732185 -0.9275264 -0.119454 0.006482362 -0.9928186 -0.5253275 0.2766472 -0.8046723 -0.5828791 0.1219971 -0.8033486 -0.4532235 0.04606074 -0.8902062 -0.8124272 -6.88741e-5 -0.5830628 -0.8961518 0.09608232 -0.4332207 -0.9973266 0.03859162 -0.06205207 -0.9987149 0.02660685 -0.04313731 -0.9987207 0.02667164 -0.04296141 -0.9925327 0.01154273 0.1214317 -0.847936 0.005145311 0.5300738 -0.9999683 0.003838479 0.006983339 -0.9999447 -0.01041096 0.001543462 -0.9998784 -0.01560407 1.27675e-5 -0.9875108 0.1555877 -0.02479797 -0.968289 0.2473148 -0.03538262 -0.8624843 0.5018814 -0.06508469 -0.165261 -0.7962031 0.5820218 -0.1440495 -0.6724404 0.7259985 -0.1154204 -0.7640797 0.6347129 -0.1274704 -0.4318902 0.8928731 -0.06897324 -0.376357 0.9239038 -0.1384415 -0.1805324 0.9737772 -0.1274048 -0.4317593 0.8929457 -0.07289278 0.2390416 0.9682695 -0.6358488 -0.7559755 0.1555553 -0.2504395 -0.9558199 0.1539103 -0.3566051 -0.9059289 0.2283102 -0.2042794 -0.8565586 0.473896 -0.1389491 -0.9812476 0.1335908 0.1021686 -0.9011635 0.4212674 -0.9998733 0.01563704 -0.002986431 -0.9714932 0.2116329 -0.1068298 -0.9182739 0.357212 -0.1708 -0.9097993 0.3625724 -0.202006 -0.9098717 0.3624128 -0.2019666 -0.9715184 0.2115408 -0.1067829 -0.9985501 0.04510748 -0.02938026 -0.9985598 0.05224806 -0.01218754 -0.9999646 -0.008199632 0.001912713 -0.9988518 0.01390939 -0.04584407 -0.9993315 0.01627463 -0.03273761 -0.9993314 0.01627612 -0.03273791 -0.999332 0.01627749 -0.03272241 -0.999332 0.01627838 -0.03272253 -0.9999082 0.00934422 -0.00980854 -0.5073302 0.8616935 0.01002353 -0.2687861 0.9317332 0.2441868 -0.2687993 0.9317319 0.2441776 0.001376211 0.8931563 0.4497445 -0.9992884 0.03771895 0 -0.9987195 0.02192711 0.04559361 -0.9994315 0.01463896 0.03037226 -0.9989547 0.00304383 0.04561036 -0.9994322 0.0146116 0.03036123 -0.9989566 0.003044366 0.04556775 -0.9999492 0.009778976 -0.002471446 -0.9999061 0.004891514 0.01280534 -0.9999582 0.003259241 0.008541405 -0.9999584 4.67657e-4 0.00911957 -0.9999964 4.68178e-4 0.002656757 -0.999983 -0.003123879 0.004948318 -0.999969 -0.004659175 0.006346523 -0.9999524 -0.009161293 0.003380298 -0.9999694 -0.004692971 0.006273329 -0.9999525 -0.009150385 0.003387093 -0.999964 -0.008321881 0.001667439 -0.9999106 -0.01337039 0 -0.0712592 0.9489925 -0.3071407 -0.1641513 0.9804424 -0.1085687 -0.03443783 0.8949189 0.4448979 -0.03454685 0.8948859 0.4449559 -0.08744966 0.9565734 0.2780647 -0.07072919 0.8020473 0.5930578 -0.03441625 0.8948393 0.4450598 -0.1171633 0.6596828 0.7423553 -0.06678736 0.3656939 0.9283359 -0.9999926 0.002676844 0.002760589 -0.9962745 -0.07355594 -0.04501974 -0.9983238 -0.03711509 -0.04440921 -0.9983232 -0.03712111 -0.04441761 -0.9962713 -0.07359611 -0.0450254 -0.9927863 -0.08484619 -0.08471459 -0.9927389 -0.03126662 -0.1161549</float_array>
          <technique_common>
            <accessor source="#mh00400-j00_lk3_1-mesh-normals-array" count="6456" stride="3">
              <param name="X" type="float"/>
              <param name="Y" type="float"/>
              <param name="Z" type="float"/>
            </accessor>
          </technique_common>
        </source>
        <vertices id="mh00400-j00_lk3_1-mesh-vertices">
          <input semantic="POSITION" source="#mh00400-j00_lk3_1-mesh-positions"/>
        </vertices>
        <triangles material="Surface_1_007-material" count="3266">
          <input semantic="VERTEX" source="#mh00400-j00_lk3_1-mesh-vertices" offset="0"/>
          <input semantic="NORMAL" source="#mh00400-j00_lk3_1-mesh-normals" offset="1"/>
          <p>0 0 1 1 2 2 3 3 4 4 5 4 4 5 3 6 6 7 3 8 5 9 7 9 8 10 9 11 6 12 10 13 11 14 12 15 8 16 13 17 9 17 14 18 0 19 2 20 15 21 16 22 17 22 16 23 15 23 18 23 19 24 20 25 21 26 22 27 23 28 24 28 25 29 21 30 20 31 26 32 27 33 28 34 29 35 30 36 31 37 26 38 32 39 27 40 33 41 34 42 35 43 33 41 36 44 34 42 37 45 38 46 39 47 15 48 17 48 40 48 41 49 42 50 43 51 44 52 45 53 46 54 47 55 48 56 49 57 50 58 51 59 52 60 49 61 48 62 39 63 37 64 39 65 48 66 53 67 54 68 55 69 56 70 46 71 57 72 58 73 56 74 57 75 43 76 11 77 58 78 59 79 60 80 61 80 40 81 62 82 15 83 63 84 44 85 64 86 65 87 66 88 67 89 67 90 49 91 68 92 44 93 46 94 56 95 69 96 70 97 71 98 72 99 73 100 74 101 75 102 76 103 77 104 78 105 71 106 70 107 79 108 80 109 81 110 81 110 80 109 82 111 81 112 82 113 83 114 83 114 82 113 78 115 83 114 78 115 84 116 84 116 78 115 70 117 80 109 85 118 82 111 82 111 85 118 78 119 69 120 86 121 87 122 73 123 88 124 89 125 90 126 91 126 92 126 93 127 94 128 95 129 96 130 97 130 98 130 99 131 100 132 101 133 102 134 103 135 104 136 105 137 103 138 102 139 106 140 107 141 108 142 109 143 107 144 106 143 110 145 111 146 112 146 113 147 114 147 115 147 116 148 117 149 118 150 119 151 120 151 121 151 122 152 123 153 124 154 125 155 126 156 127 157 127 157 126 156 122 152 127 157 122 152 128 158 128 158 122 152 124 154 125 155 127 157 129 159 129 159 127 157 130 160 129 159 130 160 131 161 132 162 129 159 131 161 131 161 133 163 134 164 134 164 133 163 135 165 134 164 135 165 136 166 137 167 138 168 139 169 139 170 138 171 140 172 139 173 140 174 141 175 141 175 140 174 134 164 141 175 134 164 142 176 142 176 134 164 136 166 142 176 136 166 143 177 138 171 144 178 140 172 140 172 144 178 145 179 140 180 145 181 146 182 146 182 145 181 147 183 146 182 147 183 148 184 148 184 147 183 149 185 150 186 132 162 151 187 151 187 132 162 131 161 151 187 131 161 134 164 122 152 126 156 152 188 153 189 124 190 123 191 154 192 155 193 156 194 78 195 85 196 157 197 158 198 159 199 160 200 161 201 158 202 162 203 162 204 158 198 160 200 157 197 71 205 78 195 163 206 164 207 165 208 166 209 163 210 167 211 167 212 163 213 165 214 168 215 169 216 170 217 170 218 169 218 171 219 172 220 173 221 174 222 175 223 172 220 176 224 176 224 172 220 174 222 154 225 158 226 161 227 177 228 160 229 178 230 179 231 162 232 160 233 171 234 180 234 170 235 79 236 181 237 80 238 182 239 107 240 109 241 115 242 178 243 160 244 181 245 163 246 166 247 79 248 163 249 181 250 183 251 184 252 185 252 186 253 187 254 188 254 189 255 186 255 188 255 190 256 191 257 192 258 193 259 194 260 195 261 196 262 197 263 198 264 199 265 200 266 189 265 201 267 202 268 203 269 203 269 204 270 201 267 201 267 204 270 205 271 201 267 205 271 206 272 206 272 205 271 207 273 206 272 207 273 208 274 208 274 207 273 209 275 208 274 209 275 210 276 210 276 209 275 211 277 210 276 211 277 212 278 203 279 213 280 204 270 204 270 213 280 214 281 204 270 214 281 205 271 205 271 214 282 215 283 205 271 215 283 207 273 207 273 215 283 216 284 207 273 216 284 211 277 211 277 216 284 217 285 211 286 217 287 212 288 212 288 217 287 218 289 216 284 215 283 214 282 214 290 219 291 216 284 216 284 219 291 217 285 220 292 221 293 222 294 222 294 221 293 218 295 222 296 218 297 217 298 221 293 223 299 218 295 218 300 223 301 224 302 218 300 224 302 225 303 225 303 224 302 226 304 225 305 226 306 227 307 227 307 226 306 228 308 227 307 228 308 229 309 229 309 228 308 230 310 229 309 230 310 231 311 231 311 230 310 232 312 231 311 232 312 233 313 234 314 235 315 223 316 223 317 235 318 236 319 223 317 236 319 224 320 224 320 236 319 237 321 237 322 236 323 238 324 226 325 239 326 228 308 228 308 239 326 230 310 239 326 237 327 240 328 240 329 237 330 241 331 240 328 241 332 242 333 224 334 237 335 226 336 226 325 237 327 239 326 240 328 242 333 243 337 243 337 244 338 240 328 240 328 244 338 245 339 240 328 245 339 239 326 239 326 245 339 230 310 232 312 246 340 247 341 232 312 230 310 246 340 246 340 230 310 245 339 246 340 245 339 247 341 247 342 245 339 244 338 248 343 233 313 232 344 232 344 249 345 248 343 250 346 251 347 252 348 251 347 253 349 254 350 254 350 253 349 255 351 254 350 255 351 256 352 257 353 258 354 253 355 253 355 258 354 259 356 253 349 259 357 255 351 255 351 259 357 260 358 255 351 260 358 261 359 261 359 260 358 262 360 261 359 262 360 263 361 263 361 262 360 264 362 263 361 264 362 265 363 265 363 264 362 266 364 265 363 266 364 267 365 267 365 266 364 268 366 267 365 268 366 269 367 269 367 268 366 270 368 269 369 270 368 271 370 271 370 270 368 272 371 271 370 272 371 273 372 273 372 272 371 195 373 273 374 195 375 194 376 257 353 253 355 250 377 258 354 274 378 259 356 275 379 262 360 260 380 262 360 275 379 266 364 266 364 275 379 270 368 266 364 270 368 268 366 270 368 275 379 272 371 275 379 274 381 272 371 272 382 274 383 276 384 272 371 276 385 195 373 259 386 274 387 260 388 260 380 274 381 275 379 269 369 271 370 277 389 277 389 271 370 273 390 267 365 196 391 265 363 265 392 196 393 278 394 265 363 278 395 263 361 196 391 267 365 197 396 267 365 269 397 197 396 197 398 269 399 279 400 197 398 279 400 280 401 280 402 279 403 277 404 280 405 277 406 281 407 269 408 277 404 279 403 282 409 281 410 283 411 283 412 281 413 277 414 198 415 284 416 196 417 196 393 284 418 278 394 285 419 284 420 286 421 286 421 284 420 198 422 286 421 198 422 287 423 191 424 190 425 288 426 288 426 190 425 285 427 288 426 285 427 289 428 191 429 288 430 290 431 290 431 288 430 291 432 290 431 291 432 292 433 289 434 293 435 291 436 291 436 293 435 294 437 291 432 294 438 292 433 291 436 288 439 289 434 292 433 191 440 290 431 192 441 295 442 190 443 190 443 295 442 284 444 190 443 284 444 285 445 192 446 296 447 295 448 292 449 297 450 191 451 191 452 297 453 298 454 191 452 298 454 192 455 192 455 298 454 299 456 192 446 299 456 296 447 296 447 299 456 300 457 296 447 300 457 301 458 301 458 300 457 302 459 301 458 302 459 303 460 303 461 302 459 304 462 303 461 304 462 305 463 305 463 304 462 306 464 292 465 307 466 297 453 297 453 307 466 308 467 297 453 308 467 309 468 309 468 308 469 310 470 309 468 310 470 311 471 309 468 311 471 312 472 312 472 311 471 313 473 312 472 313 473 314 474 314 474 313 473 315 475 314 474 315 475 302 459 302 459 315 475 304 462 315 475 313 473 311 471 304 462 315 475 316 476 300 457 299 456 314 474 314 474 299 456 298 454 314 474 298 454 312 472 312 472 298 454 297 453 312 472 297 453 309 468 314 474 302 459 300 457 266 364 264 362 262 360 227 307 229 309 317 477 317 477 229 309 231 311 317 477 231 311 256 352 256 352 231 311 233 313 256 352 233 313 254 350 254 350 233 313 248 343 254 350 248 343 251 347 251 347 248 343 249 478 251 347 249 478 252 348 208 274 210 276 318 479 319 480 320 481 321 482 321 482 320 481 322 483 321 482 322 483 303 484 303 484 323 485 321 482 321 482 323 485 319 486 320 487 319 488 324 489 324 490 325 491 320 481 320 481 325 491 326 492 320 481 326 492 322 483 206 272 208 274 326 492 326 492 208 274 318 479 326 492 318 479 322 483 326 492 325 493 206 272 201 267 206 272 327 494 327 495 206 496 325 497 207 273 211 277 209 275 250 498 328 499 257 500 223 501 220 502 329 503 330 504 329 505 220 506 110 507 331 508 332 509 110 510 332 511 111 512 111 512 332 511 333 513 111 514 333 515 334 516 335 517 336 518 337 519 338 520 339 521 213 522 110 523 340 524 331 525 154 526 341 527 155 528 342 529 343 530 344 531 330 532 345 533 213 534 195 535 276 536 193 537 346 538 347 539 348 539 349 540 350 541 351 541 352 542 353 542 105 542 354 543 355 543 356 543 234 544 357 545 235 546 358 547 359 547 360 547 361 178 362 178 360 178 360 548 362 548 363 548 360 178 363 178 358 178 342 549 354 550 356 551 329 552 234 553 223 554 364 555 337 556 365 556 335 557 337 558 364 559 366 560 367 561 368 562 369 563 368 564 367 565 370 566 371 567 367 565 367 565 371 567 372 568 367 565 372 568 369 563 370 566 357 569 371 567 253 570 251 570 250 571 250 572 252 573 368 574 373 575 367 575 374 575 242 576 241 577 373 578 220 579 223 580 221 581 375 582 376 583 377 584 375 585 377 586 378 587 378 587 377 586 379 588 378 589 379 590 112 591 112 592 379 593 340 594 112 592 340 594 110 595 380 596 333 597 353 598 381 599 382 599 383 599 384 600 385 600 386 600 387 601 388 602 389 603 390 604 388 605 391 606 392 607 393 607 394 607 395 608 396 609 397 610 395 608 397 610 398 611 398 568 397 612 399 568 398 613 399 613 400 613 400 568 399 568 401 568 400 614 401 614 386 614 402 615 396 616 388 617 384 618 386 618 401 619 403 620 404 621 405 622 345 623 222 624 219 625 217 626 219 627 222 628 406 629 407 630 408 631 409 632 410 633 411 634 412 635 413 636 414 637 412 635 414 637 415 638 415 638 414 637 416 639 415 638 416 639 417 640 417 640 416 639 418 641 417 640 418 641 419 642 420 643 421 644 422 645 423 646 424 646 425 647 426 648 427 649 428 650 429 651 427 652 430 653 431 654 432 655 433 656 434 657 431 658 435 659 435 660 431 661 433 662 436 663 437 664 438 665 439 666 440 666 441 666 442 667 443 668 444 669 442 670 444 671 445 672 445 673 444 674 446 675 445 673 446 675 447 676 447 676 446 675 448 677 447 676 448 677 183 678 444 674 449 568 446 675 446 675 449 568 450 679 446 675 450 679 451 680 452 681 446 675 453 682 453 682 446 675 451 683 452 681 454 684 446 675 446 675 454 684 455 685 446 675 455 685 448 677 456 686 447 676 183 678 140 687 457 688 134 689 427 690 429 691 428 692 438 693 458 694 143 695 438 696 143 697 436 698 436 698 143 697 136 699 436 698 136 699 459 700 459 700 136 699 135 701 459 700 135 701 460 702 460 702 135 701 461 703 460 704 461 705 459 706 461 703 135 701 133 707 461 703 133 707 462 708 462 708 133 707 131 709 462 708 131 709 463 710 402 711 397 712 396 713 464 714 401 715 399 716 465 717 466 718 467 719 468 720 433 720 432 721 469 722 468 723 432 724 470 725 428 726 429 727 471 728 472 729 473 730 474 731 475 732 476 733 477 734 478 734 479 734 479 735 478 736 480 737 148 738 481 739 146 740 482 741 483 742 484 743 482 744 485 745 486 745 485 746 482 747 487 748 488 749 487 750 482 751 487 752 488 753 489 754 490 755 491 756 492 757 493 758 494 759 476 760 482 761 484 762 488 763 490 764 495 765 491 766 496 767 497 768 498 769 499 770 500 771 501 772 475 773 502 774 476 775 495 776 503 777 504 778 495 779 504 780 491 781 491 781 504 780 505 782 491 783 505 784 506 785 506 785 505 784 507 786 506 785 507 786 508 787 491 783 506 785 492 788 509 789 506 790 510 791 510 792 506 793 511 794 510 795 511 796 512 797 510 791 513 798 509 789 509 789 513 799 514 800 509 789 514 800 506 790 506 790 514 800 515 801 506 790 515 801 492 802 513 799 516 803 514 800 514 800 516 803 517 804 514 800 517 805 515 801 515 801 517 805 518 806 504 807 519 808 505 809 520 810 519 808 504 807 521 811 519 812 520 813 522 814 523 815 524 816 525 178 526 178 527 178 525 817 527 817 528 817 528 178 527 178 529 178 528 178 529 178 530 178 531 818 532 819 533 820 383 821 534 821 535 822 536 823 537 823 538 823 539 824 465 825 540 826 541 827 542 828 543 829 544 830 545 830 546 831 547 832 537 833 536 834 548 835 549 836 550 837 551 838 552 839 393 838 545 840 544 841 553 842 554 843 546 844 545 845 546 846 554 847 555 847 556 848 550 849 549 850 557 851 558 851 535 852 559 568 560 568 561 853 559 854 561 855 562 856 562 856 561 855 563 857 562 856 563 857 564 858 561 855 565 859 563 857 487 860 489 861 566 862 555 863 567 864 568 865 555 863 568 865 546 866 546 867 568 868 569 869 546 870 569 871 544 872 545 873 553 874 570 875 571 876 552 877 572 876 554 878 545 879 539 880 539 881 545 882 573 883 574 884 542 885 575 886 487 887 576 888 485 888 483 889 482 890 573 891 482 892 486 893 573 894 573 895 486 896 539 897 148 898 577 899 578 900 487 901 566 902 576 903 579 904 580 905 581 906 582 907 583 908 584 909 585 910 586 911 584 912 584 912 586 911 587 913 584 914 587 915 582 916 585 910 584 912 588 917 584 912 589 918 588 917 588 919 589 920 548 921 588 922 548 923 590 924 591 925 589 926 583 908 583 908 589 926 584 909 592 927 585 928 590 924 590 924 585 928 588 922 316 929 306 930 304 931 570 932 573 932 545 932 280 933 198 934 197 935 593 936 283 937 277 938 281 939 282 940 287 941 594 942 595 943 596 944 285 945 287 946 282 947 287 948 285 948 286 948 307 949 292 950 294 951 282 952 597 953 285 954 598 955 599 956 600 957 289 958 285 959 597 960 323 961 306 464 601 962 601 963 319 963 323 963 602 964 603 965 604 966 294 967 603 967 605 967 606 968 607 969 608 970 608 971 599 972 606 973 609 974 610 975 611 976 612 977 613 978 606 979 614 980 615 981 616 982 614 983 617 984 618 985 608 986 607 986 618 986 619 987 620 988 621 988 618 989 622 990 623 991 624 992 625 993 623 994 623 994 625 993 626 995 623 996 626 997 618 998 622 999 624 1000 623 1001 626 995 625 993 627 1002 614 1003 618 1004 628 1005 629 1006 630 1007 631 1008 632 1009 633 1010 634 1011 635 1012 619 1013 636 1012 637 1014 638 1014 639 1014 640 1015 641 1016 642 1017 630 1018 629 1019 643 1018 634 1020 644 1021 632 1022 645 1023 646 1024 647 1025 648 600 649 600 650 600 648 600 650 600 651 600 651 600 650 600 652 600 651 600 652 600 653 600 653 600 652 600 654 600 653 600 654 600 655 600 655 600 654 600 656 600 655 600 656 600 657 600 657 600 656 600 658 600 657 600 658 600 659 600 659 600 658 600 660 600 659 600 660 600 661 600 662 1026 663 1026 664 1026 646 1027 665 1027 641 1028 631 1029 647 1029 629 1030 666 1031 667 1032 644 1033 668 1034 669 1034 599 1034 670 1035 635 1036 671 1037 672 1038 670 1039 673 1040 673 1040 670 1039 671 1041 673 1042 671 1043 617 1044 617 1045 671 1046 674 1047 675 1048 616 1048 676 1048 677 1049 678 1050 642 1051 503 1052 679 1053 680 1054 681 1055 678 1055 682 1055 683 1056 684 1057 685 1058 686 1059 687 1060 688 1061 667 1062 689 1063 690 1064 691 1065 530 1066 529 1067 529 1068 527 1069 692 1070 529 1068 692 1070 691 1071 691 1071 692 1070 693 1072 691 1073 693 1074 694 1075 496 1076 695 1077 696 1078 697 1079 698 1079 515 1079 492 1080 515 1081 698 1082 699 1083 700 1083 701 1083 702 1084 703 1085 517 1086 680 1087 702 1088 503 1089 704 1090 517 1091 703 1092 704 1093 518 1094 517 1095 147 1096 705 1097 695 1098 706 1099 707 1100 708 1101 709 1102 706 1103 421 1104 421 1104 706 1103 708 1105 421 1106 708 1107 422 1108 422 1109 708 1110 707 1111 421 1112 420 1113 709 1114 709 1115 420 1116 710 1117 709 1115 710 1117 473 1118 473 1118 710 1117 471 1119 422 1120 711 1121 420 1122 420 1123 711 1124 471 1125 420 1126 471 1127 710 1128 712 1129 55 1130 54 1131 26 1132 28 1133 712 1134 712 1129 28 1135 713 1136 712 1129 713 1136 55 1130 63 1137 45 1138 44 1139 45 1140 63 1141 714 1142 714 1142 63 1141 64 1143 714 1142 64 1143 65 1144 65 1145 715 1146 714 1147 41 1148 43 1149 58 1150 68 1151 716 1152 717 1153 717 1153 716 1152 718 1154 717 1153 718 1154 719 1155 719 1155 718 1154 720 1156 719 1157 720 1156 721 1158 721 1158 720 1156 722 1159 721 1158 722 1159 46 1160 46 1160 722 1159 723 1161 46 1160 723 1161 57 1162 390 1163 391 1164 724 1165 724 1166 391 1167 725 1168 724 1166 725 1168 726 1169 726 1169 725 1168 727 1170 726 1169 727 1170 728 1171 728 1171 727 1170 729 1172 728 1171 729 1172 730 1173 730 1173 729 1172 731 1174 730 1173 731 1174 39 1175 39 1175 731 1174 716 1152 39 1175 716 1152 49 1176 49 1177 716 1152 68 1151 732 1178 390 1163 724 1165 388 1179 396 1180 391 1181 391 1167 396 1182 733 1183 391 1167 733 1183 725 1168 386 1184 385 1185 400 1186 400 1186 385 1185 734 1187 400 1186 734 1187 398 1188 398 1188 734 1187 735 1189 398 1188 735 1189 395 1190 395 1190 735 1189 736 1191 395 1190 736 1191 396 1182 396 1182 736 1191 733 1183 384 1192 737 1193 385 1194 385 1185 737 1195 473 1196 385 1185 473 1196 738 1197 738 1197 473 1196 739 1198 738 1197 739 1198 740 1199 740 1199 739 1198 741 1200 740 1199 741 1200 742 1201 742 1201 741 1200 743 1202 742 1201 743 1202 744 1203 744 1203 743 1202 41 1148 744 1203 41 1148 723 1161 723 1161 41 1148 58 1150 723 1161 58 1204 57 1162 473 1205 737 1206 709 1207 745 1208 746 1209 747 1210 745 1208 166 1211 746 1209 746 1209 166 1211 748 1212 746 1209 748 1212 749 1213 745 1208 750 1214 166 1211 166 1211 750 1214 751 1215 166 1211 751 1215 181 1216 181 1216 751 1215 752 1217 181 1216 752 1217 753 1218 753 1218 752 1217 754 1219 753 1218 754 1219 755 1220 754 1219 756 1221 755 1220 755 1220 756 1221 757 1222 755 1220 757 1222 758 1223 33 1224 759 1225 760 1226 760 1226 759 1225 758 1223 33 1224 35 1227 759 1225 759 1225 35 1227 761 1228 759 1225 761 1228 746 1209 746 1209 761 1228 762 1229 746 1209 762 1229 747 1210 763 1230 31 1231 746 1209 746 1209 31 1231 30 1232 746 1209 30 1232 759 1225 759 1225 30 1232 764 1233 759 1225 764 1233 765 1234 746 1209 749 1213 763 1230 748 1212 166 1211 167 1235 753 1218 80 1236 181 1216 80 1236 753 1218 766 1237 766 1237 753 1218 755 1220 766 1237 755 1220 767 1238 768 1239 769 1240 755 1220 755 1220 769 1240 770 1241 755 1220 770 1241 767 1238 767 1238 770 1242 157 1243 767 1238 157 1243 766 1237 766 1237 157 1243 85 1244 766 1237 85 1244 80 1236 771 1245 768 1239 759 1225 759 1225 768 1239 755 1220 759 1225 755 1220 758 1223 759 1246 765 1247 771 1248 714 1249 46 1249 45 1249 68 1250 717 1251 715 1252 715 1252 717 1251 719 1253 715 1252 719 1253 714 1254 714 568 719 568 721 568 714 1255 721 1255 46 1255 772 568 773 568 774 568 775 568 776 568 772 568 772 568 776 568 346 568 772 1256 346 1256 773 1256 118 1257 777 1258 116 1259 777 1260 778 1261 116 1262 116 1263 778 1264 779 1265 116 1266 779 1267 117 1268 780 1269 781 1270 782 1271 782 1272 783 1273 780 1274 780 1275 783 1276 341 1277 780 1278 341 1279 784 1280 785 1281 329 1282 339 1283 595 1284 786 1285 787 1286 787 1286 786 1285 788 1287 787 1286 788 1287 785 1288 785 1288 788 1287 789 1289 785 1288 789 1289 329 1290 105 1291 102 1292 342 1293 105 1294 342 549 352 1295 352 1295 342 549 356 551 352 1295 356 551 355 1296 790 1297 258 1298 257 1299 257 1300 791 1301 790 1302 790 1302 791 1301 193 1303 790 1304 193 1305 276 1306 274 1307 258 1308 792 1309 258 1308 790 1304 792 1309 792 1309 790 1304 276 1306 792 1309 276 1306 274 1310 793 1311 773 1312 346 1313 793 1314 346 1315 794 1316 794 1316 346 1315 795 1317 794 1318 795 1319 796 1320 797 1321 39 1322 38 1323 724 1324 726 1325 798 1326 798 1326 726 1325 728 1327 798 1326 728 1327 797 1321 797 1321 728 1327 730 1328 797 1321 730 1328 39 1322 799 1329 798 1330 797 1331 38 1332 800 1333 797 1334 797 1334 800 1333 801 1335 797 1334 801 1335 799 1336 802 1337 803 1338 804 1339 784 1340 200 1341 804 1339 804 1339 200 1341 805 1342 804 1339 805 1342 802 1337 200 1341 784 1340 189 1343 341 1344 774 1345 784 1346 784 1346 774 1345 186 1347 784 1346 186 1347 189 1348 154 1349 774 1345 341 1344 161 1350 806 1351 154 1352 154 1352 806 1351 772 1353 154 1352 772 1353 774 1354 807 1355 775 1356 177 1357 177 1358 775 1359 772 1353 177 1358 772 1353 806 1351 802 1360 808 1361 803 1362 803 1363 808 1364 809 1365 803 1363 809 1365 810 1366 810 1366 809 1365 811 1367 808 1364 812 1368 809 1365 809 1365 812 1368 811 1367 813 1369 473 1370 472 1371 41 1372 743 1373 42 1374 42 1374 743 1373 741 1375 42 1374 741 1375 813 1369 813 1369 741 1375 739 1376 813 1369 739 1376 473 1370 520 1377 814 1378 815 1379 521 1380 520 1381 816 1382 816 1383 520 1377 815 1379 817 1384 501 1385 500 1386 500 1387 818 1388 817 1389 817 1389 818 1388 526 1390 817 1389 526 1390 525 1391 819 600 559 600 562 600 820 600 821 600 562 600 562 600 821 600 822 600 562 1392 822 1392 819 1392 823 1393 824 1394 825 1395 826 1396 823 1397 827 1398 827 1399 823 1393 825 1395 828 1400 829 1401 830 1402 831 1403 830 1402 832 1404 832 1404 830 1402 829 1401 832 1404 829 1401 833 1405 834 1406 835 1406 836 1406 837 1391 838 1391 836 1391 836 1391 838 1391 839 1391 836 1407 839 1407 834 1407 840 1408 841 1409 591 1410 591 1411 583 1412 840 1413 840 1414 583 1415 582 1416 840 1417 582 1418 842 1419 842 1419 582 1418 843 1420 842 1419 843 1420 844 1421 833 1422 829 1423 578 1424 578 1424 845 1425 833 1422 833 1422 845 1425 846 1426 833 1427 846 1428 847 1429 847 1429 846 1428 149 1430 847 1429 149 1430 848 1431 848 1432 149 1433 849 1434 849 1434 149 1433 147 1435 849 1434 147 1435 695 1436 194 1437 282 1438 283 1439 328 1440 850 1441 851 1442 851 1442 850 1441 852 1443 851 1442 852 1443 194 1437 194 1437 852 1443 853 1444 194 1437 853 1444 282 1438 294 1445 605 1446 307 1447 307 1448 605 1449 308 1450 308 1450 605 1449 854 1451 308 1452 854 1453 310 1454 605 1449 603 1455 854 1451 854 1451 603 1455 602 1456 854 1457 602 1458 310 1459 855 1460 606 1461 599 1462 856 1463 857 1464 855 1465 855 1466 857 1467 612 1468 855 1460 612 1469 606 1461 665 1470 646 1471 645 1472 858 1473 859 1474 645 1472 645 1472 859 1474 860 1475 645 1472 860 1475 665 1470 665 1470 860 1475 861 1476 665 1470 861 1476 641 1477 641 1477 861 1476 862 1478 641 1477 862 1478 642 1479 642 1479 862 1478 863 1480 642 1481 863 1482 677 1483 647 1484 631 1485 645 1486 645 1472 631 1487 858 1473 864 1488 865 1489 630 1490 630 1490 865 1489 866 1491 630 1490 866 1491 631 1487 631 1487 866 1491 867 1492 631 1487 867 1492 858 1473 641 1493 640 1494 646 1495 868 1496 640 1497 869 1498 869 1498 640 1497 642 1499 869 1498 642 1499 870 1500 870 1500 642 1499 678 1501 870 1500 678 1501 523 1502 523 1502 678 1501 871 1503 871 1504 678 1505 681 1506 871 1504 681 1506 864 1507 871 1503 872 1508 523 1502 683 1509 872 1508 643 1510 643 1510 872 1508 871 1503 643 1511 871 1512 630 1513 630 1514 871 1515 864 1516 643 1510 629 1517 683 1509 683 1509 629 1517 664 1518 683 1509 664 1518 663 1519 629 1517 873 1520 664 1518 664 1518 873 1520 874 1521 664 1518 874 1521 662 1522 647 1523 873 1520 629 1517 647 1523 646 1524 873 1520 873 1520 646 1524 640 1497 873 1520 640 1497 875 1525 875 1525 640 1497 868 1496 875 1525 868 1496 440 1526 440 1527 868 1496 876 1528 877 1529 878 1530 873 1531 873 1531 878 1530 874 1532 875 1525 879 1533 873 1520 873 1520 879 1533 880 1534 873 1520 880 1534 881 1535 440 1526 428 1536 875 1525 876 1528 868 1496 869 1498 824 1537 823 1538 882 1539 882 1539 823 1538 826 1540 882 1539 826 1540 881 1535 881 1535 826 1540 883 1541 881 1535 883 1541 873 1520 873 1520 883 1541 884 1542 873 1520 884 1542 877 1543 885 1544 886 1545 882 1539 882 1539 886 1545 824 1537 468 1546 887 1547 888 1548 888 1548 887 1547 886 1549 888 1548 886 1549 889 1550 889 1550 886 1549 885 1551 889 1550 885 1551 430 1552 469 1553 887 1547 468 1546 887 1547 469 1553 886 1554 886 1555 469 1556 890 1557 886 1555 890 1557 891 1558 886 1559 891 1560 824 1561 619 1562 635 1563 670 1564 670 1564 672 1565 619 1562 619 1566 672 1567 892 1568 619 1566 892 1568 620 1569 687 1570 893 1571 894 1572 895 1573 896 1574 100 1575 100 1575 896 1574 632 1576 100 1575 632 1576 101 1577 101 1577 632 1576 644 1578 101 1577 644 1578 897 1579 897 1579 644 1578 667 1580 897 1579 667 1580 73 1581 73 1581 667 1580 688 1582 73 1581 688 1582 74 1583 74 1583 688 1582 687 1584 74 1583 687 1584 898 1585 898 1585 687 1584 894 1586 899 1587 632 1588 896 1589 900 1590 901 1590 902 1590 903 600 904 600 902 600 902 1591 904 1591 905 1591 902 1592 905 1592 900 1592 906 1593 69 1594 71 1595 907 1596 908 1597 906 1598 906 1599 908 1600 86 1601 906 1599 86 1601 69 1602 909 1603 756 1604 910 1605 33 41 760 1606 36 44 36 44 760 1606 758 1607 36 44 758 1607 909 1603 909 1603 758 1607 757 1608 909 1603 757 1608 756 1604 756 1604 754 1609 910 1605 910 1605 754 1609 752 1610 910 1605 752 1610 911 1611 911 1612 752 1613 751 1614 911 1615 751 1616 750 1617 164 1618 912 1619 165 1620 912 1621 164 1622 913 1623 913 1624 164 1625 914 1626 913 1627 914 1628 915 1629 76 1630 916 1631 77 1632 778 1633 777 1634 916 1631 916 1631 777 1634 917 1635 916 1631 917 1635 77 1632 911 1636 909 1637 910 1638 36 1639 909 1637 918 1640 918 1640 909 1637 911 1636 918 1641 911 1642 750 1643 747 1644 762 1645 918 1646 918 1646 762 1645 34 1647 918 1640 34 1648 36 1639 120 1649 119 1650 919 1651 919 1651 119 1650 96 1652 96 1652 119 1650 920 1653 96 1652 920 1653 97 1654 920 1653 119 1650 921 1655 921 1655 119 1650 121 1656 921 1655 922 1657 920 1653 920 1653 922 1657 923 1658 920 1653 923 1658 924 1659 925 1660 922 1657 921 1655 926 1661 919 1651 927 1662 927 1662 919 1651 96 1652 927 1662 96 1652 98 1663 926 1661 927 1662 928 1664 928 1664 927 1662 929 1665 930 1666 919 1651 926 1661 364 1667 113 1668 931 1669 113 1670 932 1671 931 1669 931 1669 932 1671 335 1672 931 1669 335 1672 364 1667 183 1673 448 1674 184 1675 184 1675 448 1674 128 1676 128 1676 448 1674 455 1677 128 1676 455 1677 127 1678 127 1678 455 1677 454 1679 127 1678 454 1679 130 1680 185 1681 184 1675 124 1682 124 1682 184 1675 128 1676 933 1683 470 1684 934 1685 933 1683 560 1686 470 1684 470 1687 560 1688 559 1689 470 1687 559 1689 428 1690 428 1690 559 1689 819 1691 428 1690 819 1691 875 1692 338 1693 785 1694 339 1695 202 1696 785 1694 203 1697 203 1697 785 1694 338 1693 203 1698 338 1699 213 1700 935 1701 345 1702 219 1703 219 1703 214 1704 935 1701 935 1705 214 1706 213 1707 935 1705 213 1707 345 1708 936 1709 238 324 236 323 937 1710 936 1711 235 1712 235 1713 936 1714 236 1715 237 1716 238 324 241 1717 241 1717 238 324 936 1709 241 1717 936 1709 373 1718 373 1719 936 1711 937 1710 556 1720 938 1721 939 1722 556 1723 940 1724 938 1725 938 1726 940 1727 941 1728 938 1726 941 1728 200 1729 938 1726 200 1729 942 1730 942 1730 200 1729 199 1731 943 1732 944 1733 945 1734 945 1734 944 1733 540 1735 540 1735 944 1733 411 1736 540 1735 411 1736 554 878 554 878 411 1736 410 1737 554 878 410 1737 555 1391 555 1391 410 1737 393 1738 555 1391 393 1738 576 1739 576 1739 393 1738 552 1740 576 1739 552 1740 571 1741 943 1742 946 1743 944 1733 944 1733 946 1743 947 1744 944 1733 947 1744 411 1736 943 1742 948 1745 946 1743 949 1746 950 1747 951 1748 943 1749 952 1750 951 1751 951 1751 952 1750 953 1752 951 1751 953 1752 949 1753 949 1753 953 1752 954 1754 465 1755 467 1756 540 1757 540 1735 467 1758 955 1759 540 1735 955 1759 945 1734 945 1734 955 1759 952 1750 945 1734 952 1750 943 1760 554 878 539 880 540 1735 948 1745 956 1761 946 1743 946 1762 956 1763 349 1764 946 1743 349 1765 947 1744 947 1744 349 1765 351 1766 947 1744 351 1766 957 1767 950 1768 949 1769 958 1770 958 1770 949 1769 954 1771 958 1772 954 1773 959 1774 960 1775 961 1776 962 1777 962 1778 961 1779 954 1780 962 1781 954 1782 955 1759 955 1759 954 1782 953 1752 955 1759 953 1752 952 1750 960 1783 962 1781 963 1784 963 1784 962 1781 955 1759 963 1784 955 1759 185 1785 185 1785 955 1759 467 1758 185 1785 467 1758 183 1786 183 1787 467 719 456 1788 964 1789 960 1790 963 1791 963 1784 185 1785 964 1792 964 1792 185 1785 124 1793 964 1792 124 1793 965 1794 965 1794 124 1793 59 1795 965 1794 59 1795 22 1796 59 1795 124 1793 50 1797 50 1797 124 1793 62 1798 124 1793 15 1799 62 1798 22 1796 8 1800 965 1794 443 1801 442 1802 466 1803 466 1804 442 1805 456 1806 466 718 456 1788 467 719 466 1807 465 1808 443 1809 959 1774 956 1810 958 1772 958 1770 956 1811 948 1812 958 1770 948 1812 950 1768 950 1768 948 1812 943 1813 950 1747 943 1814 951 1748 966 1815 967 1816 410 1817 410 1737 967 1818 394 1819 410 1737 394 1819 393 1738 394 1819 967 1818 968 1820 969 1821 535 1822 967 1823 967 1824 535 1825 534 1826 967 1824 534 1826 968 1827 967 1828 970 1829 969 1830 675 1831 676 1832 969 1833 969 1821 676 1834 557 1835 969 1821 557 1835 535 1822 971 1836 557 1835 615 1837 615 1837 557 1835 676 1834 615 1838 676 1839 616 1840 615 1837 972 1841 973 1842 973 1843 972 1844 974 1845 486 1846 975 1847 539 1848 571 1741 971 1836 485 1849 485 1849 971 1836 615 1837 485 1849 615 1837 486 1846 486 1846 615 1837 973 1842 486 1846 973 1842 975 1847 975 1847 973 1842 976 1850 571 1741 485 1849 576 1739 709 1851 737 1852 977 1853 977 1853 737 1852 978 1854 978 1855 737 1856 384 1857 978 1858 384 1859 401 1860 979 1861 571 1862 572 1863 558 1864 557 1865 979 1866 979 1867 557 1868 971 1869 979 1861 971 1870 571 1862 849 1871 980 1872 981 1873 981 1874 980 1875 982 1876 982 1877 980 1878 479 1879 982 1880 479 1881 832 1882 536 1883 983 1884 547 1885 983 1886 536 1887 984 1888 984 1889 536 1890 985 1891 984 1889 985 1891 986 1892 986 1892 985 1891 987 1893 986 1892 987 1893 988 1894 984 1889 986 1892 835 1895 835 1895 986 1892 988 1894 294 1896 989 1897 603 1898 597 1899 989 1900 289 1901 289 1902 989 1903 294 1904 599 1905 669 1906 662 1907 662 1908 669 1909 663 1910 663 1910 669 1909 684 1911 663 1912 684 1913 683 1914 990 1915 991 1916 992 1917 992 1917 991 1916 993 1918 8 1919 22 1920 13 1921 13 1922 22 1923 24 1924 61 1925 23 1926 59 1927 59 1928 23 1929 22 1930 95 1931 994 1932 93 1933 93 1933 994 1932 995 1934 59 1935 50 1936 60 1937 60 1938 50 1939 52 1940 40 1941 51 1942 62 1943 62 1944 51 1945 50 1946 83 1947 915 1948 81 1949 81 1950 915 1629 914 1628 164 1951 163 1952 914 1953 914 1953 163 1952 79 1954 914 1953 79 1954 81 1955 996 1956 997 1957 998 1958 998 1958 997 1957 999 1959 775 1960 1000 1961 776 1962 776 1963 1000 1964 1001 1965 180 1966 171 1967 1002 1968 1002 1968 171 1967 1003 1969 874 1970 878 1971 855 1972 855 1973 878 1974 1004 1975 1005 1976 1004 1975 877 1977 877 1977 1004 1975 878 1974 1006 1978 793 1979 1007 1980 1007 1981 793 1982 794 1983 327 1984 325 1985 1008 1986 1008 1987 325 1988 324 1989 596 1990 1009 1991 1010 1992 1010 1992 1009 1991 1011 1993 1010 1992 1011 1993 202 1994 201 1995 327 1996 202 1997 202 1998 327 1999 1008 2000 202 1998 1008 2000 1010 2001 1010 2001 1008 2000 324 2002 1010 2003 324 2004 596 2005 857 1464 856 1463 1012 2006 1012 2006 856 1463 1013 2007 1014 2008 1015 2009 1016 2010 1016 2010 1015 2009 1017 2011 1018 2012 1019 2013 795 2014 795 2015 1019 2016 1020 2017 352 2018 355 2019 353 2020 353 2021 355 2022 354 2023 247 342 244 338 1021 2024 1021 2024 244 338 243 2025 187 2026 186 2027 773 2028 773 2029 186 2030 774 2031 987 2032 543 2033 988 2034 988 2035 543 2036 1022 2035 531 2037 934 2038 532 2039 532 2039 934 2038 470 2040 1023 2041 1024 2041 1025 2041 1025 2042 1024 2042 1026 2042 1027 2043 1028 2043 1029 2043 1029 2044 1028 2044 1030 2044 131 2045 130 2046 452 2047 452 2047 130 2046 454 2048 1031 2049 1032 2050 1033 2051 1033 2051 1032 2050 1034 2052 1035 2053 1036 2053 1037 2053 1037 2054 1036 2054 1038 2054 430 2055 885 2056 429 2057 429 2057 885 2056 1039 2058 1040 2059 1041 2059 1042 2059 1042 2060 1041 2060 1043 2060 1044 2061 1045 2062 1046 2063 1046 2064 1045 2065 498 2066 815 2067 1047 2068 816 2069 816 2070 1047 2071 521 2072 902 2073 679 2074 495 2075 495 2076 679 2077 503 2078 505 2079 519 2080 507 2081 507 2081 519 2080 521 2082 879 2083 875 2084 822 2085 822 2086 875 2087 819 2088 1048 2089 1049 2090 1050 2091 1050 2091 1049 2090 1051 2092 479 2093 480 2094 832 2095 832 2095 480 2094 831 2096 1052 2097 1053 2098 547 2099 547 2100 1053 2101 537 2102 846 2103 577 2104 149 2105 149 2105 577 2104 148 2106 1054 2107 1055 2108 1056 2109 1056 2109 1055 2108 1057 2110 1058 2111 1059 2111 1060 2111 1060 2112 1059 2113 1061 2113 1062 2114 1063 2115 1064 2116 1064 2117 1063 2118 1065 2119 1066 2120 1067 2121 1052 2122 1052 2123 1067 2124 1053 2125 1068 2126 575 2127 1066 2128 1066 2129 575 2130 1067 2131 1069 2132 1070 2132 1071 2132 1071 2133 1070 2133 1072 2133 601 2134 604 2135 319 2136 319 2137 604 2138 594 2139 604 2140 603 2141 1073 2142 1073 2142 603 2141 1074 2143 1074 2143 603 2141 1075 2144 1075 2144 603 2141 989 2145 1075 2144 989 2145 597 2146 621 2147 620 2148 1076 2149 1076 2149 620 2148 598 2150 1077 2151 1078 2152 1079 2153 1079 2153 1078 2152 1080 2154 636 1391 1081 1391 1082 1391 1082 2155 1081 2155 1083 2155 1083 2156 674 2157 1082 2158 1082 2158 674 2157 671 2159 1084 2160 11 2161 1085 2162 1085 2163 11 2164 10 2165 182 2166 992 2167 1086 2168 1086 2168 992 2167 993 2169 170 2170 1087 2171 1088 2172 1088 2173 1087 2174 1089 2175 1090 2176 1089 2177 1091 2178 1091 2178 1089 2177 1087 2179 1091 2178 1087 2179 1002 2180 180 2181 1002 2180 170 2182 170 2182 1002 2180 1087 2179 801 2183 800 2184 37 2185 37 2186 800 2187 38 2188 69 2189 87 2190 1092 2191 1092 2191 87 2190 20 2192 1092 2191 20 2192 19 2193 907 2194 87 2195 908 2196 908 1600 87 2197 86 1601 806 2198 179 2199 177 2200 177 2201 179 2202 160 2203 1093 2204 1094 2205 75 2206 75 2207 1094 2208 76 2209 998 2210 1095 2211 996 2212 996 2213 1095 2214 1096 2215 996 2213 1096 2215 1097 2216 1097 2217 1001 2218 996 2219 996 2220 1001 2221 1000 2222 996 2220 1000 2222 997 2223 807 2224 1098 2224 775 2224 775 178 1098 178 1099 178 747 2225 918 2226 745 2227 745 2228 918 2229 750 2230 106 2231 108 2232 176 2233 176 2233 108 2232 175 2234 107 2235 1100 2236 108 2237 108 2238 1100 2239 175 2240 990 2241 173 2242 991 2243 991 2244 173 2245 172 2246 202 2247 1011 2248 785 2249 785 2250 1011 2251 787 2252 595 2253 787 2254 596 2255 596 2256 787 2252 1011 2251 874 2257 855 2258 662 1907 662 1907 855 2258 599 1905 954 2259 961 2260 959 2261 959 2261 961 2260 349 2262 959 2261 349 2262 956 2263 252 2264 249 2265 1101 2266 1101 2266 249 2265 232 2267 1101 2266 232 2267 247 2268 368 2269 252 2270 366 2271 366 2272 252 2264 1101 2266 366 2273 1101 2274 1021 2275 1021 2276 1101 2277 247 2278 403 2279 405 2280 1102 2281 1102 2282 405 2283 1103 2284 1104 2285 1105 2286 1106 2287 1106 2287 1105 2286 538 2288 423 2289 1106 2290 1107 2291 1107 2292 1106 2293 538 2294 966 2295 410 2296 1108 2297 1108 2298 410 2299 409 2300 1109 2301 1110 2302 471 2303 471 2304 1110 2305 472 2306 1111 2307 1112 2308 1113 2309 1113 2309 1112 2308 379 2310 1111 2307 1114 2311 1112 2308 1112 2308 1114 2311 340 2312 1112 2308 340 2312 379 2310 430 2313 1111 2314 889 2315 889 2316 1111 2307 1113 2309 889 2316 1113 2309 1115 2317 1115 2317 1113 2309 379 2310 1115 2317 379 2310 377 2318 340 2312 1114 2311 331 2319 331 2320 1114 2321 427 2322 427 2323 1114 2311 1111 2307 427 652 1111 2324 430 653 427 2325 426 2326 331 2327 331 2328 426 2329 439 2330 889 2316 1115 2317 888 2331 888 2331 1115 2317 1116 2332 888 2331 1116 2332 1117 2333 1117 2333 1116 2332 435 2334 1115 2317 377 2318 1116 2332 1116 2332 377 2318 376 2335 1116 2332 376 2335 435 2334 435 2336 433 2337 1117 2333 1117 2333 433 2337 468 2338 1117 2333 468 2338 888 2331 1118 2339 1119 2340 402 2341 402 2342 1119 2343 397 2344 1034 2345 1038 2346 1033 2347 1033 2347 1038 2346 1036 2348 1033 2347 1036 2348 1120 2349 479 2350 980 2351 477 2352 477 2353 980 2354 1121 2355 695 2356 496 2357 849 2358 849 2358 496 2357 498 2359 849 2358 498 2359 980 2354 980 2354 498 2359 1045 2360 980 2354 1045 2360 1121 2355 1047 2361 1122 2362 521 2363 521 2364 1122 2365 508 2366 521 2364 508 2366 507 2367 976 2368 443 2369 975 2370 975 2371 443 2372 465 2373 975 2371 465 2373 539 2374 836 2375 1022 2376 574 2377 574 2378 1022 2379 543 2380 574 2381 543 2382 542 2383 1123 2384 1058 2385 1048 2386 1048 2386 1058 2385 1060 2387 1048 2386 1060 2387 1049 2388 1050 2389 1124 2390 1048 2391 1048 2392 1124 2393 1125 2394 1048 2392 1125 2394 1123 2395 306 464 323 961 305 463 305 463 323 961 303 2396 483 2397 573 2398 1126 2399 1126 2400 573 2401 570 2402 316 2403 1127 2404 306 2405 306 2406 1127 2407 601 2408 594 2409 596 2410 319 2411 319 2411 596 2410 324 2412 600 2413 1128 2413 598 2413 598 2414 1128 2414 1076 2414 1129 600 621 600 1128 600 1128 600 621 600 1076 600 637 2415 639 2416 1130 2417 1130 2418 639 2419 1131 2420 1130 2418 1131 2420 1132 2421 1133 2422 1132 2423 1134 2424 1134 2424 1132 2423 1131 2425 635 2426 636 2426 671 2426 671 568 636 568 1082 568 682 2427 678 2428 1135 2429 1135 2429 678 2428 677 2430 680 2431 679 2432 901 2433 901 2434 679 2435 902 2436 518 2437 1136 2438 515 2439 515 2439 1136 2438 900 2440 515 2441 900 2442 697 2443 704 568 703 2444 901 2445 901 2446 703 2447 702 2448 901 2446 702 2448 680 2449 1137 2450 1138 2451 1139 2452 1137 2450 1140 2453 1138 2451 1138 2451 1140 2453 1141 2454 1138 2451 1141 2454 1142 2455 1142 2455 1141 2454 1143 2456 1142 2455 1143 2456 1144 2457 1144 2457 1143 2456 1145 2458 1144 2457 1145 2458 1146 2459 1146 2459 1145 2458 1147 2460 1146 2459 1147 2460 1148 2461 1148 2462 1149 2463 1146 2464 1148 2465 1150 2466 1149 2467 1149 2468 1150 2469 1151 2470 1149 2471 1151 2472 1152 2473 1152 2473 1151 2472 1153 2474 1152 2473 1153 2474 1154 2475 1152 2473 1154 2475 1155 2476 1155 2476 1154 2475 1156 2477 1155 2476 1156 2477 1157 2478 1157 2478 1156 2477 1158 2479 1157 2478 1158 2479 1159 2480 1159 2480 1158 2479 1160 2481 1159 2480 1160 2481 1161 2482 1159 2483 1161 2484 1139 2452 1139 2452 1161 2484 1162 2485 1139 2452 1162 2485 1137 2450 1163 2486 1164 2487 1165 2488 1165 2488 1164 2487 20 2489 1165 2488 20 2489 1166 2490 1166 2490 20 2489 87 2491 1166 2490 87 2491 1167 2492 1167 2492 87 2491 907 2493 1168 2494 1169 2495 1170 2496 1170 2496 1169 2495 1163 2486 1170 2496 1163 2486 1165 2488 1171 2497 1172 2498 1173 2499 1173 2499 1172 2498 21 2500 1174 2501 1175 2502 1176 2503 1176 2503 1175 2502 1177 2504 1176 2503 1177 2504 1178 2505 1178 2505 1177 2504 1179 2506 1178 2505 1179 2506 1180 2507 1180 2507 1179 2506 1181 2508 1180 2507 1181 2508 1182 2509 1182 2509 1181 2508 1171 2497 1182 2509 1171 2497 1168 2494 1168 2494 1171 2497 1173 2499 1168 2494 1173 2499 1169 2495 1169 2495 1173 2499 25 2510 1169 2511 25 2512 1164 2487 1164 2487 25 2512 20 2489 1174 2501 153 2513 1183 2514 1183 2514 153 2515 1184 2516 1183 2514 1184 2516 890 2517 1185 2518 1186 2519 1187 2520 1187 2520 1186 2519 1188 2521 1187 2520 1188 2521 150 2522 150 2522 1188 2521 132 2523 125 2524 129 2525 1189 2526 1189 2526 129 2525 132 2523 1189 2526 132 2523 1188 2521 457 2527 1190 2528 1185 2518 1185 2518 1190 2528 1191 2529 1185 2518 1191 2529 1186 2519 457 2530 140 2531 1190 2532 148 2533 578 2534 481 2535 481 2535 578 2534 829 2536 481 2535 829 2536 1190 2528 1190 2528 829 2536 828 2537 1190 2528 828 2537 1191 2529 1191 2529 828 2537 1184 2516 1191 2529 1184 2516 1192 2538 1192 2538 1184 2516 153 2539 1192 2540 153 2541 123 2542 891 2543 890 2517 828 2537 828 2537 890 2517 1184 2516 1193 2544 890 2517 432 2545 432 2545 890 2517 469 2546 90 2547 1194 2548 91 2549 1194 2548 90 2547 1195 2550 1195 2550 90 2547 1196 2551 1195 2550 1196 2551 1197 2552 1198 2553 1195 2550 1199 2554 1199 2554 1195 2550 1197 2552 1199 2554 1200 2555 1198 2553 1198 2553 1200 2555 1201 2556 1198 2553 1201 2556 1202 2557 1202 2557 1201 2556 1203 2558 1202 2557 1203 2558 1204 2559 1205 2560 112 2561 1206 2562 1206 2563 112 2564 111 2565 1206 2563 111 2565 334 2566 112 2561 1205 2560 378 2567 1205 2568 1207 600 378 2569 378 2569 1207 600 1208 600 378 2569 1208 600 375 2570 375 2570 1208 600 1209 2571 375 2570 1209 2571 1210 2572 375 2570 1210 2572 434 2573 434 2573 1210 2572 1211 2574 434 2573 1211 2574 91 2575 91 2575 1211 2574 1212 2576 91 2575 1212 2576 92 2577 1213 2578 1198 2553 1214 2579 1214 2579 1198 2553 1202 2557 1214 2579 1202 2557 1206 2562 1206 2562 1202 2557 1204 2559 1206 2562 1204 2559 1205 2560 1213 2578 1195 2580 1198 2553 1215 2581 1216 2582 1194 2548 1194 2548 1216 2582 1217 2583 1194 2548 1217 2583 91 2549 91 2549 1217 2583 1218 2584 91 2549 1218 2584 434 2585 434 2586 1218 2587 1219 2588 434 2589 1219 2590 1193 2544 1193 2544 1219 2590 167 2591 1193 2544 167 2591 890 2517 890 2517 167 2591 165 2592 890 2517 165 2592 1183 2514 1183 2514 165 2592 912 2593 1183 2514 912 2593 1174 2501 1174 2501 912 2593 1220 2594 1174 2501 1220 2594 1175 2502 1194 2548 1195 2595 1215 2581 1215 2596 1195 2597 29 2598 167 2591 1219 2590 748 2599 1219 2590 1218 2600 748 2599 748 2599 1218 2600 1217 2601 748 2599 1217 2601 749 2602 749 2602 1217 2601 1216 2603 749 2602 1216 2603 763 2604 763 2604 1216 2603 1215 2605 763 2604 1215 2605 31 2606 31 37 1215 2607 29 35 351 2608 350 2609 907 2493 907 2493 350 2609 1221 2610 907 2493 1221 2610 1167 2492 351 2608 907 2493 957 2611 957 2611 907 2493 1222 2612 957 2611 1222 2612 1223 2613 157 197 770 2614 71 205 71 2615 770 2616 1222 2617 71 2618 1222 2612 906 2619 906 2619 1222 2612 907 2493 1223 2613 1222 2612 1224 2620 1224 2620 1222 2612 770 2621 770 2622 769 2623 1224 2624 1224 2624 769 2623 1225 2625 1224 2626 1225 2627 1223 2628 1225 2625 769 2623 1226 2629 1226 2630 769 2631 768 2632 103 2633 105 2634 1225 2635 1225 2635 105 2634 353 2636 1225 2637 353 2638 1223 2639 1223 2640 353 2641 333 2642 1223 2613 333 2643 957 2611 1225 2635 1226 2644 103 2633 103 2645 1226 2646 1227 2647 103 2645 1227 2647 344 2648 344 2648 1227 2647 1228 2649 768 2650 1229 2651 1206 2652 1206 2652 1229 2651 1230 2653 1206 2652 1230 2653 1214 2654 1214 2654 1230 2653 1231 2655 1214 2654 1231 2655 1213 2656 1213 2656 1231 2655 1232 2657 1213 2658 1232 2659 764 2660 764 2660 1232 2659 1233 2661 764 2660 1233 2661 765 2662 765 2662 1233 2661 1234 2663 765 2664 1234 2665 771 2666 771 2666 1234 2665 1229 2667 771 2668 1229 2651 768 2650 1213 2658 764 2660 1235 2669 1235 2670 764 2671 30 2672 1235 2670 30 2672 29 2673 1232 2659 1230 2653 1233 2661 1233 2661 1230 2653 1229 2651 380 2674 354 550 333 2675 333 2675 354 550 1228 2676 333 2677 1228 2649 334 2678 334 2678 1228 2649 1227 2647 334 2678 1227 2647 1206 2652 1206 2652 1227 2647 1226 2646 1206 2652 1226 2646 768 2650 353 2679 354 550 380 2674 344 2680 1228 2681 342 2682 342 549 1228 2676 354 550 439 2683 332 2684 331 2685 440 2686 1236 2687 441 2688 441 2688 1236 2687 957 2611 441 2688 957 2611 439 2683 439 2683 957 2611 333 2643 439 2683 333 2643 332 2684 440 2686 876 2689 1236 2687 1236 2687 876 2690 1237 2691 1236 2687 1237 2691 957 2611 957 2611 1237 2691 1238 2692 957 2611 1238 2692 1239 2693 876 2690 1238 2692 1237 2691 876 2690 869 2694 1238 2692 1238 2692 869 2694 1240 2695 1238 2692 1240 2695 1239 2693 1239 2693 1240 2695 411 2696 1239 2693 411 2696 947 2697 523 2698 522 2699 870 2700 870 2700 522 2699 1241 2701 409 2702 1240 2695 1241 2701 1241 2701 1240 2695 869 2694 1241 2701 869 2694 870 2700 523 2703 1242 2704 524 2705 1243 2706 1244 2707 1242 2708 669 2709 1245 2710 684 2711 684 2711 1245 2710 970 2712 684 2711 970 2712 685 2713 685 2713 970 2712 1246 2714 685 2713 1246 2714 1244 2715 1244 2716 1246 2717 966 2718 1244 2716 966 2718 1242 2719 1242 2720 966 2721 1108 2722 1242 2720 1108 2722 524 2723 524 2723 1108 2722 409 2702 524 2723 409 2702 522 2724 522 2724 409 2702 1241 2701 669 2709 675 2725 1245 2710 1245 2726 675 2727 969 2728 1245 2710 969 2729 970 2712 668 2730 892 2731 669 2709 669 2709 892 2731 672 2732 669 2709 672 2732 675 2725 675 2725 672 2732 673 2733 675 2734 673 2735 616 2736 616 2736 673 2735 617 2737 616 2738 617 2739 614 2740 411 2741 1240 2695 409 2702 947 2697 957 2611 1239 2693 349 2742 961 2743 350 2609 350 2609 961 2743 960 2744 350 2609 960 2744 1221 2610 1221 2610 960 2744 1167 2745 1182 2746 1168 2747 3 2748 3 2748 1168 2747 1170 2749 3 2748 1170 2749 6 2750 6 2750 1170 2749 1165 2751 6 2750 1165 2751 8 2752 8 2752 1165 2751 1166 2753 8 2752 1166 2753 965 2754 965 2754 1166 2753 1167 2755 965 2756 1167 2757 964 2758 964 2758 1167 2757 960 2759 15 2760 1178 2761 18 2762 18 2762 1178 2761 1180 2763 18 2762 1180 2763 7 2764 7 2764 1180 2763 1182 2746 7 2764 1182 2746 3 2748 153 2765 1174 2766 15 2767 15 2767 1174 2766 1176 2768 15 2769 1176 2770 1178 2771 15 1799 124 1793 153 2772 1247 1391 1248 1391 1249 1391 1249 2773 1248 2773 1250 2773 1249 1391 1250 1391 1251 1391 1251 1391 1250 1391 1252 1391 1251 1391 1252 1391 1253 1391 1253 1391 1252 1391 1254 1391 1253 2774 1254 2774 1255 2774 1255 1391 1254 1391 1256 1391 1255 2775 1256 2775 1257 2775 1257 2776 1258 2776 1255 2776 1257 1391 1259 1391 1258 1391 1258 1391 1259 1391 1260 1391 1258 1391 1260 1391 1261 1391 1261 1391 1260 1391 1262 1391 1259 2777 1263 2777 1260 2777 1259 2778 1264 2778 1263 2778 1263 2779 1264 2779 1265 2779 1263 2780 1265 2780 1266 2780 1266 2781 1265 2781 1267 2781 1266 1391 1267 1391 1268 1391 1268 1391 1267 1391 1269 1391 1268 1391 1269 1391 1270 1391 1270 2782 1269 2782 1271 2782 1270 1391 1271 1391 1272 1391 1249 1391 1273 1391 1247 1391 1247 2783 1273 2783 1274 2783 1247 2784 1274 2784 1272 2784 1272 2785 1274 2785 1270 2785 1274 1391 1273 1391 1275 1391 1275 1391 1273 1391 1276 1391 1277 2786 19 2787 32 2788 32 2788 19 2787 1278 2789 32 2788 1278 2789 27 2790 1277 2786 1279 2791 19 2787 19 2787 1279 2791 1280 2792 19 2787 1280 2792 1281 2793 1281 2793 1092 2794 19 2787 1281 2793 994 600 1092 2794 1092 2794 994 600 83 2795 1092 2794 83 2795 84 2796 994 600 95 2797 83 2795 83 2795 95 2797 94 2798 83 2795 94 2798 915 2799 915 2799 94 2798 1282 2800 915 2799 1282 2800 913 2801 913 2801 1282 2800 53 2802 913 2801 53 2802 55 2803 27 2790 1278 2789 28 2804 28 2804 1278 2789 1283 2805 28 2804 1283 2805 713 2806 713 2806 1283 2805 913 2801 713 2806 913 2801 55 2803 84 2796 70 2807 1092 2794 1092 2794 70 2807 69 2808 912 2809 913 2801 1220 2810 1220 2810 913 2801 1283 2805 1220 2810 1283 2805 1175 2811 1175 2811 1283 2805 1177 2812 1278 2789 1177 2812 1283 2805 1171 2813 1181 2814 1278 2789 1278 2789 1181 2814 1179 2815 1278 2789 1179 2815 1177 2812 1171 2813 1278 2789 1172 2816 1172 2816 1278 2789 19 2817 1172 2818 19 2819 21 2820 1090 2821 1284 2822 1089 2823 1089 2824 1284 2825 1285 2826 1155 2827 1157 2828 1152 2829 1152 2829 1157 2828 1159 2830 1152 2829 1159 2830 1149 2831 1149 2832 1159 2833 1139 2832 1149 1391 1139 1391 1146 2834 1146 2835 1139 2836 1138 2837 1146 2835 1138 2837 1144 2838 1144 2838 1138 2837 1142 2839 1090 2840 1091 2841 1284 2842 1284 2842 1091 2841 1286 2843 1286 2844 1091 2845 1287 2846 1287 2846 1091 2845 1002 2847 1287 2846 1002 2847 1003 2848 32 2849 26 2850 1277 2851 1277 2852 26 2853 1288 2854 762 2855 761 2856 34 2857 34 2858 761 2859 35 2860 256 2861 255 2862 1289 2863 1289 2863 255 2862 261 2864 1289 2863 261 2864 1290 2865 1290 2865 261 2864 1291 2866 1291 2866 261 2864 263 2867 1291 2866 263 2867 1292 2868 1292 2868 263 2867 278 2869 1292 2868 278 2869 1293 2870 1293 2871 278 2872 284 2873 1293 2874 284 2875 295 2876 1293 2877 295 2878 1294 2879 1294 2879 295 2878 296 2880 1294 2879 296 2880 1295 2881 1295 2881 296 2880 301 2882 303 2883 1296 2884 301 2882 301 2882 1296 2884 1297 2885 301 2882 1297 2885 1295 2881 318 2886 1298 2887 322 2888 322 2888 1298 2887 1296 2884 322 2888 1296 2884 303 2883 1298 2887 318 2886 1299 2889 1299 2889 318 2886 1300 2890 1300 2890 318 2886 210 2891 1300 2890 210 2891 1301 2892 1301 2892 210 2891 212 2893 1301 2892 212 2893 1302 2894 1302 2895 212 2896 218 2897 1302 2898 218 2899 225 2900 1289 2863 1303 2901 256 2861 256 2861 1303 2901 1304 2902 256 2861 1304 2902 317 2903 317 2903 1304 2902 1305 2904 317 2903 1305 2904 227 2905 227 2905 1305 2904 1306 2906 227 2907 1306 2908 225 2909 225 2910 1306 2911 1302 2912 29 2913 1195 2914 1235 2915 1235 2916 1195 2917 1213 2918 1288 2919 26 2920 995 2921 995 2921 26 2920 712 2922 995 2921 712 2922 93 2923 93 2923 712 2922 54 2924 994 1932 1281 2925 995 1934 995 1934 1281 2925 1280 2926 995 1934 1280 2926 1288 2927 1288 2928 1280 2929 1279 2930 1288 2931 1279 2932 1277 2933 68 2934 715 2935 67 2936 67 2936 715 2935 65 2937 1094 2938 1093 2939 1307 2940 1307 2940 1093 2939 1308 2941 779 2942 1307 2940 117 2943 117 2943 1307 2940 1308 2941 94 2944 93 2945 1282 2946 1282 2947 93 2948 54 2949 1282 2950 54 2951 53 2952 1309 2953 1310 2953 1311 2953 1311 2954 1310 2954 1312 2954 1311 2955 1312 2956 1313 2957 1313 2957 1312 2956 1314 568 1313 2958 1314 568 1315 2959 1312 568 1316 568 1314 568 1314 2960 1316 2960 1317 2960 1314 2961 1317 2961 1318 2961 1318 568 1317 568 1319 568 1318 2962 1319 2962 1320 2962 1320 568 1319 568 1321 568 1320 568 1321 568 1322 568 1320 568 1322 568 1323 568 1323 568 1322 568 1324 568 1323 568 1324 568 1325 568 1325 568 1324 568 1326 568 1325 2963 1326 2963 1327 2963 1327 568 1326 568 1328 568 1327 2964 1328 2964 1329 2964 1327 2965 1329 2966 1330 2967 1330 2967 1329 2966 1331 568 1330 2968 1331 568 1332 2969 1329 568 1333 568 1331 568 1331 568 1333 568 1334 568 1331 568 1334 568 1335 568 1335 568 1334 568 1336 568 1335 2970 1336 2970 1337 2970 1337 568 1336 568 1338 568 1337 568 1338 568 1339 568 1337 568 1339 568 1340 568 1340 568 1339 568 1341 568 1340 2971 1341 2971 1342 2971 1342 568 1341 568 1309 568 1342 2972 1309 2972 1311 2972 1315 2959 1343 2973 1313 2958 1332 2969 1344 2974 1330 2968 916 2975 1345 2976 778 2977 778 2977 1345 2976 1346 2978 778 2977 1346 2978 779 2979 779 2979 1346 2978 1347 2980 779 2979 1347 2980 916 2975 916 2975 1347 2980 1348 2981 916 2975 1348 2981 1345 2976 1349 2982 1350 2983 1307 2984 1307 2984 1350 2983 1351 2985 1307 2984 1351 2985 1094 2986 1094 2986 1351 2985 76 2987 1351 2985 1349 2982 76 2987 76 2987 1349 2982 1307 2984 76 2987 1307 2984 916 2975 916 2975 1307 2984 779 2979 344 2648 343 2988 103 2645 103 2989 343 2990 104 2991 1352 2992 1353 2993 1354 2994 1354 2995 1353 2996 1355 2997 1356 2998 1357 2999 1358 3000 1358 3001 1357 3002 1359 3003 175 3004 1100 3005 1360 3006 1360 3006 1100 3005 1086 3007 1360 3006 1086 3007 1361 3008 1361 3008 1086 3007 1362 3009 172 3010 1363 3011 991 3012 991 3012 1363 3011 1364 3013 991 3012 1364 3013 993 3014 1363 3011 172 3010 1365 3015 1364 3013 1365 3015 993 3014 993 3014 1365 3015 172 3010 993 3014 172 3010 1086 3007 1086 3007 172 3010 175 3004 1086 3007 175 3004 1362 3009 1362 3009 175 3004 1360 3006 75 3016 176 3017 1093 3018 1093 3018 176 3017 174 3019 1093 3018 174 3019 1308 3020 1308 3020 174 3019 173 3021 1308 3020 173 3021 117 3022 117 3022 173 3021 990 3023 117 3022 990 3023 118 3024 75 3016 106 3025 176 3017 1366 3026 1367 3027 1368 3028 1368 3028 1367 3027 1369 3029 1368 3028 1369 3029 1370 3030 1370 3030 1369 3029 1371 3031 1370 3030 1371 3031 1372 3032 1372 3032 1371 3031 1373 3033 1374 3034 1375 3035 1376 3036 1376 3036 1375 3035 1377 3037 1376 3036 1377 3037 1378 3038 1379 3039 1380 3040 1374 3034 1374 3034 1380 3040 1381 3041 1374 3034 1381 3041 1375 3035 1374 3034 1382 3042 1379 3039 1379 3039 1382 3042 1383 3043 992 3044 1383 3045 1382 3046 1369 3029 1367 3027 1384 3047 1383 3048 1385 3049 1386 3050 1386 3051 1385 3052 1387 3053 1386 3051 1387 3053 1388 3054 1389 3055 182 3056 1390 3057 1390 3057 182 3056 109 3058 10 3059 12 3060 1390 3057 1390 3057 12 3060 1391 3061 1390 3057 1391 3061 1389 3055 1389 3055 1391 3061 1383 3062 1389 3055 1383 3062 182 3056 182 3056 1383 3062 992 3063 1085 2163 10 2165 1392 3064 1392 3065 10 3059 1390 3057 1393 3066 1372 3032 1373 3033 1084 3067 1085 3068 1393 3069 1393 3070 1085 2163 1392 3064 1393 3070 1392 3064 1372 3071 1391 3061 12 3060 43 76 43 76 12 3060 11 77 1392 3072 1390 3057 1372 3073 1372 3073 1390 3057 109 3058 1372 3032 109 3074 1370 3030 1370 3030 109 3074 106 3025 1370 3030 106 3025 1368 3028 1368 3028 106 3025 75 3016 1368 3028 75 3016 77 3075 1394 3076 1384 3047 1395 3077 1395 3077 1384 3047 1367 3027 1395 3077 1367 3027 1396 3078 1396 3078 1367 3027 1366 3026 1396 3078 1366 3026 1397 3079 1395 3077 1398 3080 1394 3076 1394 3076 1398 3080 1399 3081 1394 3076 1399 3081 1400 3082 1400 3082 1399 3081 1398 3080 1400 3082 1398 3080 66 3083 66 3083 1398 3080 47 3084 66 3085 47 3086 67 3087 67 3087 47 3086 49 3088 1396 3078 1401 3089 1395 3077 1395 3077 1401 3089 1402 3090 1395 3077 1402 3090 1398 3080 1398 3080 1402 3090 1403 3091 1398 3080 1403 3091 1404 3092 1396 3078 1397 3079 1405 3093 1405 3093 1397 3079 1406 3094 1405 3093 1406 3094 1407 3095 1407 3095 1406 3094 1408 3096 1407 3095 1408 3096 1409 3097 1410 3098 1411 3099 1412 3100 1411 3099 1410 3098 1413 3101 1413 3101 1410 3098 1414 3102 1413 3101 1414 3102 1415 3103 1415 3103 1414 3102 1416 3104 1415 3103 1416 3104 1417 3105 1417 3105 1416 3104 777 3106 1417 3107 777 3108 118 3109 1131 3110 639 3111 1378 3112 1378 3113 639 3114 638 3115 1378 3038 638 3116 1418 3117 1418 3117 638 3116 1419 3118 1418 3117 1419 3118 1420 3119 1421 3120 1377 3037 1422 3121 1422 3121 1377 3037 1375 3035 1422 3121 1375 3035 1423 3122 1423 3122 1375 3035 1381 3041 1423 3122 1381 3041 1424 3123 1424 3123 1381 3041 1425 3124 1424 3123 1425 3124 1426 3125 1426 3125 1425 3124 707 3126 1426 3125 707 3127 977 3128 977 3129 707 1100 706 1099 977 3130 706 3131 709 3132 422 3133 707 3126 1427 3134 1427 3134 707 3126 1425 3124 977 3128 1428 3135 1426 3125 1426 3125 1428 3135 1429 3136 1426 3125 1429 3136 1430 3137 1430 3137 1429 3136 407 3138 1430 3137 407 3138 1426 3125 1426 3125 407 3138 1431 3139 1426 3125 1431 3139 1424 3123 1424 3123 1431 3139 1432 3140 1424 3123 1432 3140 1423 3122 1423 3122 1432 3140 1433 3141 1423 3122 1433 3141 1422 3121 1422 3121 1433 3141 1434 3142 1422 3121 1434 3142 1421 3120 1421 3120 1434 3142 1435 3143 1421 3120 1435 3143 1377 3037 1428 3144 977 3145 978 3146 407 3147 1429 3148 408 3149 408 3149 1429 3148 1428 3150 1428 3151 464 3152 1436 3153 1436 3153 464 3152 1118 3154 1437 3155 402 3156 1438 3157 1439 3158 1438 3157 387 3159 387 3159 1438 3157 402 3160 387 3159 402 3160 388 3161 387 3162 389 3163 1439 3164 388 3165 1440 3166 389 3167 389 3167 1440 3166 1441 3168 389 3169 1441 3170 1439 3158 1439 3158 1441 3170 1442 3171 1439 3158 1442 3171 1438 3157 1438 3157 1442 3171 1443 3172 1438 3157 1443 3172 1437 3155 1437 3155 1443 3172 1444 3173 1437 3155 1444 3173 1445 3174 1445 3174 1444 3173 406 629 1445 3174 406 629 1446 3175 1442 3171 1441 3176 1447 3177 1448 3178 1449 3179 1447 3177 1447 3177 1449 3179 1450 3180 1447 3177 1450 3180 1442 3171 1441 3181 1448 3178 1447 3177 1441 3182 1440 3183 1448 3178 1448 3178 1440 3183 1451 3184 1448 3178 1451 3184 1452 3185 1452 3185 1451 3184 390 3186 1440 3187 388 3188 1451 3184 1451 3184 388 3188 390 3186 1453 3189 1454 3190 1455 3191 1455 3191 1454 3190 1456 3192 1454 3193 1457 3194 1456 3192 1457 3194 1454 3195 1458 3196 1458 3196 1454 3197 1459 3198 1454 3190 1452 3185 1459 3199 1459 3199 1452 3185 390 3200 1459 3198 390 3201 1458 3196 1458 3196 390 3201 732 3202 1458 3196 732 3202 1457 3194 1457 3194 732 3202 1460 3203 1457 3194 1460 3203 1456 3192 1456 3192 1460 3203 1461 3204 1456 3192 1461 3204 1455 3191 1455 3191 1461 3204 1462 3205 1455 3191 1462 3205 1463 3206 1463 3206 1462 3205 2 3207 732 3202 799 3208 1460 3203 1460 3203 801 3209 1461 3204 1461 3204 801 3209 37 3210 1461 3204 37 3211 1462 3205 1460 3203 799 3208 801 3209 14 3212 2 3213 1462 3214 1464 3215 0 0 48 3216 48 3217 0 3218 14 3219 48 3220 14 3221 37 3222 37 3222 14 3221 1462 3223 1403 3091 1463 3206 1404 3092 1404 3092 1463 3206 2 3207 1404 3224 2 2 1 1 0 0 1464 3215 1 1 1 3225 1464 3226 1404 3227 1398 3080 1404 3228 47 3084 47 3229 1404 3227 1464 3226 47 3230 1464 3231 48 3232 1400 3233 1465 3234 1394 3235 1400 3236 66 3237 1465 3238 1465 3239 66 3240 1466 3241 1465 3239 1466 3241 1467 3242 1467 3243 1466 3244 1468 3245 1467 3246 1468 3245 1469 3247 1469 3247 1468 3245 1470 3248 1469 3247 1470 3248 1471 3249 1471 3249 1470 3248 64 3250 1471 3249 64 3250 44 3251 1472 3252 66 3253 65 3254 64 3250 1470 3248 65 3255 65 3254 1470 3248 1468 3245 65 3254 1468 3245 1472 3252 1472 3252 1468 3245 1466 3244 1472 3252 1466 3244 66 3253 1393 3256 1473 3257 1474 3258 1474 3258 1473 3257 1475 3259 1474 3258 1475 3259 1084 3260 1084 3261 1393 3262 1474 3263 1393 3256 1373 3033 1473 3257 1473 3257 1373 3033 1371 3031 1473 3257 1371 3031 1476 3264 1476 3264 1371 3031 1477 3265 1476 3264 1477 3265 1473 3257 1473 3257 1477 3265 1471 3249 1473 3257 1471 3249 1475 3259 1475 3259 1471 3249 44 3251 1475 3259 44 3266 1084 3260 1084 3260 44 3266 56 3267 1084 3268 56 3269 11 3270 11 3270 56 3269 58 3271 1467 3246 1469 3247 1478 3272 1478 3272 1469 3247 1471 3249 1478 3272 1471 3249 1477 3265 1465 3273 1467 3274 1394 3275 1394 3276 1467 3277 1478 3272 1394 3276 1478 3272 1384 3047 1384 3047 1478 3272 1477 3265 1384 3047 1477 3265 1369 3029 1369 3029 1477 3265 1371 3031 1401 3089 1479 3278 1402 3090 1402 3090 1479 3278 1480 3279 1402 3090 1480 3279 1403 3091 1403 3091 1480 3279 1481 3280 1403 3091 1481 3280 1463 3206 1406 3094 1482 3281 1408 3096 1482 3281 1406 3094 1483 3282 1483 3282 1406 3094 1397 3079 1483 3282 1397 3079 1484 3283 1484 3283 1397 3079 1366 3026 1484 3283 1366 3026 1485 3284 1485 3284 1366 3026 1368 3028 1485 3284 1368 3028 1486 3285 1486 3285 1368 3028 77 3075 1486 3285 77 3075 917 3286 1483 3282 1487 3287 1482 3281 1487 3287 1483 3282 1412 3100 1412 3100 1483 3282 1484 3283 1412 3100 1484 3283 1410 3098 1410 3098 1484 3283 1485 3284 1410 3098 1485 3284 1414 3102 1414 3102 1485 3284 1486 3285 1414 3102 1486 3285 1416 3104 1416 3104 1486 3285 917 3286 1416 3104 917 3286 777 3106 1487 3287 1412 3100 1488 3288 1488 3288 1412 3100 1411 3099 1488 3288 1411 3099 1418 3117 1418 3117 1411 3099 1413 3101 1418 3117 1413 3101 1378 3038 1378 3038 1413 3101 1415 3103 1378 3038 1415 3103 1376 3036 1376 3036 1415 3103 1417 3105 1376 3036 1417 3105 1374 3034 1374 3034 1417 3105 118 3289 1374 3034 118 3290 1382 3042 1382 3042 118 3290 990 3291 1382 3046 990 3292 992 3044 1420 3119 1488 3288 1418 3117 1489 3293 1419 3118 638 3116 1490 3294 1133 3295 1435 3143 1435 3143 1133 3295 1134 3296 1435 3143 1134 3296 1377 3037 1377 3037 1134 3296 1131 3297 1377 3037 1131 3297 1378 3038 1490 3294 1435 3143 1491 3298 1491 3298 1435 3143 1492 3299 1491 3298 1492 3299 1356 3300 1435 3143 1434 3142 1492 3299 1492 3299 1434 3142 1493 3301 1492 3299 1493 3301 1356 3302 1356 3303 1493 3304 1357 3305 1493 3301 1434 3142 169 3306 169 3306 1434 3142 171 3307 171 3307 1434 3142 1433 3141 171 3307 1433 3141 1003 3308 1433 3141 1432 3140 1003 3309 1494 3310 1431 3139 407 3138 406 629 408 631 1446 3175 1446 3175 408 631 1428 3311 1446 3175 1428 3151 1445 3174 1445 3174 1428 3151 1436 3153 1445 3174 1436 3153 1437 3155 1437 3155 1436 3153 1118 3154 1437 3155 1118 3154 402 3156 1495 3312 1444 3173 1443 3172 1443 3172 1442 3171 1495 3312 1495 3312 1442 3171 1450 3180 1495 3312 1450 3180 1496 3313 1496 3313 1450 3180 1449 3179 1496 3313 1449 3179 1497 3314 1497 3314 1449 3179 1498 3315 1497 3314 1498 3315 1499 3316 1499 3316 1498 3315 1500 3317 1499 3316 1500 3317 1501 3318 1501 3318 1500 3317 1502 3319 1501 3318 1502 3319 1503 3320 1503 3320 1502 3319 1504 3321 1503 3320 1504 3321 1505 3322 1505 3322 1504 3321 1479 3278 1505 3322 1479 3278 1506 3323 1506 3323 1479 3278 1401 3089 1506 3323 1401 3089 1405 3093 1405 3093 1401 3089 1396 3078 1498 3315 1449 3179 1507 3324 1507 3324 1449 3179 1448 3178 1507 3324 1448 3178 1508 3325 1508 3325 1448 3178 1452 3185 1508 3325 1452 3185 1454 3190 1507 3324 1500 3317 1498 3315 1509 3326 1453 3189 1510 3327 1510 3327 1453 3189 1455 3191 1479 3278 1504 3321 1480 3279 1480 3279 1504 3321 1509 3326 1480 3279 1509 3326 1481 3280 1481 3280 1509 3326 1510 3327 1481 3280 1510 3327 1463 3206 1463 3206 1510 3327 1455 3191 1133 3295 1490 3294 1511 3328 1495 3312 1496 3313 1512 3329 1512 3329 1496 3313 1513 3330 1512 3329 1513 3330 1514 3331 1514 3331 1513 3330 1286 3332 1514 3331 1286 3332 1287 3333 1444 3173 1495 3312 1494 3310 1494 3310 1495 3312 1512 3329 1494 3310 1512 3329 1431 3139 1431 3139 1512 3329 1514 3331 1431 3139 1514 3331 1432 3140 1432 3140 1514 3331 1287 3333 1432 3140 1287 3333 1003 3309 1444 3173 1494 3310 407 3334 1444 3173 407 3334 406 629 1496 3313 1497 3314 1513 3330 1502 3319 1500 3317 1515 3335 1515 3335 1500 3317 1507 3324 1515 3335 1507 3324 1516 3336 1516 3336 1507 3324 1508 3325 1504 3321 1502 3319 1509 3326 1509 3326 1502 3319 1515 3335 1509 3326 1515 3335 1453 3189 1453 3189 1515 3335 1516 3336 1453 3189 1516 3336 1454 3190 1454 3190 1516 3336 1508 3325 1517 3337 1518 3338 1409 3097 1409 3097 1518 3338 1407 3095 1409 3339 1519 3340 1517 3341 1517 3342 1519 3343 1520 3344 1517 3345 1520 3344 1521 3346 1521 3346 1520 3344 1522 3347 1088 3348 1285 3349 168 3350 168 3351 1285 3352 1357 3305 168 3351 1357 3305 169 3353 169 3353 1357 3305 1493 3304 170 3354 1088 3355 168 3356 1523 3357 1285 3358 1284 3359 1286 3332 1513 3330 1524 3360 1524 3360 1513 3330 1525 3361 1525 3361 1513 3330 1497 3314 1525 3361 1497 3314 1499 3316 1501 3318 1526 3362 1499 3316 1499 3316 1526 3362 1527 3363 1499 3316 1527 3364 1525 3361 1525 3361 1527 3364 1523 3357 1525 3361 1523 3357 1524 3360 1524 3360 1523 3357 1284 3359 1524 3360 1284 3359 1286 3365 1521 3346 1503 3320 1517 3345 1517 3366 1503 3320 1505 3322 1517 3367 1505 3322 1518 3338 1518 3338 1505 3322 1506 3323 1518 3338 1506 3323 1407 3095 1407 3095 1506 3323 1405 3093 1527 3368 1526 3369 1528 3370 1528 3371 1526 3372 1522 3373 1528 3374 1522 3375 1355 3376 1355 3377 1522 3347 1520 3344 1355 3377 1520 3344 1354 3378 1354 3378 1520 3344 1519 3343 1354 3379 1519 3380 1352 3381 1352 3382 1519 3340 1409 3339 1352 3382 1409 3339 1529 3383 1529 3384 1409 3097 1408 3096 1529 3385 1408 3386 1530 3387 1530 3388 1408 3096 1482 3281 1530 3389 1482 3281 1531 3390 1531 3390 1482 3281 1487 3287 1531 3390 1487 3287 1532 3391 1532 3391 1487 3287 1488 3288 1532 3391 1488 3288 1533 3392 1533 3392 1488 3288 1420 3119 1533 3392 1420 3119 1534 3393 1534 3394 1420 3119 1419 3118 1534 3395 1419 3118 1511 3328 1511 3328 1419 3118 1489 3293 1511 3328 1489 3293 1133 3295 1359 3396 1535 3397 1536 3398 1536 3398 1535 3397 1537 3399 1536 3398 1537 3399 1538 3400 1538 3401 1537 3399 1527 3402 1538 3403 1527 3404 1528 3405 1527 3402 1537 3399 1523 3406 1523 3406 1537 3399 1535 3397 1523 3406 1535 3397 1285 3407 1285 3407 1535 3397 1359 3408 1285 3409 1359 3410 1357 3411 1522 3347 1526 3412 1521 3346 1521 3346 1526 3362 1501 3318 1521 3346 1501 3318 1503 3320 1427 3134 711 3413 422 3133 1427 3134 1539 3414 711 3413 711 3413 1539 3414 1540 3415 711 3413 1540 3415 471 3416 1539 3414 1541 3417 1540 3415 1540 3415 1541 3417 1542 3418 1540 3415 1542 3418 1109 3419 1387 3053 43 3420 1388 3054 1388 3054 43 3420 42 3421 1388 3054 42 3421 813 3422 1383 3423 1391 3424 1385 3425 1385 3426 1391 3427 43 3428 1385 3429 43 3420 1387 3053 472 3430 1110 3431 813 3422 813 3422 1110 3431 1109 3419 813 3422 1109 3419 1388 3054 1388 3054 1109 3419 1542 3418 1388 3054 1542 3418 1386 3051 1386 3051 1542 3418 1541 3417 1386 3051 1541 3417 1383 3432 1383 3043 1541 3417 1539 3414 1383 3043 1539 3414 1379 3039 1379 3039 1539 3414 1427 3134 1379 3039 1427 3134 1380 3040 1380 3040 1427 3134 1425 3124 1380 3040 1425 3124 1381 3041 1540 3415 1109 3419 471 3416 1538 3433 1528 3434 1543 3435 1543 3436 1528 3437 1355 3438 1100 3439 107 3440 1086 3441 1086 3441 107 3440 182 3442 1064 178 1065 178 1544 3443 1544 3444 1065 178 1015 3445 1544 3444 1015 3445 1545 3446 1545 3446 1015 3445 1014 3447 612 3448 857 3449 1546 3450 1546 3451 857 3452 1012 3453 1547 3454 1104 3455 1548 3456 1548 3456 1104 3455 1549 3457 1548 3458 1549 3459 425 3460 200 3461 941 3462 805 3463 805 3464 941 3465 1550 3466 805 3464 1550 3466 802 3467 425 3468 1549 3469 423 3470 423 3470 1549 3469 1104 3471 423 3472 1104 3473 1106 3474 428 3475 440 3476 426 3477 426 3478 440 3479 439 3480 277 3481 273 3482 593 3483 593 3484 273 374 194 376 593 3484 194 376 283 3485 1016 3486 1017 3487 1551 3488 1551 3488 1017 3487 1063 3489 1551 3488 1063 3489 1552 3490 1552 3490 1063 3489 1062 3491 601 3492 1127 3493 1553 3494 1553 3494 1127 3493 316 3495 1553 3496 316 3497 311 471 311 471 316 3497 315 475 604 3498 601 3499 602 3500 602 3500 601 3499 1553 3501 602 3502 1553 3503 310 3504 310 3505 1553 3496 311 471 222 3506 345 3507 220 3508 220 3509 345 3510 330 3511 434 3512 435 3513 375 3514 375 3515 435 3516 376 3517 213 3518 339 3519 330 3520 330 3521 339 3522 329 3523 194 3524 193 3525 851 3526 851 3527 193 3528 257 3529 851 3530 257 3531 328 3532 1065 3533 1554 3534 1015 3535 1015 3535 1554 3534 1555 3536 1015 3535 1555 3536 1017 3537 1017 3537 1555 3536 1556 3538 1017 3537 1556 3538 1557 3539 1557 3539 1556 3538 1554 3534 1557 3539 1554 3534 1558 3540 1558 3540 1554 3534 1065 3533 1558 3540 1065 3533 1559 3541 1559 3541 1065 3533 1063 3542 1559 3543 1063 3544 1017 3537 1559 3543 1017 3537 1557 3539 1560 178 1561 178 347 178 347 178 1561 178 1562 178 347 3545 1562 3545 1563 3545 434 3546 1193 3547 431 3548 431 3549 1193 3550 432 3551 366 3552 1021 3553 1564 3554 1564 3555 1021 3556 243 3557 1564 3558 243 3559 374 3560 374 3560 243 3559 242 3561 374 3562 242 3563 373 3564 366 3565 1564 3558 367 3566 367 3566 1564 3558 374 3560 393 3567 392 3568 551 3569 551 3569 392 3568 1565 3570 558 3571 979 3572 381 3573 381 3573 979 3572 572 3574 535 3575 558 3571 383 3576 383 3576 558 3571 381 3573 552 3577 551 3569 572 3574 572 3574 551 3569 1565 3570 572 3574 1565 3570 381 3573 381 3573 1565 3570 382 3578 367 3579 373 3580 370 3581 370 3582 373 3583 235 3584 370 3585 235 3586 357 3587 397 3588 1119 3589 399 3590 399 3590 1119 3589 1118 3591 399 3590 1118 3591 464 3592 392 3593 394 3594 1565 3595 1565 3596 394 3597 968 3598 1565 3599 968 3600 382 3601 382 3602 968 3603 534 3604 382 3605 534 3606 383 3607 740 1199 1566 3608 1567 3609 1567 3609 1566 3608 1293 3610 1567 3609 1293 3611 1294 3612 742 1201 744 1203 1568 3613 1568 3613 744 1203 1569 3614 1568 3613 1569 3614 1291 3615 727 1170 1570 3616 729 1172 729 1172 1570 3616 1571 3617 729 1172 1571 3617 731 1174 731 1174 1571 3617 1572 3618 731 1174 1572 3618 716 1152 716 1152 1572 3618 1573 3619 716 1152 1573 3619 718 1154 718 1154 1573 3619 1574 3620 718 1154 1574 3620 720 1156 720 1156 1574 3620 1575 3621 720 1156 1575 3621 722 1159 722 1159 1575 3621 1576 3622 722 1159 1576 3622 723 1161 723 1161 1576 3622 1569 3614 723 1161 1569 3614 744 1203 727 1170 1577 3623 1570 3616 736 1191 1578 3624 733 1183 733 1183 1578 3624 1579 3625 733 1183 1579 3625 725 1168 1580 3626 385 1185 1581 3627 1581 3627 385 1185 738 1197 1581 3627 738 1197 1567 3609 1567 3609 738 1197 740 1199 1566 3608 1292 3628 1293 3610 1291 3615 1292 3628 1568 3613 1568 3613 1292 3628 1566 3608 1568 3613 1566 3608 742 1201 742 1201 1566 3608 740 1199 1291 3615 1569 3614 1290 3629 1290 3629 1569 3614 1576 3622 1290 3629 1576 3622 1289 3630 1289 3630 1576 3622 1575 3621 1289 3630 1575 3621 1303 3631 1303 3631 1575 3621 1574 3620 1303 3631 1574 3620 1304 3632 1304 3632 1574 3620 1573 3619 1304 3632 1573 3619 1305 3633 1305 3633 1573 3619 1572 3618 1305 3633 1572 3618 1306 3634 1306 3635 1572 3618 1571 3617 1306 3636 1571 3637 1302 3638 1302 3639 1571 3617 1570 3616 1302 3639 1570 3616 1301 3640 1301 3640 1570 3616 1577 3623 1301 3640 1577 3623 1300 3641 1299 3642 1300 3641 1579 3625 1579 3625 1300 3641 1577 3623 1579 3625 1577 3623 725 1168 725 1168 1577 3623 727 1170 1579 3625 1578 3624 1299 3642 1299 3642 1578 3624 1298 3643 1298 3643 1578 3624 1582 3644 1582 3644 1578 3624 736 1191 1582 3644 736 1191 735 1189 1582 3644 1296 3645 1298 3643 1296 3645 1582 3644 1583 3646 1583 3646 1582 3644 735 1189 1583 3646 735 1189 734 1187 1583 3646 1297 3647 1296 3645 1297 3647 1583 3646 1580 3626 1580 3626 1583 3646 734 1187 1580 3626 734 1187 385 1185 1297 3647 1580 3626 1295 3648 1295 3648 1580 3626 1581 3627 1295 3648 1581 3627 1294 3612 1294 3612 1581 3627 1567 3609 970 3649 967 3650 1246 3651 1246 3652 967 3653 966 3654 429 3655 1039 3656 470 3657 470 3657 1039 3656 1584 3658 470 3657 1584 3658 532 600 724 3659 798 3660 732 3661 732 3661 798 3660 799 3662 464 3663 1428 3664 401 3665 401 3666 1428 3667 978 3668 1031 3669 1033 3670 1585 3671 1585 3672 1033 3673 1120 3674 1585 3672 1120 3674 1586 3675 585 3676 592 3677 586 3678 586 3679 592 3680 587 3681 833 3682 847 3683 1587 3684 1587 3685 847 3686 848 3687 832 1882 833 3688 982 1880 982 1880 833 3688 1587 3689 982 3690 1587 3691 981 3692 981 3693 1587 3685 848 3687 981 3693 848 3687 849 3694 693 3695 818 3696 694 3697 694 3697 818 3696 500 3698 694 3697 500 3698 499 3699 1244 3700 872 3701 685 3702 685 3703 872 3704 683 3705 1588 3706 1589 3707 1590 3708 1590 3708 1589 3707 1591 3709 1592 3710 1593 3711 1591 3712 1591 3713 1593 3714 1594 3715 1591 3713 1594 3715 1590 3708 1590 3708 1594 3715 1595 3716 1590 3708 1595 3716 1588 3706 1588 3706 499 3717 1589 3707 1589 3707 499 3717 1596 3718 1589 3707 1596 3718 1591 3719 1591 3719 1596 3718 1597 3720 1591 3721 1597 3722 1592 3723 1592 3723 1597 3722 1598 3724 1592 3723 1598 3724 1599 3725 1599 3725 1598 3724 537 3726 1599 3725 537 3726 1053 3727 530 3728 691 3729 1588 3706 1588 3706 691 3729 694 3730 1588 3706 694 3730 499 3717 510 3731 512 3732 1588 3733 1588 3733 512 3732 1600 3734 1588 3733 1600 3734 530 3735 1594 3715 1601 3736 1595 3716 1602 3737 1603 3738 1594 3715 1594 3715 1603 3738 1604 3739 1594 3715 1604 3739 1601 3736 1594 3715 1593 3740 1602 3737 1602 3737 1593 3741 493 3742 1602 3737 493 3742 1603 3738 1605 3743 1593 3744 1599 3745 1599 3725 1593 3746 1592 3723 1596 3718 499 3717 1056 3747 1056 3748 499 3749 501 3750 1056 3751 501 3752 1606 3753 1603 3738 1607 3754 1604 3739 1604 3739 1607 3754 516 3755 1604 3739 516 3755 1601 3736 1601 3736 516 3756 513 3757 1601 3736 513 3757 1595 3716 1595 3758 513 3759 510 3760 1595 3716 510 3761 1588 3706 1607 3754 517 3762 516 3755 1608 3763 1609 3764 1607 3754 1607 3754 1609 3764 1610 3765 1607 3754 1610 3765 517 3766 517 3767 1610 3765 1611 3768 475 3769 1612 3770 1613 3771 1613 3771 1612 3770 1614 3772 1613 3771 1614 3772 699 3773 699 3773 1614 3772 1615 3774 699 3773 1615 3774 1616 3775 1616 3775 1615 3774 1617 3776 1616 3775 1617 3776 1618 3777 1618 3777 1617 3776 1619 3778 1618 3777 1619 3778 1620 3779 1620 3779 1619 3778 371 3780 1620 3779 371 3780 357 3781 502 3782 475 3783 1613 3784 1612 3770 1615 3774 1614 3772 1612 3770 1621 3785 1615 3774 1615 3774 1621 3785 1622 3786 1615 3774 1622 3786 1617 3776 1617 3776 1622 3786 1623 3787 1617 3776 1623 3787 1624 3788 1624 3788 1623 3787 1072 3789 1624 3788 1072 3789 372 3790 372 3790 1072 3789 1070 3791 372 3792 1070 3793 1014 3794 1014 3794 1070 3793 1625 3795 1014 3794 1625 3795 1545 3796 1545 3796 1625 3795 1626 3797 1545 3796 1626 3797 1544 3798 1544 3798 1626 3797 1627 3799 1544 3798 1627 3799 1064 3800 1064 3800 1627 3799 1080 3801 1064 3800 1080 3801 1628 3802 1628 3802 1080 3801 1078 3803 1628 3802 1078 3803 1629 3804 1629 3804 1078 3803 611 3805 1629 3804 611 3805 1630 3806 1630 3806 611 3807 610 3808 1630 3806 610 3808 1623 3787 1623 3787 610 3809 1631 3810 1623 3787 1631 3810 1072 3789 1621 3785 1612 3770 475 3811 1621 3785 1632 3812 1622 3786 1622 3786 1632 3812 1623 3787 1633 3813 1634 3814 474 3815 474 3815 1634 3814 475 3816 474 3815 1635 3817 1633 3813 1633 3813 1635 3817 1636 3818 1633 3813 1636 3818 1637 3819 1637 3819 1636 3818 1638 3820 1637 3819 1638 3820 1639 3821 1639 3821 1638 3820 463 710 452 3822 1640 3823 1639 3821 1639 3821 1640 3823 1641 3824 1639 3821 1641 3824 1637 3819 1637 3819 1641 3824 1642 3825 1637 3819 1642 3825 1633 3813 1633 3813 1642 3825 1643 3826 1633 3813 1643 3826 1634 3814 1639 3821 463 710 452 3822 452 3822 463 710 131 709 452 3822 453 3827 1640 3823 1640 3823 453 3827 1644 3828 1640 3823 1644 3828 1645 3829 1645 3829 1644 3828 1646 3830 1645 3829 1646 3830 1647 3831 1647 3831 1646 3830 628 3832 1647 3831 628 3832 1648 3833 1648 3833 628 3832 1649 3834 1648 3833 1649 3834 1650 3835 1650 3835 1649 3834 1651 3836 1650 3835 1651 3836 1641 3824 1641 3824 1651 3836 1628 3802 1641 3824 1628 3802 1642 3825 1642 3825 1628 3802 1629 3804 1642 3825 1629 3804 1643 3826 1643 3826 1629 3804 1632 3812 1643 3826 1632 3812 1634 3814 1634 3814 1632 3812 1621 3785 1634 3814 1621 3785 475 3837 453 3827 451 3838 1644 3828 1646 3830 1652 3839 628 3832 628 3840 1652 3841 1653 3842 628 3840 1653 3842 614 3843 618 3844 626 3845 628 3846 628 3847 626 3848 1654 3849 628 3832 1654 3849 1649 3834 626 3848 627 3850 1654 3849 1654 3849 627 3850 1655 3851 1654 3849 1655 3851 1649 3834 1649 3834 1655 3851 1656 3852 1649 3834 1656 3852 1651 3836 1651 3836 1656 3852 1657 3853 1651 3836 1657 3853 1628 3802 1628 3802 1657 3853 1658 3854 1628 3802 1658 3854 1062 3855 1062 3855 1658 3854 1659 3856 1062 3855 1659 3856 1552 3857 1552 3857 1659 3856 1660 3858 1552 3857 1660 3858 1551 3859 1551 3859 1660 3858 1661 3860 1551 3859 1661 3860 1016 3861 1016 3861 1661 3860 369 3862 1016 3861 369 3862 372 3792 627 3850 1662 3863 1655 3851 1655 3851 1662 3863 1663 3864 1655 3851 1663 3864 1656 3852 1656 3852 1663 3864 282 3865 1656 3852 282 3865 853 3866 1662 3863 627 3867 625 3868 607 3869 606 3870 1664 3871 1664 3872 606 3873 613 3874 786 3875 595 3876 613 3877 613 3877 595 3876 594 3878 613 3877 594 3878 1664 3879 1664 3880 594 3881 604 3882 1664 3883 604 3884 622 3885 622 3886 604 3887 1073 3888 622 3889 1073 3890 624 3891 624 3891 1073 3890 1074 3892 624 3891 1074 3892 625 3868 625 3868 1074 3892 1075 3893 625 3868 1075 3893 1662 3863 1662 3863 1075 3893 597 3894 1662 3863 597 3894 1663 3864 1663 3864 597 3894 282 3865 788 3895 786 3875 1665 3896 1665 3896 786 3875 613 3877 1665 3896 613 3877 612 3897 788 3895 1665 3896 1666 3898 1666 3898 1665 3896 1546 3899 1666 3898 1546 3900 1012 3901 1665 3902 612 3903 1546 3904 1012 3901 1667 3905 1666 3898 1666 3898 1667 3905 789 3906 1666 3898 789 3906 788 3895 1668 3907 1669 3908 1670 3909 1670 3909 1669 3908 856 3910 1670 3909 856 3910 855 3911 1044 3912 1671 3913 1670 3909 1670 3909 1671 3913 1672 3914 1670 3909 1672 3914 1668 3907 1668 3907 1672 3914 1673 3915 1668 3907 1673 3915 1674 3916 1005 3917 1044 3918 1004 3919 1004 3920 1044 3921 1670 3922 1004 3920 1670 3922 855 3923 497 3924 1675 3925 1046 3926 1046 3926 1675 3925 1044 3927 497 3928 496 3929 1675 3930 1675 3930 496 3929 1676 3931 1675 3930 1676 3931 1677 3932 496 3929 696 3933 1676 3931 1676 3931 696 3933 705 3934 1676 3931 705 3934 1678 3935 1678 3935 705 3934 1679 3936 1678 3935 1679 3936 1680 3937 1680 3937 1679 3936 1681 3938 1680 3937 1681 3938 1682 3939 1682 3940 1681 3938 1683 3941 1682 3940 1683 3941 1684 3942 1684 3942 1683 3941 1685 3943 1684 3942 1685 3943 1686 3944 1686 3944 1685 3943 1687 3945 1686 3944 1687 3945 1611 3768 1611 3768 1687 3945 1688 3946 1611 3768 1688 3946 702 3947 702 3947 1688 3946 503 3948 1689 3949 144 3950 138 3951 812 3952 808 3953 458 3954 458 3954 808 3953 1690 3955 458 3954 1690 3955 1691 3956 1691 3957 1690 3958 1692 3959 1691 3957 1692 3959 137 3960 137 3960 1692 3959 1693 3961 137 3960 1693 3961 138 3962 138 3963 1693 3964 1694 3965 138 3951 1694 3966 1689 3949 812 3952 458 3954 1695 3967 437 3968 436 3969 1696 3970 1103 3971 1697 3972 462 3973 462 3974 1697 3975 1698 3976 462 3977 1698 3976 461 3978 461 3978 1698 3976 459 3979 1697 3975 1699 3980 1698 3976 1698 3976 1699 3980 1696 3970 1698 3976 1696 3970 459 3979 459 3979 1696 3970 436 3981 1700 3982 1103 3983 404 3984 1701 3985 1702 3986 1636 3987 1636 3988 1702 3989 1638 3820 1638 3820 1702 3989 463 710 463 710 1702 3989 1102 3990 463 710 1102 3990 1103 3971 1702 3989 403 3991 1102 3990 1103 3971 462 3973 463 710 474 3992 1703 3993 1635 3994 1635 3994 1703 3993 1704 3995 1635 3994 1704 3995 1636 3996 1636 3997 1704 3995 1705 3998 1636 3999 1705 3998 1701 3985 1701 3985 1705 3998 1706 4000 1701 3985 1706 4000 1707 4001 1707 4001 1706 4000 1708 4002 1707 4001 1708 4003 1709 4004 1709 4004 1708 4005 1710 4006 1709 4004 1710 4006 1707 4001 1707 4001 1710 4006 1711 4007 1707 4001 1711 4007 1700 3982 1700 3982 1711 4007 1710 4006 1700 3982 1710 4006 365 4008 365 4008 1710 4006 1712 4009 365 4008 1712 4009 1713 4010 1703 4011 474 731 476 733 1703 3993 1714 4012 1704 3995 1704 3995 1714 4012 1705 3998 542 4013 541 4014 494 4015 494 4016 541 4017 1703 4011 494 4016 1703 4011 476 733 1067 4018 575 4019 1605 4020 1605 4021 575 4022 542 4023 1605 4024 542 4025 494 4026 1605 4020 1599 4027 1067 4018 1067 4028 1599 4029 1053 4030 1708 4002 1706 4000 541 4031 1708 4005 1715 4032 1710 4006 1716 4033 543 4034 1104 4035 1104 4035 543 4034 987 4036 1104 4035 987 4036 1105 4037 1105 4038 987 4039 985 4040 1105 4038 985 4040 538 4041 538 4042 985 4043 536 4044 1104 4035 1547 4045 1716 4033 1716 4033 1547 4045 1717 4046 1716 4033 1717 4046 1718 4047 360 4048 359 4049 1099 4050 177 4051 178 4052 807 4053 807 4054 178 4055 1719 4056 807 4054 1719 4056 1098 4057 1098 4057 1719 4056 1718 4047 1098 4057 1718 4047 1099 4050 1099 4050 1718 4047 1717 4046 1099 4050 1717 4046 360 4048 1719 4056 178 4055 1720 4058 1720 4059 178 4060 115 4061 1720 4058 1721 4062 1719 4056 1719 4056 1721 4062 1715 4032 1719 4056 1715 4032 1718 4047 1718 4047 1715 4032 1708 4005 1718 4047 1708 4063 1716 4033 1716 4064 1708 4002 541 4031 1716 4064 541 4031 543 4065 1712 4009 1710 4006 1722 4066 1722 4066 1710 4006 1715 4032 1722 4066 1715 4032 1721 4067 114 4068 113 4069 1713 4070 1713 4071 113 4072 364 4073 1713 4010 364 4074 365 4008 114 4068 1713 4070 1723 4075 1723 4075 1713 4070 1724 4076 1723 4075 1724 4076 1725 4077 1725 4077 1724 4076 1720 4078 1725 4077 1720 4078 115 4079 1724 4076 1713 4070 1726 4080 1720 4078 1724 4076 1721 4081 1721 4081 1724 4076 1726 4080 1721 4081 1726 4080 1722 4082 1725 4077 115 4083 1727 4084 115 4083 114 4068 1727 4084 1727 4084 114 4068 1723 4075 1727 4084 1723 4075 1725 4077 1707 4001 1700 3982 1701 3985 1701 3985 1700 3982 404 3984 1701 3985 404 3984 1702 3986 1705 3998 1714 4012 1706 4000 1706 4000 1714 4012 1703 3993 1706 4000 1703 3993 541 4031 336 4085 1728 4086 1729 4087 335 4088 1730 4089 336 4090 336 4091 1730 4092 437 4093 336 4094 437 4095 1728 4096 1728 4086 437 3968 1696 3970 1728 4086 1696 3970 1729 4087 1729 4087 1696 3970 1699 3980 1729 4087 1699 3980 336 4085 336 4097 1699 4098 1103 3983 336 4097 1103 3983 337 4099 337 4099 1103 3983 1700 3982 337 4099 1700 3982 365 4008 1730 4100 335 4101 932 4102 115 4103 160 4104 113 4105 113 4106 160 4107 159 4108 113 4106 159 4108 932 4102 932 4102 159 4108 1731 4109 932 4102 1731 4109 1730 4100 1730 4100 1731 4109 438 4110 1730 4092 438 4111 437 4093 159 4108 782 4112 1731 4109 156 4113 158 4114 154 4115 341 4116 783 4117 155 4118 155 4118 783 4117 782 4119 155 4120 782 4112 156 4121 156 4121 782 4112 159 4108 156 4113 159 4122 158 4114 1732 4123 1695 3967 781 4124 781 4124 1695 3967 458 3954 781 4124 458 3954 782 4112 782 4112 458 3954 438 4110 782 4112 438 4110 1731 4109 781 4124 780 4125 1732 4123 1732 4123 780 4125 784 4126 1733 4127 1690 3955 1550 4128 1550 4128 1690 3955 808 3953 1550 4128 808 3953 802 4129 941 4130 940 4131 1550 4128 1550 4128 940 4131 1734 4132 841 4133 1735 4134 591 4135 844 4136 1733 4127 1735 4137 1735 4137 1733 4127 1550 4128 1735 4137 1550 4128 591 4138 591 4138 1550 4128 1734 4132 591 4138 1734 4132 589 4139 589 4139 1734 4132 549 4140 589 4141 549 4142 548 4143 843 4144 579 4145 1736 4146 579 4147 581 4148 1736 4149 1736 4149 581 4148 1733 4150 1736 4149 1733 4150 843 4151 843 4151 1733 4150 844 4152 1733 4150 581 4148 1690 4153 580 905 1737 4154 581 906 1693 4155 1692 4156 1737 4157 1737 4158 1692 4159 1690 4160 1737 4154 1690 4161 581 906 1694 3966 1738 4162 1689 3949 1689 4163 1738 4164 1739 4165 1689 3949 1739 4166 144 3950 144 4167 1739 4168 1740 4169 144 4170 1740 4171 145 4172 145 4172 1740 4171 1679 4173 145 4172 1679 4173 147 4174 147 4175 1679 3936 705 3934 1683 3941 1681 3938 1741 4176 1741 4176 1681 3938 1679 3936 1741 4176 1679 3936 1742 4177 1739 4178 1743 4179 1744 4180 1739 4181 1744 4182 1740 4183 1740 4184 1744 4185 1742 4186 1740 4187 1742 4188 1679 4189 1738 4162 1694 3966 1693 4190 579 4191 1745 4192 580 4193 843 4194 582 4195 579 4196 587 4197 1746 4198 582 4199 582 4199 1746 4198 1742 4200 582 4201 1742 4202 579 4203 579 4191 1742 4204 1743 4179 579 4191 1743 4179 1745 4192 1745 4192 1743 4179 1739 4178 1745 4192 1739 4178 580 4193 580 4193 1739 4178 1738 4205 580 4193 1738 4205 1737 4206 1737 4207 1738 4162 1693 4190 587 3681 592 3680 1746 4208 1746 4208 592 3680 1747 4209 1746 4208 1747 4209 1687 4210 1687 4211 1747 4212 1748 4213 1747 4212 592 4214 1749 4215 1749 4215 592 4214 590 4216 1749 4215 590 4216 1750 4217 1750 4217 590 4216 550 4218 1750 4217 550 4218 1751 4219 1751 4220 550 4221 556 4222 1751 4223 556 4224 939 4225 550 4226 590 4227 548 4228 814 4229 1748 4213 1752 4230 1752 4230 1748 4213 1749 4215 1752 4230 1749 4215 1750 4217 814 4231 520 4232 1748 4233 1748 4233 520 4232 1688 4234 1748 4233 1688 4234 1687 4235 503 3948 1688 3946 504 4236 504 4236 1688 3946 520 4237 1611 4238 702 4239 517 4240 1609 3764 1686 3944 1610 3765 1610 3765 1686 3944 1611 3768 1609 3764 1753 4241 1686 3944 1686 3944 1753 4241 1754 4242 1686 3944 1754 4242 1684 3942 1684 3942 1754 4242 1682 4243 701 4244 1755 4245 699 3773 699 3773 1755 4245 1613 3771 699 3773 1616 3775 700 4246 700 4246 1616 3775 701 4247 1623 3787 1632 3812 1630 3806 1630 3806 1632 3812 1629 3804 1650 3835 1641 3824 1640 3823 1648 3833 1756 4248 1647 3831 1647 3831 1756 4248 1645 3829 1648 3833 1650 3835 1756 4248 1756 4248 1650 3835 1640 3823 1756 4248 1640 3823 1645 3829 789 3906 1667 3905 329 4249 329 4249 1667 3905 1757 4250 329 4249 1757 4250 234 4251 1682 4252 1758 4253 1680 3937 1680 3937 1758 4253 1678 3935 1682 4254 1759 4255 1758 4253 1758 4253 1759 4255 1760 4256 1758 4253 1760 4256 1678 3935 1678 3935 1760 4256 1674 3916 1678 3935 1674 3916 1676 3931 1676 3931 1674 3916 1673 3915 1676 3931 1673 3915 1677 3932 1677 3932 1673 3915 1672 3914 1677 3932 1672 3914 1675 3930 1675 3930 1672 3914 1671 3913 1675 3930 1671 3913 1044 4257 1687 4210 1685 3943 1746 4208 1746 4208 1685 3943 1683 3941 1746 4208 1683 3941 1742 4258 1748 4213 1747 4212 1749 4215 1753 4241 1682 4259 1754 4242 1682 4260 1753 4241 701 4244 701 4244 1753 4241 1609 3764 701 4244 1609 3764 1755 4245 1755 4245 1609 3764 1608 3763 1755 4245 1608 3763 1613 4261 1682 4262 701 4247 1759 4255 1759 4255 701 4247 1760 4256 701 4247 1616 3775 1760 4256 1760 4256 1616 3775 1618 3777 1760 4256 1618 3777 1674 3916 1674 3916 1618 3777 1620 3779 1674 3916 1620 3779 1668 3907 1668 3907 1620 3779 1761 4263 1668 3907 1761 4263 1669 3908 1669 3908 1761 4263 1013 4264 1669 3908 1013 4264 856 3910 1617 3776 1624 3788 1619 3778 1619 3778 1624 3788 372 3790 1619 3778 372 3790 371 3780 1064 4265 1628 3802 1062 3855 1656 3852 853 3866 1657 3853 1657 3853 853 3866 852 4266 1657 3853 852 4266 1658 3854 1658 3854 852 4266 850 4267 1658 3854 850 4267 1659 3856 1659 3856 850 4267 328 4268 1659 3856 328 4268 250 4269 357 3781 234 4251 1620 3779 1620 3779 234 4251 1757 4250 1620 3779 1757 4250 1761 4263 1761 4263 1757 4250 1667 3905 1761 4263 1667 3905 1013 4264 1013 4264 1667 3905 1012 3901 610 3809 609 4270 1631 3810 609 4271 611 3805 1078 3803 1080 3801 1627 3799 1762 4272 1762 4272 1627 3799 1626 3797 1762 4272 1626 3797 1763 4273 1763 4273 1626 3797 1625 3795 1763 4273 1625 3795 1070 3793 250 4269 1660 3858 1659 3856 369 3862 1661 3860 368 4274 368 4274 1661 3860 1660 3858 368 4274 1660 3858 250 4269 1016 3861 372 3792 1014 3794 476 4275 502 4276 493 4277 493 4278 502 4279 1613 4280 493 3742 1613 4281 1603 3738 1603 3738 1613 4281 1608 3763 1603 3738 1608 3763 1607 3754 494 4282 493 3742 1605 4283 1605 4283 493 3742 1593 3741 424 4284 423 4285 1764 4286 1764 4287 423 4288 1107 4289 1764 4290 1107 4291 1598 4292 1598 4293 1107 4294 538 4295 1598 4293 538 4295 537 4296 1242 4297 523 4298 1243 4299 1243 4300 523 4301 872 4302 1243 4303 872 4304 1244 4305 693 4306 1765 4307 1766 4308 1766 4308 1765 4307 526 4309 1766 4308 526 4309 1767 4310 1767 4310 526 4309 818 4311 1767 4310 818 4311 1768 4312 1768 4312 818 4311 693 4306 1768 4312 693 4306 1766 4308 527 4313 526 4314 692 4315 692 4316 526 4309 1769 4317 692 4316 1769 4317 693 4306 693 4306 1769 4317 1770 4318 693 4306 1770 4318 1765 4307 1769 4317 526 4309 1765 4307 531 4319 533 4320 1771 4321 1771 4322 533 4323 564 4324 1771 4325 564 4326 563 4326 1734 4327 940 4328 549 4329 549 4330 940 4331 556 4332 576 4333 566 4334 555 4335 555 4336 566 4337 567 4338 1772 4339 1773 4340 531 4341 531 4341 1773 4340 1774 4342 531 4341 1774 4342 1775 4343 1775 4343 1774 4342 1776 4344 1774 4342 1777 4345 933 4346 933 4346 1777 4345 1772 4339 933 4346 1772 4339 565 4347 565 4347 1772 4339 531 4341 565 4347 531 4341 1771 4348 1778 600 1779 600 933 4349 933 4350 1779 4351 1776 4352 933 4346 1776 4344 1774 4342 1778 600 933 4353 1780 4354 1780 4355 933 4356 934 4357 1780 4355 934 4357 1781 4358 1781 4358 934 4357 531 4341 1781 4358 531 4341 1775 4343 1771 4348 563 4359 565 4347 483 4360 1126 4360 484 4360 484 4361 1126 4361 570 4361 484 1391 570 1391 488 1391 488 4362 570 4362 553 4362 488 1391 553 1391 489 1391 489 4363 553 4363 544 4363 489 1391 544 1391 566 1391 566 4364 544 4364 569 4364 566 4365 569 4365 567 4365 567 4366 569 4366 568 4366 198 4367 280 4368 287 4369 287 4370 280 4371 281 4372 599 972 608 971 600 4373 600 4374 608 4375 1128 4376 608 4375 1083 4377 1128 4376 1128 4376 1083 4377 1081 4378 1128 4376 1081 4378 1129 4379 618 4380 617 4381 608 4375 608 4375 617 4381 674 4382 608 4375 674 4382 1083 4377 1070 568 1069 568 1763 4383 1763 4384 1069 568 1079 4385 1763 4384 1079 4385 1762 4386 1762 4386 1079 4385 1080 4387 1664 4388 622 4389 607 4390 607 4391 622 4392 618 4393 620 4394 892 4395 598 4396 598 4396 892 4395 668 4397 598 4398 668 4399 599 4400 636 4401 619 4402 1081 4401 1081 4401 619 4402 621 4401 1081 4401 621 4401 1129 4401 1652 4403 1782 4404 1653 4405 1653 4405 1782 4404 614 4406 974 4407 972 4408 1782 4409 1782 4404 972 4410 615 4411 1782 4404 615 4411 614 4406 1069 4412 1783 4413 1079 4414 1079 4414 1783 4413 1784 4415 1079 4414 1784 4415 1077 4416 1077 4416 1784 4415 1785 4417 1077 4416 1785 4417 1786 4418 1786 4418 1785 4417 1069 4412 1786 4418 1069 4412 1787 4419 1787 4419 1069 4412 1071 4420 1787 4421 1071 4422 1788 4423 1788 4423 1071 4422 1077 4416 1788 4423 1077 4416 1786 4418 1783 4413 1069 4412 1785 4417 1078 4424 1077 4425 609 4426 609 4426 1077 4425 1071 4427 609 4428 1071 4429 1631 4430 1631 4430 1071 4429 1072 4431 1489 4432 1130 4433 1133 4434 1133 4434 1130 4433 1132 4435 1130 4436 1489 4437 637 4438 637 4439 1489 4440 638 4441 1789 4442 690 4443 1790 4444 1790 4444 690 4443 689 4445 1790 4444 689 4445 1791 4446 1791 4446 689 4445 666 4447 1791 4446 666 4447 1792 4448 1792 4448 666 4447 634 4449 1792 4448 634 4449 1793 4450 1793 4450 634 4449 633 4451 1793 4450 633 4451 1794 4452 1794 4452 633 4451 899 4453 1794 4452 899 4453 1795 4454 1795 4454 899 4453 896 4455 1795 4454 896 4455 1796 4456 1796 4456 896 4455 895 4457 1796 4456 895 4457 1797 4458 1797 4458 895 4457 99 4459 1797 4458 99 4459 1798 4460 1798 4460 99 4459 1799 4461 1798 4460 1799 4461 1800 4462 1800 4462 1799 4461 89 4463 1800 4462 89 4463 1801 4464 1801 4464 89 4463 88 4465 1801 4464 88 4465 1802 4466 1802 4466 88 4465 72 4467 1802 4466 72 4467 1803 4468 1803 4468 72 4467 1804 4469 1803 4468 1804 4469 1805 4470 1805 4470 1804 4469 1806 4471 1805 4470 1806 4471 1807 4472 1807 4472 1806 4471 894 4473 1807 4472 894 4473 1808 4474 1808 4474 894 4473 893 4475 1808 4474 893 4475 1809 4476 1789 4442 686 4477 690 4443 1789 4442 1809 4476 686 4477 686 4477 1809 4476 893 4475 686 4477 893 4475 687 4478 72 4479 74 4480 1804 4469 1804 4469 74 4480 898 4481 1804 4469 898 4481 1806 4471 1806 4471 898 4481 894 4482 73 4483 72 4467 88 4465 99 4484 101 4485 1799 4486 1799 4486 101 4485 897 4487 1799 4486 897 4487 89 4488 89 4488 897 4487 73 4489 100 4490 99 4459 895 4457 632 4491 899 4453 633 4451 644 1021 634 1020 666 4492 667 4493 666 4447 689 4445 1511 4494 1810 4495 1534 4496 1534 4497 1810 4498 1811 4499 1534 4500 1811 4501 1533 3392 1533 3392 1811 4501 1812 4502 1533 3392 1812 4502 1532 3391 1532 3391 1812 4502 1813 4503 1532 3391 1813 4503 1531 3390 1531 3390 1813 4503 1814 4504 1531 3390 1814 4504 1530 3389 1530 4505 1814 4506 1815 4507 1530 4505 1815 4507 1529 4508 1529 4509 1815 4510 1352 4511 1314 4512 1816 4513 1315 4514 1315 4514 1816 4513 1817 4515 1315 4514 1817 4515 1343 4516 1343 4516 1817 4515 1818 4517 1343 4516 1818 4517 1313 4518 1313 4518 1818 4517 1819 4519 1313 4518 1819 4519 1311 4520 1311 4520 1819 4519 1820 4521 1311 4522 1820 4523 1342 4524 1342 4524 1820 4523 1821 4525 1342 4524 1821 4525 1340 4526 1340 4526 1821 4525 1822 4527 1340 4526 1822 4527 1337 4528 1337 4528 1822 4527 1823 4529 1337 4528 1823 4529 1335 4530 1335 4530 1823 4529 1824 4531 1335 4530 1824 4531 1331 4532 1331 4532 1824 4531 1825 4533 1331 4532 1825 4533 1332 4534 1332 4534 1825 4533 1826 4535 1332 4534 1826 4535 1344 4536 1344 4536 1826 4535 1827 4537 1344 4536 1827 4537 1330 4538 1330 4538 1827 4537 1828 4539 1330 4538 1828 4539 1327 4540 1327 4540 1828 4539 1829 4541 1327 4542 1829 4543 1325 4544 1325 4544 1829 4543 1830 4545 1325 4544 1830 4545 1323 4546 1323 4546 1830 4545 1831 4547 1323 4546 1831 4547 1320 4548 1320 4548 1831 4547 1832 4549 1320 4548 1832 4549 1318 4550 1318 4550 1832 4549 1833 4551 1318 4550 1833 4551 1314 4512 1314 4512 1833 4551 1816 4513 1742 4552 1834 4553 1741 4554 1741 4555 1834 4556 1683 4557 490 4558 492 4559 1835 4560 1835 4560 492 4559 698 4561 1835 4560 698 4561 697 4562 667 4563 690 4564 688 4565 688 4565 690 4564 686 4566 2471 4567 2472 4568 2473 4569 2473 4569 2472 4568 2474 4570 2473 4571 2474 4572 2475 4573 2475 4573 2474 4572 2476 4574 2475 4573 2476 4574 2477 4575 2477 4575 2476 4574 2478 4576 2477 4575 2478 4576 2479 4577 2477 4575 2479 4577 2480 4578 2480 4578 2479 4577 2471 4567 2480 4578 2471 4567 2473 4569 2481 4579 2482 4580 2483 4581 2477 4582 2484 4582 2475 4582 2485 4583 2486 4584 2487 4585 2485 4583 2487 4585 2488 4586 2488 4586 2487 4585 2489 4587 2488 4586 2489 4587 2490 4588 2474 4589 2485 4590 2476 4591 2490 4592 2479 4593 2478 4594 2488 4595 2478 4596 2476 4597 2491 4598 2473 4598 2475 4598 2488 4599 2476 4600 2485 4601 2479 4602 2490 4603 2489 4604 2478 4605 2488 4606 2490 4607 2492 4608 2493 4609 2494 4610 2494 4610 2493 4609 2495 4611 2481 4612 2496 4613 2492 4614 2492 4614 2496 4613 2493 4615 2483 4616 2497 4617 2481 4618 2481 4618 2497 4617 2496 4619 2498 4620 2499 4621 2495 4622 2495 4622 2499 4621 2494 4623 2500 4624 2484 4625 2480 4626 2480 4626 2484 4625 2477 4627 2491 4628 2500 4629 2473 4630 2473 4631 2500 4632 2480 4633 2501 4634 2499 4635 2502 4636 2502 4637 2499 4638 2498 4639 2502 4637 2498 4639 2503 4640 2492 4641 2504 4642 2481 4643 2481 4644 2504 4645 2505 4646 2481 4647 2505 4648 2482 4649 2494 4650 2506 4651 2492 4652 2492 4652 2506 4651 2501 4653 2492 4654 2501 4655 2504 4656 2505 4657 2502 4658 2483 4659 2483 4660 2502 4661 2503 4662 2483 4660 2503 4662 2497 4663 2487 4664 2471 4665 2489 4666 2489 4667 2471 4668 2479 4669 2485 4670 2474 4671 2486 4672 2486 4673 2474 4674 2472 4675 2471 4676 2487 4677 2472 4678 2472 4679 2487 4680 2486 4681</p>
        </triangles>
        <triangles material="Surface_3_001-material" count="1012">
          <input semantic="VERTEX" source="#mh00400-j00_lk3_1-mesh-vertices" offset="0"/>
          <input semantic="NORMAL" source="#mh00400-j00_lk3_1-mesh-normals" offset="1"/>
          <p>1836 4682 1837 4683 1838 4684 1838 4684 1837 4683 1839 4685 1838 4684 1839 4685 1840 4686 1840 4686 1839 4685 1841 1391 1840 4686 1841 1391 1842 4687 1843 4688 1840 4686 1844 4689 1844 4689 1840 4686 1842 4687 1844 4689 1842 4687 1837 4690 1837 4690 1842 4687 1845 4691 1837 4690 1845 4691 1839 4692 1846 4693 1847 4694 1848 4695 1848 4695 1847 4694 1849 4696 1848 4697 1849 4698 1850 4699 1851 4700 1852 4701 1853 4702 1853 4702 1852 4701 1854 4703 1851 4700 1855 1391 1856 1391 1857 1391 1858 1391 1856 1391 1856 1391 1858 1391 1846 4693 1856 1391 1846 4693 1851 4700 1851 4700 1846 4693 1848 4695 1851 4700 1848 4695 1852 4701 1852 4701 1848 4695 1838 4704 1852 4705 1838 4684 1840 4686 1859 4706 1860 4707 1861 4708 1862 4709 1863 4710 1864 4711 1865 4712 1866 4713 1867 4714 1867 4714 1868 4715 1865 4712 1865 4712 1868 4715 1869 4716 1865 4712 1869 4716 1870 4717 1870 4717 1869 4716 1871 4718 1870 4717 1871 4718 1872 4719 1873 4720 1874 4721 1875 4722 1876 4723 1877 4724 1878 4725 1879 4726 1880 4727 1881 4728 1882 4729 1883 4730 1875 4731 1884 4732 1885 4733 1874 4734 1886 4735 1887 4736 1885 4733 1885 4733 1887 4736 1882 4729 1885 4733 1882 4729 1874 4734 1874 4734 1882 4729 1875 4731 1888 4737 1889 4738 1890 4739 1890 4739 1891 4740 1888 4737 1888 4737 1891 4740 1892 4741 1888 4737 1892 4741 1893 4742 1893 4742 1892 4741 1894 4743 1893 4742 1894 4743 1895 4744 1873 4745 1875 4746 1892 4747 1892 4741 1875 4748 1883 4749 1892 4741 1883 4749 1894 4743 1894 4743 1883 4749 1882 4750 1894 4743 1882 4750 1896 4751 1896 4752 1882 4753 1887 4754 1896 4752 1887 4754 1897 4755 1897 4756 1887 4757 1898 4758 1899 4759 1890 4760 1889 4761 1900 4762 1899 4759 1901 4763 1901 4763 1899 4759 1889 4761 1902 4764 1903 4765 1900 4766 1900 4766 1903 4765 1904 4767 1900 4762 1904 4768 1899 4759 1905 4769 1859 4770 1906 4771 1905 4772 1906 4773 1907 4774 1907 4774 1906 4773 1908 4775 1907 4776 1908 4777 1909 4778 1906 4773 1859 4779 1908 4775 1910 4780 1911 4781 1912 4782 1880 4783 1879 4784 1913 4785 1879 4786 1881 4787 1914 4788 1915 4789 1913 4790 1879 4791 1916 4792 1917 4793 1918 4794 1919 4795 1920 4796 1921 4797 1912 4798 1922 4799 1910 4800 1923 4801 1924 4802 1925 4803 1925 4804 1926 4805 1923 4806 1923 4806 1926 4805 1927 4807 1923 4808 1927 4809 1928 4810 1929 4811 1930 4812 1931 4813 1932 4814 1933 4815 1934 4816 1910 4817 1932 4817 1913 4818 1933 4819 1932 4820 1910 4821 1935 4822 1936 4822 1937 4822 1938 4823 1939 4824 1937 4825 1940 4826 1941 4827 1942 4828 1942 4828 1941 4827 1943 4829 1942 4828 1943 4829 1944 4830 1944 4830 1943 4829 1938 4831 1944 4830 1938 4831 1936 4832 1936 4833 1938 4823 1937 4825 1910 4834 1945 4835 1933 4836 1931 4837 1930 4838 1912 4839 1911 4840 1915 4841 1912 4839 1912 4839 1915 4841 1946 4842 1912 4839 1946 4842 1931 4837 1947 4843 1904 4843 1903 4843 1945 4844 1948 4845 1949 4846 1945 4844 1949 4846 1933 4847 1933 4847 1949 4846 1950 4848 1933 4847 1950 4848 1934 4849 1945 4850 1910 4851 1922 4852 1951 4853 1952 4854 1929 4855 1929 4856 1952 4857 1953 4858 1929 4859 1953 4860 1922 4861 1922 4862 1953 4863 1954 4864 1922 4865 1954 4866 1945 4867 1951 4868 1929 4869 1955 4870 1879 4871 1914 4872 1955 4873 1955 4874 1914 4875 1956 4876 1955 4870 1956 4877 1951 4868 1916 4878 1957 4878 1958 4878 1958 4879 1957 4880 1959 4879 1960 4881 1961 4881 1962 4881 1960 178 1962 178 1963 178 1963 178 1962 178 1964 178 1963 178 1964 178 1965 178 1965 178 1964 178 1966 178 1965 178 1966 178 1967 178 1967 178 1966 178 1968 178 1967 178 1968 178 1969 178 1969 4882 1968 4882 1970 4882 1969 4883 1970 4883 1971 4884 1972 178 1968 178 1966 178 1973 4885 1969 4886 1971 4887 1974 4888 1856 4889 1975 4890 1974 4888 1976 4891 1856 4889 1856 4889 1976 4891 1977 4892 1856 4889 1977 4892 1857 4893 1857 4893 1977 4892 1978 4894 1857 4895 1978 4896 1979 4897 1979 4898 1980 4899 1857 4900 1981 4901 1982 4902 1983 4903 1983 4903 1982 4902 1984 4904 1983 4905 1984 4906 1985 4907 1985 4907 1984 4906 1973 4885 1985 4907 1973 4885 1975 4908 1975 4908 1973 4885 1971 4887 1975 4909 1971 4910 1974 4911 1986 178 1987 4912 1988 4913 1988 4914 1987 4915 1989 4916 1988 4917 1989 4918 1990 4919 1990 4920 1989 4921 1981 4922 1990 4923 1981 4901 1983 4903 1973 4885 1991 4924 1969 4886 1969 178 1991 178 1992 178 1969 178 1992 178 1993 4925 1993 4926 1992 4927 1994 4928 1993 4926 1994 4928 1995 4929 1996 4930 1997 4931 1998 4932 1998 4932 1997 4931 1993 4926 1998 4932 1993 4926 1995 4929 1999 4933 2000 4933 2001 4933 2002 4934 2003 4935 2004 4936 2004 4936 1896 4937 2002 4934 2002 4938 1896 4752 1897 4755 2002 4938 1897 4755 2005 4939 2005 4939 1897 4755 2006 4940 2005 4939 2006 4940 2007 4941 2008 4942 2009 4943 2010 4944 2011 4945 1867 4945 2012 4945 2012 4946 1867 4947 2013 4946 1935 4948 2014 4949 2015 4950 2016 4951 2017 4952 2018 4953 2016 4951 2018 4953 2019 4954 2019 4954 2018 4953 2020 4955 2019 4954 2020 4955 2021 4956 2022 4957 2023 4958 2024 4959 2025 4960 1941 4961 1940 4962 1940 4962 2026 4963 2025 4960 2025 4960 2026 4963 2027 4964 2025 4960 2027 4964 2028 4965 2028 4965 2027 4964 2029 4966 2028 4965 2029 4966 2030 4967 2008 4968 1916 4969 2009 4970 2009 4971 1916 4972 1918 4973 2009 4971 1918 4973 2031 4974 2031 4975 1918 4976 2029 4966 2031 4975 2029 4966 2032 4977 2032 4977 2029 4966 2027 4964 2032 4977 2027 4964 2033 4978 2034 4979 2035 4980 2036 4981 2035 4982 2034 4983 2037 4984 2038 4985 2039 4985 2040 4986 2041 4987 2042 4988 2043 4989 2044 4990 2045 4991 2046 4992 2047 4993 2048 4994 2049 4995 2047 4993 2049 4995 2050 4996 2050 4997 2049 4998 2051 4999 2050 5000 2051 5001 2052 5002 2052 5003 2053 5004 2050 5005 2054 5006 2055 5007 2056 5008 2056 5008 2043 5009 2054 5006 2054 5006 2043 5009 2057 5010 2054 5006 2057 5010 2058 5011 2058 5011 2057 5010 2059 5012 2043 5009 2042 5013 2057 5010 2060 5014 2054 5006 2058 5011 2061 5015 2062 178 2063 5016 2061 5017 2063 5018 2064 5019 2064 5020 2063 5021 2065 5022 2064 5023 2065 5024 2066 5025 2047 5026 2067 5027 2048 5028 2047 5029 2068 5030 2069 5031 2070 5032 2071 5033 2072 5034 2073 5035 2050 5036 2053 5037 2074 5038 2075 5039 2053 5040 2075 5041 2074 5042 2076 5043 2053 5044 2037 5045 2073 5046 2037 5047 2053 5048 2035 5049 2053 5040 2077 5050 2074 5038 2078 5051 2079 5051 2080 5051 2080 5052 2079 5053 2081 5054 2078 5055 2080 5056 2082 5057 2082 5058 2080 5059 2081 5060 2053 5061 2052 5062 2077 5063 2047 5064 2083 5065 2067 5066 1897 5067 2084 5067 2006 5067 2006 5068 2084 5069 2085 5068 2086 5070 2087 5070 2088 5070 2089 5071 2064 5072 2066 5073 2090 5074 2091 5075 2092 5076 2092 5077 2091 5078 2093 5079 2092 5080 2093 5081 2066 5073 2066 5073 2093 5081 2094 5082 2066 5073 2094 5082 2089 5071 2095 5083 2094 5084 2096 5085 2096 5086 2094 5082 2093 5081 2088 5087 2087 5088 2097 5089 2086 5090 2088 5091 2098 5092 2098 5092 2088 5091 2097 5093 2099 5094 2100 5095 2101 5094 2102 5096 2103 5096 2100 5097 2096 5098 2093 5098 2104 5098 2105 5099 2106 5099 2107 5099 2107 5100 2108 5101 2105 5102 2109 5103 2110 5104 2111 5105 2109 5103 2111 5105 2112 5106 2112 5106 2111 5105 2113 5107 2112 5106 2113 5107 2114 5108 2115 5109 2116 5110 2117 5111 2115 5109 2117 5111 2118 5112 2118 5112 2117 5111 2119 5113 2118 5112 2119 5113 2120 5114 2119 5113 2117 5111 2121 5115 2122 5116 2123 5117 2124 5118 2122 5116 2124 5118 2125 5119 2125 5119 2124 5118 2126 5120 2125 5119 2126 5120 2127 5121 2090 5122 2128 5123 2091 5124 2129 5125 2130 5126 2131 5127 2132 5128 2133 5129 2134 5130 2133 5129 2129 5131 2134 5130 2134 5130 2129 5131 2131 5132 2134 5130 2131 5132 2132 5133 1849 5134 1847 5135 2135 5136 1849 5137 2135 5138 1999 5139 1999 5139 2135 5138 1920 5140 1999 5139 1920 5140 2136 5141 2135 5138 2137 5142 1920 5140 1920 5140 2137 5142 2138 5143 1920 5144 2138 5145 1921 5146 2000 5147 1999 5148 2139 5149 2139 5150 1999 5139 2136 5141 2103 5151 2140 5152 2141 5153 2103 5151 2141 5153 2142 5154 2142 5154 2141 5153 2143 5155 2142 5154 2143 5155 2101 5156 2011 5157 2144 5158 2040 5159 2145 5160 2146 5161 2147 5162 2148 5163 2145 5160 2149 5164 2149 5164 2145 5160 2147 5162 2149 5164 2147 5162 2150 5165 2151 5166 2136 5167 2152 5168 2139 5169 2151 5170 2102 5171 2102 5172 2151 5173 2152 5174 2139 5175 2136 5175 2151 5175 2153 5176 2154 5177 2155 5178 2153 5176 2155 5178 2156 5179 2156 5179 2155 5178 2157 5180 2156 5179 2157 5180 2158 5181 2159 5182 2160 5183 2161 5184 2159 5182 2161 5184 2162 5185 2162 5185 2161 5184 2163 5186 2162 5185 2163 5186 2164 5187 2165 5188 2166 5188 2167 5188 2094 5189 2095 5189 2168 5189 2031 5190 2032 5191 2033 5192 2015 5193 2014 5194 2169 5195 2010 5196 2009 5197 2014 5194 2014 5194 2009 5197 2031 5190 2014 5194 2031 5190 2169 5195 2169 5195 2031 5190 2033 5192 2168 5198 2095 5199 2170 5200 2171 5201 2172 5202 2170 5203 2170 5203 2172 5202 2173 5204 2170 5200 2173 5205 2168 5198 2168 5198 2173 5205 2094 5206 2174 5207 2175 5208 2176 5209 2174 5207 2176 5209 1921 5210 1921 5210 2176 5209 2177 5211 1921 5210 2177 5211 1919 5212 2178 5213 2179 5214 1972 5215 1966 4313 2180 4313 1972 4313 1972 5216 2180 5216 2181 5216 1972 5215 2181 5217 2178 5213 2181 5217 2182 5218 2178 5213 2178 5213 2182 5218 2150 5219 2178 5213 2150 5219 2183 5220 2183 5220 2150 5219 2184 5221 2150 5219 2182 5218 2149 5222 2185 5223 2186 5224 2184 5225 2184 5225 2186 5224 2187 5226 2184 5225 2187 5226 2183 5227 2186 5224 2188 5228 2187 5226 2187 5226 2188 5228 2189 5229 2183 5220 2072 5230 2178 5213 2178 5213 2072 5230 2190 5231 1885 5232 2191 5233 2192 5234 1885 5232 2192 5234 1886 5235 1886 5236 2192 5237 1898 5238 1886 5236 1898 5238 1887 5239 1885 5240 1947 5241 2191 5233 2191 5233 1947 5241 2193 5242 2191 5233 2193 5242 2194 5243 1903 5244 1902 5245 1947 5241 1947 5241 1902 5245 2193 5242 2195 5246 2084 5247 2194 5248 2194 5248 2084 5247 2192 5249 2194 5243 2192 5234 2191 5233 2196 5250 2197 5251 2198 5252 2199 5253 2200 5254 2201 5255 2201 5255 2200 5254 2106 5256 2201 5255 2106 5256 2198 5252 2198 5252 2106 5256 2105 5257 2198 5252 2105 5257 2196 5250 2202 5258 2200 5259 2203 5260 2203 5261 2200 5254 2199 5253 2204 5262 1967 5263 2205 4313 2205 4313 1967 4313 1969 4313 2206 5264 2207 5265 2208 5266 2208 5267 2207 5268 2106 5256 2208 5267 2106 5256 2204 5262 2204 5262 2106 5256 2200 5254 2204 5262 2200 5254 1967 5263 1967 5263 2200 5254 2209 4313 2210 5269 2076 5270 2211 5271 2076 5270 2210 5269 2045 5272 2045 5272 2210 5269 2212 5273 2045 5272 2212 5273 2046 5274 1871 5275 1869 5276 2213 5277 2214 5278 2215 5279 2213 5280 2213 5280 2215 5279 2216 5281 2213 5280 2216 5281 1871 5282 2217 5283 2218 5284 2219 5285 2091 5286 2220 5287 2093 5288 2128 5289 2217 5283 2091 5290 2091 5290 2217 5283 2219 5285 2091 5290 2219 5285 2220 5291 2221 5292 2222 5293 2223 5294 2224 4401 2225 5295 2223 5296 2223 5296 2225 5295 2226 5297 2223 5298 2226 5299 2221 5300 2221 5301 2226 5302 2227 5302 2221 5303 2227 5304 2228 5304 2223 5305 2229 4401 1985 4401 1975 4401 2230 4401 1985 4401 1985 5306 2230 5306 2224 5306 1985 4401 2224 4401 2223 5307 1990 5308 1983 600 2231 600 2231 600 2232 5309 1990 5308 1990 5308 2232 5309 2233 5310 1990 5308 2233 5310 2234 5311 2235 5312 2174 5313 2236 5314 2236 5314 2174 5313 2233 5315 2236 5314 2233 5315 2237 5316 2237 5317 2233 5310 2232 5309 2238 5318 2239 5319 2235 5320 2235 5320 2239 5319 2240 5321 2235 5320 2240 5321 2174 5322 2239 5319 2099 5323 2240 5321 2240 5321 2099 5323 2241 5324 2174 5313 1921 5325 2233 5315 2233 5326 1921 5327 2138 5328 2206 5329 2242 5330 2243 5331 2206 5329 2243 5331 2207 5332 2207 5332 2243 5331 2244 5333 2207 5332 2244 5333 2245 5334 2207 5335 2245 5336 2106 5337 1988 5338 2246 5339 2247 5340 1980 5341 2248 5342 2247 5343 2247 5343 2248 5342 2249 5344 2247 5343 2249 5344 1988 5345 2092 5346 2066 5347 2250 5348 2092 5349 2250 5350 2090 5351 2090 5351 2250 5350 2251 5352 2090 5353 2251 5354 2252 5355 2253 5356 1925 5357 1924 5358 1925 5357 2253 5356 2254 5359 2254 5359 2253 5356 2255 5360 2254 5359 2255 5360 1876 5361 1924 5362 2256 5363 2257 5364 2257 5364 2256 5363 2258 5365 2257 5366 2258 5367 2259 5368 2259 5368 2258 5367 2260 5369 2259 5368 2260 5369 2255 5370 2255 5371 2260 5372 2261 5373 2255 5374 2261 5375 1876 5376 2262 5377 2089 5378 2094 5379 2263 5380 2262 5377 2264 5381 2264 5381 2262 5377 2094 5379 2264 5381 2094 5379 2173 5382 2263 5380 2265 5383 2262 5377 2262 5377 2265 5383 2266 5384 2262 5385 2266 5386 2166 5387 2267 5388 2268 5389 1961 5390 2269 4401 2270 4401 1961 4401 1961 4401 2270 4401 2271 4401 1961 5390 2271 5391 2267 5388 2267 5388 2271 5391 2272 5392 2267 5393 2272 5394 2273 5395 2273 5396 2272 5397 2274 5398 2273 5399 2119 5400 2267 5401 2267 5401 2119 5400 2121 5402 2267 5401 2121 5402 2275 5403 2275 5403 2121 5402 2117 5404 2275 5403 2117 5404 2276 5405 2276 5405 2117 5404 2116 5406 2276 5405 2116 5406 2277 5407 2273 5399 2278 5408 2119 5400 2119 5409 2278 5410 2279 5411 2279 5411 2278 5410 1863 5412 1863 5412 2278 5410 2280 5413 1863 5414 2280 5415 2281 5415 1863 5412 1862 5416 2279 5411 2279 5417 1862 5418 2282 5419 2283 5420 2284 5421 2285 5422 2286 5423 2283 5424 2287 5425 2288 5426 2289 5427 2290 5428 2290 5428 2289 5427 1939 5429 2290 5428 1939 5429 2133 5430 1939 5429 1943 5431 2133 5430 2133 5430 1943 5431 2100 5432 2133 5430 2100 5432 2129 5433 2129 5433 2100 5432 2099 5434 2129 5433 2099 5434 2239 5435 1943 5431 1939 5429 1938 5436 2100 5432 1943 5431 2102 5437 2102 5437 1943 5431 1941 5438 2102 5437 1941 5438 2025 5439 2030 5440 2102 5437 2028 5441 2028 5441 2102 5437 2025 5439 2030 5440 2291 5442 2102 5437 2102 5443 2291 5444 2284 5421 2102 5443 2284 5421 2292 5445 2292 5445 2284 5421 2283 5420 2292 5445 2283 5420 2293 5446 2293 5446 2283 5420 2286 5447 2293 5446 2286 5447 2290 5428 2290 5428 2286 5447 2294 5448 2290 5428 2294 5448 2288 5426 2292 5445 2000 5449 2102 5443 2102 5450 2000 5451 2139 5452 2293 5453 2290 5454 2295 5455 2228 5456 2227 5457 2290 5458 2228 5459 2290 5428 2296 5460 2296 5460 2290 5428 2133 5430 2296 5460 2133 5430 2297 5461 2155 5462 2154 5463 2157 5464 2157 5465 2154 5466 2292 5445 2157 5465 2292 5445 2298 5467 2298 5467 2292 5445 2293 5446 2298 5467 2293 5446 2299 5468 2299 5468 2293 5446 2300 5469 2299 5468 2300 5469 1844 5470 2298 5467 2299 5468 2157 5471 1844 5470 1837 5472 2299 5468 2299 5468 1837 5472 2301 5473 2302 5474 2303 5475 2304 5476 2303 5475 2302 5474 2305 5477 2305 5477 2302 5474 2306 5478 2305 5477 2306 5478 2307 5479 2307 5480 2308 5481 2309 5482 2309 5482 2308 5481 2212 5483 2309 5484 2212 5485 2310 5486 2310 5486 2212 5485 2210 5487 2310 5486 2210 5487 2303 5475 2303 5475 2210 5487 2211 5488 2303 5475 2211 5488 2304 5476 2311 5489 2078 5490 2312 5491 2313 5492 2314 5493 2311 5494 2311 5494 2314 5493 2079 5495 2311 5494 2079 5495 2078 5496 2315 5497 2314 5493 2313 5492 2312 5491 2078 5490 2315 5497 2315 5497 2078 5490 2316 5498 2315 5497 2316 5498 2314 5493 2314 5493 2316 5498 1860 5499 2314 5500 1860 5501 2317 5502 2079 5495 2314 5493 2318 5503 2319 5504 2320 5505 2318 5506 2318 5506 2320 5505 2071 5507 2318 5506 2071 5507 2079 5508 2321 1391 2322 1391 2323 1391 2323 1391 2322 1391 2324 5509 2190 5510 2072 5511 2325 5512 2325 5513 2072 5514 2071 5515 2325 5516 2071 5507 2324 5509 2324 5509 2071 5507 2320 5505 2324 5509 2320 5505 2323 1391 2323 1391 2320 5505 2326 1391 1901 5517 1902 5518 1900 5519 1901 5517 1889 5520 1864 5521 1864 5521 1889 5520 1888 5522 1895 5523 1864 5521 1893 5524 1893 5524 1864 5521 1888 5522 1895 5523 2327 5525 1864 5521 1864 5526 2327 5527 2003 5528 1864 5526 2003 5528 2328 5529 2328 5529 2003 5528 2005 5530 2328 5529 2005 5530 2329 5531 2329 5532 2005 5533 2007 5534 2005 5530 2003 5528 2002 5535 2195 5536 2186 5537 2329 5531 2329 5531 2186 5537 2330 5538 2329 5531 2330 5538 2328 5529 2328 5529 2330 5538 2331 5539 2328 5529 2331 5539 2332 5540 2332 5540 2331 5539 2333 5541 2332 5540 2333 5541 2334 5542 2334 5542 2333 5541 2335 5543 2334 5542 2335 5543 2336 5544 2194 5545 2186 5537 2195 5536 2194 5545 2193 5546 2186 5537 2186 5537 2193 5546 1902 5518 2186 5537 1902 5518 2337 5547 2337 5547 1902 5518 1901 5517 2337 5547 1901 5517 1908 5548 1908 5548 1901 5517 1864 5521 1908 5548 1864 5521 2281 5549 2337 5547 2188 5550 2186 5537 2337 5547 1908 5548 2338 5551 2338 5551 1908 5548 1859 5552 2338 5551 1859 5552 1861 5553 2339 5554 1862 5555 2328 5556 2328 5529 1862 5557 1864 5526 2331 5539 2330 5538 2163 5558 2330 5538 2186 5537 2340 5559 2018 5560 2017 5561 2020 5562 2020 5563 2017 5564 2328 5529 2020 5563 2328 5529 2332 5540 2332 5540 2334 5542 2020 5565 2161 5566 2160 5567 2163 5568 2163 5569 2160 5570 2333 5541 2163 5569 2333 5541 2331 5539 2335 5543 2333 5541 2341 5571 2334 5542 2336 5544 2342 5572 1861 5553 2082 5573 2338 5551 2343 5574 2344 5575 2345 5576 2346 5577 2344 5578 2338 5579 2338 5580 2344 5575 2343 5574 2338 5580 2343 5574 2337 5581 2337 5581 2343 5574 2345 5582 2347 5583 2348 5584 2349 5585 1865 5586 1870 5587 2108 5588 2108 5588 1870 5587 1872 5589 2108 5588 1872 5589 2350 5590 2350 5591 2351 5592 2108 5593 2108 5593 2351 5592 2352 5594 2108 5593 2352 5594 2196 5595 2351 5592 2353 5596 2352 5594 2352 5594 2353 5596 2354 5597 2352 5594 2354 5597 2355 5598 2355 5598 2354 5597 2356 5599 2355 5598 2356 5599 2357 5600 2353 5596 2351 5592 2358 5601 2354 5597 2353 5596 2359 5602 2359 5602 2353 5596 2360 5603 2359 5602 2360 5603 2361 5604 2361 5604 2362 5605 2359 5602 2359 5602 2362 5605 2363 5606 2359 5602 2363 5606 2364 5607 2364 5607 2363 5606 2348 5608 2364 5607 2348 5608 2365 5609 2365 5609 2348 5608 2347 5610 2365 5609 2347 5610 2108 5588 2108 5588 2347 5610 1866 5611 2108 5588 1866 5611 1865 5586 2348 5608 2363 5606 2366 5612 2110 5613 2367 5614 2365 5609 2365 5609 2367 5614 2368 5615 2365 5609 2368 5615 2364 5607 2364 5607 2368 5615 2126 5616 2364 5607 2126 5616 2123 5617 2123 5618 2126 5619 2124 5620 2196 5595 2105 5621 2108 5593 2364 5607 2095 5622 2359 5602 2359 5623 2095 5624 2096 5625 2126 5626 2368 5615 2369 5627 2369 5627 2368 5615 2367 5614 2369 5627 2367 5614 2087 5628 2087 5628 2367 5614 2370 5629 2087 5630 2370 5631 2097 5632 2111 5633 2110 5634 2113 5635 2113 5636 2110 5613 2365 5609 2371 5637 2369 5627 2165 5638 2165 5638 2369 5627 2087 5628 2357 5600 2372 5639 2355 5598 2355 5598 2372 5639 2373 5640 2355 5598 2373 5640 2352 5594 2374 5641 2375 5642 2376 5643 2377 5644 2375 5645 2373 5646 2373 5647 2375 5642 2374 5641 2373 5647 2374 5641 2352 5648 2352 5648 2374 5641 2376 5649 2378 5650 2379 5651 2380 5652 2381 5653 2379 5654 2354 5655 2354 5656 2379 5651 2378 5650 2354 5656 2378 5650 2356 5657 2356 5657 2378 5650 2380 5658 2382 5659 2383 5660 2384 5661 2385 5662 2383 5660 2293 5663 2293 5663 2383 5660 2382 5659 2293 5663 2382 5659 2300 5664 2300 5664 2382 5659 2384 5665 2386 5666 2387 5667 2313 5668 2313 5668 2387 5667 2315 5669 2289 5670 1935 5671 1939 5672 1939 5672 1935 5671 1937 5673 2294 5674 1957 5675 2288 5676 2288 5676 1957 5675 2388 5677 2288 5676 2388 5677 2389 5678 2014 5679 1935 5671 2389 5678 2389 5678 1935 5671 2289 5670 2389 5678 2289 5670 2288 5676 2010 5680 2014 5681 2008 5682 2008 5683 2014 5684 2389 5685 2303 5686 2305 5687 2390 5688 2390 5688 2305 5687 2391 5689 1909 5690 1908 5691 2280 5692 2280 5692 1908 5691 2281 5693 2255 5694 2253 5695 1845 5696 1845 5697 2253 5698 1839 4313 1859 5699 1905 5700 1860 5701 1860 5701 1905 5700 2317 5702 1867 5703 1866 5704 2013 5705 2013 5706 1866 5707 2347 5708 1910 5709 1913 5710 1911 5711 1911 5712 1913 5713 1915 5714 2392 600 2297 5715 2132 5716 2132 5717 2297 5718 2133 5719 2177 5720 2152 5721 1920 5722 1920 5723 2152 5724 2136 5725 1912 5726 1930 5727 1922 5728 1922 5729 1930 5730 1929 5731 2327 5732 2393 5733 2003 5734 2003 5734 2393 5733 2004 5735 2394 5736 2395 5737 2312 5738 2312 5739 2395 5740 2311 5741 2346 5742 2338 5743 2081 5744 2081 5744 2338 5743 2082 5745 1904 5746 1947 5747 1884 5748 1884 5749 1947 5750 1885 5751 2396 5752 2342 5753 2397 5754 2397 5755 2342 5756 2336 5757 2350 5758 2216 5759 2351 5760 2351 5761 2216 5762 2215 5763 2197 5764 2196 5765 2376 5766 2376 5766 2196 5765 2352 5767 2098 5768 2097 5769 2398 5770 2398 5770 2097 5769 2370 4313 2399 1391 2400 5771 2401 5772 2401 5772 2400 5771 2402 5773 2000 5774 2401 5775 2001 5776 2001 5776 2401 5775 2402 5777 2001 5776 2402 5777 1999 5778 2339 5779 2403 5780 1862 5781 1862 5782 2403 5783 2282 5784 2404 5785 2371 5786 2266 5787 2266 5788 2371 5789 2165 5790 2076 5791 2045 5792 2075 5793 2075 5793 2045 5792 2044 5794 2047 5795 2050 5796 2068 5797 2068 5798 2050 5799 2073 5800 2286 5801 1959 5802 2294 5803 2294 5804 1959 5805 1957 5806 2046 5807 2405 5808 2044 5809 2044 5809 2405 5808 2036 5810 2385 5811 2293 5812 2406 5813 2406 5814 2293 5815 2295 5816 2341 5817 2407 5818 2335 5819 2335 5819 2407 5818 2408 5820 1843 5821 1844 5822 2384 5823 2384 5823 1844 5822 2300 5824 2409 5825 2081 5826 2071 5827 2071 5828 2081 5829 2079 5830 2102 5831 2152 5832 2103 5833 2103 5834 2152 5835 2410 5836 2381 5837 2354 5838 2411 5839 2411 5840 2354 5841 2359 5842 2257 4401 2259 4401 1841 4401 1841 4401 2259 4401 1842 4401 2377 5843 2373 5844 2412 5845 2412 5846 2373 5847 2372 5848 2405 5849 2083 5850 2036 5851 2036 5852 2083 5853 2047 5854 2413 5855 2357 5856 2380 5857 2380 5857 2357 5856 2356 5858 2329 5859 2085 5860 2195 5861 2195 5862 2085 5863 2084 5864 2189 5865 2188 5866 2345 5867 2345 5867 2188 5866 2337 5868 2414 5869 2415 5870 2310 5871 2310 5872 2415 5873 2309 5874 2104 5875 2093 5876 2411 5877 2411 5878 2093 5879 2220 5880 2096 5881 2104 5882 2359 5883 2359 5884 2104 5875 2411 5877 2416 5885 2086 5886 2242 5887 2242 5887 2086 5886 2098 5888 1850 5889 1849 5890 2417 5891 2417 5891 1849 5890 2418 5892 2418 5892 1849 5890 2419 5893 2419 5893 1849 5890 1999 5894 2419 5893 1999 5894 2402 5895 2101 5896 2420 5897 2099 5898 2099 5898 2420 5897 2241 5899 2130 5900 2129 5901 2238 5902 2238 5903 2129 5904 2239 5905 2291 5906 2421 5907 2284 5908 2284 5909 2421 5910 2422 5911 2292 5912 2399 5913 2000 5914 2000 5915 2399 5916 2401 5917 1854 5918 2423 5919 2424 5920 2424 5921 2423 5922 2225 5923 2170 5924 2095 5925 2171 5926 2171 5927 2095 5928 2364 5929 2425 600 2340 5930 2185 5931 2185 5932 2340 5933 2186 5934 1837 5935 1836 5936 2301 5937 2301 5938 1836 5939 2426 4313 1926 5940 1878 5941 2427 5942 2427 5942 1878 5941 1877 5943 2387 5944 2394 5944 2315 5944 2315 5945 2394 5945 2312 5945 2256 5946 1924 5947 2428 5948 2428 5949 1924 5950 1923 5951 2310 5952 2303 5952 2414 5952 2414 5953 2303 5953 2390 5953 1873 5954 1899 5955 1874 5956 1874 5957 1899 4759 1904 4768 1874 5957 1904 4768 1884 5958 1918 5959 1917 5960 2422 5961 2422 5961 1917 5960 2284 5962 2284 5962 1917 5960 2285 5963 2285 5963 1917 5960 1916 5964 2285 5963 1916 5964 2283 5965 2283 5965 1916 5964 1958 5966 2283 5965 1958 5966 2287 5967 1988 5968 1990 5969 2246 5970 2246 5971 1990 5972 2234 5973 2393 5974 1894 5975 2004 5976 2004 5977 1894 5978 1896 5979 1945 5980 1954 5981 1948 5982 1948 5983 1954 5984 1953 5985 1948 5983 1953 5985 2429 5986 2063 5987 1997 5988 2065 5989 2065 5989 1997 5988 1996 5990 2065 5989 1996 5990 2430 5991 2431 5992 2432 5993 2274 5994 2274 5994 2432 5993 2273 5995 2433 5996 2319 5996 2274 5997 2274 5998 2319 5999 2318 6000 2274 5994 2318 6001 2431 5992 1965 1391 2434 6002 1963 6003 1963 6004 2434 6005 2252 6006 1963 6004 2252 6006 2251 6007 1960 6008 2250 6009 2430 6010 2430 6010 2250 6009 2066 6011 2430 6012 2066 6013 2065 6014 1897 6015 1898 6016 2084 6017 2084 6017 1898 6016 2192 6018 2306 6019 2302 6020 2049 6021 2049 6021 2302 6020 2051 6022 2372 6023 2357 6024 2435 6025 2435 6025 2357 6024 2413 6026 2436 6027 2217 6028 2437 6029 2437 6029 2217 6028 2252 6030 2437 6029 2252 6030 2438 6031 2438 6032 2252 6033 2202 6034 2217 6028 2128 6035 2252 6030 2252 6030 2128 6035 2090 6036 2412 6037 2372 6023 2436 6038 2436 6038 2372 6023 2435 6025 2436 6038 2435 6025 2217 6039 2103 6040 2142 6041 2100 6042 2100 6042 2142 6041 2101 6043 2259 178 2255 178 1842 178 1842 6044 2255 6044 1845 6044 2106 6045 2245 6046 2107 6047 2107 6047 2245 6046 2108 6048 2365 6049 2108 6050 2113 6051 2113 6051 2108 6050 2245 6052 2113 6053 2245 6054 2439 6055 2409 6056 2070 6057 2440 6058 2440 6059 2070 6060 2072 6061 2440 6059 2072 6061 2441 6062 2441 6062 2072 6061 2183 6063 2166 6064 2266 6065 2167 6066 2167 6067 2266 6068 2165 6069 2040 6070 2144 6071 2038 6072 2038 6072 2144 6071 2363 6073 2363 6073 2144 6071 2366 6074 2366 6074 2144 6071 2011 6075 2366 6074 2011 6075 2348 6076 2348 6076 2011 6075 2012 6077 2348 6076 2012 6077 2349 6078 2023 6079 2428 6080 2024 6081 2024 6081 2428 6080 1923 6082 1935 6083 2015 6084 1936 6085 1936 4832 2015 6086 2169 6087 1936 4832 2169 6087 1944 4830 2316 6088 2078 6089 1861 6090 1861 6091 2078 6092 2082 6093 1880 6094 1913 6095 2442 6096 2442 6097 1913 6098 1932 6099 2442 6097 1932 6099 1934 6100 1915 6101 1879 6102 1946 6103 1946 6104 1879 6105 1955 6106 1934 6100 1950 6107 2442 6097 2442 6108 1950 6109 2443 6110 2442 6111 2443 6112 1880 6113 1880 6114 2443 6115 2444 6116 1880 6114 2444 6116 1881 6117 1923 6118 1928 6119 2024 6120 2024 6121 1928 6122 2022 6123 2023 6124 2258 6125 2428 6126 2428 6127 2258 6128 2256 6129 2253 568 1924 6130 1839 6131 1839 6131 1924 6130 2257 6132 1839 6131 2257 6132 1841 6133 1892 6134 1891 6135 1873 6136 1873 6136 1891 6135 1890 6137 1873 6136 1890 6137 1899 6138 1946 6139 1955 6140 1931 6141 1931 6142 1955 6143 1929 6144 2445 6145 2446 6146 2386 6147 2386 6147 2446 6146 2444 6148 2386 6147 2444 6148 2387 6149 2387 6149 2444 6148 2443 6150 2387 6151 2443 6152 2394 6153 2394 6153 2443 6152 1950 6154 1950 6154 1949 6155 2394 6153 2394 6153 1949 6155 1948 6156 2394 6153 1948 6156 2395 6157 2395 6157 1948 6156 2429 6158 2395 6157 2429 6158 2445 6159 1876 6160 1878 6161 2254 6162 2254 6163 1878 6164 1926 6165 2254 6163 1926 6165 1925 6166 2447 6167 1877 6168 2448 6169 2448 6170 1877 6171 2449 6172 2395 6173 2445 6174 2311 6175 2311 6175 2445 6174 2386 6176 2311 6175 2386 6176 2313 6177 1951 6178 2445 6179 1952 6180 1952 6181 2445 6182 2429 6183 1952 6184 2429 6185 1953 6186 2448 6187 2449 6188 2022 6189 2022 6189 2449 6188 2023 6190 1881 6191 2444 6192 1914 6193 1914 6194 2444 6195 2446 6196 1914 6194 2446 6196 1956 6197 1956 6198 2446 6199 2445 6200 1956 6198 2445 6200 1951 6201 1928 6202 1927 6203 2022 6204 2022 6204 1927 6203 2447 6205 2022 6204 2447 6205 2448 6206 2450 6207 2059 6208 1869 6209 1869 6210 2059 6211 2057 6212 2389 6213 2388 6214 2008 6215 2008 6215 2388 6214 1957 6216 2008 6215 1957 6216 1916 6217 2260 6218 2451 6219 2261 6220 2261 6221 2451 6222 1877 6223 2261 6221 1877 6223 1876 6224 1877 6225 2447 6226 2427 6227 2427 6228 2447 6229 1927 6230 2427 6228 1927 6230 1926 6231 2023 6232 2449 6233 2451 6234 2451 6234 2449 6233 1877 6235 1869 6236 1868 6237 2450 6238 2450 6238 1868 6237 1867 6239 2450 6238 1867 6239 2011 6240 2258 6241 2023 6242 2260 6243 2260 6244 2023 6245 2451 6246 2067 5027 2307 6247 2048 5028 2048 6248 2307 6249 2306 6250 2048 6251 2306 6252 2049 6253 2034 6254 2069 6255 2037 6256 2037 6256 2069 6255 2068 6257 2037 6256 2068 6257 2073 6258 2361 6259 2452 6260 2362 6261 2362 6261 2452 6260 2039 6262 2362 6261 2039 6262 2363 6263 2363 6263 2039 6262 2038 6264 2360 6265 2453 6266 2361 6259 2361 6259 2453 6266 2454 6267 2361 6259 2454 6267 2452 6260 2059 6268 2450 6269 2058 6270 2058 6270 2450 6269 2011 6271 2058 6270 2011 6271 2060 6272 2060 6272 2011 6271 2040 6273 2060 6272 2040 6273 2054 6274 2054 6274 2040 6273 2039 6262 2054 6274 2039 6262 2055 6275 2055 6275 2039 6262 2452 6260 2055 6275 2452 6260 2056 6276 2056 6276 2452 6260 2455 6277 2056 6276 2455 6277 2043 6278 2043 6279 2455 6280 2041 6281 2053 6282 2075 6283 2035 6284 2035 6284 2075 6283 2044 6285 2035 6284 2044 6285 2036 6286 2452 6287 2454 6288 2455 6289 2455 6289 2454 6288 2453 6290 2455 6289 2453 6290 2041 6291 2041 6291 2453 6290 2456 6292 2252 6293 2434 6294 2202 6295 2202 6295 2434 6294 2209 6296 2202 6297 2209 6298 2200 6299 2453 6300 2360 6301 2456 6302 2456 6302 2360 6301 2353 6303 2456 6302 2353 6303 2041 6304 2041 6304 2353 6303 2358 6305 2351 6306 2215 6307 2358 6308 2358 6308 2215 6307 2214 6309 2358 6305 2214 6310 2041 6304 2046 5807 2212 6311 2405 5808 2405 6312 2212 6313 2308 6314 2405 6315 2308 6316 2083 6317 2083 6318 2308 6319 2307 6320 2083 6318 2307 6320 2067 6321 2414 6322 2390 6323 2165 6324 2165 6325 2390 6326 2391 6327 2165 6325 2391 6327 2166 6328 2166 6328 2391 6327 2086 6329 2391 6327 2415 6330 2086 6329 2086 6329 2415 6330 2414 6331 2086 6332 2414 6322 2087 6333 2087 6333 2414 6322 2165 6324 2166 6334 2061 6335 2262 6336 2262 6336 2061 6335 2064 6337 2262 6338 2064 6339 2089 6340 2166 6328 2062 6341 2061 6342 2086 6329 2416 6343 2166 6328 2166 6328 2416 6343 2457 6344 2166 6328 2457 6344 2062 6341 2062 6341 2457 6344 1993 600 2062 6341 1993 600 2063 5987 2063 5987 1993 600 1997 5988 2457 6345 2458 600 1993 600 2416 6343 2206 6346 2457 6344 2457 6347 2206 6348 2208 6349 2305 6350 2307 6351 2391 6352 2391 6352 2307 6351 2309 6353 2391 6352 2309 6353 2415 6354 2047 6355 2069 6356 2036 6357 2036 6358 2069 6359 2034 6360 2459 6361 2203 6362 2460 6363 2460 6364 2203 6365 2199 6366 2460 6367 2199 6368 2461 178 2461 6369 2199 6370 2462 6369 2051 6371 2302 6372 2052 6373 2052 6374 2302 6375 2304 6376 2052 6374 2304 6376 2077 6377 2077 6377 2304 6376 2211 6378 2077 6377 2211 6378 2074 6379 2074 6380 2211 6381 2076 6382 2027 6383 2026 6384 2463 6385 2463 6385 2026 6384 1940 6386 2463 6385 1940 6386 1944 6387 1944 6387 1940 6386 1942 6388 2041 6304 2214 6310 2042 6389 2042 6390 2214 6391 2213 6392 2042 6390 2213 6392 2057 6393 2057 6394 2213 6395 1869 6396 2459 6397 2438 6398 2203 6399 2203 6400 2438 6401 2202 6402 2464 6403 2465 6404 2237 6405 2237 6405 2465 6404 2236 6406 2236 6407 2465 6408 2466 6409 2466 6409 2465 6408 2222 6410 2466 6409 2222 6410 2467 6411 2421 6412 2029 6413 2422 6414 2422 6415 2029 6416 1918 6417 2336 6418 2335 6419 2468 6420 2468 6420 2335 6419 2408 6421 2457 6422 2208 6423 2458 6424 2458 6424 2208 6423 2204 6425 2458 6426 2204 6427 2205 178 2233 6428 2138 6429 2234 6430 2234 6430 2138 6429 2137 6431 2234 6430 2137 6431 2246 6432 2246 6432 2137 6431 2135 6433 2246 6432 2135 6433 2247 6434 2247 6434 2135 6433 1847 6435 2247 6436 1847 6437 1858 6438 1858 6438 1847 6437 1846 6439 1944 6440 2169 6441 2463 6442 2463 6443 2169 6444 2033 6445 2463 6446 2033 6447 2027 6448 2469 6449 2423 6450 2470 6451 2470 6452 2423 6453 1854 6454 2470 6452 1854 6454 1852 6455</p>
        </triangles>
      </mesh>
    </geometry>
  </library_geometries>
  <library_visual_scenes>
    <visual_scene id="Scene" name="Scene">
      <node id="mh00400-j00_lk3" name="mh00400-j00_lk3" type="NODE">
        <matrix sid="transform">1 0 0 -0.4 0 1 0 0 0 0 1 -1.95 0 0 0 1</matrix>
        <instance_geometry url="#mh00400-j00_lk3_1-mesh" name="mh00400-j00_lk3">
          <bind_material>
            <technique_common>
              <instance_material symbol="Surface_1_007-material" target="#Surface_1_007-material"/>
              <instance_material symbol="Surface_3_001-material" target="#Surface_3_001-material"/>
            </technique_common>
          </bind_material>
        </instance_geometry>
      </node>
    </visual_scene>
  </library_visual_scenes>
  <scene>
    <instance_visual_scene url="#Scene"/>
  </scene>
</COLLADA>