<?xml version="1.0" encoding="utf-8"?>
<COLLADA xmlns="http://www.collada.org/2005/11/COLLADASchema" version="1.4.1" xmlns:xsi="http://www.w3.org/2001/XMLSchema-instance">
  <asset>
    <contributor>
      <author>Blender User</author>
      <authoring_tool>Blender 4.2.0 commit date:2024-07-16, commit time:06:20, hash:a51f293548ad</authoring_tool>
    </contributor>
    <created>2025-08-13T11:26:07</created>
    <modified>2025-08-13T11:26:07</modified>
    <unit name="meter" meter="1"/>
    <up_axis>Z_UP</up_axis>
  </asset>
  <library_effects>
    <effect id="Surface_1_002-effect">
      <profile_COMMON>
        <technique sid="common">
          <lambert>
            <emission>
              <color sid="emission">0 0 0 1</color>
            </emission>
            <diffuse>
              <color sid="diffuse">0 0 0 1</color>
            </diffuse>
            <index_of_refraction>
              <float sid="ior">1</float>
            </index_of_refraction>
          </lambert>
        </technique>
      </profile_COMMON>
    </effect>
    <effect id="Surface_3-effect">
      <profile_COMMON>
        <technique sid="common">
          <lambert>
            <emission>
              <color sid="emission">0 0 0 1</color>
            </emission>
            <diffuse>
              <color sid="diffuse">0 0.200784 0.4 1</color>
            </diffuse>
            <index_of_refraction>
              <float sid="ior">1</float>
            </index_of_refraction>
          </lambert>
        </technique>
      </profile_COMMON>
    </effect>
  </library_effects>
  <library_images/>
  <library_materials>
    <material id="Surface_1_002-material" name="Surface_1.002">
      <instance_effect url="#Surface_1_002-effect"/>
    </material>
    <material id="Surface_3-material" name="Surface_3">
      <instance_effect url="#Surface_3-effect"/>
    </material>
  </library_materials>
  <library_geometries>
    <geometry id="mh00400-j00_lk1_1-mesh" name="mh00400-j00_lk1_1">
      <mesh>
        <source id="mh00400-j00_lk1_1-mesh-positions">
          <float_array id="mh00400-j00_lk1_1-mesh-positions-array" count="13980">0.437298 -0.608031 0.892421 0.428 -0.608975 0.875249 0.429141 -0.600479 0.874365 0.428489 -0.60929 0.854415 0.428978 -0.571844 0.855551 0.428978 -0.586634 0.871461 0.43795 -0.586948 0.889012 0.439419 -0.586948 0.910224 0.432567 -0.60929 0.920831 0.429631 -0.571529 0.871713 0.389664 0.662298 0.853657 0.381671 0.658836 0.846713 0.390969 0.668591 0.845955 0.37694 0.660095 0.854162 0.415439 0.626425 0.789388 0.409892 0.627054 0.795954 0.419028 0.619188 0.79608 -0.124516 -0.390279 0.651126 -0.12109 -0.368881 0.82007 -0.120927 -0.369196 0.576503 0.375309 0.667018 0.846839 0.376451 0.671738 0.853657 -0.131693 -0.353777 0.818429 -0.131041 -0.354721 0.576503 -0.126636 -0.361643 0.576503 -0.126636 -0.361643 0.818555 -0.129083 -0.354406 0.820449 0.01381695 -0.326715 0.499607 7.67e-4 -0.353777 0.497334 0.00109297 -0.350315 0.49847 0.02768296 -0.360699 0.532183 0.02376794 -0.366049 0.531552 0.02833497 -0.361643 0.516526 0.02490997 -0.357238 0.5313 0.02523595 -0.358811 0.528648 0.01479595 -0.356294 0.507814 0.455079 0.641844 0.810222 0.345294 0.641215 0.809843 0.344804 0.641844 0.834465 0.02066797 -0.346539 0.523976 0.01658999 -0.357238 0.528774 0.403367 0.615097 0.795827 0.404509 0.623908 0.789893 0.40663 0.61195 0.789261 0.02637797 -0.328288 0.509708 -0.01244699 -0.388076 0.818429 -0.01179397 -0.387447 0.576503 -0.004779994 -0.383041 0.576503 -0.004779994 -0.383041 0.818555 0.002723991 -0.377377 0.576503 0.002560973 -0.377377 0.820449 0.417559 0.614153 0.789893 0.413481 0.611636 0.79608 0.02588897 -0.330806 0.516653 0.419354 0.677087 0.867041 0.419191 0.656948 0.865274 0.420006 0.667332 0.866789 0.01691699 -0.353147 0.528648 0.01512199 -0.293674 0.500743 0.01871097 -0.291472 0.499481 0.02752 -0.299339 0.513496 -0.09156399 -0.421431 0.761988 -0.09515297 -0.439997 0.757316 -0.09058499 -0.441255 0.770321 -0.07932895 -0.423634 0.740523 -0.07802397 -0.443458 0.740396 -0.09091097 -0.440941 0.744816 0.426858 0.642473 0.85593 0.488031 0.641844 0.84646 0.371068 0.641844 0.855551 0.02849894 -0.323568 0.51236 0.02752 -0.32231 0.528648 0.03094595 -0.324198 0.528648 0.428163 0.641844 0.867925 0.42751 0.656948 0.855425 0.429794 0.656948 0.873481 0.438277 0.678661 0.888759 0.439582 0.656948 0.890401 0.420496 0.678975 0.870324 0.443823 0.657263 0.927775 0.443823 0.642159 0.927397 0.442681 0.656948 0.912118 0.442355 0.642159 0.897977 0.309895 0.641844 0.954291 0.331754 0.639956 0.955049 0.334364 0.641844 0.955175 0.459157 0.641844 0.840652 0.455079 0.639956 0.831813 -0.07035696 -0.425207 0.774488 -0.07835 -0.443458 0.774615 -0.065463 -0.445661 0.770195 0.380856 0.67457 0.846839 0.029477 -0.293045 0.512865 0.03012996 -0.29336 0.528648 0.02752 -0.293989 0.528648 0.388359 0.672997 0.853405 -0.09727299 -0.234516 0.818429 -0.09808897 -0.235146 0.576503 -0.105103 -0.239866 0.576503 -0.105103 -0.239866 0.818555 -0.112607 -0.24553 0.576503 -0.112281 -0.2452149 0.820449 0.04008096 -0.290213 0.531805 0.03339195 -0.327974 0.531678 0.03208696 -0.322939 0.531805 0.035676 -0.298709 0.53231 0.02833497 -0.321051 0.530668 0.02980399 -0.294933 0.531552 0.02441996 -0.286437 0.516653 0.02621495 -0.287696 0.516653 0.01871097 -0.285808 0.50491 -0.05078196 -0.417655 0.785852 -0.05045497 -0.415138 0.785852 -0.04947698 -0.417026 0.811232 0.343825 -0.407271 0.988257 0.344478 -0.407271 0.990025 0.34301 -0.406956 0.978534 0.01137 -0.253711 0.574861 0.01446998 -0.232313 0.575114 0.01446998 -0.231999 0.819818 0.040407 -0.292416 0.519304 0.02360498 -0.380838 0.650874 -0.09466296 -0.407586 0.785852 -0.09515297 -0.409788 0.785852 -0.09629398 -0.408215 0.8106 0.344967 0.478844 0.811989 0.344967 0.478844 0.831056 0.344967 0.639956 0.831813 0.344478 0.477271 0.809969 0.343825 0.477271 0.811737 -0.1334879 -0.2417539 0.650874 0.34301 0.476956 0.821459 -0.076882 -0.419228 0.797721 -0.07998198 -0.412935 0.789893 -0.07753497 -0.412935 0.802141 -0.084549 -0.418599 0.789009 0.387381 0.592126 0.765776 0.382976 0.58363 0.785221 0.395374 0.596531 0.785221 0.417559 0.57419 0.766407 0.417233 0.57891 0.785347 0.412339 0.566638 0.785221 -0.04914999 -0.366678 0.85391 -0.04034096 -0.361014 0.850122 -0.05175995 -0.359126 0.851637 -0.04034096 -0.367937 0.845702 0.387218 0.566638 0.785347 0.382487 0.57419 0.765902 0.395537 0.561603 0.765776 0.379387 0.599678 0.787999 0.379387 0.599678 0.785347 0.378409 0.557827 0.785852 0.33257 0.478844 0.844314 0.331754 0.639956 0.844945 0.338116 0.639956 0.838126 0.338116 0.478844 0.838126 0.344315 0.478844 0.832571 0.331754 0.641844 0.845955 0.309732 0.6409 0.84545 -0.04670298 -0.367308 0.837116 -0.053065 -0.358811 0.840904 -0.04164695 -0.361014 0.839263 -0.05551195 -0.36542 0.845324 -0.08030796 -0.34056 0.845702 -0.080145 -0.342134 0.835475 -0.07981896 -0.338672 0.85694 -0.05877494 -0.357553 0.833833 -0.05959099 -0.355665 0.833833 -0.03561097 -0.360699 0.833833 0.468129 0.639956 0.844945 0.467477 0.478844 0.844314 0.46193 0.478844 0.838126 0.46193 0.639956 0.838126 0.455731 0.478844 0.832571 -0.01668798 -0.409474 0.575493 -0.01603496 -0.407586 0.818555 -0.01766699 -0.409474 0.819944 0.404346 0.596217 0.765776 0.412502 0.591497 0.785347 0.33257 0.478844 0.95568 0.338116 0.478844 0.961867 0.338116 0.639956 0.961867 0.345946 0.641844 0.968307 0.344967 0.639956 0.968307 0.344315 0.478844 0.967423 0.345457 0.641529 0.990277 -0.01195698 -0.385244 0.820449 -0.01244699 -0.388705 0.575114 0.382976 -0.542894 0.789388 0.381345 -0.552649 0.795827 0.387707 -0.540692 0.795701 0.384771 -0.556425 0.789388 0.391622 -0.556425 0.79608 0.395374 -0.553593 0.789893 0.412339 -0.521497 0.785221 0.410055 -0.523385 0.765902 0.417559 -0.513945 0.766786 0.344315 -0.408844 0.832571 0.344967 -0.569956 0.831813 0.338116 -0.569956 0.838126 0.338116 -0.408844 0.838126 0.331754 -0.569956 0.844945 0.33257 -0.408844 0.844314 0.3957 -0.544468 0.789766 0.397005 -0.548873 0.79608 0.38265 -0.51363 0.766028 0.387544 -0.521497 0.785347 0.382813 -0.504504 0.785221 0.380529 -0.607087 0.867041 0.380692 -0.586948 0.865274 0.38004 -0.597332 0.866789 0.379387 -0.529678 0.785347 0.379387 -0.529678 0.787999 0.378898 -0.487827 0.785978 -0.081613 -0.278256 0.820449 -0.09319496 -0.276997 0.820575 -0.09319496 -0.276368 0.835854 -0.01994997 -0.272906 0.835727 -0.02076596 -0.272591 0.820828 -0.03561097 -0.271647 0.835349 -0.04963999 -0.269445 0.820575 -0.06122195 -0.271018 0.835601 -0.07900297 -0.2792 0.835349 -0.02158194 -0.284549 0.820449 -0.02092897 -0.289898 0.835475 -0.01440399 -0.308149 0.835475 -0.01326197 -0.306261 0.820449 -0.015872 -0.327344 0.835475 -0.015872 -0.327344 0.820575 0.373188 -0.572473 0.85593 0.312015 -0.571844 0.84646 -0.01946097 -0.328918 0.835475 -0.01293599 -0.331435 0.83598 -0.03120595 -0.344651 0.835222 -0.01668798 -0.346539 0.835854 0.309895 -0.570585 0.84545 0.340889 -0.571844 0.840652 0.344967 -0.571844 0.810222 0.01104396 -0.253396 0.820323 0.461278 -0.481533 0.962372 0.455079 -0.571844 0.968307 0.467313 -0.571844 0.955301 0.468129 -0.407271 0.956185 0.467966 -0.408844 0.955049 0.428163 -0.571844 0.932068 0.426858 -0.572159 0.94419 0.427673 -0.587263 0.943937 0.429631 -0.586948 0.927144 0.440234 -0.571844 0.912371 0.441213 -0.586948 0.889896 0.441539 -0.571844 0.889769 0.455079 -0.569956 0.831813 0.455731 -0.408844 0.832571 0.46193 -0.408844 0.838126 0.46193 -0.569956 0.838126 0.468292 -0.571844 0.845955 0.455079 -0.571844 0.834465 0.468292 -0.569956 0.844945 0.467477 -0.408844 0.844314 0.490315 -0.5709 0.84545 0.454589 -0.571529 0.990277 0.345457 -0.571215 0.990025 0.344967 -0.571844 0.965403 0.356223 -0.572159 0.927397 0.397984 -0.572159 0.94217 0.331754 -0.571844 0.954039 0.309732 -0.571215 0.954544 0.371884 -0.571844 0.867925 0.357691 -0.572159 0.897977 0.367968 -0.571844 0.928154 0.490151 -0.571844 0.954039 0.443986 -0.571844 0.887118 0.443823 -0.572159 0.872597 0.454753 -0.571215 0.809843 0.489988 0.640585 0.84545 0.371884 0.641844 0.932068 0.373025 0.642159 0.94419 0.37221 0.657263 0.943937 0.370415 0.656948 0.927144 0.360628 0.656948 0.910224 0.359812 0.641844 0.912371 0.358833 0.656948 0.889896 0.358507 0.641844 0.889769 0.33257 -0.408844 0.95568 0.331754 -0.569956 0.955049 0.338116 -0.569956 0.961867 0.338116 -0.408844 0.961867 0.344967 -0.569956 0.968181 0.344315 -0.408844 0.967423 0.462909 0.561288 0.960857 0.468619 0.642159 0.95467 0.455405 0.641844 0.966918 0.456221 0.477271 0.968181 0.455079 0.478844 0.968054 0.414623 -0.605829 0.845197 0.411361 -0.591039 0.846586 0.424574 -0.593556 0.846081 0.432078 0.641844 0.928154 0.429305 0.656948 0.927523 0.413318 0.656948 0.938761 0.402062 0.642159 0.94217 0.388033 0.656948 0.942549 0.40924 -0.597332 0.853657 0.415928 -0.588836 0.853405 0.404183 -0.491603 0.785221 0.412502 -0.496008 0.76565 0.394721 -0.492232 0.765776 0.425716 -0.598276 0.853278 0.417396 -0.504504 0.785221 0.370415 0.641529 0.871713 0.370905 0.656634 0.871461 0.370742 0.670479 0.874365 0.362096 0.656948 0.889012 0.362748 0.678031 0.892421 0.367479 0.67929 0.920831 0.371884 0.678975 0.875249 0.371394 0.67929 0.854415 0.02621495 -0.330806 0.530037 0.018058 -0.354091 0.530921 0.02800899 -0.328288 0.528648 0.01300096 -0.363217 0.531047 0.01316499 -0.361329 0.528648 0.02311497 -0.362902 0.528901 0.02490997 -0.343393 0.531552 0.01936298 -0.354721 0.531552 0.02980399 -0.330491 0.531426 0.02980399 -0.343393 0.53231 0.02735698 -0.296506 0.530037 -0.09515297 -0.407271 0.736356 -0.09417396 -0.395943 0.736482 -0.04686695 -0.404124 0.736482 -0.09547895 -0.420172 0.736356 -0.04931396 -0.415452 0.736356 -0.05355495 -0.42741 0.736356 0.418701 0.67929 0.854541 0.415276 0.678031 0.936109 0.432241 0.67929 0.919316 0.388196 0.678661 0.936109 0.03551298 -0.294304 0.528648 0.463235 0.476956 0.963256 0.468455 0.476956 0.956438 0.486073 0.476956 0.956943 0.477101 0.477271 0.985227 0.457526 0.476956 0.990025 0.456873 0.476956 0.98611 0.489662 0.476956 0.965908 0.489988 0.476956 0.955806 0.463235 -0.406956 0.836738 0.477591 -0.407271 0.814767 0.468945 -0.406956 0.843051 0.457689 -0.406956 0.809969 0.457036 -0.406956 0.831056 0.456873 -0.406956 0.813883 0.486073 -0.406956 0.843051 0.489662 -0.406956 0.834086 0.489988 -0.406956 0.844187 0.463235 -0.406956 0.963256 0.456547 -0.406956 0.968433 0.456873 -0.406956 0.98611 0.485258 -0.407271 0.977524 0.489988 -0.406956 0.957574 0.486073 -0.406956 0.956943 0.465845 -0.406956 0.989646 0.455731 -0.406956 0.990025 -0.09417396 -0.407586 0.780549 -0.05094498 -0.415138 0.780549 0.423921 0.558141 0.798479 0.423921 0.558141 0.809969 0.375962 0.558141 0.809969 0.377919 0.558141 0.798479 0.421801 0.557827 0.787872 0.421964 0.558141 0.798479 0.375962 0.558141 0.798479 0.420659 0.558456 0.785347 -0.03414297 -0.360385 0.820449 -0.03071695 -0.344337 0.82007 -0.03055399 -0.341819 0.848859 -0.01946097 -0.325456 0.856561 -0.01782995 -0.305317 0.857571 -0.02892297 -0.282346 0.856688 -0.031533 -0.34056 0.857571 -0.03479498 -0.361329 0.857824 0.381345 -0.60929 0.854541 0.379551 -0.608975 0.870324 0.381019 -0.597018 0.865021 0.381019 -0.586004 0.854541 0.36177 -0.608661 0.888759 0.370252 -0.586948 0.873481 -0.09482598 -0.292101 0.835349 -0.09547895 -0.314128 0.835475 -0.09009599 -0.29336 0.835475 -0.09156399 -0.299024 0.857698 -0.088301 -0.338043 0.820449 -0.09694695 -0.305947 0.820575 -0.08895397 -0.350315 0.820828 -0.089769 -0.35063 0.835601 -0.08879095 -0.332064 0.835349 -0.09058499 -0.324827 0.856688 -0.07231497 -0.277626 0.856561 -0.05649095 -0.27385 0.857698 -0.03675299 -0.275109 0.835727 -0.08128696 -0.353147 0.857571 0.31381 -0.406956 0.843051 0.310058 -0.406956 0.844187 0.310058 -0.406956 0.84002 0.318867 -0.406956 0.818808 0.34301 -0.406956 0.821459 0.312342 -0.406956 0.82853 0.33991 -0.406956 0.833833 0.330938 -0.406956 0.843051 0.340073 -0.406956 0.809969 0.343825 -0.406956 0.812116 0.328491 -0.406956 0.812242 0.34562 -0.4079 0.809969 0.419028 0.667018 0.865021 0.418864 0.656004 0.854541 0.357202 -0.586948 0.912118 0.360465 -0.586948 0.890401 0.362259 -0.586948 0.911613 0.356223 -0.587263 0.927775 0.370578 -0.586948 0.927523 0.41185 -0.608661 0.936109 0.367805 -0.60929 0.919316 0.384607 -0.608031 0.936109 0.437787 0.656948 0.911613 0.356223 0.642159 0.872597 0.35606 0.641844 0.887118 0.454263 0.641529 0.990151 0.490151 0.641215 0.954544 0.02148395 -0.382097 0.574483 0.01903694 -0.396887 0.574483 0.02409398 -0.381468 0.574988 0.006149947 -0.408844 0.574609 0.00337696 -0.378636 0.574483 -0.003637969 -0.384615 0.574483 -0.01293599 -0.410103 0.574356 0.01691699 -0.261263 0.71931 0.02213698 -0.26913 0.575114 0.02066797 -0.268501 0.820197 0.01838499 -0.260005 0.574483 0.04399597 -0.269445 0.574356 0.04252797 -0.25025 0.574609 0.04334294 -0.273221 0.575493 0.03078198 -0.237348 0.574483 0.02849894 -0.234831 0.533067 0.03355598 -0.2392359 0.533951 0.02800899 -0.237663 0.531552 0.039918 -0.253396 0.531426 0.04562699 -0.258117 0.533067 0.04024398 -0.272906 0.531552 0.03779697 -0.287066 0.531552 0.02588897 -0.287066 0.531805 0.310058 0.45902 0.84002 0.310384 0.476956 0.834086 0.314625 0.45902 0.822596 0.322945 0.477271 0.814767 0.333548 0.45902 0.810348 0.459973 0.45902 0.809969 0.310058 0.476956 0.844187 0.309895 0.476956 0.957574 0.310221 0.45902 0.966413 0.314789 0.476956 0.976767 0.322782 0.45902 0.985227 0.334527 0.476642 0.990151 0.340073 0.45902 0.990025 0.466335 0.45902 0.989646 0.485421 0.45902 0.977398 0.489988 0.45902 0.959973 0.489988 0.476956 0.84242 0.489988 0.478844 0.846965 0.489662 0.45902 0.833581 0.485258 0.477271 0.822974 0.477264 0.45902 0.814641 0.465845 0.476956 0.810348 0.455731 0.476956 0.809969 0.452958 0.478844 0.809969 0.310058 0.478844 0.953029 0.345783 0.47853 0.990025 0.452958 0.478844 0.990025 0.455079 0.478844 0.988888 0.489988 0.478844 0.953029 0.488683 0.478844 0.95467 0.488846 0.478844 0.845071 0.311363 0.478844 0.845324 0.310058 0.478844 0.846965 0.3112 0.478844 0.954923 0.454753 0.478844 0.811232 0.423921 0.632404 0.809969 0.375962 0.632404 0.809969 0.356223 0.657263 0.872218 0.355244 0.657263 0.887118 0.422453 0.630831 0.798479 0.422453 0.60723 0.798479 0.422453 0.630831 0.796206 0.422453 0.60723 0.796206 0.02654099 -0.361329 0.49544 0.02556198 -0.358811 0.499102 0.37743 0.630831 0.798479 0.37743 0.630831 0.796206 0.423921 0.632404 0.798479 0.375962 0.632404 0.798479 0.006149947 -0.328288 0.49746 0.005170941 -0.333638 0.497334 0.468945 0.478844 0.844945 -0.09629398 -0.419543 0.779918 -0.09417396 -0.395943 0.810979 -0.053065 -0.427095 0.780423 0.414786 0.673626 0.836738 0.414623 0.66041 0.836611 0.40141 0.673626 0.836611 0.401247 0.66041 0.836738 0.03861296 -0.292416 0.49544 0.03795999 -0.290213 0.498975 0.03730797 -0.289898 0.528648 0.468129 0.479159 0.955049 0.454916 -0.408844 0.988888 0.455079 -0.409159 0.968054 -0.04686695 -0.404124 0.810979 0.330938 0.478844 0.844945 -0.08601695 -0.411362 0.805297 -0.09237897 -0.410732 0.79608 -0.086344 -0.41797 0.806307 -0.09286898 -0.416396 0.797216 0.455079 0.478844 0.831056 0.377919 0.601881 0.798479 0.421964 0.601881 0.798479 0.377919 0.601881 0.787999 0.421964 0.601881 0.787999 -0.081124 -0.352833 0.834212 0.37743 0.60723 0.796206 0.37743 0.60723 0.798479 0.330938 0.478844 0.955049 -0.08047097 -0.371084 0.852142 -0.08030796 -0.371398 0.838758 -0.067258 -0.373601 0.852268 -0.06709498 -0.373601 0.838884 0.394069 -0.525902 0.765776 0.399942 -0.526217 0.785347 0.38526 -0.603626 0.836738 0.385423 -0.59041 0.836611 0.398637 -0.603626 0.836611 0.3988 -0.59041 0.836738 0.377919 -0.531881 0.787999 0.421964 -0.531881 0.787999 0.377919 -0.531881 0.798479 0.421964 -0.531881 0.798479 0.422453 -0.560831 0.798479 0.37743 -0.560831 0.798479 0.422453 -0.560831 0.796206 0.37743 -0.560831 0.796206 0.423921 -0.562404 0.809969 0.375962 -0.562404 0.809969 0.423921 -0.562404 0.798479 0.375962 -0.562404 0.798479 0.375962 -0.488141 0.809969 0.375962 -0.488141 0.798479 0.414623 -0.604255 0.853657 0.37743 -0.53723 0.798479 0.37743 -0.53723 0.796206 0.330938 -0.408844 0.844945 0.3112 -0.408844 0.845071 0.372536 -0.586948 0.855425 0.377919 -0.488141 0.798479 -0.01652497 -0.34591 0.820575 -0.01407796 -0.33112 0.820323 0.488683 -0.408844 0.954923 0.488683 -0.408844 0.845324 0.468945 -0.408844 0.844945 0.444802 -0.587263 0.887118 0.443823 -0.587263 0.872218 0.421964 -0.488141 0.787872 0.421964 -0.488141 0.798479 0.311363 -0.408844 0.95467 0.330938 -0.408844 0.955049 0.422453 -0.53723 0.796206 0.422453 -0.53723 0.798479 0.423921 -0.488141 0.809969 0.423921 -0.488141 0.798479 -0.125494 -0.387761 0.574483 -0.122069 -0.36951 0.574483 0.398963 0.676143 0.853152 0.398963 0.658207 0.853026 0.01104396 -0.361958 0.528648 0.01316499 -0.361329 0.516653 0.009575963 -0.363217 0.514254 0.003702998 -0.360385 0.5039 -0.131367 -0.24081 0.574483 -0.113097 -0.244271 0.574483 0.416907 0.657892 0.853278 0.41707 0.675829 0.853152 0.322456 -0.407271 0.985353 0.310384 -0.406956 0.965908 0.31381 -0.406956 0.956943 0.310058 -0.406956 0.955806 0.330938 -0.406956 0.956943 0.33991 -0.406956 0.96616 -0.1237 -0.390593 0.820449 0.02621495 -0.287696 0.528648 0.456873 0.476956 0.813883 0.457036 0.476956 0.831056 0.463235 0.476956 0.836738 0.468945 0.476956 0.843051 0.486073 0.476956 0.843051 -0.07981896 -0.354091 0.854667 -0.06187397 -0.357553 0.854667 -0.07965499 -0.342449 0.845702 -0.07981896 -0.354091 0.836359 -0.06089597 -0.357238 0.835475 -0.05991697 -0.356923 0.857319 -0.062038 -0.357867 0.836485 0.382976 -0.605829 0.853152 0.40092 -0.606143 0.853152 0.401083 -0.588207 0.853026 0.383139 -0.587892 0.853278 0.04301697 -0.274165 0.820449 0.02441996 -0.379894 0.819944 -0.152737 -0.348742 0.820323 -0.134303 -0.243012 0.82007 -0.097763 -0.237348 0.820449 -0.09368395 -0.214377 0.820197 0.411524 -0.587263 0.939013 0.386728 -0.586948 0.938761 0.420659 -0.488456 0.785347 0.388523 0.657263 0.939013 -0.124842 -0.390593 0.574988 0.396679 0.655375 0.855172 0.396516 0.678661 0.854794 -0.140502 -0.385244 0.574483 -0.152411 -0.372342 0.574735 -0.128268 -0.362588 0.574483 -0.153716 -0.353462 0.574356 -0.132183 -0.353777 0.575114 -0.1530629 -0.349686 0.575493 0.02164697 -0.395943 0.533446 0.01626396 -0.395943 0.5313 -0.002168953 -0.409159 0.531552 0.002723991 -0.410103 0.533446 -0.002658963 -0.411991 0.533572 0.02490997 -0.363217 0.499228 0.01561099 -0.318219 0.500491 0.01626396 -0.321051 0.499481 -0.116033 -0.214063 0.574735 -0.12892 -0.225705 0.574483 -0.1339769 -0.241439 0.574988 -0.106245 -0.237978 0.574483 -0.09694695 -0.212489 0.574356 -0.09727299 -0.234202 0.575114 -0.09319496 -0.213119 0.575493 0.03339195 -0.325142 0.496071 0.03453397 -0.32703 0.499733 0.03110897 -0.328603 0.499102 0.03045594 -0.328603 0.528648 0.344967 0.478844 0.968938 0.344967 0.478844 0.988004 0.344315 0.476956 0.988636 -0.05812197 -0.42741 0.753023 -0.06595295 -0.445661 0.744689 -0.06627899 -0.425837 0.742543 -0.08960598 -0.421746 0.748856 -0.06105899 -0.445975 0.757695 0.497166 0.45902 0.997222 0.497166 0.45902 0.802772 0.479059 0.45902 0.787494 0.5125 0.45902 0.979039 0.5125 0.45902 0.899997 0.5125 0.45902 0.820954 0.399942 0.45902 0.787494 0.302717 0.45902 0.802772 0.320987 0.45902 0.787494 0.287546 0.45902 0.820954 0.287546 0.45902 0.899997 0.302717 0.45902 0.997222 0.287546 0.45902 0.979039 0.399942 0.45902 1.0125 0.320987 0.45902 1.0125 0.479059 0.45902 1.0125 -0.08324396 -0.423004 0.772468 -0.06007999 -0.427095 0.766155 0.037144 -0.294304 0.498975 -0.1511059 -0.350315 0.818555 0.312342 -0.38902 0.971464 0.310058 -0.38902 0.959973 0.310058 -0.38902 0.84002 0.310058 -0.408844 0.846965 0.310058 -0.408844 0.953029 0.02507299 -0.234202 0.556427 0.03045594 -0.23546 0.556553 0.03763395 -0.243956 0.556553 0.04415899 -0.25497 0.556553 -0.09140098 -0.213433 0.818555 -0.1029829 -0.211545 0.556427 -0.111629 -0.212489 0.556427 -0.122721 -0.219097 0.556553 -0.113586 -0.213433 0.534835 -0.131367 -0.2269639 0.534582 -0.107224 -0.210916 0.534456 -0.107224 -0.210916 0.556553 0.04497498 -0.262837 0.556427 -0.006247997 -0.411362 0.556427 -0.13675 -0.388391 0.556553 -0.138382 -0.388076 0.534456 -0.147354 -0.379265 0.556427 -0.154694 -0.359441 0.556427 -0.153716 -0.367937 0.556427 -0.1468639 -0.379894 0.534961 -0.131856 -0.229481 0.556553 -0.15551 -0.363532 0.556553 -0.137403 -0.261263 0.533067 -0.142949 -0.292416 0.534204 -0.1468639 -0.314443 0.534961 -0.149801 -0.331435 0.532688 -0.143602 -0.295877 0.531678 -0.15551 -0.363532 0.534456 0.001418948 -0.410418 0.556553 0.01267498 -0.403809 0.556553 0.02197295 -0.392167 0.556427 0.344967 -0.408844 0.988004 0.344967 -0.408844 0.968938 0.33991 0.476956 0.833833 0.330938 0.476956 0.843051 0.31381 0.476956 0.843051 0.420659 0.599678 0.785347 0.399942 0.561603 0.785347 0.336648 0.476956 0.963256 0.330938 0.476956 0.956943 0.31381 0.476956 0.956943 0.34301 0.476956 0.983206 0.34301 0.476956 0.968938 0.408424 0.56412 0.766028 0.415112 0.587406 0.766155 0.420659 0.599678 0.787999 0.42751 -0.585375 0.854794 0.40353 -0.608661 0.854794 0.403367 -0.585375 0.855299 0.384118 -0.501672 0.766155 0.420659 -0.529678 0.785347 0.391459 -0.49412 0.785347 0.344967 -0.408844 0.831056 0.344967 -0.408844 0.811989 0.04138594 -0.272591 0.818555 0.412013 -0.586948 0.942549 0.454916 -0.408844 0.811232 0.455079 -0.408844 0.831056 0.452958 -0.408844 0.809969 0.340073 -0.38902 0.809969 0.459973 -0.38902 0.809969 0.471555 -0.38902 0.812242 0.481179 -0.38902 0.818808 0.487705 -0.38902 0.82853 0.489988 -0.38902 0.84002 0.489988 -0.408844 0.953029 0.489988 -0.38902 0.959973 0.487705 -0.38902 0.971464 0.481179 -0.38902 0.981186 0.471555 -0.38902 0.987752 0.459973 -0.38902 0.990025 0.340073 -0.38902 0.990025 0.328491 -0.38902 0.987752 0.318867 -0.38902 0.981186 0.452958 -0.408844 0.990025 0.489988 -0.408844 0.846965 0.420659 -0.529678 0.787999 0.399901 -0.388964 0.787415 0.478996 -0.388964 0.787415 0.460033 -0.388964 0.810064 0.47151 -0.388964 0.812304 0.481241 -0.388964 0.818775 0.49721 -0.388964 0.802846 0.487729 -0.388964 0.828482 0.489974 -0.388964 0.839931 0.489974 -0.388964 0.959898 0.49721 -0.388964 0.997232 0.51243 -0.388964 0.821015 0.51243 -0.388964 0.899915 0.51243 -0.388964 0.979063 0.487729 -0.388964 0.971596 0.478996 -0.388964 1.012415 0.481241 -0.388964 0.981303 0.47151 -0.388964 0.987774 0.399901 -0.388964 1.012415 0.460033 -0.388964 0.990014 0.340018 -0.388964 0.990014 0.321055 -0.388964 1.012415 0.32854 -0.388964 0.987774 0.318809 -0.388964 0.981303 0.302841 -0.388964 0.997232 0.312322 -0.388964 0.971596 0.310076 -0.388964 0.959898 0.310076 -0.388964 0.839931 0.302841 -0.388964 0.802846 0.28762 -0.388964 0.979063 0.28762 -0.388964 0.899915 0.28762 -0.388964 0.821015 0.312322 -0.388964 0.828482 0.321055 -0.388964 0.787415 0.322802 -0.389182 0.814793 0.340018 -0.388964 0.810064 -0.189446 0.438803 0.832713 -0.18221 0.432066 0.83346 -0.167988 0.436412 0.827238 0.270654 0.31254 0.535036 0.252689 0.312323 0.541259 0.274895 0.309933 0.533294 -0.160003 0.432066 0.820269 0.504695 -0.137744 0.709013 0.505444 -0.129051 0.704782 0.503198 -0.129051 0.707022 -0.03125494 -0.35528 0.286392 -0.06693595 -0.350933 0.288881 -0.09288495 -0.344197 0.286392 -0.153017 -0.322899 0.286392 -0.152269 0.435978 0.801602 -0.154265 -0.265962 0.286392 -0.155013 -0.31877 0.288632 -0.1535159 -0.237493 0.285396 -0.252822 -0.15426 0.353095 -0.250826 -0.150131 0.337913 -0.251325 -0.159693 0.384953 -0.04348099 -0.271612 0.278925 -0.08265495 -0.264441 0.283654 -0.106109 -0.254009 0.278427 -0.2376019 3.6e-5 0.15398 -0.234607 -0.03299599 0.151989 -0.227871 -0.06689798 0.15398 -0.321687 -0.154477 0.286143 -0.267044 -0.152956 0.285645 -0.235605 -0.1549119 0.287138 -0.231613 -0.153391 0.284152 -0.155013 -0.236841 0.286889 -0.152768 0.432066 0.787166 -0.156261 -0.2292349 0.286143 -0.150023 -0.236624 0.284152 -0.157009 -0.226844 0.28216 -0.120082 0.418157 0.818527 -0.117337 0.415115 0.785175 -0.120581 0.418592 0.775717 -0.226873 -0.157737 0.2844 -0.252822 -0.154043 0.333432 -0.30472 -0.150566 0.360562 -0.302225 -0.151 0.356082 -0.292993 -0.165995 0.35882 -0.1577579 0.436195 0.775219 0.23672 -0.159041 0.988272 0.231231 -0.161649 1.006441 0.223246 -0.159041 1.015401 0.06256097 -0.351585 0.286392 0.02238994 -0.356584 0.288881 -0.160003 0.432283 0.840927 -0.145532 0.425112 0.825993 -0.136799 0.432283 0.806082 -0.158756 -0.225323 0.326215 -0.15152 -0.237493 0.330197 -0.175224 -0.19968 0.331939 -0.137048 0.425112 0.785424 0.493467 -0.03495198 0.708018 0.243457 0.312106 0.55221 0.23697 0.310367 0.543748 -0.06893199 0.415115 0.750081 -0.06069797 0.419027 0.7344 -0.04847198 0.415115 0.723947 0.2140139 0.413376 0.647785 0.215012 0.419679 0.654505 0.215512 0.415332 0.670932 -0.167738 0.41468 0.866812 -0.151271 0.418592 0.857603 -0.189695 0.419027 0.868803 -0.170233 0.424894 0.845656 -0.196183 -0.172515 0.333184 -0.241344 -0.149044 0.333184 -0.232861 -0.1549119 0.325966 -0.209407 -0.178817 0.322979 -0.248331 -0.153825 0.327459 -0.152768 -0.2496629 0.346624 -0.146779 -0.2459689 0.339406 -0.1517699 -0.245317 0.331192 0.523409 -0.160345 0.736392 0.534886 -0.162518 0.751823 0.524656 -0.163605 0.735645 -0.124074 0.415115 0.839185 0.02164095 -0.287259 0.347619 -0.03449898 -0.284434 0.346624 -0.06294298 -0.28313 0.348117 -0.03000795 -0.359192 0.363051 -0.02127498 -0.351803 0.360811 -0.01204299 -0.344197 0.363051 -0.062195 -0.278132 0.34289 -0.089392 -0.272264 0.346624 -0.114343 -0.333983 0.427265 -0.104861 -0.336156 0.425523 -0.114093 -0.33985 0.428012 -0.03474897 0.419027 0.724942 -0.02327096 0.415115 0.729174 0.235472 0.309933 0.588549 -0.132058 -0.174253 0.339157 -0.152768 -0.153825 0.339157 -0.113095 -0.194464 0.333184 -0.224128 0.436195 0.816535 -0.214896 0.432066 0.825993 -0.206413 0.436195 0.830722 0.602504 -0.219673 0.919826 0.587284 -0.220977 0.848145 0.590777 -0.218369 0.912359 -0.06543898 0.419027 0.659981 -0.06194496 0.414898 0.674666 -0.04897099 0.419027 0.684871 0.276143 0.356874 0.481524 0.238966 0.325797 0.485756 0.2322289 0.357091 0.489738 -0.04323196 -0.393528 0.512885 -0.069431 -0.393093 0.516618 -0.094132 -0.384618 0.512636 0.499206 -0.255965 1.096541 0.490224 -0.263789 1.10127 0.519167 -0.367015 1.085341 -0.140042 -0.248142 0.34289 0.110467 -0.33985 0.288881 -0.002810955 -0.275524 0.281911 -0.259309 -0.156216 0.398892 -0.266794 -0.166647 0.394909 -0.27902 0.100437 0.431746 -0.281266 0.115215 0.445435 -0.276276 0.105653 0.433488 -0.04872095 0.418809 0.81778 -0.004307985 0.464881 0.81778 0.04609298 0.423808 0.818527 -0.228869 0.432066 0.804588 -0.148775 -0.32855 0.498947 -0.146031 -0.333113 0.489489 -0.01528698 -0.348543 0.427763 -0.01828098 -0.350933 0.424279 -0.1275669 0.415115 0.756801 -0.14154 0.418592 0.741369 -0.104362 -0.333113 0.424528 -0.09812498 -0.34311 0.436226 0.226989 -0.196637 1.010424 0.232478 -0.213805 1.003703 0.22649 -0.219673 1.007437 0.197796 0.410769 0.634843 -0.08564895 -0.263571 0.442448 -0.08415198 -0.263789 0.445435 -0.07067799 -0.191639 0.442946 0.620469 -0.27422 0.905888 0.622714 -0.272699 0.909373 0.618473 -0.279436 0.932769 -0.09787499 -0.271829 0.487498 -0.09587895 -0.272264 0.492725 -0.108604 -0.269439 0.443692 -0.276525 -0.06342101 0.398892 -0.26904 -0.05711895 0.391674 -0.262553 -0.04038494 0.397647 0.20079 0.419027 0.637581 -0.140042 -0.315728 0.518361 -0.1365489 -0.329419 0.512387 -0.136799 -0.326159 0.530059 -0.063941 -0.260746 0.378731 -0.088144 -0.2407529 0.380473 -0.08015996 -0.24749 0.377487 0.23672 0.31015 0.668444 0.252689 0.311889 0.68263 0.281133 0.309933 0.692088 -0.08515 -0.358757 0.495213 -0.108355 -0.340719 0.494965 -0.03948897 0.45119 0.86507 -0.03849095 0.438803 0.868305 -0.03075599 0.397947 0.868305 0.579299 -0.159041 0.807824 0.591525 -0.161866 0.805584 0.607245 -0.159258 0.803842 0.03586298 0.398381 0.780197 0.04933696 0.407509 0.787415 0.06006598 0.398816 0.789655 -0.062195 -0.264223 0.375247 -0.05944997 -0.264875 0.373255 -0.06319296 -0.265962 0.372758 -0.01353996 -0.350499 0.454146 -0.01353996 -0.346152 0.453399 0.151886 -0.322465 0.286392 0.187566 -0.302906 0.28664 0.572064 -0.159041 0.82898 0.575307 -0.161649 0.822509 0.489725 -0.145785 0.712 0.51268 -0.1549119 0.719965 0.24695 -0.239884 1.054478 0.2309809 -0.247707 1.041784 0.236221 -0.245317 1.047758 0.270155 -0.230756 1.049251 0.263917 -0.234016 1.053482 -0.149524 -0.328332 0.529063 -0.244338 -0.02256494 0.334926 -0.26405 -0.047122 0.343139 -0.26904 -0.06016099 0.337166 -0.138296 -0.388095 0.534539 -0.136799 -0.388312 0.556441 -0.146779 -0.379837 0.535036 -0.237352 0.418157 0.852376 -0.2333599 0.412942 0.861087 -0.021025 -0.353541 0.425025 -0.02601599 -0.356584 0.442697 -0.16699 0.432066 0.765761 0.349998 0.312758 0.614682 0.34925 0.309933 0.599251 0.356486 0.309933 0.654505 -0.04747396 0.415115 0.686613 0.411877 -0.268352 1.143333 0.406138 -0.261398 1.12367 0.410131 -0.271178 1.122675 -0.10561 -0.274003 0.441452 -0.11085 -0.269656 0.441452 -0.121828 -0.254661 0.441203 -0.111099 -0.264006 0.443941 -0.138545 -0.329636 0.528814 -0.146779 -0.314424 0.535036 -0.139793 -0.327898 0.531552 -0.10037 -0.273133 0.442946 0.197048 0.415115 0.686862 0.1813279 0.419244 0.684124 0.1710979 0.415115 0.679146 0.587533 -0.193812 0.808571 0.579299 -0.215761 0.815789 0.587783 -0.217934 0.815291 -0.06493896 -0.157737 0.378482 -0.080908 -0.171211 0.377487 -0.08914196 -0.1786 0.380473 -0.09538 -0.275089 0.487498 -0.02027696 0.46575 0.823255 -0.06893199 0.418592 0.835949 0.151886 -0.319205 0.284649 -0.01104497 0.415115 0.749832 -0.019279 0.419027 0.765512 -0.03175395 0.415115 0.775966 -0.008549988 0.395122 0.7232 0.007918 0.399468 0.752819 0.01839697 0.395122 0.779948 0.480742 0.02285498 0.708018 0.477998 0.02372395 0.712747 0.484236 -1.81e-4 0.707022 0.48698 0.02915698 0.708018 0.483487 0.02720099 0.705031 0.576056 -0.2203249 0.825993 -0.01254194 -0.1790339 0.355086 -0.05545794 -0.170776 0.351104 -0.06967997 -0.165343 0.355086 0.587284 -0.2175 0.867807 0.480742 -0.02278196 0.708018 0.477748 -0.02365195 0.712747 0.001679956 -0.334417 0.466591 -0.002561986 -0.338981 0.465844 -0.002062976 -0.349412 0.474804 -0.04772299 0.395122 0.862083 -0.02950894 0.397512 0.873034 -0.02501797 0.394904 0.873034 0.404142 -0.240536 1.118692 0.407885 -0.2377099 1.122675 -0.258061 -0.01430696 0.401878 -0.248081 -0.02060896 0.394163 1.83e-4 -0.342893 0.486751 0.001929998 -0.335286 0.49596 -0.09637796 -0.209459 0.380473 -0.09088897 -0.229887 0.377487 -0.156261 -0.08862996 0.355086 -0.170732 -0.05537998 0.351104 -0.17697 -0.03103995 0.355086 -0.08115798 -0.203157 0.339157 -0.106608 -0.188814 0.339157 -0.04647594 -0.22076 0.333184 -0.016285 -0.353107 0.426519 -0.02002698 -0.355932 0.426768 -0.06893199 -0.390268 0.509649 -0.01104497 -0.354845 0.42627 -0.008549988 -0.358322 0.427763 0.272151 0.146509 0.320739 0.281882 0.146944 0.321237 0.262919 0.155419 0.317503 0.416867 -0.312903 0.656994 0.421858 -0.312685 0.643803 0.459035 -0.317032 0.671928 0.01565295 -0.283782 0.442448 0.01465499 -0.286607 0.442946 0.02737998 -0.280957 0.441203 0.410131 -0.308122 0.635092 0.149641 0.323624 0.30929 0.1506389 0.323841 0.304063 0.110467 0.339705 0.288881 0.007168948 -0.170559 0.378482 0.02238994 -0.197506 0.380225 0.01739895 -0.188596 0.377487 -0.1824589 0.04284799 0.865816 -0.1807129 0.047194 0.868056 -0.182958 0.05632197 0.867061 0.191309 0.301675 0.288881 0.152136 0.322102 0.286392 0.183075 -0.260094 0.859843 0.180829 -0.2677 0.859594 0.18033 -0.274437 0.87179 -0.008549988 -0.278349 0.442448 -0.01004695 -0.27987 0.445435 0.01141095 -0.284434 0.444439 0.284377 0.286028 0.512636 -6.6e-5 0.284941 0.511392 0.228736 0.284941 0.509898 0.101235 -0.289432 0.321734 0.141157 -0.270091 0.324223 0.122194 -0.285303 0.345379 0.324548 0.1491169 0.301325 0.313071 0.1721529 0.288881 0.293858 0.203229 0.299085 0.260424 0.24452 0.288881 0.01889598 -0.229887 0.380473 0.021142 -0.208807 0.377487 -0.22837 -0.006265997 0.391176 -0.263301 -0.008656978 0.41059 0.280385 0.149986 0.31601 0.276891 0.149986 0.31601 -0.07167595 -0.228148 0.510645 -0.06793397 -0.2255409 0.508405 -0.07566797 -0.232277 0.503178 0.152884 -0.280088 0.868056 0.171597 -0.277045 0.868554 0.149641 -0.270526 0.863825 0.276891 0.1549839 0.304063 0.263917 0.155636 0.304312 0.276891 0.150421 0.306801 -0.200424 0.05327898 0.86731 -0.191691 0.05936396 0.865567 -0.190943 0.05892997 0.868803 0.15014 -0.280088 0.869799 0.149141 -0.275089 0.873034 0.142155 -0.270091 0.873034 -0.249079 -0.003005981 0.449417 -0.2495779 -0.005830943 0.431746 -0.240346 -0.002572 0.437221 0.1566269 0.261905 0.306303 0.2182559 0.218224 0.304063 0.153134 0.274075 0.304063 0.00691998 -0.2470549 0.377487 9.32e-4 -0.255965 0.380473 -0.009297966 -0.259877 0.377487 -0.129064 -0.117533 0.351353 -0.135551 -0.112318 0.432243 -0.1377969 -0.107102 0.351104 -0.057953 0.415115 0.811806 -0.003060996 -0.328115 0.45539 -0.002062976 -0.323769 0.429257 4.33e-4 -0.324421 0.453399 -0.07466995 0.415115 0.8469 0.137913 0.391427 0.650025 0.141656 0.393383 0.660479 0.128682 0.399685 0.644052 -0.217142 -0.02560698 0.339157 -0.205914 -0.01713198 0.353593 -0.213898 -0.02278196 0.345131 -0.01678395 0.418809 0.741369 0.618223 -0.367015 0.931524 0.615978 -0.369623 0.869052 0.618223 -0.365059 0.868554 -0.09138798 -0.189031 0.377487 -0.06344199 0.418809 0.758543 -0.05670595 0.415115 0.770739 -0.10561 -0.145133 0.351104 -0.119333 -0.1340489 0.355086 -0.145282 -0.105581 0.351104 -0.045228 0.419027 0.77497 -0.1106 -0.29856 0.492476 -0.104113 -0.281391 0.497454 -0.135052 -0.294213 0.509898 -0.121579 -0.293996 0.498947 -0.140542 -0.29856 0.528565 -0.141041 -0.300516 0.531303 -0.143536 -0.295735 0.531801 0.345507 0.279291 0.520601 0.360727 0.268642 0.524085 0.322053 0.288853 0.518361 -0.107606 -0.213805 0.531552 -0.13131 -0.226844 0.534539 -0.113594 -0.213371 0.534788 -0.107107 -0.210763 0.534539 0.01739895 -0.2292349 0.377487 0.117952 0.393383 0.632354 -6.6e-5 -0.326159 0.456386 -0.01254194 -0.347456 0.455888 -0.001064956 -0.305297 0.390678 -0.001064956 -0.310947 0.40835 -0.001064956 -0.298777 0.380722 -0.218639 -0.00148499 0.443444 -0.228619 0.06088495 0.438715 -0.235356 0.003947973 0.439959 -0.1363 -0.09514898 0.434732 -0.1377969 -0.105581 0.434732 -0.133805 -0.06102997 0.434981 -0.216643 0.05892997 0.864323 0.128931 -0.276393 0.327708 -0.12582 -0.226844 0.531303 -0.1165879 -0.294431 0.497454 -0.105859 -0.271612 0.497454 -0.112347 -0.283347 0.497454 -0.266046 0.154332 0.286392 -0.321188 0.154767 0.286143 -0.232861 0.153681 0.284152 0.006420969 -0.32529 0.495711 0.013906 -0.326811 0.499445 0.006170988 -0.328115 0.497454 -0.02851098 -0.269222 0.380473 -0.02900999 -0.266831 0.378482 0.331534 0.287983 0.520601 0.363721 0.287766 0.538023 0.2382169 -0.137527 0.278925 0.206779 -0.183598 0.282658 0.194553 -0.194464 0.278925 0.339519 0.309933 0.684871 0.350248 0.312758 0.665955 0.210521 -0.218369 0.919577 0.205032 -0.2203249 0.917088 0.228486 -0.218152 0.978814 -0.226124 0.392079 0.731911 -0.218639 0.394904 0.726934 -0.202919 0.392079 0.723698 0.113461 -0.190987 0.359317 0.13991 -0.196855 0.364046 0.1463969 -0.180338 0.339406 -0.02277195 -0.174905 0.498698 -0.01353996 -0.190987 0.509152 -0.003559947 -0.191639 0.499942 0.162366 -0.194464 0.334926 0.313071 -0.17208 0.288881 0.286872 -0.212936 0.301325 0.260424 -0.244665 0.288881 0.147145 -0.170559 0.337166 0.15014 -0.165778 0.337664 0.163114 0.316452 0.396154 0.149141 0.32558 0.396154 0.16511 0.326883 0.403372 -0.1565099 0.414898 0.729423 0.2182559 -0.215544 0.955418 -0.1348029 0.09717798 0.429505 -0.135551 0.09565597 0.40138 -0.13605 0.09522199 0.351104 0.234225 -0.1868579 0.803593 0.261422 -0.161649 0.770241 0.264915 -0.184902 0.765761 0.173095 -0.1868579 1.007437 0.184323 -0.1842499 1.014406 0.209024 -0.188814 1.012913 0.138662 0.325145 0.399638 0.136167 0.311454 0.389931 0.1294299 0.31015 0.399638 -0.003060996 -0.288563 0.445435 0.001430988 -0.289215 0.445435 0.01016294 -0.290302 0.442946 0.326794 0.313192 0.686115 0.449304 -0.159041 0.704035 0.426848 -0.161432 0.710507 0.388423 -0.158824 0.71872 -0.265048 0.41555 0.798864 -0.262054 0.418375 0.77945 -0.260557 0.414898 0.769743 -0.2453359 0.04545599 0.848891 -0.002062976 -0.337242 0.487 0.002677977 -0.328767 0.481027 -0.113345 -0.121228 0.377487 -0.06543898 -0.153825 0.380473 -0.113844 -0.122966 0.379727 -0.172728 -0.03473496 0.351104 -0.173228 -0.02538996 0.434732 -0.171481 -0.02126097 0.351104 -8.15e-4 -0.350282 0.496707 -0.267792 0.100003 0.324223 -0.2495779 0.104567 0.331939 -0.246334 0.124125 0.321237 0.220502 0.28016 0.286392 0.204533 0.292113 0.286392 0.324548 -0.148827 0.302072 -6.6e-5 -0.32768 0.475302 0.252689 -0.252705 0.299085 -0.09013998 -0.139265 0.377487 -0.264299 -0.001267969 0.609456 -0.279769 -0.005178987 0.607216 -0.27927 0.003730952 0.59726 6.82e-4 -0.291171 0.442946 -0.234857 -0.005613982 0.616674 -0.109353 0.246693 0.331939 -0.1547639 0.2256129 0.327957 -0.184456 0.194102 0.333432 0.252689 0.25256 0.299085 0.277141 0.221267 0.283903 0.277141 -0.221194 0.283903 0.28288 0.213878 0.304063 0.212767 0.286897 0.301574 0.013906 -0.290302 0.441452 1.83e-4 -0.297256 0.441452 -0.08440095 -0.25314 0.495213 -0.07741498 -0.22315 0.4982 -0.083902 -0.263354 0.492476 0.227987 0.269294 0.304063 0.005172967 -0.333765 0.497454 9.32e-4 -0.350282 0.498449 0.04584395 -0.173601 0.355086 -6.6e-5 -0.179469 0.351104 -0.08589798 -0.26205 0.496209 -0.1365489 -0.267266 0.531801 -0.137547 -0.261181 0.533045 -0.138795 -0.262267 0.527819 0.345757 0.091093 0.28664 0.322552 0.151942 0.286392 -0.08614796 -0.266396 0.49148 -0.101867 -0.263354 0.497702 -0.126569 -0.269656 0.530307 -0.128814 -0.267048 0.531552 0.14989 -0.324421 0.302321 0.191309 -0.301602 0.288881 0.203036 -0.293779 0.299085 0.220502 -0.280088 0.286392 0.411628 -0.322465 0.67143 -0.107356 -0.147958 0.380225 -0.119084 -0.123835 0.381718 -0.122078 -0.119706 0.382713 0.26217 -0.156651 0.306303 0.2182559 -0.218152 0.304063 0.273897 -0.152956 0.304063 -0.124573 0.107609 0.43523 -0.114343 0.134122 0.434981 -0.1178359 0.117823 0.431994 -0.270537 0.232133 0.501187 -0.276775 0.2025769 0.500191 -0.275527 0.179976 0.505418 0.237469 3.6e-5 0.15398 0.234724 0.03306895 0.151989 0.227987 0.06696999 0.15398 -0.272034 0.261036 0.504174 -0.276026 0.234306 0.493471 -0.285508 0.138686 0.518361 0.06256097 0.351441 0.286392 -0.117586 0.126516 0.432492 -0.119084 0.1219519 0.429008 -0.1165879 0.129558 0.432243 -0.109602 0.138251 0.429505 -0.08639699 0.139989 0.434981 -0.104113 0.137816 0.432492 -0.069431 0.05740797 0.482022 -0.08440095 0.02980899 0.472813 -0.08714598 0.01546597 0.482022 -0.09512996 0.136512 0.397896 -0.107606 0.137816 0.395905 -0.116339 0.133035 0.398892 0.218755 -0.183598 0.39914 0.2165099 -0.185119 0.3521 0.2215 -0.179469 0.371513 0.08526599 -0.154043 0.434483 0.09275197 -0.147958 0.351104 0.09349995 -0.146219 0.434732 -0.132308 0.10348 0.39914 -0.120581 0.113259 0.395407 -0.122327 0.171718 0.399638 0.250443 -0.117316 0.282658 0.510434 0.424894 0.981801 0.482489 0.421852 1.011668 0.511931 0.422286 0.982796 0.49721 0.424894 0.997232 0.48174 0.424894 1.010424 -0.09288495 0.344269 0.286392 -0.154514 0.321885 0.286143 -0.06693595 0.351006 0.288881 0.265663 -0.071244 0.278925 0.273398 -0.04147195 0.282658 -0.147029 0.236479 0.321237 -0.154514 0.278421 0.32049 -0.154514 0.227786 0.319246 -0.214397 0.001774966 0.593278 -0.223379 -0.00278896 0.608211 -0.22313 0.02611398 0.605971 -0.209656 -0.005613982 0.597011 0.138662 -0.333548 0.873034 0.143902 -0.330288 0.868305 0.1493909 -0.317032 0.873034 0.152884 -0.310078 0.868056 0.14989 -0.30986 0.869799 0.288369 0.425112 0.819522 0.302841 0.424894 0.802846 0.31831 0.422721 0.787913 0.288119 0.422286 0.817282 0.253437 0.420331 0.852625 0.265913 0.422069 0.831718 0.275394 0.420548 0.809566 0.394162 0.364045 0.688853 0.428095 0.369043 0.69184 0.459035 0.364045 0.697066 0.174093 -0.34637 0.868056 0.177336 -0.349847 0.861834 0.179831 -0.348978 0.87403 0.190061 0.414898 0.863327 0.187566 0.412072 0.867807 0.1935549 0.407509 0.866065 0.480992 0.369043 0.706275 0.514177 0.280595 0.716729 0.50744 0.268859 0.713244 0.505943 0.25582 0.702542 -0.03125494 0.355135 0.286392 0.175839 0.402076 0.871043 0.1880649 0.402293 0.872536 0.525405 0.295372 0.741121 0.055076 0.279725 0.3745 0.03860795 0.282551 0.382713 -6.6e-5 0.284941 0.400634 0.322552 -0.152087 0.286392 0.345507 -0.09080296 0.28664 -0.266295 0.388819 0.578095 -0.270038 0.374911 0.557686 -0.267044 0.408378 0.625136 -0.186951 0.06979596 0.585562 -0.184456 0.04197895 0.584815 -0.184456 0.10022 0.543499 -0.137547 0.2382169 0.264987 -0.09662699 0.25669 0.279174 -0.071177 0.2656 0.264987 -0.198678 0.03328597 0.868803 -0.04198396 0.161721 0.397398 -0.07017898 0.150421 0.395905 -0.220884 0.03915399 0.865567 0.107473 -0.03038799 0.442448 0.09549599 -0.05494499 0.444937 0.07229197 -0.084935 0.442448 0.117453 -0.117316 0.434732 0.135917 -0.09558397 0.43299 0.13991 -0.09449696 0.434981 0.269157 -0.164039 0.398643 0.259925 -0.1894659 0.402127 0.188564 0.290157 0.514378 0.294856 0.287983 0.514627 -0.066437 0.414028 0.652265 -0.05545794 0.419027 0.640319 0.196798 -0.219021 0.918831 0.200541 -0.214892 0.911364 -0.24334 0.393818 0.744854 -0.03874099 -0.175775 0.505418 -0.05470997 -0.176644 0.498698 -0.06344199 -0.194464 0.508903 0.1935549 -0.210546 0.918582 -0.06693595 -0.187292 0.498947 0.182326 -0.159476 1.015401 0.169851 -0.161649 0.999721 -0.237851 0.06631797 0.441452 -0.2206349 0.06936097 0.453897 -0.04597699 0.410334 0.633847 0.06979697 -0.1512179 0.351104 0.06804996 -0.151435 0.364544 0.06904798 -0.151435 0.377984 -0.2296169 0.435978 0.790153 0.220751 -0.27096 1.061945 0.2152619 -0.260312 1.063438 0.206779 -0.274003 1.054976 0.234724 -0.272047 1.050496 0.01016294 -0.165561 0.376989 0.03711098 -0.161866 0.377487 0.06455695 -0.153825 0.379727 0.015154 -0.293779 0.500689 0.008665978 -0.291171 0.497951 0.01864695 -0.291388 0.499445 -0.04073697 -0.229018 0.509649 -0.01428896 -0.236189 0.5094 -0.013291 -0.239014 0.514876 -0.189695 0.415115 0.721458 -0.178218 0.418592 0.723947 -0.003309965 -0.28878 0.49372 0.03711098 -0.294213 0.498947 0.460781 -0.159476 0.68039 0.452049 -0.161432 0.697813 -0.213898 0.436412 0.764268 -0.221882 0.432066 0.771486 -0.150272 0.070665 0.351104 -0.162 0.06588399 0.351104 -0.1994259 0.432066 0.758294 -0.201422 -0.006482958 0.445435 -0.210654 -0.004309952 0.458875 -0.19244 0.438803 0.758792 0.187317 -0.159041 0.920822 0.200541 -0.161866 0.912359 0.208525 -0.159041 0.910368 -0.1577579 0.1601999 0.333184 -0.200424 0.102176 0.333184 -0.18196 0.12782 0.334677 -0.06144595 -0.2287999 0.515125 -0.07017898 -0.229887 0.516618 0.213765 -0.282913 0.304063 0.269656 -0.227931 0.304063 -0.1637459 -0.04103696 0.434981 -0.160502 -0.043428 0.43299 -0.1505219 -0.070158 0.434732 0.00891596 -0.167734 0.380473 -0.07566797 -0.232277 0.511143 0.02812796 -0.2377099 0.531552 0.02862697 -0.234668 0.533045 0.05956697 -0.340068 0.77721 0.06480699 -0.320074 0.767503 0.070046 -0.344414 0.778206 -0.270537 0.32232 0.531303 -0.266046 0.328405 0.538521 -0.269539 0.358395 0.566397 -0.267293 0.283202 0.512636 0.222248 0.01372694 0.334926 0.217508 -0.023 0.339157 0.217009 -0.04842597 0.334926 0.070046 -0.310295 0.770739 -0.172479 0.026766 0.638825 -0.171481 0.03306895 0.626132 -0.16175 0.02502799 0.668444 0.265663 0.07109898 0.278925 0.273897 0.03784996 0.282658 0.274895 3.6e-5 0.278925 -0.03375095 0.172587 0.398892 -0.112347 0.188452 0.400634 0.001679956 0.16585 0.399389 -0.09063899 0.266252 0.33841 -0.09887295 0.272554 0.353842 -0.09562897 0.263861 0.331192 -0.195434 0.257559 0.485009 -0.194436 0.242564 0.477293 -0.2223809 0.2345229 0.481773 -0.09013998 0.251474 0.333184 -0.244588 0.425112 0.806331 -0.244837 0.432283 0.785672 -0.2363539 0.425112 0.765761 -0.221882 0.432283 0.750578 -0.170732 0.05545198 0.351104 0.212018 -0.272916 1.019384 0.458037 -0.161649 0.663217 0.210272 -0.162301 0.918333 -0.137298 0.395122 0.745352 -0.154015 0.392079 0.732907 -0.163497 0.394904 0.726685 0.194054 -0.271612 1.035811 -0.008299946 -0.260963 0.498698 0.06131297 -0.344849 0.863576 0.06006598 -0.300081 0.86283 0.06006598 -0.349412 0.847398 0.164861 -0.159041 1.000468 0.164362 -0.158389 0.944965 0.1663579 -0.158824 1.028344 -0.211652 0.424894 0.745849 -0.09538 0.05501794 0.444937 -0.107606 0.03915399 0.442697 -0.108604 0.01915997 0.444937 0.270654 -0.270308 0.523836 0.259426 -0.267918 0.541508 0.260673 -0.272916 0.531552 -0.106608 0.292764 0.323228 -0.102117 0.296024 0.336917 -0.105111 0.300153 0.321983 -0.09512996 0.136512 0.431994 -0.07017898 0.150421 0.431994 -0.04398095 0.161287 0.429754 -0.03998798 0.164764 0.434981 -0.04348099 0.160852 0.432243 0.06330895 -0.350282 0.80882 0.1753399 -0.006048977 0.372011 0.17559 0.004164993 0.351104 0.175839 0.006555974 0.376242 0.165859 -0.014741 0.380473 0.174592 -0.01778399 0.389931 0.166108 0.01503098 0.351104 0.1693519 -0.01235097 0.400883 0.255932 -0.272699 0.565153 -0.176721 0.04197895 0.607713 -0.165742 0.03306895 0.640319 -0.155762 0.02654898 0.674666 -0.123824 0.02828794 0.766259 -0.143536 0.02502799 0.727431 0.082771 -0.290084 0.769246 0.07104396 -0.299646 0.784926 0.06979697 0.41555 0.864074 0.326794 0.355352 0.685866 0.345258 0.358612 0.676657 0.339269 0.334707 0.677902 -0.188448 0.02502799 0.721458 -0.167239 0.02176797 0.726187 0.64517 -0.1894659 0.889461 0.618722 -0.1879439 0.921569 0.644671 -0.186206 0.906386 0.02388697 0.465098 0.873034 0.04334896 0.445322 0.866065 0.02213996 0.472922 0.864074 0.03261995 0.420548 0.872785 0.03012394 0.452928 0.86955 0.477748 -0.26531 1.168222 0.479744 -0.269004 1.159511 0.488727 -0.265745 1.166729 0.435082 0.354048 0.578593 0.422357 0.355135 0.561419 0.495214 0.35557 0.684373 0.204284 0.415115 0.728178 0.212767 0.418809 0.73664 0.217009 0.415332 0.755059 0.434333 0.359047 0.582326 0.06929796 0.150855 0.351104 0.07279098 0.1517249 0.373504 0.07578498 0.153029 0.397149 0.084019 0.15455 0.351104 0.09275197 0.1486819 0.398643 0.09424901 0.138903 0.350855 0.53838 -0.27422 1.098781 0.511183 -0.272916 1.093056 0.54312 -0.272047 1.071651 -0.266046 0.357743 0.537774 -0.271036 0.316235 0.508903 -0.204915 0.02155095 0.724196 -0.244588 0.01481395 0.785424 -0.244837 0.007641971 0.806082 -0.2363539 0.01503098 0.825993 -0.221882 0.007641971 0.840927 0.526653 -0.269439 1.112968 0.510434 -0.268135 1.094799 0.03711098 0.162156 0.400883 0.234474 0.400989 0.73664 0.242209 0.399033 0.737138 0.227488 0.405988 0.743361 0.176089 0.007207989 0.401878 0.179083 0.01307499 0.388936 0.165609 0.01459699 0.381967 -0.137048 0.04502099 0.742116 -0.159255 0.04502099 0.67591 -0.148027 0.04502099 0.709013 0.170599 0.419244 0.767752 0.202038 0.415115 0.774472 0.190061 0.419027 0.77497 0.07279098 0.1517249 0.396154 0.07204198 0.152159 0.398145 0.07503598 0.154115 0.399638 0.270903 -0.201636 0.52309 0.260673 -0.198158 0.532548 0.259675 -0.203157 0.541259 0.599759 -0.159476 0.922315 0.602255 -0.195551 0.923062 0.253188 -0.197724 0.599749 0.205781 0.419027 0.679893 -0.223379 0.02568 0.860838 -0.249828 0.02481096 0.841674 -0.241843 0.02133297 0.849389 0.195551 0.419027 0.72544 0.187067 0.415115 0.723947 0.174093 0.419027 0.730169 0.64018 -0.246838 0.931026 0.622465 -0.248142 0.909373 0.618473 -0.249011 0.947702 0.180081 0.415115 0.775468 0.15987 0.415115 0.747841 0.228237 0.397947 0.722702 0.164611 0.418375 0.747343 0.171348 0.415115 0.73216 0.02238994 0.356656 0.288881 -0.137048 0.01481395 0.806331 -0.136799 0.007641971 0.785672 -0.145532 0.01503098 0.765761 -0.102865 0.286897 0.418305 -0.105859 0.275379 0.433986 -0.118834 0.281029 0.44867 0.157625 0.414898 0.689102 0.1493909 0.407074 0.727929 0.1493909 0.413159 0.742116 -0.160003 0.007641971 0.750578 -0.170233 0.01503098 0.745849 0.134171 0.409465 0.762276 0.29286 -0.198158 0.510894 0.333531 -0.203157 0.52085 0.343261 -0.198158 0.524334 -0.250576 0.05892997 0.837691 0.481241 0.42359 0.788908 0.513179 0.422286 0.811806 0.477998 0.421852 0.785921 0.534138 0.422069 0.968361 0.515424 0.422069 0.824251 0.122943 0.414898 0.781939 0.31831 0.423808 1.010424 0.286872 0.422504 0.98205 0.316564 0.422069 1.012913 -0.262054 0.05892997 0.811557 0.07254099 0.151073 0.430003 0.08875995 0.153029 0.42851 0.03735995 0.161939 0.426519 0.407386 0.431414 0.787415 0.13467 0.09696 0.395905 0.117453 0.117388 0.395905 0.09749299 0.135426 0.398145 0.09849095 0.137599 0.398892 0.136416 0.09782999 0.398892 0.004923999 0.304934 0.32721 0.073789 0.295372 0.325219 0.004923999 0.306456 0.322481 0.150888 0.09130996 0.397647 0.138163 0.09522199 0.397149 0.210022 -0.300081 0.717973 0.209773 -0.296386 0.784677 0.204034 -0.288998 0.745352 0.306084 2.54e-4 0.343139 0.296104 -0.09101998 0.348864 0.302342 -0.03951597 0.328206 0.654652 -0.2020699 0.838438 0.65041 -0.19642 0.812055 0.66588 -0.195333 0.883737 -0.101618 0.2769 0.416812 -0.09637796 0.271033 0.422536 -0.123575 0.257776 0.456884 -0.11584 0.266252 0.449417 -0.09388297 0.269294 0.435977 0.25194 0.114129 0.282658 0.030873 0.397729 0.868056 0.263917 0.315148 0.685866 0.355238 0.03132998 0.286392 0.357234 3.6e-5 0.288881 0.355238 -0.03125798 0.286392 0.407386 -0.277045 1.120186 0.447058 -0.277914 1.115457 0.484735 -0.272916 1.103759 0.43109 -0.232277 1.097536 0.411628 -0.235103 1.110479 0.463526 -0.234668 1.095794 0.1107169 0.405118 0.779948 0.205781 0.419027 0.769743 0.1536329 0.08196496 0.432243 0.1523849 0.091093 0.429008 0.147894 0.09261399 0.432243 0.303839 0.401206 0.722205 0.266661 0.398816 0.73664 0.250194 0.400989 0.743609 0.137414 0.2382169 0.264987 0.194553 0.194536 0.278925 0.194553 0.194536 0.264987 0.477748 -0.243795 1.16872 0.488976 -0.238362 1.167724 0.461031 -0.234885 1.164987 0.004923999 0.304934 0.374749 -0.001563966 0.307759 0.358073 0.03336799 0.305586 0.358073 0.16536 0.01481395 0.434981 0.160369 0.04306495 0.432492 0.152635 0.06088495 0.434981 0.209024 0.180845 0.282658 0.1434029 0.235175 0.281911 0.09549599 0.136078 0.432243 0.136416 0.09652596 0.429754 0.100237 0.131514 0.429008 0.136167 0.09609097 0.431994 0.128432 0.103697 0.434981 0.152136 0.08891999 0.434981 0.191808 -0.34876 0.822011 0.187067 -0.34876 0.823007 0.188564 -0.31877 0.82226 0.09499698 0.1397719 0.434981 0.325796 0.365132 0.703289 0.373452 0.369043 0.691591 0.117453 0.117388 0.431994 0.422856 0.299936 0.713493 0.448056 0.307977 0.69632 0.44606 0.299936 0.704782 0.153882 0.07870596 0.432492 0.1451489 0.09391796 0.432492 0.191309 -0.351151 0.824251 0.458785 0.296676 0.665208 0.459783 0.300153 0.683875 0.459035 0.302327 0.675661 0.274646 -0.198158 0.661226 0.264665 -0.200766 0.643305 0.1958 -0.355063 0.816784 0.18582 -0.355063 0.847398 0.18058 -0.353107 0.87403 0.540875 0.309933 1.042033 0.559838 0.309933 1.018886 0.576056 0.309933 0.994992 0.438325 0.309933 1.096292 0.457538 0.309933 1.090567 0.493717 0.309933 1.076629 0.58903 0.309933 0.962636 0.596017 0.309933 0.939987 0.164861 -0.285086 0.767005 0.179831 -0.275089 0.764019 0.18557 -0.284217 0.760783 0.514426 0.309933 1.06294 0.150888 0.07044696 0.431994 0.154381 0.063928 0.429257 0.173344 -0.28965 0.768499 0.2382169 0.137599 0.278925 -0.14129 0.007859945 0.816535 0.151387 -0.281609 0.286392 0.1449 -0.274655 0.286392 0.137414 -0.275089 0.286392 0.08077496 -0.296604 0.286392 0.02089297 -0.306818 0.286392 -0.03973895 -0.304862 0.286392 -0.099123 -0.291171 0.286392 -0.08315396 -0.357453 0.487498 -0.06419098 -0.364625 0.487498 -0.07566797 -0.361365 0.363051 -0.09488099 -0.347891 0.363051 -0.10561 -0.329854 0.429505 -0.106358 -0.327463 0.363051 -0.107107 -0.32529 0.474306 -0.108854 -0.3066 0.487498 -0.106358 -0.3342 0.493471 -0.106358 -0.333548 0.429505 -0.113095 -0.307035 0.496209 -0.109103 -0.305731 0.438963 -0.108355 -0.30421 0.363051 -0.108604 -0.299429 0.429505 -0.102616 -0.285955 0.437968 -0.10561 -0.293127 0.481773 -0.09637796 -0.276828 0.455888 -0.09762597 -0.277045 0.443444 -0.102616 -0.285303 0.385202 -0.103115 -0.287042 0.360562 -0.09812498 -0.277697 0.380473 -0.080908 -0.263789 0.367033 -0.082156 -0.264006 0.380473 -0.08340299 -0.266396 0.36106 -0.10037 -0.337894 0.36106 -0.05246394 -0.365276 0.363051 -0.063941 -0.362886 0.36106 -0.04422998 -0.364407 0.487498 -0.02027696 -0.356366 0.494218 -0.05346196 -0.368754 0.494716 -0.129064 0.270815 0.450661 -0.139294 0.265817 0.452901 -0.150023 0.252995 0.453648 -0.2036679 0.219745 0.452901 -0.183457 0.218224 0.453648 -0.2006739 0.159548 0.45315 -0.265796 0.139337 0.452901 -0.188697 0.105218 0.452404 -0.185703 0.192798 0.457382 -0.271535 0.127602 0.45091 -0.189695 0.08370399 0.443444 -0.276026 0.1156499 0.443692 -0.189446 0.072838 0.431248 -0.267044 0.09717798 0.413327 -0.191192 0.06957799 0.413078 -0.184955 0.06349295 0.413327 -0.1872 0.068057 0.380971 -0.184705 0.05936396 0.366784 -0.1867009 0.07674998 0.360562 -0.230865 0.08413898 0.353842 -0.202919 0.08283495 0.350855 -0.266545 0.09761196 0.337664 -0.231613 0.08652895 0.335424 -0.287005 0.10348 0.321734 -0.281765 0.102176 0.39914 -0.28426 0.103263 0.392171 -0.27902 0.09913396 0.417061 -0.284759 0.100872 0.400883 -0.288252 0.099568 0.395656 -0.288252 0.099568 0.360811 -0.302724 0.03741496 0.325966 -0.305219 0.03763198 0.321237 -0.303972 -0.02647697 0.321983 -0.30497 3.6e-5 0.36106 -0.301227 -0.04212397 0.3521 -0.291746 -0.08884698 0.325966 -0.293991 -0.08971595 0.321237 -0.26879 -0.1496959 0.320988 -0.266295 -0.1460019 0.341148 -0.2638 -0.154695 0.317752 -0.293492 -0.08102399 0.347122 -0.297484 -0.08297997 0.354588 -0.304221 -0.02778095 0.359069 -0.30497 3.6e-5 0.376242 -0.30497 3.6e-5 0.391425 -0.305968 -0.09015095 0.388936 -0.302974 -0.01604497 0.3969 -0.303972 -0.150783 0.395158 -0.294241 -0.165126 0.391425 -0.300728 0.05067098 0.39242 -0.29948 0.05023699 0.397647 -0.298482 0.002643942 0.400883 -0.287504 -0.006917953 0.408101 -0.287504 0.04849797 0.407603 -0.295488 0.05045396 0.40138 -0.288751 0.08674597 0.40138 -0.288003 0.09913396 0.398643 -0.27403 0.1334699 0.454644 -0.245586 0.180845 0.455142 -0.198927 0.2319149 0.455142 -0.14154 0.270381 0.45539 -0.076168 -0.264006 0.378731 -0.06568795 -0.265745 0.377487 -0.06568795 -0.265745 0.370518 -0.04747396 -0.269004 0.370518 -0.02925896 -0.272264 0.370518 -0.01403898 -0.27661 0.367282 -0.01877999 -0.274003 0.378731 -0.02925896 -0.272264 0.375744 -0.01304095 -0.275959 0.380473 -0.01279199 -0.279001 0.36106 -0.275777 0.03089499 0.283903 -0.257562 0.1213 0.284152 -0.25881 0.09304898 0.281414 -0.267792 0.1512899 0.283903 -0.293243 0.09261399 0.283903 -0.305968 0.03132998 0.283903 -0.275527 -0.03277897 0.283903 -0.305968 -0.03125798 0.283903 -0.293243 -0.09254199 0.283903 -0.260557 -0.09493196 0.283903 -0.227871 0.154767 0.283654 0.03785896 -0.290084 0.498947 0.03860795 -0.292257 0.495462 0.01365697 -0.285738 0.44643 0.01739895 -0.288128 0.452404 0.02388697 -0.287042 0.471071 -0.01154398 -0.279218 0.490733 0.001180946 -0.282261 0.445435 0.01864695 -0.285738 0.50492 0.02613198 -0.287694 0.516618 0.02613198 -0.287694 0.528565 0.03735995 -0.290084 0.528565 0.08875995 -0.345935 0.309041 0.1493909 -0.322899 0.309041 0.02812796 -0.356149 0.309041 -0.03350096 -0.355714 0.309041 -0.09438198 -0.344631 0.309041 -0.154265 -0.322247 0.30929 -0.002062976 -0.322899 0.363051 -0.002311944 -0.304862 0.360562 -0.001064956 -0.318336 0.429257 -0.001064956 -0.316162 0.437968 -0.001064956 -0.315076 0.462857 -8.15e-4 -0.316162 0.487498 -0.001064956 -0.305297 0.432492 -0.001563966 -0.301819 0.440955 -0.002561986 -0.298125 0.47804 -0.004058957 -0.293344 0.44419 0.171847 -0.189248 0.987028 0.199044 -0.189683 0.963632 0.2215 -0.1935949 1.008183 0.185321 -0.188814 0.934511 0.192556 -0.193377 0.919328 0.170599 -0.186423 0.958156 -0.2163929 0.038284 0.596513 -0.213898 0.04110896 0.572122 -0.214646 0.06110298 0.453648 -0.215644 0.06371098 0.548477 -0.214397 0.001774966 0.459124 0.41038 -0.26531 1.167973 0.407885 -0.263137 1.152791 0.408134 -0.2381449 1.167973 -0.002561986 -0.412 0.533543 -0.002062976 -0.408958 0.531552 -0.069431 -0.393311 0.531303 -0.09737598 -0.382879 0.531303 -0.121828 -0.365059 0.531552 -0.1363 -0.336808 0.531552 -0.149773 -0.331592 0.532548 -0.155512 -0.363755 0.534539 -0.119832 -0.363321 0.530059 -0.135551 -0.337677 0.531054 -0.1348029 -0.335504 0.528565 -0.03973895 -0.393093 0.531303 -0.01179397 -0.382662 0.531303 0.02388697 -0.365928 0.531552 0.01116198 -0.363103 0.530556 0.01615196 -0.395918 0.531303 0.02638196 -0.285955 0.531552 0.00991398 -0.259442 0.531303 -0.01229298 -0.239884 0.531303 -0.04048699 -0.229452 0.531303 -0.06992995 -0.22967 0.531303 -0.09962195 -0.237928 0.531552 -0.09812498 -0.240318 0.530059 -0.121828 -0.259008 0.531054 -0.121579 -0.261181 0.528814 -0.125321 -0.258138 0.531552 -0.133805 -0.257704 0.531552 0.039855 -0.253575 0.531552 0.04035395 -0.272916 0.531552 0.03760999 -0.287042 0.531552 -0.151021 -0.261833 0.347868 -0.155263 -0.262485 0.33617 -0.155013 -0.256834 0.322979 -0.1535159 -0.251619 0.332935 -0.155013 -0.259877 0.31601 -0.154514 -0.237493 0.324472 -0.155013 -0.277697 0.309041 -0.155013 -0.268787 0.31601 -0.153017 -0.279218 0.319992 -0.152768 -0.268135 0.320988 0.1923069 -0.275089 0.755307 0.18058 -0.270091 0.765761 0.142405 -0.269874 0.770988 0.164861 -0.275089 0.767005 0.2012889 -0.270308 0.747343 -0.152518 0.229742 0.283156 -0.194436 0.194536 0.264987 -0.194436 0.194536 0.325966 -0.238101 0.137599 0.264987 -0.265547 0.07109898 0.264987 -0.273531 0.02720099 0.278925 -0.275028 3.6e-5 0.264987 -0.272034 -0.03994995 0.278925 -0.265547 -0.071244 0.264987 -0.254319 -0.1047109 0.278925 -0.238101 -0.137527 0.264987 -0.221383 -0.16317 0.278925 -0.194436 -0.194464 0.264987 -0.137547 -0.2381449 0.264987 -0.071177 -0.265527 0.264987 -6.6e-5 -0.275089 0.264987 0.071294 -0.265527 0.264987 0.07204198 -0.265527 0.281663 0.137414 -0.2381449 0.264987 0.141407 -0.235972 0.281663 0.194553 -0.194464 0.264987 0.2382169 -0.137527 0.264987 0.265663 -0.071244 0.264987 0.274895 3.6e-5 0.264987 0.265663 0.07109898 0.264987 0.2382169 0.137599 0.264987 -0.22812 0.154767 0.318997 -0.277773 0.1549839 0.309041 -0.322186 0.154115 0.30929 -0.303223 0.09565597 0.309041 -0.344891 0.09326601 0.309041 -0.316447 0.03241699 0.309041 -0.35587 0.03132998 0.309041 -0.35587 -0.03147494 0.309041 -0.316447 -0.03234398 0.309041 -0.344891 -0.093194 0.309041 -0.303223 -0.09558397 0.309041 -0.321188 -0.154695 0.30929 -0.277773 -0.1549119 0.309041 -0.01828098 0.415115 0.677155 -0.01453799 0.419027 0.659981 -0.02401995 0.419027 0.679644 -0.02052599 0.419027 0.644301 -0.03449898 0.419027 0.635341 0.24695 0.422286 0.911364 0.275394 0.420548 0.990512 0.253687 0.420331 0.947702 0.319308 0.422286 1.030335 0.322053 0.422069 1.015153 0.411129 0.422069 1.052984 0.352493 0.420331 1.046513 0.477748 0.422069 1.015153 0.494465 0.422504 1.011917 0.447807 0.420548 1.046513 0.490473 0.420331 1.024611 0.524656 0.420548 0.990512 0.546613 0.420331 0.947453 0.552851 0.422286 0.888715 0.515175 0.422069 0.977818 0.284377 0.422069 0.824251 0.287371 0.42359 0.824251 0.285125 0.422069 0.82002 0.309577 0.420331 0.775468 0.352244 0.420548 0.753565 0.388922 0.422069 0.747094 0.480992 0.422069 0.769494 0.524656 0.420548 0.809566 0.546364 0.420331 0.852376 0.447557 0.420331 0.753565 0.14989 -0.280305 0.309041 0.148642 -0.282043 0.320241 0.091255 -0.304645 0.309041 0.08801096 -0.305514 0.320988 0.02887696 -0.316597 0.309041 0.02787899 -0.316814 0.320988 -0.03350096 -0.316162 0.320988 -0.03449898 -0.316162 0.309041 -0.09338396 -0.303993 0.320988 -0.09662699 -0.302906 0.309041 -0.292245 0.09543895 0.286392 -0.305718 0.03219896 0.286392 -0.305718 -0.03234398 0.286392 -0.292245 -0.09536695 0.286392 0.636188 -0.250098 0.950689 0.644422 -0.250098 0.941729 0.647167 -0.251184 0.914351 0.004174947 -0.317466 0.49596 0.01565295 -0.318336 0.50044 0.01640099 -0.321161 0.499445 0.347254 -0.273785 0.530805 0.326295 -0.269222 0.518609 0.339519 -0.27661 0.513134 0.310076 -0.272264 0.509649 0.282381 -0.2677 0.518361 0.324049 -0.276393 0.494965 0.28787 -0.275524 0.487498 0.2472 -0.272916 0.502431 0.255683 -0.272916 0.626132 0.243706 -0.272916 0.671928 0.274646 -0.272699 0.660977 0.312073 -0.272916 0.680142 0.296603 -0.273133 0.699306 0.351495 -0.272916 0.677404 0.25194 -0.275959 0.695075 0.237219 -0.27987 0.67591 0.235722 -0.275089 0.655999 0.235472 -0.275089 0.518112 0.23173 -0.279218 0.58158 0.2424589 -0.279436 0.493471 -0.124573 -0.120576 0.390429 -0.124323 -0.121228 0.434483 -0.128066 -0.117316 0.390429 -0.122826 -0.117316 0.380971 -0.11584 -0.119054 0.351104 -0.11584 -0.119054 0.377984 0.365967 -0.197941 0.54773 0.366965 -0.200549 0.559428 0.371706 -0.197941 0.57013 0.369211 -0.215109 0.573366 0.370209 -0.273568 0.572868 0.355737 -0.278566 0.539517 0.353491 -0.201418 0.537028 0.295605 -0.201636 0.517365 0.411628 -0.274437 0.646043 0.40015 -0.282043 0.616674 0.340018 -0.297908 0.513383 0.327792 -0.305731 0.4982 0.304088 -0.305079 0.488244 0.26716 -0.292475 0.487747 0.240213 -0.307687 0.494467 0.278887 -0.30986 0.485009 0.311324 -0.312468 0.483267 0.342014 -0.30986 0.512138 0.41537 -0.293127 0.652017 0.369959 -0.271395 0.613936 0.36971 -0.200766 0.646043 0.366716 -0.270308 0.658488 0.364969 -0.202939 0.662968 0.358981 -0.267918 0.668692 0.350996 -0.200549 0.673919 0.349749 -0.26857 0.674168 0.332782 -0.269874 0.676906 0.329538 -0.201853 0.676906 0.300595 -0.269874 0.672924 0.300844 -0.200766 0.673173 0.286872 -0.235755 0.66471 0.270903 -0.267918 0.65127 0.259925 -0.269004 0.62638 0.259426 -0.202939 0.615927 0.314318 -0.198158 0.68039 0.07703298 -0.275524 0.767752 0.06305998 -0.296386 0.767254 0.210521 -0.333765 0.786419 0.210521 -0.315728 0.75929 0.246201 -0.327898 0.736392 0.238716 -0.317032 0.728427 0.221001 -0.313337 0.723947 0.210272 -0.31073 0.731165 0.214513 -0.312903 0.555695 0.21127 -0.311381 0.492227 0.2195039 -0.313555 0.498947 0.223496 -0.310512 0.472813 0.247699 -0.313772 0.47804 0.239964 -0.31073 0.468582 0.330536 -0.312468 0.46908 0.341265 -0.312903 0.501187 0.358981 -0.312685 0.480778 0.412626 -0.31312 0.54549 0.456789 -0.312903 0.656248 0.47675 -0.312903 0.661475 0.489475 -0.316162 0.680142 0.2292349 -0.312033 0.669439 0.249944 -0.312468 0.700302 0.270155 -0.318118 0.70752 0.28263 -0.327463 0.708515 0.174841 -0.006265997 0.433986 0.174342 0.007207989 0.434732 0.16536 -0.014741 0.434981 0.160369 -0.04299294 0.434483 0.150888 -0.06972301 0.434732 0.146896 -0.007786989 0.434981 0.13991 0.04480397 0.434981 0.114958 0.09152698 0.434981 0.08451795 0.153898 0.434981 0.07528597 0.126298 0.434981 0.07179296 0.1512899 0.434981 0.02887696 0.1632429 0.434981 0.02563297 0.14477 0.434981 -0.01378995 0.165416 0.434981 -0.02751296 0.144336 0.434981 -0.02426898 0.17237 0.434981 -0.07691597 0.125212 0.434981 -0.116339 0.09000599 0.434981 -0.140542 0.04284799 0.434981 -0.1505219 0.070665 0.434981 -0.165493 -0.01408898 0.434732 -0.165493 0.01437896 0.434483 -0.1607519 0.04263097 0.434732 -0.164495 0.063928 0.433986 -0.165742 0.05219298 0.434483 -0.170732 -0.03669095 0.431994 -0.146779 -0.009742975 0.434981 0.13442 -0.05929195 0.434981 0.104728 -0.10319 0.434981 0.09549599 -0.136005 0.434732 0.06131297 -0.133615 0.434981 0.07528597 -0.156868 0.434483 0.06156295 -0.148392 0.434732 0.154631 -0.08254498 0.434732 0.1481429 -0.09275895 0.432243 0.34426 0.09543895 0.309041 0.354739 0.04263097 0.309041 0.357234 3.6e-5 0.309041 0.354739 -0.04255795 0.309041 0.34426 -0.09558397 0.309041 0.324798 -0.148392 0.309041 0.322053 -0.1496959 0.309041 -0.247831 0.01524895 0.609953 -0.228869 0.03676295 0.606967 -0.268291 0.03632795 0.607465 -0.234607 -0.001701951 0.610451 -0.1794649 -0.00278896 0.625136 -0.179216 0.01763898 0.630114 -0.191192 0.01177096 0.634345 -0.191691 0.023072 0.642807 -0.241095 0.01177096 0.635341 -0.289999 0.01959496 0.638078 -0.2465839 4.71e-4 0.634594 -0.292494 0.004599988 0.633349 -0.292245 -0.006265997 0.630363 -0.303722 -0.005830943 0.6219 -0.298482 0.01437896 0.629865 -0.2176409 -0.005613982 0.632852 -0.186452 -0.00387597 0.631109 0.165859 0.286245 0.372509 0.181079 0.3045 0.397149 0.171597 0.315583 0.407852 0.190061 0.304934 0.410838 0.162615 0.35557 0.486253 0.141906 0.340575 0.440955 0.147644 0.322537 0.394411 0.1481429 0.364262 0.516121 0.140658 0.35796 0.499694 0.133173 0.365132 0.529063 0.123442 0.371868 0.548726 0.170849 0.364262 0.527072 0.181827 0.37013 0.544743 0.07029598 -0.152739 0.38122 0.06854897 -0.1868579 0.382216 0.065306 -0.155999 0.380473 0.04684197 -0.201201 0.379976 0.04933696 -0.257269 0.382962 0.02887696 -0.279653 0.380722 -0.01828098 -0.271178 0.380473 -0.261555 -0.155564 0.348864 -0.269289 -0.154477 0.355833 -0.262054 -0.165561 0.358571 0.187816 -0.298777 0.82002 0.08177298 -0.297473 0.819024 0.195052 -0.292257 0.812304 0.100487 -0.290084 0.808571 0.08227199 -0.291605 0.803095 0.1995429 -0.289215 0.778703 0.286872 0.31254 0.542752 0.282131 0.354048 0.539517 0.341265 0.31254 0.597011 0.34426 0.356439 0.599998 0.346755 0.332099 0.606718 0.349998 0.356222 0.618416 0.349998 0.357743 0.661475 0.350747 0.359047 0.602487 0.501452 0.359047 0.704782 0.452797 0.359047 0.689848 0.520165 0.36361 0.726187 0.384431 0.359047 0.683875 0.386676 0.359047 0.539019 0.267659 0.359047 0.487 0.285874 0.358829 0.539019 0.268907 0.359047 0.533294 0.252689 0.358829 0.540512 0.227488 0.359264 0.516618 0.330037 0.35796 0.501685 0.406388 0.356222 0.548477 0.230233 0.360133 0.554201 0.321554 0.359264 0.696071 0.294607 0.358177 0.689351 0.263168 0.355352 0.686115 0.257679 0.359047 0.689351 0.242958 0.356656 0.671181 0.240213 0.358395 0.680888 0.239964 0.356656 0.656248 1.83e-4 0.477485 0.873283 -0.02252298 0.4714 0.866812 -0.02851098 0.455319 0.873034 0.02737998 0.395556 0.873283 -0.03749299 -0.378316 0.497702 -0.01378995 -0.383314 0.513134 0.009663999 -0.363103 0.514129 0.003675997 -0.360495 0.503925 0.01116198 -0.362017 0.528565 -0.118584 -0.364842 0.513134 -0.134304 -0.336156 0.513632 0.2309809 0.365566 0.728676 0.224993 0.369043 0.708764 0.224993 0.405336 0.713493 0.224993 0.369043 0.557935 0.227738 0.361003 0.708515 0.222248 0.362306 0.542503 0.223496 0.390993 0.585064 0.224993 0.407291 0.66023 0.224993 0.399468 0.613438 0.222747 0.409899 0.633847 0.224993 0.384256 0.585562 0.220003 0.401206 0.603731 0.223496 0.413594 0.67591 -0.137298 -0.300516 0.528565 -0.1377969 -0.299429 0.514627 -0.143536 -0.29769 0.499196 -0.123824 -0.301602 0.498947 0.001430988 -0.318118 0.487498 0.005921959 -0.319205 0.493222 0.03336799 -0.325073 0.49596 0.02837795 -0.323769 0.512387 0.030873 -0.324421 0.528565 0.001430988 -0.318118 0.437968 -0.09013998 -0.371361 0.497454 -0.07566797 -0.260963 0.380473 -0.124323 -0.23206 0.380473 -0.123575 -0.256182 0.382962 -0.1363 -0.209024 0.382216 -0.065189 -0.262919 0.380473 0.105477 0.145205 0.351104 0.117453 0.117388 0.351104 0.1451489 0.105436 0.351104 0.13941 0.09413498 0.350855 0.152635 0.08805 0.351104 0.170599 0.05545198 0.351104 0.151138 0.07088196 0.350855 0.160369 0.04306495 0.351104 0.1795819 3.6e-5 0.351104 0.172596 -0.008873999 0.351104 0.160369 -0.04299294 0.351104 0.16536 -0.01495897 0.351104 0.170599 -0.05537998 0.351104 0.1506389 -0.06993997 0.350855 0.154631 -0.08406597 0.351104 0.1451489 -0.105581 0.351104 0.1451489 -0.093845 0.351104 0.135917 -0.09558397 0.351104 0.117453 -0.117316 0.351104 0.09549599 -0.135788 0.350855 0.105477 -0.145133 0.351104 0.08152395 -0.15426 0.351104 0.05557495 -0.170776 0.351104 0.04035395 -0.160997 0.351104 0.01141095 -0.165561 0.351104 -0.06743496 -0.151652 0.351104 -0.09313398 -0.137527 0.351104 -0.1363 -0.09493196 0.351104 -0.1505219 -0.070158 0.351104 -0.160502 -0.043428 0.350855 -0.1794649 3.6e-5 0.351104 -0.165493 -0.01408898 0.351104 -0.165493 0.01437896 0.351104 -0.160502 0.04263097 0.350855 -0.165992 0.05371397 0.351104 0.05557495 0.170631 0.351104 0.02887696 0.16346 0.351104 -0.01528698 0.16585 0.350855 -0.02551698 0.174109 0.351104 -6.6e-5 0.179541 0.351104 -0.05545794 0.170631 0.351104 -0.05171495 0.15781 0.351104 -0.10561 0.145205 0.351104 -0.09812498 0.13586 0.350855 -0.1165879 0.131949 0.351104 -0.145282 0.105436 0.351104 -0.1178359 0.117171 0.350855 0.1833249 -0.243795 0.327708 0.151138 -0.264875 0.32273 0.14989 -0.269656 0.321237 0.159621 -0.259877 0.31601 0.203784 -0.249228 1.054229 0.225742 -0.248142 1.058211 0.20603 -0.2466199 1.03382 0.239964 -0.249446 1.051491 0.213266 -0.248359 1.017144 0.003176987 -0.326811 0.458128 0.006420969 -0.32529 0.459622 0.003675997 -0.326159 0.495462 0.006420969 -0.32529 0.477044 0.03112196 -0.328767 0.498947 0.004673957 -0.325073 0.455142 0.02638196 -0.328332 0.509649 0.03062295 -0.32855 0.528565 0.02787899 -0.328332 0.528565 0.296603 0.1549839 0.304063 0.318061 0.15455 0.303814 0.380688 -0.271612 0.652265 0.393164 -0.274872 0.675413 0.408634 -0.280088 0.66695 -0.111598 -0.283999 0.345379 -0.09088897 -0.291171 0.325966 -0.09163695 -0.293344 0.321237 -0.03075599 -0.303558 0.321983 -0.068183 -0.297256 0.345131 -3.16e-4 -0.305514 0.344633 0.030873 -0.303341 0.325966 0.03112196 -0.305948 0.321237 0.09200298 -0.290736 0.33393 0.05881798 -0.299212 0.349362 0.09100496 -0.291171 0.36778 0.09474796 -0.289432 0.375247 0.05757099 -0.297908 0.352846 -0.004557967 0.16585 0.430003 -0.02052599 0.171501 0.428012 -0.109103 0.1878 0.427265 -0.002810955 0.318191 0.321734 1.83e-4 0.313627 0.320988 0.07553595 0.308846 0.320988 0.004923999 0.310367 0.320988 0.076783 0.298849 0.320988 0.148393 0.281681 0.320739 0.14989 0.269294 0.320988 0.477499 -0.243795 1.141591 0.470263 -0.244013 1.136613 0.467518 -0.243795 1.163244 0.439573 -0.244013 1.168471 0.426848 -0.244013 1.136613 0.419113 -0.244013 1.168471 0.419113 -0.244013 1.141591 0.194054 -0.166865 0.915844 0.17035 -0.162301 0.956414 0.186568 -0.185989 0.928538 0.1693519 -0.179904 0.979063 -0.237851 0.155636 0.30033 -0.278771 0.154115 0.319992 0.194802 -0.200984 0.283903 0.240962 -0.142525 0.283903 0.281632 -0.151435 0.283903 0.275394 -0.147306 0.283903 0.274396 -0.139917 0.283903 0.270155 -0.073852 0.283903 0.295605 -0.08450096 0.283903 0.306084 -0.02843296 0.283903 0.279886 3.6e-5 0.283903 0.306084 0.02850496 0.283903 0.270155 0.07392495 0.283903 0.295605 0.084356 0.283903 0.240962 0.142597 0.283903 0.274396 0.139989 0.283903 0.275394 0.147161 0.283903 0.194802 0.201056 0.283903 0.281632 0.1512899 0.283903 0.319308 0.151942 0.283903 0.134919 0.245389 0.283903 0.191808 0.244302 0.283903 0.183075 0.247562 0.283903 0.065306 0.272337 0.283903 0.07403796 0.265165 0.281663 0.134919 -0.245317 0.283903 0.1923069 -0.239884 0.283903 0.319558 -0.152087 0.284152 0.219005 0.277987 0.284152 0.197048 0.247128 0.283903 0.164861 0.261905 0.283903 0.164861 0.269511 0.283903 0.13991 0.27451 0.283903 -0.008798956 0.279943 0.283903 -8.15e-4 0.275162 0.281663 0.065306 -0.272264 0.283903 0.159621 -0.262919 0.283903 0.176338 -0.251836 0.283903 0.218755 -0.277697 0.284152 -0.008798956 -0.27987 0.283903 0.137414 -0.275089 0.283903 0.1449 -0.274655 0.283903 0.186069 -0.300516 0.284152 0.151387 -0.281609 0.283903 0.168853 -0.309208 0.283903 0.08177298 -0.296386 0.283903 -0.09512996 -0.292475 0.283903 -0.03699398 -0.305297 0.283903 0.02288895 -0.3066 0.283903 -0.151271 -0.2677 0.283903 0.185321 0.299501 0.283903 0.151387 0.281464 0.283903 0.147145 0.275379 0.283903 0.151886 0.317756 0.283903 0.168853 0.309063 0.283903 0.187566 0.302978 0.286392 0.08651399 0.295155 0.283903 -0.078413 0.296676 0.283903 -0.080908 0.265382 0.283903 -0.108105 0.26234 0.283903 -0.141041 0.245172 0.284152 -0.154265 0.2371309 0.286392 0.03261995 0.305804 0.283903 -0.022273 0.306673 0.283903 0.082771 -0.350282 0.866065 0.06780099 -0.344849 0.868056 0.08501696 -0.350064 0.827238 0.218506 -0.184685 1.016397 0.227738 -0.04603499 0.332437 0.2212499 0.05458295 0.333184 0.214264 0.06023395 0.334677 0.19605 0.1093479 0.333184 0.201539 0.08500796 0.339157 0.187816 0.108913 0.339157 0.173843 0.132818 0.339157 0.159621 0.15781 0.333432 0.154631 0.152377 0.339157 0.135169 0.171935 0.339157 0.111715 0.194971 0.333184 0.111715 0.186061 0.339157 0.08801096 0.200187 0.339157 0.05557495 0.217572 0.333184 0.06156295 0.20801 0.339157 0.03536397 0.215834 0.339157 -3.16e-4 0.224309 0.333184 0.007667958 0.21692 0.339157 -0.01977795 0.21779 0.339157 -0.05595695 0.217572 0.333184 -0.04672497 0.211922 0.339157 -0.07342296 0.206054 0.339157 -0.105859 0.198014 0.333184 -0.09812498 0.1936669 0.339157 -0.122577 0.1810629 0.339157 -0.143286 0.163025 0.339157 -0.163996 0.14477 0.339157 -0.1794649 0.1219519 0.339157 -0.194935 0.09935098 0.339157 -0.211652 0.08913695 0.332935 0.209024 0.05871194 0.339157 0.2165099 0.03219896 0.339157 0.217009 0.004599988 0.339157 -0.245087 0.149769 0.320988 -0.304221 0.09239697 0.320988 -0.316447 0.03111296 0.320988 -0.316447 -0.03125798 0.320988 -0.304221 -0.09232395 0.320988 -0.27927 -0.15426 0.320241 -0.190943 0.01524895 0.86731 -0.21814 0.01503098 0.861585 -0.1637459 0.01503098 0.861585 -0.241344 0.01503098 0.846154 -0.180463 0.01503098 0.849389 -0.211652 0.01503098 0.845656 -0.256814 0.01503098 0.823007 -0.262054 0.01503098 0.795877 -0.256814 0.01503098 0.768499 -0.229118 0.01503098 0.757547 -0.241095 0.01503098 0.745352 -0.201422 0.01503098 0.742365 -0.21814 0.01503098 0.72992 -0.140542 0.01503098 0.745601 -0.163497 0.01503098 0.72992 -0.190693 0.01524895 0.724445 -0.125072 0.01503098 0.768748 -0.119583 0.01503098 0.795877 -0.125072 0.01503098 0.823007 -0.152768 0.01503098 0.833958 -0.140542 0.01503098 0.846154 0.151387 -0.272047 0.304063 0.152136 -0.317032 0.304312 -0.227122 -0.01213395 0.337415 -0.200923 -0.006482958 0.368278 -0.220884 -0.02604198 0.334926 -0.2104049 -0.07754695 0.333184 -0.209906 -0.05407595 0.339157 -0.20267 -0.08232796 0.339157 -0.183957 -0.128834 0.333184 -0.188198 -0.107754 0.339157 -0.173727 -0.13318 0.339157 -0.153267 -0.164691 0.333184 0.318061 -0.154477 0.304063 -0.284759 -0.005830943 0.567144 -0.280018 0.001122951 0.573117 -0.245586 0.003947973 0.448173 -0.241843 0.003947973 0.442448 -0.275527 0.04219597 0.556939 -0.246833 0.06131994 0.450164 -0.241843 0.05892997 0.442448 -0.264798 0.06566596 0.519854 -0.280268 0.04545599 0.576602 0.1404089 0.330143 0.479284 0.126935 0.315366 0.491978 0.126186 0.339923 0.518112 0.131177 0.313844 0.466093 -0.03300195 -0.187292 0.5094 -0.04672497 -0.190335 0.509649 -0.02127498 -0.194899 0.509649 -0.01603496 -0.2172819 0.509649 -5.65e-4 -0.215109 0.501934 -0.08415198 -0.263789 0.468084 -0.08614796 -0.266396 0.445435 -0.05495899 -0.176644 0.442697 -0.03874099 -0.171863 0.494467 -0.03874099 -0.171863 0.44419 -0.01478797 -0.178382 0.443195 -0.001812994 -0.1931599 0.442199 -3.16e-4 -0.215109 0.442448 -0.01129496 -0.276828 0.44419 0.421858 -0.05407595 0.634594 0.417366 -0.02908396 0.610202 0.426099 -0.05407595 0.633847 0.421858 -0.02908396 0.609207 0.417366 0.02893996 0.610202 0.421858 0.02893996 0.609207 0.421858 0.05393099 0.634594 0.426099 0.05393099 0.633847 -0.256065 -0.1549119 0.322979 -0.13605 -0.293344 0.528565 -0.139793 -0.294213 0.528565 -0.137298 -0.294648 0.483515 0.290864 -0.149914 0.914351 0.302342 -0.149914 0.950689 0.292611 -0.149914 0.87627 0.307332 -0.149914 0.840927 0.325796 -0.149914 0.981054 0.333031 -0.149914 0.812802 0.357983 -0.149914 1.001712 0.366965 -0.149914 0.79513 0.39516 -0.149914 1.009926 0.404891 -0.149914 0.790153 0.433086 -0.149914 1.004948 0.442068 -0.149914 0.798366 0.467019 -0.149914 0.987276 0.474255 -0.149914 0.819024 0.492719 -0.149914 0.959151 0.49746 -0.149914 0.84914 0.50744 -0.149914 0.923809 0.508937 -0.149914 0.885728 -0.344642 -0.093194 0.286392 -0.355621 -0.03125798 0.286392 -0.355621 0.03132998 0.286392 -0.344642 0.09326601 0.286392 0.08252197 -0.347022 0.822509 0.1094689 -0.309426 0.823753 0.07703298 -0.310078 0.819024 -0.05895096 -0.155999 0.366535 -0.07891196 -0.169907 0.366535 -0.059201 -0.155999 0.376242 -0.079162 -0.169907 0.376242 -0.09138798 -0.190987 0.366535 -0.09138798 -0.190987 0.376242 -0.09388297 -0.215109 0.366535 -0.09388297 -0.215327 0.376242 -0.08614796 -0.238362 0.366535 -0.08614796 -0.238362 0.376242 -0.069431 -0.256182 0.366535 -0.069431 -0.256182 0.376242 -0.04672497 -0.265527 0.366535 -0.04672497 -0.265527 0.376242 -0.02252298 -0.264441 0.366535 -0.02252298 -0.264441 0.376242 -5.65e-4 -0.253357 0.366535 -5.65e-4 -0.253575 0.376242 0.01465499 -0.2344509 0.366535 0.01465499 -0.2344509 0.376242 0.02064299 -0.210763 0.366535 0.02064299 -0.210763 0.376242 0.01615196 -0.186641 0.366535 0.01615196 -0.1868579 0.376242 0.002178966 -0.166647 0.366535 0.002178966 -0.166647 0.376242 0.2491959 0.334272 0.676906 0.240213 0.31341 0.662968 0.239964 0.314931 0.565899 0.240213 0.356004 0.556192 -0.196682 0.380996 0.868056 -0.164495 0.380996 0.863825 -0.1872 0.398816 0.868554 -0.164245 0.394904 0.864821 -0.14154 0.380996 0.849638 -0.135302 0.394904 0.843914 -0.125321 0.380996 0.827984 -0.121579 0.395122 0.82002 -0.118085 0.380996 0.802099 -0.117337 0.395122 0.793139 -0.1208299 0.380996 0.775468 -0.123325 0.394904 0.766757 -0.133056 0.380996 0.751325 -0.153017 0.380996 0.733405 -0.178218 0.380996 0.723947 -0.178218 0.392079 0.723947 -0.2066619 0.380996 0.724445 -0.191192 0.394904 0.721458 0.194553 0.035025 0.592531 0.122194 0.035025 0.592531 0.194553 0.035025 0.488493 0.127184 0.035025 0.488493 0.06006598 0.035025 0.488493 0.05008494 0.035025 0.592531 0.06006598 0.035025 0.482022 0.00991398 0.035025 0.552459 -0.03000795 0.035025 0.512387 -0.03000795 0.035025 0.482022 0.214513 0.035025 0.508405 0.214513 0.035025 0.572619 0.312322 -0.407002 0.828482 0.318809 -0.407002 0.818775 0.32854 -0.407002 0.812304 0.340018 -0.407002 0.810064 0.310076 -0.407002 0.839931 0.230482 -0.312685 0.499694 0.2309809 -0.310078 0.518112 0.413125 -0.235103 1.164987 0.419362 -0.266614 1.167973 -0.104113 -0.107102 0.442448 -0.133805 -0.06102997 0.442448 -0.103364 -0.104494 0.434981 -0.146779 -0.009742975 0.442448 -0.140542 0.04284799 0.442448 -0.116339 0.09000599 0.442448 -0.07691597 0.125212 0.442448 -0.02751296 0.144336 0.442448 0.02563297 0.14477 0.442448 0.07528597 0.126298 0.442448 0.114958 0.09152698 0.442448 0.13991 0.04480397 0.442448 0.146896 -0.007786989 0.442448 0.13442 -0.05929195 0.442448 0.104728 -0.10319 0.442448 0.06131297 -0.133615 0.442448 0.268907 0.354048 0.536032 0.06879895 0.1512899 0.397149 0.08202296 0.153898 0.400634 0.070046 0.153681 0.39914 0.166607 0.13912 0.400634 0.122693 0.141728 0.398394 0.06804996 0.1512899 0.373504 -0.01403898 0.16672 0.381469 0.2182559 -0.164039 0.955418 0.233227 -0.161432 0.992005 0.233476 -0.215544 0.997481 0.06031495 -0.293779 0.77273 0.06879895 -0.278784 0.772979 0.08351999 -0.270091 0.772979 -0.06918096 0.41468 0.864572 -0.06319296 0.410769 0.867807 -0.113345 0.402728 0.868056 0.194553 0.040892 0.488493 0.127184 0.040892 0.488493 0.06006598 0.040892 0.488493 0.09699398 0.134774 0.395905 0.09524697 0.137599 0.395905 0.09574598 0.138903 0.398145 0.229734 0.401206 0.783681 0.221749 0.41468 0.783184 0.2062799 0.404032 0.827238 0.200042 0.414898 0.824749 0.204783 0.401206 0.854616 0.395659 0.277552 1.063687 0.345258 0.277552 1.054478 0.446559 0.277552 1.056967 0.492719 0.277552 1.035064 0.300345 0.277552 1.029837 0.529896 0.277552 0.999721 0.265164 0.277552 0.992752 0.554348 0.277552 0.954671 0.242958 0.277552 0.946458 0.56358 0.277552 0.904395 0.236221 0.277552 0.895684 0.557093 0.277552 0.853372 0.245702 0.277552 0.845407 0.534886 0.277552 0.807326 0.270155 0.277552 0.800357 0.499705 0.277552 0.769992 0.307332 0.277552 0.765014 0.454544 0.277552 0.745601 0.353491 0.277552 0.743112 0.404392 0.277552 0.736392 0.477748 -0.267918 1.141591 0.470013 -0.267918 1.136613 0.426848 -0.267918 1.136613 0.419362 -0.267918 1.141591 0.13966 0.394904 0.753316 0.145399 0.390341 0.739129 0.150389 0.392296 0.702293 0.146896 0.408161 0.669439 0.147894 0.388602 0.677404 0.122693 0.406639 0.633101 0.100237 0.403162 0.620905 0.093001 0.388602 0.623145 0.07503598 0.401858 0.616674 0.06605398 0.390993 0.620407 0.036861 0.404249 0.624638 0.03286898 0.395339 0.632603 0.01141095 0.407074 0.655501 0.1493909 0.382734 0.674915 0.133921 0.388602 0.638327 0.1523849 0.380779 0.721209 0.140159 0.390775 0.755059 0.142654 0.386646 0.758294 0.120448 0.396425 0.779699 0.125937 0.402076 0.769743 0.08626496 0.399468 0.790401 0.07279098 0.395122 0.799362 0.146147 0.267121 0.325219 0.06979697 -0.347891 0.80658 0.07079499 -0.30986 0.80882 0.264915 0.360351 0.731663 0.272899 0.366436 0.732658 0.254685 0.365784 0.739129 -0.271785 0.369261 0.566895 -0.271785 0.40577 0.625883 -0.271036 0.388167 0.620158 -0.272284 0.284941 0.507907 -0.272783 0.399033 0.721707 -0.272284 0.411855 0.798117 -0.271785 0.413376 0.690595 0.51243 0.459013 0.821015 0.51243 0.459013 0.899915 0.51243 0.437933 0.820767 0.51243 0.423808 0.824002 0.51243 0.437933 0.978565 0.51243 0.459013 0.979063 0.49721 0.459013 0.997232 0.478996 0.459013 1.012415 0.479245 0.437933 1.012415 0.399901 0.459013 1.012415 0.477499 0.424894 1.012415 0.321304 0.437933 1.012415 0.321055 0.459013 1.012415 0.302841 0.459013 0.997232 0.293609 0.424025 0.987525 0.28762 0.459013 0.979063 0.28762 0.429023 0.977321 0.322552 0.424894 1.012166 0.512181 0.424894 0.977321 0.506442 0.424242 0.812553 0.49721 0.459013 0.802846 0.478497 0.438151 0.787415 0.399901 0.459013 0.787415 0.320805 0.437933 0.787415 0.321055 0.459013 0.787415 0.302841 0.459013 0.802846 0.287371 0.437933 0.821513 0.28762 0.459013 0.899915 0.28762 0.459013 0.821015 0.478996 0.459013 0.787415 -0.01528698 0.413811 0.65351 -0.02376997 0.411638 0.639323 0.159621 -0.262919 0.286392 0.204533 -0.29204 0.286392 0.176338 -0.251836 0.286392 0.1923069 -0.239884 0.286392 0.222248 -0.210546 1.006441 0.203036 -0.210546 0.964627 0.222248 -0.2046779 1.006441 0.222248 -0.199028 1.006441 0.203285 -0.199028 0.964876 0.205531 -0.218152 0.963632 -0.290498 0.04502099 0.727182 -0.227372 0.04502099 0.67591 -0.173976 0.05045396 0.632603 -0.297235 0.04523795 0.66023 -0.29449 0.06153696 0.60174 -0.187699 0.06610095 0.592531 -0.1704829 0.04893296 0.631607 -0.155762 0.04349994 0.674666 -0.12607 0.04349994 0.762525 -0.148027 0.04567295 0.735396 -0.183208 0.04523795 0.722951 -0.211153 0.04545599 0.725191 -0.2363539 0.04502099 0.737885 -0.287254 0.04480397 0.785672 -0.302225 0.04306495 0.658986 -0.298732 0.06110298 0.597509 -0.289001 0.09044098 0.558184 -0.18745 0.09565597 0.552708 -0.254568 0.04545599 0.759539 -0.263551 0.04523795 0.78617 -0.271785 0.04458695 0.823007 -0.292744 0.093701 0.551712 -0.282264 0.1312969 0.525081 -0.18745 0.1245599 0.529063 -0.189446 0.1575919 0.512387 -0.184456 0.156723 0.509898 -0.18745 0.19345 0.502929 -0.184456 0.2104009 0.500689 -0.170982 0.231263 0.500689 -0.120331 0.259949 0.505169 -0.08614796 0.275379 0.509898 -0.04996895 0.280812 0.509898 -0.04298198 0.284941 0.513383 0.06006598 0.040892 0.482022 -0.03000795 0.040892 0.482022 0.05008494 0.040892 0.592531 0.00991398 0.040892 0.552459 -0.03000795 0.040892 0.512387 0.122194 0.040892 0.592531 0.194553 0.040892 0.592531 0.214513 0.040892 0.572619 0.214513 0.040892 0.508405 0.174342 0.135208 0.427017 0.1723459 0.1130419 0.428012 0.174841 0.134774 0.401132 0.1710979 0.105436 0.398892 0.16012 0.04828095 0.39914 0.160619 0.04675996 0.427763 0.16536 0.01546597 0.413576 0.150888 0.06696999 0.397398 0.153882 0.08044397 0.398394 0.444064 0.05023699 0.708515 0.438824 0.05414897 0.705778 0.442567 0.05240994 0.713244 0.434583 0.05393099 0.707271 0.01889598 0.464012 0.820269 0.06929796 0.415332 0.831469 0.04309898 0.448799 0.834207 0.01864695 0.473356 0.83346 -0.009796977 0.47792 0.833211 -0.155263 0.004599988 0.781192 -0.152269 0.004599988 0.795877 -0.160003 4.71e-4 0.78169 -0.155263 0.004599988 0.810562 -0.177469 6.88e-4 0.82674 -0.1637459 0.004599988 0.823007 -0.176222 0.004599988 0.831469 -0.190943 0.004599988 0.834207 -0.205664 0.004599988 0.831469 -0.221882 4.71e-4 0.809815 -0.21814 0.004599988 0.823007 -0.226373 0.004599988 0.810562 -0.229368 0.004599988 0.795877 -0.226373 0.004599988 0.781192 -0.204167 6.88e-4 0.765014 -0.21814 0.004599988 0.768499 -0.205664 0.004599988 0.760285 -0.190943 0.004599988 0.757299 -0.176222 0.004599988 0.760285 -0.1637459 0.004599988 0.768499 0.428345 -0.2677 1.127404 0.486481 -0.267918 1.108239 -0.06593799 -0.152087 0.37674 -0.11584 -0.119054 0.364544 0.06430798 -0.152956 0.377487 0.005172967 -0.321161 0.439959 0.659393 -0.203374 0.909622 0.649911 -0.203591 0.875025 0.619221 -0.204895 0.931026 0.649662 -0.197072 0.927293 0.612984 -0.197941 0.947702 0.62496 -0.203591 0.861336 0.617225 -0.210111 0.86283 0.597763 -0.204243 0.794633 0.594769 -0.212284 0.796375 0.581046 -0.218586 0.77497 0.585537 -0.197941 0.776961 0.639432 -0.203591 0.811806 0.629451 -0.1983759 0.797122 0.053828 0.415332 0.815291 1.83e-4 0.417071 0.814544 0.14989 0.280377 0.309041 0.150389 0.272337 0.313023 0.159621 0.259949 0.31601 0.197048 0.247128 0.286392 0.189812 0.24452 0.286392 0.169851 0.25669 0.286392 0.164112 0.263861 0.286392 0.164861 0.269511 0.286392 -0.12108 -0.261181 0.51388 -0.09937196 -0.241622 0.512387 0.01066297 -0.261181 0.512138 0.02388697 -0.285738 0.525827 0.02438598 -0.28639 0.516618 0.438824 -0.05407595 0.705778 -0.265547 0.06827396 0.550219 -0.248081 0.06914401 0.473062 -0.225126 0.06936097 0.542254 -0.2236289 0.06153696 0.562415 -0.271286 0.05110597 0.578095 -0.278521 0.03784996 0.596264 -0.116339 -0.120793 0.380225 0.11945 0.119561 0.398892 0.270155 0.299936 0.800357 0.245702 0.299936 0.845407 0.25219 0.299936 0.784926 0.222747 0.299936 0.838936 0.236221 0.299936 0.895684 0.212517 0.299936 0.899666 0.242958 0.299936 0.946458 0.236221 0.299936 0.989019 0.265164 0.299936 0.992752 0.273897 0.299936 1.037553 0.300345 0.299936 1.029837 0.345258 0.299936 1.054478 0.325297 0.299936 1.071154 0.395659 0.299936 1.063687 0.44606 0.300153 1.08086 0.50245 0.299936 1.056469 0.446559 0.299936 1.056967 0.492719 0.299936 1.035064 0.547611 0.300153 1.014904 0.529896 0.299936 0.999721 0.583541 0.299719 0.93924 0.554348 0.299936 0.954671 0.56358 0.299936 0.904395 0.557093 0.299936 0.853372 0.584789 0.299936 0.844411 0.534886 0.299936 0.807326 0.499705 0.299936 0.769992 0.508937 0.299936 0.768001 0.454544 0.299936 0.745601 0.35399 0.299936 0.71872 0.404392 0.299936 0.736392 0.353491 0.299936 0.743112 0.297601 0.299936 0.743361 0.307332 0.299936 0.765014 0.385179 0.300153 1.086585 0.539128 0.301675 0.762276 0.531393 0.299719 0.767503 0.505693 0.296024 0.747094 0.504945 0.287332 0.73216 -0.001064956 -0.353107 0.456635 -3.16e-4 -0.342675 0.457133 0.280385 0.149986 0.309041 0.304338 0.09239697 0.309041 0.305336 0.08913695 0.320988 0.316564 0.03111296 0.309041 0.316564 0.03002595 0.320988 0.316564 -0.03017097 0.320988 0.316564 -0.03125798 0.309041 0.305336 -0.089064 0.320988 0.304338 -0.09232395 0.309041 0.281632 -0.148392 0.320739 0.280385 -0.149914 0.309041 -0.155013 0.27777 0.309041 -0.1547639 0.321233 0.30929 -0.155263 0.240173 0.301325 -0.118085 0.05892997 0.802099 -0.1208299 0.05892997 0.775468 -0.125321 0.05892997 0.827984 -0.14154 0.05892997 0.849638 -0.133056 0.05892997 0.751325 -0.164495 0.05892997 0.863825 -0.153017 0.05892997 0.733405 -0.178218 0.05892997 0.723947 -0.2066619 0.05892997 0.724445 -0.232861 0.05892997 0.735894 -0.252572 0.05892997 0.756552 -0.262802 0.05892997 0.783184 0.17559 -0.002353966 0.406358 -0.21789 0.01720398 0.446928 0.16536 -0.01669698 0.400883 0.489475 -0.23858 1.097536 0.485733 -0.235103 1.142835 0.487479 -0.235103 1.088825 0.493966 -0.241405 1.095296 0.529397 -0.236189 1.065678 0.59926 -0.219238 0.865567 0.604001 -0.212284 0.864821 0.606496 -0.211849 0.916591 0.607744 -0.191856 0.919577 0.605498 -0.194029 0.864572 0.241461 0.358395 0.727431 0.159621 0.140641 0.428012 0.1693519 0.1339049 0.429008 0.171847 0.128037 0.429008 0.165609 0.09239697 0.429008 0.159371 0.05653899 0.429008 0.51243 -0.370057 0.979063 0.51243 -0.370057 0.821015 0.552602 -0.370057 0.747592 0.49721 -0.370057 0.802846 0.478996 -0.370057 0.787415 0.430591 -0.370057 0.687359 0.321055 -0.370057 0.787415 0.33877 -0.36984 0.691093 0.302841 -0.370057 0.802846 0.28762 -0.370057 0.821015 0.227488 -0.370057 0.770739 0.259176 -0.370057 1.062442 0.28762 -0.370057 0.979063 0.302841 -0.370057 0.997232 0.321055 -0.370057 1.012415 0.36946 -0.370057 1.112719 0.478996 -0.370057 1.012415 0.46128 -0.36984 1.108986 0.49721 -0.370057 0.997232 0.541124 -0.370057 1.06294 0.606496 -0.370057 0.960894 0.600508 -0.36745 0.808322 0.566574 -0.367015 0.755556 0.519417 -0.367232 0.714489 0.462278 -0.367667 0.688604 0.40015 -0.36745 0.679644 0.280884 -0.367232 0.714489 0.233476 -0.36745 0.755556 0.1995429 -0.367667 0.808322 0.185071 -0.370275 0.899666 0.204034 -0.370057 0.989516 0.233227 -0.367232 1.044273 0.280634 -0.367232 1.085341 0.337772 -0.36745 1.111474 0.399901 -0.367232 1.120435 0.182077 -0.36745 0.868554 0.181827 -0.367232 0.931275 0.199293 -0.367232 0.991508 0.566824 -0.36745 1.044273 0.600508 -0.367232 0.991508 0.462029 -0.365059 1.111474 0.2724 -0.150348 0.313023 0.294357 -0.149914 0.309041 0.316314 -0.149914 0.309041 0.269406 -0.149044 0.320988 0.259925 -0.159476 0.31601 0.337772 -0.365059 0.688355 0.294357 0.08870196 0.321237 0.26716 0.1460739 0.324472 0.291613 0.08870196 0.326712 0.302092 0.04436898 0.326961 0.305835 0.03002595 0.321237 0.305835 -0.02973598 0.320988 0.291613 -0.08884698 0.326712 0.294607 -0.08862996 0.321237 0.266412 -0.147958 0.325468 0.66089 -0.1957679 0.916342 0.215761 0.215616 0.307548 0.496212 -0.159041 0.961143 0.469514 -0.159041 0.990512 0.526902 -0.158824 1.031579 0.434333 -0.159041 1.008681 0.323051 0.149551 0.309041 0.319807 0.151073 0.305059 -0.155512 -0.363755 0.556441 -0.153766 -0.368102 0.556441 -0.1365489 -0.291823 0.530556 -0.14129 -0.292257 0.531801 0.231979 -0.218804 0.997481 -0.280767 -0.005830943 0.452653 -0.280018 -0.003005981 0.425772 0.196299 -0.196637 0.409594 0.260174 -0.197724 0.413576 -0.129313 -0.278132 0.510147 -0.132058 -0.280522 0.528565 -0.126319 -0.265745 0.528814 -0.119832 -0.26857 0.504174 0.330536 0.324493 0.484511 0.269406 0.337749 0.482769 -0.138296 -0.301819 0.530556 0.583791 -0.158824 0.892199 0.590278 -0.1638219 0.908377 0.195052 -0.252053 1.033073 0.209523 -0.25314 1.019135 -0.251325 -0.09992998 0.341646 -0.245835 -0.108623 0.33393 0.07054495 -0.287476 0.868056 0.06355899 -0.284434 0.859843 0.07403796 -0.274437 0.861336 0.08900898 -0.274003 0.867807 0.088261 -0.269874 0.853621 0.09824097 -0.270091 0.873034 0.09075599 -0.275307 0.873034 0.199293 -0.270091 0.78841 0.207777 -0.265745 0.78617 0.209523 -0.266614 0.726187 -0.2376019 3.6e-5 0.201519 -0.227871 -0.06689798 0.201519 -0.260058 2.54e-4 0.202017 -0.234857 -0.1073189 0.20127 -0.199676 -0.128399 0.201519 -0.155512 -0.179469 0.201519 -0.1704829 -0.19642 0.202017 -0.09862399 -0.215979 0.201519 -0.108105 -0.236624 0.201768 -0.03375095 -0.235103 0.201519 0.036861 -0.257486 0.201768 0.033867 -0.235103 0.201519 0.107972 -0.236624 0.202017 0.09873998 -0.215979 0.201519 0.1953009 -0.1690379 0.20127 0.155629 -0.179469 0.201519 0.199792 -0.128399 0.201519 0.249445 -0.073417 0.201768 0.227987 -0.06689798 0.201519 0.237469 3.6e-5 0.201519 0.260174 -1.81e-4 0.202017 0.227987 0.06696999 0.201519 0.234973 0.107392 0.20127 0.199792 0.128472 0.201519 0.155629 0.179541 0.201519 0.17035 0.196492 0.202017 0.09873998 0.216051 0.201519 0.108222 0.236479 0.201768 0.033867 0.235175 0.201519 -0.03699398 0.257342 0.201768 -0.03375095 0.235175 0.201519 -0.107855 0.236696 0.202017 -0.09862399 0.216051 0.201519 -0.195434 0.16911 0.20127 -0.155512 0.179541 0.201519 -0.199676 0.128472 0.201519 -0.2495779 0.073273 0.201768 -0.227871 0.06696999 0.201519 -0.2495779 -0.07319998 0.20351 -0.218639 -0.140569 0.20351 -0.03724396 -0.257486 0.202763 0.17035 -0.19642 0.20351 0.218755 -0.140569 0.20351 0.249445 0.073273 0.20351 0.218755 0.140641 0.20351 0.03711098 0.257342 0.202763 -0.170233 0.196492 0.20351 -0.218639 0.140641 0.20351 0.2224979 -0.293127 0.46684 0.227987 -0.286607 0.450164 0.239714 -0.292692 0.464351 0.28288 -0.286172 0.45091 0.329289 -0.296386 0.466093 0.323301 -0.284434 0.457382 0.292611 -0.280522 0.438963 0.444064 -0.05016398 0.708267 0.442817 -0.05255496 0.713991 0.434583 -0.05407595 0.707022 0.45105 0.02002996 0.647785 0.450551 0.02220296 0.706026 0.46128 0.026766 0.671928 -0.118335 0.185844 0.427265 0.183824 0.419027 0.635341 0.1735939 0.411855 0.640319 0.177835 -0.197941 0.904395 0.145648 -0.203374 0.969605 0.139161 -0.194247 0.970849 0.140908 -0.198158 1.027099 -0.134304 -0.25966 0.528565 -0.120581 -0.123401 0.441203 -0.108355 -0.117968 0.434981 -0.109353 -0.118402 0.442448 -0.132308 -0.260094 0.487498 -0.137298 -0.263354 0.498947 -0.103614 0.264513 0.320739 -0.118834 0.29559 0.32049 0.319807 -0.1512179 0.305059 0.548859 -0.252705 1.062691 0.54312 -0.24749 1.066176 0.545865 -0.249228 1.069909 0.532641 -0.246186 1.074638 0.572313 -0.240101 1.030335 0.507191 -0.248794 1.093554 0.07279098 -0.151652 0.378482 0.07453697 -0.155129 0.384953 0.07578498 -0.155781 0.390429 0.06031495 -0.240318 0.391176 0.06305998 -0.22641 0.432492 0.06031495 -0.225975 0.440457 0.07104396 -0.157302 0.441203 0.05058395 -0.260529 0.438217 0.04185098 -0.272916 0.390429 0.02688097 -0.287911 0.435728 0.02313798 -0.290736 0.390429 6.82e-4 -0.303123 0.432492 6.82e-4 -0.303123 0.390429 0.545865 -0.267918 1.070656 0.555845 -0.269222 1.088825 0.554348 -0.249011 1.09231 0.607494 -0.251401 0.974832 0.614481 -0.246838 0.951436 0.618223 -0.241188 0.932022 0.001430988 0.310585 0.322481 -6.6e-5 0.309063 0.332437 0.18058 -0.355063 0.879008 0.152136 0.08783298 0.432492 -0.261555 0.04632496 0.815291 0.316314 -0.151435 0.305556 -0.112846 0.1345559 0.432492 0.101235 -0.333548 0.873034 0.108721 -0.339416 0.868056 0.120697 -0.340719 0.873283 0.127434 -0.340068 0.868056 0.08027595 -0.153825 0.390429 0.07603496 -0.153173 0.382962 0.228736 -0.2203249 0.997232 0.158124 -0.162735 0.937747 0.198046 -0.1601279 0.870048 0.227239 -0.168603 0.81778 0.281632 0.1512899 0.286392 0.275394 0.147161 0.286392 0.274396 0.139989 0.286392 0.295605 0.084356 0.286392 0.306084 0.02850496 0.286392 0.306084 -0.02843296 0.286392 0.295605 -0.08450096 0.286392 0.274396 -0.139917 0.286392 0.275394 -0.147306 0.286392 0.281632 -0.151435 0.286392 0.445062 -0.02495497 0.708018 0.445062 0.02502799 0.708018 0.455791 -0.01800096 0.707769 0.455791 0.01915997 0.708018 0.473507 0.02002996 0.708018 0.475004 0.02502799 0.708018 0.475004 -0.02495497 0.708018 0.473507 -0.02017396 0.708018 -0.08739596 -0.266396 0.468084 0.09025698 -0.318988 0.868305 0.09075599 -0.318118 0.873034 0.02837795 0.395122 0.86507 0.550107 -0.270743 1.097536 -0.250327 -0.118402 0.393665 -0.261305 -0.100365 0.39914 -0.255816 -0.091672 0.394163 -0.269539 -0.076025 0.395905 -0.108105 -0.269656 0.495213 -0.099123 -0.271395 0.445435 -0.08739596 -0.265527 0.443444 0.250942 -0.230756 1.046264 0.239714 -0.218586 1.0383 0.22674 -0.214892 1.034068 -0.184456 0.192798 0.497951 -0.184705 0.09717798 0.458128 -0.184206 0.192798 0.470573 -0.178966 0.215616 0.495711 -0.178966 0.215834 0.460866 -0.16699 0.230611 0.496956 -0.12582 0.255603 0.50044 -0.08440095 0.272119 0.505169 0.610987 -0.189031 0.863576 0.632944 -0.188814 0.821762 0.603003 -0.188162 0.807077 0.19081 0.400555 0.904395 0.17559 0.398599 0.881994 0.156377 0.399033 0.870048 0.233476 -0.298342 0.512387 0.232977 -0.305297 0.655999 0.237718 -0.30747 0.677653 0.06206196 -0.147958 0.442448 0.445062 0.02502799 0.712498 -0.107107 -0.210763 0.556441 -0.111598 -0.212501 0.556441 0.445062 -0.02495497 0.712498 0.357733 -0.236407 1.105999 0.384181 -0.227062 1.092559 0.443815 -0.223585 1.086834 -0.09687697 0.182367 0.429008 -0.124323 0.158462 0.429008 -0.088144 0.140641 0.429008 -0.03474897 0.173457 0.428759 -0.007800996 -0.35202 0.428759 0.02563297 -0.358974 0.499196 6.82e-4 -0.353759 0.497454 0.01490396 -0.356366 0.507907 0.01640099 -0.357236 0.528814 0.02513396 -0.358974 0.528565 0.02638196 -0.361365 0.495462 -0.295488 -0.154043 0.39914 0.1765879 -0.204026 0.926297 0.196299 -0.203591 1.005446 0.148393 -0.203374 1.026851 0.221001 -0.203374 1.031579 0.215012 0.419244 0.750081 -0.225874 0.152594 0.330446 -0.03350096 0.4601 0.834456 -0.111598 0.252126 0.323228 0.1463969 0.308846 0.386945 0.126935 0.302761 0.371762 0.587284 -0.1612139 0.867559 -0.253321 -0.1575199 0.358073 -0.25881 -0.160997 0.35658 -0.257313 -0.155564 0.350855 0.454793 0.30689 0.682879 -0.1994259 0.432066 0.83346 -0.289999 -0.02495497 0.399638 0.2122679 -0.220542 0.960147 0.22674 -0.279218 1.038051 0.212018 -0.27422 1.015153 0.209024 -0.267918 1.010424 0.193804 -0.209676 0.978316 0.209024 -0.260529 1.010424 0.210022 -0.268135 1.018886 0.239964 -0.27422 1.05174 0.243956 -0.267918 1.055971 0.18033 -0.212501 0.926049 0.2165099 -0.2114149 1.022619 0.209024 -0.252923 1.010424 0.235722 -0.267918 1.052735 0.235972 -0.252923 1.052735 0.243956 -0.260529 1.055971 0.243956 -0.252923 1.055971 0.247948 -0.251619 1.0607 0.28787 -0.253792 1.089821 0.302841 -0.239884 1.093056 0.322802 -0.253792 1.106497 0.353491 -0.248794 1.115706 0.398154 -0.258573 1.120684 0.398404 -0.2433609 1.117697 0.404392 -0.236189 1.110479 0.221749 -0.214892 1.029588 0.222248 -0.222281 1.030584 0.231231 -0.19642 1.037553 0.1795819 -0.230539 0.894688 0.1795819 -0.203809 0.906635 0.19081 -0.214892 0.883986 0.189812 -0.255096 0.829478 0.200042 -0.321161 0.808571 0.208775 -0.302906 0.613687 0.210022 -0.2175 0.631109 0.210272 -0.2407529 0.767752 0.206529 -0.251619 0.794384 0.210771 -0.216413 0.778952 0.200541 -0.236407 0.8133 0.215761 -0.207068 0.77721 0.21127 -0.2135879 0.803095 0.209523 -0.213371 0.839185 0.206529 -0.227931 0.841923 0.185071 -0.233799 0.873034 0.214763 -0.204243 0.800855 0.2152619 -0.196637 0.820518 0.223246 -0.197941 0.799362 0.227488 -0.198593 0.775468 0.261921 -0.195333 0.755307 0.210022 -0.183163 0.847149 0.207028 -0.1894659 0.851132 0.203285 -0.1779479 0.860341 0.144401 -0.1816419 0.969356 0.1404089 -0.188814 1.023615 0.144151 -0.190987 1.031828 0.158623 -0.1612139 1.025606 0.164861 -0.161866 1.033322 0.310076 -0.191422 0.72768 0.293609 -0.1779479 0.742614 0.311074 -0.160997 0.730916 0.331534 -0.1779479 0.722702 0.372704 -0.161432 0.712 0.366965 -0.184685 0.712249 0.423854 -0.1779479 0.710507 0.436828 -0.194029 0.701795 0.452049 -0.184033 0.69184 0.416368 -0.194247 0.704533 0.350497 -0.197289 0.702542 0.271652 -0.197941 0.733903 0.234973 -0.197941 0.700551 0.430341 -0.1983759 0.683128 0.352992 -0.197941 0.678399 0.367215 -0.198158 0.66471 0.43608 -0.197941 0.660728 0.443565 -0.1957679 0.656497 0.454294 -0.1935949 0.67143 0.450302 -0.1899 0.652763 0.34426 -0.195116 0.477044 0.350248 -0.185554 0.47356 0.453296 -0.1779479 0.651021 0.460033 -0.169907 0.670932 0.453296 -0.164039 0.651021 0.462777 -0.152956 0.667199 0.464774 -0.155129 0.672924 0.466271 -0.157302 0.682133 0.476501 -0.159041 0.711502 0.494216 -0.158824 0.731911 0.477 -0.159041 0.816038 0.443565 -0.159041 0.794633 0.404891 -0.159041 0.78617 0.365718 -0.159041 0.791397 0.330536 -0.159041 0.809566 0.258927 -0.158824 0.781939 0.303839 -0.159041 0.838687 0.288618 -0.159041 0.875274 0.286872 -0.159041 0.914848 0.270903 -0.159041 1.036309 0.242708 -0.161432 1.037553 0.273149 -0.161649 1.042033 0.319308 -0.161432 1.0719 0.321304 -0.159041 1.06742 0.392914 -0.159041 1.085092 0.367714 -0.161866 1.087332 0.418364 -0.161866 1.089074 0.467768 -0.161432 1.077625 0.51243 -0.161866 1.053233 0.549109 -0.161432 1.01789 0.57905 -0.161649 0.967365 0.581046 -0.159041 0.960396 0.653404 -0.1586059 0.915844 0.651907 -0.16078 0.9258 0.664133 -0.161866 0.910119 0.661638 -0.159693 0.859096 0.65066 -0.159693 0.895186 0.643424 -0.15991 0.841923 0.64018 -0.158824 0.810064 0.650909 -0.16078 0.815291 0.641677 -0.161432 0.804837 0.533639 -0.159041 0.756552 0.520415 -0.159041 0.737885 0.510434 -0.153173 0.710258 0.635689 -0.15991 0.823007 0.611486 -0.162084 0.810562 0.643174 -0.160345 0.907879 0.616726 -0.159258 0.92356 0.323051 -0.159041 0.984041 0.356486 -0.159041 1.005197 0.39491 -0.159041 1.013908 0.298848 -0.159041 0.95268 0.501202 -0.159041 0.847398 0.512929 -0.159041 0.88523 0.511183 -0.159041 0.924555 0.469015 -0.153391 0.680639 0.483237 -0.121662 0.703289 0.490972 -0.11775 0.707769 0.484984 -0.03103995 0.707271 0.488976 0.08609396 0.708267 0.495963 0.239739 0.708515 0.503198 0.239956 0.707022 0.505444 0.239956 0.704533 0.485234 0.240173 0.706524 0.489475 0.269511 0.713742 0.497959 0.289939 0.728925 0.475752 0.289939 0.689848 0.453296 0.289939 0.651021 0.455542 0.300588 0.66023 0.43583 0.289939 0.620407 0.418364 0.289939 0.589793 0.41562 0.296242 0.586806 0.424602 0.307325 0.614185 0.388673 0.241695 0.537774 0.405639 0.300588 0.580335 0.402146 0.30689 0.584566 0.397156 0.309281 0.590789 0.429343 0.310367 0.641314 0.426349 0.31015 0.703538 0.35399 0.309715 0.710258 0.296603 0.309933 0.734151 0.200541 0.309933 0.675413 0.249695 0.309933 0.77497 0.218007 0.309933 0.828482 0.205282 0.309498 0.891701 0.194054 0.311454 0.899915 0.2062799 0.310802 0.961143 0.194054 0.309933 0.566895 0.174342 0.310585 0.54101 0.154631 0.30689 0.526823 0.294108 0.307108 0.527072 0.13991 0.299067 0.519605 0.217009 0.299067 0.519605 0.13991 0.340357 0.548726 0.161867 0.337532 0.551961 0.1833249 0.319712 0.562415 0.194054 0.311671 0.600744 0.190311 0.317321 0.899915 0.20104 0.316887 0.967116 0.2382169 0.308846 1.011917 0.215512 0.305369 0.950191 0.280385 0.308194 1.051989 0.334279 0.308194 1.081856 0.284876 0.31254 1.072398 0.327792 0.309933 1.086087 0.394661 0.308194 1.093305 0.394661 0.309933 1.09903 0.455791 0.308194 1.085092 0.511183 0.308194 1.058211 0.555097 0.308194 1.015401 0.583541 0.308194 0.960645 0.593771 0.307108 0.885977 0.587783 0.309063 0.835451 0.557592 0.308846 0.783681 0.529148 0.312975 0.735147 0.526153 0.303413 0.737885 0.401398 0.284941 0.519854 0.504446 0.147813 0.699804 0.504695 -0.129051 0.700551 0.357234 0.186278 0.442199 0.314568 0.05088895 0.36778 0.317063 -0.06342101 0.37226 0.361975 -0.197724 0.450413 0.531892 -0.214892 0.747841 0.53813 -0.2172819 0.75481 0.588781 -0.164909 0.778455 0.593023 -0.2229329 0.960396 0.577303 -0.220108 0.970103 0.546364 -0.219456 1.021375 0.504945 -0.220542 1.05846 0.467768 -0.214892 1.077625 0.418364 -0.214892 1.089074 0.367464 -0.214892 1.087332 0.323301 -0.220542 1.07414 0.272151 -0.220108 1.041784 0.264665 -0.217934 1.04054 0.167605 -0.197289 1.033571 0.264166 -0.228583 1.046015 0.324049 -0.230539 1.082105 0.581046 -0.230322 0.97533 0.549109 -0.230539 1.029339 0.501951 -0.230539 1.068914 0.601007 -0.239232 0.97533 0.61473 -0.214892 0.943222 0.617225 -0.214892 0.937 0.61498 -0.230539 0.94596 0.580048 -0.253792 1.027348 0.548859 -0.257269 1.062691 0.546114 -0.252923 1.068167 0.548859 -0.267918 1.062691 0.544617 -0.27422 1.066425 0.523409 -0.279653 1.083101 0.506941 -0.27422 1.092807 0.501951 -0.267918 1.095545 0.612984 -0.267918 0.956911 0.614481 -0.27422 0.951436 0.612984 -0.260529 0.956911 0.618473 -0.268135 0.950191 0.617225 -0.272916 0.948449 0.612984 -0.252923 0.956911 0.618722 -0.25314 0.95044 0.620469 -0.246838 0.905888 0.620469 -0.252923 0.900164 0.620469 -0.260529 0.900164 0.623962 -0.252923 0.908128 0.620469 -0.267918 0.900164 0.624212 -0.267918 0.907879 0.566325 -0.245534 0.754063 0.543619 -0.248576 0.73216 0.519417 -0.342893 0.714489 0.458785 -0.342893 0.687857 0.396657 -0.34311 0.679395 0.385678 -0.342893 0.679893 0.393413 -0.288563 0.678897 0.34426 -0.280522 0.686613 0.304587 -0.342893 0.701298 0.248946 -0.342893 0.739378 0.2062799 -0.294648 0.497951 0.203285 -0.291605 0.560424 0.202038 -0.28878 0.564655 0.204034 -0.2229329 0.574859 0.204783 -0.213371 0.566148 0.217258 -0.20533 0.631109 0.229484 -0.1983759 0.631358 0.37445 -0.197941 0.646043 0.333281 -0.197941 0.481275 0.331784 -0.197072 0.475302 0.337523 -0.194247 0.468831 0.341265 -0.187075 0.464848 0.332532 -0.149479 0.438715 0.318061 -0.110796 0.414074 0.465522 -0.03429996 0.672177 0.467518 -0.02473795 0.705031 0.483986 0.08413898 0.704284 0.326295 0.1345559 0.428261 0.35399 0.204316 0.482022 0.345008 0.242781 0.496209 0.352493 0.250605 0.506911 0.371207 0.297763 0.549223 0.340766 0.307759 0.53877 0.359979 0.31015 0.564904 0.290365 0.309933 0.53877 0.323051 0.309933 0.542254 0.329039 0.299284 0.525827 0.294108 0.299067 0.519605 -0.266046 0.364262 0.576851 0.13991 0.371434 0.5883 0.153134 0.375128 0.597758 0.169601 0.363176 0.593029 0.184822 0.348615 0.601242 0.189562 0.328839 0.608709 0.1910589 0.315583 0.600744 0.190311 0.325797 0.789655 0.189562 0.33449 0.906386 0.232728 0.31667 1.027099 0.352244 0.312975 1.102016 0.37994 0.309933 1.09903 0.510684 0.341661 0.710755 0.371955 0.248214 0.472066 0.320057 0.1271679 0.383709 0.309827 0.08305197 0.363549 0.309827 -0.08406597 0.363798 0.343261 -0.182294 0.421043 0.383682 -0.280088 0.495462 0.39491 -0.271395 0.508156 0.5022 -0.297473 0.696071 0.506442 -0.2175 0.703289 0.533389 -0.222281 0.746845 0.555596 -0.235103 0.751325 0.528649 -0.233581 0.725689 0.514676 -0.245751 0.711253 0.506442 -0.32768 0.702791 0.45629 -0.327898 0.68263 0.398404 -0.333113 0.677902 0.397905 -0.326159 0.676657 0.304587 -0.282913 0.701298 0.292361 -0.32855 0.70528 0.275145 -0.27987 0.706773 0.275394 -0.313772 0.705529 0.255184 -0.304862 0.698311 0.488228 -0.312033 0.672177 0.407635 -0.315293 0.668692 0.39491 -0.310512 0.508156 0.388423 -0.307904 0.500191 0.207527 -0.292692 0.486253 0.198794 -0.28878 0.497951 0.193305 -0.287694 0.522841 0.185321 -0.283347 0.512138 0.376946 0.289939 0.49372 0.333281 0.179759 0.412581 0.28762 0.146726 0.366038 0.270155 0.1512899 0.348864 0.296104 0.091093 0.348864 0.229983 0.200404 0.327708 0.2322289 0.20475 0.348864 0.183075 0.2438679 0.327708 0.184073 0.249083 0.348864 0.127434 0.282333 0.348864 0.04559397 0.304282 0.341895 0.003675997 0.305152 0.335921 0.05856895 0.304934 0.353344 0.04259997 0.312323 0.371762 0.00941497 0.305152 0.379478 -0.05046796 0.300805 0.371015 -0.05495899 0.312106 0.322979 -0.03449898 0.316018 0.309041 0.02887696 0.31667 0.309041 0.091255 0.304717 0.309041 -0.09662699 0.302978 0.309041 -0.103115 0.287549 0.37226 -0.07167595 0.296024 0.459871 -0.111349 0.28342 0.458626 -0.154514 0.262123 0.461862 -0.186951 0.240608 0.463106 -0.216892 0.21366 0.461364 -0.260058 0.159331 0.460866 -0.283761 0.111955 0.454893 -0.293492 0.06131994 0.487498 -0.280767 -0.001049995 0.442199 -0.279769 0.04176098 0.422536 -0.302225 -0.001049995 0.519605 -0.302475 -0.005830943 0.535285 -0.306217 0.00742495 0.587802 -0.304221 0.03350299 0.619411 -0.303223 0.02372395 0.622896 -0.298482 0.02372395 0.637332 -0.292494 0.02568 0.648532 -0.301726 0.02654898 0.628869 -0.301726 0.02850496 0.644301 -0.303223 0.03154695 0.635341 -0.29948 0.02806997 0.704533 -0.29973 0.02698397 0.650274 -0.293492 0.02502799 0.701298 -0.227372 0.02502799 0.67591 -0.188198 0.02589696 0.654754 -0.216144 0.02502799 0.725938 -0.240097 0.02502799 0.740125 -0.257313 0.02502799 0.762028 -0.282763 0.02502799 0.787166 -0.265048 0.02502799 0.788908 -0.274529 0.02502799 0.813797 -0.262303 0.02481096 0.816535 -0.263551 0.02155095 0.805086 -0.262553 0.02720099 0.840678 -0.284011 0.02763599 0.805335 -0.303473 0.03784996 0.635838 -0.287504 0.04002296 0.788161 -0.27902 0.04002296 0.816286 -0.260307 0.04002296 0.838936 -0.301476 0.052845 0.531054 -0.28925 0.111738 0.474306 -0.282763 0.161069 0.48252 -0.280518 0.179541 0.50044 -0.285258 0.107609 0.460866 -0.262553 0.1601999 0.470573 -0.26879 0.176934 0.481275 -0.226873 0.208662 0.472564 -0.233609 0.214747 0.479284 -0.239099 0.219963 0.480778 -0.27403 0.22018 0.481027 -0.270288 0.270381 0.487498 -0.157009 0.288853 0.49372 -0.266295 0.317321 0.506911 -0.123575 0.309281 0.50268 -0.09088897 0.321016 0.509152 -0.04847198 0.327535 0.513134 -6.6e-5 0.330795 0.515374 0.01490396 0.330795 0.515374 0.01490396 0.358395 0.538521 0.01490396 0.381213 0.566148 0.05757099 0.381213 0.566148 0.09998798 0.381213 0.566148 0.195052 0.381213 0.566148 0.220003 0.384473 0.570877 0.07503598 0.402293 0.606469 0.035115 0.405988 0.61742 -0.267293 0.414898 0.67591 0.005172967 0.413159 0.649279 -0.007551968 0.414898 0.687111 -0.165243 0.414898 0.67591 -0.2193869 0.415115 0.727182 -0.244338 0.415115 0.744107 -0.267293 0.414898 0.736889 -0.265048 0.412942 0.831718 -0.258311 0.418375 0.824749 0.02238994 0.414246 0.777459 0.061064 0.414898 0.794882 0.093001 0.415332 0.823007 0.114709 0.406205 0.617669 -0.001812994 0.414463 0.742614 0.088261 0.410986 0.790153 0.1449 0.413159 0.649279 -6.6e-5 0.407726 0.685617 1.83e-4 0.408161 0.714987 0.004174947 0.408161 0.740872 0.01714998 0.408161 0.763521 0.16536 0.413376 0.650274 0.164611 0.416853 0.664461 0.167356 0.419027 0.648781 0.195052 0.358395 0.538521 0.2152619 0.327753 0.513383 0.195052 0.330795 0.515374 0.1880649 0.312106 0.493471 0.220003 0.308846 0.488742 0.217757 0.304934 0.466093 0.2352229 0.309063 0.472564 0.260923 0.305586 0.45315 0.254934 0.31015 0.470822 0.254934 0.321885 0.479533 0.223995 0.33688 0.509649 0.30808 0.320364 0.480031 0.306084 0.305152 0.463106 0.305585 0.297545 0.452901 0.220502 0.235827 0.366038 0.257928 0.194319 0.366038 0.07927799 0.304934 0.362055 0.07877898 0.309281 0.373007 0.05856895 0.308629 0.364793 0.07029598 0.321451 0.381967 0.03012394 0.309063 0.389931 0.01889598 0.306021 0.389931 -6.6e-5 0.304934 0.466093 -0.03375095 0.302544 0.464102 -0.03849095 0.30363 0.474057 -0.08864295 0.294503 0.475053 -0.129064 0.278421 0.471569 -0.1475279 0.281899 0.487996 -0.09987097 0.302327 0.492973 -0.03649497 0.312975 0.497702 -6.6e-5 0.315366 0.497951 -6.6e-5 0.311889 0.493969 0.02189099 0.312323 0.493969 0.03162097 0.340357 0.517614 0.03336799 0.368391 0.540512 0.081025 0.366653 0.537277 0.09998798 0.358395 0.538521 0.109968 0.358395 0.538521 0.109968 0.381213 0.566148 0.1523849 0.381213 0.566148 0.178085 0.333186 0.511889 0.168853 0.325362 0.491231 0.169601 0.317104 0.466093 0.1880649 0.304717 0.459871 0.24171 0.302109 0.42403 0.2215 0.295372 0.404616 0.1633639 0.339271 0.45315 0.105726 0.3045 0.384456 0.09624499 0.306021 0.389931 0.08476698 0.309063 0.389931 0.070046 0.362524 0.512387 0.07179296 0.334055 0.492725 0.08202296 0.321233 0.501187 0.09998798 0.330795 0.515374 0.109968 0.330795 0.515374 0.104978 0.311237 0.494218 0.113461 0.304282 0.466093 0.08850997 0.307325 0.466093 0.07453697 0.317756 0.466093 0.07653397 0.317756 0.389931 0.06929796 0.332751 0.431497 0.06605398 0.346225 0.458626 0.04409694 0.322754 0.388189 0.03860795 0.317756 0.389931 0.04035395 0.317321 0.465844 0.02164095 0.305369 0.466342 -6.6e-5 0.307542 0.476546 0.04135197 0.324928 0.490982 0.04584395 0.35796 0.499694 0.05183196 0.362089 0.507409 0.04758995 0.344704 0.455888 0.287121 -0.14774 0.366038 0.35923 -0.250967 0.462857 0.362723 -0.284651 0.482022 0.346256 -0.305731 0.472066 0.337024 -0.286172 0.465346 0.327542 -0.280522 0.456884 0.304837 -0.272481 0.437968 0.197796 -0.271829 0.377736 0.162865 -0.28313 0.374251 0.153882 -0.28639 0.384705 0.194802 -0.286607 0.480031 0.163114 -0.28639 0.461862 0.1154569 -0.28639 0.400883 0.163114 -0.274872 0.362802 0.1449 -0.272481 0.345379 0.212517 -0.225106 0.348864 0.229983 -0.200332 0.327708 0.215761 -0.215761 0.307548 0.159621 -0.259877 0.30705 0.262919 -0.163605 0.348864 0.256431 -0.195985 0.366038 0.218007 -0.2381449 0.366038 -0.266545 0.387081 0.623892 0.05432695 0.384908 0.617669 0.12968 0.381213 0.607713 0.122194 0.388167 0.627127 0.156377 0.377301 0.629865 0.167855 0.369913 0.613189 0.176837 0.360351 0.602487 0.183075 0.353614 0.613189 0.18582 0.346877 0.895932 0.18058 0.359264 0.887968 0.179332 0.359047 0.883239 0.162615 0.377084 0.872536 0.163863 0.37252 0.832962 0.141157 0.389689 0.866314 0.144401 0.385777 0.854367 0.118202 0.395339 0.865816 0.132923 0.39121 0.772481 0.114459 0.394904 0.807575 -0.007800996 0.394904 0.67591 -0.137298 0.394904 0.67591 -0.253071 0.395122 0.739627 -0.266794 0.394904 0.67591 -0.260557 0.394035 0.77273 -0.264549 0.393818 0.802099 0.001679956 0.3936 0.653261 0.02538394 0.389254 0.630861 0.175839 0.360785 0.613189 0.1493909 0.382082 0.742365 -0.002062976 0.398164 0.685368 0.01190996 0.395556 0.650772 -0.001812994 0.398381 0.714987 0.188315 0.396425 0.903648 0.205032 0.398164 0.978067 0.565327 0.398164 0.770739 0.51792 0.398164 0.726436 0.459035 0.398381 0.69856 0.394411 0.395991 0.690097 0.330287 0.398381 0.702044 0.398154 0.400772 0.692337 0.574559 0.317104 0.783432 0.597015 0.397947 0.827487 0.602504 0.316887 0.845407 0.60974 0.398164 0.891452 0.609989 0.319929 0.904644 0.602255 0.397947 0.956165 0.598512 0.319929 0.968858 0.575557 0.398164 1.015401 0.567822 0.319929 1.026353 0.531643 0.397947 1.063438 0.520914 0.319929 1.071651 0.475253 0.398164 1.096043 0.462278 0.319929 1.100523 0.411628 0.397947 1.109732 0.397655 0.319929 1.109981 0.347004 0.398164 1.103261 0.333281 0.319929 1.09903 0.287121 0.398164 1.077127 0.275394 0.319929 1.069162 0.238467 0.398381 1.034068 0.421359 0.312975 1.106497 0.487978 0.312975 1.088078 0.544617 0.312758 1.048753 0.585537 0.312758 0.993001 0.605997 0.312758 0.926795 0.602255 0.311237 0.865816 0.115208 0.404032 0.868305 0.06305998 0.410769 0.867807 0.598761 0.309498 0.876021 0.580048 0.311237 0.802099 0.194303 -0.2229329 0.535285 0.178085 -0.2229329 0.497951 0.18557 -0.20859 0.503676 0.213765 -0.201636 0.564157 0.228486 -0.197941 0.57013 0.218007 -0.197941 0.527321 0.200541 -0.197941 0.486751 0.295605 -0.197941 0.447675 0.266911 -0.197072 0.419799 0.272151 -0.194681 0.413576 0.275644 -0.188162 0.409096 0.307082 -0.185337 0.43299 0.296353 -0.153173 0.407852 0.302342 -0.114708 0.401132 0.306583 -0.110796 0.402874 0.312572 -0.110796 0.408598 0.306583 0.110651 0.402874 0.318061 0.110651 0.414074 0.459284 0.03241699 0.660977 0.447807 -3.98e-4 0.641065 0.4513 -0.02408599 0.647288 0.461031 -0.02734595 0.67143 0.312572 0.110651 0.408598 0.311823 0.1182579 0.407852 0.280385 0.180411 0.407852 0.275145 0.231046 0.433737 0.30334 0.248866 0.470075 0.301593 0.270381 0.492725 0.326544 0.271467 0.505916 0.252439 0.286028 0.510894 0.259426 0.277335 0.485009 0.17035 0.284941 0.468333 0.05407798 0.285158 0.410092 -0.02651494 0.283854 0.353095 -0.08664697 0.271467 0.373007 -0.158257 0.237348 0.460119 -0.01353996 0.281899 0.34289 0.03661197 0.282551 0.353095 0.061064 0.275596 0.34289 -0.01304095 0.274727 0.335673 0.005422949 0.264078 0.332686 0.154631 0.211922 0.332686 0.227239 0.135426 0.332935 0.239215 -0.00148499 0.334428 0.228486 -0.142742 0.332935 0.1982949 -0.115143 0.333681 0.205781 -0.166865 0.332935 0.193056 -0.182511 0.332935 0.182576 -0.1879439 0.332935 0.167605 -0.186641 0.332935 0.157375 -0.179904 0.332935 0.147644 -0.157954 0.343886 0.165859 -0.136223 0.343388 0.184073 -0.114273 0.343139 0.195551 -0.09188997 0.341148 0.207278 -0.06950598 0.339406 0.212517 -0.04625296 0.339157 0.13991 -0.1601279 0.347122 0.176089 -0.112752 0.350606 0.202786 -0.05103397 0.350606 0.208525 0.01589995 0.350606 0.192806 0.08131295 0.350606 0.156876 0.138251 0.350606 0.104978 0.180845 0.350606 0.04210096 0.204968 0.350606 -0.02501797 0.207576 0.350606 -0.08964097 0.189103 0.350606 -0.145033 0.150855 0.350606 -0.185953 0.097395 0.350357 -0.173727 0.08826798 0.355086 -0.130811 0.144336 0.355086 -0.143286 0.108261 0.355086 -0.169485 0.059147 0.355086 -0.178966 0.01350998 0.358322 -0.103115 0.146944 0.355086 -0.05296295 0.171501 0.355086 -0.04547798 0.1878 0.355833 0.002178966 0.179541 0.355086 0.04983597 0.188234 0.355086 0.05707198 0.170197 0.355086 0.132674 0.140641 0.355833 0.106475 0.144553 0.355086 0.145648 0.104784 0.355086 0.185071 0.06088495 0.355086 0.170849 0.05501794 0.355086 0.1795819 3.6e-5 0.355086 0.190061 -0.03451699 0.355833 0.169851 -0.05777096 0.355086 0.142155 -0.109492 0.355086 0.151886 -0.12188 0.355086 0.09923899 -0.149479 0.355086 0.10398 -0.164691 0.355086 0.01265895 -0.192073 0.355584 -0.08140701 -0.177079 0.355086 -0.1547639 -0.115795 0.355584 -0.186452 -0.02560698 0.355086 -0.1824589 -0.01104694 0.363051 -0.186202 -0.004744946 0.374002 -0.1867009 -0.005830943 0.581082 -0.18221 -0.006265997 0.619909 -0.1764709 -0.003440976 0.609705 -0.184456 -0.001049995 0.579091 -0.184456 -0.001267969 0.372509 -0.184456 0.07479399 0.443941 -0.182958 0.061755 0.588549 -0.169235 0.04545599 0.629865 -0.146031 0.03676295 0.697315 -0.119583 0.02155095 0.779948 -0.119084 0.02155095 0.808571 -0.129313 0.02155095 0.834953 -0.149025 0.02155095 0.855612 -0.174974 0.02155095 0.867061 -0.2036679 0.02155095 0.867807 -0.135052 0.02198499 0.749085 -0.175224 0.02654898 0.614931 -0.218389 -0.005830943 0.437221 -0.224377 -0.006917953 0.360811 -0.237851 -0.01191598 0.3521 -0.245586 -0.01887094 0.343637 -0.250327 -0.03060597 0.342642 -0.251824 -0.03343099 0.379976 -0.241344 -0.01495897 0.341646 -0.118335 -0.172515 0.350606 -0.162249 -0.132094 0.350606 -0.192939 -0.08080595 0.350606 -0.06468999 -0.199028 0.350606 -0.04023796 -0.2135879 0.339157 0.03336799 -0.227714 0.333184 0.02139198 -0.273351 0.332686 -0.08365297 -0.262267 0.332935 -0.2453359 -0.04125398 0.332437 -0.263301 -0.07624298 0.334926 -0.147278 -0.237493 0.332686 -0.146779 -0.242274 0.334677 -0.06194496 -0.276828 0.337166 -0.142288 -0.244882 0.335424 -0.142538 -0.24988 0.347868 0.02463495 -0.282261 0.335424 0.02588295 -0.284217 0.343139 0.05607396 -0.275741 0.34065 0.05657297 -0.279436 0.350108 0.04334896 -0.283999 0.349859 0.07528597 -0.278349 0.362553 0.07528597 -0.275307 0.362055 0.07952797 -0.268135 0.358571 0.09325098 -0.271395 0.376989 0.08252197 -0.216196 0.362304 0.113461 -0.280957 0.401878 0.07952797 -0.287911 0.367282 0.05607396 -0.294431 0.354091 0.03037399 -0.298125 0.349362 -0.05595695 -0.293996 0.348366 0.159122 -0.283565 0.464599 0.148642 -0.217717 0.449417 0.154631 -0.20533 0.444937 0.196299 -0.199897 0.498449 0.158872 -0.198158 0.430003 0.292112 -0.110796 0.398892 0.292112 0.110651 0.398892 0.302342 0.114563 0.401132 0.278638 0.1549839 0.39914 0.245702 0.208445 0.400385 0.23148 0.238 0.406607 0.248447 0.257776 0.438466 0.261172 0.269946 0.468333 0.1735939 0.279291 0.427017 0.071294 0.276466 0.372509 0.105477 0.265382 0.357326 0.131676 0.2497349 0.34289 0.059816 0.268425 0.335673 0.128432 0.243216 0.335673 0.187816 0.200839 0.335673 0.237968 0.147161 0.337913 0.242209 0.129341 0.336668 0.2442049 -0.123401 0.338908 0.240463 -0.141221 0.33841 0.218506 -0.177079 0.340899 0.211769 -0.1716459 0.334428 0.20603 -0.188379 0.33617 0.182826 -0.194899 0.334677 0.135668 -0.17208 0.347868 0.11945 -0.165778 0.353344 0.08501696 -0.181425 0.35434 0.06131297 -0.200332 0.351353 -0.005804955 -0.209024 0.350606 0.03236997 -0.213153 0.345131 0.05757099 -0.210111 0.347122 0.06680297 -0.218152 0.348117 0.08975797 -0.19642 0.357575 0.106475 -0.200114 0.372758 0.186069 -0.198158 0.343637 0.241461 -0.164691 0.398643 0.25693 -0.131659 0.398892 0.257928 0.08348697 0.398892 0.256681 0.1754119 0.398394 0.25194 0.17476 0.3969 0.252938 0.150203 0.396154 0.250942 -0.04016798 0.391425 0.252938 -0.123401 0.396154 0.242209 0.206706 0.396652 0.238966 0.156723 0.358322 0.23173 0.184974 0.370767 0.210272 0.238652 0.391674 0.1765879 0.258863 0.390927 0.119949 0.260384 0.363549 0.1523849 0.241043 0.355086 0.192806 0.206272 0.34289 0.239964 -0.154477 0.349113 0.20104 -0.194247 0.347122 0.23672 -0.159476 0.390678 0.248198 -0.136875 0.39242 0.248697 -0.131007 0.346873 0.250693 -0.002136945 0.354837 0.250194 0.129558 0.371762 0.249445 0.174326 0.392669 0.197048 0.207141 0.359317 0.150888 0.245172 0.362304 0.249445 0.136295 0.35434 0.248447 0.123473 0.345379 0.04958599 -0.204895 0.349362 0.47176 0.035025 0.682879 0.450052 -0.01908797 0.70528 0.450052 -0.01821899 0.649528 0.347503 0.287766 0.529312 0.08875995 0.346008 0.309041 0.02812796 0.356222 0.309041 -0.03350096 0.35557 0.309041 -0.09438198 0.344486 0.309041 -0.2405959 0.432066 0.816535 -0.161001 0.432283 0.749832 -0.18221 0.432066 0.758294 -0.14129 0.432066 0.775219 -0.2206349 0.432283 0.841674 -0.190943 0.431631 0.741867 -0.190693 0.431631 0.849887 -0.266046 -0.07711195 0.368527 0.469514 -0.149914 0.990512 0.496212 -0.149914 0.961143 0.511183 -0.149914 0.924555 0.512929 -0.149914 0.88523 0.501202 -0.149914 0.847398 0.477 -0.149914 0.816038 0.443565 -0.149914 0.794633 0.404891 -0.149914 0.78617 0.365718 -0.149914 0.791397 0.330536 -0.149914 0.809566 0.303839 -0.149914 0.838687 0.288618 -0.149914 0.875274 0.286872 -0.149914 0.914848 0.298848 -0.149914 0.95268 0.323051 -0.149914 0.984041 0.356486 -0.149914 1.005197 0.39491 -0.149914 1.013908 0.434333 -0.149914 1.008681 0.008166968 -0.358105 0.458626 -0.09488099 -0.209459 0.377487 0.02488499 -0.363103 0.499196 0.01315796 -0.361582 0.516618 0.02313798 -0.362886 0.528814 0.01315796 -0.361582 0.528565 -0.205914 0.418375 0.724445 -0.231364 0.418592 0.734898 -0.250826 0.418592 0.754312 0.649911 -0.185771 0.879008 0.640679 -0.186423 0.832465 -0.152019 0.02155095 0.756801 -0.169734 0.02155095 0.745103 -0.190943 0.02155095 0.740872 -0.211902 0.02155095 0.745103 -0.229867 0.02155095 0.756801 -0.2296169 0.02155095 0.734151 -0.241594 0.02155095 0.774721 -0.245835 0.02155095 0.795877 -0.241594 0.02155095 0.816784 -0.229867 0.02155095 0.834705 -0.211902 0.02155095 0.846651 -0.190943 0.02155095 0.850883 -0.169734 0.02155095 0.846651 -0.152019 0.02155095 0.834705 -0.140042 0.02155095 0.816784 -0.135801 0.02155095 0.795877 -0.140042 0.02155095 0.774721 -0.249329 0.02155095 0.752072 -0.261056 0.02155095 0.776215 -0.142787 -0.292257 0.53429 -0.03998798 0.269077 0.278925 -0.109852 -0.01908797 0.442448 -0.07217496 0.08478999 0.442448 -0.03824198 0.1041319 0.442448 -3.16e-4 0.111086 0.442448 0.03760999 0.104349 0.442448 0.07104396 0.08500796 0.442697 0.095995 0.05566996 0.442448 0.109968 0.01915997 0.442448 0.038109 -0.103842 0.442946 -6.6e-5 -0.114925 0.442448 1.83e-4 -0.110144 0.445186 -0.03749299 -0.104059 0.442946 -0.071177 -0.08515298 0.442448 -0.09587895 -0.05559694 0.442697 -0.03874099 -0.1690379 0.442448 -0.126818 -0.201853 0.442448 -0.12607 -0.228583 0.442448 -0.137298 -0.221194 0.438217 -0.1365489 -0.191422 0.438217 -0.129313 -0.25314 0.434732 -0.114093 -0.276176 0.401878 -0.114343 -0.25879 0.442448 0.05008494 -0.233147 0.442448 0.04035395 -0.257921 0.442448 0.01290798 -0.281826 0.442448 0.02812796 -0.27096 0.442448 6.82e-4 -0.301167 0.438466 -6.6e-5 -0.08949899 0.461115 -0.03050696 -0.08406597 0.461115 -0.07067799 -0.08406597 0.461115 -0.05745398 -0.068636 0.461115 -0.09512996 -0.05494499 0.461115 -0.07741498 -0.04473096 0.461115 -0.108105 -0.01908797 0.461115 -0.088144 -0.01561099 0.461115 -0.088144 0.01546597 0.461115 -0.108105 0.01915997 0.461115 -0.07741498 0.04480397 0.461115 -0.09512996 0.05480098 0.461115 -0.05745398 0.06849199 0.461115 -0.07067799 0.08413898 0.461115 -0.03050696 0.08413898 0.461115 -6.6e-5 0.08957195 0.461115 -0.03749299 0.103263 0.461115 0.07054495 0.08413898 0.461115 0.03062295 0.08413898 0.461115 0.05757099 0.06849199 0.461115 0.09499698 0.05501794 0.461115 0.07753199 0.04480397 0.461115 0.108222 0.01915997 0.461115 0.088261 0.01546597 0.461115 0.088261 -0.01561099 0.461115 0.108222 -0.01908797 0.461115 0.07753199 -0.04473096 0.461115 0.09524697 -0.05494499 0.461115 0.05757099 -0.068636 0.461115 0.07054495 -0.08406597 0.461115 0.03062295 -0.08406597 0.461115 0.03760999 -0.10319 0.461115 -0.03749299 -0.10319 0.461115 -6.6e-5 0.109999 0.460866 0.03760999 0.103263 0.461115 -6.6e-5 -0.1099269 0.460866 -0.022273 0.306673 0.286392 0.03261995 0.305804 0.286392 0.08651399 0.295155 0.286392 0.13991 0.27451 0.286392 0.147145 0.275379 0.286392 0.151387 0.281464 0.286392 -0.078413 0.296676 0.286392 -0.108105 0.26234 0.286392 -0.133056 0.2497349 0.286392 0.488727 -0.254444 1.108239 -0.12108 -0.332027 0.497951 -0.117087 -0.332679 0.460617 -0.169734 0.418592 0.745103 -0.152019 0.418592 0.756801 -0.140042 0.418592 0.774721 -0.135801 0.418592 0.795877 -0.140042 0.418592 0.816784 -0.152019 0.418592 0.834705 -0.169734 0.418592 0.846651 -0.190943 0.418592 0.850883 -0.211902 0.418592 0.846651 -0.229867 0.418592 0.834705 -0.241594 0.418592 0.816784 -0.245835 0.418592 0.795877 -0.241594 0.418592 0.774721 -0.229867 0.418592 0.756801 -0.211902 0.418592 0.745103 -0.190943 0.418592 0.740872 0.195052 3.6e-5 0.151989 0.18557 0.06023395 0.151989 0.157874 0.114563 0.151989 0.200042 0.1282539 0.152238 0.114709 0.15781 0.151989 0.128682 0.1988829 0.15174 0.06031495 0.185409 0.151989 -6.6e-5 0.194971 0.151989 -0.06693595 0.226482 0.15174 -0.06019896 0.185409 0.151989 -0.178717 0.155636 0.151989 -0.114592 0.15781 0.151989 -0.1577579 0.114563 0.151989 -0.227871 0.06718796 0.152238 -0.185454 0.06023395 0.151989 -0.194935 3.6e-5 0.151989 -0.185454 -0.06016099 0.151989 -0.1577579 -0.114708 0.151989 -0.199925 -0.1281819 0.152238 -0.114592 -0.157737 0.151989 -0.128814 -0.19881 0.15174 -0.06019896 -0.185554 0.151989 -6.6e-5 -0.194899 0.151989 0.067052 -0.2266269 0.15174 0.06031495 -0.185554 0.151989 0.178584 -0.155781 0.151989 0.114709 -0.157737 0.151989 0.157874 -0.114708 0.151989 0.227738 -0.067115 0.152238 0.18557 -0.06016099 0.151989 0.155629 0.179541 0.15398 0.09873998 0.216051 0.15398 0.033867 0.235175 0.153233 -0.03375095 0.235175 0.15398 -0.09862399 0.216051 0.15398 -0.155512 0.179541 0.15398 -0.199676 0.128472 0.15398 -0.155512 -0.179469 0.15398 -0.09862399 -0.215979 0.15398 -0.03399997 -0.235103 0.153233 0.033867 -0.235103 0.15398 0.09873998 -0.215979 0.15398 0.155629 -0.179469 0.15398 0.199792 -0.128399 0.15398 0.325047 0.14803 0.309041 -0.2206349 0.440107 0.79737 -0.161001 0.440107 0.794135 -0.175473 0.436195 0.761032 -0.190943 0.02089899 0.86731 -0.21814 0.02089899 0.861834 -0.241344 0.02089899 0.846403 -0.257063 0.02089899 0.823255 -0.262303 0.02089899 0.795877 -0.257063 0.02089899 0.768499 -0.241344 0.02089899 0.745352 -0.21814 0.02089899 0.729671 -0.190943 0.02089899 0.724196 -0.163497 0.02089899 0.729671 -0.140292 0.02089899 0.745352 -0.124822 0.02089899 0.768499 -0.119333 0.02089899 0.795877 -0.124822 0.02089899 0.823255 -0.140292 0.02089899 0.846403 -0.163497 0.02089899 0.861834 0.520165 -0.250098 1.105501 0.534387 -0.250315 1.108488 0.641178 -0.27096 0.912359 -6.6e-5 0.274944 0.264987 0.071294 0.2656 0.264987 -6.6e-5 0.309933 0.327708 0.001430988 0.306456 0.327708 0.490473 0.401206 0.775219 0.524906 0.400989 0.809069 0.546863 0.400989 0.852127 0.554348 0.400989 0.899915 0.547112 0.400989 0.947702 0.524906 0.400989 0.990761 0.490723 0.400989 1.024611 0.447807 0.400989 1.046762 0.40015 0.400989 1.054478 0.352493 0.400989 1.046762 0.309328 0.400989 1.025108 0.275394 0.401206 0.990761 0.253188 0.400989 0.947951 0.245702 0.400989 0.900164 0.253437 0.401206 0.852625 0.274895 0.400989 0.809317 0.309078 0.400989 0.775219 0.352244 0.400989 0.753316 0.399901 0.400989 0.745601 0.447557 0.400989 0.753067 0.642426 -0.270091 0.950191 0.647167 -0.270743 0.923062 0.573062 0.400989 0.790153 0.5279 0.400989 0.739876 0.469015 0.400989 0.707022 0.59926 0.400989 0.852127 0.604001 0.400989 0.919577 0.586535 0.400989 0.984788 0.549109 0.400989 1.040789 0.495214 0.400989 1.081607 0.43109 0.400989 1.102514 0.363472 0.400989 1.101768 0.300096 0.400989 1.078869 0.226989 0.401206 1.010424 -0.06468999 0.162591 0.39914 -0.115091 0.182584 0.398892 -0.190943 0.008293986 0.849887 -0.161001 0.007859945 0.841674 0.09524697 0.05501794 0.455888 0.108222 0.01915997 0.455888 0.108222 -0.01908797 0.455888 0.09524697 -0.05516296 0.455888 0.07054495 -0.08428299 0.455888 0.03760999 -0.103407 0.455888 -6.6e-5 -0.1099269 0.455888 -0.03774297 -0.103407 0.455888 -0.07067799 -0.08428299 0.455888 -0.09538 -0.05494499 0.455888 -0.108355 -0.01908797 0.455888 -0.108355 0.01915997 0.455888 -0.09538 0.05501794 0.455888 -0.07067799 0.084356 0.455888 -0.03774297 0.103263 0.455888 -6.6e-5 0.109999 0.455888 0.03760999 0.10348 0.455888 0.07079499 0.084356 0.455888 0.08975797 6.88e-4 0.482022 0.07653397 0.04415196 0.482022 0.076783 -0.044514 0.482022 -0.083902 -0.03038799 0.482022 -0.03025698 0.08348697 0.482022 0.05707198 0.068057 0.482022 -6.6e-5 0.08891999 0.482022 0.03037399 0.08348697 0.482022 0.05707198 -0.06798499 0.482022 -0.05695497 -0.06798499 0.482022 0.03037399 -0.08341395 0.482022 -0.03025698 -0.08341395 0.482022 -6.6e-5 -0.08884698 0.482022 0.218755 0.140641 0.264987 0.17035 0.196492 0.264987 0.107972 0.236479 0.264987 0.03711098 0.257342 0.264987 -0.03699398 0.257342 0.264987 -0.108105 0.236479 0.264987 -0.170233 0.196492 0.264987 -0.218639 0.140641 0.264987 -0.2495779 0.073273 0.264987 -0.260058 3.6e-5 0.264987 -0.2495779 -0.07319998 0.264987 -0.218639 -0.140569 0.264987 -0.170233 -0.19642 0.264987 -0.108105 -0.236407 0.264987 -0.03699398 -0.257269 0.264987 0.03711098 -0.257269 0.264987 0.107972 -0.236407 0.264987 0.17035 -0.19642 0.264987 0.218755 -0.140569 0.264987 0.249445 -0.07319998 0.264987 0.259925 3.6e-5 0.264987 0.249445 0.073273 0.264987 0.529647 -0.246838 1.094799 -0.241344 0.425112 0.745601 -0.256814 0.425112 0.768748 -0.262054 0.425112 0.795877 -0.256814 0.425112 0.823007 -0.229118 0.424894 0.833958 -0.241095 0.425112 0.846154 -0.201422 0.425112 0.849389 -0.21814 0.425112 0.861585 -0.140542 0.425112 0.846154 -0.163497 0.425112 0.861585 -0.190693 0.424677 0.86731 -0.125072 0.425112 0.823007 -0.119583 0.425112 0.795628 -0.125072 0.425112 0.768499 -0.152768 0.424894 0.757547 -0.140542 0.425112 0.745352 -0.180463 0.425112 0.742365 -0.1637459 0.425112 0.72992 -0.21814 0.425112 0.72992 -0.190943 0.424677 0.724445 -0.2405959 0.007859945 0.775219 -0.2206349 0.007859945 0.749832 -0.190693 0.008293986 0.741867 0.634441 -0.274437 0.928786 0.03561395 -0.294213 0.528565 0.02937597 -0.293127 0.512885 0.03012394 -0.293127 0.528565 -6.6e-5 0.194971 0.1495 0.06031495 0.185409 0.1495 -0.06019896 0.185409 0.1495 0.114709 0.15781 0.1495 -0.114592 0.15781 0.1495 0.157874 0.114563 0.1495 -0.1577579 0.114563 0.1495 0.18557 0.06023395 0.1495 -0.185454 0.06023395 0.1495 0.195052 3.6e-5 0.1495 -0.194935 3.6e-5 0.1495 0.18557 -0.06016099 0.1495 -0.185454 -0.06016099 0.1495 0.157874 -0.114708 0.1495 -0.1577579 -0.114708 0.1495 0.114709 -0.157737 0.1495 -0.114592 -0.157737 0.1495 0.06031495 -0.185554 0.1495 -0.06019896 -0.185554 0.1495 -6.6e-5 -0.194899 0.1495 -0.230116 0.380996 0.857354 -0.250576 0.380996 0.837691 -0.232861 0.380996 0.735894 -0.262054 0.380996 0.811557 -0.252572 0.380996 0.756552 -0.262802 0.380996 0.783184 -0.268042 0.397295 0.82002 -0.258311 0.393818 0.825744 -0.250576 0.397077 0.848891 -0.2386 0.393818 0.851629 -0.221383 0.397512 0.864074 -0.21814 0.419027 0.861834 -0.241344 0.419027 0.846403 -0.257063 0.419027 0.823255 -0.262303 0.419027 0.795877 -0.257063 0.419027 0.768499 -0.241344 0.419027 0.745352 -0.21814 0.419027 0.729671 -0.190943 0.419027 0.724196 -0.163497 0.419027 0.729671 -0.140292 0.419027 0.745352 -0.124822 0.419027 0.768499 -0.119333 0.419027 0.795877 -0.124822 0.419027 0.823255 -0.140292 0.419027 0.846403 -0.163497 0.419027 0.861834 -0.190943 0.419027 0.86731 -0.107107 0.136947 0.431994 -0.132807 -0.242057 0.390429 -0.138795 -0.204461 0.390927 -0.123076 -0.122966 0.384456 -0.08689695 -0.01517599 0.474057 -0.07641696 -0.04386198 0.474057 -0.04422998 -0.07798099 0.473311 -6.6e-5 -0.087978 0.473311 0.03012394 -0.08254498 0.473062 0.05657297 -0.06733298 0.473311 0.07603496 -0.04386198 0.473311 0.08676397 -0.01539295 0.474306 0.08676397 0.01524895 0.474057 0.07628399 0.043935 0.474057 0.04434698 0.07783597 0.473311 -6.6e-5 0.08805 0.473311 -0.03000795 0.08261698 0.473062 -0.05670595 0.06740498 0.473311 -0.214896 0.008076965 0.765761 -0.225625 0.008076965 0.779201 -0.229368 0.008076965 0.795877 -0.225625 0.008076965 0.812553 -0.214896 0.008076965 0.825993 -0.1994259 0.008076965 0.83346 -0.18221 0.008076965 0.83346 -0.16699 0.008076965 0.825993 -0.156261 0.008076965 0.812553 -0.152269 0.008076965 0.795877 -0.156261 0.008076965 0.779201 -0.16699 0.008076965 0.765761 -0.18221 0.008076965 0.758294 -0.1994259 0.008076965 0.758294 0.354654 0.04265898 0.308971 0.35552 0.04187595 0.334 0.359208 0.03463 0.309003 0.359572 0.03335696 0.334 0.367904 0.02895098 0.334 0.265322 0.23888 0.309003 0.298378 0.195993 0.334 0.298469 0.195896 0.309003 0.324604 0.148603 0.334 0.324923 0.148015 0.309009 0.343363 0.09778499 0.334 0.343408 0.097687 0.309003 0.265322 0.23888 0.334 0.368177 0.02865797 0.309003 0.408518 0.02101999 0.334 0.408518 0.02101999 0.309003 0.425 0.007507979 0.309003 0.425 0.007507979 0.334 0.425 -0.007472991 0.334 0.320233 -0.02235597 0.334 0.408518 -0.02098494 0.334 0.318229 0.04187595 0.334 0.23855 0.214793 0.334 0.276569 0.162898 0.334 0.303523 0.104541 0.334 0.341223 -0.104898 0.334 0.35552 -0.04184097 0.334 0.309351 -0.08580499 0.334 0.359572 -0.03332197 0.334 0.367904 -0.028916 0.334 0.318093 -0.16208 0.334 0.285993 -0.145728 0.334 0.32301 0.149582 0.309003 0.263182 0.183754 0.309003 0.316317 0.149974 0.309003 0.283808 0.149974 0.309003 0.23855 0.214793 0.309003 0.425 -0.007472991 0.309003 0.285993 -0.145728 0.309003 0.308531 -0.08864396 0.309003 0.319732 -0.02832895 0.309003 0.319277 0.03306394 0.309003 0.307165 0.09328097 0.309003 0.294371 -0.150037 0.309003 0.318093 -0.16208 0.309003 0.321462 -0.1552259 0.309003 0.324695 -0.1483719 0.309003 0.359208 -0.03459495 0.309003 0.354654 -0.04262399 0.30899 0.343408 -0.09765195 0.309003 0.408518 -0.02098494 0.309003 0.368177 -0.02862197 0.309003 0.3221 -0.149743 0.309072 0.316317 -0.150037 0.309003 0.39413 -0.006297945 0.30899 0.400277 -0.00140196 0.30817 0.393037 0.006038963 0.308952 0.35725 -3.1e-5 0.309003 0.388029 -0.002186 0.308977 0.396289 0.005409955 0.30559 0.39281 -0.002349972 0.305959 0.391221 -0.005908966 0.305389 0.389011 0.004739999 0.305421 0.39413 -0.006339967 0.30899 0.38861 -0.002228975 0.2903 0.39596 0.001729965 0.291172 0.38804 -0.002159953 0.308981 0.393031 0.006009995 0.308949</float_array>
          <technique_common>
            <accessor source="#mh00400-j00_lk1_1-mesh-positions-array" count="4660" stride="3">
              <param name="X" type="float"/>
              <param name="Y" type="float"/>
              <param name="Z" type="float"/>
            </accessor>
          </technique_common>
        </source>
        <source id="mh00400-j00_lk1_1-mesh-normals">
          <float_array id="mh00400-j00_lk1_1-mesh-normals-array" count="38436">0.966983 -0.137825 -0.2143553 0.9620794 -0.1528037 -0.2259522 0.9692432 -0.08211672 -0.2320011 0.9974364 -0.07155191 -0.001022875 0.9997527 -0.01338994 -0.01775562 0.9856722 -0.03852915 -0.1642128 0.9414216 -0.0767939 -0.3283718 0.9520196 -0.09612238 0.2905499 0.8504517 -0.1237283 0.5112956 0.9983154 -0.04249441 -0.03950649 0.6413999 -0.6437732 -0.4173276 0.1746536 -0.9466295 0.2709037 0.5859152 0.6874105 0.4291507 -0.9994717 0.03182929 0.006576895 -0.9898406 0.1421664 0.002066135 -0.9863245 0.1648132 -8.73256e-4 -0.981734 -0.03310811 0.1873563 -0.8063206 -0.5047178 0.3083944 -0.8436552 -0.5368854 -1.78763e-4 -0.8280925 -0.5605916 -5.92579e-5 -0.8132635 -0.5690037 0.1218087 -0.7587676 -0.5060138 0.410149 -0.8063034 -0.5046941 0.3084783 -0.6377012 -0.4326711 0.6372857 -0.3105195 -0.4521619 0.8361384 -0.8723869 -0.3656453 0.3244144 -0.8132461 -0.5690641 0.1216426 -0.7957168 -0.6056689 1.27963e-4 -0.7957832 -0.6055818 1.23415e-4 -0.7356843 -0.5663243 -0.3715447 -0.5060328 0.3115533 -0.8042794 0.9473142 -0.3199836 0.01437473 0.8011607 -0.5944347 0.06920284 0.6159912 -0.7876918 0.009825766 -0.8934478 0.3293524 -0.3054146 -0.8934478 0.3293524 -0.3054146 -0.8934478 0.3293524 -0.3054146 0.4566575 -0.1467636 -0.8774533 0.5810554 -0.1996948 -0.7889847 0.5621898 -0.2037798 -0.801509 -0.002818763 0.9999139 -0.01282346 -0.00563836 0.9996552 -0.02564966 -0.1253429 0.9810934 -0.1474624 0.9295544 -0.3682891 -0.01708477 0.9150308 -0.3918035 -0.09596318 0.9213336 -0.3769513 -0.09514236 -0.9118577 -0.1413736 -0.385395 0.5995915 -0.1954813 -0.7760652 0.7467409 -0.2723169 -0.6068127 0.4566752 -0.1467691 -0.8774433 0.5373892 -0.8339811 0.125253 0.5319296 -0.8467882 -7.65688e-4 0.5614522 -0.8275092 -2.56472e-4 0.5750226 -0.8127162 0.0940296 0.6066446 -0.7949733 2.04027e-4 0.5750759 -0.8126797 0.09401893 0.6066582 -0.7949628 2.04413e-4 0.3606716 -0.9227697 0.1356916 -0.2276741 0.9321222 -0.281625 -0.7759752 0.4184505 0.4719765 0.7810315 0.6244707 -0.005126893 0.796151 0.6046811 -0.02246224 0.7739796 -0.5684937 0.2788742 0.9290179 0.1465028 -0.339798 -0.9394508 0.3380109 0.05640131 0.8926328 -0.3519774 -0.2816361 0.9244071 -0.369457 -0.09472674 0.9295563 -0.368283 -0.01711362 -0.635288 -0.06241834 0.7697488 -0.6352881 -0.0624184 0.7697488 -0.6352881 -0.06241828 0.7697488 0.9300661 -0.2640123 0.2554888 0.8901165 -0.2252926 0.3961516 0.8101531 -0.046763 0.5843504 0.2600662 -0.7630122 -0.5917584 0.5245977 -0.5580542 -0.6429408 0.5245921 -0.5580479 -0.6429508 -0.9375821 0.1934186 0.289014 -0.9863792 0.15731 -0.0480594 -0.8558823 0.1639228 0.4905048 0.9213367 -0.3769481 -0.09512633 0.8969232 -0.4383695 -0.05797505 0.9244057 -0.369466 -0.09470504 -0.2709031 0.07261133 -0.9598641 0.05071038 -0.03330457 -0.9981579 -0.468994 0.09608918 -0.8779587 0.00391072 0.9991446 -0.04116857 0.08442676 0.9925799 -0.087507 0.007823288 0.9996495 -0.02529251 0.4822845 0.8751636 -0.03860741 0.7229257 0.6906983 0.01772797 0.9551377 -0.01737642 -0.2956519 0.9926838 -0.04856914 -0.1105443 0.9915177 -0.05473184 -0.1178864 0.6108138 0.06429642 -0.7891594 0.6653396 0.2900761 -0.6878802 0.7799998 0.08657991 -0.6197615 0.8439512 0.05829936 -0.5332425 0.7984347 0.2235572 -0.5590386 0.7578861 0.2744289 -0.5918595 0.8440152 0.05825001 -0.5331467 0.9199824 0.229042 -0.3180759 0.9508773 0.04830574 -0.3057761 0.665333 0.2902067 -0.6878314 0.5791757 0.603193 -0.5483737 0.7578662 0.2745547 -0.5918266 0.9973461 0.001823365 -0.07278329 0.9980039 0.01328039 -0.06174165 0.9950379 0.04674875 -0.08783096 0.9774917 0.03024309 -0.2087952 0.9550818 -0.01732856 -0.2958353 0.887718 0.05553764 -0.4570257 -0.03520953 -0.006662726 0.9993578 -0.2143067 -0.0035187 0.9767601 -0.03610432 -0.01678508 0.999207 0.5450066 -0.8352448 -0.07303386 0.3070303 -0.9083508 -0.2839567 0.2791107 -0.02464914 0.9599426 -0.05827343 -0.01248174 0.9982227 0.4741289 -0.07075691 0.8776077 -0.7771423 0.5708138 -0.2649933 0.234194 -0.9717549 -0.02908253 -0.09231185 0.9392691 0.3305334 -0.5600997 0.8256396 0.06788033 -0.5582973 0.829641 -2.77419e-4 -0.5751218 0.8180679 -9.22068e-5 -0.7058894 0.706261 0.05399745 -0.5751199 0.8180692 -9.0582e-5 -0.580997 0.8123125 0.05090314 -0.6000741 0.7999445 -1.16433e-4 -0.5810077 0.8123035 0.05092251 -0.6000259 0.7999807 -1.18708e-4 -0.3721337 0.925163 0.07476693 0.9570454 0.1229167 0.2625939 -0.03806334 -0.003804981 -0.9992681 -0.1138076 2.34693e-7 -0.9935029 0.006338179 0.01444292 -0.9998756 0.02680778 -0.1557917 -0.9874261 0.3215979 0.00102806 -0.9468758 0.02694773 -0.1558171 -0.9874183 0.3215289 0.001072883 -0.9468992 0.3425542 0.01253896 -0.9394145 0.5589598 0.7969326 -0.2290469 0.5246825 -0.5579248 -0.6429839 0.9081763 -0.3106458 -0.2805621 0.8849068 -0.2155595 -0.4128853 0.4595215 0.8256549 -0.3273137 0.9905359 -0.1286836 -0.04774188 0.9862296 -0.1634938 -0.02491891 -0.1126513 0.9927631 0.04160845 0.9722343 0.2339661 0.004511773 0.989668 -0.1433787 1.83971e-4 0.9885795 -0.1506988 8.49231e-4 0.9626501 -0.2688715 0.0318287 0.8855406 -0.4530168 0.1029263 0.7017626 -0.7120014 0.02415603 -0.2101497 -0.9769204 0.03825944 -0.1387849 -0.9903181 0.002992212 -0.4753116 -0.8749195 0.09270948 -0.9744436 0.2168252 -0.05870783 -0.9871419 0.1579784 -0.02437126 -0.9871863 0.1587308 -0.01637047 -1 0 0 -0.9997484 -0.01955127 -0.01100003 -0.9728029 0.005020081 0.23158 -0.9973384 0.002293944 0.07287651 -0.9976031 -0.01801115 0.06681156 -0.9976118 -0.01801949 0.06667864 -0.9871824 0.1587548 -0.01636821 -0.9997479 -0.01957261 -0.01101398 -0.9980031 -0.06045067 -0.0183174 -0.7554739 0.5929515 -0.2786894 -0.9722205 0.2098996 -0.1035833 -0.7554739 0.5929517 -0.2786893 0.1298593 0.990723 0.04005783 0.1362084 0.9906751 0.003184854 0.5104274 0.8540939 0.09993851 -0.1126608 -0.9927627 -0.04159277 0.9536809 0.2327853 -0.1905351 0.659602 -0.43634 -0.6119908 -0.7056971 0.7077661 -0.0325402 -0.8701067 0.4925299 0.01813465 -0.4974865 0.8674348 0.008002817 0.9513289 -0.3081201 0.005955219 0.9972764 0.05739253 0.04632651 0.8480858 -0.5293673 0.02282392 0.1786729 0.3396746 0.9234161 0.5780823 -0.4391008 0.6877582 -0.7309929 -0.6811429 0.04115629 -0.8658161 -0.5000931 0.01641565 -0.5414629 -0.8406094 -0.01392662 -0.9997271 0.02336001 0 -0.9999083 0.004087388 -0.01291698 -0.7379305 -5.12609e-4 -0.6748766 -0.720069 0.1734932 -0.6718637 -0.7002861 0.1970023 -0.6861411 -0.6973664 -2.67021e-4 -0.7167148 -0.6286361 0.3510315 -0.6939696 -0.66737 -8.03056e-4 -0.744726 -0.4468666 0.5617648 -0.6962259 -0.6285957 0.3511826 -0.6939295 -0.2887528 0.849544 -0.4414713 -0.2552371 0.9190622 -0.3002977 -0.01443302 0.1618558 -0.9867089 -0.4467703 0.5617968 -0.696262 -0.258592 0.2969328 -0.9192177 -0.5166745 0.296407 -0.8032376 -0.06259948 0.3669012 -0.9281514 -0.690303 -0.2078941 -0.6930094 0.2290475 -0.961542 0.151573 0.2290475 -0.9615419 0.1515728 0.2290475 -0.961542 0.151573 0 0 -1 -0.05473285 -0.3636687 -0.929919 0.7422873 -2.00967e-4 -0.6700818 0.7446271 -3.98921e-4 -0.6674805 0.7182214 -1.33818e-4 -0.6958146 0.6956962 -2.38527e-4 -0.7183361 0.6725685 -3.58412e-4 -0.7400348 0.6776496 -7.17398e-4 -0.7353847 0.934804 -0.355163 8.19797e-4 0.9371339 -0.3489213 0.005844116 0.7576313 -0.6526758 0.003034412 0.2450394 0.9690023 -0.03147083 0.02448952 0.9996882 -0.004894316 0.4677191 0.8836899 0.018193 -0.2479207 0.967606 0.04768675 0.02430737 0.9996923 -0.004965186 -0.497375 0.8674994 0.007933855 -0.6945201 0.3410362 0.6335111 -0.7446161 -0.001156985 0.6674921 -0.7152056 -3.84472e-4 0.6989141 -0.7151736 -3.82428e-4 0.6989468 -0.6869258 0.1877667 0.7020517 -0.591181 0.2825363 0.7554324 -0.6944569 0.3411927 0.633496 -0.6869055 0.1879445 0.7020241 -0.7044025 0.5490068 0.4498986 -0.6944726 0.3411306 0.6335123 -0.6031004 0.6966757 0.3884751 -0.1422162 0.9800311 0.1389729 -0.6750181 0.1690501 0.7181731 -0.676198 -6.1225e-4 0.7367197 -0.8090126 0.2894949 0.5115579 -0.7044084 0.5490737 0.4498076 -0.9229639 0.2896786 0.2534247 -0.987872 0.1194463 0.09920507 0.7732548 -0.3602555 0.521817 0.754935 -0.1909767 0.6273764 0.9548856 -0.1939058 0.2249314 0.9197145 -0.1967071 0.3397523 0.9308173 -0.3223474 0.1722542 0.9822933 -0.1872872 0.004833519 0.9348762 -0.354973 8.03919e-4 0.9822922 -0.1872928 0.004835903 0.9348624 -0.3550094 7.88717e-4 0.9797834 -0.2000609 5.17173e-4 -0.7893393 0.4246563 0.4434078 -0.9038892 -0.1199163 -0.410615 0.2605404 -0.9278903 -0.266718 0.7495633 -0.6591244 0.06091028 0.4544112 -0.8906487 -0.0159797 0.8851174 -0.4612656 0.06165462 -0.3317404 -0.8801172 0.3396205 -0.6725331 3.55977e-4 -0.740067 -0.6776496 7.17591e-4 -0.7353846 -0.6926076 2.37889e-4 -0.7213146 -0.7151569 3.85679e-4 -0.6989639 -0.7379034 5.75718e-4 -0.6749061 -0.7446855 0.001157283 -0.6674147 0.1240093 0.9043495 -0.4083794 0.6059749 0.7057112 0.3671052 -0.956125 -0.2929506 -0.002276837 -0.8726076 -0.4879084 0.02239608 -0.9963883 -0.07309335 0.04321783 0.7271299 0.05417233 0.6843591 0.72736 0.05413562 0.6841176 -0.9999318 -0.01168328 0 -0.9992409 0.003445327 -0.03880488 -0.0975033 0.995229 0.003543376 0.1075349 0.9933598 -0.04089796 0.1523042 0.9883116 -0.006617426 0.07972121 0.9966772 0.01671034 0.09377652 0.9951052 0.03117531 0.07117223 0.9955304 0.06208062 -0.04425925 0.9987673 0.02247422 -0.1970724 0.9769285 0.0823 -0.09766924 0.9952126 0.003556013 -0.4642168 0.8789134 0.1096084 -0.2222352 0.9719099 0.07747703 0.9891562 0.1456258 0.01905888 0.9962353 -0.06620848 -0.05596292 0.9963371 -0.06106477 -0.05986392 0.960478 0.2678636 0.07570523 0.9891302 0.1457899 0.01915258 0.9265248 0.371208 0.06128972 0.9894391 0.1075982 0.09712445 0.9966379 0.05359262 0.06197512 0.9944818 -0.09957516 0.03303074 0.9924241 -0.1228594 0 -0.003912508 -0.9991469 -0.04111182 -0.07976591 -0.9931061 -0.0858944 -0.007821738 -0.9996497 -0.02528524 -0.02050817 0.04678231 0.9986945 0 0 1 -0.03526818 0.04196101 0.9984966 -0.02050673 0.04677659 0.9986949 -0.03529089 0.04196971 0.9984955 -0.04968917 0.04266661 0.997853 -0.05393922 0.01733326 0.9983938 -0.04318636 0.002391636 0.9990642 -0.03620421 0.8841304 -0.4658356 -0.3069227 0.9081581 -0.2846884 -0.114234 -0.9745961 -0.192648 -0.3457036 -0.8681772 -0.3560301 -0.5449982 0.8352497 -0.07304161 -0.3070665 0.9081377 -0.2845984 0.988578 -0.1507077 8.50322e-4 0.9792137 0.2027785 0.004643023 0.9953442 0.09638476 3.94303e-5 0.8063812 -0.02089703 0.5910269 0.8587981 -0.001353263 0.5123125 0.5465164 -0.00424993 0.8374376 0.9955646 -0.09302371 -0.0140627 0.8793767 -0.03551387 0.4748005 0.935891 -0.05102276 0.3485752 0.9358348 -0.05100417 0.3487289 0.8064017 -0.02090734 0.5909985 0.7382878 -0.003466784 0.6744771 0.9475618 -0.02256667 0.318775 0.9927787 0.05175894 0.1082202 0.9921507 0.05497723 0.1123147 0.9250045 -0.01638299 0.379603 0.9475211 -0.02265083 0.31889 0.8581715 -0.0551753 0.5103895 0.9519917 -0.09608 0.2906553 0.9712576 -0.07072287 0.2272816 0.996397 -0.04364305 0.07272142 0.998116 -0.02105736 0.05762892 0.6586399 -0.2123008 -0.7218878 0.66737 8.02795e-4 -0.7447259 0.6974048 2.66417e-4 -0.7166774 0.7003276 -0.1968077 -0.6861544 0.62603 -0.3581448 -0.6926896 0.7003006 -0.1969149 -0.6861513 0.4428172 -0.5681703 -0.6936104 0.4957906 -0.6698833 -0.5526737 0.2207028 -0.9145065 -0.3390697 0.1201823 -0.9823588 -0.143274 0.7200686 -0.1734972 -0.6718631 0.7379379 5.12897e-4 -0.6748685 0.0144304 -0.1618856 -0.9867041 0.4427392 -0.5682621 -0.6935851 0.2585932 -0.296915 -0.9192231 0.5166878 -0.2964138 -0.8032264 -0.00165981 -0.9997994 0.01996135 -0.002935349 -0.999668 0.02559888 -0.09141248 -0.9892883 0.1138086 0.003061354 -0.9997866 -0.02043002 0.005246162 -0.9999794 0.003689348 -0.08248054 -0.9921037 0.09448409 1.95696e-4 -0.9999405 0.01091933 -1.85781e-4 -0.9999736 0.007264554 -0.2771087 -0.9608386 -2.65638e-4 -0.007400989 -0.9997596 0.02064061 -0.001691579 -0.999988 -0.004608094 0.03263849 -0.9951979 -0.09228223 0.003005683 -0.9999713 0.006947398 0.002407133 -0.9998614 0.01647472 0.004395246 -0.9999135 -0.01239931 0 -1 0 -0.01593399 -0.9998126 0.01099377 0 -1 -9.27739e-6 -0.01596891 -0.9998119 0.01101672 -0.01768022 -0.9998227 0.006489098 0.003035902 -0.9999712 0.006960272 0.08650422 -0.991795 -0.09412568 0.04262399 -0.9990541 -0.008619666 0.120131 -0.9823758 -0.143201 0.002822995 -0.9999139 -0.01282221 0.005639016 -0.9996562 -0.02560663 -0.04566341 -0.9987298 0.02130264 0.03619462 -0.8847102 -0.4647343 0.3068672 -0.9083724 -0.2840636 -0.9493976 0.02169692 0.3133267 -0.9941228 -0.05204921 0.0949251 -0.9932495 -0.05682855 0.1011239 -0.9261935 0.01535177 0.3767362 -0.9493324 0.02178955 0.3135176 -0.8593676 0.05440706 0.5084557 -0.9519912 0.09607863 0.2906574 -0.9712493 0.07072579 0.2273167 -0.9963981 0.04363095 0.07271289 -0.998116 0.02105885 0.05762845 -0.7379351 5.11705e-4 0.6748716 -0.7200662 -0.173493 0.6718667 -0.7003164 -0.1968024 0.6861675 -0.6973994 2.67081e-4 0.7166828 -0.6586356 -0.2122985 0.7218924 -0.6674317 8.02302e-4 0.7446706 0.1152249 0.9743081 -0.1935122 0.02548521 0.9926816 -0.1180418 0.1331177 0.7378059 -0.6617568 0.5929409 0.02040165 0.8049876 0.5094256 0.004248797 0.8605043 0.8345341 0.006003439 0.5509238 0.007947683 0.08620923 0.9962454 0.4746544 0.03475236 0.879486 0.3529385 0.04808139 0.9344103 0.3531078 0.04800367 0.9343503 0.5928829 0.02041858 0.8050299 0.6668038 0.006046772 0.7452088 -0.02113121 0.08886033 -0.9958199 0.2689274 0.01205015 0.9630851 0.0649628 -0.02496689 0.9975753 0.02342742 0.006715655 0.999703 0.3926396 0.07895839 0.9162968 0.2691383 0.01046365 0.9630448 0.5753168 0.09660375 0.8122059 0.3564853 0.06508934 0.9320309 0.2156226 0.01459693 0.9763677 0.1015801 0.05877202 0.9930899 0.07898151 0.03041493 0.996412 0.08779221 0.02142018 0.9959086 -0.743629 0.5944622 0.3059912 0.2560012 0.9663824 0.02384233 0.4712655 0.8819896 0.001798808 0.00622642 0.9993551 -0.0353648 0.0740447 0.7128657 -0.6973808 0.1570521 0.9041568 -0.3972847 0.6554299 0.675044 0.3387142 0.9727894 -0.2316854 -0.001694262 0.9998416 -0.01062875 0.01427948 0.8851751 -0.4611452 0.06172782 -0.9997006 0.009177029 -0.02268701 -0.9987061 0.03174078 -0.03973215 -0.9854724 0.03522253 -0.1661435 -0.9696185 0.08122742 -0.2307425 -0.9431485 0.07591843 -0.3235853 -0.967848 0.1373805 -0.2107058 -0.9520248 0.09613639 0.2905285 -0.8504404 0.1237456 0.5113103 -0.9629452 0.1525583 -0.2224017 -0.9975916 0.06933265 -0.002006709 0.8622959 -0.4017232 -0.3083254 0.4984967 -0.1996973 -0.843577 0.9112314 -0.3677026 -0.185613 0.9559612 -0.2791184 0.09072571 0.9425584 -0.3160103 0.1082642 0.8994838 -0.4210733 -0.1167312 0.8969389 -0.4383386 -0.05796504 0.8994044 -0.4212275 -0.1167875 0.89687 -0.438475 -0.05799913 0.7943093 -0.6036506 -0.06840151 -0.3742005 -0.6827667 -0.6275377 -0.1731352 -0.7681714 -0.6163903 -0.1292613 -0.7138592 -0.6882562 -0.7872162 -0.4846129 -0.3813676 -0.5143493 -0.6708566 -0.5342251 -0.08394342 -0.6521223 -0.7534521 0.1031223 -0.4353123 -0.8943541 -0.1292083 -0.713774 -0.6883544 0.1313837 -0.03445017 -0.9907329 0.1308419 0.003278672 -0.9913979 -0.03714323 0.01818656 -0.9991446 0.2242267 -0.1017794 -0.9692076 -0.1137437 -4.73335e-5 -0.9935102 0.06091898 -0.01814943 -0.9979777 0.04825395 -0.01775258 -0.9986774 0.4984063 -0.1997019 -0.8436293 0.2244026 -0.1018415 -0.9691603 0.4984019 -0.1996836 -0.8436363 0.6103929 -0.2423968 -0.7540985 0.9976612 0.03763645 0.05705815 0.996091 -0.07482898 0.04693973 0.9936617 0.0242871 -0.1097572 0.908242 -0.3106253 -0.2803723 0.9833183 -0.1715158 0.06056022 0.9880622 -0.1237994 -0.09168988 0.9924419 -0.007356047 -0.1224954 0.9738583 -0.1017547 -0.2030913 0.9924429 -0.007326543 -0.1224887 0.9936695 0.02389562 -0.1097734 0.00225836 0.005458116 -0.9999827 0.001893639 0.01095873 -0.9999383 0.001120746 0.0074476 -0.9999716 0.002260625 0.005435645 -0.9999827 0.001122713 0.007409214 -0.999972 4.98833e-4 0.003750503 -0.9999929 4.83168e-4 0.003783404 -0.9999927 0.001120805 0.00743103 -0.9999718 -5.83123e-4 0.005698323 -0.9999836 4.8224e-4 0.003756284 -0.9999929 -5.80695e-4 0.005674958 -0.9999837 -0.034931 0.9993881 0.001855909 -0.1406863 0.9898433 -0.02043396 -0.03521341 0.9993788 0.00153321 0.008368551 0.9999632 -0.001933157 9.91075e-4 0.9998476 0.01743406 -4.02758e-5 0.9998856 0.01512575 0.02314513 0.9949207 0.09796589 0.0140962 0.9994695 0.02936166 0.01203924 0.9975467 0.06896173 0.03235113 0.9993761 -0.01417845 -0.4613116 -0.6492151 -0.6047407 -0.4351756 -0.7703076 -0.4660993 -0.2809838 -0.7231991 -0.6308972 -0.7602717 -0.4316775 -0.4854291 -0.4613921 -0.6491343 -0.604766 -0.4689118 -0.5748189 -0.6706004 -0.4687281 -0.5748393 -0.6707114 -0.2151629 -0.3506078 -0.9114708 -0.2808728 -0.723164 -0.6309869 0.03047859 0.9993662 0.01839435 0.02882182 0.9994171 0.0183025 0.005224227 0.9993413 0.03591537 0.005143165 0.9999704 -0.005720794 0.02884393 0.999416 0.01832205 -0.002830624 0.9999702 -0.007182061 -0.002838432 0.9999702 -0.007178306 -0.0326907 0.9994156 0.009991109 -0.03274148 0.9994139 0.009990572 0.005092501 0.9993419 0.03591877 -0.1334575 0.9908046 0.02225655 0.007763266 0.9999651 -0.003107368 0 1 0 -0.008648276 -0.9999545 0.004015445 -0.002513527 -0.9999701 0.007306456 -0.004118084 -0.9999427 0.009877741 -0.005537331 -0.9999841 0.001146793 -0.005539298 -0.999984 0.00114721 0 -1 9.93199e-7 0.005240082 -0.9999694 0.005818128 0.007972359 -0.9999632 0.003190577 0.01837641 -0.9993753 0.03019011 0.0183264 -0.9994258 0.02850228 0.03628063 -0.9993415 5.47443e-4 -0.005759537 -0.9999692 0.005342662 0.01830154 -0.999427 0.02847331 -0.007154285 -0.999971 -0.002626538 -0.007154703 -0.999971 -0.002619504 0.01037794 -0.9992669 -0.03685414 0.01038157 -0.9992644 -0.03691971 0.03626346 -0.9993422 4.58598e-4 0.02352821 -0.9890121 -0.1459507 -0.00313121 -0.9999635 0.007947146 -0.7947024 -0.6068265 -0.01448035 -0.4034929 -0.9134061 0.05369299 -0.4031227 -0.9151322 -0.005033552 -0.1125784 -0.974799 0.1925957 0.09203577 -0.9957294 -0.007242977 0.004671156 -0.999938 -0.01012367 -0.1343596 -0.990931 -0.001802325 0.004462242 -0.999939 -0.01011198 -0.1343716 -0.9909295 -0.001802146 -0.3157515 -0.948839 -0.00238341 -0.1137856 -0.9934499 0.01049751 -0.1320011 -0.991248 0.0018121 -0.1137391 -0.9934552 0.01049554 -0.05486309 -0.998481 0.005066931 0 -1 -4.6493e-6 -1.37216e-5 -0.999984 0.005658805 -0.002812206 -0.9999655 0.007828056 0.002570688 -0.99881 -0.04870289 0.00368452 -0.9998844 0.01475137 -2.05059e-5 -0.999984 0.005656659 -0.002882719 -0.9999648 0.007878243 0.01148015 -0.9690569 -0.2465707 0.002573072 -0.9988052 -0.04880207 0.005224049 -0.9936889 -0.1120497 0.0052163 -0.9937114 -0.1118507 0.980503 -0.1962819 0.009349405 0.9777315 -0.2080847 0.02724128 0.9419912 -0.3338318 0.03476965 0.9128792 -0.3994601 0.08416175 0.8724998 -0.4828066 0.07511293 0.911484 -0.3927133 0.1223663 0.960424 0.2332167 0.1523017 0.7994135 0.5940428 0.08972984 0.9060378 -0.3924029 0.158479 0.9809958 -0.180144 0.07207834 -0.9960637 0.0711348 -0.05288684 -0.948925 0.2942804 -0.1137568 -0.9533035 0.05650645 -0.2966809 -0.999486 7.96187e-4 -0.03204977 -0.9996533 -0.02329897 -0.01227217 -0.9960639 0.0711354 -0.05288273 -0.9996532 -0.02327901 -0.01231414 -0.9994002 -0.01399505 -0.03167808 -0.6659231 -0.3006433 -0.6827591 -0.5624462 -0.6332173 -0.5316861 -0.7569594 -0.2851876 -0.587946 -0.6167422 -0.06384485 -0.7845718 -0.6659197 -0.3004821 -0.6828336 -0.7818974 -0.0856021 -0.6175021 -0.8452541 -0.05744665 -0.5312677 -0.8672317 -0.1207203 -0.4830483 -0.7569829 -0.2850554 -0.5879799 -0.005494058 -0.001306474 0.9999841 -0.02493107 0.00645703 0.9996683 -0.02254116 0.01554352 0.9996251 0.02855181 -0.03502374 0.9989786 0.004222035 -0.005175292 0.9999778 -0.9113167 0.3911032 0.1286086 -0.8952564 0.4423166 0.0535925 -0.9897279 -0.1236523 0.07175683 -0.9916334 -0.1285522 -0.01173114 -0.9989607 -0.03425377 0.03006893 -0.99519 0.08748376 0.04408657 -0.9932481 0.1156897 0.008612513 -0.9946466 0.103249 -0.004250526 -0.9972217 0.05139791 -0.05391871 -0.9972201 0.05162608 -0.05372923 -0.9158505 -0.3948334 0.07296997 -0.9293739 -0.3448067 0.131805 -0.9027012 -0.4224146 0.08183223 -0.8667917 -0.4880809 0.102222 -0.915782 -0.3949862 0.07300335 -0.9339972 -0.351054 0.06641179 -0.6005015 0.7901384 0.1227977 -0.4760542 0.867582 0.1437851 -0.4758839 0.8676806 0.1437534 0.07481527 0.983709 0.1634603 0.3940643 0.9132367 0.1034986 0.5039457 0.8569995 0.1076614 0.3942295 0.9131705 0.1034554 0.6577512 0.7407041 0.1368243 0.8787636 0.4684948 0.09103488 0.03338706 -3.02307e-6 0.9994425 0.1604862 -0.06239992 0.9850637 0.04133641 -0.002582907 0.999142 -0.02536028 -0.002808868 0.9996745 -0.007259666 0.02869743 0.9995619 -0.003206789 0.01268565 0.9999145 0.05675417 0.06569665 0.9962244 -0.0159021 0.07063472 0.9973756 -0.0455411 0.0211417 0.9987388 -0.07721173 -0.04192137 0.9961331 -0.1058587 0.1474754 0.9833844 0 -1 -2.11985e-6 -0.08158302 -0.9864132 0.1425951 -0.05432909 -0.9939976 0.09495961 0 -1 1.84349e-6 0 -1 2.4395e-6 0 -1 -1.0121e-5 -0.1610028 -0.9460062 0.2813366 0.9943192 -0.09190666 -0.05368953 0.9246571 -0.3638285 -0.1124199 0.976937 -0.1956757 -0.08546948 0.9526268 -0.07607436 -0.2944741 0.9994117 -0.00263828 -0.03419893 0.9943321 -0.09177607 -0.05367553 0.9996978 0.01144337 -0.02176201 0.9943388 -0.091717 -0.05365288 0.9996976 0.01143914 -0.02176845 0.999493 0.006994426 -0.03106528 0.007122516 -0.9999556 -0.006184875 0 -1 2.15235e-6 0 -1 9.64532e-7 0.02160578 -0.9995905 -0.01876723 0.01080864 -0.9998976 -0.009386658 0.03445863 -0.9994046 0.001774489 0.1388536 -0.9900954 -0.02075535 0.03476488 -0.9993945 0.001449704 -0.01196765 -0.9975608 0.06877011 -0.01406055 -0.9994727 0.02926903 -0.008391916 -0.9999629 -0.001969635 -0.001014947 -0.9998467 0.01748067 4.04151e-5 -0.9998857 0.01511734 -0.02300953 -0.9949572 0.09762638 -0.03235208 -0.9993759 -0.01418453 -0.007065415 0.9999563 -0.006135582 0 1 -3.12889e-6 -0.02136701 0.9995998 -0.01854342 -0.01066416 0.9999004 -0.009260237 0.1151836 0.974327 -0.1934413 -0.002820134 0.9999138 -0.01282835 -0.00188297 0.9999616 -0.008564531 -0.009889841 0.9999377 -0.005188167 0.007819116 0.9996493 -0.02530246 -0.08983969 0.9912421 -0.09678834 0.01768434 0.9998227 0.006472766 0.04565912 0.99873 0.02130275 0.01603251 0.9998108 0.01101934 -0.003019034 0.9999721 0.006837606 -0.04262644 0.9990541 -0.00860089 -0.004429817 0.9999139 -0.01235765 0 1 0 -0.002998292 0.9999724 0.006806135 0 1 2.60072e-6 0.01600229 0.9998115 0.01099663 -5.1533e-4 0.9999182 0.01278096 0.008403539 0.9999359 0.007602751 -0.1127962 0.9874836 0.1102424 -0.006359517 0.9999794 -8.78178e-4 -0.002584934 0.9998842 0.0150029 -0.001320898 0.9999019 0.01394528 9.06422e-5 0.9999744 0.007152438 -5.15156e-4 0.999918 0.01279902 -5.04941e-4 0.999918 0.01280254 -0.1900693 0.9664388 0.1728286 1.81955e-4 0.9998973 0.01433318 -4.9783e-4 0.999918 0.0128051 8.86955e-5 0.9999036 0.01388484 1.57033e-5 0.9999082 0.01355731 0.003931522 0.9991497 -0.04104238 0.007448315 0.9997563 0.02077966 0.07591861 0.9970417 -0.01200777 0.08443272 0.9925812 -0.08748656 0.007428944 0.9997577 0.02072411 0.001726448 0.999988 -0.004578411 -0.005855023 0.999701 -0.02374303 -0.03263831 0.9952027 -0.09222942 0.3015315 0.9534562 -3.6674e-4 0.07593739 0.9970403 -0.01201581 0.3017134 0.9533987 -3.65527e-4 0.5389393 0.8423256 -0.005668699 -0.06201553 0.01173108 0.9980062 -0.09340375 0.01545184 0.9955085 -0.1975002 0.03266906 0.9797584 -0.001051485 0.001520574 0.9999984 -9.38954e-4 0.004085063 0.9999913 0.02405345 -0.01117897 0.9996482 0.1204949 -0.02612608 0.9923702 0.1868895 -0.03902506 0.9816056 0.1206376 -0.02614599 0.9923523 0.1870149 -0.03902029 0.9815818 0.2835274 -0.04041969 0.9581119 0.8335192 0.5524851 0.00245738 0.6735512 0.7391405 3.4197e-4 0.9721962 0.2341678 8.39718e-5 0.9309149 0.365236 -3.94592e-4 0.8237923 0.5668796 0.003743171 0.8335233 0.552479 0.002456784 0.833523 0.5524793 0.002458989 0.9377787 0.3471897 0.005542933 0.85416 0.5199809 0.00553739 0.8430053 0.5379042 0.001168847 0.05733287 0.04172092 0.997483 0.02455574 0.1184238 0.9926596 0.02017563 -0.002354919 0.9997938 0.03722971 0.2817408 0.958768 0.08451038 0.1698488 0.9818398 0.06769192 0.02761244 0.9973241 0.03371101 0.02460473 0.9991287 0.057805 0.06234103 0.9963796 0.4543054 0.3578217 -0.8158249 0.4791523 0.3607466 -0.8001717 0.4540708 0.353923 -0.8176541 0.4292576 0.2464963 -0.8688944 0.3630869 0.07915699 -0.9283869 0.3753743 -0.04176211 -0.9259321 0.1985855 -0.05476778 -0.9785522 -0.03789353 -0.003863751 -0.9992743 -0.02114129 -0.09534376 -0.9952199 -0.9972372 -0.01908504 -0.07179009 -0.9588623 0.03063446 -0.2822141 -0.8208603 -0.01052665 -0.5710321 -0.5600998 0.05138731 -0.8268299 -0.2613021 -0.00734508 -0.9652292 -0.03636121 0.01500093 -0.9992262 0.07416999 -0.01886999 -0.9970672 -0.9997054 0.02262526 -0.00879693 -0.9972008 0.0425592 0.06147623 -0.96134 -0.007610142 0.275259 -0.8220707 0.04754334 0.5673971 -0.5767982 -0.02055335 0.816628 -0.2116651 0.0269134 0.9769717 -0.08819997 -0.03940606 0.9953231 0.04836726 0.02621209 0.9984857 0.2664979 -0.01322084 0.9637448 0.5642946 0.04545813 0.8243211 0.8201477 -0.01135438 0.5720393 0.958863 0.03063631 0.2822111 0.9972847 -0.01901698 0.07114458 0.9999657 0.00187397 0.008066296 0.9980235 0.02030044 -0.05947297 0.9911647 -0.001238524 -0.132631 0.9631735 -0.01201057 -0.2686123 0.8228829 0.04426062 -0.5664846 0.5717236 -0.01284611 -0.8203458 0.2864995 0.03004801 -0.9576091 0.01251387 0.002958953 -0.9999173 0.01245564 0.002945423 -0.9999181 -0.03634399 0.01499521 -0.9992269 0.09977167 -8.1677e-4 -0.99501 0.001401364 -2.67296e-4 -0.9999991 0.002323091 2.16664e-5 -0.9999974 -0.9910032 0.01978731 0.1323676 5.08027e-4 0.01480734 0.9998903 0.1617773 -0.001445949 0.9868263 0.1620799 -0.002331733 0.986775 0.4724786 -0.004472315 0.8813309 0.9999656 0.001878738 0.008086085 0.9911409 -0.0012452 -0.1328086 0.9867924 -0.001978933 0.1619783 0.9839724 -0.002011597 -0.1783099 0.9443867 -0.003989696 0.3288126 0.7826733 -0.006593227 0.6223978 0.8563653 -0.004836618 -0.516348 0.00115776 -0.0015437 0.9999982 -0.7826808 -0.007392883 -0.6223796 -0.9867917 -0.002712011 -0.1619714 -0.944404 -0.004953026 -0.3287501 -0.9839762 -0.002705872 0.1782796 -0.856365 -0.004854202 0.5163484 -0.9909818 0.01973152 0.1325364 -0.9997059 0.02260649 -0.008784711 0.5754421 -0.006218194 -0.8178189 0.203705 0.00377351 -0.9790251 0.002759456 7.05688e-4 -0.999996 0.002505481 6.4534e-5 -0.999997 0.002029836 -0.00726056 -0.9999716 0.001578569 -1.91087e-4 -0.9999988 -0.9978472 -0.001643478 -0.06556105 -0.9988681 -0.02724403 -0.03899139 -0.998868 -0.02724689 -0.03899407 -0.9988685 -0.02726686 -0.03896421 -0.9988687 -0.02726495 -0.03896248 -0.9985264 -0.0528441 -0.01235467 1 0 0 0.891687 0.4473314 -0.06920218 0.8035953 0.5943529 -0.03129893 0.7960909 0.604761 -0.02244269 0.6906508 0.7231484 0.007618665 -0.06325197 -0.02503246 -0.9976837 -0.05748027 -0.01980853 -0.9981501 -0.05778282 -0.02008235 -0.9981272 -0.05213034 -0.01496809 -0.9985281 0.9987804 0.004628241 0.04915708 0.9996963 0.001318156 0.02461266 0.9598996 0.001348733 0.280341 0.9996975 0.001311838 0.02455931 0.9996975 0.001307725 0.02455985 0.9999981 -0.002000331 0 0.2748062 -0.02765154 -0.961102 0.456548 -0.1467055 -0.87752 0.3198321 -0.08978134 -0.9432108 0.3629385 -0.1513769 -0.919435 0.006329715 3.20665e-5 -0.99998 0.01469767 0.0011065 -0.9998914 0.01469784 0.001105129 -0.9998915 0.01471328 0.001107633 -0.9998912 0.01471322 0.001108467 -0.9998912 0.02303218 0.002179741 -0.9997324 -0.03525614 -0.04716694 -0.9982647 0.005044579 0.006756365 -0.9999645 0.0050475 0.0067541 -0.9999645 0.00507456 0.006786704 -0.9999641 0.005075931 0.006785869 -0.9999642 0.04541164 0.06075441 -0.9971192 -0.9845901 0.1733528 0.02304708 -0.9954562 0.09515875 -0.003428757 -0.9950192 0.09966355 0.002000451 -0.9994992 0.02525758 -0.01906436 0 1 -5.39267e-6 -0.04995584 0.9978596 -0.04219901 -0.04993677 0.9978612 -0.04218345 -0.09964168 0.9914584 -0.08415305 -0.9954565 0.09515631 -0.003438174 -0.9871451 0.1579602 -0.02435731 -0.9917036 0.1283482 -0.007126808 -0.9854045 0.1702295 0 0.9685675 -0.2484736 0.01175004 0.9667811 -0.2552341 0.01377683 0.9667781 -0.2552451 0.01378649 0.9846142 -0.1744728 -0.009701311 0.009492635 0.009492814 -0.9999099 2.11503e-6 1.3439e-6 -1 2.24786e-6 1.17905e-6 -1 -2.11503e-6 -1.3439e-6 -1 -2.24786e-6 -1.17905e-6 -1 -0.009492635 -0.009492814 -0.9999099 0.92074 0.383988 -0.06921952 0.8046001 0.5929215 -0.03260463 0.8046006 0.5929209 -0.03260272 0.6597219 0.7473282 -0.07916826 0.8045175 0.5930356 -0.03256309 0.3419623 0.9336071 -0.1069566 0.3677175 0.005576908 0.9299209 0.01222032 0.001455128 0.9999243 0.01216721 0.001462578 0.9999249 0.01844102 6.09146e-4 0.9998298 0.9999674 -0.001942873 0.007852315 0.9998856 -9.46434e-4 0.01510095 0.9998862 -9.53147e-4 0.01505798 0.9254789 -0.002637088 0.37879 -0.01869708 -0.02763885 0.9994432 -0.007702767 -0.004352867 0.999961 -0.007713437 -0.0043751 0.9999608 0.003278195 0.01894021 0.9998153 -0.01183527 0.2431576 -0.9699146 -0.02104157 3.61959e-4 -0.9997785 -0.01448988 0.1616867 -0.9867358 -0.01935881 5.82582e-4 -0.9998124 -0.02024775 -0.04910695 0.9985884 -0.01101666 -0.02968311 0.9994987 -0.01103341 -0.02971655 0.9994975 -0.001785933 -0.01022082 0.9999462 0.9862269 -0.1635132 -0.02490293 0.9685931 -0.2483751 0.01172345 0.9788228 -0.2047067 -0.00102061 0.9774551 -0.2111433 0 -0.8122091 0.1272128 0.5693271 -0.7978804 0.1570476 0.581999 -0.7978833 0.1570427 0.5819966 -0.7824901 0.1868259 0.5939742 0.9998627 -0.002101361 -0.01644128 0.9999659 -0.001047492 -0.008197665 0.9999658 -0.001051008 -0.008214116 1 -5.35245e-7 0 -0.8659013 -0.4999436 0.01647585 -0.9997394 0.01157134 0.01968044 -0.9662457 -0.2562521 -0.02653867 -0.9997395 0.01170456 0.01959341 -0.9636901 0.2591875 0.06421476 -0.8701739 0.4924144 0.01804035 -1 0 0 -0.9992479 0 -0.03877741 -0.9997968 -0.005551457 -0.01938205 -0.9999084 0.004092931 -0.01290231 -0.9999382 -0.01112216 0 0.1255494 -0.1276314 0.9838433 0.06364399 -0.05729556 0.9963266 0.06362801 -0.05727368 0.9963289 0.001158773 0.01350808 0.9999081 0.9999691 -0.001831531 -0.007645487 0.9999691 -0.001832067 -0.007645308 0.9999691 -0.001834988 -0.007657587 0.9999691 -0.001835882 -0.007657349 0.999877 -0.003655135 -0.01525604 -0.006391346 3.23313e-5 0.9999797 -0.0255801 -0.004425525 0.999663 -0.0203706 0.001815378 0.9997909 -0.0203616 0.001812934 0.999791 -0.02562457 -0.004415214 0.9996619 -0.03521031 -0.006669461 0.9993578 -0.1872777 -0.9820877 0.02075821 -0.1759178 -0.9843599 0.009416162 -0.1758778 -0.9843674 0.009376347 -0.1644396 -0.9863851 -0.001999676 0.045942 0.006094992 -0.9989256 0.03698706 -0.004311025 -0.9993064 0.0372802 -0.003965854 -0.9992971 0.02785724 -0.01490139 -0.9995009 -0.8725355 -0.4880413 0.02230578 -0.5591366 -0.8290756 1.93484e-4 -0.7356424 -0.675636 0.04843926 -0.559017 -0.8291562 2.77042e-4 -0.3369849 -0.941242 -0.02246814 0.05497455 -0.9981147 0.02729249 -0.00949192 -0.009492874 -0.9999099 -1.67359e-6 -1.12504e-6 -1 -1.80452e-6 -9.60194e-7 -1 1.68104e-6 1.11852e-6 -1 1.80452e-6 9.60194e-7 -1 0.00949192 0.009492874 -0.9999099 -0.8975719 -0.1593607 -0.4110583 -0.8978347 -0.410644 -0.1589477 -0.897852 -0.4106165 -0.1589209 -0.8978217 -0.4107254 -0.1588107 -0.8978307 -0.4107122 -0.1587941 -0.7843428 -0.6098611 0.1134712 -0.006381988 -3.23313e-5 -0.9999797 -0.01470339 -0.00109291 -0.9998914 -0.01470345 -0.001092433 -0.9998914 -0.01471269 -0.001094281 -0.9998912 -0.01471281 -0.001093268 -0.9998912 -0.02303284 -0.002156555 -0.9997324 0.5914664 -0.8062808 0.008873522 0.05516475 -0.9981048 0.02727162 0.4543065 -0.8907026 -0.01595556 -0.1029611 -0.9945741 0.01488059 0.1015439 -0.9912707 -0.08409142 0.05087697 -0.9978159 -0.04213291 0.05091995 -0.997812 -0.04217046 0 -1 -5.48613e-6 -0.9992404 0.003444612 -0.038818 -0.9992023 0.009307026 -0.03883546 -0.9992023 0.009306192 -0.0388357 -0.9992028 0.00930047 -0.03882354 -0.9992028 0.009303331 -0.03882288 -0.127864 -0.9914848 -0.0246728 -0.1179766 -0.992448 -0.03359508 -0.1182627 -0.9924212 -0.03337973 -0.1085876 -0.9931974 -0.04204446 0.9835994 -0.164015 -0.07504278 0.9784979 -0.2028467 -0.03735214 0.9784969 -0.2028506 -0.03735625 0.9784976 -0.2028463 -0.0373634 0.978498 -0.2028445 -0.03736156 0.9705037 -0.2410861 4.29698e-4 0.006089389 0.001521646 0.9999803 0.0306589 -0.001696646 0.9995285 0.0306589 -0.001697301 0.9995285 0.03066921 -0.001697719 0.9995282 0.2821847 -0.004787564 0.9593482 0.05517119 -0.004918038 0.9984648 0.01919901 -5.84078e-4 -0.9998155 0.01442652 -0.1617099 -0.9867329 0.02099049 -3.47338e-4 -0.9997797 0.01181471 -0.2431342 -0.9699208 0.9985264 0.0528441 -0.01235383 0.9988685 0.02726686 -0.03896337 0.9988685 0.02726942 -0.03896588 0.9988681 0.02724403 -0.03899186 0.9988682 0.02724248 -0.03899031 0.9978472 0.001643478 -0.06556159 0.05154079 0.01443207 -0.9985667 0.05744922 0.01978164 -0.9981524 0.05716979 0.01952862 -0.9981735 0.06324601 0.0250321 -0.997684 0.4714341 0.8818992 0.00191617 0.8617162 0.507368 0.004797935 0.6900862 0.7223047 -0.04535418 0.8617944 0.5072361 0.004715681 0.9648082 0.256009 0.06003808 0.999845 -0.01045334 0.01416599 -0.01935881 -5.81444e-4 0.9998124 -0.01218235 -0.1617006 0.9867647 -0.02113652 -3.48959e-4 0.9997766 -0.008355081 -0.2431693 0.9699479 -0.9997282 -0.01992756 0.01210403 -0.9844604 0.1707011 0.04121696 -0.8393821 0.5307996 0.1170025 -0.8392968 0.5309194 0.1170704 -0.8392966 0.5309253 0.1170451 -0.5695323 0.7977663 0.1979953 -0.9889378 0.01077407 -0.1479389 -0.9896577 0.005883157 -0.1433292 -0.9896577 0.005883216 -0.1433292 -0.9896572 0.005886256 -0.1433321 -0.9896572 0.005886495 -0.1433318 -0.9903287 9.74613e-4 -0.1387373 0.02288711 -0.9996128 0.01582646 -0.2101728 -0.9769142 0.03829032 -0.4858413 -0.8678852 0.1036036 -0.4859721 -0.8678057 0.1036557 -0.2969574 -0.9539089 0.04329276 -0.4754573 -0.87483 0.09280556 0.2843236 -0.9587284 0 0.3678495 -0.9297434 0.01625406 0.4876013 -0.8558868 -0.1723456 0.5793503 -0.7730705 -0.258293 0.6431048 -0.5632364 -0.5188266 0.3326637 0.8932338 -0.3024374 0.3192274 0.8930477 -0.3171116 0.1152766 0.9742909 -0.1935679 0.3055832 0.8925436 -0.33164 -0.02408659 0.9996415 0.01169747 0.1298425 0.990725 0.04006338 0.5157638 0.8496834 0.1096636 0.5158952 0.8495972 0.1097123 0.402949 0.9123791 0.07208669 0.5105369 0.8540178 0.100029 0.990459 -0.01089739 -0.1373769 0.9905291 -0.010423 -0.1369073 0.990539 -0.01035529 -0.1368401 0.9905424 -0.01031976 -0.1368185 0.9905424 -0.01031976 -0.1368185 0.9905896 -0.009961366 -0.1365036 0.001264989 0.9910904 -0.1331854 0.009289503 0.9900184 -0.1406323 0.009256303 0.9900234 -0.1405993 0.01714676 0.9888487 -0.1479337 -0.001275658 -0.9909526 -0.1342071 -0.008280813 -0.9900098 -0.1407556 -0.008280873 -0.9900099 -0.1407555 -0.008263289 -0.9900124 -0.1407384 -0.008263051 -0.9900124 -0.1407386 -0.01529234 -0.9889712 -0.1473171 -0.001095235 -0.9999506 -0.009884238 -0.008067905 -0.9999628 -0.003082513 -0.005314767 -0.9999695 -0.005734443 0 -1 6.20355e-6 0.003951609 -0.9999431 -0.009907543 0.07677763 -0.9967169 -0.02570152 0.1108347 -0.9932463 -0.03431612 0.1109402 -0.9932339 -0.03433418 0.07685798 -0.9967105 -0.02570909 0.2176007 -0.9745145 -0.05451226 -0.1325577 -0.07640409 0.9882261 -0.2265715 -0.1345265 0.9646595 0.06456869 -0.1293585 0.9894934 0.06458765 -0.1293483 0.9894936 -0.00444889 -0.006527841 0.9999688 8.53092e-5 -0.001781046 0.9999985 0.001008689 -0.02107393 0.9997775 -0.07750862 -0.9161177 0.3933457 0.04003 -0.937042 0.346915 -0.02312898 -0.9730281 0.2295241 -0.1126877 -0.9747858 0.1925982 -0.1041426 -0.9702534 0.2185471 -0.4034084 -0.9134439 0.05368417 0.1917693 0.9660754 -0.1729823 0.2038596 0.9699573 -0.1327562 0.3418352 0.9336494 -0.1069937 0.341835 0.9336504 -0.1069853 0.2038654 0.9699584 -0.1327387 0.2519903 0.9595283 -0.1257237 0.4755601 0.8761922 -0.07829421 -0.007337927 0.9999694 0.002738714 -0.003063976 0.9999651 -0.007776856 -0.005718171 0.9999712 -0.005009055 0 1 -2.37864e-5 -0.009975314 0.9999417 0.004136264 -0.004061818 0.9999532 0.008785247 -0.001209795 0.9999831 0.005694568 0 1 -1.02382e-5 -0.001205384 0.9999832 0.005673825 0.575036 -0.8126906 0.09416961 0.3671301 -0.8762353 0.3121336 0.5059821 -0.810052 0.2963072 0.4229791 -0.7016404 0.5734016 0.1338291 -0.2184016 0.9666388 0.1924195 -0.1466013 0.9703004 -0.03714501 -0.1454831 0.9886632 -0.03203904 -0.1422826 0.9893074 -0.03199338 -0.1422531 0.9893132 -0.02680855 -0.1389895 0.9899309 -0.9957619 0.09179174 -0.005714416 -0.9911016 0.1331083 -5.1951e-5 -0.9985476 0.04463702 0.03017187 -0.9987623 0.04707568 0.01605409 -0.9890651 -0.1369836 0.05464154 -0.9987691 0.04692935 0.01606261 -0.9340702 -0.35087 0.06635671 -0.9703484 -0.2370744 0.04711318 -0.9995678 0.02646875 -0.01279485 -0.99945 0.03257572 -0.006214618 -0.999453 0.03245145 -0.006381213 -0.9992647 0.03834062 0 0.06744813 -0.9808016 0.1829729 0.3327299 -0.928394 -0.1654553 0.01857799 -0.9933062 0.1140071 0.5520711 -0.8336997 -0.01274174 0.552071 -0.8336997 -0.01274567 0.7566809 -0.6533254 -0.0244925 0.9474815 -0.3196027 0.01153939 0.9497421 -0.3130062 0.004146158 0.9497423 -0.3130055 0.004146873 0.9497394 -0.3130142 0.004157125 0.9497395 -0.313014 0.004157364 0.9518831 -0.3064439 -0.003293931 -0.3532251 -0.8881601 -0.2939453 -0.2445639 -0.9202521 -0.305491 -0.1699889 -0.9787957 -0.114293 -0.1808158 -0.9830304 -0.0309351 -0.01491409 -0.1460288 -0.9891679 -0.01844561 -0.1413478 -0.9897881 -0.01844543 -0.1413478 -0.9897881 -0.01848769 -0.1412926 -0.9897953 -0.01845866 -0.1413305 -0.9897904 -0.02200555 -0.1366564 -0.9903741 -0.00126487 -0.9910895 -0.133192 -0.009431421 -0.9899972 -0.1407724 -0.009309649 -0.9900151 -0.1406542 -0.01730209 -0.9888238 -0.1480813 0.001275539 0.9909529 -0.1342053 0.008408844 0.9899919 -0.1408743 0.008264422 0.9900128 -0.1407356 0.01529234 0.9889723 -0.1473095 -0.3287473 -0.8932299 -0.3067013 -0.3173456 -0.8930034 -0.3191187 -0.1143437 -0.9745596 -0.1927673 -0.3055921 -0.8925457 -0.3316258 -0.990459 0.01089316 -0.1373769 -0.9905294 0.01042103 -0.1369051 -0.9905494 0.01028609 -0.1367703 -0.9905567 0.01021182 -0.1367231 -0.9905567 0.01021182 -0.136723 -0.9905897 0.009961366 -0.1365021 0.9903247 -0.01088607 -0.1383419 0.9903721 -0.01052421 -0.1380311 0.9903721 -0.01052421 -0.1380311 0.9903937 -0.01036912 -0.1378869 0.9903937 -0.01036912 -0.137887 0.9904546 -0.009968161 -0.137479 -0.001902759 0.00333625 0.9999927 0.02002733 -0.01980346 0.9996033 0.006994128 0.01926374 0.99979 0.01032698 -0.01257371 0.9998677 0.006995081 0.01926279 0.9997901 0.01031672 -0.01256 0.9998679 -0.0134651 0.0110628 0.9998483 0.05894237 -0.1039929 0.99283 0.02209371 -0.008661508 0.9997185 -0.008610665 -0.007540524 0.9999346 -0.001540541 -9.63174e-5 0.9999988 0.06460946 -0.1293637 0.9894901 -0.03218418 0.03046369 0.9990177 -0.006224572 -0.004073858 0.9999724 -0.008675098 -0.0308572 0.9994862 -0.004200816 0.01349836 0.9999001 -0.00104922 -0.008376002 0.9999644 -0.003209173 -0.001716196 0.9999934 0.006683588 -0.03853756 0.9992349 0.005181491 0.04359406 0.999036 -0.05763041 0.1056879 0.992728 -0.01667839 0.005300581 0.9998469 0.007654368 0.07018333 0.9975048 0.002554893 -0.01589429 0.9998705 -0.06395131 0.1268444 0.989859 0.002758741 0.01747697 0.9998435 0.002242028 0.007118403 0.9999722 0.004834234 0.01657372 0.999851 0.005143225 0.01005685 0.9999363 -0.5809993 0.8123046 0.05100333 -0.3793226 0.8864176 0.265289 -0.5286533 0.8106379 0.2517779 -0.4572246 0.7357296 0.4996476 -0.1430273 0.2301568 0.9625856 -0.06396806 0.1269051 0.9898501 0.2929092 -0.1362341 0.946385 0.681074 -0.09865397 0.7255381 0.7763653 -0.09169125 0.6235781 0.7852197 -0.1360421 0.6040884 0.7851136 -0.1360979 0.6042137 0.2928038 -0.1362255 0.9464189 0.3080434 -0.1233364 0.9433438 -0.3389722 -0.1266801 0.9322286 -0.9550866 0.01732039 -0.2958204 -0.9504652 -0.04749739 -0.3071809 -0.9771164 -0.02519518 -0.211208 -0.9953514 -0.04169648 -0.08681714 -0.9983907 -0.008086204 -0.05613172 -0.9980477 -0.001565098 -0.06243777 -0.9926923 0.04857569 -0.1104652 -0.991518 0.05472975 -0.1178852 -0.9551376 0.01737368 -0.2956526 -0.8882401 -0.05466586 -0.4561154 -0.8453102 -0.05742222 -0.5311812 -0.9195247 -0.2355661 -0.3146157 -0.9505109 -0.04754048 -0.3070327 -0.9927062 -0.08981502 -0.08042109 -0.963244 -0.1021072 0.248466 -0.8739221 -0.1403987 0.4653479 -0.6919475 -0.1047461 0.7143087 -0.339084 -0.1267372 0.9321801 -0.5756357 -0.09599751 0.8120518 -0.354811 -0.06290847 0.9328193 -0.7003067 -0.1969328 0.68614 -0.4379571 -0.5739553 0.6919313 -0.6238944 -0.3639066 0.6916125 -0.4887365 -0.6793715 0.5473492 -0.21673 -0.9154635 0.3390497 -0.09144568 -0.9892851 0.1138101 -0.01212233 -0.1618785 0.9867363 -0.4378725 -0.5740265 0.6919258 -0.256299 -0.2971571 0.9197873 -0.5148991 -0.2968146 0.8042264 -0.003081977 0.9999192 0.01233792 3.1799e-4 0.9999891 0.004668176 0.004844844 0.9999883 -3.70784e-4 0.005457878 0.9996268 -0.02676802 0.01015979 0.9978189 -0.06522428 0.01296204 0.9913833 -0.1303507 -0.7852252 0.136057 0.6040778 -0.6810542 0.09865915 0.7255561 -0.7763785 0.09168559 0.6235626 -0.2929214 0.1362925 0.9463728 -0.7851189 0.136066 0.6042138 -0.2927742 0.1362483 0.9464247 -0.3080113 0.1233375 0.9433541 0.3391263 0.1267638 0.9321611 0.9509168 0.04833084 -0.3056493 0.9927036 0.08983284 -0.08043503 0.9626867 0.1010357 0.2510499 0.8721673 0.1381797 0.4692873 0.6914238 0.1055388 0.714699 0.3392784 0.1268069 0.9320999 -0.9997249 -0.02009946 0.01209348 -0.9876775 -0.1564266 0.004880368 -0.9994781 0.03162878 0.006576895 -0.9998661 0.01562768 0.004849195 -0.9932543 -0.1159455 0.001592099 0.0790016 -0.05754381 -0.9952123 0.001617372 -0.1373654 -0.9905192 -0.08530181 -0.09606879 -0.9917129 -0.07721084 -0.04802781 -0.9958574 -0.1271549 0.01435166 -0.991779 0.1075406 -0.1073737 -0.9883855 0.09645515 0.07048296 -0.9928387 0.06962782 -0.08624947 -0.9938376 0.002389729 -0.4444272 -0.8958118 0.06034749 -0.2721655 -0.9603563 0.001626312 -0.1373476 -0.9905216 0.060395 -0.2723312 -0.9603063 0.07860898 -0.3017585 -0.9501382 0.007186114 -0.035187 -0.999355 0.03057497 0.1822951 0.9827684 0.01177638 0.05277657 0.998537 0.01341694 0.07998001 0.9967062 0.003640055 6.25609e-4 0.9999932 0.008077025 0.002628564 0.999964 -0.008796751 -0.02016246 0.9997581 -0.0241416 -0.1172928 0.9928039 -0.03725701 -0.1855444 0.9819293 -0.02418047 -0.1174668 0.9927824 -0.0372622 -0.1857176 0.9818965 -0.03787368 -0.2820929 0.9586393 -0.002806544 0.9999424 -0.01036006 0.0203948 0.9997901 0.001986026 0.03470939 0.9993932 0.002918481 0.02040302 0.9997898 0.001986622 0.03474205 0.999392 0.002931594 0.05488079 0.9983838 0.01476496 0.04294824 0.9990733 0.00282526 0.04825443 -0.01776349 -0.9986772 0.3136923 -0.2546905 -0.9147295 0.1948122 -0.2897837 -0.9370558 0.1948609 -0.289759 -0.9370533 0.3137366 -0.2547526 -0.9146969 0.3551527 -0.283904 -0.8906543 0.264974 -0.4795593 -0.8365476 0.2334732 -0.4829217 -0.8439651 0.1891864 -0.5917172 -0.7836322 0.6823943 -0.7277304 -0.06889516 0.615845 -0.7878062 0.009818613 0.5029381 -0.8640671 -0.02101218 0.2968074 -0.9545243 0.02808517 -0.08497053 0.003577411 -0.9963771 -0.04763275 0.005549073 -0.9988496 -0.04763591 0.005549311 -0.9988494 -0.01018643 0.007480204 -0.9999202 0.7216025 0.0214793 -0.6919744 0.839223 -0.05338758 -0.5411604 0.7164174 0.1553207 -0.680163 0.7164142 0.1554041 -0.6801473 0.7231993 -0.06947201 -0.6871365 0.708813 0.22217 -0.6694959 0.707289 0.3764857 -0.5983318 0.2051973 -0.9463183 -0.2497517 -0.06037098 -0.9980699 0.01456022 -0.06036144 -0.9980702 0.01457613 -0.06047064 -0.9980617 0.01471167 -0.06048303 -0.9980612 0.01469308 -0.3172891 -0.9069629 0.2770304 6.18023e-4 -0.003707528 0.999993 0.08764815 -0.01420021 0.9960502 0.05788326 -0.01231861 0.9982474 0.1973208 -0.03196191 0.9798178 0.002579331 -0.008105993 0.9999639 -0.01934993 0.008638739 0.9997755 -0.1172319 0.02396899 0.9928153 -0.1854186 0.03704911 0.981961 -0.1174264 0.02399009 0.9927918 -0.185588 0.03705686 0.9819287 -0.2836695 0.03767329 0.9581819 0.4341796 -0.7383526 -0.5160654 0.3745883 -0.9089595 -0.1829655 0.4423037 -0.8572139 -0.2637274 0.4102909 -0.9021275 -0.133519 0.5493962 -0.7453578 -0.3776317 0.4040537 -0.8911342 -0.2064479 -0.9715389 0.2368342 0.004689216 -0.9999371 0.001550793 0.01111292 -0.9878957 0.1192727 0.09917819 -0.9528554 0.1442565 0.2669396 -0.894442 0.2114208 0.3940493 -0.8193272 0.4152534 0.3953068 -0.006290853 -0.01691156 -0.9998373 0.004772365 -0.03246253 -0.9994617 0.01571941 -0.01208883 -0.9998034 0.02191066 -7.27054e-4 -0.9997597 0.01844996 0.02406942 -0.9995401 -0.002660691 0.02359306 -0.9997181 -0.003895998 0.03336703 -0.9994356 -0.006282687 -0.01693063 -0.9998371 -0.008684575 -0.01951223 -0.999772 -0.008676588 -0.01952368 -0.9997718 0.8593753 -0.1447545 -0.4904289 0.7184212 -0.1364688 -0.6820903 0.4419374 -0.04724091 -0.8958011 0.4418273 -0.04721486 -0.8958568 0.5746672 -0.07876801 -0.8145878 0.05090433 -0.03328084 -0.9981489 -0.08823305 5.46593e-4 -0.9960998 -0.4691314 0.0962097 -0.8778721 -0.6665745 0.1154052 -0.736451 -0.8756919 0.1969344 -0.4408859 -0.8757635 0.1969022 -0.4407584 -0.7977855 0.1756289 -0.5767953 -0.9863744 0.1572965 -0.04820203 -0.9814258 0.1651492 0.09761881 0.8791322 0.2382633 -0.4127436 0.9870781 0.1239968 -0.1014973 0.870329 0.4796469 -0.111653 0.7946289 0.5995133 -0.09564965 0.987091 0.1239705 -0.1014041 0.8177052 0.5738531 0.04528623 0.7946302 0.5995139 -0.09563511 0.8176891 0.5738764 0.04528146 0.8143612 0.5786592 0.04437798 -0.06745767 -0.9977213 0.001297473 -0.1176543 -0.9930521 0.00225532 -0.1381421 -0.990412 9.38181e-4 -0.1743327 -0.9846869 -6.04572e-5 -0.1836667 -0.9829791 -0.004349529 -0.2046 -0.9788227 -0.006722271 -0.2185598 -0.9757799 -0.00924164 -0.2420001 -0.9702359 -0.008849501 0 1 5.20235e-7 0 1 -3.14156e-7 0 1 -3.46895e-6 0 1 3.44459e-5 0 1 1.83756e-5 0 1 -4.86563e-7 0 1 1.57308e-6 0 1 -1.57749e-6 -0.05126941 -0.9986749 -0.004489004 -0.1483736 -0.9874542 -0.05403232 -0.1104625 -0.9917565 -0.06493979 -0.1756785 -0.9807674 -0.08504337 -0.1104987 -0.9917495 -0.06498509 -0.1756741 -0.9807665 -0.08506447 -0.239404 -0.9697464 -0.04772377 -0.2189717 -0.975528 -0.01991474 -0.2729623 -0.9619511 0.01190102 -0.07881098 -0.9943977 0.0704416 -0.2106905 -0.9739834 0.08346217 -0.2360872 -0.9674027 0.09162366 -0.1627362 -0.9784251 0.1272843 -0.08376604 -0.9956342 0.04118001 0.4742901 -0.07069331 0.8775258 0.6654077 -0.1200594 0.7367621 0.8898472 -0.1146631 0.4416158 0.8898971 -0.1147021 0.441505 0.8090122 -0.1088936 0.5776171 0.9807258 -0.1898861 0.04604423 0.978217 -0.1804866 -0.1025487 0.9466104 -0.1426824 -0.2890859 0.9807272 -0.1899145 0.04589754 0.8594373 -0.1448485 -0.4902923 0.7100763 0.003737926 0.7041149 0.7043604 0.00275892 0.7098373 0.7179462 0.1658735 0.6760469 0.6990694 0.2500842 0.6698955 0.7178983 0.1660276 0.6760599 0.6990275 0.2502655 0.6698715 0.6122137 0.4845389 0.6248332 0.735236 -0.675554 -0.05527079 0.7016438 -0.7121188 0.02414357 0.5788264 -0.8152697 -0.01719409 0.3957193 -0.918114 0.02174991 -0.8557716 0.1640085 0.4906693 -0.7196365 0.1228715 0.683393 -0.426868 0.1110513 0.8974695 -0.4267571 0.1110355 0.8975242 -0.5595623 0.128776 0.8187227 -0.0584315 -0.01239937 0.9982145 0.08218032 -0.0291059 0.9961925 0.3427087 0.01251429 -0.9393584 0.5063544 0.008064627 -0.8622878 0.7597978 0.01358079 -0.6500177 0.9434666 -0.006134033 -0.331411 0.7599112 0.0135892 -0.649885 0.9936515 0.02388817 -0.109937 -0.3667843 -0.9303056 0.001018643 -0.3314586 -0.9351974 0.1246647 -0.4789299 -0.8270871 0.2941994 -0.3769613 -0.8164424 0.4374039 -0.1973792 -0.9491912 0.2451074 -0.1812282 -0.9830816 -0.02658623 -0.1812313 -0.9830812 -0.02658426 -0.3668196 -0.9302915 0.001033127 -0.1922667 -0.9813427 3.87123e-4 -0.7616029 -0.009777963 0.6479702 -0.9011646 -0.02020555 0.4330059 -0.9663193 -0.01060193 0.2571277 -0.9989313 0.007849633 0.0455501 -0.9999657 -0.001874148 0.008066356 -1 -4.12004e-6 0 -1 -3.468e-5 0 -0.9911647 0.001717209 -0.1326258 -0.8563613 0.005699813 -0.5163457 -0.9839707 0.003000915 -0.1783052 -0.9911408 0.001730978 -0.1328048 -0.9867897 0.002708852 0.1619837 -0.9999657 -0.001875638 0.00807482 -0.7826691 0.007378756 0.6223943 -0.9443811 0.004984617 0.3288155 0.3660109 0.1228811 0.9224621 0.4958961 -0.1614741 0.853237 0.4958879 -0.161476 0.8532413 0.3835505 -0.3951169 0.8347285 0.4959338 -0.1616406 0.8531835 0.5748661 -0.4295135 0.6964533 0.2822503 0.9583013 -0.04464948 0.281166 0.9596558 0.002540647 0.5716971 0.8203954 -0.01066714 0.787382 0.6158834 -0.02678549 0.7748895 0.6315563 -0.02613455 0.932478 0.3612182 -0.00251615 0.02605617 0.9854607 0.1678937 0.1593315 0.930841 0.3288595 0.1994658 0.9798768 0.007411479 0.1118625 0.9936762 0.009725153 0.06044065 0.9981029 -0.01174253 -0.3569356 0.9335097 0.03400975 -0.3853991 0.9227281 0.006364941 -0.6388295 0.7693482 -6.13187e-4 -0.5592116 0.8288058 -0.01906585 -0.9057899 0.4221347 0.03670293 0.173531 0.9848285 0 0.1568171 0.9830648 -0.09482634 -0.009849548 0.999898 -0.01035314 -0.0109145 0.99994 9.4606e-4 -0.01001727 0.9998967 -0.01031476 -0.3796537 0.9251201 0.003997206 0.1670307 0.9615919 0.2178116 0.1280375 0.7724192 0.6220733 0.1592963 0.9307875 0.3290278 0.9862902 0.1648418 0.007677018 0.9626914 -0.2687316 0.03175866 0.9962322 -0.08481556 0.01810294 0.9345809 0.3542834 0.03227859 0.5639033 0.8256633 0.01712322 0.9871098 0.1238765 -0.101335 0.947363 -0.3198403 0.01433539 0.8844248 -0.4665181 0.01240295 0.9848809 -0.1732328 -1.97628e-4 0.979192 -0.2027358 0.009015321 0.9847403 -0.1740311 1.62835e-4 0.9845307 -0.1750386 -0.007802665 0.01732981 -0.9993247 0.03240197 0.3575541 -0.9332532 0.03454726 -0.1138797 -0.9933403 0.01750677 -0.1738801 -0.9847511 -0.005589008 -0.175295 -0.9843789 -0.01642423 -0.1760358 -0.9843658 -0.005963206 -0.1752666 -0.9845211 -1.59839e-4 -0.1740134 -0.9847157 -0.007382571 -0.1947786 -0.9807965 0.009977698 -0.3688278 -0.9293467 0.01676118 -0.1734804 -0.9848372 -4.47669e-4 0.08167868 -0.9958463 0.04023295 -0.1766452 -0.9842608 0.005232453 -0.1713119 -0.9852169 -1.0595e-4 -0.9357312 -0.3513675 0.03079098 -0.7660194 -0.6428171 -6.99466e-4 -0.5833103 -0.8106895 0.05031704 -0.9933732 0.113915 0.01527482 -0.9956778 0.07331204 0.05701947 -0.9285889 -0.3710607 -0.006065487 -0.773831 -0.6333914 9.26234e-4 -0.929061 0.3692424 0.02248728 -0.9847996 0.1736116 -0.005360782 -0.9850509 0.172264 1.99417e-5 -0.9795805 0.2004312 0.01579314 -0.9851391 0.1717582 -2.08054e-4 -0.8103083 0.5846672 0.03956025 -0.9835698 0.1783555 0.02792996 -0.9846643 0.1744596 5.15739e-4 -0.9844776 0.1753502 0.007509946 -0.9847472 0.173948 0.003877937 -0.9849078 0.1730564 -0.002883493 -0.9843891 0.1754411 0.01408636 -0.9845477 0.1751173 0 0.08184248 -0.995831 0.04028201 0.3978148 -0.917383 0.01232492 0.3207246 -0.9471707 0.001902699 0.6499963 -0.7599327 0.002654433 0.8215528 -0.5695171 0.02648049 0.934118 -0.3563792 0.02043402 0.9935041 -0.1132737 0.01089692 -0.7552567 -0.5931224 0.2789142 -0.9718783 -0.2101675 0.1062179 -0.9729635 -0.005809664 -0.2308858 -0.9975316 -0.002869606 -0.07016056 -0.9979096 -0.01306098 -0.06329357 -0.9993244 -0.03039318 0.02066385 -0.9979163 -0.01306533 -0.06318622 -0.9998368 -0.0110439 0.01430368 -0.9870789 -0.1591628 0.0185135 -0.9998367 -0.01104211 0.01430594 -0.9870789 -0.1591629 0.01850742 0.7059813 -0.001917302 0.7082279 0.7087336 -0.001566231 0.7054745 0.6795414 -0.1766496 0.7120522 0.6692801 -0.2667405 0.6934794 0.6795313 -0.1768278 0.7120177 0.6692618 -0.2668912 0.6934391 0.6167865 -0.5136335 0.5964521 0.02306246 -0.9996087 0.01583433 -4.55454e-4 -0.9999656 0.008290708 -0.09451669 -0.9954839 0.008861541 -0.2101855 -0.976913 0.03825235 -6.38753e-4 -0.9999654 0.008299171 -0.1743193 -0.9846688 0.00633955 0.228618 -0.9680781 0.102755 -0.710571 -0.07876396 -0.6992032 -0.5571128 0.1751275 -0.811761 -0.5570876 0.1751004 -0.811784 -0.5569998 0.175278 -0.811806 -0.5569871 0.1752664 -0.8118173 -0.3473603 0.4115911 -0.8425756 -0.1096455 -0.9936626 0.02474945 -0.1794546 -0.9836168 0.01714533 -0.1788161 -0.9837315 0.01724058 -0.2470983 -0.968943 0.009597599 -0.02426123 0.9996374 0.01168012 -0.2569634 0.9664046 0.005664646 -0.01144957 0.9999089 0.007162451 -0.09213328 0.9957224 0.006955683 -0.2363623 0.970021 0.05649977 0.2176231 0.9745088 0.05452358 0.1110572 0.9932198 0.03436249 0.07696866 0.9967006 0.02576547 0.07686328 0.996709 0.02575397 0.1108933 0.9932393 0.03432798 -9.8266e-4 0.9999508 0.009875893 0.004285454 0.9999417 0.00991863 -0.005177617 0.9999704 0.005701541 -0.007876455 0.9999645 0.003009498 -0.1614623 -0.986753 -0.01576018 -0.1743134 -0.9839051 -0.03931599 -0.1614719 -0.9867503 -0.01583647 -0.1743277 -0.9839025 -0.03931725 -0.2718109 -0.9616105 -0.0377373 -0.294603 -0.9550247 0.03371846 -0.1616942 -0.9844962 0.06798726 -0.1127573 -0.9747861 0.1925566 -0.294583 -0.9550296 0.03375673 -0.07763224 -0.9161641 0.3932134 0.006049633 0.001013994 -0.9999813 0.002887964 -0.00288558 -0.9999917 0.001425623 0.008614897 -0.9999619 -3.13869e-4 0.01363015 -0.9999071 -0.02906084 0.0121265 -0.9995042 -0.04237729 -0.0070526 -0.9990769 -0.01470309 -0.01817363 -0.9997268 -0.02822214 -0.02905797 -0.9991793 -0.009956538 -0.04359835 -0.9989995 0.001132249 -0.02169054 -0.9997641 0.00765568 -0.007615864 -0.9999417 0.006076812 0.001018762 -0.9999811 0.001134812 -0.02168464 -0.9997642 -0.002020657 0.9999588 0.008856058 0 1 3.59701e-6 0 1 -3.83526e-6 0 1 3.41274e-6 -0.1285297 0.7208817 -0.6810358 -0.08605533 0.9277271 -0.363204 -0.08607643 0.927726 -0.3632014 -0.05990564 0.9718451 -0.2278782 -0.08601683 0.9277923 -0.3630464 -0.01301169 0.9998133 0.01428902 -0.01952844 0.9995797 0.02142673 -0.01300078 0.9998134 0.0142852 0 1 2.88926e-6 0.9899726 0.07601553 -0.1190631 0.9155463 -0.167527 -0.3656634 0.9155547 -0.1675711 -0.3656222 0.9154766 -0.167691 -0.365763 0.9154694 -0.1676539 -0.3657976 0.7259722 -0.3899345 -0.566494 -0.9015148 0.4152531 0.1218033 -0.9116309 0.1665211 0.3757659 -0.9116425 0.166499 0.3757473 -0.911599 0.1663733 0.3759084 -0.9115959 0.1663802 0.3759131 -0.8063518 -0.1034091 0.5823259 -0.1239423 -0.9921045 0.01915913 -0.1637339 -0.9864175 0.01310712 -0.1637348 -0.9864172 0.01311373 -0.1637247 -0.986419 0.01310968 -0.1637244 -0.9864191 0.01310807 -0.2032107 -0.9791092 0.007121384 0.8480143 -0.5294856 0.02273547 0.7200187 -0.6932415 0.03145551 0.4530935 -0.8912053 -0.02143752 0.4529542 -0.8912762 -0.02143168 0.5734527 -0.8191832 -0.009536206 0.07118821 -0.9970259 0.02952259 -0.09091091 -0.9956491 0.02044844 -0.3132026 -0.949346 -0.02542513 0.07106959 -0.9970337 0.02954673 -0.5413286 -0.8406969 -0.01385939 -0.01300168 -0.003475487 -0.9999095 -0.006509304 -0.001739144 -0.9999774 0.002539038 -0.002911567 -0.9999926 0.01752769 -0.003003239 -0.9998419 0.03483837 -0.006171047 -0.999374 0.04193305 -0.0066244 -0.9990984 0.05183398 -0.009442865 -0.9986111 -0.1255695 -0.6763979 -0.7257536 -0.1373527 -0.7986602 -0.5858978 -0.1886795 -0.7946898 -0.5769473 -0.3531412 -0.8882033 -0.2939152 0.01302772 -0.9096682 -0.4151314 -0.4596872 -0.8592658 -0.2243884 -0.09166699 -0.9939348 -0.06075412 -0.201995 -0.9793224 -0.01122194 -0.1978209 -0.9787964 -0.05314576 -0.1978421 -0.9787944 -0.05310446 -0.2019903 -0.9793232 -0.01122671 -0.1981864 -0.9787514 0.05261188 -0.1978574 -0.9787904 -0.05312108 -0.1981827 -0.9787496 0.05265885 -0.1090596 -0.9854743 0.1301787 -0.09381794 -0.9950469 0.03286331 -0.3090198 -0.9470906 0.0867533 -0.08267396 -0.9936914 -0.07577878 -0.09377676 -0.9950519 0.0328291 -0.1109294 -0.9930506 0.03930872 -0.1109628 -0.9930461 0.03932899 -0.1699911 -0.9787968 -0.1142796 -0.3934961 -0.8996036 -0.1894051 -0.1699498 -0.9788122 -0.1142102 -0.1671574 -0.9854822 0.02972239 -0.1576868 -0.9571563 -0.2428722 -0.4185554 -0.8962235 0.1469524 -0.3936057 -0.8995525 -0.1894204 -0.4597855 -0.8592443 -0.2242693 0.06730723 -0.9807913 0.1830803 0.4678487 0.883623 0.01811176 0.6645871 0.7465473 0.03148102 0.8903583 0.4548687 -0.01888751 0.8904353 0.4547184 -0.01887345 0.8132957 0.581697 -0.01337021 0.9972712 0.05751436 0.04628515 0.9943376 -0.09783375 0.04148864 -0.01465606 -0.01814037 -0.999728 0.03706121 0.02470153 -0.9990077 0.02472275 0.01647818 -0.9995585 -0.001649439 9.77872e-4 -0.9999982 0.02468979 0.01645272 -0.9995598 -0.001608312 9.532e-4 -0.9999983 -0.002433657 0.001441121 -0.999996 -0.002424299 0.001435756 -0.9999961 -0.00164026 9.72328e-4 -0.9999982 -0.004955589 0.002899944 -0.9999836 0.7939063 -0.5658993 0.2224209 0.9462463 -0.323436 -0.002711176 0.9462413 -0.3234503 -0.002726674 0.9462807 -0.323334 -0.002833306 0.9462885 -0.3233117 -0.002804934 0.9730232 -0.03792458 -0.2275691 -0.08047068 0.3086282 -0.9477728 -0.007186651 0.03518676 -0.999355 0.02475965 0.1302403 -0.9911733 0.3615745 -0.1380501 -0.9220663 0.1650024 0.1339436 -0.9771558 0.1567275 0.04271435 -0.9867178 0.02473747 0.1301617 -0.9911842 -0.002399325 0.4443414 -0.8958544 -0.08604961 0.05205166 -0.9949302 0.1565933 0.04265326 -0.9867418 -0.02641725 -0.1205841 -0.9923516 0.204745 0.01369315 -0.9787197 -0.1469694 0.0104354 -0.9890861 -0.07468658 0.1076337 -0.9913814 -0.1469563 0.01043939 -0.9890879 -0.07463485 0.1076928 -0.9913788 -0.02056425 0.2044293 -0.9786654 0.2047571 0.01379817 -0.9787155 -0.02043443 0.2044408 -0.9786657 0.1649705 0.133952 -0.97716 0.02674061 0.4171598 -0.9084397 -0.0745508 0.1076247 -0.9913926 -0.05922251 0.2691853 -0.9612659 -0.05928057 0.2693767 -0.9612086 0.1441947 -0.02199649 -0.9893049 0.07700598 -0.01607364 -0.9969012 0.04896908 -0.0106697 -0.9987434 -0.006346583 -0.003228962 -0.9999747 -0.02643686 0.005770504 -0.9996339 -0.03610712 0.008578777 -0.9993111 -0.05067789 0.01682829 -0.9985733 0.7040672 -0.5374199 -0.4641869 0.6788853 -0.5576624 -0.477627 0.6337561 -0.7561055 -0.1632725 0.6336698 -0.7562078 -0.1631336 0.6336666 -0.7562108 -0.163132 0.4725103 -0.8664579 0.161198 0.004407048 -0.02081066 -0.9997738 0.01226311 -0.01595926 -0.9997975 0.007180929 0.02817416 -0.9995773 -0.009178996 0.04376471 -0.9989997 -0.04711526 0.05266416 -0.9975002 -0.04490745 -0.01205372 -0.9989184 -0.02999788 -0.02609699 -0.9992092 0.00447309 -0.02082508 -0.9997732 -0.02999252 -0.02602386 -0.9992113 0.002048969 -0.01432162 -0.9998953 -0.001036047 -0.00619775 -0.9999803 0.004411876 -0.01091212 -0.9999308 0.01180857 -0.005537629 -0.999915 0.01894539 0.001022934 -0.99982 0.01058697 0.03886061 -0.9991886 -0.00943011 0.05807656 -0.9982676 -0.0260325 0.03445857 -0.9990671 -0.0262016 0.04787194 -0.9985098 -0.05346339 0.01523232 -0.9984536 -0.03226512 0.001888692 -0.9994776 0.002972185 -0.002965748 -0.9999912 -0.001035034 -0.006193995 -0.9999803 -0.03229731 0.001892566 -0.9994765 -0.9845651 0.1749032 0.006377279 -0.9845287 0.1752014 0.002780973 -0.9836501 0.1800796 0.001946508 -0.9831641 0.1827245 -4.10139e-4 -0.932114 0.362162 0.001547217 -0.9831641 0.1827245 -4.10361e-4 -0.9818031 0.1899019 2.45062e-4 -0.9946773 0.001109182 -0.1030334 -0.9520201 -0.1518504 -0.2657054 -0.8917006 -0.2245966 -0.3929716 -0.7750276 -0.4381981 -0.4553184 0.02120047 0.520514 0.85359 0.009804844 0.2786845 0.9603326 0.007223367 0.1802127 0.9836012 -1.56743e-4 0.00119102 0.9999994 0.001958608 -0.01493871 0.9998865 0.5445331 0.838738 -0.001574277 0.2026796 0.9632108 0.1764822 0.3716317 0.9283801 4.68036e-4 0.3884337 0.9028586 0.1842975 0.480243 0.8320593 0.2775681 -0.2680381 -0.008768796 0.9633684 -0.2157356 -0.01475894 0.9763403 -0.1020328 -0.05892175 0.9930346 -0.07935243 -0.03092712 0.9963668 -0.08869922 -0.02146828 0.9958271 -0.06496214 0.02496618 0.9975754 -0.02331155 -0.006804406 0.9997051 -0.2678061 -0.01189625 0.9633995 -0.3897789 -0.07536387 0.9178196 -0.04674333 -0.9489318 0.3119996 -0.03020125 -0.9833581 0.17915 -0.01828086 -0.9933785 0.1134244 -0.003803908 -0.999915 0.01246988 0.00552231 -0.9998207 -0.01811039 0.99972 -0.01927858 -0.01372861 0.9998475 -0.01007258 -0.01426941 0.9999021 -0.006753683 -0.01225966 0.9999333 -4.63368e-4 -0.01155227 0.9999023 -0.00673294 -0.01225107 0.9999338 -4.56866e-4 -0.0115025 0.9999663 -3.84893e-5 -0.008221507 0.109286 0.001182019 -0.9940097 -0.005525946 -0.008607149 -0.9999477 -0.002770662 -7.62529e-4 -0.999996 -0.001118123 -2.20326e-4 -0.9999994 -0.002729475 -7.16359e-4 -0.999996 -0.001028418 -2.02344e-4 -0.9999995 6.61308e-6 0 -1 -0.001081824 -2.12761e-4 -0.9999995 -0.0015226 1.86891e-4 -0.9999989 -0.002017736 0.007264554 -0.9999716 -0.001649618 4.68591e-4 -0.9999986 0.1392222 0.001908183 -0.9902594 -0.0010342 -2.03484e-4 -0.9999995 0.08563512 -0.0164448 -0.9961909 7.74754e-7 0 -1 0.09671324 -0.01231426 -0.9952361 -0.001099824 -2.16248e-4 -0.9999995 -1.87217e-5 0 -1 0.5419795 0.006644845 -0.8403655 0.3352823 -0.003333747 -0.9421119 0.6510586 -0.02537518 -0.7586033 0.7098227 0.01632153 -0.7041913 0.9007164 -0.02182102 -0.4338595 0.9660739 -0.01092249 -0.2580352 0.9983288 0.009810924 -0.05695199 0.9999654 -0.001885414 -0.008114755 0.9962113 -0.01614737 0.08545374 0.9891759 0.00138092 0.1467285 0.9951089 -0.01309597 0.09791272 0.9431043 -0.002234637 0.3324896 0.7616542 -0.02602428 0.6474609 0.7095359 0.01720643 0.7044593 0.4352348 -0.02576363 0.8999483 0.2587099 -0.01538246 0.9658326 0.05764967 0.008387625 0.9983018 0.01250547 -0.002957284 0.9999175 -0.0669068 -0.01779937 0.9976004 -0.09667903 -0.02333134 0.9950422 -0.3267194 -0.009773433 0.9450709 -0.5612954 -0.006470143 0.8275903 -0.6470055 -0.0233854 0.7621267 -0.3268601 -0.009736835 0.9450226 -0.7097747 0.02118057 0.7041103 -0.9011262 -0.0202167 0.4330855 0.01245564 -0.002945363 0.9999181 -0.06688946 -0.01779288 0.9976018 0.1282445 0.002029001 0.9917406 -0.001442253 9.55234e-4 0.9999985 0.2587629 0.004074871 0.9659324 0.5021151 0.006373703 0.8647774 0.9999656 -0.001876056 -0.008078217 0.989151 0.001386821 0.1468966 0.9867919 0.002710282 -0.1619713 0.9803165 0.002560019 0.1974163 0.8234477 0.004339396 0.5673757 0.7826808 0.007397711 -0.6223796 0.9443923 0.004961192 -0.3287835 -0.0424757 -0.9990937 0.002785742 -0.05448675 -0.9984028 0.01493686 -0.03445565 -0.9994017 0.003023803 -0.02030879 -0.9997916 0.002099275 -0.03444105 -0.9994022 0.003015398 -0.02026689 -0.9997925 0.002091169 0.002831161 -0.9999415 -0.01045292 0.04569524 0.9513001 0.3048611 0.02965122 0.9839912 0.1757336 0.01793152 0.993645 0.1111222 0.00382483 0.9999125 0.01266407 -0.005484163 0.9998199 -0.01816976 0.006027162 0.9993594 -0.03527808 -0.2353946 0.9711256 -0.03878903 -0.5666207 0.8236612 0.02287495 -0.5667443 0.8235756 0.0228908 -0.4455575 0.8951723 0.01205205 -0.8491834 0.5278486 -0.01623928 -0.917737 0.3971705 -0.003792524 -0.9826617 0.1796581 0.04581522 -0.8492292 0.5277749 -0.01623421 -0.9964036 -0.07292026 0.04315775 -0.004968106 -0.002902507 -0.9999835 -0.002392947 -0.00141865 -0.9999962 -0.001609444 -9.53911e-4 -0.9999983 -0.001649558 -9.77615e-4 -0.9999982 -0.0024333 -0.001441657 -0.9999961 0.02365243 -0.01576268 -0.999596 -0.001608371 -9.53102e-4 -0.9999983 0.02366733 -0.01577466 -0.9995954 0.03549748 -0.02365964 -0.9990897 -0.02595096 0.03438568 -0.9990717 0.01144236 -0.9995353 0.02825534 0 -1 2.07951e-6 0 -1 1.74924e-6 0 -1 -1.53979e-6 0 -1 -8.01102e-7 0 -1 -2.80344e-6 0 -1 2.7642e-6 0 -1 1.29306e-6 0 -1 1.61562e-6 0 -1 -3.04354e-5 0 -1 1.21173e-6 0 -1 1.74872e-6 0 -1 -1.80257e-6 -0.009565293 -0.9999522 -0.002034366 -0.009600341 -0.9999518 -0.002041935 -0.009590029 -0.9999431 -0.004678308 0.005676865 -0.9993466 0.03569436 0.01145011 -0.9995342 0.02828788 0.0229097 -0.9979012 0.06056636 0.02289831 -0.9979035 0.06053322 0.03668159 0.2861559 0.9574807 0.1369399 0.2532138 0.9576693 0.5056669 0.5236907 0.6856012 0.1709319 -0.0328992 0.9847335 0.5177925 -0.1542007 0.8414947 0.2743995 -0.3858485 0.8808099 0.6386016 -0.5785279 0.5074383 0.4673879 -0.4030059 0.7868512 0.2507894 -0.1571186 0.955206 0.6093793 0.2808654 0.7414658 0.7156429 0.0919637 0.6923858 0.4424812 0.07187288 0.893893 -0.05755758 -0.6825393 -0.728579 -0.2152849 -0.959482 -0.1817877 -0.1369436 -0.7614734 -0.6335651 -0.2972902 -0.8799641 0.3705157 -0.244522 -0.6903666 0.680884 -0.2085958 -0.9041509 0.3728256 0.3885452 0.807074 0.4445947 0.6853963 0.601723 0.4100747 0.6179527 0.7817389 0.08377861 -0.5231092 0.04351985 0.8511539 -0.5230684 0.04352009 0.851179 -0.5231092 0.04352009 0.8511539 0.6440513 -0.7311794 -0.2248883 0.5987075 -0.7847018 0.1606002 0.6766754 -0.735512 0.03365176 -0.1845511 -0.9666905 -0.1773421 -0.1406248 -0.4854925 -0.8628567 -0.3473384 -0.9236479 -0.1619587 -0.9840501 0.00965625 0.1776297 -0.7361923 -0.10703 0.6682556 -0.9605377 -0.2145636 0.1770021 -7.32176e-4 -0.1795281 -0.9837526 -0.02095776 -0.3976635 -0.9172919 -0.1480579 -0.658603 -0.7377811 -0.08290654 -0.9699715 -0.2286527 -0.01244115 -0.7255389 -0.6880688 -0.2265595 -0.7114733 -0.6651892 -0.5745682 -0.001262187 -0.8184558 -0.9062016 0.02190619 -0.4222781 -0.794455 -0.125959 -0.5941175 0.7605798 -0.6270916 -0.1681506 0.7216359 -0.674066 0.1577236 0.6386761 -0.5785785 0.5072867 -0.4691259 -0.1621168 -0.8681239 -0.2404996 -0.1064578 -0.9647936 -0.5972342 -0.08981812 -0.797022 -0.2411764 -0.1070528 -0.9645588 -0.12347 -0.2819843 -0.9514411 -0.08707582 -0.3000277 -0.949948 0.5137959 0.8523589 0.09745919 0.7334065 0.6797885 -0.001642227 0.6638822 0.7264192 -0.1776954 -0.1482096 -0.6586191 -0.7377364 -0.3972607 -0.4354333 -0.8078254 -0.4002043 -0.4809985 -0.7800494 0.9034724 -0.3994319 0.1555375 0.7200695 -0.6431829 -0.2604147 0.7588265 -0.6190389 0.2024185 -0.9743039 -0.1541282 -0.1642458 -0.8500233 -0.2798826 -0.4462356 -0.8076756 -0.5758087 -0.1269032 0.6886665 0.6308051 -0.357524 0.6179581 0.7817446 0.08368486 0.8370513 0.5200855 -0.1698709 -0.5694512 -0.7718375 -0.2828292 0.0254386 -0.1450768 -0.9890933 0.02318429 -0.5886412 -0.8080619 -0.02447241 -0.2908396 -0.9564588 0.5354472 0.3688215 0.7597809 0.7368437 0.4650759 0.4906789 0.8790704 0.4382123 0.1876308 -0.9042108 -0.4240224 0.05106747 -0.8700612 -0.4560434 0.1871311 -0.8465221 -0.5272906 -0.07324761 0.9083035 -0.384074 -0.1657466 0.8305356 -0.5291922 0.1736849 0.7478371 -0.4602119 0.4784818 -0.2085475 -0.9041582 0.372835 -0.04839408 -0.7649769 0.642237 0.07047969 -0.927673 0.3666818 0.9844521 0.1635833 -0.06398952 0.9561829 0.1017861 -0.2745066 0.1994283 -0.9787264 0.0481972 0.09003269 -0.9799506 0.1777389 0.1801772 -0.8742254 0.4508503 0.08924871 -0.9427143 0.3214414 0.01182484 -0.8349495 0.5501996 0.2939919 -0.5077771 0.8097724 -0.6107636 -0.6311374 -0.4781565 0.9936485 -0.09756946 -0.05606132 0.9263704 -0.08566701 -0.3667414 0.0617519 0.7131378 0.6982988 0.08344173 0.9855508 0.147402 -0.005136013 0.9442479 0.3291953 0.7477596 -0.460164 0.4786489 0.4551451 -0.06162053 0.8882825 0.3426454 -0.1327024 0.9300454 -0.4539114 -0.8733779 0.1765657 -0.2366421 -0.8712141 0.4301005 -0.3794852 -0.8973109 0.2254422 -0.3904199 -0.3724987 0.8419128 -0.4362344 -0.8240895 0.361353 -0.6812846 -0.6937906 0.2334651 -0.056032 -0.9027506 0.4264996 0.1946642 -0.9091663 0.3681339 -0.2594024 -0.8674505 0.4245469 -0.1541631 0.9378381 0.3109557 -0.2319229 0.8460839 0.4799519 -0.4965051 0.7879357 0.3641978 0.7915796 0.4072963 -0.4555345 0.6416123 0.3116861 -0.7008462 0.8523874 0.2897673 -0.4352822 0.08357304 0.9855328 0.1474474 0.06192791 0.9963885 0.05809497 0.1817077 0.9827076 0.03561073 -0.02572655 0.9259987 0.3766493 0.133108 0.9896748 0.05316084 0.220187 0.9750561 -0.02798777 0.497579 -0.8673511 -0.01082825 0.6404218 -0.767262 -0.03419095 0.6938406 -0.7196266 -0.02688568 0.1331536 0.9896689 0.05315637 0.1544148 0.9501852 0.2707474 0.3291826 0.9348473 0.1330394 -0.2083399 -0.1322675 -0.9690717 0.184266 -0.4204452 -0.8884098 0.1994779 -0.9787191 0.0481407 0.3512995 -0.9362431 -0.006124258 0.06815707 -0.9948498 0.07502388 -0.551768 -0.6456437 0.527917 -0.5962691 -0.6048128 0.527887 -0.6911876 -0.7007387 0.1767062 -0.759254 0.4446926 0.4751651 -0.5266662 0.1178882 0.8418582 -0.4105808 0.1986473 0.8899229 -0.01451319 0.9997805 -0.01511007 0.1177048 0.9908748 -0.06567174 0.1404047 0.9889395 -0.04780304 -0.4380619 0.8989439 0.001270949 -0.111693 0.9918121 0.06191611 -0.135475 0.9867197 0.08961504 0.01393181 0.1089671 -0.9939478 -0.2622045 0.3458092 -0.9009245 -0.1827812 0.0852791 -0.9794481 0.04825061 -0.7136292 -0.69886 -0.1148701 -0.676567 -0.7273665 -0.2843044 -0.6645578 -0.6910384 0.4541156 0.06998866 0.8881895 0.5380735 -0.1355991 0.8319194 0.4928779 -0.1601009 0.8552422 0.2862294 0.8552133 0.4320684 0.2296049 0.6020819 0.7647085 0.1386303 0.8509553 0.5066132 0.04078215 -0.7271105 0.6853082 0.1294137 -0.6811558 0.72061 0.2579463 -0.7528184 0.605581 -0.2830317 -0.8977939 0.3374303 -0.1567532 -0.9842522 0.08170813 0.01418 -0.9957342 0.09117251 0.6721528 -0.7205587 0.1703112 0.6831994 -0.2645711 0.6806179 0.5362427 -0.7976412 0.276066 -0.5036364 -0.5333149 0.6796512 -0.6754395 -0.4250133 0.6026154 -0.3305392 -0.3120928 0.8906974 -0.8684785 0.3741893 -0.3251578 -0.6803208 0.4533215 -0.5759022 -0.6236457 0.6078165 -0.4915539 -0.1110297 0.3230953 -0.9398308 -0.06079292 0.1348769 -0.9889957 0.1420688 0.325465 -0.9348204 -0.6032374 -0.3507186 0.7163108 -0.7116374 -0.5270314 0.4645538 -0.749412 -0.6409375 0.1660747 -0.8208547 0.3833457 -0.4233717 -0.8803398 0.1488265 -0.4503917 -0.9381397 0.09475529 -0.3330396 0.7267196 -0.6868656 -0.009716629 0.662949 -0.7485179 -0.01481944 0.6938295 -0.7196376 -0.02687901 0.464837 0.8768826 -0.1224895 0.152931 0.983734 -0.09423124 0.1131622 0.9861425 -0.1213147 0.6911316 -0.3244934 -0.6457872 0.4501445 -0.5923457 -0.6682041 0.4501358 -0.5923326 -0.6682215 -0.6603881 0.05249965 -0.749087 -0.8390479 0.1896613 -0.5099288 -0.7636572 0.3786337 -0.5229383 -0.8875949 -0.09520429 -0.450679 -0.9629628 -0.0577653 -0.2633742 -0.8803532 0.1486602 -0.4504203 0.4200267 0.6299591 -0.6532452 0.2385636 0.9077898 -0.3449711 0.1083911 0.870538 -0.4800156 -0.8743066 0.1788409 0.4512248 -0.9366583 0.3380985 0.09143662 -0.924371 0.3597614 0.1269257 0.7800964 -0.5722546 -0.2529314 0.7786636 -0.5923281 -0.2069554 0.8226811 -0.5530703 0.1315636 0.2045505 0.9788505 0.003313601 0.2045505 0.9788505 0.003313481 0.2045505 0.9788505 0.003313481 0.7516115 -0.1596807 0.639986 0.9029512 -0.3104977 0.2971035 0.761413 -0.4309676 0.4842697 0.926308 -0.0856592 -0.3669006 0.7651845 -0.06505894 -0.6405156 -0.9754328 -0.04685837 -0.2152561 -0.9927036 0.1153065 -0.03527176 -0.9962899 0.04476469 -0.07350242 -0.6342749 -0.7717752 0.04537129 -0.8418372 -0.5397142 0.00433731 0.1644681 0.939552 -0.3003206 -0.5439316 -0.8371736 -0.05726212 -0.3683726 -0.9160424 -0.1586446 -0.307785 -0.9511465 -0.02426469 0.9093667 0.1721709 0.3786945 0.137463 -0.1777153 0.9744338 0.1844348 -0.04582178 0.9817761 0.5602492 0.0338149 -0.8276336 0.2892775 0.2429414 -0.9259039 0.2003531 -0.005189299 -0.9797101 -0.1750738 0.8386591 -0.515752 0.9976924 -0.01149916 -0.06691592 0.9392926 -0.2169029 -0.2658621 0.9061855 -0.3948319 -0.1514456 0.2402433 -0.4491792 0.8605354 0.1869058 -0.571296 0.7991791 0.886314 0.3501062 0.3031059 0.9213994 0.06919687 0.3824069 0.3640721 0.9297256 0.05533367 0.0818988 0.9349979 0.3450674 0.09023189 0.9928565 0.07806521 -0.02403777 0.221665 0.9748266 -0.1041033 0.4550471 0.8843611 0.02975064 0.6986178 0.7148764 -0.3331903 0.8542025 0.3991521 -0.07030373 0.9971067 0.02890866 -0.4919183 0.8665014 0.08480387 0.3017421 -0.9168115 -0.2615504 -0.8825296 -0.4454718 -0.150654 -0.9928029 -0.1194465 -0.008664548 -0.8730351 -0.4873184 -0.01818633 0.7314727 -0.5896968 0.3423528 0.8270001 -0.558825 0.06152749 0.8729602 -0.4351157 0.2204876 -0.6957497 -0.7171446 0.0404483 -0.8471471 -0.5310022 -0.01945412 -0.1861463 0.9546315 0.2324401 -0.3917273 0.699146 0.5981175 -0.003358304 0.9779995 0.2085807 0.1528105 0.4587391 0.8753328 0.01899683 0.1257354 0.9918819 0.03855848 0.422887 0.9053618 0.440383 -0.8949894 -0.07111138 0.1217593 -0.9919583 -0.03454899 0.5661938 -0.823286 -0.04030853 0.4405249 -0.8949229 -0.07106953 0.6078437 -0.3339865 -0.7204021 0.7158981 -0.5111095 -0.4756648 0.760566 -0.6270691 -0.1682966 0.8191891 -0.2369528 -0.5222861 0.9397801 -0.04487001 -0.3388218 0.9628308 -0.2427065 -0.1185349 -0.911779 -0.3703767 0.1774269 -0.5842725 -0.7750759 0.2405889 -0.8557083 -0.4972003 -0.1433712 -0.8570478 -0.00797677 0.5151752 -0.6344341 0.09862065 0.7666599 -0.8293207 -0.5557107 0.05841988 -0.944189 -0.2317996 0.2340434 -0.9132539 -0.3860908 0.1300053 -0.03502321 -0.04222571 -0.998494 -0.4603447 -0.2974751 0.8364158 -0.3857964 -0.375088 0.8428941 -0.4829158 -0.2499428 0.8392384 0.8934621 0.4282364 0.1354225 -0.2130979 -0.62646 0.7497581 -0.3858276 -0.3750775 0.8428844 -0.2401832 -0.4559496 0.8569843 -0.2599526 -0.4099667 0.8742723 0.4347333 0.0783295 0.8971463 0.4458196 0.1243034 0.88645 0.1245828 0.2674747 0.9554772 -0.6453958 0.7578402 0.09561663 -0.8609962 0.4914875 0.1308651 -0.525302 -0.8408667 0.1303886 -0.5220005 -0.8430569 0.1295014 -0.7699182 -0.5892527 0.2449639 -0.05957555 0.4097391 -0.9102554 -0.2029141 0.4872156 -0.8493803 -0.4585765 0.5206485 -0.7201617 -0.6942964 0.6005676 -0.3965744 -0.4940655 0.5802239 -0.6474871 -0.2521578 0.6916859 -0.6767476 0.2136854 -0.4188808 -0.8825404 0.2887036 -0.5030003 -0.8146417 0.1485047 -0.3416803 -0.9280091 0.6002236 -0.643046 0.4756296 0.5495076 -0.8275733 -0.1147347 0.8378526 -0.3359761 -0.4302594 0.542442 -0.6666439 -0.5112168 0.8683114 0.1108025 0.4834855 0.7804043 0.05445885 0.6228992 0.807269 -3.4502e-4 0.5901836 -0.7146601 0.3671562 0.5953633 -0.6549959 0.5082174 0.559192 -0.4791183 0.6821557 0.552367 0.1669418 0.9777665 0.1268983 0.0514568 0.961188 0.271053 0.2455745 0.8534162 0.4597543 0.06222057 0.9091243 -0.4118517 0.2088662 0.8716808 -0.4433369 0.3448328 0.820371 -0.4561598 0.371981 0.9140582 -0.1616407 0.1178174 0.9908606 -0.0656839 0.1669828 0.9777833 0.1267144 0.8488177 -0.1084175 0.5174497 0.8072558 -4.53629e-4 0.5902017 0.7679508 -0.05665618 0.6379981 -0.6310882 0.4878579 0.603094 -0.8671228 0.2653223 0.4215475 -0.2141194 0.965938 0.1453161 -0.1252648 -0.2182393 0.9678225 -0.1776876 -0.7971432 0.5770528 -0.1915839 -0.3300102 0.9243317 -0.5319607 0.1480394 0.8337278 -0.6576298 -0.04930722 0.7517259 -0.9657115 0.05817991 0.2530148 0.1966357 -0.2805411 0.9394845 0.5747771 -0.3476805 0.7407763 0.6183612 -0.4307492 0.6573314 -0.9833541 0.005992531 0.1816012 -0.8672127 0.265172 0.4214571 -0.944898 -0.07684886 -0.3182172 -0.9447796 -0.2180992 -0.2445899 -0.8419302 -0.5395695 0.004288554 0.02547723 0.3902357 -0.9203625 -0.2902069 0.04259085 -0.9560157 0.7531586 0.4268532 -0.5005482 0.8089681 0.2908965 -0.5108326 -0.9962899 0.0448538 -0.07344967 -0.9431921 0.1381973 -0.3021428 -0.8743604 0.4748688 -0.09996712 -0.472372 -0.8381701 -0.2726455 -0.5718443 -0.3485401 -0.7426399 -0.2593891 -0.2038619 -0.9440115 -0.7467676 -0.2677633 -0.608803 0.7821581 0.1566036 -0.6030789 0.4792085 -0.353532 -0.8033519 0.5643494 -0.281557 -0.7760384 0.1525483 -0.4418154 -0.8840408 0.3008923 -0.50733 -0.8075149 -0.4611366 -0.8819273 0.0977618 -0.1622608 -0.9167168 0.3651055 0.03967165 -0.9955167 0.08586472 -0.7733212 -0.5511862 -0.3133179 -0.5209143 -0.8221808 -0.2294936 -0.5209088 -0.8221797 -0.2295099 0.1523997 -0.4417739 -0.8840872 0.2200263 -0.02906823 -0.9750608 0.3073078 -0.1807317 -0.9342901 0.2374774 0.3148607 0.918949 -0.02466106 0.3134105 0.9492975 0.1874594 0.5010612 0.8448649 -0.08947455 -0.9668123 -0.2393085 -0.1934574 -0.9808534 0.02238142 0.1087986 -0.889261 -0.4442723 0.06880134 0.005836844 0.9976133 0.2464088 -0.2339316 0.9405099 0.1921147 -0.1357896 0.9719327 -0.1935744 -0.9808313 0.02233386 -0.2318178 -0.9091196 -0.3460667 -0.4221898 -0.9013987 0.09610545 0.3377465 0.9369257 0.08998751 0.4259121 0.9045997 0.01726973 0.3150116 0.9248663 0.2130492 0.8701249 0.4925326 0.01715707 0.9792823 0.2024662 0.003713667 0.8701092 0.4925719 0.01682418 -0.6910983 -0.09183925 0.7169023 0.4928645 0.7835692 0.378291 0.344333 0.7319768 0.5879155 0.2861602 0.9125705 0.292109 -0.9720177 0.187067 -0.1420827 -0.952549 0.2847424 -0.1075744 -0.9869706 0.06304615 0.1480357 0.1495625 0.7143887 0.6835787 0.2128114 0.9604675 0.1794815 0.2234947 0.9475065 0.2286516 -0.06661272 -0.7993043 0.5972232 0.01858687 -0.9577577 0.2869754 -0.02066421 -0.9782754 0.2062776 0.2415502 -0.9679606 0.06860011 0.4858541 -0.8651208 0.1245467 0.2891529 -0.931176 -0.2220406 0.7805502 0.5712686 0.2537593 0.8886791 0.4584185 0.01009899 0.8009834 0.5709276 0.1801867 0.7115406 0.6663282 -0.2229725 0.8037797 0.5916694 0.06217539 0.8340374 0.4643868 -0.2978698 0.904214 -0.2676643 -0.3327956 0.9592277 -0.137203 -0.2470988 0.9793205 0.2022814 0.003684699 0.4540253 -0.4657687 0.759553 0.1838614 -0.7155005 0.6739837 0.6183039 -0.4308204 0.6573387 0.6295409 0.1165893 -0.7681701 0.301438 0.09541016 -0.9487003 0.7705626 -0.02180552 -0.6369913 0.1175625 0.7778857 0.6173112 0 0.8642897 0.5029945 0.2849787 0.9380036 0.1973233 -0.634596 0.7722403 -0.03054702 -0.6107661 0.7845097 -0.1072815 -0.819884 0.5575668 0.1300368 0.09452766 0.2268248 0.9693375 -0.1809303 0.4066804 0.895475 0.1464816 0.5329099 0.8333969 0.02114152 0.1764539 0.9840819 0.1671614 0.2485964 0.9540739 0.04227185 0.5140604 0.8567117 0.5247261 -0.8192839 -0.2311635 0.09463584 0.2267569 0.9693428 0.2559905 0.6106635 0.7493725 0.4687529 0.4855002 0.7379434 0.533644 0.7459026 0.3985641 0.1984783 0.9170821 0.3457841 0.2872803 0.9389821 0.1891629 0.4973306 -0.8523011 0.162004 0.1170979 -0.9799684 0.16109 0.0838623 -0.8201529 0.5659649 0.3181481 0.4049237 0.8572156 0.2097929 0.2138896 0.9540641 0.06716215 0.07831197 0.994664 -0.3204283 -0.9458013 -0.05278134 0.4177998 -0.5284615 -0.7390344 0.2602005 -0.3001596 -0.9177145 -0.4784747 -0.8780446 0.009983122 -0.7328639 -0.6803655 -0.003658115 -0.8723992 -0.4887401 -0.00726819 -0.2306784 0.774935 -0.5884414 -0.0342819 0.9932034 -0.1112294 -0.6138582 0.760013 -0.2134442 0.83583 -0.5236344 -0.16491 0.8685215 -0.4235247 -0.257483 0.6503141 -0.7293669 -0.2124041 -0.8946402 0.1341863 -0.4261609 -0.7947494 0.5169219 -0.3180646 -0.7615951 -0.4756374 0.4401614 -0.8871398 -0.1457295 0.4378881 -0.7902842 -0.1858648 0.5838709 0.5177547 -0.2628446 0.8141517 0.2099622 -0.05180102 0.9763363 0.9628255 -0.2428062 -0.1183734 0.9009427 -0.4191337 0.11238 0.429916 -0.8838191 0.1844889 0.2099466 -0.8879154 0.4093028 0.6893687 0.5047612 -0.5196028 0.8483864 0.1677397 -0.5020998 0.6893585 0.5047552 -0.5196222 0.9636361 -0.18477 0.1930428 0.8846968 -0.4489931 -0.1253669 0.9906572 -0.1098011 -0.08088278 -0.5733724 0.3372064 -0.7466833 -0.4049633 0.2021047 -0.8917166 -0.8552538 0.1110978 0.5061603 -0.8552538 0.1110978 0.5061604 0.3450095 0.8202822 -0.4561862 0.473571 0.7513979 -0.4594906 0.5832701 0.659469 -0.4742327 0.5833877 0.6593426 -0.4742639 0.6809554 0.5536511 -0.4793436 0.753096 0.4270089 -0.5005097 0.8254946 0.2689135 0.4962301 0.7866704 0.3988149 0.471271 0.7214224 0.526316 0.4500458 0.7213549 0.5264437 0.4500049 0.6409525 0.6428952 0.4193636 0.5366221 0.7407894 0.4040641 0.5365045 0.7408863 0.4040427 0.4210526 0.8234772 0.3802633 0.2862268 0.8834385 0.3709592 -0.1864791 -0.4156468 0.890204 -0.7653418 0.3765193 -0.5220013 -0.6534656 0.5731402 -0.4944626 -0.5654262 0.2634961 -0.7815774 -0.6282268 -0.0748201 -0.7744244 -0.5249236 0.08196091 -0.8471941 -0.581365 -0.3738961 -0.7226455 -0.7001501 -0.6981015 -0.1498139 -0.6390302 -0.2580237 -0.7246132 -0.717928 -0.4778577 -0.5061931 -0.0822786 -0.4141674 -0.9064744 -0.1145613 0.3071655 -0.9447355 -0.4417439 0.4196545 -0.7929393 -0.3434947 0.6063467 -0.7171856 -0.2499263 0.6365231 -0.7296405 -0.3862709 0.8359512 -0.3898467 -0.1364613 0.7620528 -0.6329722 0.8721519 -0.413247 -0.2618741 0.6999285 -0.7111247 -0.06634515 0.8425563 -0.4954677 0.2112123 -0.799703 -0.0981031 0.5923267 -0.6224243 -0.0699476 0.7795482 -0.8142561 -0.375608 0.4426125 0.4458656 -0.294608 -0.8452278 0.3674837 -0.04831284 -0.9287742 0.6362319 -0.4822083 -0.6022326 -0.4395012 -0.08270263 0.8944267 -0.2674458 -0.02696347 0.9631956 0.04699081 -0.04290527 0.9979735 0.5571781 -0.5257944 -0.642723 0.8157575 -0.5051012 -0.2818025 0.6502529 -0.7293745 -0.212565 -0.1030964 0.01480036 -0.9945613 -0.3713529 0.01109272 0.9284256 -0.1325249 0.07949048 0.9879871 0.006320953 -0.03157323 0.9994815 -0.3667563 0.8793923 0.3035771 -0.204483 0.5406253 -0.8160338 -0.4701784 0.2838222 -0.8356897 -0.4417675 0.419688 -0.7929083 4.20557e-5 0 1 -0.008512139 -0.9869635 0.1607191 0.29409 -0.5205839 -0.8015632 0.4390054 -0.2559171 -0.8612669 0.139998 -0.310891 -0.9400784 0.2630969 -0.5843371 -0.7676784 0.2134725 -0.2506847 -0.9442387 0.3352301 -0.9386317 0.08118885 0.6268937 -0.7634297 0.155498 0.1501056 0.9523614 -0.2654739 0.8430699 -0.4557124 -0.2855859 0.3836462 -0.3075049 -0.8707793 0.7403569 -0.6509481 -0.1677443 -0.8719063 0.04927998 -0.4871867 -0.8732762 0.01752895 -0.4869102 -0.9606068 -0.1937088 -0.1992776 -0.3779782 0.9191043 0.1112641 -0.1412166 0.9890234 0.04348313 -0.4576659 0.8812686 0.117931 -0.418777 -0.1517543 -0.8953192 -0.2075519 -0.6296257 -0.7486613 -0.1660077 -0.2660421 -0.9495594 -0.07185673 0.8024671 0.5923542 0.1503491 0.9274231 0.3424643 0.4258474 0.585861 0.6895078 0.3600754 0.8861121 0.2918065 0.4158964 0.4766834 0.7744697 0.712983 0.6038181 0.3564534 0.5322879 0.2912411 0.7948888 0.2761893 0.7585081 0.5902416 0.4214134 0.6536456 0.6286162 0.8117592 -0.4942096 -0.3111333 0.7827336 -0.6120623 0.112729 0.6927102 -0.6532127 -0.305722 -0.5044063 0.2292714 0.8324717 0.4406477 0.5517993 -0.7080588 0.08274716 0.6967252 -0.7125496 0.446978 0.6295357 -0.6355277 0.4517154 -0.2525959 -0.8556568 0.6287257 -0.4089459 -0.6614131 0.8190732 -0.2370489 -0.5224243 -0.639043 -0.7436403 0.1965279 0.938771 -0.3444836 -0.006341695 0.9387214 -0.3446186 -0.006339073 0.9387214 -0.3446186 -0.006339013 -0.8252943 0.181742 -0.534658 -0.7607619 0.1509807 -0.631226 -0.6785452 0.1923356 -0.7089312 0.1009593 0.9396901 -0.3267871 0.09209603 0.7226588 -0.6850422 0.1246704 0.8874483 -0.4437262 -0.7151719 0.5314269 -0.4539985 -0.4347416 0.6544773 -0.6185946 -0.7155238 0.6824109 -0.1494698 0.1432864 0.9870714 0.07182705 0.1432864 0.9870714 0.07182705 0.1432864 0.9870714 0.07182705 -0.1220667 -0.09966164 -0.9875056 0.09413939 -0.1107113 -0.9893841 -0.3434612 -0.006118774 -0.9391469 -0.2178626 -0.383356 -0.8975378 -0.1875271 -0.07770246 -0.9791813 -0.9883164 -9.69655e-6 -0.1524165 -0.9156547 0.312295 -0.2530776 -0.9106413 0.2059499 -0.358214 -0.08213675 0.006779074 0.996598 -0.2385269 -0.1802426 0.9542629 -0.4395416 -0.1839004 0.879195 -0.6031235 -0.2057507 -0.7706548 -0.5927942 -0.773594 -0.2239357 -0.4401028 -0.7609879 -0.4766622 -0.42317 -0.3738555 -0.8253237 -0.9979131 -0.06456065 0.00126481 -0.9879921 0.1544348 0.004647612 -0.8939524 0.4481577 -0.0019477 0.9964858 0.03846526 -0.07440823 0.981433 -0.1861 -0.04643338 0.9673411 0.1121391 -0.2273237 -0.3193083 0.6093301 0.7257817 -0.2475279 0.4216496 0.8723197 -0.4843781 0.3658407 0.794694 0.2846992 0.3803642 0.8799258 0.4615172 0.5771843 0.6736916 0.4615238 0.5771763 0.6736938 0.7827567 -0.6120136 0.1128334 0.8698281 -0.4887763 0.06705838 0.7580563 -0.6116154 0.2264449 0.8640958 -0.3955257 -0.3112843 0.9275692 -0.3535902 -0.1207872 0.6287221 -0.6512256 -0.4249868 0.6779403 -0.7309683 0.07798981 0.7214691 -0.6919611 0.0259301 0.7827074 -0.6120836 0.112796 -0.3877361 -0.4988377 0.7751269 0.1692999 -0.6402534 -0.7492751 0.146399 -0.8666573 -0.476941 0.2746036 -0.7233203 -0.633562 0.2228869 -0.4032739 0.88752 0.09120041 -0.7828676 0.6154681 0.07284098 -0.7947142 0.6025973 0.2470389 -0.502666 -0.8284315 0.2283903 -0.3415369 -0.9116964 0.1100228 -0.5868175 -0.8022096 -0.2692204 0.3376141 0.9019629 -0.3706982 0.599119 0.7096755 -0.1755391 0.1855296 0.9668324 0.8009257 0.571011 0.1801794 0.7378203 0.6749088 0.01092582 0.7068185 0.7072029 0.01648724 0.8804793 0.4627409 -0.1030875 0.6752716 0.5190975 -0.5239714 0.7276243 0.6757212 -0.118169 0.7155244 0.6768073 0.1730805 0.5493499 0.7497716 0.3688595 0.5422955 0.8401851 0.002201616 0.7157595 -0.6923999 -0.09094399 0.6701495 -0.5145916 -0.5348787 0.8671917 -0.4925478 -0.07331591 0.3405411 0.2681857 0.9011705 0.6040679 0.5461565 0.5803577 0.4311197 0.4663457 0.7724362 0.04980123 -0.09831577 -0.9939084 0.6931784 0.6958027 0.1880488 0.6155754 0.4887345 0.6182278 0.8009158 0.5709918 0.1802844 -0.5239673 0.36726 -0.7684911 -0.5024455 0.2008044 -0.8409674 -0.7074156 0.1505513 -0.6905778 0.5467373 0.6741473 0.4965922 0.436483 0.4845625 0.7580778 0.6155529 0.48875 0.6182379 0.7795305 -0.19358 -0.5957003 0.5399566 -0.1438091 -0.8293165 0.6890151 -0.218545 -0.6910111 -0.2198876 0.9651312 -0.1420258 -0.03133398 0.9941174 0.1036763 0.09655827 0.9813635 -0.166139 -0.8838515 0.3982544 -0.2453573 -0.8648414 0.09009683 -0.4938948 -0.6517499 0.3795675 -0.6566206 -0.9404631 -0.2090321 0.2680201 0.9308636 0.2350845 0.2796934 0.7848857 0.301528 0.5413275 0.8759251 0.4551483 0.1599858 -0.786352 -0.5549021 0.2715407 0.5486957 -0.6045064 0.5774991 0.2861016 0.883486 0.3709427 0.0319097 0.9994489 -0.009155333 -0.03127986 0.9941095 0.1037683 -0.1223942 0.7339692 -0.6680635 0.04161542 0.9771116 -0.2086171 -0.181388 0.8494155 -0.4955721 -0.1506254 0.1817693 -0.9717366 -0.2703423 0.173435 -0.9470139 -0.04078143 0.4016646 -0.9148784 -0.08560162 -0.7617284 0.6422168 -0.2123572 -0.8732395 0.4385854 -0.1141189 -0.9700818 0.2142856 0.5351383 -0.8289784 0.1625478 0.5376972 -0.8430078 -0.0148229 0.5859994 -0.7972901 0.1446838 0.5533968 -0.784288 0.280436 0.5700156 -0.729766 0.3775232 0.7269967 -0.6501961 0.2207283 -0.2317483 -0.9090986 -0.3461684 0.1087973 -0.8892439 -0.4443067 -0.08456546 -0.6667233 -0.7404923 -0.08483648 -0.09660476 -0.9917007 -0.3047502 0.05408143 -0.9508957 0.582942 0.2352514 0.7777118 0.4183568 -0.3295461 0.8463906 0.2443525 -0.2504357 0.9367891 0.05946338 -0.1687737 0.9838596 -0.7188338 0.2713433 -0.6400398 -0.7651412 0.3738201 -0.5242304 -0.7144761 0.008040666 0.6996138 -0.9048559 0.1272613 0.4062518 -0.3543764 0.2359647 0.9048414 0.9183586 0.1300648 0.3737654 0.7135343 0.1010808 0.6932904 0.9594592 0.135885 0.246928 -0.9141953 -0.04293698 0.4029933 -0.9934281 0.0769478 0.08473443 -0.9049139 0.1272585 0.4061232 0.02344614 0.4395511 0.8979116 0.05910652 0.1733921 0.9830777 0.2606796 0.07344961 0.9626273 0.0287764 0.1615219 -0.9864495 0.1718611 0.5247084 -0.8337536 0.1660613 0.3464299 -0.9232606 -0.6897159 0.1454513 0.7093208 -0.1381496 -0.008427917 0.9903755 -0.5614145 -0.03122609 0.8269454 -0.7507709 0.4514657 -0.4822053 -0.2751168 0.9288859 0.247955 -0.3511903 0.8167275 0.4578446 -0.2751268 0.9288827 0.2479561 -0.7439392 0.6236888 0.2399311 -0.9635781 0.2425577 0.1126201 -0.985688 0.1220363 0.1163027 -0.1759384 0.6182009 0.7660766 -0.06262314 0.6085853 0.7910135 0.7772988 -0.6289082 -0.0167616 0.4931333 -0.8698108 -0.01577192 0.7642446 -0.6449049 -0.005296349 0.9187232 -0.3948993 0.001480221 -0.3159703 0.03466188 -0.9481358 -0.1429608 0.09679299 -0.984984 -0.3124439 0.01204156 -0.94986 -0.4603375 -0.06265479 -0.8855302 -0.8928471 0.2778366 -0.3544445 -0.3905601 0.04334145 -0.9195566 -0.7496578 0.02280372 -0.6614328 0.7173654 -0.6555378 0.2359176 0.8736448 -0.4828631 0.05989933 0.8695109 -0.4092366 0.2765434 0.8010873 0.1406373 0.5817905 0.5836837 0.4939211 0.6444807 0.5765808 0.5584962 0.5963528 0.5836864 0.4939047 0.6444908 0.6682515 0.08993297 0.7384795 0.5716149 0.1299536 0.8101658 -0.2370775 0.6446633 0.7267762 -0.1642758 0.8539465 0.4937499 0.8695639 -0.4090775 0.2766119 0.9694085 -0.2323648 0.07908147 0.9382157 -0.1420513 0.3155517 -0.1973852 0.2527629 0.9471801 -0.07862573 1.1245e-4 0.9969043 -0.2309727 -0.02389657 0.9726668 -0.9440481 -0.1911702 -0.2687516 -0.7275766 -0.1895269 -0.6593269 -0.7714671 -0.09536308 -0.6290822 -0.4834017 -0.04410624 -0.8742868 -0.6094215 0.1362103 -0.7810584 0.7336495 -0.4765847 0.4843815 0.5824136 -0.5052149 0.63683 0.9341721 -0.1669194 0.3153735 0.3783417 -0.3294609 0.865051 0.1700928 -0.06774705 0.9830966 0.4815346 -0.2034805 0.8524789 -0.702632 -0.374746 -0.604875 -0.6964255 -0.2482414 -0.6733259 -0.5476117 -0.6948614 -0.4661429 -0.7376208 0.195077 -0.6464213 -0.6582259 0.3187909 -0.6819906 -0.5947699 0.5310075 -0.6035561 -0.8043981 0.5255352 -0.2770497 -0.3384841 0.9253274 -0.1708732 -0.6513729 0.669338 -0.3573514 -0.02711129 -0.02998363 -0.9991827 0.1078194 0.04549932 -0.9931288 0.2734276 -0.2356684 -0.9325758 -0.277371 -0.8929979 0.3544292 -0.245629 -0.9671071 0.06610912 -0.5494417 -0.8179128 0.1706829 0.6177355 0.6478301 0.4457793 0.1688798 0.5588484 0.8118917 0.6984167 0.489074 0.5225139 0.3539036 0.1523659 -0.9227876 0.2192326 0.6497249 -0.72787 0.129763 0.2087319 -0.9693259 0.8111816 -0.5354863 0.2350296 0.4714386 -0.5703725 0.6726225 0.6369516 -0.5314664 0.5584229 -0.1319482 0.7483701 -0.6500245 -0.1791265 0.9604498 -0.2131897 -0.05550694 0.6640679 -0.7456091 0.1460299 0.4943536 0.8569071 -0.06629061 0.2510905 0.965691 0.21318 0.4341236 0.8752664 0.9160192 -0.3801831 0.1279439 0.9410548 -0.2252437 -0.2523514 0.8983193 -0.3194632 -0.3016054 0.3889272 -0.2822158 0.8769778 0.3888664 -0.2825369 0.8769013 0.7573091 -0.2860391 0.5870816 0.931387 -0.2952346 0.2129667 0.8772019 -0.4589683 0.140944 -0.7737375 0.5804952 -0.2536842 -0.8443142 0.4482567 -0.2935974 -0.6025146 0.7696632 -0.2111746 0.9525908 0.2988275 -0.05721127 0.9913401 0.01670551 -0.1302539 0.9888392 0.09270679 0.1166304 -0.4756858 0.8778025 -0.05644524 -0.3436909 0.926693 -0.1520415 -0.2222217 0.9734288 0.05526274 -0.4515866 0.5453763 -0.7061405 -0.2868958 0.6192761 0.7308817 -0.1760658 0.6181978 0.7660499 -0.4036818 0.04763966 0.9136584 -0.07555109 -0.03471094 0.9965376 -0.1324695 0.07949757 0.987994 0.5114518 -0.3298721 -0.7934743 0.4927394 -0.476985 -0.7278003 -0.1837397 0.1277611 0.9746368 -0.1493669 0.3823437 0.9118679 -0.2338641 0.2148579 0.9482319 -0.02058047 -0.9917716 0.1263549 -9.0373e-4 -0.9631441 0.2689846 -0.01104617 -0.8994451 0.4368942 -0.8571319 -0.008066475 0.515034 -0.973255 -0.1137568 0.1995846 -0.4740974 0.585506 -0.6575822 -0.3719155 0.8781532 -0.300875 -0.6364648 0.7713039 0.001649618 0.4149203 0.8625835 0.2894665 0.07405912 0.9762504 0.203594 0.542259 0.5900772 0.598134 -0.4004261 0.09190577 -0.9117085 -0.4839323 0.04608738 -0.873891 -0.6974509 0.0614022 -0.7139973 -0.04117619 0.6366832 0.7700253 -0.3601967 0.7307181 0.579922 -0.5100842 0.3124958 0.8013492 0.887166 0.2462132 0.3902765 0.8293796 0.5155519 0.2152573 0.6457458 0.2471839 0.7224351 -0.7246345 0.5724312 0.3837025 -0.5743977 0.3582202 0.7360337 -0.4833901 0.8219208 0.301298 0.662611 -0.005538761 -0.7489433 0.8892219 0.07476043 -0.4513264 0.9688423 -0.01155948 -0.2474086 -0.1006433 -0.9253608 0.3654839 -0.4714099 -0.6409773 0.60574 -0.2935994 -0.9130411 0.2831174 -0.6748417 -0.2091117 -0.7077153 -0.078808 0.9968727 0.00585246 -0.6946972 0.6227559 0.3599599 -0.7206643 0.6913815 -0.05132907 -0.8592404 0.4807752 0.1748175 -0.3685414 -0.3127257 0.8754313 -0.523878 -0.1887761 0.8306115 -0.6427856 -0.1568838 0.7498095 0.01827585 -0.9985524 0.05058902 -0.09059661 -0.9484036 0.303847 0.1028272 -0.9705957 0.2176481 0.03432756 -0.3752235 0.9262986 0.3025782 -0.1960206 -0.9327499 0.2180538 -0.4466599 -0.8677254 0.1083914 -0.5788413 -0.8082044 -0.1517708 0.5344333 0.8314727 0.05967319 0.3349432 0.9403469 -0.0161764 0.2098901 0.9775912 0.2423208 0.8795115 0.4095611 0.1735249 0.9556389 0.237999 0.4987478 0.8605226 0.10369 0.008782744 0.1825877 -0.9831504 0.1154165 0.2974204 -0.9477448 0.4515833 -0.2524813 -0.8557604 0.00841844 -0.8162832 -0.5775906 -0.119785 -0.9880305 -0.09719729 -0.01526105 -0.9926397 -0.1201409 -0.893584 0.107945 -0.4357243 -0.7809644 0.03814643 -0.6234097 -0.8935244 0.1084206 -0.4357283 -0.3938056 0.7999755 -0.4527209 -0.6937145 0.5912249 -0.4113556 -0.6255776 0.7756791 -0.0835148 -0.7494269 -0.6409673 0.165893 -0.7096729 -0.6884227 -0.1497951 -0.6221701 -0.6084606 -0.4926257 8.46622e-6 0 1 0.002138197 0.001933157 0.9999959 -0.6221391 -0.6083746 -0.492771 -0.4527758 -0.4482764 -0.7707414 -0.2430569 -0.2010999 -0.9489375 -0.085258 -0.9941039 0.06699669 -0.4060534 -0.9094656 -0.08940386 -0.4860278 -0.8738285 -0.01417911 -0.0324127 0.2565486 -0.9659877 -0.1366963 0.213242 -0.9673894 -0.5125803 0.4987211 -0.6989555 0.4626312 -0.3157764 0.8284067 0.4744699 -0.2163697 0.8532659 0.3762068 -0.5253459 0.7632039 -0.7881539 0.5795583 -0.2071852 0.04888796 -0.1448447 0.9882459 0.2068466 -0.5569112 0.8044031 0.3210655 -0.3932016 0.8615739 0.5427529 -0.6030275 0.5846171 0.4768446 -0.4334784 0.764667 0.714883 -0.5641921 0.4130734 0.5208371 -0.4171161 0.7448107 0.4793772 -0.5886042 0.6509552 -0.6458405 -0.2872427 -0.7073767 0.1131713 0.9861471 -0.1212695 0.07357436 0.9844896 -0.159271 0.05437189 0.9529884 -0.2980886 0.1471639 -0.6297423 -0.7627369 0.08447295 -0.9886859 -0.1239546 0.2022483 -0.7379055 -0.6438875 -0.1519453 0.5343706 0.831481 -0.3392835 0.4289901 0.8371704 -0.1144481 0.9136289 -0.3901073 -0.04843676 0.9924937 -0.1122959 -0.2838665 0.9247786 -0.2533859 -0.06702351 0.9936152 -0.09075653 0.1910924 0.9750798 0.1127077 -0.3096575 0.9506976 -0.0169239 -0.04010522 0.6221754 -0.7818499 0.03322672 0.1787268 -0.9833375 -0.1145157 0.3071236 -0.9447547 0.06597632 0.4308822 -0.8999933 -0.0867713 -0.416602 -0.9049384 0.215512 -0.2092441 -0.9538194 -0.1936395 -0.5286209 0.8264768 -0.2536575 -0.6034104 0.7560119 -0.2899496 -0.7434162 0.6027119 0.2718001 -0.2434796 0.9310438 0.03731888 -0.3649067 0.9302959 0.0367605 -0.5616723 0.8265428 0.7775999 0.0283339 0.6281207 0.7584556 -0.07111191 0.6478335 0.7619092 -0.148041 0.6305381 0.7891857 -0.09092462 -0.6073868 0.7079666 -0.1509886 -0.6899172 0.6068763 -0.0630185 -0.7922941 0.722348 -0.68618 -0.08585172 0.8587274 -0.4333959 -0.2734141 0.5141491 -0.8277121 -0.2248192 0.6735037 0.1803168 -0.7168533 0.4851081 0.0640034 -0.8721088 0.6918326 -5.19078e-5 -0.7220579 0.05372118 0.99296 -0.1055674 0.09054905 0.9652127 -0.2452865 0.1408544 0.9459799 -0.2920313 -0.2537687 -0.6032978 0.7560644 -0.6474617 -0.4659538 0.6030592 -0.154632 -0.3502397 0.923808 0.01676428 -0.9309689 0.3647134 -0.1634144 -0.9710834 0.1740487 -0.05885243 -0.9347739 0.3503344 -0.1075212 0.3180375 -0.9419615 -0.4027863 0.571949 -0.7145891 -0.1953308 0.286281 -0.9380241 -0.759737 -0.2394381 0.6045404 -0.8702419 -0.2556689 0.421085 -0.9061165 -0.3899065 0.1640915 -0.8377426 -0.5189204 -0.170027 -0.752386 -0.4583778 -0.4730804 -0.5324301 0.3784932 -0.7571402 -0.7394627 0.4682394 -0.4836804 -0.8836005 0.4292414 -0.187089 -1.28189e-4 0 -1 0.0182569 -0.9985586 0.05047398 -0.02445316 -0.9991192 -0.03410154 0.08528053 -0.9914158 0.09910678 -0.2839028 0.9248088 -0.2532352 -0.3313358 0.9406024 0.07405269 -0.5405332 0.8410839 -0.02004849 -0.2118112 0.8873192 0.409635 -0.401951 0.8849976 0.2349778 -0.07289725 0.9873067 0.1411084 0.677694 0.01843112 -0.735113 0.4719945 0.03923571 -0.8807281 0.389572 0.06884026 -0.9184197 -0.1152473 -0.9922117 -0.04726487 -0.2352048 -0.9702151 0.05797898 0.01817506 -0.9985624 0.05042672 -0.8302368 0.3389376 0.4425247 -0.6994075 0.7016565 0.1360419 -0.8935835 0.3113148 0.3234065 0.7977269 0.6022781 -0.02988177 0.9994498 -0.02967566 -0.01481682 0.966333 0.2532461 -0.04546451 -0.9960998 -0.0263431 0.08420926 -0.9703765 0.1264469 0.2058656 -0.991249 -0.1317796 0.007722795 0.4002559 -0.9162909 -0.01436209 -0.7523413 -0.4583129 -0.4732146 -0.4534852 -0.0586428 -0.8893325 -0.3386927 -0.1255306 -0.9324856 -0.3290256 0.1213423 0.9364925 -0.06960082 0.02558594 0.9972468 0.5261389 -0.7317596 0.4332504 0.6746819 -0.7051896 0.2179728 0.1869816 -0.9702396 0.1538608 -0.9749934 0.00544089 0.2221673 -0.886389 0.4220195 0.1903002 -0.9391247 0.2328358 0.2526509 -0.1189924 0.54957 -0.8269304 -0.2740905 0.6030731 -0.7491177 -0.2754541 0.4941254 -0.8246001 -0.2740978 0.6031712 -0.7490361 -0.2678969 0.7014491 -0.6604547 -0.9912369 -0.1318743 0.007658064 -0.8925952 -0.3374839 -0.2989627 -0.643692 -0.7472264 -0.1652677 0.9617261 -0.273182 -0.02132111 0.9876398 0.1435505 -0.0629366 0.9915208 0.1136956 -0.06292891 0.6104378 -0.7784578 -0.1461824 0.5089015 -0.8175077 -0.2696306 0.2791206 -0.8086321 -0.5178861 0.8212171 0.5705187 -0.01053768 0.8591304 0.4963912 -0.1244623 0.9420926 0.3328369 -0.0410037 -0.4952946 -0.8489767 0.1841793 0.9896679 -0.03164666 0.1398428 0.9800984 -0.1401811 0.1405572 0.9343988 -0.3498096 0.067321 0.2606982 0.07329738 0.9626339 0.06457781 -0.157123 0.9854655 0.2717742 -0.2433213 0.9310927 0.04092824 0.5899482 -0.8064032 -0.1188027 0.5496368 -0.8269132 0.691826 -9.5366e-5 -0.7220643 0.4853276 -0.0654214 -0.8718815 0.6826204 -0.183856 -0.7072669 -0.8637357 -0.4777794 0.1602733 0.2277424 -0.9660015 -0.1223703 0.7274098 -0.6470234 -0.2285515 0.4074949 -0.898219 -0.1647745 0.6413607 -0.7199714 -0.2651373 0.2592224 -0.9580833 -0.1219848 0.8197421 -0.2688676 -0.5057007 0.4478505 -0.192941 -0.8730429 0.8410421 -0.4062724 -0.3571987 -0.6689595 -0.2485984 0.7004942 -0.9141311 -0.04300999 0.4031309 -0.7144796 0.007917881 0.6996115 0.7354266 -0.6615618 0.1465736 0.8474668 -0.5297949 -0.03342896 0.9859376 -0.150425 0.07279694 0.09150987 0.9791303 0.1814661 0.001223742 0.9352223 0.3540591 0.1688749 0.5588909 0.8118634 -0.2589055 0.0163502 -0.9657644 -0.4548426 0.06770741 -0.8879944 -0.6191142 0.02164578 -0.7850026 -0.001807928 -0.4438451 -0.8961017 0.1140267 -0.501891 -0.8573817 0.07805371 -0.6221939 -0.7789624 -0.319195 0.9471484 -0.03200757 -0.2212133 0.9744592 0.03865373 -0.5121111 0.8404869 -0.1769864 0.625896 0.5086202 0.5912359 0.7177371 0.5779399 0.3883801 0.6839005 0.6885616 0.2411701 0.3355584 -0.006239712 0.9419988 0.3604301 -0.03680258 0.93206 0.369991 0.2344749 0.8989595 0.01711332 -0.91909 0.3936759 0.06312763 -0.9894961 0.1300479 0.1761898 -0.9606802 0.2145946 0.3987027 0.8852812 -0.2394022 0.3768569 0.8756027 -0.3021571 0.3035774 0.9225172 -0.2383336 0.6041575 -0.7460616 -0.2799748 0.8565099 0.09206402 -0.5078534 0.8625054 0.03614968 -0.5047552 0.7795455 0.1563453 -0.6065188 -0.4839692 -0.8682495 0.1091645 -0.4839692 -0.8682495 0.1091645 -0.483969 -0.8682494 0.1091645 0.6618452 0.7490752 -0.0291087 0.8425152 0.5257211 -0.1174115 0.8191176 0.5734232 -0.01524311 0.1482011 -0.9792407 0.1382897 -0.06468528 -0.9946336 0.08074563 0.1152366 -0.9915673 -0.05928671 -0.8443209 0.4481769 -0.2936998 -0.2429093 0.5905193 -0.7695987 -0.8368454 0.3057585 -0.4540944 -0.04602712 -0.9646124 -0.2596236 0.04309272 -0.90175 -0.4301049 0.05131399 -0.960061 -0.2750452 -0.9088784 0.3836531 -0.163556 -0.8415894 0.5133045 0.168065 -0.7541185 0.4509273 0.4774619 -0.536251 -0.3701757 0.7585544 -0.7397714 -0.4639312 0.487346 -0.8841618 -0.4271952 0.1891096 -0.7145525 -0.3357304 0.6137588 -0.7414725 -0.1668896 0.6498972 -0.7222642 -0.1335688 0.6785969 0.09859955 0.4727852 -0.875644 0.09454953 0.5442854 -0.8335549 0.1447525 0.7649 -0.6276742 -0.2489088 -0.8829675 0.398011 -0.09927254 0.9147197 0.3917053 0.6001362 0.7769693 -0.1901453 0.5429939 0.8221993 -0.1707217 0.3469452 0.7953138 -0.4970967 0 -1 -1.41227e-5 -0.4492039 -0.706313 0.5471178 -0.2280144 -0.7733708 0.5915294 -0.2820131 0.9455148 -0.1626973 -0.1929799 0.7647628 -0.614733 -0.08073478 0.8213935 -0.5646191 0.6038017 0.5890552 0.5370638 0.6261803 0.6431094 0.4408046 0.8206989 0.3912116 0.4164216 0.804781 0.0311495 -0.592754 0.6490993 -0.1058881 -0.753298 0.4390072 0.04535162 -0.8973383 0.6854718 0.03846359 -0.7270826 0.3050916 0.05086541 -0.9509636 0.5426281 0.117181 -0.8317592 0.9746634 0.2185335 -0.04769068 0.952749 -0.002027869 0.303752 0.9938356 -0.005445003 0.1107303 0.6499078 -0.111602 0.7517746 -0.4597852 0.0765618 0.8847236 -0.5502644 0.3827868 0.7420806 0.1571179 0.6254619 -0.7642718 -0.1648328 0.6429446 -0.7479655 0.1847534 0.9816887 0.04640465 0.03418958 0.9955419 -0.08790612 -0.02905082 0.9953452 0.09189063 -0.6456527 -0.6000239 0.4723387 -0.4493717 -0.7062424 0.5470712 0.4659463 0.8727371 -0.1456854 0.1768091 0.9010035 -0.3961456 0.2807554 0.8978139 -0.339274 -0.7060019 0.5600152 -0.4335256 -0.6916913 0.1230686 -0.71163 -0.6803916 0.3578304 -0.6395505 -0.6916064 0.122986 -0.7117269 -0.6916159 0.1229735 -0.7117198 -0.1192971 -0.1443829 -0.9823044 -0.02350348 0.2816458 -0.9592307 0.02224773 0.5650163 -0.8247797 0.02876561 0.1614473 -0.9864621 0.9080197 0.3837373 0.1680651 0.8344925 0.5235826 -0.1717084 0.7503432 0.4593366 -0.4753891 -0.1464542 -0.8777216 -0.4562414 -0.339604 -0.9295099 -0.1438069 -0.06434184 -0.9953981 -0.07101297 -0.3649949 -0.9303664 0.03460156 -0.3412988 -0.9287899 -0.144446 -0.5936923 -0.7972968 0.108846 -0.9394733 -0.2327055 -0.2514717 -0.7443426 -0.4727123 -0.471696 -0.7454295 -0.4613144 -0.4811694 0.9382386 -0.1418913 0.3155554 0.9963146 0.03127497 0.07987034 0.9376372 0.1289122 0.3228284 -0.8049159 0.5932178 -0.01424854 -0.9395527 0.278003 -0.1998876 -0.8092203 0.476421 -0.3437815 0.7502817 0.4592885 -0.4755328 0.4533624 0.05848842 -0.8894053 0.3392783 0.1248808 -0.93236 -0.6861289 0.5017819 -0.5267277 -0.5984402 0.7605694 -0.2518007 -0.8297511 0.5393335 -0.1436401 -0.2539348 -0.1694209 0.9522677 -0.3792285 -0.0465036 0.9241338 -0.7817474 0.1897961 0.5940106 -0.6968743 0.2693585 0.6646896 -0.3885944 0.2147629 0.8960309 0.4427621 0.2239274 -0.868227 0.5676597 0.2746694 -0.7760924 0.2421227 0.4266449 -0.8714073 -0.3258601 -0.9444717 0.04229074 -0.7512922 0.3002259 -0.5877282 -0.5391928 0.5341033 -0.6511566 -0.8091556 0.4764441 -0.3439015 -0.5293294 0.6398773 0.5571064 -0.2782111 0.9351179 0.2194383 -0.1095306 0.9877005 0.1115834 -0.9558246 0.01350229 0.2936277 -0.7462007 0.2180703 0.6289912 -0.7818246 0.189681 0.5939456 0.03505611 0.4062629 0.9130836 0.02408665 0.2222887 0.9746834 0.1081005 0.653915 0.7488054 0.09753954 0.8105309 -0.577517 0.3290452 0.7333843 -0.5948755 0.1490462 0.939649 -0.3079693 0.4009346 0.337914 0.8515078 0.05493879 -0.04628801 -0.9974163 0.185194 0.2883015 -0.9394602 0.4395248 0.4395304 -0.7833461 0.6614734 0.7384933 -0.1306926 0.5158342 0.5544373 -0.6530807 0.3692051 0.5147846 -0.773747 0.1783434 0.9839563 0.004876911 0.2270604 0.954977 0.1909518 0.118466 0.8590718 0.4979574 0.2150526 0.4962266 -0.8411372 0.2256922 0.6409583 -0.7336454 0.1852498 0.2883493 -0.9394345 -0.9964796 -0.07926231 -0.02731353 -0.9079723 -0.3820769 -0.1720567 -0.9034065 -0.3888736 -0.1806493 0.9462433 0.01145881 -0.3232527 0.9173825 -0.2353175 -0.3209909 0.9879493 -0.09024918 0.1257434 0.7608506 -0.6226865 -0.182669 0.8375977 -0.2752875 -0.4718548 0.9734495 -0.2254003 -0.0398851 0.4755913 -0.5235227 0.7069207 0.5296124 -0.1458885 0.8356 -0.8767238 -0.4639781 -0.1268059 -0.4696309 -0.8607345 -0.1964256 -0.7443376 -0.4727659 -0.4716503 -0.9120493 -0.3975431 -0.1006261 -0.8470427 -0.5297451 0.04346215 -0.5721729 -0.8147456 -0.09385055 -0.1469448 -0.4061761 -0.9019026 -0.4537218 -0.3297737 -0.8278803 -0.465726 -0.3063611 -0.8302062 0.9376112 0.1290542 0.3228472 0.9525123 0.2930318 0.08278185 0.8644325 0.3929169 0.3136444 0.8940795 0.02423697 -0.4472521 -0.005610167 -0.9917111 -0.1283649 -0.02235907 -0.7958068 -0.6051377 -0.1463552 -0.8776674 -0.4563771 0.7801381 0 -0.6256075 0.9797478 -0.01487767 -0.1996818 0.09157353 0.7745338 0.6258689 0.05226385 0.8992272 0.434349 -0.1280365 0.9815869 0.1417527 0.07263451 0.9811705 0.1789656 -0.6860983 0.5017622 -0.5267865 -0.3870266 0.6223925 -0.6803221 -0.2910212 0.8941776 -0.3402252 0.2409819 0.6455101 0.7247375 0.1338887 0.7868779 0.6024094 0.4564722 0.7086939 0.5379463 0.7918285 -0.0197103 0.6104256 0.5577642 0.1080437 0.8229372 0.2494383 0.1597731 0.9551195 0.6227758 0.3356225 0.7067587 0.3040215 0.8700903 0.3879613 0.1341217 0.6968939 0.7045214 0.02584314 0.8821957 0.4701735 -0.3661929 0.1631391 -0.9161269 -0.3059824 0.04140728 -0.9511363 0.5405795 0.8411443 -0.01581811 0.6880965 0.7211627 -0.08029645 0.7371551 0.6757236 0 0.02143788 0.1371793 0.9903143 0.05936539 0.07882821 0.9951191 0.04208439 0.3195922 0.9466202 -0.06144404 -0.987752 -0.1434245 0.1653214 0.03216326 0.9857152 0.8340725 0.278655 0.4761036 0.4402514 0.09294503 0.8930509 0.7074324 0.6276187 0.325014 0.6666604 0.7421821 0.06877243 0.5103065 0.857432 0.06631678 0.6738083 0.664028 -0.3241131 0.5258771 0.8433353 0.1106293 0.7957377 0.602429 0.06229746 0.414925 0.6655831 -0.620352 0.4987812 0.6036392 -0.6219624 0.5287356 0.703399 -0.4750459 -0.5405278 -0.2189006 -0.8123498 -0.09938645 -0.1757146 -0.9794115 -0.4453046 -0.06936317 -0.8926885 0.5828377 0.6002345 -0.5477398 0.5773609 0.5350942 -0.616708 0.4988893 0.6035505 -0.6219617 -0.3144941 -0.1007021 -0.9439028 -0.1559134 -0.07675749 -0.9847839 -0.04004651 -0.2917438 -0.9556578 0.4525352 0.4645106 -0.7612107 0.3092045 0.3749082 -0.8739774 0.06546753 0.9788071 0.1940383 -0.0504831 0.7981539 0.6003347 -0.1434921 0.926575 0.3476619 -0.2083476 -0.6593028 -0.7224342 -0.549102 -0.5848786 -0.596996 -0.550003 -0.5368102 -0.6397904 0.1302744 0.1311888 -0.9827606 0.03507018 0.5440424 -0.8383246 -0.1054786 0.1329932 -0.9854882 0.9652919 0.1070001 0.238249 0.7914888 0.1670293 0.5879173 0.9652925 0.1069966 0.2382486 0.08263868 0.5344505 0.8411502 0.02132999 0.1378052 0.9902297 0.06251984 0.964454 0.2567484 -0.1615484 0.9758028 0.1473471 0.005949676 0.9930283 0.1177266 -0.3657136 -0.860637 -0.3543411 -0.1663541 -0.4715968 -0.8659808 -0.1918522 -0.3581771 -0.9137296 -0.9155111 -0.2559695 0.3103531 -0.8739758 -0.4300781 -0.2262725 -0.9216459 -0.3800106 0.07849103 0.01059144 -0.0556181 0.998396 -0.009940624 -0.2086668 0.9779363 -0.02873575 -0.5977209 0.8011891 0.5787841 -0.7886176 -0.2075849 -0.4877851 0.858358 -0.1590198 0.5361424 -0.3652232 -0.7610279 0.7459871 -0.4474537 -0.4932429 0.8834882 -0.4286915 -0.1888705 0.7055489 -0.1955909 0.6811352 0.6398831 -0.1014005 0.761753 0.6524853 -9.7751e-5 0.7578014 0 1 -1.37404e-5 -0.1329305 -0.04317557 -0.9901846 -0.3307006 0.1177895 -0.9363562 -0.5653354 0.07370793 -0.8215613 0.5576707 -0.1529692 -0.8158454 0.6885474 0.09088093 0.7194743 0.08408439 -0.06969809 0.9940182 0.5576992 0.107889 0.8230015 -0.5896799 0.2256231 -0.7754817 -0.5654143 0.07372218 -0.8215058 -0.823756 0.04201078 -0.565386 0.6907489 0.6976194 -0.1902449 0.3792048 0.3019693 -0.8746532 0.8134191 0.5032809 -0.2916471 0.864377 0.393051 0.3136297 0.8405949 0.5364367 0.07507252 0.7075393 0.6275206 0.3249709 0.9811866 0.07044833 -0.1797498 0.9568895 0.2371334 0.167721 0.6525053 3.74253e-5 0.7577842 0.6581425 0.1013159 0.7460454 0.7304766 0.203854 0.6518033 0.7798564 0.3984861 -0.4827348 0.4510968 0.1925632 -0.8714536 0.8690215 0.3057146 -0.3890244 0.8835487 -0.4286354 -0.1887148 0.9400423 -0.09103465 0.3286843 0.8922057 -0.1421977 0.4286594 0.1484205 -0.341584 -0.9280582 0.3189836 -0.7633941 -0.5616751 0.02543014 -0.1450094 -0.9891034 0 0 -1 0.006010949 -0.1526835 -0.9882569 6.12641e-7 0 -1 -1.54539e-7 0 -1 0.006017386 -0.1526832 -0.9882569 -0.34182 -0.00523132 -0.9397509 -0.3436162 -0.9195849 -0.1905038 -0.4487685 -0.8890236 -0.09079611 -0.3682627 -0.9160757 -0.1587069 -0.1966718 -0.9697486 -0.1445951 -0.3208017 -0.9453038 -0.05905234 -0.8301045 -0.5569646 -0.026775 -0.5439893 -0.837135 -0.05727761 -0.8301608 -0.5568791 -0.02681159 -0.7329908 -0.6799032 -0.02136242 -0.9539031 -0.2523128 -0.1625022 -0.8301696 -0.5568661 -0.02680885 -0.9659308 -0.1424582 -0.2160634 -0.9851643 -0.1343615 -0.1067624 -0.9625436 -0.270807 -0.01316988 -0.9970119 -0.07620579 -0.01265394 -0.9856937 -0.1248384 -0.113241 -0.9812496 -0.1197953 -0.1509917 -0.9765507 0.08434283 -0.1980785 -0.9604082 -0.002744376 -0.2785834 -0.9765409 0.08429193 -0.1981487 -0.9659204 -0.1423653 -0.2161712 -0.9286307 0.03139591 -0.3696748 -0.8818449 -0.1745485 -0.4380441 -0.9597211 -0.2263038 -0.1664995 -0.9797582 0.1999081 -0.01052969 -0.9682696 0.2297146 -0.09841352 -0.9797257 0.2000682 -0.01049768 -0.9192264 0.3932973 -0.01843953 -0.8981857 0.439462 0.01165151 -0.8472505 0.5201086 -0.1079523 -0.8153172 0.5302889 -0.2324904 -0.8008705 0.4915204 -0.3420737 -0.8303882 0.5442587 -0.1193231 -0.8582572 0.511806 0.03806847 -0.8900957 0.4484372 0.081447 -0.9322959 0.3616597 -0.005174577 -0.8278116 0.5592065 -0.04490047 -0.7452319 0.6625401 -0.07529985 -0.6905947 0.7199957 -0.06844806 -0.546403 0.8360361 -0.04987448 -0.7451673 0.662616 -0.0752725 -0.3445937 0.9386011 -0.01682597 -0.7232841 0.6905503 7.28017e-4 -0.8704733 -0.4890439 -0.05578917 -0.01425617 -0.9981021 -0.0599097 -0.162136 -0.9619156 -0.2200693 0.2351276 -0.9654566 -0.1122882 0.4974055 -0.8674504 -0.01084518 0.1218103 -0.9919531 -0.03451597 0.3912726 -0.9194152 -0.03976857 0.1696598 -0.9844624 -0.0452705 0.01917576 -0.9669526 -0.2542346 0.003016352 -0.8828763 -0.469596 0.01906162 -0.9669437 -0.2542765 -0.7208145 0.1577671 -0.6749342 -0.3183076 0.1692436 -0.9327577 -0.41486 0.2672725 -0.8697451 -0.2240347 0.1541876 -0.962307 -0.06930369 -0.004769265 -0.9975843 -0.01716846 -0.0994125 -0.9948982 -0.31826 0.1692078 -0.9327805 -0.2949271 -0.1783549 -0.9387266 0.1116163 -0.2816978 -0.9529891 -0.094379 0.1087582 -0.9895779 -0.01712363 -0.09944278 -0.994896 0.232096 -0.07084214 -0.9701098 0.1659416 -0.0227425 -0.9858733 -0.1537641 0.1474269 -0.9770476 0.08620351 0.1472417 -0.9853369 0.3944267 -0.06090706 -0.9169068 0.5581244 -0.09615927 -0.8241665 0.1659966 -0.02276831 -0.9858635 0.4865006 -0.2749686 -0.8292825 -0.09032118 0.4138867 -0.9058367 0.3311263 0.5109418 -0.7932806 0.02010053 0.6546714 -0.7556464 0.02030688 0.6547177 -0.7556008 0.4442408 0.5156933 -0.7326053 0.4737242 0.7861744 -0.3968821 0.08938968 0.8515406 -0.5166121 0.2126129 0.871353 -0.4421988 0.4737637 0.7862167 -0.3967511 0.2797493 0.956449 -0.08334201 0.4950231 0.8661335 -0.06903022 0.8236582 0.5567374 -0.1078468 0.6181157 0.7659178 0.1769263 0.9132601 0.405402 0.04006654 0.8777632 0.4705435 -0.09011578 0.980172 0.09830641 0.1720426 0.9132672 0.4053807 0.04011881 0.9625135 0.07877039 0.2595438 0.9859327 0.1437242 0.08532387 0.2530915 0.961184 0.1098636 0.3263883 0.918511 0.223178 -0.1669495 0.8945356 0.4146493 0.04957014 0.7245188 0.6874703 0.1590383 0.9822992 0.09897065 0.09894388 0.9739693 0.2039464 0.04484117 0.9449921 0.3240048 0.2986013 0.9536685 0.03679281 -0.08189165 0.9799082 0.1818618 -0.2223667 0.8845911 0.4099409 0.1589294 0.9823123 0.09901642 -0.5515685 0.6529885 0.5190167 0.08522653 0.9893771 0.1177692 0.08931893 0.9884859 0.1221384 -0.01901811 0.9997355 -0.01293772 -0.4260646 0.8820237 0.2012545 -0.4299169 0.8971835 0.1011596 -0.5501165 0.7988398 0.2433659 -0.6019795 0.7896181 0.1188448 -0.8609558 0.4978095 0.1045981 -0.887614 0.4605417 0.006554424 -0.9151555 0.3658729 0.1691972 -0.9801124 0.150826 0.1289621 -0.8767997 0.1115371 0.4677411 -0.9786638 -0.08755999 0.1858782 -0.9942276 0.01233333 -0.1065801 -0.9756993 -0.1180193 -0.1846145 -0.9408217 -0.2786542 0.1928901 -0.8569222 -0.2471256 0.4523421 -0.8122841 -0.5046283 0.2924808 -0.8899844 -0.4513629 -0.06480282 -0.8499435 -0.5230114 -0.06368106 -0.8121863 -0.5047821 0.2924867 -0.3566786 -0.9330531 0.04682284 -0.8579607 -0.4961432 -0.1332122 -0.9343769 -0.2577145 -0.2460142 -0.837068 -0.1756101 -0.5181488 -0.9756817 -0.1179919 -0.1847248 -0.8900564 -0.2153328 -0.4017854 -0.9313297 -0.02532124 -0.3632959 -0.8735528 -0.01815861 -0.4863908 -0.9743337 -0.1540707 -0.1641227 -0.9788147 -0.08326804 -0.1870518 -0.8735229 -0.0181331 -0.4864453 -0.7575984 -0.1883173 -0.6249651 -0.3818683 -0.05680513 -0.9224695 -0.8342108 0.003932774 -0.5514318 -0.6701695 -0.1674942 -0.7230619 -0.9991613 0.04094916 0 -0.9867606 0.03257405 0.1588788 -0.9873032 -0.003575801 0.1588065 -0.8651676 0.01863229 0.5011367 -0.8982795 -0.3778297 0.2243627 -0.9444573 -0.3155087 0.09194952 -0.8982507 -0.3779586 0.2242612 -0.9779431 -0.1752132 -0.1137003 -0.8076982 -0.575816 -0.1267263 -0.7283011 -0.5864067 0.3545488 -0.8221824 -0.0349695 0.568149 -0.9825335 0.1203435 0.1419347 -0.8651619 0.01865184 0.5011459 -0.8706948 0.1240108 0.4759326 -0.8706145 0.124001 0.476082 -0.7660011 -0.03289985 0.6419969 -0.6312466 0.01331055 0.775468 -0.7041519 -0.07014042 0.7065766 -0.7544559 0.02522242 0.6558661 -0.6938915 0.09717077 0.7134932 -0.7900068 0.1627512 0.591102 -0.8189802 0.1915792 0.5408964 -0.7874678 0.2425168 0.5666393 -0.722736 0.5674058 0.3945929 -0.7900505 0.1627117 0.5910543 -0.946011 0.2509706 0.2051268 -0.8155266 0.04768437 0.5767517 -0.9460547 0.2509654 0.2049313 -0.9339775 0.04291957 0.3547451 -0.993483 0.1123637 -0.01913052 -0.9460201 0.2510752 0.2049568 -0.9764939 0.1804824 -0.1178385 -0.7674286 0.5262244 -0.3662528 -0.8047331 0.3384193 0.4877266 -0.8154107 0.5592461 0.1494966 0.08930528 0.8516332 -0.5164741 -0.3268522 0.5769989 -0.7484918 -0.1519574 0.7564793 -0.6361196 -0.3086003 0.3577864 -0.881337 -0.4762417 0.4254426 -0.7695404 -0.3086706 0.3576556 -0.8813654 -0.2845811 0.2179452 -0.9335489 -0.2367685 0.2643235 -0.9349192 -0.2702916 0.2960821 -0.9161211 -0.3444295 0.9386623 -0.01677834 0.08177071 0.996544 -0.01462173 0.04342347 0.983107 -0.1778064 0.142404 0.9716241 -0.188859 0.08182114 0.9965394 -0.0146532 0.1428717 0.9894766 -0.02288609 0.1507186 0.9828028 -0.1066892 0.1721594 0.9619444 -0.212189 0.1923193 0.9643132 -0.1819705 0.2235345 0.9350141 -0.2752833 0.2526544 0.9655163 -0.06280303 0.2525821 0.9655403 -0.06272363 0.1923022 0.9643422 -0.1818351 0.1637135 0.986508 0 0.443813 0.8666961 -0.2277455 0.2527225 0.9654991 -0.06279355 0.6557319 0.7499998 -0.08669483 0.1682858 0.9054582 -0.3896477 0.1662246 0.9311572 -0.3245238 -0.4237861 0.05816113 -0.9038931 -0.1269857 0.04051327 -0.9910768 -0.4245633 0.1353751 -0.8952204 -0.2590952 0.1027168 -0.9603744 -0.1269209 0.04052478 -0.9910848 -0.07386523 0.2180196 -0.9731452 -0.007241189 0.2241256 -0.9745334 0.005462944 -0.001022577 -0.9999846 -0.1298381 0.02745735 -0.991155 1.16054e-6 0 -1 1.93796e-6 0 -1 -0.129809 0.02746462 -0.9911586 -2.10804e-6 0 -1 -0.01075446 -0.01293653 -0.9998586 -2.0106e-4 -0.002762615 -0.9999962 -0.1547353 -0.1860569 -0.9702782 -0.01548355 -0.1965727 -0.9803671 -0.1014866 0.5649886 -0.8188337 -0.007224023 0.224251 -0.9745047 -0.01830589 0.343231 -0.9390727 -0.1194695 0.095752 -0.9882098 0.3707587 0.9253194 -0.07951068 0.7834003 0.5276191 -0.3284848 0.7079764 0.6659622 -0.2350827 0.7079861 0.6659711 -0.2350281 0.7834697 0.5274747 -0.3285509 0.7497357 0.6240974 -0.2199975 0.5793435 0.8142371 -0.03713911 0.32424 0.9440234 -0.06073194 0.3706666 0.9253616 -0.07944953 0.3113243 0.9494893 0.03933542 0.2426744 0.9699431 -0.01787781 0.2105553 0.9775645 -0.005862891 0.2078562 0.9781538 -0.003314733 0.212786 0.9605063 0.179304 0.219567 0.9755908 0.003608763 0.2128749 0.9770371 0.009099304 0.2039915 0.9789711 0.001755297 0.2081951 0.9780811 0.003507435 0.5200479 -0.8454137 -0.1217619 0.40735 -0.9120604 0.04702991 0.3027085 -0.9248979 -0.2300689 0.2956506 -0.9542057 0.04563236 0.4241693 -0.8916128 0.1584525 0.2872329 -0.9555737 0.0661543 0.3455082 -0.9093821 0.2316217 0.309619 -0.9461883 -0.09414887 0.2871623 -0.9555997 0.06608331 0.1154608 -0.9924092 -0.04234278 0.01820343 -0.990903 0.1333411 -0.08329296 -0.9964174 -0.01465773 0.03920727 -0.9981324 -0.04684597 -0.08328247 -0.9964174 -0.01472091 -0.2152408 -0.9595015 -0.1817373 -0.2132132 -0.9743157 0.07245105 -0.0833798 -0.9964108 -0.0146076 -0.2648426 -0.9624416 -0.05970436 -0.2153689 -0.9594674 -0.1817659 -0.2649343 -0.9624088 -0.05982631 -0.3290653 -0.9403572 -0.08628201 -0.2132785 -0.9743046 0.07240945 -0.3290335 -0.9403795 -0.08616018 -0.2973083 -0.880023 0.370361 0.6250671 -0.3246713 -0.7098448 0.9061291 -0.3949089 -0.1515815 0.8158004 -0.5049848 -0.2818866 0.8359083 -0.5235309 -0.1648421 0.9061419 -0.3949379 -0.15143 0.7513056 -0.6598504 -0.01172167 0.8707984 -0.4906789 -0.03073382 0.975186 -0.2213106 -0.005838155 0.9042695 -0.3642657 -0.2227266 0.9550708 -0.2079972 -0.2111329 0.9752203 -0.2211601 -0.005808591 0.9981285 0.001792848 -0.0611242 0.9042525 -0.3642401 -0.2228374 0.9981284 0.001712977 -0.06113004 0.9764755 -0.02145993 -0.2145584 0.9985877 -0.0495001 -0.01930004 0.9766244 0.1450698 -0.1586178 0.9432196 0.3222473 -0.08058214 0.9981262 0.001849293 -0.06116247 0.894409 0.4373548 -0.09356027 0.7392887 0.6704146 -0.06321865 0.6558426 0.7499052 -0.08667689 1 0 0 0.9997549 -0.02182811 -0.003737151 0.9997549 -0.02182859 -0.00373429 0.9984516 -0.05512398 -0.007469177 0.9984497 -0.05515938 -0.007473528 0.9856711 -0.1450475 -0.08610391 0.9944896 0.06816774 -0.07964664 0.9944821 0.0682581 -0.0796625 0.9997554 -0.02180361 -0.003731489 0.9818414 -0.173287 0.07719522 0.9944809 0.0682854 -0.079656 0.9979531 0.0634486 0.008002996 0.9859893 0.03901469 0.1621819 0.9884371 0.1515477 -0.005029141 0.9862986 0.1646672 0.009986937 0.9976044 0.06866538 -0.008396089 0.9900301 0.05114763 -0.131242 0.9786765 -0.2053666 0.004124104 0.1009291 0.9397459 -0.3266361 0.1963948 0.9738787 -0.1139714 0.09786999 0.995145 -0.01038807 0.1739052 0.9833076 -0.05350804 0.3755916 0.9251179 0.05557012 0.3756378 0.9250922 0.05568414 0.2089638 0.9778975 -0.007113456 0.4140989 0.8894987 0.1931688 0.2166602 0.9761976 -0.009845018 0.3265393 0.9367576 -0.1259257 0.09796929 0.9951357 -0.01034832 0.3722717 0.922515 0.1018819 0.5478051 0.7949526 0.2606914 -0.7714456 -0.09533625 -0.6291127 -0.9001565 -0.1319668 -0.415094 -0.9421365 -0.1242347 -0.3113594 -0.9718031 -0.1055582 -0.2108463 -0.9573287 -0.08332765 -0.2767279 -0.9951767 -0.079517 -0.05744904 -0.9766262 -0.1220113 0.1769596 -0.9528087 -0.3006036 -0.04234451 -0.9002149 -0.1319937 -0.414959 -0.966048 -0.1997373 0.1638792 -0.7605703 -0.6284629 -0.1629949 -0.6938295 -0.689261 0.2086142 -0.9491346 -0.2735567 0.1559175 -0.701184 -0.7088126 0.0769785 -0.7369803 -0.6659954 0.1153702 -0.9617295 -0.2682331 0.05592364 -0.9428717 -0.3253946 0.07149302 -0.9442304 -0.231625 0.2340492 -0.9617734 -0.268076 0.05592125 -0.9657431 0.0581566 0.2528995 -0.9962324 -0.03754746 0.07817435 -0.9192777 -0.3816117 0.0964421 -0.1000912 -0.5333389 -0.8399592 -0.08641743 -0.200789 -0.9758155 -0.03058362 -0.1462268 -0.9887783 -0.0305646 -0.1461119 -0.9887958 -0.08644765 -0.2006179 -0.975848 -0.04231065 -0.1608232 -0.986076 -0.1446731 -0.2154749 -0.9657331 -0.2341197 -0.1971553 -0.9520072 -0.103597 -0.05481958 -0.9931076 -0.08296358 -0.05496025 -0.995036 -0.06923693 -0.05568468 -0.9960449 -0.06922572 -0.05568158 -0.9960459 -0.08293575 -0.05496579 -0.995038 -0.042858 -0.05410718 -0.997615 -0.4968443 -0.3593538 -0.7899434 -0.5888176 -0.3323264 -0.7367856 -0.6840805 -0.5784115 -0.4443805 -0.5889387 -0.3324037 -0.7366539 -0.7566092 -0.580247 -0.3014237 0.001596868 -0.01189625 -0.999928 0.02262216 -0.03891223 -0.9989866 0.01358348 -0.03133273 -0.9994167 0.05499184 -0.1024718 -0.9932148 -0.02405333 0.01450312 -0.9996055 0.003559052 -1.28208e-4 -0.9999938 0.01021057 0.002897441 -0.9999437 0.03320771 0.1785567 -0.9833692 0.005591869 0.01052731 -0.999929 0.005563974 0.03163182 -0.9994841 -0.08678591 0.2490519 -0.9645939 -0.03561902 0.1916681 -0.9808133 0.005560874 0.03161436 -0.9994848 -0.04921805 0.1627296 -0.9854423 -0.1185148 0.2098935 -0.9705148 -0.3229113 0.48095 -0.8151169 -0.4134695 0.4832551 -0.7716912 -0.4135339 0.4833771 -0.7715803 -0.4999551 0.7286422 -0.4681084 -0.6131466 0.7100068 -0.3463258 0.006231248 -0.005206406 -0.9999671 -0.2434391 0.05794996 -0.9681835 -0.2347463 0.05291324 -0.9706156 -0.2871615 0.1723423 -0.9422507 -0.2349203 0.05296111 -0.9705708 -0.5178729 0.1025166 -0.8492928 -0.4418104 0.4195078 -0.7929798 0.003497183 -1.26231e-4 -0.999994 0.03321754 0.1785201 -0.9833755 0.003497183 -1.26046e-4 -0.999994 0.003497183 -1.26694e-4 -0.999994 -0.9337138 -0.09886157 0.3441002 -0.9834774 0.1452291 0.1080778 -0.9948565 -0.05461865 0.08530706 -0.9901962 0.1200506 0.07141035 -0.9653227 0.2607741 0.01219981 -0.9274823 0.2531498 0.2751216 -0.9975727 -0.01814317 0.06722873 -0.9854838 -0.06882894 0.1551918 -0.8610534 0.2418891 0.4472995 -0.9944431 -0.01847487 0.1036422 -0.9685703 -0.05362302 -0.2428912 -0.9861506 -0.05889385 -0.1550439 -0.9854962 -0.06892263 0.1550716 -0.9859544 -0.1668037 -0.008412778 -0.9042624 -0.4239069 0.0511142 -0.9713413 -0.1363503 -0.1946918 -0.9042795 -0.4238713 0.0511046 -0.9218267 -0.375357 -0.09665828 -0.7092474 -0.7027679 -0.05554801 -0.9217728 -0.375474 -0.09671777 -0.6781224 -0.7348853 -0.009676754 -0.7741324 -0.5962719 -0.2125532 -0.998172 -0.03573584 0.04874151 -0.9981704 -0.0357517 0.04876416 -0.986139 -0.05902856 -0.1550668 -0.9749736 -0.2223113 -0.002074897 -0.8992793 -0.2344541 -0.3692262 -0.899262 -0.2343368 -0.3693431 -0.968546 -0.0536912 -0.2429732 -0.7045981 -0.01333653 -0.7094813 -0.9773623 -0.04282671 0.207193 -0.9404224 -0.0472629 0.3367075 -0.971525 -0.1574581 0.1770487 -0.5273239 -0.04611933 -0.8484118 -0.3307604 0.1178534 -0.9363269 -0.6227715 0.08840411 -0.7773934 -0.4624024 0.2423934 -0.8528949 -0.09449928 0.4079302 -0.9081096 -0.115226 0.2896214 -0.9501802 -0.3306444 0.1177085 -0.9363862 -0.09073084 0.07938957 -0.9927061 -0.1516444 -0.1664759 -0.9743151 -0.7435129 -0.009970724 -0.6686473 -0.5654658 0.07363027 -0.8214787 -0.3696064 0.9291728 0.005393743 -0.4757452 0.8777739 -0.0563873 -0.5348423 0.8430037 -0.05734723 -0.6934768 0.718734 -0.05011373 -0.6701663 0.7379579 0.07934325 -0.6961524 0.6920124 0.1910256 -0.7207747 0.69142 -0.04921716 -0.8748882 0.4807941 -0.0583769 -0.8080341 0.5890074 -0.01228898 -0.8749382 0.4807155 -0.05827444 -0.938837 0.3228667 -0.1197599 -0.9682391 0.2437233 -0.0557844 -0.9663874 0.08840888 -0.2414112 -0.9984415 -0.007234811 -0.05533856 -0.9779544 -0.1367479 -0.1578141 -0.9605292 -0.1529691 -0.232345 -0.9984328 -0.007328391 -0.05548161 -0.963324 -0.26028 -0.06527769 -0.9173551 -0.3703469 -0.1459548 -0.8950691 -0.380636 -0.2323091 -0.9632918 -0.2603694 -0.06539618 -0.8659226 -0.4957053 -0.0667414 -0.917335 -0.3703913 -0.1459685 -0.8659077 -0.495749 -0.06660902 -0.7626033 -0.6466123 -0.01813352 -0.9095942 0.2972342 -0.2903279 -0.9663497 0.0883733 -0.2415749 -0.7786757 0.1060214 -0.6184042 -0.896711 -0.08200269 -0.4349542 -0.9604833 -0.1529963 -0.232517 -0.8747365 -0.2946254 -0.3847492 -0.8746663 -0.2946652 -0.3848785 -0.9349331 -0.1771695 -0.3074269 -0.8950561 -0.3806362 -0.2323589 -0.7139391 -0.5516966 -0.4311866 -0.7138704 -0.5516881 -0.4313113 -0.8365405 -0.3623688 -0.4109611 -0.7497667 -0.6446369 -0.1493094 -0.7866619 -0.5474883 -0.2853413 -0.7722911 -0.6260989 -0.107548 -0.5855075 -0.8106546 0.004511117 -0.5771482 -0.8029191 0.1490671 -0.693885 -0.7101864 0.1189914 -0.7085346 -0.7009648 -0.08140748 -0.8658563 -0.4958214 -0.06673794 -0.6780323 -0.7349685 -0.009679317 -0.4864161 -0.8674551 -0.1045045 -0.3724732 -0.9249396 -0.07583266 -0.2624062 -0.9614673 -0.08199852 -0.1756641 -0.9827163 -0.05840295 -0.03069072 -0.9970292 -0.07064658 0.01421493 -0.9957514 0.0909785 0.217567 -0.9760032 -0.00908029 0.3046603 -0.9524607 9.77869e-4 0.4639453 -0.8857948 -0.01106786 0.5618106 -0.8254922 0.05414366 0.6771398 -0.7357206 -0.01403909 0.72378 -0.6846157 -0.0862776 0.843377 -0.5373224 4.16862e-6 0.8600392 -0.5031282 -0.08482116 0.8551185 -0.4794764 -0.1971666 0.8434501 -0.5372077 8.29587e-6 0.9538772 -0.3001972 4.20301e-6 0.963246 -0.2559713 -0.08146029 0.9694433 -0.2322729 0.07892507 0.9539125 -0.3000849 8.36352e-6 0.9990759 -0.04298114 0 0.9963225 0.03128474 0.07976877 0.9766895 0.2146573 4.17779e-6 0.9525457 0.2929653 0.08263313 0.9482958 0.3065844 -0.0821042 0.9766662 0.2147632 8.31617e-6 0.8875628 0.4606869 4.18696e-6 0.8329532 0.5188773 -0.1922382 0.8330207 0.5482506 -0.07414752 0.8874989 0.4608098 8.33196e-6 0.5618339 -0.8254705 0.05423361 0.7112435 -0.700528 0.0582515 0.7172794 -0.6556363 0.2359057 -0.6178529 -0.786266 -0.006598889 -0.3945398 -0.916966 0.05926007 -0.2831658 -0.8977786 0.3373587 -0.9042019 -0.424035 0.05112034 -0.5853696 -0.8107541 0.00449866 -0.3793992 -0.8973549 0.2254121 -0.04574048 -0.9973689 -0.0562424 -0.7889724 0.58955 0.1730706 0.005653083 -0.002425253 0.9999811 0.003007888 -0.003281831 0.9999901 0.001968562 -0.002202451 0.9999957 0.001908063 -0.002266108 0.9999956 0.002883136 -0.003322541 0.9999904 8.62488e-5 -0.001501262 0.9999989 0.001978814 -0.002218902 0.9999956 7.70354e-5 -0.001340091 0.9999991 1.43091e-6 0 1 -1.53319e-6 0 1 7.95839e-5 -0.001387834 0.9999991 0 0 1 7.68046e-5 0.001340031 0.9999991 -4.47153e-7 0 1 7.66673e-5 0.001340031 0.9999991 0.001995444 0.002202272 0.9999956 0.001878857 0.002327859 0.9999956 8.35348e-5 0.001460075 0.9999989 0.002897679 0.00333029 0.9999904 0.002016246 0.002202212 0.9999955 0.002993881 0.003301143 0.9999901 0.005746126 0.002465486 0.9999805 -0.1045199 0.9944583 -0.01132863 -0.3382839 0.9287058 0.1518868 -0.1888735 0.9701251 -0.1522638 -0.05448049 0.9746403 0.2170442 -0.1533187 0.9740588 0.166442 0.05465137 0.9753217 -0.213918 0.1871675 0.9704807 0.1521034 0.05020141 0.9889488 0.1394994 0.3339862 0.9304041 -0.1510013 0.1147567 0.9931739 -0.02089673 0.05472624 0.975311 -0.2139474 0.5190625 0.8112831 -0.269061 0.3015391 0.9259569 -0.2273282 -0.05546289 0.9886564 -0.1395803 0.1237218 0.9916144 0.03733485 0.3354485 0.9280673 0.1617575 0.164488 0.9831851 0.07931554 0 1 3.23175e-7 0 1 -1.77331e-7 -0.1353775 0.9867388 0.08955264 -0.2749364 0.9440969 0.1819095 -0.4503738 0.8709867 -0.1963309 -0.1340705 0.9907125 0.02266979 -0.1090508 0.9934847 -0.03310799 -0.02925783 0.9995267 0.009498715 -0.1339333 0.9907304 0.02270096 -0.1477015 0.9865329 0.07026624 -0.1370532 0.9875891 0.07670933 -0.1793622 0.9800186 0.08598148 -0.02426648 0.9983065 0.05287045 -0.1093721 0.98773 0.1114775 0.003723859 0.9999531 -0.008943736 -0.004240393 0.9982665 0.0587033 -0.0540018 0.9721072 0.2282353 -0.03023612 0.9972964 -0.0669763 0.05379718 0.9967588 0.05981427 0.08735907 0.9809911 0.173277 0.1676039 0.9615989 0.2173398 0.3513744 0.9057058 0.2371352 0.1477982 0.9867952 0.06626462 0.2693867 0.953806 0.1329844 0.668189 0.6384081 0.3820454 0.7996298 0.5342901 0.274092 0.1478282 0.9867907 0.06626552 0.4495348 0.8715429 0.1957843 0.1354944 0.9904872 -0.02400958 -0.05238276 0.994956 -0.08555018 -0.02585721 0.9990334 -0.03554987 -0.02588444 0.9990313 -0.03558903 0.06078261 0.9979238 0.02129995 -0.01610791 0.9993487 -0.03229439 0.2671297 0.9593802 -0.09072852 -0.1550432 0.9879075 6.74298e-4 -0.1551973 0.9878833 6.77436e-4 -0.2156391 0.9656739 0.1448234 -0.452916 0.8915408 0.004703521 0.07033514 0.9908127 0.1155132 0.07005602 0.9899722 0.1226679 -0.02926123 0.9995267 0.009496867 0.06996864 0.9899945 0.1225368 -0.05825066 0.9950464 -0.0805577 -0.1089712 0.993493 -0.03312093 -0.05826926 0.9950407 -0.08061444 -0.2963908 0.9357258 -0.1912322 -0.09169524 0.9878532 -0.1254523 -0.06921488 0.9889695 -0.1309535 -0.001999258 0.996417 -0.0845533 0.02083688 0.9890949 -0.1457986 0.0401327 0.9963705 -0.0750693 0.1274797 0.9886029 -0.08008235 0.1470549 0.9853894 -0.08592265 0.135356 0.9905056 -0.0240302 0.06076645 0.9979248 0.02129662 0.1761655 0.9807422 -0.08432382 0.05287522 0.974664 -0.2173346 0.3814648 -0.9189473 -0.1001024 0.3721294 -0.9275186 -0.03505843 0.3119795 -0.9496077 -0.0302326 0.2456336 -0.9693596 0.002486586 0.08935385 -0.995946 -0.01037591 0.08745366 -0.99611 -0.01081365 -0.07253497 -0.9973658 -6.12986e-4 -0.1388334 -0.9903029 -0.005050182 -0.2649694 -0.9642556 0.001548945 -0.3309066 -0.9433952 -0.02250385 -0.3901166 -0.9205994 -0.01748782 -0.3957905 -0.9166818 -0.05517596 -0.9043233 0.4022912 0.1426931 -0.9151503 0.4019984 0.02995324 -0.9382227 0.3385163 0.07172936 -0.9619924 0.2711067 0.03274154 -0.9382445 0.3384314 0.07184499 -0.9620096 0.2710319 0.03285467 -0.9900728 0.1029388 0.09570628 -0.9927154 0.1021876 0.06382745 -0.9952171 -0.06810736 0.07003194 -0.990078 0.1028667 0.09573006 -0.995216 -0.06813263 0.0700221 -0.9865852 -0.1375306 0.08794879 -0.9619513 -0.2720088 0.02570921 -0.9513362 -0.3062933 0.03382307 -0.9131298 -0.3984663 -0.0861321 0.2203667 0.9580669 0.1831565 0.1269398 0.9740736 0.1872621 0.1849221 0.9816558 0.04642927 0.4039105 0.907377 0.1162912 0.3745545 0.9234133 -0.0837664 0.2595826 0.9607061 -0.09828907 0.5405569 0.2465224 -0.8043786 0.9791041 0.1707441 -0.1104611 0.9432398 0.04802733 -0.3286216 0.4849379 0.1289973 -0.8649826 0.6399555 0.1075859 -0.7608431 0.2921723 -0.1967865 -0.9359009 0.3026351 -0.1959346 -0.9327495 0.3692746 0.2090054 -0.9055126 0.5356338 0.3598386 -0.7639455 0.3692976 0.2091839 -0.905462 0.383565 0.6778308 -0.6272348 -0.5656372 -0.7391085 0.3657504 -0.1995683 -0.8782826 0.4345024 -0.3810071 -0.8433425 0.3789552 -0.07565194 -0.9654072 0.2495311 -0.03421556 -0.9258763 0.3762745 -0.244005 -0.9038481 0.3514544 -0.07566374 -0.9654517 0.2493556 -0.113316 -0.9793304 0.1675459 0.02302449 -0.9521835 0.3046581 0.1328348 -0.984726 0.11256 0.1868998 -0.970264 0.1538062 0.2533287 -0.9673801 6.20267e-4 0.2977727 -0.951669 -0.07521748 0.1328954 -0.9847355 0.1124057 0.1929867 -0.9812014 -3.02039e-4 0.208227 -0.9736442 -0.09305137 0.004766941 -0.9999684 -0.006374955 0.01519888 -0.9916753 -0.1278642 0.04566586 -0.9842069 -0.1710308 -0.08925211 -0.9541139 -0.285834 0.2714444 -0.9026765 -0.3339062 0.6234253 -0.7347226 -0.2674393 0.7970413 -0.5657743 -0.2112455 0.4731801 -0.8790838 -0.05755418 0.505338 -0.8569748 0.1011327 0.7725685 -0.6181029 0.1452121 0.4732987 -0.8790207 -0.05754178 0.9491824 -0.3147156 -0.002654612 0.1328815 -0.9847269 0.1124969 0.6665174 -0.7274591 0.1629661 0.6108896 -0.6703448 0.4212505 0.3488848 -0.8359414 0.4236527 -0.6745547 -0.7228441 -0.1499082 -0.6514089 -0.7586318 -0.01201927 -0.5616977 -0.81797 -0.1241808 -0.7327955 -0.6804392 -0.003658771 -0.3608036 -0.9325985 0.008985519 -0.4646952 -0.8854707 -3.86553e-4 -0.2017375 -0.9792668 0.01840335 -0.1157538 -0.9932025 0.01224589 -0.1158377 -0.9931927 0.01224827 -0.3606345 -0.932664 0.008983373 -0.3386542 -0.9408495 0.01075333 -0.5112436 -0.8414605 -0.1748549 -0.6569896 0.6552525 0.372839 -0.8919789 0.3041229 0.3344893 -0.861902 0.4846175 0.1492339 -0.9278656 0.3238537 0.1848896 -0.9276503 0.1667297 0.3341649 -0.9934355 0.0603491 0.09718084 -0.957242 -0.1544772 0.2445905 -0.8420703 -0.1831392 0.5073241 -0.7095446 0.2107218 0.6724156 -0.6764113 -0.1410782 0.7228864 -0.4303058 0.09418296 0.8977564 -0.6184747 0.004800438 0.78579 -0.4302558 0.09416443 0.8977824 -0.2040417 0.006028652 0.9789437 -0.2038739 0.006070792 0.9789784 -0.3791782 -0.04641747 0.9241587 0.04314088 -0.01280653 0.998987 0.2501268 0.08701848 0.9642948 0.390762 -0.1899014 0.9006901 0.2502543 0.08704 0.9642598 0.5296162 -0.1457099 0.8356288 0.6492511 0.09412091 0.754728 0.6493709 0.09415805 0.7546203 0.67664 0.03717172 0.7353752 0.9275889 0.1365346 0.3477602 0.9848611 -0.007692515 0.173175 -0.90069 -0.3685407 0.2300768 -0.8420693 -0.1831686 0.5073151 -0.8928098 -0.3646388 0.2644414 -0.8910353 -0.1549777 0.4266592 -0.8935121 -0.01947468 0.4486166 -0.8330678 -0.1079381 0.542538 -0.7180588 -0.397298 0.571442 -0.8420805 -0.1832879 0.5072536 -0.6820191 -0.4031009 0.6102128 -0.8013243 -0.08780997 0.5917507 -0.5549216 -0.01908379 0.8316838 -0.6061307 -0.1815447 0.774369 -0.1414495 -0.1624979 0.9765176 -0.1720763 -0.2655659 0.948612 -0.5547879 -0.0191695 0.8317711 -0.02275538 -0.07578313 0.9968647 -0.1413031 -0.1625133 0.9765362 -0.02262663 -0.07576298 0.9968692 0.1060066 -0.06586885 0.9921814 0.188849 -0.07220208 0.9793483 0.2357706 0.01162391 0.9717393 0.05301487 -0.2644726 0.962935 0.1059185 -0.06591385 0.9921879 0.03224611 -0.4208109 0.906575 -0.1719967 -0.2656326 0.9486077 -0.1720412 -0.2657765 0.9485593 0.0347414 -0.5556742 0.830674 -0.1960145 -0.668839 0.7171003 -0.801283 -0.0878973 0.5917935 -0.5589664 -0.3020359 0.7722247 -0.7479807 -0.4151907 0.5178241 -0.8013624 -0.08791601 0.5916834 -0.7029648 -0.5385031 0.4646021 -0.8829382 -0.1364902 0.4492113 -0.6332872 -0.73199 0.251273 -0.6635074 -0.6128529 0.4291495 -0.2393857 -0.9682455 0.07207798 -0.9704456 -0.1062108 0.2166898 -0.992208 -0.08625543 0.08990764 -0.8935495 -0.01945775 0.4485427 -0.9557099 0.001722097 0.2943056 -0.999724 0.001834273 -0.02342694 -0.9856016 0.1283118 -0.1101175 -0.9137493 0.03635102 -0.4046494 -0.8620866 0.1255536 -0.4909614 -0.8049516 0.2081852 -0.5556185 -0.9136647 0.03632253 -0.4048427 -0.6858759 0.02835965 -0.7271658 -0.7819006 0.09799385 -0.6156531 -0.7608808 0.1308088 -0.6355702 -0.6492935 -0.1132835 -0.7520539 -0.3999909 0.1000751 -0.9110391 -0.297974 -0.338802 -0.8924264 -0.06572997 -0.2362505 -0.9694665 0.01808053 0.1520916 -0.9882011 0.3310765 -0.0843389 -0.9398274 0.3778382 0.07482153 -0.9228435 0.6499532 -0.005846917 -0.7599518 0.6973953 -0.2011295 -0.6878858 0.6500889 -0.005848169 -0.7598357 0.707466 -0.3107747 -0.6347528 0.8572685 -0.0821917 -0.508267 0.937867 -0.2476758 -0.2430275 0.8954927 0.134025 -0.4244176 0.9673383 -0.01851761 -0.2528117 0.8955686 0.1340039 -0.4242638 0.9378919 -0.2476615 -0.2429455 0.9894969 0.1041521 -0.1002414 0.9895101 0.1041285 -0.1001359 0.9659535 -0.1480108 -0.212195 0.9801049 -0.1401983 0.140495 0.9527363 -0.002777874 0.303786 0.5831676 0.179238 -0.7923316 0.5830091 0.1792016 -0.7924566 0.1973187 0.4278396 -0.8820537 0.04609757 -0.1310831 -0.9902991 0.03532648 0.14793 -0.9883668 0.2575827 -0.06661093 -0.9639576 0.4669799 -0.1010335 -0.8784771 0.4022432 -0.195951 -0.8943175 -0.8036062 -0.2817354 -0.524254 -0.4096829 -0.8571808 -0.3120913 -0.5799059 -0.5296877 -0.6189832 -0.3611452 -0.8386489 -0.407728 -0.1289187 -0.9873362 -0.09245175 -0.3361934 -0.940356 -0.05200624 -0.2580764 -0.9661244 -4.56087e-4 -0.2790266 -0.9590154 -0.04933118 -0.00135833 -0.9999857 -0.005173325 -0.1096014 -0.9789603 -0.1721169 -0.01576113 -0.9979176 0.06254649 -0.01233887 -0.9994463 -0.03090292 -0.1096018 -0.9789595 -0.1721222 -0.04664427 -0.9614138 -0.2711233 -0.002199232 -0.9972698 -0.07381236 -0.01571124 -0.9979138 0.0626204 -0.002200067 -0.9972794 -0.07368326 -0.08286476 -0.9390277 0.3337071 -0.1697885 -0.981637 0.08695292 0.05808192 -0.9966526 -0.05753332 0.03232139 -0.999044 -0.0294373 -0.1934369 -0.9808573 0.02239096 0.04712593 -0.987908 -0.1477059 0.1861022 -0.9616168 -0.2016412 0.0471844 -0.9878814 -0.1478652 0.2852203 -0.9284959 -0.2377919 0.1695317 -0.9010619 -0.3991824 -0.05805319 -0.9946032 -0.08598989 0.2805761 -0.9577944 -0.06250542 -0.08318084 -0.986919 -0.1381015 -0.2899787 -0.8205527 -0.4925501 -0.2664979 -0.8913999 -0.3665859 -0.4370194 -0.5845403 -0.683613 -0.4273077 -0.4843103 -0.7634473 -0.3612073 -0.8385822 -0.4078105 -0.1569017 -0.6659126 -0.7293437 0.1480897 -0.04940843 0.987739 0.08789533 -0.02467906 0.995824 0.02555686 -0.01651197 0.999537 0.1202574 0.0267592 0.9923821 0.02544569 -0.0164901 0.9995402 0.008480966 -0.005101978 0.9999511 -0.0163964 -0.007198095 0.9998397 -0.01635533 -0.007198691 0.9998404 0.1202887 0.02677267 0.9923779 0.04261761 -0.007357418 0.9990644 0.06096959 -0.06452983 0.9960515 0.1715533 0.04738074 0.9840348 1.85906e-4 0 1 0.02129238 0.1376971 0.9902456 6.2308e-6 0 1 0.1188669 0.1370846 0.9834015 -0.009916722 -0.2085701 0.9779573 -4.16532e-6 0 1 -0.009934127 -0.2085694 0.9779572 1.80698e-6 0 1 -1.17112e-6 0 1 5.88835e-6 0 1 -2.2388e-6 0 1 -0.1380526 -0.008417904 0.9903891 0.01394945 -0.002959311 0.9998984 0.03938376 -0.01061093 0.9991678 0.04718315 -0.0141918 0.9987855 -0.06887149 -0.0488432 0.9964292 -0.04183131 0.005603849 0.999109 -0.04293447 0.007678568 0.9990484 -0.03320795 -6.45571e-6 0.9994485 -0.01844722 0.01720035 0.999682 -0.02752178 0.03019481 0.9991651 0.02593594 0.03954696 0.9988811 -0.2860606 -0.158307 0.945044 -0.5296926 -0.3084225 0.7901274 -0.001488268 -0.002637863 0.9999955 -0.005341231 -0.004729986 0.9999746 -0.008487522 -0.005788087 0.9999473 -0.008457779 -0.005826413 0.9999473 -0.00530219 -0.004812359 0.9999744 -0.01136004 -0.006466388 0.9999147 5.34505e-4 -0.003019273 0.9999953 0.06084632 -0.06439328 0.9960679 4.21824e-4 -0.003089129 0.9999952 0.003394842 -0.006354689 0.9999741 0.00873959 -0.00900197 0.9999214 0.007126986 -0.006478309 0.9999536 0.004675328 -0.01475286 0.9998803 0.00192666 -0.01482456 0.9998884 8.87364e-4 -0.02332305 0.9997277 0.006408214 -0.01755493 0.9998254 0.006538093 -0.01747661 0.999826 0.004696488 -0.01483106 0.9998791 0.007814347 -0.01671522 0.9998298 0.1982386 -0.2242813 0.9541485 0.3654292 -0.4329334 0.8240329 0.8887193 0.4583417 0.01004326 0.9497203 0.3040547 -0.07471376 0.9734796 0.2202979 0.06169456 0.9846329 0.1272062 -0.1196527 0.9797362 0.1902236 -0.06270754 0.9846242 0.1271397 -0.1197949 0.9951625 0.04145395 -0.08906912 0.9734941 0.2202444 0.06165933 0.9951742 0.04143244 -0.08894765 0.9797762 -0.01481437 -0.1995478 0.991168 -0.1257411 -0.0421341 0.9588559 -0.2771314 -0.06159281 0.956347 -0.2881242 0.04883539 0.99116 -0.1258214 -0.04208123 0.9626554 -0.2706976 -0.004162311 0.8231189 -0.5678634 0.002549648 0.7653455 -0.632054 0.1214664 0.4548966 -0.8890262 0.05197846 0.9563389 -0.2881616 0.04877328 0.7705397 -0.6371037 0.01916915 0.8517615 -0.4902026 -0.1849429 -0.307805 -0.1121388 -0.944818 -0.3269607 -0.04539304 -0.9439472 -0.06722873 -0.07361567 -0.9950181 -0.2703015 -0.1313689 -0.9537712 0.2457655 -0.0512104 -0.9679757 0.3852401 -0.04874181 -0.9215283 -0.06715619 -0.07357972 -0.9950258 0.2454214 -0.0674743 -0.9670655 -0.08928853 -0.09875875 -0.9910975 -0.4108899 -0.2074709 -0.8877643 0.8372613 -0.01190829 -0.5466734 0.5414107 -0.0924623 0.8356586 0.4099841 -0.5146071 0.7530555 0.2929571 -0.2770472 0.9151071 0.1746585 -0.7406358 0.648809 0.1489884 -0.788982 0.5960788 0.4065102 -0.5142703 0.7551659 0.1700227 -0.954702 0.244206 0.209422 -0.3347699 0.9187337 0.1488721 -0.7889441 0.596158 -0.003345549 -0.3075848 0.9515148 -0.003376722 -0.3074528 0.9515574 0.1590745 -0.6679739 0.7269843 -0.1391735 -0.5832708 0.8002662 0.2928267 -0.2769646 0.9151739 0.00181806 -0.1668233 0.9859852 -0.3453114 -0.1948717 0.9180334 -0.2292959 -0.3074705 0.9235179 -0.781609 -0.09192913 0.6169575 -0.7885072 -0.1838366 0.5869077 -0.2370868 -0.3194707 0.9174575 0.01502823 -0.2085018 0.9779065 0.2619503 -0.05904668 0.9632734 0.3444039 -0.2019259 0.9168489 0.2620524 -0.05902314 0.9632471 0.8233621 -0.08762085 0.5607115 0.3414463 0.6336165 -0.6942224 0.4406926 0.5518422 -0.7079974 0.4144498 0.7357423 -0.5356442 0.3671239 0.8018372 -0.471463 0.4407524 0.551828 -0.7079712 0.7291373 0.6549059 -0.198638 0.7887473 0.5467481 -0.2809703 0.4978212 0.5310875 -0.6856531 0.8552848 0.3282478 -0.4009257 0.3671319 0.8018383 -0.4714547 0.6702609 0.7044281 -0.2335196 0.2009774 0.9742825 -0.1018913 0.03626978 0.9556319 -0.292322 0.210173 0.7688977 -0.6038409 0.005331456 0.7866809 -0.6173368 -0.08987259 0.9468068 -0.3089983 -0.08988422 0.9468058 -0.3089979 -0.06282895 0.8263862 -0.5595878 -0.2424243 0.7250009 -0.6446738 -0.387943 0.6822433 -0.6197131 0.0478574 0.7445259 -0.665876 -0.1570808 0.5375577 -0.828467 -0.06051498 0.9465088 -0.3169527 -0.1791937 0.9430804 -0.2801592 -0.2662053 0.8910011 -0.3677663 -0.06058305 0.9464775 -0.3170333 -0.5623736 0.6985061 -0.4425213 -0.2644281 0.8046141 -0.5316708 0.1572061 0.9322263 -0.3259455 0.4804148 0.7407007 -0.4696426 -0.06042224 0.9465002 -0.3169964 0.1943849 0.8320987 -0.5194481 0.4212628 -0.04798305 -0.9056685 0.3931502 -0.08484911 -0.915551 0.09169709 -0.09400838 -0.9913396 0.09161007 -0.0940116 -0.9913474 0.2770531 -0.04676282 -0.9597161 0.04240572 -0.01166689 -0.9990324 0.1454629 -0.0461713 -0.9882858 0.04236865 -0.01164501 -0.9990342 0.3821853 -0.1111499 -0.9173768 0.03499084 -0.01234507 -0.9993115 0.110728 -0.1923795 -0.9750536 0.1047966 0.1122232 -0.9881415 0.140987 0.1496648 -0.9786333 0.005219638 -0.008172273 -0.999953 0.3934134 0.4311966 -0.81197 0.1399129 -0.3107821 -0.9401271 0.04315036 -0.1160749 -0.9923028 -0.03594785 0.01768153 -0.9991973 0.3012895 0.09539645 -0.9487487 0.1521984 -0.01118451 -0.9882867 0.1522806 -0.01120114 -0.9882739 0.3014219 0.09548789 -0.9486975 0.5283999 0.245916 -0.8126001 0.09164595 -0.09415 -0.9913309 0.1795686 -0.2059268 -0.9619508 0.1471536 -0.6296294 -0.7628319 -0.7880443 -0.5997652 0.1388088 -0.7313679 -0.5752936 -0.3662491 -0.8579491 -0.4961532 -0.1332497 -0.8367632 -0.5143839 -0.1877149 -0.7313008 -0.5753251 -0.3663334 -0.6850413 -0.5314576 -0.4982684 -0.604282 -0.539319 -0.5864967 -0.8579331 -0.4961494 -0.1333671 -0.6851826 -0.5313265 -0.4982138 -0.8370918 -0.175635 -0.5181022 -0.8785755 -0.437453 -0.191677 -0.01084572 -0.4323809 -0.9016259 0.04809147 -0.7543185 -0.6547449 -0.1405385 -0.9110624 -0.387575 0.04722779 -0.9829995 -0.1774306 0.04729187 -0.982993 -0.1774491 0.3889882 -0.8103356 -0.438229 0.4385248 -0.8841022 -0.1614288 -0.2164376 -0.9741794 -0.06425976 0.01171147 -0.9999301 0.001691401 0.2470781 -0.9686726 -0.02501571 0.3068693 -0.941307 -0.140615 0.4213033 -0.9045293 0.06580573 0.4386597 -0.8840598 -0.1612949 0.7764868 -0.6291047 -0.03599506 -0.2734901 -0.9609084 -0.04310971 -0.5030188 -0.8640273 -0.02071291 -0.6510209 -0.7560425 -0.06761324 -0.02496773 -0.002483785 0.9996852 -0.5762279 -0.002104818 0.8172864 -0.51525 0.1370892 0.8460048 -0.810239 0.009159147 0.5860282 -0.8288183 0.1437216 0.5407443 -0.9262132 0.004903078 0.3769685 -0.9795785 -0.08415716 0.182602 -0.986955 0.04392397 0.1548889 -0.9788369 0.07553523 -0.1901913 -0.9254693 -0.007233202 -0.3787535 -0.978817 0.07556164 -0.1902832 -0.8732434 0.01750993 -0.4869698 -0.702948 0.06298488 -0.708447 -0.9788039 0.07561403 -0.1903302 -0.7566532 0.0609138 -0.6509726 -0.9282531 0.2168157 -0.3022204 -0.9764653 0.2155404 -0.007617652 0.1458876 0.9710748 -0.1890254 0.1038235 0.8976795 -0.4282433 0.1269432 0.905196 -0.4055929 0.1458586 0.9710925 -0.1889564 0.005605816 0.976995 -0.2131891 0.3035799 0.9225103 -0.2383573 0.2045471 0.9643037 -0.1681632 0.04232937 0.9719886 -0.2311846 -0.0361455 0.98614 -0.1619305 0.06367307 0.9948306 -0.07910823 -0.1667416 0.9793357 0.1144502 -0.003697335 0.994805 -0.1017324 -0.1700333 0.9695467 0.1762604 -2.91106e-4 1 7.90877e-6 0.0832585 0.9920994 0.09384518 0.07954722 0.9960511 -0.03942674 -0.07512843 0.9537556 -0.2910431 0.1075711 0.8157518 -0.5683112 -0.003519058 0.9275836 -0.373599 -0.00360614 0.9948083 -0.1017032 0.1783929 0.9242519 -0.337542 0.1236788 0.9765799 -0.1760555 0.2874421 0.7690991 -0.5708448 0.2471042 0.902936 -0.3516337 0.4862379 0.5741819 -0.6587016 0.423175 0.6559507 -0.6250214 0.1238189 0.9765436 -0.1761577 0.2046712 0.9642587 -0.1682705 0.4862667 0.5741521 -0.6587065 0.2046934 0.9642578 -0.1682488 0.4848043 0.7356874 -0.4729998 0.2522687 0.9656286 0.06262564 -0.02616554 0.9994964 -0.01795941 -0.1358348 0.9689792 -0.2064658 -0.1026509 0.9483576 -0.3001345 -0.117357 0.8536855 -0.5073938 0.02115255 0.8616751 -0.5070195 0.1222769 0.7845014 -0.6079524 0.02116447 0.8616197 -0.5071132 0.09758442 0.634597 -0.7666577 0.1110715 0.908377 -0.4031307 0.06721806 0.9610596 -0.2680414 0.1224016 0.7845669 -0.6078427 0.2496556 0.9446642 -0.212795 0.1506738 0.9873846 -0.04867434 0.2654328 0.9627726 -0.05113273 0.2497985 0.9446436 -0.2127187 0.516516 0.8551672 -0.04359489 0.06713217 0.961073 -0.268015 -0.1846063 0.2282596 0.9559383 -0.4977266 0.4679147 0.7302904 -0.2793191 0.1546697 0.9476593 -0.1845253 0.2281196 0.9559874 -0.1943013 0.08098083 0.9775936 0.2100513 -0.02714765 0.9773134 0.1734113 0.03681433 0.9841613 -0.09393912 -0.1565122 0.9831986 0.1733911 0.03685903 0.9841631 -0.001427769 0.004207968 0.9999901 -0.004154682 0.006366252 0.9999712 -0.004155755 0.006314754 0.9999715 -0.09395289 -0.1564998 0.9831992 -0.1915357 -0.3298404 0.9244022 0.1266162 -0.5261315 -0.8409245 0.4517789 -0.8200525 -0.3512973 0.08366698 -0.920173 -0.3824677 0.08939826 -0.9938693 -0.06505215 0.4588894 -0.8497338 -0.2595632 0.2312858 -0.9728563 -0.0075953 0.5798833 -0.8065236 -0.1151313 0.6503359 -0.7349511 -0.1921201 0.6503159 -0.7349337 -0.1922543 0.4518545 -0.8200312 -0.35125 0.4208671 -0.5433527 -0.7263875 0.6411657 -0.7398992 -0.2036068 0.5908852 -0.7082537 -0.3863048 -0.1219661 -0.9925318 -0.002174139 0.07619369 -0.979507 -0.1864421 -0.1221184 -0.9925131 -0.002192199 -0.2352537 -0.9719338 7.12161e-4 -0.4513615 -0.892296 -0.008983075 -0.4400109 -0.8956312 -0.06507813 -0.4639606 -0.8685107 -0.1744413 -0.4515327 -0.8922089 -0.009023249 -0.7547355 -0.6358174 -0.1615885 -0.4934754 -0.8678132 -0.05815923 -0.7547807 -0.6357677 -0.161572 -0.7662009 -0.6188337 -0.1731513 -0.7582969 -0.6329083 -0.1562467 -0.6387534 -0.7693145 0.0122317 0.5729988 0.01497256 -0.8194195 0.8139923 0.1029005 -0.5716887 0.931289 0.08087176 -0.355191 0.9313426 0.08094304 -0.3550344 0.9040958 0.09861522 -0.4157952 0.9755158 0.145536 -0.1648885 0.9948207 0.06507509 -0.07808381 0.954669 0.2765211 -0.1101968 0.8502559 0.5113967 -0.1246535 0.8631581 0.302332 -0.4044176 0.646411 0.7564174 -0.09992879 0.9546672 0.2764907 -0.110289 0.5795027 0.810572 -0.08455747 0.6434366 0.6945703 -0.3218098 0.4488174 0.7700799 -0.4533654 0.4868064 0.8733665 -0.01582348 0.07969456 0.9960387 -0.03944474 0.7633383 0.5715997 -0.3009792 0.9847316 0.1731346 -0.01811271 0.9534489 0.2849882 -0.09857511 0.8535589 0.4992846 -0.1488366 0.6952943 0.7050786 -0.1393923 0.9533932 0.2851512 -0.09864187 0.7633256 0.5716443 -0.3009272 0.8298933 0.4926036 -0.2619523 0.9534209 0.2850771 -0.09858864 0.9715905 0.2074742 -0.1138699 0.9546912 0.2764214 -0.1102544 0.5452408 0.818856 -0.1794088 0.7632715 0.5717081 -0.3009428 0.1275615 0.9216327 -0.3664985 0.972162 0.2326264 -0.02803653 0.9517787 0.3044992 -0.03738415 0.9091414 0.4160976 -0.01802086 -0.5157586 -0.8553743 -0.04824876 -0.6097247 -0.7844817 -0.1132444 -0.3386688 -0.9404757 -0.02844601 -0.3385738 -0.9405097 -0.02844828 -0.4974864 -0.8674716 -5.01633e-4 -0.3438012 -0.9390141 0.007305324 -0.4634605 -0.8824115 -0.08095955 -0.6097951 -0.7844318 -0.1132113 -0.7777149 -0.5962713 -0.1990482 -0.306483 -0.9485507 -0.0794965 -0.2614022 -0.9652273 0.002293527 -0.3066347 -0.9484949 -0.07957816 -0.4701098 -0.8726107 -0.1324668 -0.4140677 -0.8978955 -0.149438 -0.4895855 -0.8259119 -0.2795995 0.7854381 0.4814116 -0.3890116 0.5889428 0.660301 -0.4659925 0.464586 0.8698241 -0.1660299 0.4644675 0.869904 -0.1659431 0.4981084 0.8229033 -0.2733463 0.3058941 0.9441577 -0.1224549 0.3059199 0.9441355 -0.1225608 0.4883537 0.7535534 -0.4400773 0.3174518 0.8851866 -0.3401017 0.2682523 0.9542785 -0.1318843 0.2767441 0.9599334 -0.04405528 0.2378157 0.9712983 -0.004854321 0.2767685 0.9599261 -0.04405808 0.2378394 0.9712925 -0.004846155 0.2528304 0.9675107 1.85079e-6 0.3892908 0.9168179 -0.08886885 0.3894645 0.9167366 -0.08894586 0.3962221 0.9114401 -0.1108382 0.672203 0.6922854 -0.2624579 0.6052533 0.772343 -0.1927554 0.03320163 -0.8304958 -0.5560346 -0.1049829 -0.673451 -0.7317394 0.1265115 -0.5261179 -0.8409487 -0.2277792 -0.4367166 -0.8702846 -0.3982688 -0.7998523 -0.4490194 -0.2278771 -0.4366671 -0.8702839 -0.4635027 -0.7631004 -0.4503813 -0.731846 -0.5520338 -0.3995749 -0.2278169 -0.4365702 -0.8703481 -0.5359746 -0.426512 -0.7285732 -0.4139628 -0.2815553 -0.8656567 -0.5904721 -0.310648 -0.7448762 -0.07967585 -0.1437659 -0.9863991 -0.01523959 -0.2403798 -0.9705594 -0.009612202 -0.4210175 -0.9070016 0.1266177 -0.5260193 -0.8409944 -0.01520675 -0.2404148 -0.9705511 0.179332 -0.2899088 -0.9401026 0.4208041 -0.5432648 -0.7264898 0.404283 -0.6589092 -0.6343453 -0.2399835 0.5116899 -0.8249737 -0.08328211 0.1775736 -0.9805772 -0.083305 0.1776309 -0.980565 -0.0709353 -0.02220898 -0.9972337 -0.1868982 -0.1481775 -0.9711398 -0.4410949 -0.2001941 -0.8748473 -0.362706 -0.3281394 -0.8722208 -0.4010334 -0.04080945 -0.915154 -0.2798198 0.008070826 -0.9600186 -0.08141505 -0.01641047 -0.9965452 -0.4265309 -0.04049527 -0.903566 0.004176378 -0.001954436 -0.9999895 -0.252041 0.1870772 -0.9494617 -0.1333686 0.1220972 -0.9835167 -0.2748693 -0.1471781 -0.9501503 -0.4048899 0.2021487 -0.89174 -0.1334724 0.1222304 -0.9834862 -0.3935469 0.3765257 -0.8386593 -0.2592512 -0.2037993 -0.944063 -0.1409964 -0.1460022 -0.9791851 -0.4046937 -0.4191089 -0.8127552 -0.002416074 -0.005547761 0.9999818 -0.01376384 -0.01496547 0.9997933 -0.006884515 -0.007481455 0.9999484 -0.006879448 -0.007480144 0.9999485 -0.0137667 -0.01495891 0.9997934 -0.008550226 -0.008583605 0.9999266 -0.006883025 -0.007478356 0.9999484 -0.00856024 -0.008592903 0.9999265 -0.007800161 -0.007028102 0.999945 -0.007836937 -0.007071852 0.9999444 -0.008546531 -0.008607625 0.9999265 -0.01564723 -0.01407581 0.9997785 -0.01537519 -0.007531464 0.9998535 -0.005061686 -0.001035809 0.9999867 -0.0152285 -0.003079533 0.9998794 -0.003840386 0.003171503 0.9999877 2.84842e-6 0 1 4.6916e-6 0 1 5.05796e-6 0 1 -0.001921534 -0.001587927 0.9999969 -0.001923441 -0.001588881 0.999997 -2.69975e-6 0 1 1.37327e-6 0 1 -0.001920998 -0.001586973 0.9999969 -0.007166564 0.001309394 0.9999735 -0.007208824 0.001296758 0.9999732 -0.001944422 -0.001606643 0.9999969 -0.0143876 0.002630949 0.9998931 -0.006993353 0.003892958 0.9999681 -0.001214087 -2.97236e-4 0.9999992 -4.18456e-6 0 1 -0.001208603 -2.95945e-4 0.9999992 2.14894e-6 0 1 -0.001112282 -3.22352e-4 0.9999994 0.005758941 -0.01359051 0.9998912 -0.00436294 -0.001063227 0.99999 -0.006739199 0.008332371 0.9999427 9.60643e-6 0 1 -0.006748557 0.008344531 0.9999424 -6.60507e-7 0 1 -7.14227e-7 0 1 -0.007786214 -0.01021927 0.9999176 -0.007780015 -0.01021116 0.9999177 0.009854853 0.003866136 0.999944 -0.01104789 -0.007463932 0.9999111 -0.01055765 -0.006010949 0.9999262 0.002919733 0.01436597 0.9998925 -2.30909e-6 0 1 0.00306797 0.004195034 0.9999865 0.007788658 0.003711283 0.9999628 0.01565068 0.007426083 0.99985 0.007293939 7.04661e-4 0.9999732 0.002658188 4.4884e-4 0.9999964 1.38865e-5 0 1 0.002647042 4.47046e-4 0.9999964 0.002690494 4.67902e-4 0.9999963 -0.005519092 0.005376398 0.9999704 0.009534835 0.001596033 0.9999533 0.01003593 -0.002519905 0.9999465 -5.76176e-6 0 1 -0.001201927 -0.002842068 0.9999952 -0.00156641 0.005834221 0.9999818 -0.003026306 -0.007196962 0.9999696 -3.40442e-4 -0.007938742 0.9999685 0.001744866 -0.007459223 0.9999707 0.005413889 -0.009014368 0.9999448 0.01080149 -0.01797884 0.99978 0.01105308 -0.01058113 0.9998829 0.005877256 -0.003055691 0.9999781 0.01171338 -0.006186544 0.9999123 0.002203643 0.001992642 0.9999957 0.002133429 0.001929104 0.9999959 0.005851268 -0.003086447 0.9999781 0.5802186 -0.8144575 -0.002331078 0.4453337 -0.7838441 0.432743 0.5561245 -0.6498193 0.5181317 0.5290726 -0.5445591 0.6507977 0.3725718 -0.6359529 0.6758359 0.3561418 -0.3914259 0.8484981 0.4646753 -0.4749916 0.7473018 0.4147726 -0.7030541 0.5776494 0.1501669 -0.5338012 0.8321696 0.5562013 -0.6496956 0.5182045 0.6804182 -0.4832202 0.550935 0.7188198 -0.6735213 0.1722421 -0.2633626 0.9601364 0.09369367 0.02774792 0.9968975 0.07365781 -0.1655579 0.9841439 -0.0636509 -0.07019364 0.9971149 0.02889078 0.1215201 0.9904596 0.06498306 0.0671603 0.9949485 -0.07461273 0.420633 -0.9071733 0.01022076 0.1083337 -0.9940904 0.006938993 0.3421773 -0.9396293 0.003417134 0.08327925 -0.9965264 0 -0.121592 -0.9922529 -0.02548819 -0.137017 -0.9905476 -0.006483197 -0.12285 -0.9922618 -0.01801067 -0.1473352 -0.98902 -0.01148128 0.01588219 -0.9982591 -0.05680239 -0.1149556 -0.9894347 -0.08834224 -0.1149623 -0.9894372 -0.0883044 -0.1216022 -0.9922515 -0.02549767 -0.08966761 -0.9959715 7.97036e-4 -0.07853996 -0.996892 0.006149172 -0.07886284 -0.996866 0.006241858 0.3421634 -0.9396343 0.003417432 0.431061 0.466296 0.7724989 0.119435 0.1693441 0.9782934 0.1805404 0.2004728 0.9629204 0.05932319 0.08411854 0.9946883 0.1193308 0.1692286 0.9783262 0.1526656 0.1152464 0.9815353 0.005961954 0.001389563 0.9999813 0.3089566 0.1792623 0.9340295 -0.1520034 -0.8147252 -0.5595695 -0.1565508 -0.9766867 -0.1468847 -0.1264362 -0.9897267 -0.06674557 -0.1429271 -0.9891355 0.03439658 -0.3574522 -0.9177667 0.1730095 -0.1264352 -0.989727 -0.06674319 -0.1423569 -0.9888744 0.04315131 -0.2175657 -0.9691428 -0.1158767 -0.175917 -0.9369069 -0.3020906 -0.4453421 -0.8462329 -0.2925071 -0.148136 -0.9145533 -0.3763617 -0.4679133 -0.856613 0.2174193 -0.3996061 -0.8929623 0.2072039 -0.3981068 -0.916044 0.04872828 -0.2856375 -0.9463036 0.1513962 -0.2785594 -0.8807852 0.3829129 -0.3679513 -0.8896012 0.2705947 -0.1032441 -0.979883 0.1707928 -0.2065744 -0.9782811 0.01712 0.01541805 -0.9946426 0.1022168 0.1191334 -0.9811006 0.1524761 0.08554518 -0.8706232 0.4844558 0.2563102 -0.9488427 0.1843988 0.2490562 -0.9684798 -0.004237592 0.1339029 -0.9807258 0.1422916 0.2774161 -0.9595477 0.04804646 0.180579 -0.9793214 0.09121942 0.1085379 -0.9821124 0.1538665 0.03531152 -0.93177 0.3613277 -0.006446778 -0.9186666 0.3949811 0.173249 0.9829158 0.06214106 0.1316703 0.9185194 0.3728069 0.2850058 0.9100205 0.3010559 0.2183365 0.8654947 0.4508306 0.2272531 0.8183696 0.5278514 0.1410298 0.8493773 0.5085949 0.1600566 0.767268 0.6210328 0.2183242 0.865498 0.45083 0.1671534 0.9480631 0.2706216 0.05553686 0.9169808 0.395047 -0.01066607 -0.1681162 0.9857096 -0.005361378 -0.08447456 0.9964113 -0.001782894 -0.04213881 0.9991102 -0.001776397 -0.04206049 0.9991136 0.1252876 0.1276987 0.983868 0.1093526 0.2303251 0.96695 0.06776964 0.2155451 0.9741395 0.0060575 0.01077342 0.9999237 0.3490802 0.1655741 0.9223493 0.03030532 -0.9995408 -2.77982e-4 0.01303201 -0.9999082 0.003729641 0.008871734 -0.9999521 0.004155814 0.002500057 -0.9999613 0.008443236 0.003094434 -0.9999908 0.002980828 0.003176271 -0.9999903 0.003059744 0.7562629 0.1635889 0.6334865 0.6994041 0.08914339 0.7091455 0.8211407 0.09811168 0.5622296 0.7434365 0.06593573 0.6655485 0.4744911 -0.2161983 0.8532974 0.6403843 -0.07185852 0.7646859 0.7435057 0.06594461 0.6654702 0.7108164 0.1792975 0.6801416 0.9348502 0.2326901 0.2681616 0.7435643 0.06591707 0.6654075 0.9476134 0.091012 0.3061792 0.8669702 0.1858466 0.4624108 0.9450271 0.2198837 0.2420225 0.9944604 0.1012369 -0.02827942 0.9688906 -0.01153159 -0.2472206 0.9577724 0.06927508 -0.2790573 0.974767 0.2175151 -0.05016541 0.8997039 0.09672623 0.425649 0.9307504 0.1534767 0.3318865 0.8669806 0.1860004 0.4623296 0.8243823 0.4254238 0.3733745 0.6964666 0.6527723 0.2980311 0.8669432 0.1860129 0.4623945 0.8837553 0.4085233 0.2282219 -0.01940202 0.9994387 0.02731418 -0.01046866 0.9991208 0.04059779 -0.00763303 0.9996604 -0.02491658 -0.007635354 0.9996608 -0.02490162 -0.01047855 0.9991211 0.04058706 -0.02575623 0.9993285 -0.02606081 -0.005402624 0.997808 0.06595426 0.03805404 0.9989196 0.02667909 -0.07057768 0.9930669 -0.09400522 -0.0257644 0.9993264 -0.02613461 -0.5365523 0.8410628 -0.06873863 -0.09084957 0.9213284 -0.3780219 -0.007625102 0.9996585 -0.0249983 0.1481395 -0.1509479 -0.9773789 0.1205107 -0.09130042 -0.9885047 0.001614749 -1.04453e-4 -0.9999987 -1.70181e-6 0 -1 -3.83187e-7 0 -1 0.03733974 -0.01130014 -0.9992387 7.0975e-7 0 -1 -7.85754e-7 0 -1 0.04916393 -3.07892e-4 -0.9987907 8.84786e-7 0 -1 0.04614216 0.01328212 -0.9988466 -3.82488e-7 0 -1 0.120194 0.09069675 -0.9885988 -4.2758e-7 0 -1 -3.02895e-7 0 -1 0.128974 0.1311466 -0.9829376 6.76983e-7 0 -1 0.3119032 0.1929937 -0.9303064 0.1644597 0.1322069 -0.9774837 0.09442269 0.1799441 -0.9791346 0 0 -1 0.03731679 0.1724068 -0.9843187 0.1241135 0.38291 -0.9154102 0.1998612 0.2979018 -0.93344 0.379237 0.3019151 -0.874658 0.2138457 0.1258318 -0.9687293 0.4509662 0.192508 -0.8715332 0.4511083 0.1925469 -0.8714511 0.4898557 0.2882083 -0.8227863 0.5876253 0.1608611 -0.7929819 0.4509686 0.1924892 -0.8715362 0.3013042 0.08246302 -0.9499557 0.4849638 0.06398224 -0.8721907 0.4850873 0.06400907 -0.87212 0.5876262 0.1608257 -0.7929884 0.6134923 -2.20655e-4 -0.7897008 0.4849459 0.06393915 -0.8722038 0.3148909 -1.31307e-4 -0.9491279 0.4851418 -0.06539684 -0.8719866 0.4853029 -0.06540018 -0.8718968 0.6134784 -3.09948e-4 -0.7897116 0.5745738 -0.156866 -0.8032796 0.4851699 -0.06545162 -0.8719669 0.2510999 -0.06857901 -0.9655289 0.4477125 -0.1928696 -0.8731294 0.4478549 -0.1929302 -0.873043 0.5745447 -0.1569527 -0.8032834 0.4781986 -0.283798 -0.8311346 0.4476816 -0.1928865 -0.8731415 0.2089228 -0.1240019 -0.9700387 0.3836557 -0.3074983 -0.8707774 0.2034608 -0.3087722 -0.9291198 0.09254622 -0.177896 -0.9796878 3.12061e-4 -0.001415729 -0.999999 0.1913877 -0.1531372 -0.9694947 0.4119346 -0.2559876 -0.8745172 0.337263 0.3451328 -0.8758636 0.001069247 0.003310263 -0.999994 0 0 -1 -0.003334462 0.1683184 -0.9857271 -0.02499634 0.5667343 -0.8235213 0.01021629 0.3920084 -0.919905 0.1211467 -0.3826424 -0.9159194 0.04025334 -0.1900338 -0.9809521 8.68722e-4 -0.001089692 -0.9999991 0 0 -1 0.3187561 -0.3266875 -0.8897584 0.3188401 -0.3267399 -0.889709 0.3146887 -0.2417022 -0.9179059 0.6715757 -0.6440252 -0.3663573 0.112066 -0.1117124 -0.9874014 0.3188611 -0.3267294 -0.8897054 0.6200578 -0.602895 -0.5020417 0.008437097 -0.3888386 -0.9212674 -0.003127515 -0.1215425 -0.9925813 2.21978e-6 0 -1 0.004496157 0.0023458 -0.9999872 0.1327591 -0.2368109 -0.9624425 -0.002143681 1.03761e-4 -0.9999977 0.09322261 -0.1960217 -0.9761584 0.2136277 -0.4188301 -0.8825784 0.3331869 -0.6157574 -0.7140234 0 0 -1 0 0 -1 2.28166e-7 0 -1 -0.003101527 -0.1214284 -0.9925954 -0.2057265 -0.001627624 -0.9786082 -0.04989999 -0.1616717 -0.9855822 -0.2403718 -0.1063756 -0.9648346 -0.5744484 -0.001239597 -0.8185399 -0.5028575 -0.009536266 -0.8643168 -0.08707487 -0.3000226 -0.9499498 0.06660312 0.1147137 -0.9911634 7.17898e-7 0 -1 3.8186e-7 0 -1 -1.75464e-6 0 -1 0.141322 0.2692297 -0.9526509 0.1891209 0.3484406 -0.9180536 0.2839106 0.5013679 -0.8173281 0.1661109 0.3464019 -0.9232621 0 0 -1 -0.04565382 0.2137323 -0.9758249 0.01013666 0.3919719 -0.9199214 -0.02325809 0.04691529 -0.9986281 -0.1387791 0.1528796 -0.978452 -0.2057456 0.2146388 -0.9547769 -0.1733958 0.1576932 -0.9721454 2.78118e-7 0 -1 -0.09331792 -0.9749289 0.2020036 -0.2682736 -0.8815302 0.388502 -0.2675986 -0.9033855 0.3350906 -0.1619826 -0.975076 0.1516197 0.04255586 -0.9931035 -0.1092448 0.004815816 -0.9891124 -0.1470832 -0.2454987 -0.9671452 0.06603413 -0.1596468 -0.9560683 -0.2458582 0.662487 -0.005496978 -0.7490532 0.3649185 -0.001298964 -0.9310386 0.2214994 0.2428156 -0.9444463 0.2213442 0.2427428 -0.9445013 0.1965699 0.02803546 -0.980089 -0.06449633 0.2422263 -0.9680737 -0.267197 0.01197052 -0.9635676 0.207578 0.4236898 -0.881702 -0.06446063 0.2423966 -0.9680335 0.09509325 0.6531064 -0.7512719 0.3389047 0.1856943 -0.922313 -0.169001 0.9746574 -0.1465669 0.01779657 0.991676 -0.1275233 0.05465388 0.9976515 -0.04128372 -0.1690265 0.9746634 -0.1464968 0.0547375 0.9976493 -0.04122972 0.03501474 0.9986515 -0.03833276 0.1733421 0.9829006 0.06212115 0.1757853 0.9693314 0.1717447 0.1732522 0.9829216 0.06204015 0.1763664 0.9813122 0.07695078 0.127361 0.968876 0.2122702 0.4392521 -0.02098309 0.8981188 0.4678182 0.08337038 0.8798839 0.6486832 0.02528119 0.7606385 0.5149675 0.01984697 0.85698 0.2627251 0.04881131 0.9636354 0.5340782 0.176154 0.8268799 0.5972567 0.1740291 0.7829421 0.2627535 0.048886 0.9636238 0.4593634 0.2534818 0.8513122 0.5973238 0.1740028 0.7828968 0.5946333 0.3296264 0.7333196 0.6789984 0.2819417 0.6778422 0.6788845 0.2819485 0.6779534 0.4594812 0.253579 0.8512195 0.5458866 0.3169115 0.7756126 0.5911039 0.4369454 0.6779933 0.5911757 0.4370228 0.6778808 0.5946111 0.3297131 0.7332988 0.5249103 0.5172399 0.6759675 0.5910789 0.4370036 0.6779776 0.3808015 0.3746847 0.8453411 0.4363471 0.4313278 0.7896566 0.4553621 0.5786435 0.6766218 0.455396 0.5787816 0.676481 0.5248383 0.5172878 0.6759868 0.3693438 0.6321995 0.6811087 0.4553027 0.5786944 0.6766184 0.2658349 0.4566568 0.8489974 0.3164241 0.5282452 0.7879295 0.2870446 0.6778382 0.6768611 0.2870587 0.6779446 0.6767485 0.3692663 0.6322256 0.6811265 0.1938291 0.7056741 0.681509 0.2869734 0.6778512 0.6768781 0.1215475 0.441918 0.8887828 0.1780298 0.5991369 0.7806025 0.1126579 0.7197476 0.6850341 0.1126182 0.719855 0.6849277 0.1937042 0.705714 0.6815032 0.01145523 0.7379141 0.6747975 0.112576 0.7197639 0.6850304 0.007858514 0.4607949 0.8874719 0.02286565 0.6433514 0.7652295 -0.05470991 0.7251044 0.6864623 -0.05476337 0.7252003 0.6863568 0.01133906 0.7379001 0.6748147 -0.1670862 0.7054488 0.6887846 -0.05477547 0.7250967 0.6864652 -0.1195788 0.5047559 0.85494 -0.1332343 0.6089642 0.781928 -0.2436311 0.6911802 0.6803778 -0.2437043 0.6912748 0.6802554 -0.1671993 0.7054371 0.6887692 -0.3445233 0.6469268 0.6802863 -0.2436965 0.6911692 0.6803656 -0.1949397 0.3550906 0.9142808 -0.2850912 0.5608778 0.7772639 -0.4224713 0.6132535 0.6674116 -0.4225673 0.6133156 0.6672937 -0.3446123 0.6468871 0.680279 -0.4904037 0.5346094 0.6882565 -0.4225246 0.6132364 0.6673935 -0.3498137 0.3814575 0.8556404 -0.4135262 0.4719539 0.7786242 -0.5589875 0.4731474 0.6809292 -0.559068 0.4731349 0.6808719 -0.4904614 0.5345249 0.6882811 -0.5669742 0.4011005 0.719485 -0.5514814 0.3680058 0.7486255 -0.3603802 0.2556278 0.8970957 -0.5514914 0.3680097 0.7486161 -0.3603886 0.2556457 0.8970872 -0.5839869 0.5207139 0.6227491 -0.5839592 0.5207443 0.6227497 -0.4439662 0.3149864 0.838855 -0.2225083 0.4394018 0.8702967 -0.5839923 0.5208197 0.6226555 -0.4225651 0.7136727 0.5586682 -0.2407513 0.8017019 0.5470952 -0.1987869 0.8472109 0.4926639 -0.4224898 0.7137165 0.5586693 0.09878909 0.9739596 0.2040676 0.6105002 0.1730738 0.7728745 0.7281748 0.1218773 0.6744683 0.657291 0.1964274 0.7275884 0.7282974 0.1218739 0.6743366 0.7775724 0.02842628 0.6281506 0.6486139 0.02526807 0.7606981 0.7281725 0.1217973 0.6744853 0.6164269 0.01114499 0.7873333 0.7583354 -0.07105916 0.64798 -0.2744532 0.3548044 0.8937502 -0.1071476 0.183674 0.9771302 -0.06434535 0.08698821 0.9941291 -0.003126919 0.1008171 0.9949001 0.01108193 0.07193326 0.997348 0.06584358 0.168279 0.983538 -0.005943 0.1792926 0.9837779 -0.05629587 0.04207366 0.9975273 -0.03344303 0.007158279 0.999415 -0.04443186 0.005359232 0.9989981 -0.0596798 -0.003960728 0.9982097 -0.05784142 -0.009195089 0.9982835 -0.04296821 -0.01904439 0.998895 -0.02126699 -0.01202082 0.9997017 0.01788288 -0.1683159 0.985571 0.03705602 -0.24303 0.9693108 0.1301537 -0.4439609 0.8865432 0 -0.9992758 0.03805136 1.51806e-7 -0.9998205 0.01894778 -2.89176e-7 -0.999955 0.009484171 0 -1 0 0 -1 -1.32388e-7 0 -1 4.60601e-7 0 -1 0 -0.002041995 -0.9999964 0.001742541 -0.002042293 -0.9999964 0.001742362 0 -1 0 -0.002158284 -0.9999961 0.001841604 0 -1 0 -0.007420778 -0.9999714 0.001467704 -0.008744955 -0.9999601 -0.001883506 -0.008722007 -0.9999603 -0.001879572 -0.007447063 -0.9999713 0.001434385 -0.005979359 -0.9999732 -0.004227995 -0.00873959 -0.9999601 -0.001892507 -0.005994379 -0.9999731 -0.004239797 -0.001316428 -0.9999937 -0.003329932 -0.001303911 -0.9999937 -0.003299057 -0.005996763 -0.9999731 -0.004222989 -0.001304388 -0.9999937 -0.003298878 -3.93717e-7 -0.9999509 -0.009910404 9.70438e-7 -0.9998032 -0.01983821 0 -0.9992082 -0.03978615 0 -1 0 0.00203371 -0.9999964 -0.001752316 0.002033829 -0.9999964 -0.001752138 0.002088546 -0.9999963 -0.001799345 0 -1 0 0.007448613 -0.9999713 -0.001419723 0.008793056 -0.9999595 0.001978039 0.008838117 -0.999959 0.001987099 0.007468223 -0.9999712 -0.001395463 0.006072223 -0.9999722 0.004335165 0.008786976 -0.9999595 0.001989364 0.006052196 -0.9999723 0.004348993 0.001328051 -0.9999936 0.003358066 0.001339852 -0.9999934 0.003387928 0.006040811 -0.9999724 0.004326462 0.001339972 -0.9999934 0.003387868 0.9437363 -0.3000723 0.1389911 0.7043608 -0.6995156 0.1206399 0.7506965 -0.4968261 0.4354524 0.9437941 -0.2998759 0.1390224 0.8625228 -0.4024385 0.3067536 0.9885913 -0.1160758 0.09598934 0.9517548 -0.03970354 0.3042804 0.939911 -0.1075615 0.3240336 0.929416 -0.1712833 0.3268763 0.9399363 -0.1077046 0.3239126 0.9294337 -0.1714541 0.3267364 0.6759305 -0.677675 0.2896115 -0.7001742 -0.2763614 0.6583164 -0.6623314 -0.3380871 0.6685912 -0.6458849 -0.4109079 0.6434186 -0.4690838 -0.3444293 0.8132214 -0.6622965 -0.3379586 0.6686907 -0.4868954 -0.253956 0.8357268 -0.6458438 -0.410975 0.643417 -0.4862373 -0.3784241 0.7876348 -0.2430914 -0.7768477 0.5808738 -0.7001484 -0.2763627 0.6583433 -0.5533954 -0.3703376 0.7460587 -0.7011761 -0.2924341 0.6502572 -0.7001845 -0.2762463 0.6583539 -0.5250691 -0.2255125 0.8206379 -0.5942431 -0.1928796 0.7808154 -0.7001487 -0.2762435 0.658393 -0.4424108 -0.1429175 0.8853516 -0.6674766 -0.1703017 0.7248947 -0.6841562 -0.2699964 0.6775192 -0.6841822 -0.27012 0.6774438 -0.6942235 -0.2191277 0.6855922 -0.6129533 -0.3816119 0.6918531 -0.6841025 -0.2701133 0.6775268 -0.4391082 -0.273375 0.855833 -0.5763323 -0.3280324 0.7484891 -0.5795923 -0.4340459 0.6896935 -0.5795964 -0.4341175 0.6896449 -0.6128774 -0.381695 0.6918745 -0.4480807 -0.4603866 0.7663342 -0.5795162 -0.4341093 0.6897175 -0.237708 -0.2450253 0.9399242 -0.5138961 -0.5605736 0.6493598 -0.3731051 -0.4337378 0.8201611 -0.2377216 -0.2450326 0.9399188 -0.1794317 -0.3233233 0.9291213 0.08824461 -0.1522167 0.9843999 0.3176521 -0.5220128 0.7915807 0.2605327 -0.3206787 0.9106525 0.08815824 -0.1520876 0.9844275 0.1223828 -0.1456521 0.9817372 0.1245297 -0.152126 0.9804847 0.1245887 -0.1348727 0.982999 0.1805896 -0.1164807 0.9766369 0.05932992 -0.1686717 0.9838851 0.1877725 -0.2859975 0.9396526 0.1522475 -0.9855394 0.07438355 0.6175295 -0.7639901 0.1870204 0.372726 -0.9268022 0.04596889 0.7097399 -0.7000584 0.07866203 0.6733768 -0.6876801 0.2714034 0.9613645 -0.2486382 0.1181417 0.7550988 -0.5867038 0.2925823 0.8984893 -0.1586011 0.409344 0.8984576 -0.1586545 0.4093933 0.8175473 -0.466238 0.3379921 0.6602957 -0.3795816 0.6480181 0.6764127 -0.1708709 0.716428 0.9675458 -0.02085804 0.251834 0.8912966 -0.07302165 0.4475023 0.7428735 -0.06261414 0.6664971 0.5287394 -0.0751549 0.8454505 0.5286552 -0.07516378 0.8455023 0.6763248 -0.1708329 0.71652 0.1023154 -0.1535888 0.9828235 0.1221973 0.004802882 0.9924943 0.5417617 -0.182135 0.8205615 0.5287843 -0.07522344 0.8454162 0.725512 -0.3639411 0.5841056 0.8833552 -0.1975375 0.4250445 0.9539824 -0.1995462 0.2238278 0.9892817 -0.1186287 0.085141 0.9755836 -0.03485161 -0.216846 0.9524058 -0.298435 -0.06212747 -0.9146278 0.3676279 -0.1682431 -0.6182066 0.6936914 -0.369612 -0.55361 0.585414 -0.5922892 -0.7495434 0.4958944 -0.43849 -0.7495004 0.4958965 -0.4385612 -0.4968773 0.6074601 -0.6197624 -0.3905684 0.6979333 -0.6002879 -0.9146831 0.3675366 -0.1681424 -0.8412772 0.3553417 -0.4074128 -0.9781806 0.1285306 -0.1632263 -0.9943625 0.1055513 -0.01011115 -0.8995814 0.4057478 -0.1616241 -0.6498026 0.7502859 -0.1217693 -0.9146198 0.3676977 -0.1681342 -0.7155535 0.682406 -0.1493501 -0.6752063 0.7325435 -0.08646756 -0.6121455 0.7454448 -0.2637993 0.3116369 0.7715123 0.5546633 -0.04098212 0.6367018 0.7700204 0.3256133 0.2879267 0.9005967 0.3254908 0.287873 0.9006581 -0.03403025 0.460844 0.8868285 0.009603619 0.1241317 0.9922193 -0.05011695 0.1277016 0.9905456 -0.347678 0.3415227 0.8732023 -0.2947545 0.2631516 0.9186245 -0.1750991 0.1816244 0.9676534 0.05022495 0.01255577 0.998659 0.2077543 -0.03409242 0.9775868 -0.009140908 0.01375699 0.9998637 0.08507716 1.50353e-4 0.9963744 0.2208886 -0.001242578 0.9752983 0.2079432 -0.03405225 0.977548 0.5637768 -0.002894818 0.8259222 0.5638852 -0.00294578 0.8258481 0.2838919 -0.03688335 0.9581467 0.6521052 -0.1622658 0.7405598 0.2776825 0.2132637 0.9367023 0.3256608 0.2878295 0.9006106 0.6995219 0.02562928 0.7141514 0.811717 0.3429306 0.4727728 -0.8868682 0.4512156 0.09934353 -0.9366639 0.3381169 0.09131097 -0.9375006 0.2024475 0.2830333 -0.9047877 0.4130567 -0.1036511 -0.8158863 0.5782116 -0.001053094 -0.7933015 0.6088284 -9.43497e-4 -0.7932224 0.6089314 -0.001049578 -0.9047189 0.4132149 -0.1036212 -0.7932236 0.6089296 -0.001049458 -0.8044803 0.5939794 0 -0.8748293 0.4511181 0.17654 -0.8071092 0.5078123 0.3011669 -0.9374353 0.2024663 0.283236 -0.6514742 0.351127 0.6725261 -0.7984843 0.1599737 0.5803717 -0.8721892 0.1935843 0.4492339 -0.8225597 0.3104469 0.4764646 -0.8722335 0.1936635 0.4491138 -0.819959 0.5574327 0.130139 -0.5101441 0.3123344 0.8013741 -0.7984445 0.1599353 0.5804372 -0.2400923 0.01987308 0.9705467 -0.8612958 0.5080876 0.004064738 -0.8070671 0.5079064 0.3011212 -0.4976107 0.8443127 0.1987954 -0.8867774 0.4513853 0.09938454 -0.4974816 0.8443938 0.198774 -0.4304812 0.9025983 0.001490652 -0.09959465 0.9854333 0.1378488 -0.09962874 0.9854041 0.1380328 -0.4833033 0.822007 0.3012015 -0.04490792 0.8220064 0.567705 0.3599804 0.8861643 0.2917656 0.05701345 0.9983428 -0.007831335 0.3666585 0.9108847 0.1893426 0.5739338 0.8188393 0.01011472 0.7892748 0.5914974 0.1648524 0.9543871 0.2983081 0.01255607 0.9544308 0.2981663 0.01260811 0.8542293 0.4698338 0.2225946 0.9780739 0.04763847 0.2027361 0.9544424 0.2981305 0.01257485 0.9998806 0.01008182 0.01172137 0.993648 -0.1125316 6.26695e-4 0.9994453 -0.02984607 -0.0147776 0.9998899 0.01330053 0.006581008 0.9937791 0.1108242 0.01101571 0.9937588 0.1110055 0.01101279 0.9998877 0.01344347 0.006630599 0.9212697 0.3881292 0.0248593 -0.347424 -0.02983748 -0.9372334 -0.2284389 -0.02250105 -0.9732982 -0.3536629 -0.02918791 -0.9349175 -0.1248202 -0.1061357 -0.9864863 0.01679265 -0.003984987 -0.9998511 -0.009423434 0.0028373 -0.9999516 -0.02960318 -0.1627529 -0.9862227 0.1031932 -0.1832895 -0.9776278 0.1984314 -0.08959865 -0.9760109 0.3084084 -0.1358712 -0.9415006 0.2727736 -0.1278182 -0.9535498 0.0984627 -0.3807785 -0.919409 0.1096804 -0.4048334 -0.9077886 -0.2038006 -0.2937213 -0.9339128 -0.2112105 -0.3011617 -0.9298881 -0.1231182 -0.7043976 -0.6990464 -0.1760119 -0.5043447 -0.8453735 -0.1380811 -0.7057148 -0.6949103 -0.138108 -0.705716 -0.6949037 -0.1760273 -0.5041826 -0.845467 -0.2093892 -0.2526918 -0.9446179 -0.2094731 0.2513961 -0.944945 -0.2000222 0.3806982 -0.9028068 -0.1760303 0.5044196 -0.845325 -0.2094333 0.2514817 -0.9449311 -0.1381356 0.7058038 -0.6948091 -0.1381453 0.7058025 -0.6948084 -0.09888434 0.8617145 -0.4976645 -0.06656295 0.9233264 -0.3782034 -0.1778922 -0.9832226 0.04034644 4.01837e-4 -0.9997954 0.02022141 -0.04619467 -0.9972451 -0.05803728 0.01366418 -0.9995606 0.02630555 -0.00505352 -0.9999399 -0.009729385 -0.04619085 -0.9972457 -0.05803036 -0.005072653 -0.9999395 -0.009773135 -0.004945337 -0.9999445 -0.00931102 0.04150521 -0.9976391 0.05471271 -0.1653656 -0.9571463 0.2377506 -0.2343944 -0.9211608 0.3106802 0.1946513 -0.9092315 0.3679797 0.2653978 -0.957156 0.1158298 0.1671442 -0.9716061 -0.1674643 0.1671638 -0.9716039 -0.1674581 0.2654079 -0.957155 0.1158146 0.43718 -0.8496816 -0.2948132 -0.2257807 0.9724888 -0.05734628 -0.0404154 0.9986233 -0.03343856 -0.2270696 0.9732877 -0.0339201 -0.1426306 0.9893902 -0.02763104 0.1512415 0.988311 -0.0191695 0.1479171 0.9889593 -0.008959949 -0.5904959 0.7852239 -0.1863819 -0.6319461 0.7157192 -0.2973051 -0.1427809 0.9893674 -0.02767074 -0.5374035 0.8418134 -0.05047494 0 1 4.65127e-7 0 1 0 0 1 0 0 1 0 0 1 0 0 1 0 0 1 0 0 1 0 0 1 0 -0.9329895 -0.3595148 0.0167278 -0.9551032 -0.2962697 -0.001486301 -0.9347974 -0.3551666 0.003250718 -0.9720887 -0.2343432 -0.01126855 -0.9930713 -0.1169501 -0.01149851 -0.9721012 -0.2342913 -0.01126641 -0.993071 -0.1169524 -0.01149886 -0.9982287 -0.05836075 -0.01155704 -0.9982336 0.05838596 -0.01099574 -0.9931019 0.116744 -0.01093488 -0.9722326 0.2337715 -0.01070845 -0.9554935 0.2945107 -0.01719576 -0.9354566 0.352859 -0.02028864 -0.9554751 0.2945694 -0.01721173 -0.9354549 0.3528628 -0.02029836 -0.9339741 0.3560591 -0.03023904 0.07553029 -0.02113181 -0.9969196 0.0414775 -0.09983408 -0.9941393 -0.09927189 -0.1757021 -0.9794253 -0.2452003 -0.06726306 -0.9671363 -0.1953201 -0.3690413 -0.9086577 0.04023939 -0.5357655 -0.8434075 0.07587558 -0.2098756 -0.9747796 0.04155147 -0.09975713 -0.9941439 0.3800644 -0.02466702 -0.9246311 0.4089658 -0.146445 -0.9007225 -0.571613 0.8203914 -0.0147221 -0.6816858 0.7314353 -0.01752138 -0.5716136 0.8203909 -0.01472222 -0.7818437 0.6233487 -0.01253253 -0.9253972 0.3789238 -0.007521808 -0.9706942 0.2403172 7.78893e-4 -0.9992889 -0.03767019 -0.001626312 -0.9834942 -0.1809327 -0.001621007 -0.8937225 -0.448614 -0.002400398 -0.8189148 -0.5739151 -3.47554e-5 -0.6256611 -0.7800951 -2.75903e-6 -0.5070701 -0.8619049 0 -0.2438613 -0.9698101 0 -0.09903872 -0.9950836 -2.53803e-5 0.1837569 -0.9829717 0 0.3191476 -0.9476806 -0.006817042 0.5692864 -0.8220574 -0.01160633 0.6826266 -0.7306752 -0.01160979 0.8610233 -0.5085433 -0.004775166 0.9255883 -0.3785319 -3.43415e-5 0.9945213 -0.1045349 0 0.9991285 0.04171735 0.001402974 0.9474261 0.3199226 0.005770921 0.8925613 0.4508892 0.005770027 0.821101 0.570747 0.006407082 0.8225589 0.5686799 0 -0.7802724 0.02418833 -0.624972 -0.343534 -0.006052434 -0.9391208 -0.7028542 0.06300723 -0.7085379 -0.2587811 0.01630395 -0.9657985 0.2386069 -0.05922335 -0.9693087 0.3129965 0.1794019 -0.9326565 0.3900694 -0.006820738 -0.9207603 0.2388063 -0.05927884 -0.9692562 0.6376994 -0.03163135 -0.7696357 0.5183972 -0.1088478 -0.8481842 0.5182502 -0.108833 -0.848276 0.2387639 -0.05929821 -0.9692655 0.09431838 -0.1107265 -0.9893653 0.9373757 0.01043611 -0.3481636 0.8266029 -2.16844e-4 -0.5627857 0.8267 -1.69344e-4 -0.5626431 0.944442 -0.1437938 -0.2955552 0.9851398 0.158854 -0.06530719 0.9893479 -0.1107291 0.09449893 0.9189978 0.01377147 0.3940224 -0.101833 -0.09377849 0.9903715 0.272448 -0.08153903 0.9587092 -0.006543099 -0.06072574 0.9981331 0.3418194 -0.2102885 0.9159358 0.4292237 -0.02479231 0.9028579 0.2725877 -0.08151614 0.9586715 0.6450142 -0.0375548 0.7632472 0.7630203 0.00360769 0.6463645 0.8859647 -0.05517131 0.4604594 0.9502509 -0.001739263 0.3114809 0.9923284 -0.05862939 0.108845 0.9983221 -0.01164883 -0.05672287 0.9629186 -0.06857031 -0.2609328 0.9113851 -0.0221529 -0.4109582 0.8068464 -0.07267481 -0.586274 0.5443779 -0.03592377 -0.8380705 0.450314 -0.1088782 -0.8862071 0.5442503 -0.03591293 -0.838154 0.2306896 -0.003530144 -0.973021 0.1408996 -0.2482271 -0.9584 0.1116622 -0.1519753 -0.9820566 0.2305257 -0.003512382 -0.97306 -0.1884254 -0.0272606 -0.9817091 0.1408028 -0.2482309 -0.9584133 -0.1884279 -0.02726805 -0.9817084 -0.1659295 -0.2659384 -0.9496022 0.1408522 -0.248228 -0.9584068 -0.1177436 -0.3444855 -0.9313786 -8.46099e-4 -0.2215985 -0.9751377 -9.07466e-4 -0.2214576 -0.9751697 -0.1659664 -0.2659029 -0.9496057 -0.377685 -0.157035 -0.9125208 0.3711665 -0.1953682 -0.9077812 0.1731176 -0.2986457 -0.9385314 0.2375999 -0.3660536 -0.8997506 0.3384926 -0.2404288 -0.9097345 0.842983 -0.5378513 0.009782314 0.5353085 -0.84446 0.01822566 0.784492 -0.6201279 -0.003721177 0.3914683 -0.9201815 -0.004328072 0.3647667 -0.9308883 0.01980495 0.2286949 -0.9708771 0.07138931 0.3913077 -0.9202499 -0.004310548 0.3648381 -0.9308604 0.01980346 0.6001457 -0.7998907 0 0.7262362 -0.6874454 2.83308e-6 0.6002774 -0.7997919 1.74567e-5 0.7261928 -0.6874912 -1.01364e-6 0.6867519 -0.7268916 -6.62882e-4 0.7977721 -0.602959 -4.60468e-4 0.9109902 -0.4124241 -0.001813232 0.9187959 -0.3947302 0.001475691 0.8695983 -0.4937538 0.002489626 0 -1 0 0 -1 0 -0.9405968 0.3395134 -0.002879619 -0.9066959 0.4217684 0.003743827 -0.8938695 0.4483234 -0.001928806 -0.8938634 0.4483355 -0.001909434 -0.906782 0.4215834 0.003730714 -0.9741968 0.2257003 0 -0.9984679 0.05533397 -3.68687e-7 -0.9935398 0.1134806 -9.8031e-4 -0.9990649 -0.04319238 -0.001949667 -0.9667261 -0.2557961 -0.003012657 -0.9608724 -0.2769896 -0.001087546 -0.9999279 -0.009246766 -0.007661581 -0.977683 0.2099253 -0.008213698 -0.949972 0.3116117 -0.02124315 0.5860801 -0.7972404 0.1446301 0.5201675 -0.8453444 -0.1217324 0.6926324 -0.6533002 -0.3057113 0.5860379 -0.7972747 0.1446124 0.7133392 -0.6687656 -0.209523 0.6778753 -0.7310392 0.07789063 0.5860422 -0.797239 0.144792 0.6581471 -0.6972898 0.2839531 0.5388666 -0.637615 0.5505179 0.586053 -0.7972444 0.1447184 0.4793161 -0.5886152 0.6509902 0.5167194 -0.7628276 0.3887096 -0.9408366 -3.6729e-7 -0.3388609 -0.6367036 0.01282799 -0.771002 -0.8869954 0.0210936 -0.4612963 -0.7063005 3.53521e-5 -0.7079122 -0.3417728 -0.004335463 -0.9397726 -0.2285705 0.02458029 -0.973217 -0.1915394 0 -0.981485 -0.9812963 0 -0.1925039 -0.9812964 0 -0.1925029 -0.001249134 -0.9999862 -0.005112886 0.06661689 -0.9898806 0.1252943 0.3261586 -0.9177898 0.2264561 0.3262458 -0.9177498 0.2264928 0.1775413 -0.8916435 0.4164745 0.701439 -0.5880341 0.4027397 0.3971207 -0.8515295 0.3423344 0.06662029 -0.9898648 0.125417 0.001076877 -0.7889006 0.61452 -0.02196645 -0.6717345 0.7404664 0.1045315 -0.959233 0.2625743 -0.1381995 -0.8457456 0.5153789 0.3263152 -0.917746 0.2264084 0.3972455 -0.8515028 0.3422558 0.4695916 -0.880503 0.06479376 0.2961769 -0.9517158 0.08072441 -0.001183152 -0.9999858 -0.005200684 0.4695307 -0.8805386 0.06475287 0.4241864 -0.9041159 -0.05138617 -0.003197729 0.7031822 0.7110026 0.008850216 0.2794424 0.9601217 0.0248357 0.6365966 0.7707971 0.04217696 0.3196 0.9466134 -0.004913568 0.2185307 0.9758177 0.07458788 0.10341 0.9918382 0.07460194 0.1033353 0.991845 -0.004923403 0.2184057 0.9758457 -0.02872437 0.03100609 0.9991065 -0.02872771 0.03099006 0.9991068 -0.005159735 0.08591705 0.996289 -0.02869939 -0.01131558 0.9995241 -0.02865183 -0.01130056 0.9995257 -0.004921317 0.2183991 0.9758471 -3.09066e-5 0 1 -0.484697 0.8745101 -0.01734924 -0.2014126 0.9785777 -0.04264879 -0.3501149 0.9352461 -0.05229228 -0.261009 0.9648831 -0.02958226 -0.1986199 0.980076 -0.001114964 -0.4289766 0.9033113 -0.002831101 -0.545082 0.8383542 0.006926178 -0.6098365 0.7901434 0.06142282 -0.6781066 0.7344375 0.02780061 -0.5451537 0.8383076 0.006916105 -0.2734814 0.9562185 -0.1041833 -0.5271777 0.8473531 -0.06384688 -0.8107765 -0.5225268 -0.263832 -0.8850591 -0.4567377 -0.0897848 -0.8223991 -0.5531008 -0.1331889 -0.9329511 -0.3600033 3.45656e-5 -0.9920049 -0.1261998 1.27126e-5 -0.9329805 -0.3599269 -1.26008e-5 -0.992022 -0.1260653 -4.43596e-5 -0.9999945 -0.003319561 0 -0.9722325 0.2340172 -2.2947e-5 -0.937293 0.3485426 0 -0.8275153 0.5614433 -3.01757e-5 -0.7518787 0.6593015 0 -0.5725946 0.8198387 0 -0.4694465 0.8829609 -2.60604e-6 -0.2470486 0.9690032 9.0152e-7 -0.4693573 0.8830084 -8.99658e-7 -0.2469458 0.9690294 -3.35312e-5 -0.1276522 0.991819 -1.97826e-5 0.112441 0.9936584 2.34865e-5 0.2331379 0.9724437 1.37157e-6 0.458823 0.8885278 5.64381e-7 0.233233 0.9724209 -5.94184e-7 0.4588882 0.888494 -5.87528e-7 0.5638611 0.8258696 2.92939e-5 0.7441635 0.6679976 0 0.8195734 0.5729745 0 0.9317532 0.3630924 0 0.9686679 0.2483601 0 0.9999557 0.009426891 0 0.9933911 -0.1147786 -2.47906e-5 0.9372943 -0.3485391 -2.1439e-6 0.9933812 -0.1148646 2.15881e-6 0.9372534 -0.3486489 1.44556e-6 0.8887211 -0.4584485 2.07211e-5 0.7546032 -0.6561815 2.3509e-5 0.6685841 -0.7436366 2.3509e-5 0.573901 -0.8189248 0 0.5739015 -0.8189244 0 0.4527015 0.3007462 0.8394125 0.02647727 0.3164463 0.9482409 0.04232269 0.4799752 0.8762607 0.04215049 0.4799797 0.8762665 -0.03345382 0.2468412 0.9684783 -0.4175521 0.5232857 0.7428475 -0.5151596 0.1372387 0.8460356 -0.760435 0.4088849 0.5045313 -0.3093372 0.7741268 0.5523025 -0.5161039 0.7451313 0.4223935 -0.1668802 0.9792976 0.1145735 -0.4150931 0.8989567 0.1399096 0.1850436 0.9826298 -0.01405507 -0.2819592 0.9455569 -0.1625466 -0.01658719 0.9998424 -0.006345272 -0.321488 0.9469137 0 -0.1927529 0.9661108 -0.1716864 -0.05831003 0.7665056 -0.6395852 0.1279805 0.8466131 -0.516592 0.09952855 0.6825776 -0.7240042 -0.05824005 0.7664154 -0.6396995 0.1506014 0.7913596 -0.5925109 0.09454983 0.5442861 -0.8335545 0.01353174 0.7268533 -0.6866596 0.06699591 0.5300142 -0.8453382 0.06699925 0.5300191 -0.8453348 -0.05829274 0.766386 -0.63973 -0.1928769 0.7646694 -0.6148816 0.1126191 0.6004838 -0.7916668 0.09954899 0.6824983 -0.724076 0.09454631 0.5442709 -0.8335648 0.0760318 0.34105 -0.9369654 0.05452841 0.3013764 -0.9519448 0.03744977 -0.003634333 -0.999292 0.2722765 0.9621996 -0.006125271 0.2452058 0.9694544 -0.005683839 0.1671748 0.979475 -0.1126115 0.16727 0.9858831 -0.007433593 0.2451096 0.9694787 -0.0056777 0.2267976 0.973605 -0.02561438 0.1670856 0.9794905 -0.1126094 0.2269313 0.9735732 -0.02564424 0.1425154 0.982141 -0.1228358 0.3245211 0.9454914 -0.0270586 0.499225 0.8661913 0.02207171 0.246295 0.9628063 -0.1110993 0.05373781 0.9929661 -0.1055017 -0.8529083 0.007798612 0.5220028 -0.9613741 1.12461e-4 0.2752453 -0.913179 0.08553659 0.3984816 -0.9434701 -0.003647625 0.3314378 -0.9444715 0.1073321 0.3105695 -0.9434456 -0.003653943 0.3315072 -0.9444958 0.1073147 0.3105019 -0.9960272 -0.006715893 0.0887959 -0.9849274 0.1423211 0.09829998 -0.9960417 -0.00669378 0.0886358 -0.9508233 0.2961114 -0.09084743 -0.8866496 0.1482803 -0.4380245 -0.9960445 -0.006691217 0.08860421 -0.9318351 0.1520638 -0.3294847 -0.8621788 0.004918992 -0.5065804 -0.8621065 0.004969358 -0.5067029 -0.8865823 0.1483071 -0.4381518 -0.6604731 0.05249035 -0.7490127 -0.8620985 0.004947721 -0.5067166 -0.6604463 0.05246561 -0.7490382 -0.6368827 0.03853935 -0.7699968 -0.4465785 0.01326501 -0.8946461 -0.5430929 0.1526205 -0.8256858 -0.06450861 0.2423222 -0.9680489 -0.9973633 0.06531995 0.03162217 -0.9643814 0.1974936 -0.1759685 -0.991253 -0.1317527 0.007669091 -0.9469764 -0.1539457 -0.2820223 -0.7874752 0.1920008 -0.585678 -0.6924919 0.6681727 -0.2720298 -0.7873845 0.1921296 -0.5857576 -0.719357 0.6151385 -0.3226923 -0.3038773 0.6845555 -0.6626028 -0.4003763 0.7022097 -0.5887278 -0.692365 0.6682904 -0.2720639 -0.285421 0.9359769 -0.206112 -0.303727 0.6846084 -0.662617 -0.1885862 0.9184526 -0.3476784 -0.02997624 0.8831891 -0.4680584 -0.1168288 0.3440456 -0.9316564 -0.0944454 0.408031 -0.9080699 -0.09070611 0.07945162 -0.9927033 -0.814735 -0.06614309 -0.5760486 -0.2029219 0.3927224 0.8969904 0.08152705 0.3975586 0.9139478 -0.05497646 0.1821619 0.9817305 -0.05489677 0.1820724 0.9817516 0.1836512 0.2727968 0.9443803 -0.006874084 0.01272374 0.9998955 -0.0548824 0.1819966 0.9817664 -0.006626367 -0.06067836 0.9981355 0.003054738 0.03588545 0.9993513 -0.006862819 0.01267915 0.9998961 -0.1530809 0.01978611 0.9880155 -0.1287997 -0.1350302 0.9824345 -0.2109719 0.1634319 0.9637328 -0.5185369 0.2258791 0.8246808 0.5046538 5.23048e-5 -0.8633218 0.252426 0 -0.9676162 0.3364117 0.8975095 -0.2851384 0.418255 0.9070692 -0.04783445 0.4807221 0.87682 -0.009639203 0.3571413 0.9335278 -0.03124088 0.4806643 0.8768519 -0.009628474 0.3724547 0.9279809 -0.01136213 0.3725226 0.9279488 -0.01174479 0.4808332 0.8767595 -0.009609043 0.6614353 0.738551 -0.1305605 0.7247999 0.6888688 0.01117557 0.6849172 0.7242738 -0.07947361 0.8190613 0.5735045 -0.01521223 0.7202932 0.685145 -0.108416 0.9257034 0.3547469 -0.1312558 0.9188087 0.3612197 -0.1590942 0.8846275 0.2894599 -0.3655779 0.6056233 0.665061 -0.4369376 0.4862176 0.8673328 0.1064256 0.194819 0.9755197 -0.1020146 0.7597746 0.6459906 -0.07374876 0.6823966 0.7149561 0.1522259 0.909096 0.4161998 -0.01795035 0.8295268 0.5193858 0.2052412 0.9066182 0.4195988 -0.04450076 0.7135452 0.6531096 0.2535767 0.7942816 0.5257332 0.304502 0.7687534 0.5197872 0.3726119 0.6985316 0.489046 0.5223866 0.4860671 0.8674153 0.1064413 0.7134853 0.6531893 0.2535399 0.2021454 0.9776695 0.05744206 0.6950787 0.6305878 0.3452891 0 -1 -4.13412e-7 0 -1 -1.16751e-6 0 -1 1.23185e-6 0 -1 5.88901e-7 0 -1 1.68691e-7 0 -1 -8.88027e-7 0 -1 -5.38935e-7 0 -1 1.54604e-6 0 -1 -8.00093e-7 0 -1 -1.66778e-6 0 -1 1.60011e-6 -0.5666397 -0.005851566 0.8239449 -0.3837949 -7.42429e-5 0.9234184 -0.5539982 -1.10745e-4 0.832518 -0.1871972 0.002835571 0.9823183 0.18721 0 0.98232 0.3789297 0.002229928 0.9254228 0.5474717 0.002886593 0.8368192 0.5537218 0.005770087 0.8326818 -0.779534 0.04641032 -0.6246383 -0.9782354 0.04247927 -0.2031039 -0.8644106 -0.1318919 -0.4851792 -0.9588556 -0.1265991 -0.2541038 -0.9588808 -0.1265694 -0.2540233 -0.9576784 0.1689056 -0.2330729 -0.9914833 -0.1296552 0.01226747 -0.9914812 -0.1296611 0.01237088 -0.9782656 0.04245662 -0.2029628 -0.9394559 0.004779696 0.3426365 -0.9914833 -0.1296381 0.01244217 -0.9373754 0.1078969 0.3311883 -0.9601216 -0.1180304 0.253447 -0.8871737 -0.1456243 0.4378542 -0.8871197 -0.1456679 0.4379491 -0.9393864 0.00477904 0.3428272 -0.7997635 -0.09802085 0.5922588 -0.79978 -0.09794545 0.5922489 -0.937327 0.1079481 0.3313087 -0.7135092 0.1762394 0.6781183 -0.7810651 0.02425128 0.6239787 -0.7134373 0.1762511 0.678191 -0.6007519 0.1247405 0.7896436 -0.3521069 0.2302786 0.9071894 -0.1899642 0.1852498 0.9641557 -0.007819592 0.2575833 0.9662245 0.1027024 0.2257333 0.9687604 0.4675554 0.3140019 0.826314 0.1727631 0.363534 0.9154212 0.4359813 0.6906982 0.5769371 0.5807572 0.3822609 0.7187473 0.6284866 0.1667391 0.7597386 0.4954971 0.4687999 0.7312383 0.7866104 0.4035785 0.4672993 -0.8593337 -0.2761176 0.4304703 -0.9601024 -0.1181272 0.2534749 -0.8143025 -0.3756465 0.4424943 -0.8407998 -0.5230658 0.1394925 -0.9190077 -0.3510884 0.1793373 -0.8143175 -0.3755636 0.4425373 -0.915353 -0.1857737 0.3572352 -0.885249 -0.4394276 0.152439 -0.9914835 -0.1296411 0.01239609 -0.9493017 -0.2298483 0.214467 -0.9448594 -0.2997927 -0.1317763 -0.8303511 -0.5506498 -0.0854513 -0.944848 -0.299775 -0.131899 -0.8510788 -0.4007775 -0.3391789 -0.851041 -0.400915 -0.3391113 -0.8303111 -0.5507132 -0.08543169 -0.5826431 -0.8098832 -0.06794309 -0.5727248 -0.6289163 -0.5257858 -0.5820105 -0.5562596 -0.5931603 -0.8643725 -0.1318062 -0.4852705 -0.5856762 -0.4811207 -0.6523084 -0.6861613 -0.2186408 -0.6938148 -0.6860713 -0.2187709 -0.6938627 -0.5819201 -0.5563284 -0.5931844 -0.4720443 -0.2653899 -0.8406798 -0.4719715 -0.2653268 -0.8407405 -0.5855655 -0.4811478 -0.6523879 -0.1876121 -0.2403375 -0.9523863 -0.1586173 -0.3818176 -0.9105251 -0.581851 -0.5563541 -0.5932282 -0.01608741 -0.8098528 -0.5864124 -0.7512828 0.3001325 -0.587788 -0.7794268 0.04637211 -0.6247748 -0.6860468 -0.2186627 -0.6939212 -0.4500541 -0.1161356 -0.8854174 0.5875127 0.5723789 0.5720239 0.1780386 0.6314825 0.7546736 0.4588952 0.6718798 0.5813714 0.4588593 0.6718641 0.5814179 0.1090248 0.3835856 0.9170473 0.1664982 0.7984222 0.5786193 0.1664059 0.7984347 0.5786287 0.1779158 0.6314942 0.7546927 0.1029465 0.7259849 0.6799617 0.07655429 0.5614827 0.8239398 0.1090001 0.3834928 0.917089 0.1093357 0.2304851 0.9669139 0.9999575 0.00197345 0.00901699 0.9859584 -0.1503178 0.07273632 0.9527902 0.01098769 -0.3034309 0.9527845 0.01099777 -0.3034482 0.9832293 -0.1592559 -0.08886897 0.9427108 -0.1954851 -0.2703366 0.8924583 -0.4498036 -0.03456872 0.8261544 -0.08110314 -0.5575761 0.8107663 -0.494013 -0.3140212 0.6898393 -0.6398847 -0.3386288 0.9426882 -0.1956174 -0.2703197 0.8474525 -0.5298071 -0.03359723 0.5438488 -0.8156646 -0.1972814 0.9527354 0.01100432 -0.303602 0.6002496 -0.08028346 -0.7957733 0.5357508 -0.2031595 -0.8195715 0.5889433 0.3218199 -0.7413352 0.1494626 0.7731961 -0.6163026 0.2193024 0.6497671 -0.7278113 0.2191606 0.6498475 -0.7277822 0.1037929 0.8976064 -0.4284036 0.009565472 0.691475 -0.722337 0.009512364 0.6914138 -0.7223964 0.149358 0.773169 -0.6163618 -0.0522058 0.7541165 -0.6546625 0.009465694 0.6914511 -0.7223613 -0.02497673 0.9709487 -0.237981 -0.2257239 0.7674126 -0.6001057 -0.1026681 0.9483283 -0.3002215 -0.2111455 0.797192 -0.5655993 -0.2960822 0.5609589 -0.773085 -0.2111468 0.7971151 -0.565707 -0.4118901 0.2570633 -0.8742225 -0.4118592 0.2570726 -0.8742344 -0.2414725 0.7150817 -0.65601 -0.06857115 0.4314461 -0.899529 -0.9840781 0.1224093 -0.1288657 -0.9985727 -0.04316842 0.03145033 -0.9027381 0.3412076 -0.2619952 -0.9993031 0.03335881 -0.0167483 -0.9944213 -0.09929305 0.03560221 -0.891538 -0.3409321 0.2982038 -0.9626542 -0.1346222 0.2348909 -0.9926494 -0.06336832 0.1031098 -0.9985729 -0.043163 0.03145098 -0.9979719 0.04900693 -0.04062676 -0.9926562 -0.06329792 0.1030884 -0.9840852 0.1223893 -0.1288311 -0.9780922 -0.01238799 0.2078033 -0.9780989 -0.01236641 0.2077729 -0.997969 0.04908055 -0.04060691 -0.9934312 0.07693326 0.08470988 -0.9511726 0.04773157 0.3049464 -0.9141215 -0.04302328 0.4031515 -0.9980114 -0.06249099 0.008272707 -0.9978994 -0.02076995 0.06136256 -0.9993709 0.03522467 -0.00413978 0.9007176 0.01098078 -0.4342666 1 9.79773e-7 0 0.960591 -0.0258879 -0.2767581 0.992457 -0.03213685 -0.1183062 0.9591579 -0.009857296 0.2826995 0.9398137 -0.008066713 0.3415919 0.742003 0.003828048 0.6703857 0.800254 0.006601512 0.5996249 0.6848942 -0.01117259 0.7285569 0.4540014 0.002703666 0.8909969 0.3625506 -0.008669495 0.9319238 0.1076522 -0.0193752 0.9939999 -0.2851102 -0.01026648 0.9584398 -0.3405283 -0.004030466 0.9402257 -0.6789502 0.003398478 0.7341765 -0.5907799 0.07187187 0.8036253 -0.7362668 0.169135 0.6552134 -0.9180693 -0.001627624 0.3964168 -0.9746347 0.1067122 0.1967232 -0.7362046 0.1692627 0.6552503 -0.7752726 0.2529008 0.5787865 -0.5543572 0.7019211 0.4472078 -0.7361983 0.1692888 0.6552507 -0.5586231 0.5965094 0.5762957 -0.5867205 0.252516 0.7694121 -0.1880217 -0.03672641 0.981478 0.5715834 0.1297703 0.8102174 0.812676 -0.1369187 0.5664018 0.6879959 -0.1006486 0.7187014 0.6549648 -0.5059222 0.5613056 0.9819833 -0.03648436 0.1854124 0.9924695 -0.03213214 -0.1182028 0.7897072 -0.02439618 -0.6129988 0.679791 0.00540471 -0.7333859 0.4943809 0.04919791 -0.867852 0.268642 -0.01719391 -0.9630866 -0.001001536 -0.01319605 -0.9999125 -8.15972e-7 0 -1 -0.2871502 0.01373493 -0.9577871 -0.2488571 0.04374426 -0.9675519 0.2939172 0.1803311 -0.9386658 -0.3570673 0.1803767 -0.9164972 -0.6871736 0.02420544 -0.72609 -0.4589132 0.002729177 -0.888477 -0.459073 0.002736508 -0.8883944 -0.6936516 -0.1261 -0.7091871 -0.741446 0.007024288 -0.6709758 -0.8189435 -0.03833556 -0.5725924 -0.7414887 0.007025361 -0.6709286 -0.8219068 0.1381 -0.5526279 -0.9663248 5.44503e-4 -0.2573253 -0.9663295 5.23701e-4 -0.2573073 -0.8607883 -0.002663254 -0.5089564 -0.9969787 0.02376419 -0.07395231 -0.9969858 0.02378088 -0.07384979 -0.9946674 0.01817089 0.101521 -0.9936715 0.1123005 -0.002369344 -0.9999849 0.005457758 7.53188e-4 -0.9181241 -0.001606404 0.3962901 -0.9398299 0.00305736 -0.3416293 0.3442341 -0.008234202 -0.9388478 -0.434757 0.9005108 0.008164227 -0.6430971 0.7587022 0.1039104 -0.4063323 0.9137187 0.003518342 -0.406329 0.9137202 0.003519296 -0.6432336 0.7585862 0.1039111 -0.7355888 0.6774283 -3.90982e-4 -0.8972465 0.4250715 0.1194272 -0.8756729 0.4307697 0.2182532 -0.6432055 0.758597 0.1040068 -0.758052 0.5595139 0.335114 -0.7675443 0.3648372 0.5270387 -0.8015095 0.5979689 0.003975927 0.9427933 -0.3043044 0.1361607 0.9631099 -0.1810749 -0.1990762 0.8926944 0.2947499 -0.3409097 0.8918835 0.1324743 -0.4324287 0.7920522 0.2006235 -0.5765445 0.7920544 0.2004863 -0.5765891 0.9665488 -0.01581901 -0.2559949 0.7162127 0.1454063 -0.682566 0.7919543 0.2006441 -0.5766719 0.5807226 0.04294365 -0.8129682 0.1993641 0.2110232 -0.9569343 0.1992437 0.2109023 -0.956986 0.3949549 0.08024638 -0.9151892 0.01947087 0.144266 -0.9893474 -0.4739701 0.585492 -0.6576866 0.1949478 -0.3679424 -0.9091831 -0.002407789 -0.003713548 -0.9999902 -0.00368458 -0.005682587 -0.9999771 0.1119666 -0.1116952 -0.9874147 3.6186e-7 0 -1 -1.42694e-6 0 -1 0.7494845 0.1210899 -0.6508535 0.9270303 0.1701265 -0.3341733 0.7952489 0 -0.6062831 0.8031349 0.1179757 -0.5840001 0.9359591 0.1721636 -0.3071488 0.9692884 0.1334534 -0.2065681 0.9691269 0.2106697 0.1281065 0.9638348 0.2658322 -0.018866 0.8865016 0.3644251 -0.2851477 0.7725167 0.3137627 -0.5520608 0.4861174 0.1944727 -0.8519803 0.7556902 0.2789835 -0.5925375 0.8961976 0.3324347 -0.2937979 0.9337952 0.3518927 0.0647937 0.9815816 0.1904788 -0.01467901 0.01696461 0.9996923 -0.01810079 0.1866743 0.9821702 -0.02223813 -0.07814133 0.996773 -0.01837557 -0.004279315 0.9983573 0.05713498 0.1794971 0.9722881 0.1497889 -0.1731082 0.9760621 0.1316678 -0.1845065 0.9070522 0.378436 0.07372343 0.9214338 0.381477 0.08919548 0.8373749 0.5393028 0.2421525 0.9448238 0.2206134 0.6438187 0.765178 -2.07141e-4 0.5286101 0.8423804 -0.1047221 0.245119 0.9677134 -0.05871713 0.1479231 0.9886624 -0.02579921 0.03041815 0.9995263 0.004691243 -0.00594598 0.9955191 -0.09437453 -0.008095741 0.9943723 -0.1056331 -0.03817552 0.9988873 -0.02769559 -0.08334916 0.9964107 -0.01478916 -0.1924977 0.9805756 0.03763145 -0.3655918 0.9210642 0.1341022 -0.3668411 0.8332687 0.4136315 -0.1861916 0.7453023 0.640201 0.1962941 0.7230497 0.66232 -0.06366407 0.9964675 -0.05476808 -0.07424908 0.9972358 -0.00283724 -0.1046175 0.994253 0.02271896 -0.3386465 0.6777558 0.6526604 -0.2348762 0.5254899 0.8177369 0.09995353 0.5408289 0.8351728 -0.2067992 0.437555 0.8750884 -0.6846316 0.4279869 0.5900058 -0.2350177 0.5254508 0.8177213 -0.2301415 0.2372686 0.9437894 -0.03946745 0.2089608 0.9771273 0.192599 0.3518279 0.9160365 0.1927725 0.3517613 0.9160255 0.2335209 0.5380321 0.8099318 0.4815932 0.3484303 0.8041545 0.3232783 0.390812 0.8618336 0.09996837 0.5408024 0.835188 0.3033497 0.6184855 0.7248825 0.5249903 0.1064141 0.8444296 -0.1294085 0.2039437 0.9703919 0.1926396 0.3517463 0.9160593 0.158115 0.2011438 0.9667165 -0.1293959 0.2038817 0.9704066 0.3036705 0.1490684 0.9410434 0.2686896 0.02214455 0.9629722 0.05901288 0.1732618 0.9831063 0.2686911 0.02206707 0.9629736 0.1660969 -0.1641963 0.9723433 -0.03949034 0.2088175 0.9771571 0.02519232 -0.04104495 0.9988397 0.06443446 -0.1570477 0.9854869 0.06444555 -0.157147 0.9854703 0.1660671 -0.1642441 0.9723403 0.03804796 -0.3236066 0.9454265 0.06442463 -0.1572006 0.9854631 0.1067085 -0.4828235 0.869192 0.04633074 -0.4313412 0.9009984 0.0706132 -0.6228591 0.7791408 0.04633867 -0.43144 0.9009509 0.1106483 -0.8958721 0.430314 0.04290312 -0.6982769 0.7145409 0.03480285 -0.5912697 0.8057227 0.07062369 -0.6229239 0.7790881 0.009975731 -0.746369 0.6654576 0.05576586 -0.7911292 0.6091015 0.01859319 -0.9577383 0.2870394 0.00125873 -0.8739261 0.4860575 -0.0358296 -0.3757854 0.9260138 0.03749805 -0.4807556 0.8760525 -0.03582322 -0.3757538 0.9260269 0.0106517 -0.3756207 0.9267123 -0.01269829 -0.24219 0.9701458 0 1 0 0 1 0 0 1 0 0.9958395 -0.08874589 0.02068513 0.9895148 -0.1444173 -0.002022683 0.9942111 -0.107302 0.005535185 0.9875507 -0.157297 -0.001223921 0.9981783 0.06013262 -0.00492227 0.9965693 0.01204353 0.0818817 0.970087 0.1792478 0.1637116 0.9523268 0.1839298 0.2433997 0.9965596 0.01219618 0.08197736 0.9568488 0.237212 0.1678417 0.8546 0.3035706 0.4213121 0.9523252 0.1838756 0.2434468 0.7703403 0.1708891 0.6143068 0.7914919 0.1671471 0.5878797 0.9826077 0.1856867 -0.001585185 0.85929 0.5114187 0.00848335 0.8669906 0.4980942 0.01515066 0.6394472 0.76831 0.02841144 0.6154954 0.7880983 0.008157193 0.7834712 0.6125523 -0.1046549 0.851015 0.5250983 0.006728351 0.8213002 0.5703997 -0.01049774 0.8212146 0.5705239 -0.01045203 0.7834776 0.6125476 -0.1046334 0.6001812 0.7769774 -0.1899701 0.9928153 0.1192019 -0.01042985 0.9924283 0.1218364 0.01555973 0.9998535 -0.01209497 -0.01211565 0.9957256 0.09163957 -0.01152026 0.9636166 0.266716 0.01748806 0.63934 0.7552006 -0.1446255 0.1629254 0.9864369 0.01994591 0.3582832 0.9328553 0.03760564 -0.01142334 0.9936259 0.1121481 -0.02435803 0.9996995 0.00275737 -0.06119126 0.9671442 -0.2467548 0.1628668 0.9864467 0.01993519 -0.06654495 0.9233744 -0.3780896 0.2175195 0.4008079 -0.8899655 0.3959447 0.5950614 -0.6993781 0.5851241 0.5519376 -0.5941337 0.6600247 0.5899152 -0.4651532 0.4365662 0.6662548 -0.604578 0.7443292 0.6488046 -0.1581979 0.4454146 0.8463459 -0.2920695 0.3362815 0.8695817 -0.3615832 0.4363605 0.6663192 -0.6046556 0.08235657 0.9100236 -0.4062936 0.6179814 -0.7411468 -0.2622988 0.5119776 -0.8585004 -0.02926206 0.3218403 -0.9359887 -0.1426324 0.3094485 -0.941847 0.1310182 0.1151425 -0.9553614 0.2720789 0.3481439 -0.8554303 0.3834512 0.2407724 -0.7781224 0.580133 0.02361208 -0.8674044 0.4970435 -0.1329919 -0.9366969 0.3239017 -0.3282963 -0.9337624 0.1425103 -0.4214282 -0.8244872 0.3776497 -0.3821091 -0.9091141 0.1658442 -0.4215902 -0.8244009 0.3776571 -0.6286389 -0.7315217 0.2639874 -0.3284275 -0.9337333 0.1423988 -0.6286904 -0.7315345 0.263829 -0.5249833 -0.8505854 0.02995324 -0.3088734 -0.9426846 -0.1262657 -0.1124669 -0.9571897 -0.2667189 -0.3350523 -0.8658636 -0.3715108 -0.2377575 -0.7840812 -0.5733132 -0.02653443 -0.8725214 -0.487855 0.1314848 -0.9383134 -0.3198122 0.4143254 -0.8284371 -0.3768641 -0.2772702 -0.9558827 0.09700387 -0.03702366 -0.9959838 0.08151978 -0.4848687 -0.8710913 0.0781185 -0.2131207 -0.9745984 0.06883025 -0.03685176 -0.9959948 0.08146411 0.03834807 -0.996093 0.07955038 0.07882887 -0.9927242 0.09101998 0.03614026 -0.9989072 0.02963626 0.0500794 -0.99441 0.09295743 -0.001544058 -0.9999607 -0.008736908 0.04065096 -0.9991578 -0.005587041 -0.08040398 -0.99654 -0.02105236 0.06307351 -0.9895192 0.1298987 -0.4401143 -0.7610825 -0.4765006 -0.5102393 -0.8566697 -0.07597923 -0.3238811 -0.9423367 -0.08427757 -0.3787255 -0.9255087 9.10599e-4 -0.6056168 -0.7957351 -0.005848169 -0.5928342 -0.7735828 -0.2238687 -0.5075976 -0.813849 -0.282833 -0.6310932 -0.7757071 0 -0.3388251 -0.9407885 0.01071101 -0.06485664 -0.9978915 -0.002510011 0.08440613 -0.9887039 -0.1238564 0.2304621 -0.9730813 4.05134e-4 0.2502451 -0.9593919 -0.1301721 0.3095083 -0.9464247 -0.09211349 0.08039551 -0.9967631 1.01521e-4 0.2494016 -0.8730276 -0.4190724 0.7035591 0.6451298 -0.2980137 0.8708855 0.09994131 -0.4812176 0.9411019 0.2520056 -0.2254341 0.8732863 -0.08570194 -0.4796105 0.904205 -0.3643399 -0.222867 0.8228924 -0.2980932 -0.4837238 0.7252833 -0.5629761 -0.3962603 0.8685014 -0.423515 -0.2575667 0.7251978 -0.563112 -0.3962237 0.6433843 -0.6782492 -0.3550139 0.9358875 -0.3522149 0.007707893 0.4980255 -0.844489 0.1970002 0.5375645 -0.8337297 -0.1261716 0.3823777 -0.9190644 -0.09543657 0.2935703 -0.9509909 0.09712338 0.05219882 -0.9985853 -0.01014351 0.2631645 -0.9445552 0.196367 0.263217 -0.944509 0.1965187 0.3700766 -0.9078229 0.1972333 0.3885861 -0.7786553 0.4926427 0.2735666 -0.847123 0.4555703 0.3338105 -0.9410824 -0.05417245 0.7326921 -0.6600161 -0.1659554 0.4347749 -0.8519935 -0.2916816 0.8080354 -0.4344967 -0.3978586 0.9388074 -0.289335 -0.1868852 0.8883045 -0.1632221 -0.429271 0.7709404 -0.1109982 -0.6271607 0.846422 -0.304909 -0.4365782 0.7428165 -0.03619682 -0.6685159 0.5284132 -0.03122931 -0.8484128 0.2107498 -0.948841 -0.2351281 0.2301962 -0.9545421 -0.1893657 0.2842941 -0.9195016 -0.271466 0.5374796 -0.8337642 -0.1263055 0.2843971 -0.9194585 -0.2715042 0.6971728 -0.6170888 -0.3648995 0.7067529 -0.4880093 -0.5121986 0.3471682 -0.8759254 -0.3350059 0.3952062 -0.675711 -0.6222756 0.2889906 -0.8225416 -0.4898061 0.2842714 -0.9194606 -0.2716286 0.210812 -0.9487863 -0.2352935 0.1966749 -0.8725332 -0.4472191 0.205877 0.5310028 -0.8219798 0.01188117 0.6770816 -0.735812 0.005178868 0.5984805 -0.8011207 0.005204975 0.5985606 -0.8010607 -0.02785289 0.9745263 -0.2225368 -0.2520208 0.6917359 -0.6767473 -0.2161626 0.5961199 -0.7732496 0.2173686 0.4008072 -0.8900026 0.2058382 0.6913373 -0.6925919 0.28761 0.5589971 -0.7776908 0.6599361 0.5899747 -0.4652037 0.9232798 0.148772 0.3541486 0.9806904 0.04916626 0.1892856 0.9271512 0.02593129 0.3737892 0.9353898 0.1146581 0.3345137 0.9232867 0.1489236 0.3540669 0.9354297 0.1147329 0.3343766 0.9235693 0.3396955 0.1778389 0.9866601 0.1192767 0.1107922 0.843429 0.3655542 0.3936976 0.9235086 0.3398379 0.1778826 0.7336322 0.4825401 0.4784756 0.7065498 0.6767466 0.2068849 0.7154944 0.4694079 0.5174205 0.6334376 0.4201918 0.6497659 0.4094944 0.5727323 0.7101353 0.7232147 0.6676603 0.1766076 -1.17224e-6 0 -1 -2.93206e-7 0 -1 -1.47635e-7 0 -1 0.1207304 0.1213864 -0.9852358 0.1665196 0.3072888 -0.9369338 0.1207302 0.1213867 -0.9852358 0.1665243 0.3072862 -0.9369338 -0.6132192 0.7100355 -0.3461386 -0.5750955 0.7966053 -0.1862397 -0.6550879 0.7122986 -0.2519735 -0.4829006 0.8600316 -0.1647809 -0.4342531 0.8851446 -0.1671628 -0.5749936 0.7966717 -0.1862704 -0.247205 0.9687036 -0.02242845 -0.1903508 0.9799103 -0.05951875 0.1066322 0.9942744 0.006944715 0.1911472 0.9750754 0.1126537 0.4553271 0.8902014 0.0147922 0.4987289 0.8605475 0.103574 0.6275873 0.7764836 -0.0566346 0.4554975 0.8901146 0.01477044 0.7728324 0.6271244 -0.0971859 0.7932638 0.5643177 -0.2286439 0.8398329 0.5318492 -0.1087068 0.7729288 0.6270081 -0.09717005 0.8655942 0.4884948 -0.1100891 0.8029416 0.4956163 -0.3311338 0.8759001 0.4427595 -0.191737 0.7686428 0.5490201 -0.3282761 0.8758947 0.4427013 -0.1918964 0.6311458 0.3679356 -0.6828458 -0.3999761 0.8365586 -0.3744182 -0.06711113 0.9935976 -0.09088462 0.9848803 -6.93324e-4 -0.1732351 0.9846996 -0.004648327 -0.1741988 0.9848091 -0.002323567 -0.1736255 0.9848923 -4.59803e-4 -0.1731672 0.9848114 -0.002274036 -0.1736128 0.9850484 9.18828e-4 -0.1722757 0.9848769 -7.19207e-4 -0.1732546 0.9850443 8.91366e-4 -0.1722993 0.9849495 9.36246e-4 -0.1728404 0.9848939 -7.44476e-4 -0.1731578 0.9849507 9.415e-4 -0.1728327 0.9847102 0 -0.1742005 0.3417002 -0.9175628 -0.2032722 0.6631889 -0.7381845 0.1235479 0.141564 -0.9886185 0.05092245 0.2058318 -0.9470295 -0.2465125 0.1413934 -0.988643 0.05092054 -0.1725291 -0.9738766 -0.1476419 -0.1820291 -0.9669622 0.1784648 0.159214 -0.9293119 0.3332122 -0.1942923 -0.8758689 -0.4417061 -0.5562044 -0.8078311 -0.1950529 -0.4011763 -0.8837286 0.2410007 -0.4995238 -0.6420397 -0.5816021 -0.2381171 -0.7703608 -0.5914766 -0.3013911 -0.3304304 -0.8944156 -0.7189837 -0.4532312 -0.5269194 -0.5542218 -0.0761342 -0.82888 0.2583936 -0.8554179 -0.4488797 -0.09245711 -0.872247 -0.4802468 0.1898053 -0.8691486 -0.456678 0.4569061 -0.7953446 -0.3983262 0.6773684 -0.7012161 -0.2224142 0.3417519 -0.917511 -0.2034187 0.6492282 -0.7570812 -0.07301485 0.9404608 -0.3367289 -0.04633873 0.8709325 -0.4428496 0.212981 -0.05325341 -0.08819234 0.994679 -0.02357512 -0.0440427 0.9987515 -0.03306323 -0.05475264 0.9979524 -0.01399737 -0.0391094 0.9991369 -0.009999155 -0.05823934 0.9982526 -0.004785776 -0.05942553 0.9982213 0.004925489 -0.04301863 0.9990621 0.006789505 -0.03355062 0.999414 0.01783323 -0.05241155 0.9984664 0.09620708 -0.2287302 0.9687243 0.04436933 -0.08346462 0.9955226 0.2213543 -0.38176 0.8973637 -0.6550924 0.71227 -0.2520427 -0.5055482 0.6540691 -0.5626853 -0.3594902 0.6097835 -0.7063504 -0.3594745 0.6097434 -0.7063931 -0.4124616 0.5751804 -0.7064298 -0.5869955 0.44479 -0.6764602 -0.4923387 0.5199972 -0.6980012 -0.4201669 0.8158599 -0.3972815 -0.3999695 0.8365013 -0.3745532 -0.5870704 0.4448229 -0.6763734 -0.4000637 0.8364751 -0.3745113 -0.6551483 0.7062741 -0.2682494 -0.5647584 -0.533658 -0.6294897 -0.6745246 -0.7228296 -0.1501138 -0.6532239 -0.7430999 -0.1452621 -0.6252393 -0.4166078 -0.6599348 -0.6532694 -0.7430632 -0.1452456 -0.6000691 -0.5853045 -0.545285 -0.5472856 -0.4806768 -0.6851484 -0.5999383 -0.5853474 -0.5453828 -0.5632985 -0.748542 -0.3498281 -0.5472652 -0.48063 -0.6851975 -0.5074956 -0.8138629 -0.282976 -0.4225076 -0.5003353 -0.7557461 0.05486416 -0.04647308 -0.9974119 -6.36276e-6 0 -1 0.08927774 0.2060285 -0.974465 0.02275145 0.01505327 -0.9996279 0.05566185 0.02403253 -0.9981605 0.1022284 0.2562155 -0.9611988 0.122865 -0.01185333 -0.9923527 0.1385718 0.003883481 -0.9903448 0.2272008 0.02148312 -0.9736109 0 -1 -3.92414e-7 0 -1 6.51126e-7 0 -1 3.83115e-7 -0.1173991 -0.992596 0.03115528 -0.1174017 -0.992596 0.03114581 0 -1 7.56943e-7 0 -1 -1.75785e-7 -0.1910505 -0.9765235 0.09950727 0 -1 -4.3405e-7 -0.1479811 -0.9750667 0.1653687 0 -1 -4.72134e-7 0 -1 1.18943e-6 -0.07929116 -0.9888427 0.1261074 4.31256e-4 -0.9999874 0.005016803 -0.09882718 -0.9680437 0.2304878 4.37605e-4 -0.9999871 0.005081474 7.55562e-4 -0.9999452 0.0104478 0.001027166 -0.999997 0.002255558 0.001037776 -0.9999969 0.002277076 4.3167e-4 -0.9999874 0.005025565 0 -1 1.06366e-5 0.001033008 -0.9999969 0.002267062 0 -1 -1.55067e-6 0.003257215 -0.9999932 0.001734972 0.001032233 -0.999997 0.002244889 0.003281831 -0.9999932 0.001717567 0.005016505 -0.9999774 0.004474759 0.005021393 -0.9999773 0.004491925 0.003303647 -0.999993 0.00178343 4.27183e-4 -0.9999951 0.003126919 0.1734926 -0.9837576 0.04605746 -0.009454309 -0.9999481 -0.003809154 -0.01122713 -0.999937 1.95988e-4 -0.004839539 -0.9999884 -1.88941e-4 0.1122784 -0.9935648 -0.01492333 0 -1 2.95745e-6 0 -1 -7.84595e-7 -0.08472365 -0.9940394 0.06861293 0 -1 1.7308e-6 0 -1 1.79682e-6 0 -1 -1.56736e-6 0 -1 4.41241e-6 0 -1 -1.50429e-6 0 -1 1.54114e-6 -0.094159 -0.9208874 0.3782866 0.4136786 -0.8977874 -0.1511551 0.2577887 -0.9601639 -0.1078444 0.09536546 -0.9932389 0.06619697 -0.1611249 -0.9337818 0.319516 -0.4553956 -0.7877047 0.414893 -0.08481633 -0.994029 0.06864869 -0.6597205 -0.6862607 0.3062925 -0.5719963 -0.7859259 0.234821 -0.08482956 -0.9940282 0.06864511 -0.5099684 -0.8579754 -0.06173032 -0.164556 -0.9819151 0.09361624 -0.08472347 -0.9940421 0.06857252 0.002962887 -0.9999913 -0.002946496 0.1082314 -0.9200037 0.3766686 -0.1029865 -0.7870067 0.6082881 0.2605574 0.4138727 -0.8722496 0.2369024 0.04411756 -0.9705313 0.1769994 0.2332125 -0.9561816 0.1769251 0.2330471 -0.9562356 0.2368134 0.0440272 -0.9705571 0.2270308 -0.01771932 -0.9737265 0.3491941 -0.1131776 -0.9301906 0.4653408 -0.04702025 -0.8838818 0.7443404 0.6488322 -0.158033 0.5370861 0.8239713 -0.1805823 0.5342121 0.8302915 0.1588512 0.4830264 0.8685793 0.1107054 0.4453375 0.8464193 -0.2919743 0.06404441 0.9668572 -0.2471548 0.1079725 0.9695034 0.2200117 0.5341085 0.8303452 0.1589184 0.3063725 0.9099183 0.2796151 0.625802 0.5086499 0.5913098 0.7625194 0.6251192 0.1667039 0.7684043 0.6394749 0.02503442 0.679466 0.6379435 -0.3624282 0.8972463 0.4415305 0 0.8271121 0.559965 0.0482155 0.9107105 0.412952 -0.008778452 0.9107093 0.4129551 -0.008772909 0.9162176 0.4006732 0.002530872 0.9474518 0.3198222 -0.006997287 0.9672552 0.2537652 0.004542946 0.9953783 0.09598797 -0.002918601 0.9955653 0.09368622 0.008520901 0.998018 -0.06267142 0.00570178 0.9917166 -0.1283891 -0.003786921 0.9675794 -0.2525334 0.004148721 0.9478036 -0.318358 -0.01778799 0.9259048 -0.3775526 -0.01243221 0.9222375 -0.3835819 -0.04840582 -0.9997089 0.001695096 0.02407151 -0.9999744 0.006457984 -0.003065466 -0.9985722 -0.05246502 -0.0100528 -0.9985715 -0.05247813 -0.01005876 -0.9999746 0.006456613 -0.003059029 -0.9992644 0.002037763 -0.03829574 -0.9926353 -0.1131432 -0.0432896 -0.9816275 -0.1862754 -0.04134076 -0.9970434 -0.07605963 -0.01093143 -0.9844935 0.1706813 0.04050397 -0.9990907 -0.001786649 0.04259991 0 1 -2.20687e-7 0 1 0 0 1 0 0 1 0 0.9953016 -0.09681832 -0.001108586 0.9953013 -0.09682136 -0.001106917 0.9954959 -0.07661181 -0.05584448 0.9895412 -0.1441708 -0.004796504 0.9948284 -0.07365489 0.06993901 0.9953026 -0.096807 -0.001107454 0.9948385 -0.07359945 0.06985354 0.9896956 -0.1430041 0.007249772 0.999085 0.003992915 0.04258406 0.9141463 -0.4053518 -0.005160689 -0.6259229 -0.1512534 0.7650771 -0.6846134 -0.1706248 0.7086549 -0.8798242 -0.0302394 0.4743363 -0.8799007 -0.03018242 0.4741982 -0.8871515 -0.206995 0.4124503 -0.949118 -0.2735704 0.155995 -0.9516093 -0.1810936 0.2482839 -0.9528638 -0.1037361 0.285113 -0.6533981 -0.3695405 0.6606897 -0.8503271 -0.2974835 0.4341053 -0.6037738 -0.7322863 0.3149825 0.7612267 -0.6484845 -0.001326024 0.8741524 -0.4848548 0.02781116 0.871263 -0.4908122 -0.002036988 0.9754611 -0.2201703 7.97768e-4 0.9199005 -0.3920978 -0.006514549 0.9588459 -0.2839264 -6.40419e-4 0.9905515 -0.1371273 -0.002006888 0.9972612 0.07392215 -0.002385437 0.9611384 0.2760341 -0.004266023 0.9623234 0.2718628 -0.004944622 0.7610636 -0.6485239 -0.01410746 0.6924481 -0.7111744 -0.1214355 0.9198665 -0.392204 -0.004687845 0.7994677 -0.5998377 -0.03234404 0.8965546 -0.4213207 -0.1366707 0.9617024 -0.273263 -0.02135145 0.79958 -0.5996847 -0.03240895 0.9900274 -0.1308751 -0.05212962 0.9669318 0.1287193 0.2201688 0.9242311 0.06053048 0.3770053 0.9922994 0.04510498 0.1153577 0.9189344 0.01378113 0.3941697 0.5722016 -0.01904147 0.8198919 0.4552624 0.1214352 0.8820373 0.4287278 0.901294 0.06214231 0.7437552 0.6343695 0.2107217 0.2558752 0.9664605 0.02195745 0.7719087 0.6355568 0.01499205 0.8365918 0.5184866 0.1768777 0.6045018 0.7570267 0.2479686 0.383547 0.9115133 0.1484427 0.7436859 0.6344181 0.2108201 0.442287 0.7439932 0.5008557 0.3834253 0.911552 0.1485199 0.478821 0.6644062 0.5738422 0.3019268 0.8659714 0.398665 -0.9069609 0.3320913 0.2591089 -0.7386687 0.6472514 0.1882399 -0.9486504 0.2808046 0.1456406 -0.854414 0.5175287 0.04626905 -0.9486958 0.2806785 0.145588 -0.8879106 0.4200862 -0.1874631 -0.9525794 0.2376122 -0.190087 -0.9486204 0.2802541 -0.1468915 -0.9382904 0.323632 0.121958 -0.9251792 0.3244423 0.1969285 -0.9022337 0.3193668 0.2897918 0.3416512 0.9195014 0.1944009 0.1508188 0.9533609 0.2614511 0.3509176 0.9353496 0.04447388 0.3416864 0.9195309 0.1941994 0.4868469 0.8733449 -0.01578128 0.5165125 0.8551712 -0.04355669 0.8745446 0.4808269 -0.06306666 0.5462413 0.8375118 -0.01394677 0.3943111 0.9183599 -0.03367447 0.2653768 0.962789 -0.0511136 0.4171987 0.9086061 -0.01949697 0.312359 0.94533 -0.09371817 0.1127427 0.979929 -0.1644029 0.1485484 0.9545752 -0.2583017 0.6784883 0.7290468 -0.09024637 0.6399086 0.6266285 -0.4448078 0.4277351 0.1977609 0.8820053 0.07953715 0.2124905 0.9739208 0.1426092 0.1887339 0.9716184 0.01062315 -0.05561798 0.9983956 0.02408707 0.2221146 0.9747231 0.2169015 -8.19177e-4 0.9761932 0.02043139 0.0289328 0.9993726 0.1476474 0.09457838 0.9845076 0.01068174 -0.05552709 0.9984 0.08249866 0.1064363 0.9908912 0.009663403 5.52618e-4 0.9999532 0.1475586 0.09454494 0.9845242 0.08399266 -0.06966143 0.9940285 0.0666272 -0.05624157 0.9961916 0.1739399 -0.0918104 0.9804672 0.489446 -0.04154551 0.8710435 -0.5538866 -0.827565 0.09135639 -0.7016333 -0.7120035 0.02760249 -0.7831436 -0.6213775 0.02400064 -0.7186064 -0.6954156 -0.001414358 -0.8324174 -0.5541035 0.007131457 -0.9380115 -0.3466026 -0.001047849 -0.7016891 -0.7119479 0.02761805 -0.9978996 -0.06476736 0.001276552 -0.9163644 -0.4003453 -2.86796e-7 -0.8936647 -0.4487354 -4.30468e-4 -0.9527367 -0.3037974 2.29771e-5 -0.9967433 -0.08061981 -0.001821637 -0.9998313 -0.01833516 0.00120306 -0.9959055 -0.09038591 0.001633644 -0.9958894 -0.09056335 0.00163418 -0.9827082 -0.1851097 -0.004391133 -0.7328989 -0.6803278 -0.003655552 4.47478e-4 -0.9999994 0.00107336 0 -1 1.57311e-7 0.09374821 -0.9908503 -0.09709316 0 -1 -2.4764e-7 0 -1 -3.12068e-7 0.0254302 -0.983735 -0.1778172 -0.001861333 -0.999996 -0.002161324 -0.02097129 -0.9971694 -0.07220369 -0.003508925 -0.9999892 -0.003069519 -5.46679e-4 -0.9999994 -0.001023113 -0.1262372 -0.9868468 -0.100983 -0.08626991 -0.9901901 0.1099146 0 -1 -2.78766e-7 0 -1 -1.38085e-7 0 -1 5.11523e-7 -0.02745723 -0.9808781 0.192677 0.001828014 -0.9999961 0.002147674 0.03107094 -0.9945283 0.0997399 0.003497838 -0.9999893 0.003066778 0.07006466 -0.9941287 0.08245778 0.1464973 -0.9876637 0.05531007 0.2425895 -0.9667011 0.08148252 0.09382122 -0.9908381 -0.09714812 0.1597822 -0.9870231 -0.01597225 0.2361124 -0.960847 -0.1449971 0.4824767 -0.8550724 -0.1899146 0.09377968 -0.9908424 -0.09714424 0.3950945 -0.8398068 -0.3723238 0.4823243 -0.683371 -0.5480579 0.2792314 -0.8917828 -0.3560242 0.08460712 -0.9443892 -0.317759 -0.02376681 -0.7974324 -0.6029402 -0.08258587 -0.9557744 -0.2822675 -0.1562862 -0.967875 -0.1969587 -0.233202 -0.8766488 -0.4208369 -0.3728946 -0.8787181 -0.2980003 -0.3140926 -0.9363032 -0.1571062 -0.2803676 -0.9598262 -0.0113061 -0.2345836 -0.9661412 0.1074321 -0.3598675 -0.8784549 0.3143443 -0.2736407 -0.8894014 0.3661776 -0.09525471 -0.9299069 0.3552463 0.02387559 -0.7751759 0.6312941 0.04983007 -0.973504 0.2231752 -0.4769546 -0.8782768 -0.03382718 -0.8608019 -0.487327 -0.1467394 -0.2804812 -0.959793 -0.01130765 -0.6710913 -0.7394421 0.05349761 -0.4881351 -0.8701885 0.06705242 -0.4384682 -0.876347 0.1994034 0.1429438 -0.975349 0.1681113 0.242641 -0.9666842 0.08152896 0.3018234 -0.9113982 0.2797427 0.4623405 -0.8701131 0.1707177 0.7166655 -0.6558655 0.2371312 0.2908843 -0.9517534 0.09773391 0.9141978 -0.3468654 0.2095875 0.5121608 -0.8509719 0.1163535 0.2845048 -0.8988209 0.3334336 0.6709728 -0.3530836 0.652018 0.4812631 -0.265027 0.8355517 0.1429402 -0.9753333 0.1682057 0.3474822 -0.7369939 0.579738 0.09370249 -0.9451555 0.3128914 0.2347074 -0.6744506 0.7000206 0.4067748 -0.2616389 0.8752597 0.2527861 -0.1729376 0.9519411 0.1819472 -0.7705416 0.6108691 0.2527084 -0.1729381 0.9519616 0.001280248 -0.3611847 0.9324935 0.6654841 -0.7234677 0.1836453 0.1138641 -0.9010539 0.4184936 0.3276066 -0.9231715 0.2010682 0.1068468 -0.9413123 0.3201798 0.1067681 -0.9412785 0.3203054 0.09494727 -0.8517821 0.5152207 0 -0.8532904 0.521436 0.00941497 -0.8869122 0.4618424 0.08410358 -0.9852361 0.1491193 0.4078711 -0.838466 0.3614085 0.3277685 -0.923112 0.2010777 0.5193563 -0.7346262 0.4365701 0.6871526 -0.7027035 0.1844703 0.6520139 -0.7572683 0.03771996 0.0134471 -0.440837 -0.8974865 -0.1754982 -0.7123945 -0.6794811 -0.2290706 -0.1821076 -0.9562237 -0.4935404 -0.3494371 -0.7964368 0.551253 0.169079 0.8170267 0.237643 0.3148687 0.9189034 0.6921215 0.4730506 0.5451524 0.6920834 0.4731152 0.5451446 0.3293054 0.4164043 0.8474465 0.5141685 0.7566604 0.4038512 0.8443562 0.2589214 0.4690656 0.8359329 0.498649 0.2292717 0.9434928 0.3125457 0.1101661 0.9836692 0.1295027 0.1249965 0.9224205 0.06722462 0.3802911 0.9223567 0.06718224 0.3804531 0.9447141 0.1320707 0.300121 0.9503594 -0.08005815 0.3006789 0.9223866 0.06718587 0.3803802 0.9879311 -0.0903095 0.1258429 0.922597 -0.1282506 0.3638224 0.9483332 -0.3036772 0.09189367 0.8201789 -0.2818865 0.4978421 0.8248817 -0.5174933 0.2275323 0.8201304 -0.2819135 0.4979066 0.8077472 -0.4930037 0.323252 0.6382209 -0.593456 0.4903918 0.7513138 -0.5030105 0.4272096 0.5280659 -0.4333154 0.7303316 0.6763511 -0.6760649 0.2923789 0.862203 -0.2035287 0.4638773 0.8622733 -0.2034433 0.463784 0.7842334 -0.5800911 0.2201648 0.9734682 -0.2253538 -0.03969079 0.3347831 0.3698113 0.8666949 0.2098392 0.2139527 0.9540398 0.6562741 0.6246713 0.4231904 0.5503551 0.403384 0.7310203 -0.003200411 0.9999935 -0.001686275 -0.001878499 0.9999948 -0.002659022 0.04945743 0.9970431 0.05881386 -0.001408994 0.9999983 -0.001219511 0.5052532 0.8615505 0.0494982 0.6637172 0.7199913 0.2027118 0.5598254 0.7693087 0.3078308 0.5598882 0.769209 0.3079658 0.7325902 0.5946235 0.3312622 0.6154346 0.4332594 0.6584273 0.2743451 0.2116179 -0.9380579 0.3373595 0.345196 -0.8758015 0.6767867 0.616368 -0.4025547 0.6245915 0.6080749 -0.4900311 0.3373205 0.345201 -0.8758146 0.1207904 0.1214242 -0.9852238 0.3048405 0.1897665 -0.9333065 0.3120592 0.1930704 -0.9302381 0.7434338 0.4112944 -0.5273928 0.7748716 0.4585235 -0.4351211 0.3120346 0.1930791 -0.9302446 0.2744125 0.2116382 -0.9380337 -0.9839281 0.1601542 0.07896941 -0.9928286 -0.1192341 -0.008647263 -0.9973465 0.07272261 -0.003381133 -0.9629991 -0.05771636 -0.2632521 -0.442436 -0.3513707 0.8250995 -0.3095408 -0.2046048 0.9286127 0.2558479 0.6107202 0.7493748 -0.1299671 0.5091481 0.8508096 -0.1879602 0.7701635 0.6095237 -0.2619484 0.9275573 0.2664971 -0.1579204 0.6556994 0.7383221 -0.4009715 0.8087245 0.4303333 -0.8787899 -0.4772092 0 -0.8472015 -0.5309137 -0.01950168 -0.9036965 -0.4253454 -0.0491324 -0.9234699 -0.3709205 -0.09808886 -0.2616808 0.1070384 -0.9592007 -0.5254456 0.2000024 -0.8269862 -0.1507074 0.1816637 -0.9717436 -0.1506481 0.1816294 -0.9717592 -0.2021694 0.06712472 -0.9770476 -0.2182275 -0.03610289 -0.9752299 -0.7755593 0.6152586 -0.1412968 -0.7098141 0.5423575 -0.449458 -0.9157428 0.3593836 -0.1796068 -0.8866227 0.1483417 -0.4380583 -0.3583613 -0.9299413 -0.08237999 -0.2570658 -0.9634398 0.07550513 -0.1141647 -0.9701049 0.2141564 -0.1047942 -0.9207181 0.375894 0.3147235 -0.2416334 -0.917912 0.4120297 -0.2560278 -0.8744607 0.78135 -0.4791356 -0.3999016 0.756672 -0.4400431 -0.4835388 0.4120082 -0.2560183 -0.8744736 0.1472105 -0.09315282 -0.9847089 -0.3704433 0.01168018 0.9287816 -0.006652951 -0.06069278 0.9981344 -0.04002171 -0.01724427 0.9990501 0.1698304 0.138071 0.9757531 0.4473836 0.3128908 0.837823 0.7151626 0.4567506 0.529076 0.3405926 0.2681308 0.9011674 0.6155954 0.4886462 0.6182777 0.7687758 0.5178543 0.3752478 0.7811571 0.55392 0.2880384 -0.3242849 -0.2922414 -0.8996857 -0.5168589 -0.4317818 -0.7392032 -0.3264276 -0.2927213 -0.8987543 -0.08148235 -0.01645845 -0.9965389 -0.01314401 0.891071 0.4536736 -0.1169642 0.8485209 0.5160732 -0.1053238 0.4869279 0.8670687 -0.149554 0.7095883 0.6885623 -0.1047419 0.8933614 0.4369608 -0.1216647 0.8037642 0.5823752 0.632914 -0.5931987 -0.4975292 0.872137 -0.4132099 -0.2619824 0.9041283 -0.2677631 -0.3329488 0.892826 -0.05376768 -0.447181 0.4180961 -0.9032643 0.0964846 0.1947521 -0.9091704 0.3680773 0.598728 -0.78465 0.1607773 0.4647362 -0.8601763 0.2100412 0.1947649 -0.9091693 0.3680732 0.1516768 -0.8418534 0.5179547 -0.8781616 0.345721 -0.3306197 -0.8937693 0.3081663 -0.325899 -0.9290805 0.3616945 -0.07737356 -0.9290902 0.3616673 -0.07738417 -0.9452187 0.3163741 -0.08043122 -0.9249708 0.2879985 -0.2479637 -0.9311193 0.356599 -0.07651227 -0.9290661 0.3617477 -0.07729774 -0.9311187 0.356633 -0.0763598 -0.9397002 0.3262047 0.1027337 -0.9048817 0.3586474 -0.2292627 -0.9202038 0.3813512 -0.08829843 -0.9397587 0.3260186 0.1027888 -0.927035 0.3634049 -0.09242922 -0.8781044 0.3458029 -0.3306857 -0.9269725 0.363539 -0.09252893 -0.7454917 0.4118083 -0.5240765 0.2821704 0.3441817 -0.8954992 -0.03916198 0.1802263 -0.9828453 0.01401925 0.1088832 -0.9939557 -0.1703621 0.283001 -0.9438683 0.3241961 0.945644 -0.02557927 0.4259439 0.9045875 0.0171262 0.5535861 0.8284898 -0.08454132 0.5422785 0.840196 0.002196609 0.4260071 0.9045548 0.01727879 0.6136087 0.7724783 0.1635903 0.553681 0.8284254 -0.08455133 0.6136924 0.7724269 0.1635192 0.7067379 0.7072859 0.01637554 0.7114636 0.6664385 -0.2228884 -0.8030068 0.07284998 -0.5915006 -0.7923129 0.3601562 -0.4924713 -0.478963 0.1870279 -0.85768 -0.4789964 0.1870214 -0.8576627 -0.8254219 0.3872701 -0.4107318 -0.6445471 0.3552001 -0.6770465 -0.4788224 0.1869747 -0.8577702 -0.5276443 0.2056667 -0.8241922 -0.2787551 0.06726664 -0.9580036 -0.2236159 0.3091171 -0.9243607 -0.4371063 0.2959762 -0.8493152 -0.223572 0.3092936 -0.9243122 -0.4665879 0.5161957 -0.7182185 -0.3504317 0.1633778 -0.9222285 0.731495 0.07133388 0.6781051 0.6988458 0.381802 0.6048486 0.6383601 0.2368403 0.7323955 0.4136854 0.3252491 0.8503396 0.6987681 0.3818767 0.6048913 0.146192 0.4943454 0.8568843 -0.6958787 -0.0145533 -0.7180119 -0.5359561 -0.2149409 -0.8164262 -0.2902567 0.0424925 -0.956005 -0.2902933 0.04251319 -0.9559929 -0.3416861 -0.1095705 -0.9334051 -0.5474277 -0.04807657 -0.8354709 0.8181552 -0.3680593 -0.4417629 0.788229 -0.1274267 -0.6020445 0.9486002 -0.1036303 -0.2990289 0.8601065 0.1060304 -0.4989734 -0.2635377 0.9600884 0.0936923 -0.2919529 0.9477862 -0.1283155 -0.4237451 0.8836339 -0.1990761 -0.6862632 0.6726913 -0.2766394 -0.04284244 -0.9884959 0.1450534 0.004155516 -0.8264109 0.5630523 0.003582417 -0.9211913 0.3890937 0.0578683 -0.6284562 0.7756895 -0.003188729 -0.6109279 0.7916799 0.03537052 -0.1599078 0.9864981 0.9563733 0.2349652 0.1736127 0.9354509 -0.1061621 0.3371367 0.6857885 0.1361262 0.7149572 0.4336317 0.009251654 0.9010428 0.6354804 -0.002300739 0.7721136 0.2617869 0.01980012 0.9649226 -0.5681944 -0.002114772 0.8228917 -0.1829514 -0.06027203 0.9812728 -0.5800416 0.1019765 0.8081786 -0.3710899 0.2345233 0.8984938 -0.8240636 0.1107783 0.5555605 -0.532526 0.334623 0.7774597 -0.8394947 0.4042321 0.3631049 -0.7605995 0.5399834 0.3604254 -0.53245 0.3347276 0.7774667 -0.4841098 0.732583 0.4784977 -0.3800916 0.6896613 0.6163585 -0.3710566 0.2346884 0.8984645 -0.3518471 0.6998063 0.621671 -0.470976 0.8221384 0.319797 -0.4037746 0.7975521 0.4481927 -0.1365202 0.9869459 0.08544063 -0.2706727 0.9497594 0.1571412 -0.531613 0.7628666 0.3679976 0.09511226 0.9933412 0.06501507 0.2871437 0.9390377 0.1890947 -0.1493292 0.9881846 -0.03452414 -0.1493018 0.9881882 -0.03454363 -0.02000254 0.9995558 -0.02209645 -0.3445498 0.9356617 0.07630789 -0.149405 0.9881708 -0.03459686 -0.539323 0.8415398 -0.03068727 -0.615668 0.7751719 -0.1416381 -0.4704758 0.8796872 -0.06930339 -0.3150539 0.9488627 -0.02001684 -0.4647607 0.8850442 -0.02635008 0.005508184 0.9999745 -0.00454986 -0.005793929 0.9822161 -0.1876643 -0.2853079 0.9360278 -0.2060377 -0.1366119 0.9869365 0.0854038 -0.335498 0.9397507 -0.0656501 -0.4259936 0.9015783 0.07540738 -0.6910191 0.7008104 -0.1770804 -0.4755994 0.855411 0.2051279 -0.6924223 0.6682617 -0.2719885 -0.8355583 0.5198155 0.17786 -0.8253687 0.4827778 0.2927324 -0.8671555 0.46327 0.1828181 -0.9644038 0.1974982 -0.1758404 -0.9703669 0.1265598 0.2058416 0.1332038 -0.03719997 0.9903903 0.05945318 0.0786693 0.9951264 0.1163058 -0.0301252 0.9927566 -0.1362691 -0.0682404 0.9883188 -0.01847118 -6.24446e-4 -0.9998293 -0.004747986 0.002613544 -0.9999853 -0.08340036 -0.01437467 -0.9964125 -0.08674222 -0.03964674 -0.9954416 0.01221972 0.008588254 -0.9998885 -0.003488123 -0.00797522 -0.9999622 -0.06899106 -0.05684107 -0.9959967 -0.008078157 -0.01241648 -0.9998903 -0.007130742 -0.03296786 -0.999431 -0.002017676 -0.01401501 -0.9998998 -0.002446711 -0.03366804 -0.9994301 0.004243373 -0.01417434 -0.9998906 0.04977005 -0.07353287 -0.9960502 0.001061439 -0.008512973 -0.9999632 0.07334387 -0.0638777 -0.9952589 -0.009386241 0.01183664 -0.999886 -3.02447e-5 0.002957522 -0.9999957 0.06297022 -0.02989637 -0.9975675 0.01065772 -0.003113806 -0.9999384 0.01840662 6.01008e-4 -0.9998305 0.08583587 0.0149331 -0.9961974 0.004695653 -0.002627551 -0.9999856 0.0880329 0.03986799 -0.9953194 -0.01221883 -0.008586645 -0.9998885 0.003540873 0.008043825 -0.9999614 0.0683912 0.05661004 -0.9960513 0.008118987 0.01249551 -0.999889 0.007163822 0.03312885 -0.9994254 0.002047479 0.01423728 -0.9998967 0.002464592 0.03386509 -0.9994235 -0.004265546 0.01427602 -0.9998891 -0.05037277 0.07448548 -0.9959491 -0.001102685 0.008594155 -0.9999625 -0.07503491 0.06521195 -0.9950463 0.00929737 -0.0117231 -0.9998881 1.51899e-6 -0.002907693 -0.9999958 -0.0644477 0.03065246 -0.9974502 -0.01056337 0.003124296 -0.9999393 -0.2848264 -0.06008338 -0.9566943 -0.2396854 -0.1811642 -0.953798 -0.01336795 -0.0928899 -0.9955867 0.17731 -0.2396523 -0.9545302 0.2712331 -0.1486286 -0.950969 0.2947915 0.06243997 -0.9535194 0.237093 0.1799654 -0.9546724 0.01336717 0.09304475 -0.9955723 -0.17962 0.2432864 -0.9531781 -0.278576 0.1524558 -0.9482367 -0.2568693 -0.8984813 -0.3560193 -0.0853036 -0.9628711 -0.2561302 -0.01455622 -0.9041948 -0.4268723 0.07882177 -0.916773 -0.3915539 -0.04534661 -0.8071852 -0.588554 0.07876759 -0.9167558 -0.391605 0.1956185 -0.6238884 -0.7566351 0.1816007 -0.4145042 -0.8917441 0.08504414 -0.8635081 -0.4971129 0.3033854 -0.6000847 -0.7401728 0.2678415 -0.6500237 -0.7111471 0.07886749 -0.9168014 -0.3914781 0.2909541 -0.761404 -0.5793185 -0.4505256 0.2463836 0.858092 -0.1740691 0.2011684 0.9639665 0.1092129 0.3113909 0.9439854 0.2948852 0.1252867 0.9472835 0.1093429 0.311316 0.9439949 0.4955462 -0.104611 0.8622589 0.6406495 -0.7481077 -0.1729256 0.3686229 -0.9295527 -0.007004916 0.1810665 -0.983465 -0.00340712 0.02352005 -0.996504 0.08016687 0.1809865 -0.9834797 -0.003406047 0 -1 1.85043e-7 -0.4876732 0.8722535 -0.03672254 -0.3232779 0.945977 0.0248807 -0.512849 0.8437101 0.1585533 -0.3231265 0.9460272 0.02493846 -0.3231276 0.9460268 0.02494186 -0.3839902 0.8259624 0.41272 -0.2070203 0.9771018 0.04914051 0.04241234 0.9821328 0.183348 0.08257317 0.9946296 -0.06239926 0.1764102 0.9812997 0.07700949 0.1673308 0.9858727 -0.007452905 0.2174145 0.9760793 5.24028e-4 0.0179879 0.9916837 -0.1274356 0.1671115 0.9794871 -0.1126003 0.2174561 0.97607 5.29926e-4 0.3329052 0.942934 0.00705558 0.408578 0.9125915 0.01551926 0.4670493 0.8842121 -0.005821228 0.1823432 0.4573581 0.8703876 0.2563083 0.1611787 0.9530622 0.2563654 0.160998 0.9530774 0.3046552 -0.1513503 0.9403607 0.1260033 0.2707425 -0.9543699 0.1236988 0.2217404 -0.9672279 -0.2549706 0.1077632 -0.9609252 -0.05151522 -0.02699154 -0.9983075 -0.05153065 -0.02698254 -0.9983069 -0.5279871 -0.1199404 -0.8407403 -0.8558248 -0.3260515 -0.4015651 -0.6665345 -0.724324 -0.1763135 -0.9227239 -0.2990152 -0.2432503 -0.8557935 -0.5171133 0.01454508 -0.5462389 0.8359597 -0.05286282 -0.6141163 0.7674564 -0.1840435 -0.3194079 0.9437372 -0.08566641 -0.5778971 0.8050429 -0.1339431 -0.6142463 0.7673254 -0.1841562 -0.7108588 0.6369292 -0.2983306 -0.1953735 0.8960931 0.3985551 -0.3089287 0.9289354 0.2040641 -0.3089369 0.9289318 0.2040679 -0.5561544 0.8236023 0.1112276 -0.3090157 0.9289447 0.2038901 -0.6999973 0.7122426 -0.05209946 -0.05304354 0.997991 -0.03464925 -0.5463078 0.8359152 -0.05285501 -0.5720095 0.818847 -0.04790508 -0.6417601 0.764391 -0.06205362 0.4768369 -0.4334496 0.7646882 0.5116397 -0.3676064 0.776589 0.2724086 -0.2181239 0.9371316 0.2724594 -0.2181521 0.9371103 0.6314484 -0.4241513 0.6491292 0.314502 -0.3590369 0.8787384 -0.03224414 -0.9994758 0.002900362 -0.1198102 -0.9880363 -0.09710729 0.07262045 -0.9936488 0.08595591 0.07265502 -0.9936471 0.08594572 -0.119822 -0.9880371 -0.09708428 -0.1313282 -0.9913257 -0.005132257 -0.2326888 0.8469697 0.478015 -0.3513204 0.8167039 0.4577868 -0.4109143 0.8378782 0.3593183 -0.5349978 0.7144516 0.4509285 -0.1422409 0.1026267 0.9844976 -0.1103339 0.05669838 0.992276 -0.07849013 1.29726e-4 0.9969149 -0.1401549 0.03145122 0.98963 -0.7541378 -0.4883232 -0.439109 -0.5513541 -0.4140635 -0.7242653 -0.7682626 -0.3314562 -0.5476399 -0.6540765 -0.5566939 -0.512129 -0.3047873 -0.68417 -0.662583 -0.3067558 -0.7189812 -0.6236723 0.4072241 -0.4649066 0.7861492 0.6848396 -0.603271 0.4087285 0.5860001 -0.7344875 0.3422455 0.5859733 -0.7345711 0.3421123 0.6320769 0.7674133 -0.1074987 0.515821 0.8227027 0.2389332 0.4983143 0.8656105 -0.04900425 0.3239598 0.9454001 0.03561973 0.5157186 0.8227394 0.239028 0.3578428 0.8379197 0.4121155 -0.03558218 0.9144783 -0.4030678 0.3958445 0.5951763 -0.699337 -0.07582908 0.5090734 -0.8573763 -0.05947345 0.4096786 -0.9102892 0.2733373 0.4677514 -0.8405328 0.1420594 0.325455 -0.9348253 -0.5851303 0.4261047 0.6899693 -0.7346602 0.2696021 0.6225666 -0.406805 0.126288 0.9047436 -0.7395449 0.233272 0.6313933 -0.734786 0.2695082 0.6224589 -0.690024 0.3437936 0.6369246 0.5867261 0.7266359 0.3574253 0.6134808 0.6314664 0.4742274 0.4217599 0.7784491 0.464904 0.3430956 0.8189018 0.4600924 0.448864 0.5976031 0.6643732 0.3162125 0.3055528 0.8981354 0.9892952 -0.1186215 0.08499354 0.9122641 -0.03193014 -0.408356 0.9386625 -0.02286612 -0.3440783 0.5096026 -0.01899683 -0.8602001 0.864916 -0.501862 0.007421076 0.8711693 -0.4909786 -0.002044618 0.7467578 -0.6535052 0.1236278 0.6924913 -0.7111261 -0.1214724 -0.08781361 -0.9961183 -0.006110489 -0.1689487 -0.9809336 -0.09604984 0.08022356 -0.996777 1.00576e-4 0.1104376 -0.9938708 -0.004955649 0.588737 0.8079702 0.02393686 0.3736619 0.6598849 -0.6518656 0.5536302 0.8284569 -0.08457356 0.3151057 0.6571495 -0.6847357 -0.9516492 -0.2300831 -0.2035325 -0.9137129 -0.3772942 -0.1509239 -0.7964215 -0.4632103 -0.388779 -0.7964301 -0.4631837 -0.3887932 -0.9596691 -0.2264216 -0.1666392 -0.7656407 -0.6152784 -0.1876885 0.4214462 -0.04800093 -0.9055823 0.8419985 -0.1134023 -0.5274264 0.6196002 -0.1211141 -0.7755172 0.8728737 -0.1598166 -0.4610316 0.7832509 -0.3638896 -0.5040859 0.9792667 -0.1741069 -0.1035547 0.9324031 -0.3261163 -0.1557971 0.9623173 -0.2308117 0.1437761 0.9416274 -0.1651471 0.2933675 0.8972632 -0.1964893 0.3953616 0.7962321 -0.1956583 0.5724793 0.9415752 -0.1651232 0.293548 0.841597 -0.1371603 0.5223999 0.8484812 -0.4844302 0.2130898 0.7680073 -0.6145648 -0.1802076 0.6192142 -0.7600008 0.1974145 0.5522934 -0.7999138 -0.2347555 0.5627456 -0.8171063 0.1251194 0.5553442 -0.7813654 -0.2847125 0.5336568 -0.7089718 -0.4610527 0.7045024 -0.5968948 -0.3839179 0.5554735 -0.7812321 -0.2848258 0.8989486 -0.3798114 -0.2182542 0.5890504 -0.6498272 -0.4803587 0.7932013 -0.4337608 -0.4274148 0.9324097 -0.3260769 -0.1558398 0.690017 -0.3657754 -0.6245678 0.779401 -0.1441063 -0.6097276 0.9352024 -0.2124326 -0.2833176 0.9689143 0.03997325 -0.244146 0.8813987 -0.161652 -0.4438526 0.8814296 -0.1616227 -0.4438018 0.9438772 0.2431419 -0.2235578 0.9269122 0.1293952 -0.3522653 0.3800584 0.8031609 0.45879 0.04648876 0.8880261 0.4574369 0.02100729 0.9808737 0.1935088 -0.2798557 0.7838531 0.554306 0.9565752 -0.2609595 0.1298623 0.7397376 -0.6132661 0.2769351 0.7466977 -0.6535621 0.1236901 0.5233896 -0.636711 0.5662706 -0.182819 -0.06036061 0.9812919 0.01122045 -0.649311 0.7604404 -0.03980582 -0.1492905 0.9879918 -0.1993523 -0.7707109 0.6051971 -0.08544301 -0.9403549 0.3292905 -0.1343755 -0.9763693 0.1692517 0.8441318 0.3307848 0.4219275 0.7909765 0.46038 0.4029968 0.7680816 0.6170453 0.1711889 0.9068748 0.3595618 0.219758 0.7909905 0.4603877 0.4029609 0.6922404 0.6015473 0.3986783 0.1093859 0.2304029 0.9669278 0.1923034 0.2797225 0.9406247 0.3617951 0.5261434 0.7695956 0.8681122 0.4542999 0.1999827 0.9193405 0.3707842 0.1316521 0.8755773 0.4789438 0.0630666 0.838882 0.5301403 0.1234028 0.7893758 0.6100549 0.0686953 0.9193071 0.3708649 0.1316577 0.8762612 0.4730235 0.09173381 0.6511619 0.7244257 0.2262645 0.2742749 0.9609262 -0.03733891 0.7829095 0.6133608 -0.1041212 0.9642627 0.2513374 -0.08382707 0.9038789 0.4265051 -0.03311079 0.8955498 0.1340579 -0.4242868 0.02853202 -0.1855129 -0.9822275 0.02851408 -0.1853547 -0.9822579 -0.9621566 -0.1745355 0.2092656 -0.9418281 -0.3318353 -0.05334067 -0.9610365 -0.0831117 0.2636312 -0.9881523 -0.114979 0.1016609 -0.9418351 -0.3318057 -0.0534023 -0.9933154 -0.1102328 -0.03425449 0.07464289 0.1032756 0.9918481 -0.1269251 -0.2785851 0.9519876 -0.06921011 0.01509654 0.9974879 -0.1270699 -0.2786287 0.9519556 -0.1270495 -0.2786552 0.9519506 -0.1712142 -0.2575719 0.9509692 0.598464 0.7665271 0.2329749 0.6627796 0.6252632 0.4120306 0.6127461 0.602838 0.5110075 0.2730553 0.2686605 0.9237221 0.6627084 0.6252346 0.4121884 0.4506146 0.5197134 0.7258406 0.9653266 0.1070109 0.2381037 0.8517813 0.4801389 -0.2096073 0.9350437 0.3506233 0.05250352 0.7336207 0.5706455 -0.3690047 0.8517116 0.480235 -0.2096704 0.6238086 0.7162551 -0.3127961 -0.952579 0.2375491 -0.1901677 -0.8211907 0.2600916 -0.5079353 -0.9234408 0.1047744 -0.3691605 -0.6844605 0.1224934 -0.7186858 -0.6844596 0.1224981 -0.7186858 -0.2182285 0.05133873 -0.9745464 -0.1092453 0.9909213 0.07836174 -0.14746 0.9886922 0.0272668 -0.264031 0.9599093 0.09413754 -0.07432198 0.9972303 -0.002853274 -0.3837522 -0.7470519 -0.5428146 -0.03447723 -0.9759839 -0.2150972 -0.0905537 -0.841479 -0.5326473 -0.09043544 -0.8414942 -0.5326436 -3.21273e-4 -0.9371065 -0.3490437 0.1691932 -0.6402555 -0.7492973 0.2480281 0.7740903 0.5824657 0.3010809 0.5803456 0.75667 0.3010563 0.5803472 0.7566785 0.5984321 0.2506453 0.7609573 0.3011555 0.5801904 0.7567594 0.2502136 0.08714365 0.9642609 0.314344 -0.3590857 0.8787749 0.001775205 -0.7254107 0.688314 0.04019379 -0.5271453 0.8488241 0.00179702 -0.7255063 0.6882133 -0.1706103 0.1972266 0.9653983 -0.1402599 0.03154826 0.9896121 -0.2086306 0.04393088 0.9770074 -0.430024 -0.01782178 0.9026416 -0.1403148 0.03139889 0.989609 -0.2629954 0.01846247 0.9646205 -0.2751681 0.9289108 0.2478052 -0.6129878 0.7536744 -0.2371097 -0.5065763 0.8616708 0.03006756 -0.6823332 0.6140307 -0.3967214 -0.6130823 0.7535869 -0.2371436 -0.7915065 0.4666274 -0.394685 0.6597502 0.4058684 0.6324559 0.7024299 0.5199459 0.4860542 0.9611235 0.1980646 0.1923852 0.5051082 0.5569484 0.6592983 0.3776502 0.6673566 0.6418843 0.08925694 0.8373476 0.539335 -0.3054925 -0.8118438 0.4975783 -0.3905813 -0.8999747 0.1936285 0.03856891 -0.9528521 0.3009738 0.006822586 -0.9992522 0.03805965 -0.1828303 -0.9669532 0.1776928 -0.03433167 -0.9853634 -0.1669744 0.1637997 -0.9852781 -0.04895675 -0.1000869 -0.9580025 -0.2687268 -0.08774411 -0.9961243 -0.006111323 -0.2282191 -0.973607 -0.00239396 -0.1760836 -0.9761052 -0.1273322 -0.1690921 -0.9809066 -0.09607326 -0.1478779 0.9888657 -0.01664102 -0.6167973 0.7854204 0.05172854 -0.4576486 0.8812773 0.1179319 -0.8613156 0.4272266 0.2749784 -0.7012931 0.7088428 -0.07569628 -0.950778 0.2962829 -0.09076333 -0.9063847 0.1775398 -0.383336 -0.8214441 0.2696262 -0.5025249 -0.8468291 0.1337739 -0.514767 -0.846815 0.1338731 -0.5147644 -0.6729767 0.6180927 -0.4062803 -0.7398653 0.3088638 -0.5976643 0.3047388 0.1896417 -0.9333652 0.002757668 -8.53552e-5 -0.9999962 7.26796e-4 -0.003358006 -0.9999941 9.49764e-4 -0.003120541 -0.9999947 0.002734124 -1.42478e-4 -0.9999963 0.002354085 -0.001484513 -0.9999962 0.002434968 -0.001383066 -0.9999961 0.003176331 -4.41461e-4 -0.9999949 0.003886818 5.82629e-4 -0.9999924 0.003900647 6.00383e-4 -0.9999923 0.002767443 -6.59712e-5 -0.9999963 0.002983093 0.002222776 -0.9999932 0.003006279 0.002206265 -0.9999932 0.002787947 -2.16962e-5 -0.9999962 0.00146079 0.001642465 -0.9999977 0.003011703 0.002216219 -0.999993 0.001401484 0.001576423 -0.9999978 1.25859e-7 0 -1 -1.21091e-6 0 -1 0.001401007 0.001575648 -0.9999978 0.001116514 -0.00125128 -0.9999987 0.001116931 -0.001251995 -0.9999986 0.001084983 -0.001216232 -0.9999987 0.003050863 -0.002243697 -0.9999929 0.003052949 -0.002257406 -0.9999928 0.001096785 -0.001229524 -0.9999986 0.003360033 -0.001023411 -0.9999939 0.003020644 -0.002243518 -0.9999929 0.003293871 -9.66217e-4 -0.9999942 0.001906633 6.23873e-4 -0.999998 0.001908242 6.24641e-4 -0.999998 0.003371834 -0.001033306 -0.9999938 0.1471229 -0.09311443 -0.9847257 -3.85239e-7 0 -1 7.06011e-7 0 -1 -0.2599221 -0.9498702 -0.1737444 -0.09642666 -0.7298038 -0.6768223 -0.1658385 -0.8653782 -0.4728828 -0.09632319 -0.7297093 -0.6769388 -0.096336 -0.7297044 -0.6769423 -0.07959771 -0.3193126 -0.9443007 -0.6950184 -0.02805972 -0.7184444 -0.4501561 -0.008246302 -0.8929119 0.06962805 0.002506017 -0.9975699 0.04018986 0.001293241 -0.9991912 -0.1956061 -0.00849694 -0.9806458 -0.1954318 -0.008512854 -0.9806804 -0.3733007 0.001188933 -0.9277097 -0.07888108 0.001270473 -0.9968832 0.001676321 0.002490699 -0.9999955 0.001627802 0.002976417 -0.9999943 -1.84016e-6 0 -1 -1.17864e-6 0 -1 0.003324747 -0.02659559 -0.9996408 0.01394993 0.02076512 -0.9996871 0.02126926 0.0589922 -0.9980319 0.3488231 -0.2428276 0.9051835 0.5103331 -0.2873495 0.8105495 0.2228966 -0.4032114 0.8875459 0.2229239 -0.4031921 0.8875478 0.5531396 -0.4194152 0.7198108 0.3785632 -0.4449486 0.8116101 0.03509008 0.9989495 -0.02947252 -0.2009486 0.9792675 -0.02559101 0.1117882 0.9937299 -0.002111077 0.1186063 0.9929335 0.003963291 0.04601299 0.9591198 -0.279235 0.04160535 0.9771257 -0.2085534 0.09292358 0.9956732 1.94952e-4 0.07803875 0.9934397 0.08359181 0.08430862 0.9827926 0.16435 -0.9498829 -0.0229007 0.3117658 -0.9457415 -0.2412707 0.217627 -0.9777229 -0.01151275 0.2095842 -0.9777521 -0.01151186 0.2094482 -0.9457581 -0.2412887 0.217535 -0.9215885 -0.3527224 0.1620541 0.4434342 -0.7588146 0.4770396 0.5801498 -0.6745533 0.4565131 0.1884681 -0.9401737 0.2838191 0.2781149 -0.9600834 0.02986478 0.4300623 -0.8928151 0.1338936 0.3583017 -0.9055323 -0.2272252 0.1139459 -0.9930198 0.03046518 0.8033119 -0.4950869 0.3310271 0.5956938 -0.758281 0.2648753 0.8033539 -0.4949576 0.3311183 0.8033447 -0.4949638 0.3311316 0.7722568 -0.0223127 0.6349187 0.891642 -0.3943318 -0.2224344 0.7484706 -0.5849791 -0.3123962 0.6632385 -0.7463526 -0.05542939 0.4118103 -0.9108904 -0.02628743 0.4417103 -0.8836542 -0.1550717 0.1483005 -0.9792081 0.1384147 0.3000519 -0.9128043 0.277051 0.1010752 -0.9145016 0.3917534 0.01701492 -0.9525495 0.3039078 -0.9457337 -0.2413594 0.2175626 -0.6642763 -0.7438925 0.07322049 -0.902583 -0.4240888 -0.07411271 -0.7725722 -0.6134679 -0.1636744 -0.7726024 -0.6134334 -0.1636618 -0.7150448 -0.4856202 -0.5028758 -0.2109735 0.7971942 -0.5656604 0.1484398 0.9545755 -0.258363 0.01749694 0.6816815 -0.73144 0.1232605 0.5585961 -0.8202301 0.3052381 0.7799985 -0.5462895 0.4548133 0.549219 -0.7010731 0.9999393 0.01101559 0 0.9999457 0.01041626 -5.14821e-4 0.4628435 0.5426821 -0.7009081 0.1572906 0.6254397 -0.7642545 0.2361091 -0.1453711 -0.9607912 -0.1191451 -0.144434 -0.9823153 0.9232828 -0.28975 0.2521786 0.9064327 0.03192245 0.4211423 0.68327 -0.2644548 0.6805924 0.4301877 -0.2466393 0.8683937 0.6474482 -0.004878103 0.7620939 0.4033576 0.1265028 0.9062559 0.4903344 0.1788254 0.852991 0.6289615 0.2574312 0.733578 0.582992 0.1828912 0.7916258 0.7959819 0.3125998 0.5183573 0.7282426 0.2526807 0.6370363 0.4458664 0.009008347 0.8950542 0.7643281 0.2032634 0.6119531 0.87066 -0.1074008 0.480017 -0.2526402 -0.9669835 -0.03340655 -0.2326615 -0.9584673 0.164952 -0.2637924 -0.9414524 -0.2099551 -0.459552 -0.8845121 -0.08031338 -0.3020129 -0.9362747 -0.1793819 -0.3207309 -0.8490532 -0.41981 -0.2488871 -0.9385381 -0.2391681 -0.2599466 -0.9498997 -0.1735465 -0.2371989 -0.930733 -0.2783392 -0.2401843 -0.4561223 0.8568921 -0.2493112 -0.907473 0.3381375 -0.2293797 -0.9178125 0.3240453 -0.2326724 -0.9584612 0.1649723 -0.249279 -0.9075537 0.3379443 -0.5218732 -0.8431535 0.1293852 0.07803553 0.9934232 0.08379089 0.06101667 0.7269702 0.6839527 0.07948571 0.883014 0.462567 0.06370908 0.5287016 0.8464135 0.06100273 0.7268602 0.6840709 0.03341466 0.1633665 0.9859995 -0.06431072 0.6726884 0.7371258 -0.08725887 0.3882459 0.9174154 -0.2625043 0.6258708 0.7344231 -0.370771 0.5362505 0.758264 -0.0872749 0.3882806 0.9173992 -0.3499413 0.3792087 0.8565874 0.7360603 0.04914885 0.6751294 0.9061927 0.1588157 0.3919086 0.9753076 -0.04760468 0.2156597 0.9753519 -0.04759097 0.2154616 0.9924778 0.05519235 0.1092785 0.9541745 0.1097515 -0.2783982 0.9753403 -0.04763126 0.2155057 0.9773172 0.05023926 -0.2057362 0.9853986 -0.1183204 -0.1224336 0.9133656 -0.3646481 0.1810947 0.9003851 -0.4142739 -0.132981 0.8751588 -0.3986097 0.2742401 0.8651085 -0.4544622 -0.2122531 0.6350039 -0.7260465 0.2638683 0.867874 -0.3506342 0.3519241 0.6194155 0.06937116 0.7819924 0.7463889 -0.30762 0.5901472 0.4486365 -0.129804 0.8842377 0.7776434 -0.2822587 0.5617837 0.8678436 -0.3507717 0.3518617 0.5710596 -0.6725928 0.4706484 0.4337101 -0.5339483 0.7258063 0.7833419 -0.387823 0.4857664 0.6529213 -0.6778702 0.3379139 0.5709111 -0.6726562 0.4707379 0.6349135 -0.726077 0.2640025 0.4264946 -0.8882226 0.1707723 0.3772014 -0.8573816 0.3501658 0.2345841 -0.6848624 0.6898796 0.4264231 -0.8882583 0.1707641 0.283352 -0.9545799 0.09213536 -0.815917 0.5218087 0.2489886 -0.8085834 0.5593065 0.1826727 -0.2910636 0.9556792 0.04426407 -0.2910817 0.9556753 0.04422909 -0.8246758 0.5588897 0.08690404 -0.7787049 0.6188657 0.103073 -0.2909806 0.9557045 0.04426193 -0.4736713 0.8719121 0.1241168 -0.2212432 0.9744473 0.03877943 -0.3696673 0.8662251 0.3361551 -0.2105563 0.9775461 -0.008351922 -0.126435 0.9913733 0.03454327 -0.1635988 0.9857838 0.03828603 -0.4968189 0.8569138 0.137367 0.9288216 -0.1907559 0.3176519 0.9181119 -0.323872 0.2284239 0.8060989 -0.4460697 0.3888784 0.6802529 -0.6444089 0.3492753 0.7614606 -0.6225833 0.1804654 0.7146418 -0.5646194 0.4129069 0.2245731 -0.9743183 -0.01646047 0.3531199 -0.935522 -0.01024472 -0.008655846 -0.9999614 0.001500964 0.5935597 -0.8047716 -0.005449593 -0.3723048 0.9105036 0.1799233 -0.2294498 0.9508821 0.2077886 -0.5103743 0.773962 0.3748348 -0.3272655 0.9027526 0.2791684 -0.2292965 0.95091 0.2078301 -0.162309 0.9415306 0.2952557 0.8652161 -0.3616769 0.347262 0.8672852 -0.4669653 0.1725109 0.9794538 -0.0811454 0.1846231 0.9794826 -0.08113312 0.184476 0.9368497 -0.3280217 0.1213029 0.987125 -0.1594849 -0.01220297 0.9353268 -0.1069757 0.3372241 0.9794628 -0.08113032 0.1845821 0.8632753 -0.2503465 0.4382722 0.961408 -0.2457154 0.1237685 0.9604907 -0.2651521 -0.08456975 0.8135634 -0.5721392 0.1037853 0.9604548 -0.2652751 -0.0845918 0.6762384 -0.7115141 -0.1909175 0.4970853 -0.8570176 -0.1357462 0.9081445 -0.4125183 -0.07142978 0.679443 -0.612493 -0.4039922 0.9197539 0.3840256 -0.08110046 0.9988468 0.03504353 -0.03282147 0.9608736 0.2717654 -0.05353188 0.9608763 0.2717609 -0.05350536 0.9988475 0.03506648 -0.03277277 0.9986393 0.05214929 0 0.9608559 0.2718276 -0.05353266 0.6239433 0.7681822 0.1434955 0.8234447 0.56184 0.07921338 0.6238462 0.768229 0.1436672 0.6238542 0.7682213 0.1436733 0.4943903 0.7897754 0.3630883 0.706255 0 0.7079575 0.5046544 0 0.8633214 0.706255 0 0.7079576 0.2524229 6.54262e-5 0.967617 -0.9676669 0 0.2522318 -0.8635514 0 0.5042608 -0.6435574 -0.747338 -0.1652871 -0.02218246 -0.9809654 -0.1929119 -0.1223375 -0.9864143 -0.1096377 0.136586 -0.9678037 -0.2114247 -0.02199369 -0.9809767 -0.1928758 0.2977133 -0.9435949 -0.1448982 0.9603163 0.08022451 0.2671269 0.915277 0.0436238 0.4004561 0.9890086 0.06046044 0.1349315 0.989032 0.06044232 0.1347683 0.9890318 0.06044566 0.1347681 0.9992174 0.03955614 0 0.7062547 0 -0.7079579 0.7062546 0 -0.7079581 -0.7001057 0.7121326 -0.05214589 -0.9226907 0.3839831 -0.03462761 -0.8007789 0.5984362 -0.0250501 -0.9226985 0.3839665 -0.03460192 -0.9226993 0.3839645 -0.03460317 -0.9373868 0.3472227 0.02724784 -0.361012 0.8646787 -0.3492866 -0.366186 0.9010435 -0.2324405 -0.3669281 0.930247 -0.002103686 -0.3609131 0.9325901 -0.004200637 0.9967083 -0.08107203 0 0.9932693 -0.05928575 0.09950548 0.9932696 -0.05928164 0.09950476 0.9932587 -0.05924487 0.09963697 0.9252591 -0.043136 0.3768754 0.9795089 -0.03682237 0.1980062 -0.09926348 0.8192128 0.5648338 0.05223107 0.8991566 0.434499 -0.05852717 0.714946 0.6967259 0.2114709 0.5928478 0.7770532 0.0159204 0.3376498 0.9411372 -0.05663686 0.1454063 0.9877497 -0.006598234 0.1520018 0.9883583 -0.01310235 0.02286547 0.9996527 -0.02385991 0.1715302 0.9848899 -0.1332142 0.33231 0.9337152 -0.1332212 0.3323168 0.9337119 -0.01310366 0.02286851 0.9996527 -0.2031748 0.1297227 0.9705112 -0.2860811 0.2003439 0.9370273 -0.04017913 0.07294481 0.9965264 -0.1445429 0.2915415 0.9455745 -0.0241391 0.172152 0.9847747 -0.08420222 0.1444748 0.9859194 0.06666129 0.5472096 0.8343369 -0.006542384 0.1521838 0.9883306 0.1512063 0.7158157 0.6817218 -0.5012101 -0.2491921 -0.8286687 -0.106015 -0.4817335 -0.8698815 -0.1124603 -0.2465127 -0.9625925 -0.1059237 -0.4816015 -0.8699657 0.06980854 0.002488136 -0.9975574 0.4454711 0.001122236 -0.8952956 0.2112765 0.001632094 -0.977425 0.4629872 0 -0.8863651 0.4165597 0.9082388 0.03975397 0.3137577 0.9493994 0.01403701 0.4104779 0.909232 -0.069319 0.2198622 0.9754887 -0.009086191 0.3122667 0.9485903 -0.05163377 0.2056173 0.9785115 -0.01539182 0.2301847 0.9731157 -0.007813096 0.2242992 0.9744375 0.01271474 0.1952788 0.9807422 0.003317117 0.6162291 0.7102755 -0.3402504 0.3122817 0.9485827 -0.05168187 0.803898 0.4851895 -0.3440048 -0.3334134 -0.563634 0.7557463 -0.07514327 -0.4668512 0.8811377 -0.1594618 -0.2195889 0.9624722 0.1579058 -0.1178153 0.9804006 -0.7199907 -0.60878 -0.3331671 -0.5933379 -0.802971 -0.05646204 -0.4695182 -0.8744402 -0.1220942 -0.254813 -0.965108 -0.06030714 -0.2071881 -0.9691618 -0.1334115 -0.1372987 -0.9884322 0.0644266 -0.1999307 -0.9797284 0.01264798 -5.76178e-4 -0.9999607 0.008849084 -0.4696451 -0.8743959 -0.1219234 -0.2001096 -0.9796917 0.01266521 -0.7040634 -0.7101088 0.00635147 0.7958564 0.6022651 0.062366 0.8153353 0.5138798 0.2667508 0.8154206 0.5138267 0.2665923 0.7333638 0.5440261 0.4076924 0.245514 0.9270305 0.2834388 0.5062047 0.8612191 0.04537069 0.8470323 0.5263636 0.07401287 0.8470928 0.5262871 0.07386338 0.8471121 0.5262498 0.07390874 0.9478918 0.2712547 -0.1670993 -0.9268595 -0.04768061 0.3723683 -0.9311034 0.05184984 0.3610514 -0.3798647 -5.10618e-4 0.925042 -0.124842 -0.04294693 0.9912468 -0.5424027 0.003408074 0.8401118 -0.1555736 0.1203981 0.9804597 -0.3765857 -0.4182255 0.8266019 0.1021623 -0.1536653 0.9828275 -0.05253529 -0.6210937 0.7819736 0.2805781 -0.6492345 0.7069445 0.1779602 -0.2030824 0.9628539 0.5254415 -0.2840285 0.8020219 0.03839337 -0.9960887 0.07958215 0.1170421 -0.9598412 0.254963 0.08219099 -0.9764087 0.1996771 0.08213007 -0.9763811 0.1998366 0.1588873 -0.8546832 0.4942384 0.1760787 -0.7206503 0.6705665 0.157542 -0.8973979 0.4121379 0.3057356 -0.3904688 0.8683663 0.2937048 -0.8773495 0.3794673 -0.6855962 0.6738881 0.2753775 -0.7889748 0.5895048 0.1732128 -0.7390047 0.5058425 0.4449669 -0.7053527 0.4813703 0.5203463 -0.5516649 0.6529182 0.5190027 -0.4941001 0.5802674 -0.6474217 -0.7212793 0.6163344 -0.3160507 -0.6958286 0.6984183 -0.1674355 -0.6958263 0.6984577 -0.1672805 -0.6807525 0.6867017 -0.254984 -0.7586039 0.6198408 0.2007927 -0.7586225 0.619809 0.2008205 -0.677962 0.7146115 -0.1723313 -0.5728339 0.8127809 0.1060603 -0.6118358 0.7707168 0.1779116 -0.4414392 0.8589145 -0.2596102 -0.2413737 0.9676205 -0.07381916 -0.5670354 0.8235616 0.01474195 -0.04671299 0.9986559 0.02245926 -0.5296481 0.6383854 -0.5585132 -0.6957744 0.6984765 -0.1674174 -0.3406565 0.8731507 -0.3486559 -0.4939559 0.5803509 -0.6474569 -0.2487198 0.8364843 -0.4882957 -0.0758872 0.5090841 -0.8573649 0.3653321 0.9298406 0.0439195 0.5192775 0.8529196 0.05365765 0.2850545 0.9380095 0.1971856 0.6269416 0.7567028 0.1853248 0.4804683 0.8387437 0.2562409 0.08121824 -0.002815544 0.9966924 0.08179301 0.07576882 0.9937651 -0.04475337 0.3339343 0.9415334 -0.4339993 0.449917 0.7805251 -0.5032859 0.6664481 0.5500456 -0.4632442 0.578973 0.6709659 -0.4539642 0.582489 0.6742575 -0.7435471 0.333139 0.5797898 -0.6005768 0.2581929 0.7567325 -0.4631851 0.5789436 0.671032 -0.2357573 0.1630467 0.9580367 -0.1973416 0.2528983 0.947153 -0.2106813 0.01958829 0.9773585 0.1844099 -0.04563903 0.9817892 0.4346867 0.07827389 0.8971737 0.4348595 0.0782392 0.8970931 0.3278208 -0.04197609 0.943807 0.8482351 0.08320343 0.5230433 0.667013 0.09841817 0.7385172 0.8521226 -0.002127707 0.523338 0.9214141 0.06910592 0.3823879 0.9975385 0.009296774 -0.06950372 0.1285969 0.6155976 -0.7774976 0.1287021 0.615561 -0.7775092 0.09909904 0.5093769 -0.8548185 0.4406625 0.5517629 -0.7080779 -0.2905104 0.657781 -0.6949302 -0.2042087 0.7614955 -0.6151612 0.128641 0.6156853 -0.7774209 0.07623982 0.910399 -0.4066463 -0.3329134 0.7241015 -0.6040246 -0.2681713 0.9632049 0.01790106 -0.6779021 0.7116742 0.1843062 -0.6867671 0.718598 0.1093986 0.980359 -0.001472175 -0.1972162 0.9486607 -0.103573 -0.298857 0.9881379 0.09452527 -0.1210317 0.9147481 0.099294 -0.3916333 0.9881277 0.09467893 -0.1209948 0.9624261 0.1190568 -0.2440522 0.9266918 0.3700816 -0.06543743 0.9975294 0.009262442 -0.06963741 0.9830211 0.1326206 0.1268125 0.3600394 -0.884442 -0.2968738 0.1814096 -0.9819313 -0.05386698 0.5981584 -0.7939577 -0.1088021 0.3514644 -0.9361814 -0.00609672 0.841081 -0.5281857 -0.1166307 0.5658409 -0.8244801 -0.00754553 0.9683144 -0.2496929 -0.004568517 0.9839481 -0.08684402 -0.1558986 0.9378545 -0.299259 -0.1757079 0.9964804 0.03850203 -0.07446205 0.9964807 0.03857117 -0.07442206 0.9953773 -0.09070026 -0.03158491 0.9801831 0.1402224 -0.1399239 0.9890328 -0.006376922 -0.1475586 0.5430185 -0.1489689 -0.8264015 0.4390903 -0.2557824 -0.8612636 0.485428 -0.1190378 -0.866135 0.5398116 -0.1437431 -0.8294224 0.5832976 -0.1756304 -0.7930434 0.2227709 -0.4032006 0.8875824 0.2951123 -0.4546549 0.8403558 0.1907241 -0.5304247 0.8259989 0.1908047 -0.5304999 0.8259319 0.3785139 -0.4450795 0.8115612 0.3138118 -0.4724364 0.8236055 0.2464761 -0.2340018 0.9404748 0.2946988 -0.2937616 0.9093167 0.8886792 -0.457292 0.03366607 0.7196726 -0.6230659 -0.3063665 0.7689406 -0.6133567 -0.180344 0.6440712 -0.7311297 -0.2249929 0.7195792 -0.6231427 -0.3064295 0.4780561 -0.6842716 -0.5506677 0.5624861 -0.7594983 -0.3267596 0.4657867 -0.8411458 -0.2748029 0.7196348 -0.6231358 -0.306313 0.676742 -0.7354533 0.0335986 0.4780326 -0.684281 -0.5506764 0.4864382 -0.7134564 -0.504339 0.395013 -0.6790933 -0.6187061 0.477976 -0.6843041 -0.5506968 0.2440626 -0.9315285 -0.2696075 0.3826862 -0.7180237 -0.5813719 0.4231157 0.09133374 -0.9014606 0.5522912 -0.7970775 -0.2442173 0.5258151 0.8433634 0.1107107 0.2996363 0.9479174 0.1080319 0.5257261 0.8434338 0.1105971 0.2996823 0.9479241 0.1078446 0.3221804 0.9466758 0.002171754 -0.8739414 -0.4301131 -0.2263388 -0.8094037 -0.5681941 -0.1483954 -0.5494244 -0.5844866 -0.5970831 -0.6423499 -0.7663997 -0.004272162 -0.8094133 -0.5682048 -0.1483018 -0.5529128 -0.8332366 -0.00203365 -0.7899903 -0.5967399 0.1407732 0.2660127 0.03368496 0.9633808 0.03653746 0.2860237 0.9575258 -0.2046716 0.1088859 0.9727556 -0.4105021 0.1984666 0.8899995 -0.6335992 -0.1104104 0.7657426 -0.03197824 -0.9493418 0.3126139 -0.1479747 -0.7141976 0.6841239 -0.08556365 -0.7617496 0.6421967 0.05476534 -0.5714983 0.8187738 -0.1579331 -0.5829483 0.7970123 -0.1284846 -0.1373897 0.9821487 -0.1286003 -0.13736 0.9821376 -0.464707 -0.3155441 0.8273328 -0.5889317 -0.06222248 0.8057841 -0.1285907 -0.1372564 0.9821533 -0.4998274 -0.09257447 0.8611636 -0.4039376 -0.1834536 0.8962028 -0.1595372 -0.2194648 0.962488 -0.2877233 -0.3799447 0.8791232 -0.7441967 -0.3370943 0.5766618 -0.5563654 -0.6236975 0.5490528 -0.1477379 0.9888861 -0.01667487 -0.3187335 0.9431334 0.09438496 0.05415391 0.9984237 -0.01474773 -0.04484069 0.982047 0.1832299 0.2376427 0.9681469 -0.0788514 0.2429594 0.956413 0.1620032 -0.1411826 0.9855056 -0.09405446 -0.1478875 0.9888629 -0.01671373 -0.5260143 0.8122072 -0.252247 -0.7012284 0.7089019 -0.07574218 0.4500113 -0.5924396 -0.6682105 0.1311864 -0.8942669 -0.4278749 -0.088768 -0.9734387 -0.2110389 -0.08883726 -0.9734433 -0.2109885 -0.3436324 -0.919595 -0.1904258 -0.307657 -0.9511883 -0.02425152 -0.238438 -0.9711468 0.004607915 -0.2526467 -0.9675583 7.88199e-4 -0.3856853 -0.9226304 5.55888e-5 -0.4970031 -0.8677455 -0.002401888 -0.5842069 -0.8040912 -0.1101809 -0.2384425 -0.9711458 0.004615724 -0.312278 -0.9359093 -0.1629606 -0.3085502 -0.9145002 -0.2616988 -0.3086205 -0.914419 -0.2618997 -0.4376741 -0.8528581 -0.284736 -0.3423583 -0.7860376 -0.5147193 -0.9880543 0.1468203 0.04682344 -0.9922479 -0.0399968 0.1176629 -0.997815 0.03487366 -0.05611789 -0.9962925 0.04484033 -0.07342028 -0.9978106 0.0348407 -0.05621522 -0.9614859 0.03654438 -0.2724139 -0.547541 -0.04805177 -0.835398 -0.7166477 -0.1771215 0.6745696 -0.9083082 -0.1466436 0.3917549 -0.8095517 -0.02120149 0.5866659 -0.9374765 -0.1168372 0.3278518 -0.9251329 -0.007093012 0.3795775 -0.9174187 -0.1159166 0.3806656 -0.9610489 0 0.2763787 -0.9897034 -0.1036283 0.09873431 -0.862796 -0.4263783 0.2716334 -0.8743496 -0.3165381 0.3678538 -0.7717743 -0.5951268 0.2240281 -0.7988989 -0.5747931 0.1771262 -0.6560738 -0.5454214 0.5216154 -0.8627622 -0.4263707 0.2717525 -0.7277989 -0.2880028 0.6223852 -0.4989829 -0.3955699 0.7710646 -0.4093799 -0.5630283 0.7179187 -0.7277433 -0.2880848 0.6224121 -0.5707213 -0.2887098 0.7687158 -0.4988793 -0.3955702 0.7711315 -0.5707731 -0.2885589 0.768734 -0.4718717 -0.1335165 0.8714991 -0.6377766 -0.02143889 0.769923 -0.9978873 -0.02567648 0.0596798 -0.9759128 -0.1685039 0.1385667 -0.7948779 -0.02708303 0.6061647 -0.8864047 0.1838668 0.4248292 -0.9590866 0.1403522 0.2458744 -0.9202712 0.3784618 -0.09933573 -0.3588641 -0.1930572 0.9132061 -0.3682345 0.1593022 0.9159838 -0.5056439 0 0.8627423 -0.6465834 0.03525942 0.762028 -0.6830364 -0.08411622 0.7255245 -0.6376984 -0.02143961 0.7699878 -0.6657466 0.1144643 0.7373461 -0.4954711 0.1651306 0.8527839 -0.3217501 -0.009820699 0.9467737 -0.298636 0.6065143 0.7368562 -0.3681973 0.1593914 0.9159832 -0.4584796 0.214054 0.8625412 -0.7835402 -0.1697826 0.5976944 -0.7526466 -0.01790398 0.6581813 -0.4773883 0.4570593 0.7504647 -0.767728 -0.006067514 0.6407473 -0.4135451 0.4878091 0.76878 -0.3241235 0.6631622 0.6746553 -0.3765624 0.4223762 0.8244994 -0.3706295 0.1550086 0.9157545 -0.1883426 0.2755973 0.9426416 0.01674729 -0.1038425 0.9944528 -0.1692036 0.030375 0.985113 -0.03977692 -0.1672758 0.9851074 0.2527406 -0.1727477 0.9519877 0.207594 -0.009038329 0.9781733 0.3326202 -0.2510045 0.9090437 0.4127404 -0.1651163 0.8957577 0.3326254 -0.2509964 0.9090442 -0.4276958 0.002628624 0.903919 -0.06728804 -0.362752 0.9294533 -0.01935595 -0.5983371 0.8010108 -0.03973889 -0.16743 0.9850828 0.3057146 -0.3904514 0.8683814 -0.165501 0.407964 0.8978725 -0.5318104 0.1480672 0.8338188 -0.2240101 0.4912051 0.8417465 -0.0993725 0.8191815 0.5648602 -0.1746357 0.9125172 0.3698851 -0.3240994 0.6631565 0.6746727 -0.5643656 -0.1729063 0.8072143 -0.7981052 -0.1364557 0.5868629 -0.6263028 0.07588279 0.775878 -0.5566298 0.1700013 0.8131807 -0.8052431 0.02693051 0.5923329 -0.7023034 0.1773313 0.6894371 -0.7023453 0.1771548 0.6894398 -0.7948307 -0.02710336 0.6062258 -0.731252 0.03958356 0.680958 -0.7677105 -0.006032347 0.6407685 -0.8571469 0.02076286 0.5146535 -0.4945893 0.378409 0.7824245 -0.6064976 0.2511313 0.7543831 -0.6262848 0.07596111 0.7758849 -0.4761794 -0.2726317 0.8360175 -0.5565179 0.1699034 0.8132778 -0.1416856 0.3185779 0.9372478 -0.4761886 -0.2726073 0.8360202 -0.2035138 0.1855399 0.961331 -0.1209548 -0.209787 0.9702368 -0.9290346 0.3264976 0.1740523 -0.9590997 0.1403954 0.2457987 -0.8261387 0.5252253 -0.2040427 -0.8091667 0.5618689 -0.1719087 -0.8392499 0.4290511 -0.334028 -0.5744341 0.7703404 -0.2767696 -0.9569593 -0.2441863 -0.1568499 -0.9899015 -0.1314911 0.05296498 -0.9933191 -0.1102012 -0.03424894 -0.993326 -0.110152 -0.03420579 -0.98699 0.06290638 0.1479649 -0.9623543 0.1750399 -0.2079315 -0.9719362 -0.1542226 -0.1776385 -0.8346585 -0.5503146 -0.02234095 -0.8998187 -0.4342723 0.04164135 -0.9758765 -0.1686311 0.1386669 -0.9034244 -0.2042253 0.3769833 -0.8346184 -0.5503806 -0.02221435 -0.9034245 -0.2042396 0.3769755 -0.6981881 -0.6077451 0.3783903 -0.3819949 -0.9002768 0.2087626 -0.7529618 -0.6149827 0.2341904 -0.6909127 -0.4987207 0.5233713 -0.6981408 -0.6077095 0.3785349 -0.802231 -0.2188069 0.5554719 -0.476267 -0.2727201 0.8359388 -0.9719168 -0.154367 -0.1776192 -0.8998274 -0.4342715 0.04146015 -0.8899043 -0.2133174 -0.4031949 -0.971908 -0.1543726 -0.1776625 -0.8558706 -0.3260009 -0.4015082 -0.9064543 0.01336503 -0.4220924 -0.9009736 0.1280689 -0.4145419 -0.9972635 0.06762301 0.02987933 -0.9623506 0.1750397 -0.2079486 -0.9827953 0.06789952 -0.1717646 -0.9415383 0.1231214 -0.3136028 -0.9700859 0.01195734 -0.2424675 -0.9456012 0.06931948 -0.3178573 -0.969767 0.02060151 -0.2431613 -0.9827774 0.06796544 -0.1718415 -0.9529834 0.17813 -0.2451378 -0.8478871 0.513493 -0.1319561 -0.961056 -0.0830124 0.2635912 -0.9760103 -0.1090758 -0.1884316 -0.9933156 -0.1102185 -0.03429424 -0.9565466 -0.2035974 -0.2087264 -0.8794502 -0.4705119 -0.07201462 -0.9569253 -0.2442021 -0.1570329 -0.9564936 -0.2037269 -0.2088434 -0.9067222 -0.1923167 -0.3753255 -0.9067515 -0.03801178 -0.4199488 -0.8574922 -0.03935778 -0.5129896 -0.7128822 -0.09064191 -0.6954014 -0.8294309 -0.1095548 -0.547761 -0.9067012 -0.1924051 -0.3753309 -0.8647748 -0.3907247 -0.3154343 -0.6305829 -0.06491911 -0.7734021 -0.7855597 -0.08457344 -0.6129792 -0.7854722 -0.08457654 -0.6130908 -0.4454553 -0.06940263 -0.8926102 -0.2517527 -0.2062229 -0.9455648 -0.9724218 -0.1489918 -0.1794359 -0.8700383 -0.1547156 -0.4680775 -0.8916693 -0.05453634 -0.4493903 -0.9724662 -0.1489421 -0.1792366 -0.9996984 -0.02435982 -0.003147423 -0.9964841 -0.07919728 -0.02733898 -0.9961404 -0.08763438 0.00496608 -0.982617 -0.1827603 0.03259831 -0.9807187 0.1922674 0.03499072 -0.9914878 0.006506264 -0.1300374 -0.8796808 -0.0805909 -0.4686864 -0.7436172 -0.0100212 -0.6685306 -0.7435009 -0.009984374 -0.6686605 -0.8238978 0.04067581 -0.5652769 -0.5273727 -0.0461055 -0.8483822 -0.9978531 0.03644514 -0.05441498 -0.96977 0.02061021 -0.243149 -0.9579764 0.07524126 -0.2768033 -0.9414888 0.1231374 -0.3137455 -0.9555332 0.2884699 -0.06116765 -0.9393798 0.246595 -0.2382362 -0.8132105 0.5805886 -0.04006844 -0.9068844 0.4181527 -0.05205011 -0.9520592 0.2226136 -0.2098251 -0.9175266 0.3371127 -0.2109502 -0.9010145 0.1279265 -0.4144969 -0.882274 0.1973786 -0.4273576 -0.8597722 0.4660141 -0.2088607 -0.8080805 0.5114501 -0.2922751 -0.962317 0.1751874 -0.2079796 -0.9222268 0.2266321 -0.3132663 -0.9415116 0.1231897 -0.3136562 -0.8081126 0.5114193 -0.2922403 -0.8884922 0.3947237 -0.2340407 -0.7946563 0.5922839 -0.1331214 -0.8080768 0.5115008 -0.2921969 -0.7347573 0.6492571 -0.1964609 -0.8884965 0.3947775 -0.2339332 -0.8597854 0.4660553 -0.2087138 -0.9555084 0.2885594 -0.06113332 -0.8128095 0.5686621 -0.1263502 -0.8176388 0.5066763 -0.2733972 -0.749886 0.6014779 -0.2754914 -0.5360687 0.7960133 -0.2810578 -0.3511289 0.934029 -0.06556177 -0.3182237 0.8916273 -0.3220787 -0.6448758 0.3583124 -0.6750907 -0.6117904 0.4156894 -0.6729895 -0.5361223 0.7959509 -0.2811318 -0.7809474 0.4099294 -0.4712527 -0.8175261 0.5068375 -0.2734354 -0.7899582 0.3532825 -0.5011564 -0.8175362 0.5067966 -0.2734808 -0.8781286 0.2110415 -0.4293621 -0.8599926 0.433972 -0.268479 -0.8957785 0.09340006 -0.4345773 -0.8737549 0.03169572 -0.4853327 -0.8468296 0.1337701 -0.5147671 -0.8907759 0.08832234 -0.4457775 -0.8898836 -0.213192 -0.4033069 -0.9763286 -0.06930166 -0.2048897 -0.8601196 0.3836213 -0.3361979 -0.9676424 0.1804862 -0.1763321 -0.8799946 0.4724458 -0.04903465 -0.9303409 0.3103178 0.1953685 -0.9303855 0.3101621 0.1954032 -0.9763646 -0.06929779 -0.2047196 -0.9701529 -0.1810938 0.1612711 -0.9303318 0.3102606 0.1955021 -0.9703733 0.0371958 0.2387305 -0.7888162 0.3498064 0.5053756 -0.7126837 0.6541108 0.2534188 -0.3898776 0.7560146 0.5257733 -0.6643375 0.7138279 0.2215977 -0.7699019 0.6076583 -0.1949422 -0.7607554 0.1510319 -0.6312215 -0.3182362 0.8915875 -0.3221762 -0.6117519 0.4156991 -0.6730185 -0.3798485 0.5961038 -0.7073723 -0.4570512 0.3253326 -0.8278061 -0.6448976 0.3581482 -0.6751571 -0.555126 0.1190185 -0.8232071 -0.5131883 0.04525899 -0.8570821 -0.7606995 0.1510211 -0.6312915 -0.3512219 0.1001407 -0.9309217 -0.1986864 0.05459666 -0.9785413 -0.1171664 0.1933695 -0.9741049 -0.1875361 -0.0775457 -0.979192 -0.2349467 0.1978042 -0.9516688 -0.6283139 0.12844 -0.7672841 -0.2349812 0.1979279 -0.9516346 -0.7127364 0.1218785 -0.6907623 -0.4164679 0.2402851 -0.8768225 -0.5043773 0.3601576 -0.7847867 -0.7127471 0.1219591 -0.690737 -0.8462416 0.3049289 -0.4369139 -0.06832289 0.4635559 -0.8834296 -0.1411974 0.2884464 -0.947028 -0.1411746 0.2884491 -0.9470307 -0.06197178 0.7356492 -0.6745219 -0.1343622 0.8217002 -0.5538551 -0.1121398 0.6045843 -0.788608 -0.09370428 0.9157867 -0.3905822 -0.3125271 0.7570625 -0.5737449 -0.1339443 0.9712179 -0.196964 -0.2721341 0.827098 -0.4917846 -0.1338624 0.9712556 -0.1968338 -0.01502656 0.9998533 -0.008226275 -0.1091921 0.9493473 -0.2946471 -0.08491188 0.9945871 -0.05988901 0.02578794 0.9943282 -0.1031819 -0.1156159 0.9750061 -0.1897265 -0.1730379 0.9788879 -0.1087957 -0.07605099 0.9970191 0.01301383 -0.340234 0.93171 0.1271121 -0.4406647 0.8954703 -0.06283223 -0.338528 0.9060342 -0.2539701 -0.02889418 0.9032495 -0.428142 -0.09365504 0.9158554 -0.3904328 -0.5842221 0.8053907 -0.1001514 -0.4508139 0.7879884 -0.4193339 -0.8462594 0.3050035 -0.436827 -0.6729596 0.7382549 0.04588311 -0.7402273 0.5704881 0.3558187 -0.4506556 0.8209495 0.3506443 -0.763078 0.3708027 0.5293557 -0.9125731 0.1421166 0.3834232 -0.901425 0.4080522 0.1446599 -0.9981272 0.04769212 0.03831017 -0.9981361 0.0476253 0.03816175 -0.9303879 0.3654485 -0.02873748 -0.8463422 0.3048763 -0.4367557 -0.8343777 0.0278173 -0.5504907 -0.9981348 0.04762625 0.03819453 -0.9489542 -0.06139606 -0.3093808 -0.9844272 -0.1446581 0.09988552 -0.9150406 0.09644407 0.3916624 -0.9513707 0.2359251 0.1980742 -0.8856555 0.3744382 0.2746095 -0.8882734 0.1775363 0.4236168 -0.7606841 0.5798054 0.2918654 -0.7606468 0.5799005 0.291774 -0.8237914 0.5232823 0.2180445 -0.3998154 0.9122079 0.08957928 -0.3313581 0.9405795 0.074243 -0.4968577 0.8286873 0.2577009 -0.1493687 0.9857991 0.07674098 -0.09416943 0.981372 0.1674554 -0.005644559 0.9919087 0.126828 -0.003570556 0.9999933 -7.68063e-4 -0.003543138 0.9999934 -7.93551e-4 -0.243942 0.9662961 0.08224421 -0.048388 0.9925097 -0.1121748 5.61324e-4 0.9999996 7.5228e-4 -0.0135293 0.9966259 -0.0809552 -2.57326e-4 0.9999947 0.003279626 0.001375138 0.9999932 0.003415405 0.001901745 0.9999938 0.002996563 -0.06218433 0.9965471 -0.0550177 -0.1122096 0.9739007 -0.197298 -0.03649675 0.957476 -0.2861957 -0.1143273 0.9136732 -0.3900393 -0.3428211 0.8938432 -0.2889953 0.002791404 0.9999948 0.001614511 0.00494349 0.9999876 7.55478e-4 0.002887547 0.9999958 2.44874e-4 -0.06833505 0.9785523 0.1943346 -0.2251356 0.9742436 0.01278126 -0.07281464 0.9873306 0.1409842 0.102333 0.9915301 0.07997471 -0.01228481 0.9998974 -0.007386445 -0.3382799 0.919673 -0.1994203 -0.4724197 0.8324858 -0.2894603 -0.06219565 0.996547 -0.05500918 -0.5136373 0.7700669 -0.3783834 -0.1940355 0.980948 -0.009551823 -0.4723551 0.8325369 -0.2894183 -0.7062577 0.7001859 -0.1045939 -0.2774464 0.9593095 -0.0524314 -0.7062579 0.7001919 -0.1045524 -0.6642529 0.7138967 0.2216293 -0.194027 0.9809503 -0.009488761 -0.6108989 0.7873085 0.083355 -0.1286369 0.958504 0.2544063 -0.005314826 0.9999125 0.01211673 -0.005310177 0.9999126 0.01210778 0.1033554 0.9881221 -0.1137216 -0.1285833 0.9584921 0.2544788 0.3017436 0.9424446 -0.1440453 0.4744415 0.8690105 -0.1404503 0.2434968 0.9694413 0.02988213 0.5716755 0.7902971 0.2204945 0.07261657 0.9973385 -0.006545484 0.4043906 0.9091957 0.09915423 0.102414 0.9915176 0.08002644 -0.04438596 0.8579508 0.5118108 -0.3897498 0.7561039 0.5257395 -0.6642049 0.7139035 0.2217514 -0.192515 0.8623158 0.4683475 -0.1876417 0.897176 0.3998323 -0.05772221 0.9887961 0.1376607 -0.0114122 0.9827266 0.1847113 -0.05389738 0.8697177 0.4905979 0.01881688 0.86831 0.4956648 0.07832509 0.9744589 0.2104642 0.08799195 0.9923325 0.08679741 0.221728 0.9342086 0.2794478 0.2455483 0.9444594 0.218409 0.2834662 0.9115948 0.2977283 0.159132 0.9751397 0.1542062 0.2835776 0.9115316 0.2978152 0.2221974 0.9499465 0.2196133 0.1160818 0.9862343 0.1177577 0.2834621 0.911552 0.297863 0.09467333 0.9918616 0.08513289 0.2634804 0.9334574 0.2433837 0.3556043 0.9240462 0.140301 0.06911993 0.9975544 -0.01038521 -0.0904926 0.9956048 -0.02413016 -0.05612415 0.9980554 0.02712261 0.07843559 0.9927238 -0.09136432 0.2747782 0.9375687 -0.213218 0.2606045 0.8672824 -0.4241541 0.1304482 0.9769732 -0.1688387 0.5042433 0.7601163 -0.4098318 0.2278769 0.9700039 -0.0846436 0.1893424 0.9812353 -0.03642529 0.3942087 0.8465484 -0.3577085 0.5651075 0.8057645 -0.1771922 0.1893388 0.9812377 -0.03637766 0.379294 0.9241126 -0.04639136 0.2892888 0.9334069 0.2122817 0.8158708 0.5458308 -0.1908496 0.6883661 0.6239814 -0.3698639 0.8524149 0.2897825 -0.4352183 0.553425 0.8315067 0.04814171 0.7571389 0.5724894 -0.3146374 0.8422535 0.5334944 0.07741302 -0.1013057 0.9689766 0.2254362 0.09011542 0.9928734 0.07798588 0.1193024 0.992377 -0.03090399 0.08789551 0.9923503 0.08669126 0.1891892 0.9812671 -0.03636562 -0.1684755 0.9585833 0.2296393 -0.2258148 0.8389106 0.4952138 0.08175748 0.9349868 0.3451309 -0.09620141 0.99103 -0.09276288 -0.02835905 0.9974092 -0.06611037 0.03593659 0.9974916 0.06098413 0.01039195 0.9999262 -0.006306827 0.1159817 0.9862636 0.1176112 0.01041573 0.999926 -0.00629419 0.226913 0.9738588 -0.01046198 0.03597921 0.9974865 0.06104266 0.2270123 0.9738354 -0.0104925 0.1194499 0.9923579 -0.03094655 0.447503 0.8923111 -0.05934607 0.5989271 0.8007709 0.00723195 0.3641339 0.929712 0.05515575 0.1159973 0.9862626 0.117604 0 1 0 0 1 3.9408e-7 0 1 0 0 1 3.84879e-7 -0.005118727 0.9999845 0.002191424 -0.005066215 0.9999871 4.34437e-4 0.1891575 0.9812733 -0.03636223 -0.0072124 0.9999736 -9.7114e-4 -0.09411406 0.9813641 0.1675319 0.1207557 0.9923478 0.02577167 0.2891545 0.9334355 0.2123394 -0.005628585 0.9918962 0.1269265 0.2226408 0.9014154 0.371324 0.02982378 0.6987236 0.7147698 -0.83341 0.3464084 0.4306149 -0.4612469 0.8241699 0.3286263 -0.7478683 0.5125436 0.4218912 -0.7577175 0.1788271 0.6276026 -0.8028272 0.02350467 0.5957483 -0.8027473 0.02354508 0.5958545 -0.4923418 0.2635944 0.8295285 -0.2291924 0.05454844 0.9718515 -0.4704369 -0.1526986 0.8691216 -0.2371293 -0.09832477 0.9664896 -0.2290397 0.05453121 0.9718886 -0.05373764 -0.02009463 0.998353 -0.02404278 0.2214952 0.9748651 0.1652947 0.2489244 0.9543135 -0.2289897 0.05457478 0.9718979 -0.1872741 0.2805391 0.9413959 -0.1178736 -0.1833207 0.9759608 0.151556 -0.005270898 0.9884346 -0.03266644 -0.005529284 0.9994511 -0.05366885 -0.02007669 0.998357 -0.2146919 -0.01000499 0.9766306 -0.3705931 0.005393564 0.9287797 0.02044594 -0.08856207 0.9958609 0.5424047 -0.1010581 0.8340172 0.8596699 -0.09163373 0.5025644 0.5476822 -0.3549947 0.7576431 0.2839695 -0.4782291 0.8310585 -0.340706 -0.07180082 0.9374242 -0.1776998 -0.3872071 0.9047063 0.05100017 -0.4818891 0.8747467 -0.1777243 -0.3872987 0.9046623 0.1795126 -0.5114697 0.8403416 -0.1905764 -0.7232691 0.6637488 0.108237 -0.9199497 0.3767991 -0.4591702 -0.2809661 0.842746 -0.2682205 -0.669874 0.6923342 -0.7561466 -0.3119993 0.575238 -0.6268209 -0.5080037 0.5907859 -0.1907255 -0.7232943 0.6636785 -0.4554328 -0.7876353 0.4149839 -0.7562327 -0.3119962 0.5751266 -0.6991299 -0.5668839 0.4357295 -0.8510456 -0.1941404 0.4878841 -0.8560321 -0.1968728 0.4779648 -0.8596118 -0.405574 0.3107694 -0.8560325 -0.1969108 0.4779484 -0.9154694 -0.2559806 0.3104671 -0.8553634 -0.286769 0.4314128 -0.8286253 -0.3792136 0.4117978 -0.8623171 -0.1198879 0.4919717 -0.8541315 -0.1210758 0.5057669 -0.8553474 -0.286782 0.431436 -0.7554971 -0.356588 0.5496083 -0.755508 -0.3566535 0.5495508 -0.828558 -0.3793693 0.4117897 -0.5303904 -0.7856497 0.3184976 -0.8329802 -0.07521009 0.5481674 -0.619088 -0.4573294 0.6384199 -0.4915739 -0.8179306 0.2989057 -0.3967866 -0.8166159 0.4191647 -0.1091007 -0.9885483 0.1042554 -0.4432201 -0.8539694 0.2725663 -0.1055252 -0.9934955 0.04279446 -0.1536678 -0.9805529 0.1220758 -0.1350181 -0.9908417 0.001685798 -0.06423288 -0.9954121 -0.07091456 -0.02369922 -0.9996898 -0.007658243 -0.1243231 -0.9922415 -9.02628e-4 -0.4868353 -0.8696542 0.0818116 -0.5528502 -0.8332786 -0.001900553 -0.1056645 -0.9934788 0.04283726 -0.4915462 -0.8179854 0.2988016 -0.6970899 -0.7005437 0.1526581 -0.7974195 -0.4622316 0.387897 -0.7900311 -0.596657 0.1408953 -0.8286381 -0.3793007 0.4116916 -0.7993066 -0.519533 0.3019842 -0.005635976 -0.9917265 -0.1282451 1.48993e-4 -0.9999212 -0.01255875 -0.00125426 -0.9999989 -9.48929e-4 -0.005643129 -0.9917216 -0.1282826 -8.4068e-4 -0.9999994 -8.06739e-4 0.1812146 -0.9819695 -0.05382692 -0.1336619 -0.9910197 0.003812432 0 -1 1.99821e-7 0.01090568 -0.9999398 -0.00124377 -0.2015002 -0.9794262 0.01104795 -0.1337613 -0.9910063 0.003811657 -0.3178069 -0.9478906 -0.02241009 -0.1929806 -0.9811755 0.007293701 -0.4577868 -0.8792454 0.1317535 -0.2347276 -0.9720271 0.008145868 0.245513 -0.9693843 -0.004187703 0.06802767 -0.9948583 0.07502835 -0.008933007 -0.9920479 0.1255434 0.08993285 -0.979941 0.1778423 -0.008935034 -0.992031 0.1256771 -0.04966342 -0.8322606 0.5521557 0.08996361 -0.9799528 0.1777612 0.001142024 -0.9178366 0.3969569 -0.03772419 -0.9244965 0.3793194 -0.0377283 -0.9244574 0.3794141 -0.1102397 -0.7982668 0.5921296 -0.04938226 -0.8100328 0.5843016 -0.01567351 -0.5722648 0.8199192 0 -0.5489845 0.8358325 -0.03583365 -0.3759002 0.925967 -0.2536244 -0.6033622 0.7560614 -0.08047246 -0.6804389 0.7283729 -0.1297786 -0.7406721 0.6592136 -0.4120147 -0.6603791 0.6278083 -0.150175 -0.6753785 0.722019 -0.6107063 -0.5226902 0.5948385 -0.807904 -0.5007615 0.3106919 -0.6945157 -0.6906622 0.201578 -0.3164215 -0.9445923 0.08730983 -0.6898335 -0.7233687 0.02945375 -0.1338139 -0.9909992 0.00381422 -0.4895687 -0.871069 0.03951454 -0.6861719 -0.7252197 0.05678474 -0.9215013 -0.3832596 0.06282955 -0.5973777 -0.7856964 0.1606892 -0.9214629 -0.3833468 0.06286036 -0.5317813 -0.8353467 0.1393008 -0.8142411 -0.5359379 0.2231193 -0.5826125 -0.7804149 0.2269698 -0.5316416 -0.8354262 0.1393575 -0.4780628 -0.8143354 0.3291108 -0.5887947 -0.7939835 0.1513648 -0.421136 -0.9069976 1.39004e-4 -0.5889196 -0.7938868 0.1513854 -0.6996291 -0.714476 -0.006578564 -0.7339823 -0.6789899 -0.01558274 -0.73395 -0.6790217 -0.01571816 -0.5043565 -0.8634954 6.6163e-4 -0.7352747 -0.6400375 -0.222987 -0.7346966 -0.6060363 -0.304862 -0.6164236 -0.6500497 -0.4443618 -0.7346534 -0.6060077 -0.3050233 -0.6164019 -0.6500275 -0.4444245 -0.5877717 -0.6209973 -0.5185431 -0.4417849 -0.6510419 -0.6172282 -0.3846157 -0.6331633 -0.6716957 -0.2246587 -0.6504662 -0.7255497 -0.1460835 -0.6588611 -0.7379444 -0.1428889 -0.6545931 -0.7423549 -0.5887752 -0.7939962 0.1513732 -0.4510191 -0.8924631 -0.009562671 -0.2935835 -0.9457488 0.139169 -0.5601413 -0.7846735 0.2655735 -0.4780711 -0.8143349 0.3290999 -0.2935512 -0.9457448 0.1392645 -0.2178559 -0.946949 0.2362763 -0.4749625 -0.713474 0.5151363 -0.3673363 -0.7806909 0.5055552 -0.3673622 -0.780607 0.5056656 -0.2177801 -0.9469695 0.2362639 -0.1523975 -0.9347368 0.3210018 -0.3673149 -0.7807059 0.5055474 -0.3273803 -0.6545778 0.6814324 -0.1887625 -0.8218453 0.5375304 -0.1886876 -0.8218231 0.5375908 -0.2131925 -0.8676312 0.4491829 -0.07200431 -0.7862953 0.6136409 -0.2401257 -0.8900445 0.3875055 -0.240112 -0.890055 0.3874899 -0.190283 -0.8670931 0.4603716 -0.1037768 -0.9430605 0.3160179 -0.1037391 -0.9430387 0.3160954 -0.1886719 -0.821923 0.5374435 -0.009898126 -0.8168066 0.5768266 0.007337987 -0.9567552 0.2908019 0.1700883 -0.822693 0.5424447 0.1553396 -0.6527979 0.7414341 -0.08994889 -0.6424016 0.7610713 -0.1989355 -0.7760345 0.598494 0.3910683 -0.6383842 0.6629716 0.3372876 -0.8189522 0.4642783 0.5948304 -0.6338837 0.4943363 0.4345491 -0.8464761 0.307645 0.7252935 -0.659129 0.198742 0.434643 -0.8464214 0.3076626 0.3432391 -0.9344217 0.09509515 0.4958138 -0.8532785 0.1615075 0.7891599 -0.5710575 0.2260976 0.7253579 -0.659087 0.1986463 0.7790874 -0.6265635 0.02100098 0.6384421 -0.7695961 0.01066797 0.3432924 -0.9344103 0.09501451 0.3386567 -0.9340595 -0.113334 0.7791075 -0.6265406 0.02094304 0.7444728 -0.6248763 -0.2351383 0.7165933 -0.6555699 -0.2381641 0.5057178 -0.8466082 -0.1658443 0.6520417 -0.7257997 -0.219218 0.5533115 -0.7578461 -0.3457104 0.6554959 -0.6761217 -0.3364293 0.6255949 -0.673322 -0.3940412 0.777055 -0.4371108 -0.4529016 0.6953402 -0.4014055 -0.5961339 0.8267019 -0.212611 -0.5209227 0.8983181 -0.3193479 -0.3017312 0.9085261 -0.1392031 -0.393958 0.8566523 0.02783387 -0.515143 0.845756 0.04046678 -0.532033 0.9678469 -0.01614373 -0.2510216 0.933986 -0.002662539 -0.3572998 0.9831047 -0.05516976 0.174532 0.9958027 -0.01483231 -0.09031683 0.9678848 -0.01616245 -0.250874 0.9593996 -0.2611346 -0.1065888 0.9340482 -0.00265938 -0.3571368 0.9957978 -0.01482087 -0.09037345 0.9666578 0.02861773 -0.2544679 0.9812323 -0.08397072 -0.1735862 0.9844632 0.1635442 -0.06391763 0.9974796 0.04823005 -0.05204308 0.975412 0.1976506 0.09749668 0.8423175 0.5333879 0.07745003 0.9305217 0.2793001 -0.2368982 0.9844391 0.1636803 -0.06394225 0.815906 0.5458117 -0.1907536 0.8335171 0.04945951 -0.5502755 0.8726201 0.02753663 -0.4876228 0.937663 -0.02716904 -0.3464825 0.8478323 -0.02290159 -0.5297698 0.9039669 0.0832045 -0.4194294 0.8511385 -0.03099989 -0.524025 0.8519292 0.1622415 -0.49789 0.8293946 0.08025127 -0.5528693 0.6764941 0.08809047 -0.7311606 0.5490362 0.1994271 -0.8116577 0.4343124 0.0108838 -0.9006966 0.5612118 0.02653276 -0.8272469 0.4827089 0.005886971 -0.8757612 0.5061801 -0.1781604 -0.8438249 0.5612993 0.02650481 -0.8271884 0.8558053 -0.166199 -0.4898725 0.8924574 -0.0469526 -0.4486818 0.5613873 0.02654314 -0.8271275 0.8852413 0.02974617 -0.4641801 0.9859948 0.02214097 -0.1653001 0.9931496 -0.1116954 -0.03432136 0.9678564 0.02012121 0.2506977 0.9678154 0.02007502 0.2508592 0.6702126 0.009539306 0.7421079 0.5968117 -0.1628672 0.7856781 0.5896193 0.006051182 0.8076586 0.7395564 -0.02417343 0.6726604 0.5716052 0.1152965 0.8123881 0.5411942 0.2497118 0.8029651 0.5897383 0.003443658 0.8075872 0.7413504 0.2212261 0.6336076 0.8097102 -2.86735e-4 0.58683 0.7434834 0.2732743 0.6103718 0.6178396 0.002904713 0.7862988 0.5212009 0.2321748 0.8212458 0.3907318 0.005713403 0.9204868 0.3158104 0.03191047 0.9482856 0.1401066 -1.00276e-6 0.9901365 0.07303613 0.1288692 0.9889684 -0.1251555 5.36043e-4 0.992137 -0.1927263 0.07967764 0.9780124 -0.3815444 0.0044986 0.9243396 -0.4075224 0.2639908 0.8742051 -0.4160279 -1.54795e-4 0.909352 -0.2675452 0.2849787 0.9204384 -0.1104213 0.006808817 0.9938616 -0.08987492 0.1907173 0.977522 -0.1208433 -0.2097179 0.9702656 -0.06352448 0.007124602 0.9979549 -0.1204173 -0.3158681 0.9411307 -0.1375563 -0.2467382 0.9592699 -0.201811 -0.4130086 0.8880857 -0.1011312 -0.5556057 0.8252726 -0.3898336 -0.2731047 0.8794564 -0.1416296 0.3185656 0.9372604 -0.08986854 0.6171348 0.7817086 -0.06439471 0.6727045 0.7371039 -0.1166515 0.7758105 0.6200892 -0.3973529 0.5937191 0.6997202 -0.2751744 0.7442442 0.6085883 -0.2302497 0.798087 0.5568143 -0.3001246 0.7216792 0.6237823 -0.3536553 0.6461749 0.6763033 -0.09936988 0.8192745 0.5647255 -0.06364107 0.7852114 0.6159487 -0.07483893 0.546373 0.8341916 -0.1036844 0.2615568 0.9596028 -0.06378734 0.4617084 0.8847353 0.243121 0.3833891 0.8910135 0.2834014 0.28863 0.9145362 0.07303458 0.1288352 0.9889729 -0.1036013 0.2615578 0.9596116 0.511748 -0.0571146 0.8572351 0.3158546 0.031825 0.9482738 0.2724834 0.1855289 0.9441037 0.5388845 0.7077903 0.4567674 0.4839013 0.7555422 0.4415832 0.5271924 0.3076186 0.7921105 0.2964293 0.779438 0.5519112 0.1939368 0.4920026 0.8487179 0.2964059 0.779389 0.551993 0.2431936 0.3834742 0.8909571 0.1083427 0.8285438 0.5493423 0.3018819 0.8660597 0.3985071 0.22776 0.92212 0.3127619 0.07258069 0.9812092 0.1787757 0.241198 0.9551267 0.1719202 0.1419736 0.9896702 0.01991248 -0.2006905 0.972131 0.1211801 -0.2752224 0.9613764 0.002857327 -0.5502981 0.8349531 0.005038321 -0.5503334 0.83493 0.005016326 -0.2485337 0.9651425 0.08204275 -0.413091 0.8607778 0.2973508 -0.413051 0.8607431 0.2975066 -0.2007089 0.9721202 0.1212369 0.006551921 0.9336308 0.3581768 -0.2193404 0.7427194 0.6326592 -0.5155821 0.8567689 0.01106196 0.0536946 0.9973006 0.0500859 0.1420393 0.989659 0.019997 0.03697019 0.9568226 0.2883118 0.4285531 0.901372 0.06221729 0.5910866 0.6711578 0.4473966 0.5677179 0.7120091 0.4132065 0.5387823 0.7078937 0.4567277 0.5910723 0.6711574 0.4474164 0.5426822 0.6669921 0.5105072 0.4252397 0.5267603 0.7359992 0.3644514 0.6638471 0.6530562 0.5426512 0.666986 0.5105481 0.2486922 0.7177382 0.6503876 0.5016632 0.3407201 0.7951377 0.8669794 0.009531617 0.4982529 0.9465624 0.01387465 0.3222222 0.9252141 0.1107692 0.3629175 0.8342312 0.3035914 0.4603158 0.9251707 0.1109212 0.3629819 0.6241591 0.5856862 0.5171046 0.914236 0.1745983 0.3656337 0.6136144 0.6314002 0.4741428 0.8093817 0.1092671 0.5770286 0.9021629 -0.007294774 0.4313338 0.7025705 -0.1117718 0.7027814 0.8080422 0.002313375 0.5891202 0.8106229 0.09524738 0.5777704 0.6966674 0.4557583 0.5540208 0.810575 0.09538161 0.5778154 0.6372803 0.5857824 0.5007325 0.6231669 0.4909461 0.6087979 0.9298995 -0.02000731 0.3672692 0.9544594 -0.07207298 0.2895042 0.8495971 -0.1371441 0.50929 0.9505058 -0.1468461 0.2738156 0.989024 -0.1211718 0.08455228 0.9299334 -0.01995402 0.3671863 0.9973828 -0.008544266 -0.0717951 0.8496161 -0.1373128 0.5092129 0.9559505 -0.2755039 0.1012734 0.7816262 -0.5192927 0.3455371 0.849644 -0.1372817 0.5091748 0.7263885 -0.4554386 0.514719 0.7178961 -0.2966591 0.6297767 0.717609 -0.3902639 0.5768288 0.6735389 -0.6015862 0.4294642 0.5081375 -0.4461433 0.7367174 0.546862 -0.2997822 0.7817114 0.7262996 -0.4555042 0.5147862 0.2233313 -0.4167273 0.8811705 0.4453672 -0.5713548 0.6893488 0.1683708 -0.5694841 0.8045739 0.1185517 -0.544135 0.8305796 0.3243041 -0.2874914 0.9012078 0.2231789 -0.4167213 0.881212 0.075419 -0.1915636 0.9785782 0.1441587 -0.09817588 0.9846725 0.2992078 -0.009439706 0.9541413 0.3646723 0.0421741 0.9301804 0.1442401 -0.09804058 0.984674 0.3161407 0.3053926 0.8982152 0.3069338 0.1054034 0.9458763 0.3160935 0.3054168 0.8982236 0.4215382 0.4489256 0.7878905 -0.02874863 -0.2322492 0.9722315 0.06161648 0.01292622 0.9980162 0.1590507 -0.2368088 0.958449 0.1773319 -0.1963221 0.9643709 0.4929622 -0.1600952 0.8551946 0.3582347 -0.1283586 0.924766 0.7410084 -0.13685 0.657403 0.7024894 -0.1117675 0.7028632 0.7178247 -0.2965301 0.6299187 0.6038849 -0.20348 0.7706614 0.7025001 -0.1117721 0.7028518 0.586458 -0.06382858 0.8074608 0.9246627 0.11719 0.3623059 0.8978059 -0.1941038 0.395308 0.9636417 -0.1846083 0.1931698 0.8771408 -0.1312234 0.4619572 0.8910861 -0.264804 0.3685711 0.9710791 -0.1812068 0.1554659 0.993362 -0.05054283 0.1033318 0.9785952 -0.08921146 0.1854529 0.9906827 -0.1096353 -0.08079594 0.9710859 -0.1812494 0.1553736 0.9906701 -0.1096551 -0.08092367 0.9820218 -0.146186 -0.1194277 0.8818215 0 0.4715834 0.7620823 -0.1070634 0.6385671 0.8152599 -0.395199 0.4232835 0.7241597 -0.5611284 0.4009087 0.8910593 -0.2648869 0.3685763 0.9269759 -0.3482306 0.1394677 0.8153312 -0.3951639 0.4231792 0.9500582 -0.2897788 0.115835 0.8791803 -0.4325575 -0.19984 0.8385078 0.1348826 0.5279312 0.7349492 0.2102894 0.6446923 0.7943177 0.4406731 0.4181705 0.7910433 0.4602165 0.4030525 0.9142969 0.1744633 0.3655461 0.924661 0.1172111 0.362303 0.9635669 0.1473561 0.2232153 0.9921966 0.02091646 0.1229165 0.9922108 0.02091622 0.1228019 0.9805663 0.03537166 0.192973 0.982564 0.1380504 -0.1245396 0.9922177 0.02095568 0.1227391 0.943711 0.3063165 -0.1248196 0.9704521 0.1232399 -0.2074483 0.9764831 -0.06772953 -0.2046793 0.9708285 0 -0.2397752 0.9074569 0.09789091 -0.4085821 0.8754927 0.4429789 -0.1930862 0.7790432 0.5923072 -0.2055823 0.8898792 0.4118484 -0.1962038 0.7681049 0.6170638 0.1710184 0.8755411 0.4429475 -0.1929387 0.928219 0.3108633 0.2043859 0.794406 0.4406717 0.4180045 0.946505 -0.1268454 -0.2967129 0.8840721 -0.1857734 -0.4288414 0.8791471 -0.4325601 -0.1999807 0.9415376 -0.3151515 -0.1191074 0.927754 -0.1166594 -0.3544901 0.8815792 -0.3083863 -0.3573738 0.8883317 -0.1630306 -0.4292878 0.7960911 -0.009005248 -0.6051098 0.708736 0.04817217 -0.7038273 0.6766068 0.1467041 -0.7215824 0.5576454 -0.00252825 -0.8300756 0.6765083 0.1468479 -0.7216455 0.5656803 -0.1304153 -0.8142468 0.6299651 0.1724545 -0.7572341 0.5574977 -0.002518832 -0.8301746 0.508996 -0.1022509 -0.8546742 0.2504787 -0.1012119 -0.9628171 0.2803089 0.01059496 -0.9598515 9.00268e-5 -0.1411044 -0.9899948 0.006596744 -0.1196724 -0.9927915 -0.2290733 -0.1819438 -0.9562541 -0.1166042 -0.1110225 -0.9869536 -0.3318352 -0.08003175 -0.9399364 -0.2825582 -0.219879 -0.9337099 -0.4341181 -0.08704048 -0.8966412 -0.5100611 -0.1534001 -0.8463487 -0.6738258 -0.08916294 -0.733491 -0.7594277 -0.03363925 -0.6497215 -0.891609 -0.05453956 -0.4495097 -0.8699855 -0.1547634 -0.4681599 -0.7594799 -0.03367805 -0.6496585 -0.9067091 -0.03804373 -0.4200374 -0.8916598 -0.05454856 -0.4494077 -0.8699668 -0.1548313 -0.4681722 -0.5799813 -0.5295248 -0.6190519 -0.9454647 -0.2782409 -0.1693477 -0.8382385 -0.5405374 -0.0719406 -0.6953788 -0.7177032 0.03674679 -0.7594094 -0.6488475 0.04789996 -0.9608284 -0.2088559 0.1821764 -0.9829158 0.08755743 0.1618959 -0.9148979 0.339127 0.218986 -0.8842838 0.4298814 0.1823303 -0.6972796 0.7155574 0.04217505 -0.2335813 0.9722343 0.01415693 0.1248062 0.9921812 1.88963e-4 0.1247935 0.9921827 1.71829e-4 0.005627274 0.9999843 1.59147e-4 -0.264631 0.9634958 -0.04057335 -0.1761396 0.9843446 0.006365537 -0.1176789 0.9911387 0.06161069 -0.06752288 0.9954761 0.06684476 -0.1143729 0.9804149 0.1603291 -0.3537986 0.8470986 0.3965482 -0.6030811 0.4991962 0.6221708 -0.7669313 0.1502143 0.6239008 -0.827388 0.02798688 0.5609331 -0.8679113 -0.1966724 0.456125 -0.7490981 -0.1679171 0.6408244 -0.1539157 -0.4357763 0.886797 -0.1081135 -0.4411825 0.8908814 0.03782474 -0.03743821 0.9985828 0.1515663 -0.005315184 0.9884329 -0.2147023 -0.01000487 0.9766283 -0.3389756 0.1414657 0.9300984 -0.3707672 0.005369842 0.9287104 -0.6178412 0.3287119 0.7142975 -0.5206788 0.3019931 0.7985574 -0.3707773 0.005384147 0.9287062 -0.8023497 0.00460416 0.5968366 -0.6484645 -0.03748714 0.7603215 -0.7925073 -0.1863871 0.5806826 -0.7762149 -0.1317279 0.6165536 -0.8176568 -0.001378953 0.5757044 -0.8061826 -0.08562815 0.5854378 -0.6757619 -0.2927178 0.6765074 -0.5448787 -0.4795604 0.6878439 -0.4995838 -0.4506271 0.7398318 -0.5144146 -0.4460269 0.7324191 -0.4700267 -0.5428231 0.6960014 -0.2250477 -0.8787879 0.4208152 -0.05776798 -0.9954597 0.0756489 -0.1224734 -0.9798768 0.1576131 -0.1225963 -0.9798329 0.1577899 -0.3017866 -0.9444589 0.1300855 -0.3495959 -0.890644 0.290751 -0.5936833 -0.7972909 0.1089385 -0.04084557 -0.9880594 0.1485614 -0.2249097 -0.8787997 0.4208643 -0.2935236 -0.5682799 0.7687016 -0.05476713 -0.482766 0.8740352 -0.006713271 -0.4052815 0.9141674 -0.6455587 -0.5941852 0.4797894 -0.1437058 -0.8422752 0.5195395 -0.09126466 -0.8336189 0.5447479 -0.3003882 -0.8966684 0.3251968 -0.6241205 -0.6779903 0.3883334 -0.8767142 -0.4269264 0.2215991 -0.9780344 -0.2021484 0.05084192 -0.9437031 -0.326097 0.05554729 -0.9907595 -0.1356101 0.00234127 -0.9818667 -0.1780678 0.06503653 -0.9830214 -0.08811336 0.1609508 -0.9215306 -0.3831806 0.06288236 -0.9554447 -0.173404 0.2388649 -0.4957349 -0.7591027 0.4219123 -0.2991244 -0.8494953 0.4346061 -0.1436146 -0.790185 0.5958042 -0.2990599 -0.8494558 0.4347278 -0.1037933 -0.9430099 0.3161637 -0.03138941 -0.9233869 0.3825854 0.07435911 -0.9756736 0.2062324 0.1078425 -0.984598 0.1376113 0.1434177 -0.9850773 0.09515321 0.3489215 -0.9238862 0.1571245 0.8030354 -0.06516218 -0.5923581 0.7223368 -0.3052195 -0.6205407 0.8625071 0.03614497 -0.5047526 0.7794865 0.1563933 -0.6065824 0.718876 0.2024247 -0.6650125 0.725003 0.1562188 -0.6707953 0.7689533 0.1835319 -0.6123944 0.946211 0.01146894 -0.3233469 0.8747751 -0.2130483 -0.4351769 0.8326966 -0.2261496 -0.5054432 0.7408111 -0.1432523 -0.6562606 0.7175117 -0.1831846 -0.6720271 0.6902261 -0.1573238 -0.7062841 0.8223161 -0.02157396 -0.5686221 0.8369382 -0.001234829 -0.5472962 0.8179636 0.1263781 -0.5612167 0.6935269 0.4640384 -0.5510799 0.5298842 0.4993744 -0.6854546 0.631694 0.1744311 -0.7553388 0.7086387 0.04816341 -0.7039259 0.5282534 -0.03119468 -0.8485136 0.6672018 0.1249689 -0.7343191 0.6730609 0.3760643 -0.6368397 0.6892978 0.04577076 -0.7230309 0.7018937 -0.09639084 -0.7057295 0.518399 -0.4602476 -0.7207182 0.2266444 -0.5098445 -0.8298742 -0.04583305 -0.298632 -0.9532671 -0.4177107 -0.0804283 -0.9050133 -0.7620143 -0.1088142 -0.6383525 -0.2755309 -0.4263004 -0.8615978 -0.2571436 -0.3045588 -0.9171266 -0.274057 -0.1641615 -0.947599 -0.2247166 -0.1243526 -0.966457 -0.421815 -0.4191291 -0.8039919 -0.4273768 -0.4842336 -0.7634574 0.08786058 -0.07705223 -0.9931483 0.06852561 -0.1656107 -0.9838076 -0.1367717 -0.4735743 -0.8700696 -0.1506754 -0.5831978 -0.798234 -0.2246674 -0.1244339 -0.9664579 -0.4272137 -0.4842832 -0.763517 0.3747665 -0.3157064 -0.8717107 0.4534043 -0.2637392 -0.8513908 -0.1367391 -0.4735851 -0.8700689 0.5620224 -0.5001687 -0.6587581 0.4694204 -0.3251202 -0.8209393 0.5621027 -0.5002076 -0.6586601 0.81585 -0.3258054 -0.4777442 0.7694186 -0.5903373 -0.2439202 0.3942843 -0.1873708 -0.8996844 0.08798217 -0.07704955 -0.9931377 0.4535033 -0.2635907 -0.8513841 0.6814169 -0.02083909 -0.7315988 0.6815434 -0.02083629 -0.731481 0.5210264 -0.2064288 -0.8282021 0.8275532 -0.2214536 -0.5158626 0.9702449 -0.01716971 -0.2415162 0.9869624 -0.1512817 -0.05494594 0.9526148 -0.1723364 -0.2506498 0.9604913 -0.2651311 -0.08462864 0.987123 -0.159495 -0.01223909 0.9997051 -0.01961225 -0.01432687 0.9869691 -0.1512578 -0.05489349 0.9794865 -0.08106017 0.1844869 0.970286 -0.01713967 -0.2413534 0.9997048 -0.01960694 -0.01435351 0.9957083 0.07256686 -0.05743891 0.2346713 -0.903816 -0.3578355 0.2080751 -0.7248328 -0.6567512 -0.5386105 -0.2917559 -0.7904286 -0.6196939 -0.2466129 -0.7450916 -0.08462589 -0.6667136 -0.7404941 -0.6196751 -0.246805 -0.7450436 -0.4318327 -0.7304834 -0.5290696 -0.6818163 -0.3913172 -0.6180595 -0.6197552 -0.2467057 -0.74501 -0.8896087 -0.1590448 -0.428137 0.3924013 -0.8615815 -0.3220226 0.6148529 -0.6401746 -0.4605782 0.3534818 -0.8876945 -0.2950407 0.4209045 -0.8689182 -0.2604241 0.3923923 -0.8615953 -0.3219965 0.1382638 -0.9866314 -0.08626484 0.1808002 -0.961001 -0.2092567 0.6148119 -0.6401329 -0.4606912 0.4433819 -0.576621 -0.6862367 0.6352469 -0.1241312 -0.7622681 -0.7016984 -0.2032725 -0.6828615 -0.7621213 -0.1088237 -0.6382231 -0.9581018 -0.1247047 -0.2578561 -0.9927238 -0.1140461 -0.03864181 -0.7620819 -0.1088448 -0.6382666 -0.8927882 -0.364715 0.2644092 -0.1519417 -0.8146365 -0.5597152 -0.2674888 -0.7801489 -0.5655241 -0.2162936 -0.5191252 -0.8268773 -0.1849737 -0.6968362 -0.6929676 -0.2571466 -0.304673 -0.9170878 -0.1809969 -0.5899176 -0.7869164 -0.2740393 -0.1643368 -0.9475737 0.09640997 -0.2289668 -0.9686483 -0.09936594 -0.8505219 -0.516468 -0.05633556 -0.65529 -0.7532739 0.2714222 -0.902633 -0.3340413 -0.636184 -0.2793086 -0.7192057 -0.8259661 -0.4167492 -0.3796054 -0.7149122 -0.6266365 -0.3102051 -0.4641266 -0.8842177 -0.0523988 -0.4639795 -0.8842968 -0.05236768 -0.6382331 -0.7686734 0.04242408 -0.2970666 -0.9548255 -0.007740259 -0.4145802 -0.9070475 0.07340383 -0.6952547 -0.717823 0.03675657 -0.6488866 -0.7282795 0.2203521 -0.8345884 -0.4456914 0.3237612 -0.6953602 -0.7177185 0.03680396 -0.9608238 -0.2088609 0.1821941 0.50571 0.5105339 -0.6954226 0.7387179 0.318419 -0.5940582 0.5407609 0.3705395 -0.7551677 0.592053 0.2967506 -0.7492746 0.6228678 0.3110003 -0.7178541 0.7782748 0.4398416 -0.4481381 0.9133219 0.2683315 -0.3063353 0.9836771 0.1294848 0.1249526 0.9877921 0.1510694 0.03801184 0.9462145 0.01146525 -0.323337 0.9932832 -0.1089587 0.03894573 0.9877853 0.1511196 0.0379877 0.9435065 0.312559 0.1100108 0.8847531 0.4660522 0.002709746 0.7716215 0.6317707 -0.07393383 0.7716656 0.6317316 -0.07380741 0.835923 0.4987076 0.2291803 0.6270782 0.7565782 0.1853711 0.6641026 0.60957 -0.4328883 0.6131483 0.7855148 -0.08375984 0.697357 0.6723164 0.2483625 0.7225933 0.6911048 -0.01526695 0.7716556 0.631733 -0.07389926 0.6518422 0.7533921 0.08661508 0.6973894 0.6722853 0.2483555 0.6270867 0.7565841 0.1853187 0.5659017 0.7896027 0.2372403 0.6131409 0.7855268 -0.08370143 0.7224757 0.6912277 -0.01526933 0.7561008 0.6540422 0.02324998 0.6774455 0.732846 0.06327933 0.9235386 0.3398253 0.1777508 0.4514003 0.8807497 0.1432403 0.4827366 0.8638725 -0.1438395 0.5319492 0.7248637 -0.4377245 0.3549861 0.8289844 -0.4321688 0.2264062 0.9695472 -0.093373 0.1059163 0.9772823 -0.1835787 0.1783206 0.9839609 0.004762589 0.2674124 0.9635685 0.005141854 -0.03980004 0.9916107 -0.1229812 0.2040053 0.9789692 -0.00108236 0.2041611 0.9789367 -0.001088559 0.3493205 0.9369276 -0.01191323 0.2710175 0.9506809 0.1508491 0.6744138 0.734267 0.07757645 0.3493639 0.9369111 -0.01194155 0.8754932 0.4790969 0.06307077 0.05637484 0.9631612 -0.2629498 -0.1986903 0.9292503 -0.311474 -0.1088257 0.9940087 0.01018679 0.1568232 0.9764699 0.1480302 0.0416972 0.9868087 0.1564293 -0.1525058 0.9822949 0.1088063 -0.1737595 0.9694099 0.1733559 -0.02779036 0.993793 0.1077179 -0.1103134 0.9936998 -0.01979351 0.09983271 0.9948166 -0.01932823 0.2200008 0.9726312 0.07475495 0.3083345 0.9512721 -0.003382802 0.3663925 0.9295622 0.04087477 0.3828346 0.9222482 -0.05381458 -0.2793047 0.9601611 -0.008927583 -0.2793913 0.9569056 -0.07919812 -0.3558822 0.9031046 -0.2403122 -0.2880843 0.9342995 -0.2099811 -0.3559241 0.9030832 -0.2403306 -0.3299601 0.8835034 -0.3324877 -0.4333786 0.9006324 -0.03231638 -0.3929734 0.8899233 0.2315347 -0.2892102 0.9517989 0.1021588 -0.4116147 0.9067577 0.09145414 -0.6070406 0.7902672 0.08354365 -0.5396969 0.8034355 0.2514337 -0.886316 0.4221887 0.1902652 -0.2441524 0.9679588 -0.05869817 -0.3035109 0.9526474 0.01854944 -0.3383487 0.9403711 0.03496223 -0.3742266 0.9262792 -0.04428845 -0.4607721 0.8808705 0.1084268 -0.5064501 0.8548427 -0.112926 -0.6341505 0.7729871 -0.01855194 -0.604256 0.7783869 -0.1702605 -0.7275946 0.6706185 -0.1444889 -0.7954767 0.6058213 -0.01406121 -0.861875 0.504013 -0.05605906 -0.8522983 0.4656773 -0.2381852 -0.8938914 0.4482589 -0.004713714 -0.9606738 0.2758571 -0.03176164 -0.9087483 0.2666072 -0.3210877 -0.9733006 0.02719926 -0.2279171 -0.9765081 0.1803548 -0.1179156 -0.9934953 0.1122479 -0.01917195 -0.9843207 -0.09882193 -0.1461068 -0.9679642 -5.53725e-4 0.2510877 -0.8155323 0.04765886 0.5767458 -0.9945824 -0.01486742 0.1028828 -0.759958 0.001899659 0.6499695 -0.7042908 -0.07013523 0.7064387 -0.895552 -0.4146723 -0.1613491 -0.8078161 -0.5687489 -0.1547836 -0.9649451 -0.1997345 -0.1702558 -0.9423223 -0.322462 -0.08970469 -0.9990255 -0.04226183 -0.0127294 -0.970552 -0.05844634 0.233694 -0.9949612 -0.01768517 0.09868872 -0.8936616 -0.1042859 0.4364556 -0.9346466 -0.08207029 0.3459771 -0.7886062 -0.1838301 0.5867766 -0.8643505 -0.4286954 0.2629042 -0.7826383 -0.3885795 0.4862955 -0.942926 -0.2998756 0.1447939 -0.7849364 -0.5554565 0.2744864 -0.8251501 -0.5623442 0.05381798 -0.9740583 -0.2224709 0.04143762 -0.8800223 -0.4692369 0.07333195 -0.6227707 -0.7812412 0.04264742 -0.4483304 -0.8909655 0.07197606 -0.584043 -0.799061 0.142813 -0.03471714 -0.984046 0.1744946 -0.1077159 -0.9941709 0.004633009 -0.001736044 -0.9999685 -0.007747471 0.143946 -0.985414 -0.0907678 0.05337852 -0.9963414 0.06674271 0.104256 -0.8710653 0.4799749 0.1488396 -0.7890325 0.5960492 -0.03469997 -0.9840213 0.1746371 0.005639255 -0.6588943 0.7522144 0.03585851 -0.859952 0.5091137 0.05342668 -0.9963344 0.06680893 0.1766185 -0.8281254 0.5319911 0.3205725 -0.9403705 0.11374 0.1698806 -0.9547611 0.2440735 0.1469784 -0.9866529 -0.07009512 0.01431715 -0.9699712 -0.2427982 0 -1 0 0 -1 0 0 -1 0 -0.2292389 -0.9724678 0.04190289 -0.005416035 -0.9999833 -0.002062678 -0.1817138 -0.9787086 0.09544396 -0.3275931 -0.9317203 0.1567805 -0.2663049 -0.9415019 0.206533 -0.2093093 -0.9600432 0.1857597 -0.2061534 -0.9779911 0.03216052 -0.2946298 -0.9203135 0.2573254 -0.307982 -0.7461025 0.5903204 -0.4653801 -0.8708328 0.1583406 -0.9980765 0.05061823 0.03579384 -0.9945121 -0.06404596 0.08272802 -0.9882819 0.139536 0.06187564 -0.9753927 0.1088878 0.1917099 -0.9461241 -0.01758921 0.3233263 -0.8581108 0.2385991 0.4546608 -0.9099564 0.3387465 0.2392283 -0.8133229 0.5466442 0.1992142 -0.8461112 0.3079225 0.4350628 -0.5207806 0.7801595 0.3466106 -0.6919116 0.5119063 0.509127 -0.858012 0.2386454 0.4548228 -0.6540296 0.2614077 0.7098671 -0.6969215 0.269368 0.6646363 -0.6634473 0.1789274 0.7265141 -0.4037883 0.04751318 0.9136179 -0.6785533 0.02362328 0.7341712 -0.678645 0.02354055 0.7340891 -0.8678584 0.1440648 0.4754654 -0.9460809 -0.01771891 0.3234456 -0.4064113 -0.1151726 0.9064024 -0.6333748 0.3235901 0.7029408 -0.4361476 0.1170269 0.8922332 -0.1012889 0.1569374 0.9824008 -0.9902085 0.1332352 -0.04166054 -0.9764877 0.2151445 0.01359373 -0.9823431 0.1870564 0.003478407 -0.9658967 0.2035827 -0.1599928 -0.989763 0.1410085 0.02204376 -0.9907889 0.1183563 -0.06579679 -0.9753509 0.1304352 0.1779815 -0.9753347 0.1304833 0.1780351 -0.9661696 0.1968774 0.1666004 -0.9048444 0.1272787 0.4062718 -0.9511657 0.04779899 0.3049575 -0.9934316 0.07695603 0.08468353 -0.9449812 0.2179312 -0.2439606 -0.9512695 0.2348628 -0.1998144 -0.709819 0.470024 -0.524628 -0.8249202 0.248313 -0.5077867 -0.302843 0.1909325 -0.9337189 -0.5589286 0.5117315 -0.6524797 -0.2690353 0.2817771 -0.9209895 -0.05814635 0.1062985 -0.9926328 -0.02865475 0.0358439 -0.9989465 -0.1910495 0.09160524 -0.9772966 -0.45433 0.2344464 -0.8594296 -0.09189337 0.2595079 -0.9613591 -0.1074232 0.3179553 -0.9420005 -0.07716679 0.4180791 -0.9051272 -0.1499448 0.4802089 -0.864243 -0.5314226 0.4702647 -0.7045857 -0.1505781 0.6362816 -0.7566187 -0.07472836 0.5402565 -0.8381758 -0.02906614 0.6040143 -0.7964434 -0.09414005 0.658635 -0.7465505 -0.02591443 0.6565197 -0.7538637 -0.01344716 0.7066912 -0.7073943 -0.01345652 0.7066963 -0.707389 -0.01239579 0.6627383 -0.7487485 -0.1113067 0.6745519 -0.7297881 -0.1434046 0.7064992 -0.6930325 0.03413301 0.8471441 -0.5302658 0.03422868 0.8471388 -0.5302684 0.04802715 0.6687908 -0.7418978 0.3498278 0.7430481 -0.5705263 -0.06756281 0.8377697 -0.5418278 0 0.8692958 -0.4942923 0.05956083 0.8175331 -0.5727934 0.05971163 0.8160738 -0.5748549 0.1701446 0.834236 -0.524501 0.1274908 0.92163 -0.3665303 -0.01710724 0.9851278 -0.1709702 -0.2392125 0.9386978 -0.2482417 0.08716213 0.9918543 -0.09288644 -0.005319237 0.9776501 -0.2101716 -0.09678155 0.994287 -0.04501998 -0.005348086 0.9776517 -0.2101637 -0.0968073 0.9942831 -0.04504972 -0.184486 0.9681366 -0.1693416 0.007142364 0.9799237 -0.199245 0.2291937 0.9729974 0.02732276 0.01059699 0.994724 -0.1020392 0.1236926 0.9916164 0.03738003 0.3025225 0.9528183 0.02484667 0.1145991 0.9931913 -0.02093154 0.1135042 0.986085 -0.1214632 -0.004887938 0.9999881 -1.31122e-4 0.1135088 0.9860851 -0.1214584 -0.004885375 0.9999881 -1.3092e-4 -0.05538678 0.988671 -0.1395062 -0.1116538 0.9918208 0.0618456 -0.1044154 0.9944697 -0.01128834 0.001107871 0.999936 -0.01126116 -0.007391631 0.9950889 -0.09870964 -0.09693002 0.9942735 -0.04499953 0.07353508 0.9845027 -0.159208 0.006181776 0.9998639 -0.01530337 -0.001116573 0.9999943 -0.003188312 -0.006897926 0.9999759 -8.6485e-4 0.04336225 0.9990546 -0.003111839 -0.3734448 0.9272621 0.02690631 -0.3149294 0.9491147 8.86845e-4 -0.4478185 0.8932802 -0.03884887 -0.3164806 0.9136875 -0.2549809 -0.4966395 0.8347522 -0.2377773 -0.6734966 0.6240568 -0.3961763 -0.4576644 0.8882055 0.04042804 -0.5155799 0.8136994 0.2684599 -0.2300478 0.9710938 0.06367832 -0.1862213 0.9546247 0.2324079 -0.3961821 0.7669827 0.5047549 -0.5785515 0.7203 0.3826828 -0.428614 0.4445968 0.7865265 -0.4617765 0.8811957 -0.1012753 0.1528457 0.983753 -0.09417104 -0.05242574 0.9983578 0.02309292 0 1 0 0.06183207 0.9963968 0.0580542 -0.1121729 0.9920824 0.05647897 0.1090717 0.9236863 0.3672967 -0.05249053 0.9983527 0.02316594 -0.2957724 0.9529842 0.06587809 -0.5509195 0.8345566 0.00178045 -0.03418719 0.9932203 -0.111107 -0.1532326 0.9740892 0.1663435 0.05011361 0.9889654 0.1394136 0.03233486 0.9986816 -0.03987109 0.1146223 0.9931887 -0.0209279 0.1146996 0.9931793 -0.02095443 0.1205911 0.9850426 -0.1230816 0.2482405 0.9400445 -0.2338656 0.1483516 0.9725516 -0.1792634 0.03232455 0.9986823 -0.03986233 0.02209359 0.9824613 -0.1851528 0.003300964 0.9999336 -0.01104635 -0.002586305 0.998877 -0.04730862 0.003784835 0.9832302 0.18233 0.003308534 0.9958215 0.0912615 -0.1558619 0.9764235 -0.1493467 -0.1862109 0.981204 -0.05064004 0.005945742 0.9930477 0.1175627 0.008849978 0.9999541 0.003694891 0.0135734 0.9923198 0.1229521 0.1006518 0.9949126 0.004281222 0.01358038 0.9923187 0.1229605 0.1006533 0.9949125 0.004279315 0.2055209 0.9749322 0.08525562 0.195807 0.9806407 0.001919806 0.2408439 0.9693892 -0.04773724 0.1958412 0.9806339 0.001847565 0.4762327 0.8787718 -0.03102803 0.3493072 0.9136791 -0.2077862 0.2385742 0.9078286 -0.3448616 0.2385111 0.907823 -0.34492 0.2487947 0.9480214 -0.1983851 0.09689056 0.9327777 -0.3471858 -0.1118258 0.9899939 -0.08606463 -0.1352754 0.9847708 0.1092104 0.05007082 0.9938758 0.09850901 0.3440651 0.8588207 0.3795346 0.4577935 0.7646605 0.4535632 0.2293327 0.9729619 0.02741634 0.6686374 0.6533572 0.355033 0.451695 0.8910471 0.04479795 0.3841712 0.9113376 -0.147906 0.3789543 0.9230883 0.06558859 -0.01311856 0.9431356 -0.3321497 -0.3121845 0.9380424 -0.1503911 -0.3634032 0.9313941 0.02105772 -0.00929284 0.9999567 7.05939e-4 0.04911643 0.9987738 0.006223142 0.1957108 0.9806597 0.001923561 0.02032089 0.9923809 0.1215207 -0.009225368 0.9812673 -0.1924309 -0.1796465 0.9836913 0.008858561 -0.2947018 0.9543976 0.04770952 -0.3450635 0.922946 0.1705928 0.6991506 0.7051566 0.1180789 0.6687118 0.6533033 0.3549921 0.6020035 0.7955973 0.06794756 0.699153 0.7051758 0.11795 0.4516995 0.891048 0.0447359 0.7342548 0.6754569 -0.06802773 0.7342938 0.6754131 -0.06804263 0.7058301 0.70369 0.0813902 0.7133007 0.6707981 -0.2030569 0.8136108 0.4812412 -0.3262581 0.7342625 0.6754479 -0.06803405 0.4838601 0.8644623 -0.1363246 0.4484837 0.7681629 -0.4569336 0.9055347 0.2465693 -0.345269 0.5778877 0.5586581 -0.5949344 0.7376484 0.1694201 -0.6535838 0.6684167 0.4556509 -0.5878788 0.3881326 0.8300696 -0.4004219 0.296008 0.5298727 -0.7947416 0.2893024 0.2429826 -0.9258853 0.5778301 0.5586672 -0.5949819 0.1984926 0.5227355 -0.8290647 0.2959021 0.5298485 -0.7947971 0.09393543 0.938077 -0.3334484 -0.07939708 0.8691165 -0.4881932 -0.7090047 0.7051185 -0.01098036 -0.5513212 0.803327 0.2251906 -0.840175 0.4622045 0.2836776 -0.6131038 0.7699149 0.177017 -0.4618202 0.8869736 -1.30937e-4 -0.6131408 0.7699045 0.1769337 -0.7429434 0.6536275 -0.1442435 -0.005835413 0.9952355 -0.0973255 -0.1529698 0.9880427 0.01928514 0 1 -2.22771e-6 -0.1441283 0.9839193 -0.1054984 -0.09197473 0.9923273 0.08262735 -0.1861859 0.9812093 -0.05062723 -0.1529776 0.9880409 0.01931482 -0.2318604 0.9576929 0.1704846 -0.4013888 0.9119357 0.08520734 -0.09207457 0.9923176 0.08263337 -0.1296939 0.9697352 0.2068654 -0.1254257 0.9911491 0.04349458 0.001475095 0.9999948 -0.002898335 0.1204391 0.9784585 0.1676708 0.02034372 0.9923711 0.1215974 -0.02661281 0.999641 0.003136456 0.2385761 0.9646977 0.1115341 0.1958572 0.9806305 0.001997172 0.6298857 0.6880274 -0.3603641 0.1702046 0.834225 -0.5244989 0.7632534 0.5716881 -0.3010269 0.390353 0.7653146 -0.5117793 0.2085614 0.8148019 -0.5409251 0.1418302 0.6817761 -0.7176808 0.1689893 0.7439782 -0.6464822 0.02014708 0.7106341 -0.7032734 0.1378919 0.6848885 -0.7154814 0.2638282 0.8628721 -0.4310992 -0.281116 0.842298 -0.4599 0.2638278 0.8629518 -0.43094 -0.03768235 0.9457549 -0.3226885 -0.03222942 0.9893416 -0.1420019 -0.2811461 0.8423587 -0.4597704 -0.2147668 0.8336391 -0.508843 7.08043e-4 0.9815575 -0.1911665 -0.02592247 0.8122523 -0.5827301 -0.09225422 0.4933563 -0.8649213 -0.3284093 0.3940902 -0.8583941 -0.5321165 0.4428562 -0.7216166 -0.2148498 0.8335922 -0.5088848 -0.4482403 0.7235016 -0.525001 -0.4807166 0.3878004 -0.7864621 -0.4482206 0.7235051 -0.5250131 -0.8433431 0.3225923 -0.4297752 -0.8433943 0.3225459 -0.4297096 -0.6343091 0.5325133 -0.5604298 -0.725014 0.49989 -0.4737771 -0.8624158 0.3770955 -0.3376953 -0.9560973 0.2121498 -0.2021647 -0.9378167 0.04267096 -0.3444984 -0.7277461 0.3516334 -0.5888461 -0.03917551 0.1803444 -0.9828231 0.02453619 0.5506517 -0.8343745 0.1890728 0.4896289 -0.8511845 0.2127699 0.5692797 -0.7941344 0.04663145 0.8657898 -0.4982305 0.3481352 0.6078122 -0.7136991 0.189211 0.4896787 -0.8511252 0.4862812 0.5740475 -0.6587868 0.401089 0.5157172 -0.7570754 -0.006895065 0.2880753 -0.957583 0.4871377 0.5130624 -0.7067275 0.5829325 0.4252339 -0.6923626 0.3413777 0.6336405 -0.6942341 0.1523774 0.8909484 -0.427776 0.07620352 0.9104404 -0.4065606 0.1279589 0.9702621 -0.2054701 0.2896903 0.9093023 -0.2987454 0.09655469 0.8723384 -0.4792733 -0.1224363 0.9467605 -0.2977482 0.09649014 0.8722699 -0.4794109 -0.198651 0.9292392 -0.3115324 0.02220171 0.8440694 -0.5357744 -0.5460528 0.8316889 -0.1005994 -0.1643507 0.9861763 0.02109861 -0.05324029 0.9951534 -0.0826745 -0.1073829 0.9877555 -0.1131731 -0.08692288 0.9426556 -0.3222498 -0.2585105 0.918397 -0.2995318 -0.3883384 0.8402922 -0.3782888 -0.5293876 0.7129588 -0.4598246 -0.4358009 0.6471179 -0.6255527 -0.5001454 0.6847025 -0.5301292 -0.4192312 0.6134512 -0.6692705 -0.2758742 0.4601972 -0.8438673 -0.1952994 0.2861778 -0.9380621 -0.3599063 0.5465308 -0.7561559 -0.2399336 0.6254228 -0.7424812 -0.1562242 0.7687792 -0.6201393 -0.06388503 0.8207709 -0.5676741 0.02482134 0.8223485 -0.5684425 0.008799254 0.9073849 -0.4202087 -0.2452569 0.8126961 -0.5285586 -0.4116641 0.6227191 -0.6653975 -0.2257111 0.8606054 -0.4565227 -0.1346792 0.894692 -0.4258968 0.1188535 0.8613395 -0.4939313 0.3259133 0.7913019 -0.517322 0.05964928 0.8174628 -0.5728845 0.155161 0.6768314 -0.7196002 -0.1072717 0.7123765 -0.6935507 -0.07181376 0.8299919 -0.5531331 0 0.8880243 -0.4597967 0.05968141 0.8161132 -0.5748021 0.1152259 0.8617538 -0.4940685 0.194445 0.8320206 -0.5195506 0.4628695 0.6075264 -0.6454949 0.7455053 0.542557 -0.3871096 0.6821594 0.72341 -0.1064732 0.3302168 0.9406764 -0.0780062 0.200973 0.9742841 -0.1018837 0.1961107 0.9077932 -0.3707453 0.3390437 0.6462745 -0.6836511 0.3670188 0.8018042 -0.4716007 0.3536874 0.6005473 -0.7171111 0.1287369 0.6156541 -0.7774297 0.9725155 0.2312037 -0.02753901 0.7621743 0.640001 -0.09741199 0.7619437 0.6255535 -0.1677047 0.6942494 0.7081604 -0.1285564 0.7620645 0.640134 -0.09739798 0.9725418 0.2310932 -0.02754145 0.7292458 0.6548192 -0.1985262 0.9491649 0.2323877 -0.212325 0.9912201 0.1012989 -0.08497923 0.8957133 0.3803322 -0.2303152 0.8505555 0.4432211 -0.2830377 0.9912119 0.1012939 -0.08507996 0.8243224 0.3497632 -0.44515 0.850476 0.4433141 -0.2831313 0.7128668 0.5206555 -0.4698286 0.4630196 0.6074358 -0.6454725 0.3817538 0.6978956 -0.6059751 0.8163799 0.573014 -0.07196575 0.7620745 0.6401095 -0.09748011 0.8504994 0.4433511 -0.2830029 0.2639289 0.8628891 -0.4310036 0.3501918 0.837644 -0.4191879 -0.37904 0.768989 -0.5147666 -0.06105208 0.9712119 -0.230261 -0.5769445 0.8038196 -0.1449458 -0.3160796 0.9416859 -0.1154188 0.06144046 0.9927404 -0.1034008 0.06143712 0.9927477 -0.1033326 0.2895832 0.9301258 -0.2258489 0.1908805 0.9815185 -0.01364278 0.2897894 0.9092817 -0.2987121 0.5610978 0.8223985 -0.09396922 0.6897409 0.6615081 -0.2943885 0.3342063 0.8402636 -0.426923 0.3074175 0.8848178 -0.3501315 0.09659844 0.8722529 -0.4794201 0.8832032 0.3933739 -0.2553609 0.612384 0.5357786 -0.5813152 0.9162153 0.3189187 -0.2425711 0.5571885 0.6798413 -0.4768195 0.4983592 0.6997157 -0.5118947 0.4276188 0.7169208 -0.5506058 0.09533101 0.6908739 -0.7166627 -0.1087068 0.6840867 -0.7212547 -0.4967183 0.6075163 -0.6198346 -0.334183 0.6579691 -0.6748321 -0.2643648 0.80456 -0.5317845 -0.1537522 0.84563 -0.5111461 -0.07175606 0.8300742 -0.5530172 -0.06046754 0.9465299 -0.3168989 -0.02613425 0.8587347 -0.5117535 -0.4599828 0.7900977 -0.4051685 -0.02608531 0.8588197 -0.5116135 -0.4472841 0.8286485 -0.3365691 -0.1499458 0.9839044 -0.09720307 -0.1501124 0.9838815 -0.0971775 -0.5411216 0.7598469 -0.3603058 -0.6750685 0.7326696 -0.08647471 -0.5769483 0.8038305 -0.1448696 -0.4421731 0.8914914 -0.09862124 0.3407303 0.9320652 -0.1231151 0.8038924 0.5897996 -0.07677006 0.767219 0.6348637 -0.09123134 0.5903363 0.7450469 -0.3104969 0.8968542 0.4322867 -0.09370559 0.5231346 0.8072714 -0.2732089 0.8968041 0.4323767 -0.09377026 0.2983133 0.9091994 -0.290458 0.8322784 0.5296806 -0.1635575 0.8968753 0.4322419 -0.09371149 0.7634754 0.6205569 -0.1789257 0.6102338 0.6779292 -0.4099107 0.498364 0.6998092 -0.5117622 0.3296334 0.7643718 -0.554146 -0.2402743 0.9198294 -0.3101327 -0.3946136 0.851891 -0.3443283 -0.791689 0.6026081 -0.1004599 -0.7909125 0.6098519 -0.05038052 -0.2883667 0.9480497 -0.1343373 -0.07599472 0.974442 -0.211395 0.008839309 0.9073602 -0.4202611 -0.4192571 0.6135365 -0.669176 -0.746012 0.5739558 -0.3376996 -0.6753562 0.6254053 -0.3908482 -0.2502319 0.9209743 -0.2986474 -0.2256658 0.8607013 -0.4563642 -0.09095484 0.955859 -0.2793938 0.2073519 0.9492033 -0.2366819 0.1361722 0.9405843 -0.3110601 -0.266652 0.9195953 -0.2885157 -0.3944907 0.8519517 -0.3443186 0.1560386 0.8631899 -0.4801614 -0.3944766 0.8519206 -0.344412 -0.6712647 0.7123864 -0.2047176 -0.9333587 0.3511631 -0.07433772 -0.8351891 0.4878801 -0.253835 -0.9591841 0.1864826 -0.2125799 -0.9333743 0.3511094 -0.07439589 -0.924423 0.2826177 -0.2560654 -0.9591424 0.1865154 -0.212739 -0.7973158 0.5205255 -0.3055175 -0.8245543 0.3526719 -0.4424169 -0.5317308 0.6452714 -0.5485318 -0.7972472 0.5205963 -0.3055757 -0.4117729 0.6226633 -0.6653823 0.8747649 -0.2131425 -0.4351514 0.6426523 -0.3314303 -0.6907619 0.5546619 -0.3472972 -0.7561315 0.5437213 -0.226678 -0.8080744 0.6353197 -0.1240576 -0.7622197 0.7488988 -0.3516623 -0.5616799 0.8659458 -0.002743303 -0.5001303 0.4182443 -0.1552891 -0.894962 0.4850787 -0.3710216 -0.7918596 0.1536681 -0.2529954 -0.9551857 0.2152349 -0.3025115 -0.9285261 -0.09057575 -0.2426359 -0.9658799 -0.1230189 -0.2282438 -0.9658008 -0.5192734 -0.3012509 -0.799752 -0.08162826 -0.3869749 -0.9184702 -0.4030278 -0.282211 -0.8705892 -0.4752082 -0.5040294 -0.7212015 -0.4752907 -0.5039864 -0.7211771 -0.5194442 -0.301245 -0.7996433 -0.8259104 -0.4167826 -0.3796899 0.4287827 -0.2963874 -0.8534049 0.4462173 -0.4646568 -0.7648426 0.3035019 -0.6000732 -0.7401343 0.3414977 -0.4898839 -0.8021179 0.4287751 -0.2964 -0.8534045 0.1817128 -0.4144451 -0.8917487 0.4251046 -0.5281935 -0.7350495 0.3946479 -0.6438786 -0.6554947 0.2510644 -0.8821383 -0.3984956 0.06298053 -0.9508666 -0.3031276 0.03816848 -0.9975855 -0.05802112 -0.08533215 -0.9629165 -0.2559497 -0.2216552 -0.9687759 -0.1110962 -0.3723707 -0.7252236 -0.5791295 -0.173575 -0.9786063 0.1104598 -0.2969778 -0.9548532 -0.007733464 -0.4145063 -0.9070867 0.07333731 -0.2218332 -0.9687303 -0.1111376 -0.4639817 -0.8842952 -0.05237269 -0.4581992 -0.8763756 -0.1483895 -0.2570254 -0.8984702 -0.3559345 -0.06691193 -0.9949716 0.07452702 0.1085605 -0.9821262 0.1537626 0.2490578 -0.9684794 -0.004232406 0.3998144 -0.69895 -0.5929734 0.5005932 -0.7917242 -0.3501133 0.5045408 -0.8586091 -0.09071421 0.5802712 -0.8144196 -0.002502381 0.4500293 -0.8462852 0.2850875 0.5986782 -0.6429854 -0.477655 0.7681568 -0.6361082 -0.07281291 0.6669887 -0.7088167 0.2295756 0.6756929 -0.7364155 -0.03363817 0.5802621 -0.8144261 -0.002500832 0.6757353 -0.7369568 0.01662588 0.7042357 -0.6996427 0.120633 0.5802375 -0.814444 -0.002391159 0.6045579 -0.7114381 0.3582816 0.6618404 -0.7399256 0.1203215 0.7042629 -0.6996241 0.1205821 0.6792008 -0.6891738 0.25244 0.7318777 -0.6814361 1.75874e-6 0.7681534 -0.6361132 -0.07280337 0.6758049 -0.7363138 -0.0336129 0.6521009 -0.7571911 0.03776359 0.7887992 -0.4765223 -0.3882297 0.871784 -0.4875722 0.0476036 0.8248751 -0.517564 0.2273955 0.7681997 -0.6360636 -0.07275015 0.6872451 -0.7026163 0.1844573 0.6656063 -0.723376 0.1835631 0.788897 -0.4764907 -0.3880701 0.8705772 -0.4646502 0.1618509 0.9483498 -0.3036745 0.09173095 0.874848 -0.2131282 -0.4349913 0.9932745 -0.1090258 0.03897702 0.5515204 -0.4300338 -0.71477 0.832665 -0.2262531 -0.5054491 0.5171856 -0.5119223 -0.685897 -0.2899042 -0.7434774 0.6026583 -0.1780566 -0.9400405 0.2908948 -0.1052513 -0.9666363 0.2335307 0.08241426 -0.8394791 0.5371059 -0.03392004 -0.9184874 0.3939929 -0.2005622 -0.9028514 0.3803081 -0.3286085 -0.9284824 0.1730231 -0.4865404 -0.8721991 0.0504691 -0.6030854 -0.7925434 0.09035027 -0.7305546 -0.657191 0.185445 -0.8653938 -0.5008998 0.01389503 -0.9371272 -0.3480308 -0.02583289 -0.925958 -0.3681337 -0.0841391 -0.9383483 -0.3137065 -0.1452265 -0.7850611 -0.6110531 -0.1014551 -0.9547543 -0.2921915 0.05539238 -0.8676749 -0.1707314 0.4668954 -0.8068602 -0.583221 0.09396857 -0.8068561 -0.5832364 0.09390687 -0.9232498 -0.312789 0.2230986 -0.6938095 -0.7093946 0.1240476 -0.5948658 -0.8033027 0.02897548 -0.3933117 -0.9034383 0.1706024 -0.4009693 -0.9122461 0.08384978 -0.1573351 -0.9686952 0.1920295 -0.1891792 -0.9798064 0.06473547 -0.3522192 -0.9357526 -0.01756608 -0.3522289 -0.9357483 -0.01760554 -0.1572518 -0.968728 0.1919327 -0.124782 -0.9915325 -0.03595578 0.0995754 -0.9869208 0.1267756 0.04928618 -0.976195 -0.2112208 0.09728449 -0.9736578 -0.206219 0.002558231 -0.9999176 0.01258331 0.3501471 -0.9321777 0.09187906 0.2213819 -0.9751473 -0.008823573 0.003533482 -0.9984281 0.05593824 0.09975355 -0.9936859 0.05135941 0.00137341 -0.9999958 0.002560615 0.001758038 -0.9999937 -0.003086268 0.002915382 -0.9999936 -0.002093315 0.006514728 -0.9798762 0.1994997 -0.004890739 -0.9999824 0.003384351 -0.003292739 -0.9994989 0.03148603 -0.007124304 -0.9999697 0.003128886 0.002916812 -0.9999947 0.001504838 0 -1 -2.91782e-6 -0.02434951 -0.9982072 -0.0546773 -0.0188654 -0.9987528 -0.04622673 -0.09682458 -0.9928742 0.06947028 -0.180777 -0.9832678 -0.02245646 -0.08042412 -0.9919579 -0.09773206 -0.09017646 -0.9657143 -0.2434422 -0.3156 -0.9484637 0.02851825 -0.4353487 -0.8998339 0.02776062 -0.186634 -0.9819393 0.03103196 0.1590201 -0.9643474 0.211534 0.1887181 -0.9031067 0.3857253 0.2108573 -0.8524172 0.4784601 -0.0474112 -0.871185 0.4886604 -0.06969147 -0.7537445 0.6534619 -0.2005899 -0.9027907 0.3804377 -0.2818706 -0.7837774 0.5533913 -0.434275 -0.6271308 0.6466159 -0.2006938 -0.9027829 0.3804013 -0.7092179 -0.5454043 0.4467037 -0.5000931 -0.7786096 0.3790439 -0.6710077 -0.7360596 0.08924627 -0.7440286 -0.6603455 0.1018107 -0.7077292 -0.7064834 8.15639e-4 -0.792491 -0.5911635 0.1499463 -0.7122309 -0.6990544 -0.06364136 -0.5571112 -0.8302457 -0.01787102 -0.5825707 -0.809942 -0.06786435 -0.3808384 -0.915049 -0.1328433 -0.4800494 -0.7911096 -0.3790758 -0.2749112 -0.9602016 -0.04936218 -0.129673 -0.8014782 -0.5837962 -0.008083164 -0.9502065 -0.3115162 0.1379105 -0.8777397 -0.4588617 0.1201588 -0.7640544 -0.6338634 -0.008100986 -0.9502057 -0.3115183 0.2129633 -0.9457664 -0.2453011 0.138001 -0.8777178 -0.4588762 0.0973646 -0.9736366 -0.2062812 0.1784875 -0.9323059 -0.31456 0.2762079 -0.9498202 -0.146802 0.3229329 -0.9440584 -0.06684398 0.3552146 -0.9307642 0.08660626 0.3244599 -0.8608148 0.3920763 0.4247052 -0.7514601 0.5049093 0.1590998 -0.9643167 0.2116144 0.2109401 -0.8523861 0.4784793 0.4876976 -0.8386203 -0.2426254 0.403059 -0.9146007 -0.03239208 0.3975132 -0.5730468 0.7166594 0.5521603 -0.6656108 0.502077 0.2109926 -0.852367 0.4784899 0.3974144 -0.5729934 0.7167569 0.2602989 -0.7992063 0.5417693 0.05538207 -0.7780517 0.6257544 0.03189253 -0.4605253 0.8870735 0.05821913 -0.09771084 0.9935106 0.1156464 -0.4989288 0.8588923 -0.1870112 -0.006660163 0.9823352 -0.8676492 -0.1706162 0.4669849 -0.9255956 0.1452759 0.3495252 -0.9255879 0.1454222 0.3494848 -0.9655455 -0.0288853 0.2586263 -0.8965357 0.2347573 0.3756499 -0.7866266 -0.128716 0.6038632 0.7390276 -0.2118145 -0.6395099 0.8030195 -0.06511145 -0.5923852 0.6483989 0.07667428 -0.75743 0.6763606 -0.01661741 -0.7363833 0.7526668 0.01194518 -0.6582933 0.7362692 0.2625252 -0.6236891 0.6483437 0.07669931 -0.7574746 0.5423398 0.2391481 -0.8054041 0.5269249 0.05658382 -0.8480263 0.6482442 0.07668185 -0.7575615 0.3715864 0.07791483 -0.9251232 0.3951866 -0.0385071 -0.9177935 0.6762505 -0.01664596 -0.7364837 0.2735759 -0.2356687 -0.9325323 0.5422451 0.2391254 -0.8054746 0.3715038 0.07794642 -0.9251537 0.235742 0.119769 -0.9644072 0.1303337 0.1310237 -0.9827747 -0.01644152 0.201699 -0.9793096 -0.127305 0.03996092 -0.9910584 -0.3136849 0.1315206 -0.9403746 -0.3488888 0.08359694 -0.9334283 -0.4118815 0.2568837 -0.8742795 -0.3059471 0.04133963 -0.9511506 -0.06956517 0.1633073 -0.9841197 0.1951479 0.01449531 -0.9806668 0.3894593 -0.0134896 -0.9209449 0.09926158 0.1838312 -0.9779332 0.5110723 0.2215904 -0.8304834 -0.0164346 0.2018865 -0.9792711 -0.3168541 0.2788586 -0.9065548 0.01556932 0.6376714 -0.7701512 -0.01636487 0.2018595 -0.9792779 -0.01544862 0.4341269 -0.9007194 0.2548475 0.2691037 -0.928782 0.8571363 -0.1148558 -0.5021213 0.8571984 -0.1148094 -0.5020258 0.7647535 0.1541622 -0.6256087 0.8919789 0.2933423 -0.3439828 0.8572297 -0.1148219 -0.5019693 0.9271245 0.1794478 -0.3289968 0.9500026 -0.2280363 -0.2132943 0.9500367 -0.2279987 -0.2131831 0.8920064 0.2933481 -0.3439064 0.9565511 0.2860459 -0.05646055 0.9890251 -0.1358976 0.05797618 0.9290282 0.2853767 0.2355136 0.9357762 -0.1078541 0.335694 0.8118709 0.2810308 0.5117493 0.784528 -0.1100762 0.6102452 0.6171272 0.2794042 0.7355864 0.5585955 -0.1024657 0.8230868 0.4051185 0.1780769 0.896754 0.27634 -0.102637 0.9555637 0.276242 -0.1026139 0.9555945 0.3628628 0.2980222 0.8829006 0.1073418 0.1934351 0.9752234 0.2761964 -0.102625 0.9556065 0.085877 0.006507158 0.9962845 -0.03410464 -0.1114631 0.9931832 -0.2244315 0.005957365 0.9744718 -0.3393481 -0.141829 0.9299073 -0.5116773 0.007380366 0.8591461 -0.5900444 -0.1416493 0.7948479 -0.7624969 0.1687096 0.6246084 -0.4686619 -0.4261202 0.7738073 -0.3917118 -0.7013145 0.5955837 -0.5900781 -0.1418283 0.7947911 -0.7275539 -0.4147782 0.5464654 -0.1912234 -0.4147039 0.8896372 -0.1560791 -0.6969687 0.6999099 -0.3393396 -0.1419246 0.9298957 -0.3310772 -0.7934036 0.5107824 0.1076026 -0.4147446 0.9035534 0.07619738 -0.7001923 0.7098766 -0.03412503 -0.1115416 0.9931737 -0.1559711 -0.6969855 0.6999173 0.3920908 -0.4119319 0.822543 0.2936472 -0.7116289 0.6382443 0.2762686 -0.1026517 0.9555827 0.07632261 -0.7001961 0.7098594 0.6302038 -0.4239702 0.6504557 0.4488807 -0.7646892 0.4623382 0.5585906 -0.1025034 0.8230855 0.293763 -0.7116231 0.6381973 0.8053625 -0.424018 0.4142463 0.6147398 -0.7275131 0.3046635 0.7845224 -0.11015 0.610239 0.4489327 -0.764702 0.4622665 0.9196305 -0.3850401 0.077614 0.9890164 -0.1359524 0.05799597 0.739636 -0.6693419 0.07014352 0.9225583 -0.3181507 -0.2183262 0.9226216 -0.3180152 -0.2182565 0.9196188 -0.3850837 0.07753556 0.8316121 -0.5377595 -0.1386936 -0.7371963 0.5926914 0.324436 -0.7262516 0.2589107 0.6368076 -0.7270016 0.08629769 0.6811912 -0.8581546 -0.05780309 0.5101271 -0.7268844 0.08626163 0.6813207 -0.4798616 0.006775021 0.877318 -0.2038758 -0.1231166 0.9712246 -0.1731824 -0.1089923 0.9788405 -0.03755784 -0.4054524 0.9133443 -0.02441275 -0.02721077 0.9993317 -0.02440214 -0.02710324 0.9993348 0.07648283 0.3883976 0.9183124 0.06515246 0.2087411 0.9757984 0.06520169 0.2088356 0.9757749 0.1460344 0.4944574 0.8568466 0.1193633 0.6022879 0.7893047 0.06528627 0.2088305 0.9757703 0.1710476 0.445293 0.8788953 0.317633 0.1412098 0.9376403 0.179852 0.01316559 0.9836056 0.06180781 -0.05465972 0.9965903 0.06196755 -0.0546934 0.9965785 0.1799239 0.01316434 0.9835925 0.3602828 -0.03682583 0.932116 0.2100992 -0.02723032 0.9773008 0.05116087 -0.2060005 0.9772136 -0.09181833 -0.7600688 0.6433233 0.007123053 -0.5328879 0.8461559 0.001772463 -0.992308 0.123781 0.05670136 -0.7961818 0.6023948 0.08558738 -0.9266449 0.3660658 0.1427726 -0.9600132 0.2408127 0.1707091 -0.970469 0.1704358 0.2349576 -0.9611592 0.1448033 0.2243393 -0.9730897 0.05261635 0.4386188 -0.8985846 0.01261824 0.2243092 -0.9730979 0.05259269 0.6383947 -0.7696347 0.01071214 0.317991 -0.9480518 -0.00891751 0.4386324 -0.8985788 0.01256901 0.4025456 -0.89992 -0.1676337 0.453956 -0.8838639 -0.1127321 0.4540246 -0.8838251 -0.112761 0.5056335 -0.8466643 -0.1658145 0.5035129 -0.8232286 -0.2622395 0.4202266 -0.8776732 -0.2304333 0.4025174 -0.8999277 -0.1676607 0.4938809 -0.8141774 -0.3052817 0.5920506 -0.7987666 -0.1069962 0.5035724 -0.8231756 -0.2622919 0.8238614 -0.5366236 -0.1824491 0.5610182 -0.8251348 0.0664168 0.2670182 -0.9612618 0.06838989 0.5129421 -0.8220792 0.2471363 0.614796 -0.7275093 0.3045591 0.7396349 -0.6693252 0.07031434 0.9357892 -0.1078393 0.3356625 0.2350764 -0.9611188 0.1448785 0.3749547 -0.8431134 0.3854466 0.1708241 -0.9704248 0.1705722 0.1428735 -0.9599625 0.2409548 0.2402737 -0.8098574 0.5351633 -0.9014158 -0.2314063 0.3659247 -0.9484389 0.002367436 0.3169511 -0.8946475 0.04613453 0.4443846 -0.9148527 0.3392071 0.2190508 -0.7416411 0.5737414 0.3475477 -0.5386771 0.8336232 0.1220635 -0.1130833 0.993297 0.0239461 0.002901256 0.9999957 -4.10014e-4 -0.3491038 0.9087097 -0.2288523 -0.2647937 0.9634499 -0.04060268 -0.6488385 0.7513744 -0.1201878 -0.3491805 0.9352008 0.05892819 -0.5824697 0.71483 -0.3869718 -0.9227078 0.369005 -0.1115602 -0.8366378 0.2629622 -0.4805084 -0.582423 0.7148119 -0.3870756 -0.7417204 0.2608207 -0.6179187 -0.3866425 0.365471 -0.8467223 -0.3490021 0.9087211 -0.2289617 -0.3243308 0.7793031 -0.5361867 -0.1060108 0.9366503 -0.3338382 -0.02253162 0.7962198 -0.6045879 -0.1713068 0.807208 -0.5648621 0.009201049 0.4408206 -0.8975481 0.16962 0.6021096 -0.7801879 0.01198792 0.9645286 -0.2637063 -0.02242106 0.7962092 -0.6046058 0.0969268 0.86442 -0.4933388 -0.01046437 0.9999173 0.007472455 0.02101641 0.9809042 0.1933533 -0.05385023 0.9982658 0.02378571 -0.06073933 0.9967446 0.05302 -0.08577728 0.9913551 0.09928435 -0.1333275 0.9843559 0.1151831 -0.2843086 0.843477 0.455758 -0.4341652 0.54722 0.7155774 -0.5759084 0.4687816 0.6697562 -0.5537061 0.2964303 0.7781637 -0.4287081 0.1412275 0.8923364 -0.4775078 0.06303787 0.8763633 -0.6855707 0.1927832 0.7020167 -0.5381176 -0.007959127 0.8428322 -0.8195747 -0.02948158 0.5722134 -0.8828141 0.1797763 0.4339584 -0.9597777 0.07778042 0.2697722 -0.9463163 -0.0411185 0.3206162 -0.9285617 -0.2058901 0.3088405 -0.6743006 -0.7002971 0.2343132 -0.7171211 -0.4054738 0.5668584 -0.8024674 0.004598796 0.5966784 -0.7358155 -0.06464731 0.6740893 -0.6452016 -0.175357 0.7436161 -0.528981 -0.3362232 0.7791875 -0.5125004 -0.5050006 0.694491 -0.425872 -0.7004806 0.572678 -0.2926095 -0.7394915 0.6062443 -0.2913007 -0.6112907 0.7358449 -0.4092682 -0.5180571 0.7510768 -0.2268492 -0.5153073 0.8264369 -0.07744294 -0.7361756 0.6723453 -0.09231793 -0.6779714 0.7292683 -0.2268649 -0.5151935 0.8265035 -0.04357045 -0.446938 0.8935032 -0.07743239 -0.7361639 0.6723593 -0.04127371 -0.6428698 0.7648627 0.01628965 -0.9228165 0.3848953 0.008901834 -0.5689542 0.8223211 -0.04352486 -0.4469523 0.8934983 -0.01270753 -0.2422809 0.9701229 -0.07012116 -0.9125067 0.403007 -0.1959425 -0.9245931 0.3267019 -0.02068269 -0.9782871 0.2062199 -0.05801904 -0.9948601 0.08299022 0.01586049 -0.9768083 0.213528 -0.04730987 -0.9940121 0.09849739 1.37996e-4 -0.9998844 0.01521086 0.1681939 -0.9851837 0.03352355 0.125205 -0.9868513 0.1022158 0.2899631 -0.9569815 -0.01038432 0.2827064 -0.9535826 -0.1037174 0.1707061 -0.9766662 -0.130317 0.2757308 -0.8140558 -0.5111612 0.001064896 -0.9993259 0.03669714 0.1562018 -0.9863985 -0.05117499 0.4264754 -0.8882618 0.1706157 0.3736634 -0.8966652 -0.2374178 0.6147461 -0.7490665 -0.2469549 0.6336286 -0.7595913 0.1467521 0.6148167 -0.7490142 -0.2469378 0.63497 -0.7260839 0.2638473 0.8522982 -0.505797 -0.1332564 -0.3561266 -0.9299039 -0.09193801 -0.2389534 -0.9641236 -0.1156155 0.156065 -0.9864162 -0.05125308 -0.014853 -0.8701484 -0.4925661 0.001006066 -0.999327 0.03666931 -0.2389659 -0.9641246 -0.115582 -0.1634182 -0.971115 0.1738687 -0.3280999 -0.9343131 0.1393178 0.01683348 -0.9309902 0.364656 0.02228659 -0.8701198 0.4923362 -0.1218178 -0.984421 0.1267903 -0.1748221 -0.8372539 0.5181151 0.001690149 -0.5419633 0.8404004 0.02977526 -0.8031538 0.5950274 0.07046478 -0.4184065 0.9055225 0.006168007 -0.1316019 0.9912835 -0.01866662 -0.03059619 0.9993575 0.01077324 0.2778524 0.9605634 -0.0705403 0.3224962 0.9439387 -0.1111505 0.203728 0.9726976 -0.1078716 0.1434867 0.9837557 -0.09333592 0.1176316 0.9886614 -0.1320855 0.1315543 0.9824698 -0.2172271 0.2482508 0.9440254 -0.2172265 0.2482525 0.9440251 -0.1320975 0.1315645 0.9824669 -0.3056168 0.1984822 0.9312375 -0.3602948 0.2556022 0.8971372 -0.1320806 0.1315428 0.982472 -0.1338154 0.1918885 0.9722512 -0.08590942 0.2573639 0.9624881 0.127031 0.3086259 0.9426628 0.1691673 0.3467301 0.9225838 0.07790267 0.2619289 0.9619379 -0.02546286 -0.05074965 0.9983868 0.1699894 0.2861247 0.9429933 0.2387676 0.2351438 0.942177 0.3171607 0.1736491 0.9323385 0.1462798 0.04720115 0.9881166 -0.1429108 -0.06529945 0.9875791 0.03964233 -0.01728975 0.9990643 -0.3226037 0.00655806 0.9465115 -0.2406271 0.1184982 0.963357 0.2503603 -0.1561635 0.9554752 -0.06524062 0.05712425 0.9962332 -0.0925101 0.1237112 0.9879967 -0.01625174 0.1398131 0.9900445 0.03220963 0.09779614 0.9946851 0.2828088 0.04875618 0.9579364 0.1609693 0.236982 0.9580858 0.2693968 0.3139517 0.9104173 0.2830032 0.04884886 0.9578742 0.5322546 0.2911919 0.7949291 0.5915846 0.1622387 0.7897508 0.282989 0.04872578 0.9578847 0.4677052 -0.2688565 0.8420024 0.2930459 -0.1637551 0.9419705 0.4998083 -0.4211655 0.7568431 0.4892502 -0.3947072 0.7777149 0.5582522 -0.3327699 0.7600123 0.5252468 -0.2033369 0.826299 0.6700247 -0.2156542 0.710324 0.6701462 -0.2156634 0.7102065 0.4895184 -0.271386 0.8286867 0.6124349 -0.1214288 0.7811392 0.5253232 -0.1261783 0.8414955 0.2929481 -0.1636817 0.9420136 0.1536133 -0.008583724 0.9880939 0.5149482 0.01980352 0.8569926 0.643073 -0.1374921 0.7533612 0.7583497 -0.07113057 0.6479554 0.602548 -0.239323 0.7613544 0.4093612 -0.2780314 0.8689776 0.4451465 -0.2780528 0.8511941 0.5582501 -0.3327726 0.7600127 0.6700825 -0.2156859 0.71026 0.561118 -0.1336405 0.8168762 0.7583664 -0.07107883 0.6479416 0.533039 0.03297352 0.845448 0.7282294 0.1218439 0.6744153 0.515434 0.2219827 0.8276785 0.6789489 0.281948 0.6778892 0.5911247 0.437008 0.6779348 0.4275385 0.3933641 0.813926 0.455358 0.5787022 0.6765744 0.2699073 0.462144 0.8447325 0.2870282 0.677881 0.6768251 0.09914177 0.5521195 0.8278497 0.1126107 0.7198324 0.6849527 -0.05474549 0.7251427 0.6864191 -0.08767378 0.5772538 0.8118445 -0.243664 0.6912246 0.6803209 -0.233686 0.4826883 0.8440396 -0.4225326 0.6132875 0.6673415 -0.3710643 0.3856455 0.844742 -0.5590953 0.4731379 0.6808472 -0.410932 0.4485348 0.7936947 -0.0280323 0.1706411 0.9849344 -0.04289847 0.5703496 0.820281 -0.09128093 0.4125871 0.9063332 -0.4109429 0.4485188 0.7936982 -0.4043452 0.6956583 0.5937715 -0.02800685 0.1707111 0.984923 -0.09110194 0.4125413 0.906372 0.08851003 0.3446178 0.9345612 -0.07133638 0.08307844 0.9939865 -5.40077e-7 0 1 0.09874254 0.01437377 0.9950092 0.09887647 0.01440471 0.9949955 0.07588493 0.152264 0.9854224 0.6256025 -3.43852e-4 0.780142 2.35475e-6 0 1 0.008717417 -0.03450423 0.9993666 -0.02309113 0.1316117 0.9910324 0.005055308 -0.03100383 0.9995065 0.03818744 0.1213498 0.991875 -0.01719737 -0.02716648 0.9994831 0.0821011 0.07624745 0.9937031 -0.03662449 -0.05483716 0.9978234 -0.02407151 -0.02258497 0.9994551 0.09780699 0.02904886 0.9947814 -0.03356707 0.004218757 0.9994277 0.1063641 -0.0209797 0.9941059 -0.07077807 0.02950084 0.9970558 -0.03424841 0.01525509 0.999297 0.1232842 -0.1112543 0.9861154 -4.90799e-7 0 1 0.07279223 0.001990735 0.9973452 -0.002902567 0.02316874 0.9997274 0.00206089 -0.1216496 0.9925711 -6.19153e-4 0.02426356 0.9997054 -0.05544233 -0.1140456 0.9919273 0.02668637 0.03914356 0.9988772 -0.07393652 -0.04992312 0.9960126 0.05026954 0.07040297 0.9962512 0.04212915 0.02062594 0.9988994 -0.05979996 -0.1329702 0.9893144 -0.1461662 -0.2175466 0.9650435 -0.1561678 -0.6555634 0.7388155 -0.4412484 -0.3376563 0.8314374 -0.1233852 -0.756088 0.6427341 -0.1561084 -0.6557259 0.7386838 -0.09670686 -0.9509599 0.2938081 0.04319739 -0.985779 0.1623999 -0.007786035 -0.9738628 0.2270035 0.04325908 -0.9858007 0.1622518 -0.08508002 -0.9941188 0.06700319 0.1095211 -0.9938628 -0.0155555 -0.06845444 -0.9976327 -0.006558775 0.1920977 -0.9777934 0.08377701 -0.03441154 -0.9760202 -0.2149431 -5.74138e-4 -0.99979 -0.02048748 0.03691005 -0.9878759 0.1507942 0.248618 -0.923756 0.2913144 0.5399194 -0.8034338 0.2509608 0.8399041 -0.4805768 0.2522044 0.1921305 -0.9777874 0.08377218 0.7819623 -0.6232147 0.01177501 0.6455241 -0.7619085 -0.05286008 0.1922018 -0.9777812 0.08368027 0.4997754 -0.864613 -0.05166327 0.9250131 -0.3605949 -0.1196752 0.7903726 -0.6072179 -0.08122593 0.9640065 -0.2311994 -0.1312954 0.9900466 -0.1226411 0.06904178 0.906005 -0.3583496 0.2252568 0.9373743 -0.04575139 0.345306 0.9625145 0.07870167 0.2595611 0.8821776 -0.08932328 0.4623678 0.948883 0.02931255 0.3142643 0.8214445 -0.0586391 0.5672658 0.5057208 0.001900136 0.8626952 0.9934328 0.1135264 -0.01424604 0.9265 0.3742963 -0.03873139 0.9690549 0.1601328 -0.1878567 0.9640288 -0.2310524 -0.1313901 0.9749837 0.02681398 -0.2206534 0.9778345 -0.1143301 -0.1754092 0.953342 -0.02678543 -0.300702 0.9129822 0.1192319 -0.390189 0.9129366 0.119206 -0.3903034 0.9116114 0.02426117 -0.4103365 0.8836519 0.30817 -0.3524072 0.9371001 0.2574148 -0.2357566 0.9444393 0.2061688 -0.2559863 0.7455013 0.6593729 -0.09723824 0.9452493 0.1238212 -0.301947 0.6347489 0.757339 -0.1533998 0.9448769 -0.07139372 -0.3195477 0.9348207 -0.1609122 -0.3165719 0.9207573 -0.1424841 -0.3631861 0.9016624 0.07073289 -0.4266167 0.8904289 0.3629437 -0.2746057 0.9474223 0.03206151 -0.3183757 0.7865523 0.03534334 -0.6165115 0.6067597 0.004315018 -0.7948737 0.457694 0.02127331 -0.8888553 0.2064448 0.008535385 -0.978421 0.08677119 -0.002934098 -0.996224 -0.1859394 0.05173987 -0.9811981 -0.2953526 0.006916046 -0.9553633 -0.5489754 0.05763262 -0.8338493 -0.6422637 0.007752001 -0.7664446 -0.8265256 0.04180395 -0.5613448 -0.8852953 -0.001188516 -0.4650277 -0.9774435 0.03777891 -0.2077909 -0.9958756 0.003339827 -0.09066873 -0.9828114 0.04432654 0.1792122 -0.9558688 0.01352524 0.2934825 -0.6970116 0.2692244 0.6646 0.9721813 -0.0895192 -0.2164486 0.9987238 0.004106462 0.0503394 0.972204 -0.08951365 -0.2163488 0.9987158 0.004081726 0.05049741 0.9781973 -0.01384949 0.2072152 0.909738 0.005067765 0.415152 0.8298008 -0.01366007 0.5578927 0.6915745 0.00756675 0.7222656 0.5583085 -0.01279729 0.8295348 0.3055587 0.01360511 0.9520761 0.1853029 -0.03498876 0.9820584 0.1519375 0.04526293 0.9873532 0.08186268 0.0757417 0.9937614 0.006463229 -0.03161597 0.9994792 -0.07559579 -0.03476667 0.9965323 -0.2362698 -0.1794392 0.9549755 -0.4063617 -0.1150373 0.9064417 -0.3503794 -0.2373361 0.9060386 -0.07562261 -0.03484976 0.9965274 -0.393289 -0.04494303 0.9183159 -0.236357 -0.1796264 0.9549187 -0.3440723 -0.4070904 0.8461038 -0.5473004 -0.6858344 0.4796805 0.831748 -0.3806541 -0.4041013 0.8968701 -0.272417 -0.3484437 0.8317438 -0.380665 -0.4040996 0.5489514 -0.808 -0.2139824 0.981135 -0.1867059 -0.05015063 0.9142121 -0.3097266 -0.2613155 0.9348229 -0.1608823 -0.3165802 0.9644026 -0.2337498 -0.1236478 0.9811193 -0.186827 -0.05000543 0.8993901 -0.234916 0.3686627 0.9476816 -0.3123437 0.0658878 0.8304491 -0.5327429 -0.1629093 0.8588133 -0.4332896 -0.273313 0.00887227 -0.9994628 -0.03155124 0.06970489 -0.982388 -0.1733638 -0.003412246 -0.9999688 0.007119119 -0.003491938 -0.9999635 -0.007812142 -0.003405809 -0.9999691 0.007097363 0.1138732 -0.992788 0.037485 -0.08723098 -0.9961816 -0.003624796 0.1169869 -0.9799942 0.1610144 -0.1140444 -0.9701238 0.2141351 0.1401467 -0.9898735 0.0225709 -0.1212062 -0.9193904 0.3742066 0.1280611 -0.9838443 0.1251028 0.4657315 -0.8821039 0.07061851 0.8159569 -0.574648 0.06320053 0.7979937 -0.5864505 0.1388592 0.8778065 -0.476349 0.05047225 0.8498591 -0.5143008 0.1150408 0.8498149 -0.5143361 0.1152088 0.7784067 -0.5501732 0.302312 0.761447 -0.4309829 0.4842027 0.9418016 -0.3009318 0.149833 0.9043866 -0.3876557 0.1783478 0.8269906 -0.5588536 0.06139582 0.8042941 -0.5383049 0.2516725 0.7315041 -0.5896776 0.3423188 0.5233915 -0.7922992 0.3135657 0.1960074 -0.9261921 0.3221018 0.172591 -0.8465304 0.5035858 0.523338 -0.792276 0.3137136 0.6511992 -0.4986068 0.5721284 -0.3990574 -0.7458149 0.533398 -0.2401359 -0.8958466 0.3738901 0.05231708 -0.9849222 0.1648976 -0.1211946 -0.9193312 0.3743555 0.01208359 -0.7298675 0.6834818 -0.2671951 -0.7784639 0.5679797 -0.9490719 -0.2737315 0.1559924 -0.7893276 -0.384158 0.4789412 -0.8372808 -0.5216916 0.1637035 -0.9490902 -0.2737244 0.1558938 -0.5888214 -0.8046286 0.07656562 -0.676388 -0.7219679 -0.145814 -0.9519273 -0.2240787 -0.2088618 -0.8355402 -0.3254674 -0.4426552 -0.6763065 -0.7220249 -0.14591 -0.5107889 -0.4750078 -0.7165628 -0.4618267 -0.1979863 0.864591 -0.2962084 -0.4499669 0.8424907 -0.4482556 -0.3862844 0.8061335 -0.5296522 -0.2507008 0.8103194 -0.4868832 -0.253926 0.835743 -0.6841714 -0.2700687 0.677475 -0.7001881 -0.2762144 0.6583634 -0.5795956 -0.4341149 0.6896472 -0.5056772 -0.626978 0.5926122 -0.2695686 -0.6844093 0.6774339 -0.1540298 -0.5161008 0.8425645 -0.1039739 -0.7159307 0.6903859 -0.07425427 -0.3100026 0.9478316 -0.1586886 -0.3273481 0.9314834 -0.0590859 0.1497629 0.9869549 0.05152148 0.1784882 0.9825923 -0.1793191 -0.3232254 0.9291771 -0.2604247 -0.5441567 0.7975417 -0.4418326 -0.5873824 0.6780604 -0.1566562 -0.1828418 0.9705812 -0.06129115 -0.05732738 0.9964723 -0.308165 -0.1753832 0.9350268 -0.3053787 -0.08373111 0.9485426 0.09068113 -0.056216 0.994292 0.09066528 -0.05624753 0.9942918 -0.3875097 -0.1010383 0.9163119 -0.2844763 -0.1405704 0.9483213 0.09069657 -0.05635172 0.9942831 -0.03209507 -0.1109185 0.9933111 -0.1002255 -0.3410366 0.934692 0.09068411 -0.05631065 0.9942864 -0.3603577 -0.2534555 0.8977209 0.1198852 -0.1373393 0.9832423 0.2910875 0.02447003 0.9563835 0.09082531 -0.05628305 0.9942751 0.1660275 -0.01510703 0.9860054 0.2683427 -0.09670138 0.9584577 0.2011706 -0.3438661 0.9172167 0.03323251 0.1301245 0.9909406 -0.06137812 -0.05741834 0.9964618 -0.3304154 -0.3119773 0.8907838 -0.29202 -0.5793945 0.7609378 0.0515232 0.1784403 0.9826009 -0.2828925 -0.2469934 0.9268043 -0.3224224 0.09630745 0.941684 -0.4313528 0.01222687 0.9021005 -0.3305513 -0.3120324 0.8907141 -0.7181456 -0.1269926 0.6842075 -0.32257 0.09633445 0.9416307 -0.7181589 -0.1268957 0.6842114 -0.7662338 0.2158225 0.6052327 -0.7182537 -0.1269099 0.6841093 -0.9699617 -0.09946948 0.2219918 -0.7965973 -0.2258782 0.5607245 -0.8786715 -0.4501644 0.1590237 -0.4313997 0.0123583 0.9020763 -0.7662277 0.2158325 0.6052367 -0.6775012 0.4186002 0.604786 -0.677526 0.4187488 0.6046553 -0.8248365 0.3519931 0.4424316 -0.4966273 0.7878327 0.364254 0.08959978 0.3906252 0.916179 0.1931574 0.7373117 0.6473498 0.05163735 0.1785845 0.9825686 0.2420818 0.7740337 0.5850371 0.2420945 0.7740233 0.5850454 0.06735932 0.2109781 0.9751672 0.23521 0.5850411 0.7761465 0.2351398 0.5849342 0.7762482 0.05159181 0.1786307 0.9825627 -0.1223412 0.1911408 0.9739086 0.1876951 0.8168004 0.5455343 0.2421241 0.7740275 0.5850276 0.4004272 0.6630164 0.6325089 0.2311248 0.7978408 0.5568046 0.2420741 0.7741426 0.5848961 0.05637574 0.8816909 0.4684473 0.2119055 0.9350757 0.2841299 0.28619 0.8552606 0.4320008 0.320941 0.8956083 0.3080303 0.3292762 0.9348214 0.1329892 0.2118996 0.9351106 0.2840189 0.2203358 0.9750203 -0.02806574 0.2533202 0.8745965 0.4134126 0.1727275 0.9158391 0.362497 0.2532483 0.8746016 0.4134459 0.1525789 0.8831892 0.4435048 -0.03604257 0.9682478 0.2473804 -0.1330993 0.8899293 0.436246 -0.3762629 0.8414855 0.3877225 -0.3037723 0.8432803 0.4433971 -0.3763868 0.7437663 0.552399 -0.1331865 0.8898711 0.4363383 -0.2356187 0.5994645 0.7649353 -0.2506086 0.8320178 0.4949159 -0.1331175 0.8898987 0.4363027 -0.01648998 0.8591001 0.5115421 -0.01063251 0.7598459 0.6500163 -0.04573684 0.5412613 0.8396098 0.09167301 0.8245829 0.5582644 0.03853654 0.4230481 0.9052875 -0.3037268 0.843259 0.4434685 -0.2506822 0.8320066 0.4948976 -0.519789 0.6422592 0.5633139 -0.5368145 0.6951144 0.4781697 -0.4299293 0.6618669 0.6140791 -0.5944322 0.4925909 0.6356137 -0.6897249 0.2569033 0.676964 -0.7175074 0.2240044 0.6595493 -0.723277 0.2495101 0.6439061 -0.7677546 -0.05457878 0.6384154 -0.5773231 0.2459964 0.7785782 -0.5885714 0.1253271 0.798672 -0.7174653 0.2239831 0.6596022 -0.6195993 0.3825442 0.685388 -0.4317358 0.4508032 0.7812685 -0.7676953 -0.05459505 0.6384852 -0.5885635 0.1253106 0.7986803 -0.5334834 -0.115028 0.8379524 -0.3017893 -0.04433369 0.9523434 -0.2260406 0.05277484 0.9726873 -0.3016706 -0.044254 0.9523846 -0.247216 0.2316007 0.9408748 -0.0953868 0.04286575 0.9945169 -0.02933418 0.2699835 0.962418 -0.09527724 0.04273486 0.9945331 -0.008447945 0.4230042 0.9060884 0.01896589 0.1256197 0.9918972 -0.04850345 -0.2480803 0.9675245 -0.03809595 0.03864127 0.9985267 -0.07644385 -0.0687257 0.9947025 -0.1185284 0.08411926 0.9893811 -0.1140983 -0.3582037 0.9266455 -0.09438824 -0.5002963 0.8606943 -0.02881366 -0.608183 0.7932739 -0.07257485 -0.4546956 0.8876851 -0.1161059 -0.1848402 0.9758861 -0.3016937 -0.04442131 0.9523696 -0.1041833 -0.2913079 0.9509394 -0.3040997 -0.3460662 0.8875594 -0.5206052 -0.2713616 0.8095266 -0.5327025 -0.4866511 0.6923865 -0.4020722 -0.5080553 0.7617204 -0.1272827 -0.9210026 0.3681757 -0.6231489 -0.5370957 0.5685188 -0.7451648 -0.1574759 0.6480207 -0.5327668 -0.4866979 0.692304 -0.649907 -0.5634081 0.5100906 -0.7716776 -0.3925213 0.5004408 -0.5585006 -0.7359886 0.3826199 -0.3357879 -0.8992151 0.2804618 -0.2911068 -0.9426108 0.1635295 -0.6488626 -0.7282813 0.2204173 -0.8345721 -0.4456494 0.3238615 -0.555456 -0.767406 0.3202447 -0.5808287 -0.8023986 0.1370932 -0.8100112 0.2116724 0.546879 -0.8367782 -0.09573203 0.5391083 -0.9563894 0.133363 0.2598725 -0.5786079 0.7144439 0.3934246 -0.3363886 0.9282978 0.158449 -0.113193 0.9903684 0.07973593 -0.1032051 0.9551714 0.277482 -0.1048077 0.8934128 0.4368397 -0.1405488 0.7949809 0.5901283 -0.1048314 0.8933568 0.4369486 -0.4341115 0.5473294 0.7155262 -0.2307911 0.6571468 0.7175609 -0.2749762 0.4238952 0.8629605 -0.1838382 0.1277664 0.9746176 -0.1194989 -0.01195341 0.9927625 -0.1648454 0.01217728 0.9862443 -0.4013373 -0.1253699 0.9073097 -0.2135969 -0.1174485 0.9698362 -0.4526026 -0.2917382 0.8426386 -0.5338071 -0.5207231 0.6662563 -0.4071054 -0.7210869 0.5606238 -0.3562772 -0.8372426 0.414839 -0.2024417 -0.9203485 0.3346285 -0.1836491 -0.9665814 0.1788675 -0.1174386 -0.9909625 0.06482082 -0.1789737 -0.980338 0.08310192 -0.3121058 -0.9311138 0.1887254 -0.3820238 -0.7649034 0.5186334 -0.1170339 -0.4556947 0.882409 -0.2658931 -0.453958 0.8504252 -0.3037676 -0.3243299 0.8958434 -0.3617664 -0.2675309 0.8930578 -0.6618092 -0.06954276 0.7464399 -0.5210213 -0.03711533 0.8527365 -0.6992553 -0.09564304 0.7084451 -0.3227706 0.006591022 0.9464543 -0.6724286 0.04584485 0.7387408 -0.5866278 0.06154769 0.8075146 -0.3226718 0.006571292 0.9464882 -0.5448588 0.2071296 0.8125432 -0.6100009 0.237463 0.7559831 -0.6297257 0.4561486 0.6287878 -0.3084414 0.2075714 0.9283201 -0.2881142 0.2289964 0.9298123 -0.07882022 0.2416213 0.9671642 0.5916277 0.1622311 0.78972 0.508003 -0.08218061 0.8574261 0.5078504 -0.0821402 0.8575202 0.384673 -0.1746813 0.9063737 0.1552194 0.06994915 0.9854005 0.3846358 -0.17478 0.9063704 0.2378177 0.0571267 0.9696285 0.1551734 0.07011824 0.9853957 -0.02289837 -0.02450561 0.9994375 -0.04299557 -0.2828417 0.9582026 -0.003679394 -0.4831542 0.8755276 -0.008687496 -0.5669034 0.8237385 -0.009945094 -0.6935141 0.7203745 -0.007571816 -0.6428763 0.7659326 -0.125024 -0.3777187 0.9174408 -0.4594485 -0.09719252 0.8828707 -0.5021334 -0.01430493 0.864672 -0.3651999 0.05917352 0.9290466 -0.43085 0.1784709 0.8845996 -0.08354896 0.2647756 0.9606839 -0.431016 0.1783534 0.8845425 -0.5022885 -0.01428449 0.8645822 -0.5323069 0.03813594 0.8456922 -0.7232171 0.2496483 0.6439198 -0.3426519 0.3878381 0.8556702 -0.4714997 0.7172395 0.5130844 -0.3679687 0.7553557 0.5422516 -0.3276026 0.8207353 0.4680492 -0.159961 0.9171838 0.3649471 -0.1130516 0.9903921 0.07964235 0.04108667 0.9579304 0.2840447 -0.1078116 0.9770442 0.1837426 -0.2402843 0.9590523 0.1499405 -0.1130077 0.9903927 0.07969671 -0.09349536 0.925086 0.3680687 -0.02994018 0.2939265 0.9553591 -0.1123836 0.05678141 0.9920412 -0.2328892 0.02351355 0.9722191 -0.1692032 8.58016e-5 0.9855812 -0.2508667 -0.05895489 0.9662247 -0.5155597 -0.1226232 0.848034 -0.3541626 -0.01381945 0.9350817 -0.3541634 -0.01383203 0.9350813 -0.1580271 -0.0735746 0.9846899 0.1082028 -0.02582126 0.9937936 -0.4725622 -0.01198756 0.8812158 -0.650583 0.04581421 0.758052 -0.233016 0.02361571 0.9721861 -0.5281803 0.05921077 0.8470653 -0.3286624 0.2307765 0.9158184 -0.6206768 -0.1366734 0.7720626 -0.7597919 -0.2963415 0.5787038 -0.7379009 -0.4506866 0.5023782 -0.5482687 -0.466186 0.6943143 -0.461539 -0.5750517 0.6754978 -0.3585271 -0.7365356 0.5735623 -0.3274474 -0.8661884 0.3774862 -0.5055814 -0.8132225 0.2881959 -0.564588 -0.6498185 0.5088973 -0.6679659 -0.4267191 0.6096987 -0.8453264 0.4874137 0.218749 -0.6868723 0.7184873 0.1094647 -0.5054618 0.7421275 0.4401763 -0.4052023 0.4852095 0.7748439 -0.4329237 0.6038398 0.6692941 -0.327501 0.8207401 0.4681121 -0.07204711 0.8024887 0.5923017 -0.2623676 0.8803454 0.3951648 -0.3489848 0.4734086 0.8087607 -0.07200098 0.8024207 0.5923994 -0.2064118 0.6727003 0.7105411 0.06049394 0.9674649 0.2456666 0.2722033 0.8889098 0.3684355 -0.1078574 0.9770156 0.1838678 -0.1248993 0.9170005 0.3788275 -0.5053056 0.7422221 0.440196 -0.4672207 0.8221397 0.3252558 -0.4120987 0.9007881 0.1369513 -0.7870884 0.5495107 0.2802323 -0.8453953 0.4873389 0.2186499 -0.8382538 0.5185109 0.1687512 -0.9380956 0.2974809 0.1774308 -0.9446153 0.1173005 0.3065005 -0.988282 0.003861129 0.1525905 -0.9963898 -0.001379311 0.08488565 -0.9791964 -0.1573505 0.1281229 -0.9118597 -0.1322488 0.3886159 -0.9690572 0.007346093 0.246727 -0.7816758 -0.460293 0.4208484 -0.6190816 -0.6277372 0.4718943 -0.4338521 -0.7117636 0.5524173 -0.7675908 -0.4942375 0.4080855 -0.7816058 -0.4604417 0.4208158 -0.9466924 -0.24607 0.2079018 -0.8251081 -0.09816062 0.5563824 -0.9467436 -0.2459922 0.2077611 -0.7585641 -0.1078537 0.6426103 -0.9319717 -0.0646618 0.3567179 -0.699363 -0.09565442 0.7083372 -0.944585 0.1172117 0.3066281 -0.7585708 -0.1077357 0.6426224 -0.7806002 0.05038225 0.6229968 -0.8702058 -0.4467068 0.2078342 -0.6689611 0.2755193 0.6903479 -0.6101304 0.2374607 0.7558792 -0.9445656 0.1172322 0.3066798 -0.6724953 0.04588758 0.7386776 -0.1250596 -0.3776516 0.9174637 -0.5021385 -0.01433807 0.8646684 -0.2552586 0.07356303 0.9640703 0.5449042 -0.1393168 0.8268435 -0.08644288 -0.06331151 0.9942431 -0.2550508 0.1587164 0.9538124 -0.08655714 -0.0633912 0.9942281 -0.04305744 -0.282982 0.9581583 0.02389258 -0.473879 0.8802658 -0.00864619 -0.5668264 0.8237919 -0.8581977 0.1623296 0.4869762 -0.7950289 0.5165913 0.3179035 -0.8377395 0.3573654 0.4128953 -0.8581434 0.1625018 0.4870145 -0.8376737 0.3573721 0.4130231 -0.699625 0.3005867 0.6482072 -0.764814 0.2141078 0.6076326 -0.9998843 0.01224768 -0.009023964 -0.9998067 0.01919227 -0.004298031 -0.983933 -0.1073239 0.14268 -0.958914 -0.258496 0.116892 -0.8053695 -0.5285167 0.2684219 -0.2269601 -0.5152595 0.8264363 -0.4233137 -0.5017696 0.7543427 -0.4240249 -0.4886974 0.7624813 -0.2462853 -0.8515808 0.4627677 -0.2175784 -0.3308987 0.9182406 -0.012721 -0.2421746 0.9701493 -0.04082643 -0.9880844 0.1483995 -0.184604 -0.9159858 0.3562182 -0.07694184 -0.9485431 0.307158 -0.03782171 -0.9244384 0.3794512 -0.2453962 -0.8646539 0.4383541 -0.2616521 -0.7931457 0.5499619 -0.350227 -0.6246361 0.6979763 -0.2360059 -0.6707381 0.7031441 -0.2701348 -0.3015168 0.9143932 -0.2700601 -0.3014965 0.9144219 -0.3163281 -0.3495219 0.8819133 -0.2701858 -0.3013444 0.9144349 -0.2787532 0.1633535 0.946368 -0.1474181 0.3077509 0.9399773 -0.2529231 0.4166069 0.8731945 -0.3475164 0.3427553 0.8727836 -0.1473119 0.3078297 0.9399681 -0.1398801 0.5402609 0.8297901 -0.4647936 0.5116065 0.722652 -0.1399931 0.5403705 0.8296999 -0.4789622 0.6821348 0.5525282 -0.4569653 0.3253439 -0.8278492 -0.396376 0.5048863 -0.7667959 0.3377682 0.9369221 0.08994364 0.31503 0.924857 0.2130627 0.2340959 0.9720616 -0.01718789 0.234008 0.9720814 -0.01726597 0.3399463 0.9349293 0.1017048 0.04831445 0.9957289 0.07867556 0.07815372 0.996941 -7.54809e-4 0.0780577 0.9969486 -7.24947e-4 0.06544899 0.9788216 0.1939706 -0.08443188 0.9964029 -0.007245659 -0.08443957 0.9964016 -0.007350206 0.04824137 0.9957346 0.07864886 -0.1620246 0.9856622 -0.04709666 -0.08450692 0.996397 -0.007201015 -0.1858676 0.9776368 0.09838479 -0.2843999 0.9586815 -0.006832599 -0.2844719 0.9586594 -0.006944894 -0.1791931 0.9604458 -0.2131519 -0.3355596 0.9408246 -0.04742258 -0.3592007 0.9329916 0.02239775 0.002430438 0.005629897 0.9999813 0.003313899 0.002993524 0.9999901 0.002226352 0.001992285 0.9999955 0.002274096 0.001909255 0.9999957 0.003342092 0.002909421 0.9999902 0.001418471 7.61602e-5 0.999999 0.002233922 0.001960396 0.9999957 0.001436054 7.71995e-5 0.9999991 -1.94276e-7 0 1 0.001435875 7.70559e-5 0.999999 2.98548e-7 0 1 3.89599e-7 0 1 3.80757e-7 0 1 -0.816938 -0.57398 0.05620902 -0.9531772 -0.3009721 0.02947849 -0.9789268 -0.202945 0.02270746 -0.9999759 -0.005204379 0.004627585 -0.9999046 -0.01031929 0.009177386 -0.01546806 -0.1965925 -0.9803633 -7.04631e-4 -0.1793421 -0.9837866 -0.002857148 0.004151761 -0.9999874 5.8736e-5 0.001416862 -0.999999 -1.13821e-6 0 -1 1.20995e-6 0 -1 5.55212e-5 0.001341164 -0.9999991 -3.7951e-7 0 -1 5.57523e-5 -0.001341104 -0.9999991 4.25351e-7 0 -1 5.57039e-5 -0.001341104 -0.9999991 0.00154215 -0.002019464 -0.9999968 0.001501202 -0.002120196 -0.9999966 6.14034e-5 -0.001479327 -0.999999 0.002237558 -0.003103137 -0.9999927 0.001575291 -0.002037465 -0.9999967 0.002344191 -0.003050863 -0.9999926 -0.01827037 0.3430746 -0.9391305 -0.9909796 0.1340044 -0.001515746 -0.9949091 -0.1007577 -0.002006828 -0.9978263 0.06551104 0.007150709 -0.995083 -0.09863793 0.008970797 -0.9657969 -0.2592412 0.005520343 -0.9450175 -0.3252728 -0.03375691 -0.9226484 -0.3838132 -0.03751778 -0.9144608 -0.3922793 -0.0993911 -0.9651234 0.2616893 0.007469177 -0.9444854 0.3281026 -0.01720482 -0.9216169 0.3878906 -0.01277387 -0.9177486 0.3936901 -0.05239814 -0.05839788 -0.9979961 0.02436566 -0.02231353 -0.9997494 -0.00186187 0.1298528 -0.9914975 0.008421123 0.3870453 -0.9212775 -0.03799754 0.2657696 -0.9535395 0.1418772 0.4657057 -0.8412002 -0.2747739 0.5722561 -0.8174477 0.06559157 -0.9459666 0.3241087 -0.01004457 -0.8014476 0.5980519 0.003982663 -0.8575181 0.5143482 -0.01041895 -0.9051286 0.4250251 0.009801685 -0.9884076 0.150638 -0.01894038 -0.9964524 0.08409541 0.003280878 -0.9740878 -4.6178e-5 0.2261701 -0.7270583 0 0.6865758 -0.8919451 0 0.4521439 -0.6848324 -1.02836e-5 0.7287006 -0.4506101 -1.60577e-5 0.8927209 -0.1675935 -6.82684e-5 0.9858562 0.2254214 4.13417e-5 0.9742614 0.4506101 0 0.892721 0.6848075 1.4307e-5 0.728724 0.7270357 0 0.6865998 0.8919526 0 0.4521289 0.9857646 0 0.1681312 0.9740905 -1.61278e-5 -0.2261586 0.8919522 -5.76206e-5 -0.4521299 0.7288827 -9.28669e-6 -0.6846386 0.6886999 -2.10968e-6 -0.7250465 0.4556936 1.92896e-5 -0.8901367 0.6886848 -4.82798e-6 -0.7250609 0.4555371 8.63512e-5 -0.8902168 0.1693836 0 -0.9855502 -0.2279141 0 -0.9736813 -0.4555233 0 -0.890224 -0.6887093 0 -0.7250376 -0.7288721 0 -0.68465 -0.8919446 -4.60344e-6 -0.4521448 -0.9857615 0 -0.1681501 -1 -2.30308e-6 0 0.2626144 -0.4612177 -0.8475329 -0.01626271 -0.2194854 -0.9754803 -0.01417309 -0.1540801 -0.9879567 -0.1755074 -0.06999617 -0.9819866 -0.2488877 -0.00390315 -0.9685245 -0.2524655 0 0.967606 -0.5046524 5.23064e-5 0.8633227 0.3097735 -0.9461306 -0.09422039 0.4253306 -0.7832741 -0.4534044 0.5200101 -0.8454357 -0.1217705 0.5200914 -0.8453831 -0.1217893 0.3929525 -0.7195277 -0.5725978 0.5633296 -0.8147687 -0.1371562 0.5377381 -0.8429818 -0.01481491 0.5633686 -0.8147714 -0.1369799 0.5700564 -0.7298241 0.3773492 0.003413736 0.9999618 -0.008047044 0.005467891 0.9999806 0.002975583 0.003569364 0.9999918 -0.001917839 0.01099705 0.9999206 0.006160974 0.01100748 0.9999095 0.007732033 0.00534439 0.9999574 -0.007534027 0.002127051 0.9997738 0.02116423 -0.002138018 0.9999977 -3.31108e-4 -0.002812922 0.9998226 0.01862466 -0.003403961 0.9999627 0.007953464 -0.003559708 0.999992 0.001847326 -0.005493938 0.9999806 -0.002967238 -0.01097273 0.9999203 -0.006244838 -0.01095509 0.9999095 -0.007803201 -0.0053671 0.9999634 0.00666809 -0.00217539 0.9997605 -0.02177757 0.002165913 0.9999976 -5.76148e-4 0.00284624 0.9998135 -0.0191031 -9.55936e-4 0.996952 -0.0780124 9.33396e-4 0.9971264 0.07574963 0.8270537 -0.5587545 0.06144654 0.9418292 -0.3009037 0.1497161 0.98601 -0.098432 0.1345193 0.9985885 0.04091221 0.03387236 0.9779446 -0.168958 0.1227906 0.9264672 0.3717818 0.0586245 0.9021887 0.422246 0.088113 0.9451197 0.2942285 0.1420508 0.8969092 0.2325091 0.376156 0 1 5.83274e-6 0 1 -3.11612e-6 0 1 3.14386e-6 0 1 -4.05181e-7 0 1 -3.72849e-7 0 1 2.94069e-6 0 1 -7.70561e-7 0 1 -5.908e-7 0 1 -1.4884e-6 0 1 -3.78467e-7 0 1 -2.94014e-6 0 1 8.13521e-7 0 1 -2.27836e-6 0 1 5.90811e-7 0 1 2.64754e-6 0.05133235 0.9612336 0.2709153 -0.0235098 0.9826436 0.1840083 -0.2994964 0.9450549 0.1310463 -0.5355644 0.8334946 0.1358593 -0.3634663 0.9124268 0.1880682 -0.3750203 0.911889 0.1667884 -0.2995122 0.9450566 0.1309978 -0.05763041 0.9978682 0.03062665 -0.01470899 0.9997785 -0.0150541 -0.7090442 0.7050761 -0.01113933 -0.6812679 0.7315682 0.02611476 -0.8794353 0.340274 -0.3328772 -0.879461 0.3401182 -0.3329685 -0.8841424 0.4408631 -0.1546998 -0.8093458 0.2610844 -0.5261127 -0.5662863 0.04286897 -0.823093 -0.6848184 0.2229769 -0.6937615 -0.8092386 0.2611456 -0.5262473 -0.2530358 0.3312187 -0.9089924 0.3539621 0.9346548 0.03363293 0.181085 0.9714608 0.1532067 0.133853 0.9857534 0.1018509 0.01998412 0.9907716 0.1340612 0.03956198 0.9992172 0 0.5049307 -0.4409231 0.7420458 0.8059149 -0.06031668 0.5889509 0.6999989 -0.4693331 0.5382639 0.842476 -0.1972663 0.5013185 0.8060058 -0.06029903 0.5888283 0.9660872 -0.180566 0.1845847 0.7750225 -0.3425931 0.5310086 0.9660968 -0.1806199 0.1844817 0.9600024 -0.2053555 0.1903276 0.9854438 -0.1342816 -0.1042537 0.976828 -0.1993799 -0.07781296 0.9363976 -0.01512777 -0.3506148 0.9854533 -0.1341801 -0.1042967 0.9056003 0.2464664 -0.3451703 0.8672893 -0.142357 -0.4770155 0.8672333 -0.1425001 -0.4770747 0.9363496 -0.01513588 -0.3507425 0.7679992 -0.009071171 -0.6403866 0.8672435 -0.1423369 -0.4771048 0.7376074 0.1693629 -0.6536449 0.5603718 0.03381586 -0.8275507 0.5603216 0.03366804 -0.8275907 0.7679324 -0.009036719 -0.6404672 0.29952 -0.001951038 -0.9540881 0.8181205 -0.3852291 -0.4269396 0.7518938 -0.3521468 -0.5573585 0.8885197 -0.04413408 -0.4567114 0.8885198 -0.04404222 -0.4567198 0.7880409 -0.1280042 -0.6021682 0.8092255 0.2624135 -0.5256361 0.8885254 -0.0439549 -0.4567173 0.7266463 0.3033058 -0.6164339 0.8873075 0.2054876 -0.4128684 -0.8802083 -0.1860343 -0.4366059 -0.8680071 -0.2802405 -0.4099134 -0.8625186 -0.311491 -0.398792 -0.8479858 -0.372147 -0.3773947 -0.8487229 -0.372561 -0.3753237 -0.650508 0.6527756 0.3882313 -0.7249222 0.4911531 0.4829663 -0.6872673 0.2436686 0.6843166 -0.4109387 0.1426823 0.9004282 -0.518651 0.2258101 0.8246278 -0.357505 0.02129161 0.9336685 -0.77838 0.1596282 0.6071602 -0.8207576 -0.01470798 0.5710874 -0.9663115 0.01668685 0.2568342 0.9357824 -0.243272 0.2552058 0.8642167 0.3133929 0.3935916 0.9264664 0.3717787 0.05865895 0.926414 0.371917 0.05860769 0.9054834 0.3516821 0.2375281 0.8757721 0.4813579 0.0363031 0.9360014 0.3496262 0.04077905 0.9451828 0.2940375 0.1420263 0.8758692 0.4811826 0.03628247 0.9893718 0.01457405 0.1446752 0.9785794 -0.1330511 0.1570984 0.976549 -0.1550263 0.1493954 -0.8583271 -0.2748906 -0.4332549 -0.9448584 -0.07672888 -0.3183636 -0.9636987 0.07046759 -0.257525 -0.792887 0.3055451 -0.527231 -0.9637306 0.07051378 -0.257393 -0.908771 0.411383 -0.06999504 -0.9744077 0.166616 0.1508932 0.6410815 -0.6771572 -0.3612099 -0.01648277 -0.9984173 -0.05376976 0.261601 -0.9365165 -0.2334565 0.03453332 -0.9908648 -0.1303636 -0.01658028 -0.9984173 -0.05374103 0.04194277 -0.9984115 -0.03762245 -0.1410896 -0.9899599 0.008556962 -0.1410613 -0.9899641 0.00854212 -0.01655477 -0.9984175 -0.05374598 -0.1264546 -0.9919711 0.001682162 -0.1291372 -0.9916267 -3.49716e-4 -0.1265481 -0.9919592 0.001642882 -0.1295588 -0.9915718 0 0.1695638 -0.9845562 -0.043558 0.03449112 -0.990859 -0.1304175 -0.06629633 -0.9948068 -0.07723027 -0.5208028 -0.8222674 -0.2294356 0.1799762 0.4822586 -0.857342 0.008729398 0.1826729 -0.9831351 -0.1794939 0.4228246 -0.8882575 -0.3749105 0.1689178 -0.9115421 -0.5087959 0.4010482 -0.7617658 -0.7034779 0.1793304 -0.6877205 -0.7569441 0.4184998 -0.5018901 -0.910584 0.2060624 -0.3582948 -0.8312997 0.5321458 -0.1605043 0.6070386 -0.7379703 -0.2947948 0.6581804 -0.6663273 -0.3504377 0.5957669 -0.7325816 -0.3292205 0.5897497 -0.7294287 -0.3465965 0.3318553 -0.9178043 -0.2179623 0.5896447 -0.7295451 -0.3465301 -0.01522201 -0.9926478 -0.1200774 0.9857931 0.1229438 0.1144419 0.9773283 0.06463623 0.2016227 0.9829554 0.04028028 0.1793775 0.9707141 -0.1935604 0.1422973 0.9829683 0.04024833 0.1793138 0.9707217 -0.1935567 0.1422508 0.9835778 -0.1265296 -0.1287049 0.9835439 -0.1265931 -0.1289019 0.9964491 -0.08303809 0.01393073 0.8942475 -0.2342438 -0.3813809 -0.8157389 0.4951161 -0.299049 -0.9350756 0.3538933 0.01983398 -0.480585 0.8758742 -0.04338949 -0.3193106 0.9471126 -0.0319131 -0.6524516 0.7573038 -0.02824378 -0.4420471 0.8931891 0.08250868 -0.1265941 0.991353 0.03454577 7.43276e-7 0 1 -7.63994e-7 0 1 -0.001339793 -8.06248e-5 0.9999991 -0.00134015 -8.08199e-5 0.9999991 -3.65823e-7 0 1 -0.002192437 -0.002007067 0.9999956 -0.00145471 -8.78024e-5 0.9999989 -0.002240121 -0.00196433 0.9999956 -0.003309905 -0.002943217 0.9999902 -0.003265798 -0.003080129 0.99999 -0.002193629 -0.002037525 0.9999956 -0.00239551 -0.005771219 0.9999805 1.94276e-7 0 1 0.001340448 -7.27045e-5 0.9999991 0.00134027 -7.25425e-5 0.9999991 0.002217352 -0.001979112 0.9999956 0.002240717 -0.001980066 0.9999955 0.001434385 -7.75849e-5 0.999999 0.003347933 -0.002971589 0.99999 0.002228021 -0.001964271 0.9999956 0.00333929 -0.002998411 0.99999 0.002478957 -0.005743026 0.9999805 -0.707672 0 0.7065411 -0.707333 0 0.7068805 0.3610579 0.007496058 0.9325132 0.4601528 0.003763377 0.8878318 0.3118599 0.002575576 0.9501246 0.5243188 0.02461284 0.8511663 0.6942968 -0.01074403 0.7196087 0.1868466 1.5403e-5 0.9823892 0.3117343 0.00256145 0.9501659 0.1866992 1.60928e-5 0.9824172 0.2316589 -0.001231491 0.9727964 0.3544915 -0.001879274 0.9350574 0.426456 0.03002125 0.90401 0.5549727 -0.04109269 0.8308531 0.5494856 -3.8296e-5 0.8355032 0.3536726 -0.9339169 0.05210477 0.1986967 -0.9682564 0.1516546 0.1326304 -0.9859827 0.101229 0.01851516 -0.9921402 0.1237547 0.01499652 -0.9997991 -0.01330363 0.004946649 -0.9999293 -0.01081854 0.03763759 -0.9865641 -0.1589806 0.00283271 -0.9999818 -0.005345106 0.009700179 -0.9895368 -0.1439543 0 -1 1.39038e-7 0 -1 0 0 -1 -1.35523e-7 0 -1 0 -0.1004255 -0.9937997 0.0477184 0.009847283 -0.9999457 -0.003437817 -0.1721155 -0.9815006 0.08386218 0.0208711 -0.9997611 -0.006504178 0.008359134 -0.999933 -0.008027613 0.004555284 -0.9999812 -0.004125237 0.00233978 -0.9999969 -9.1069e-4 0.00232315 -0.999997 -9.03806e-4 0.004479765 -0.9999815 -0.004122674 0.00232315 -0.9999969 -9.03986e-4 0 -1 -1.22253e-7 0 -1 -1.94697e-7 0 -1 -1.25587e-7 -0.001847803 -0.9999966 -0.001880824 -0.001842617 -0.9999966 -0.001874625 0 -1 0 0.01119482 -0.9999193 -0.006009042 0.04319298 -0.9979038 -0.04819154 0.03131163 -0.9994509 -0.01084905 0.1470857 -0.9866291 -0.07020592 0 -1 0 0 -1 -1.30705e-7 -0.001847922 -0.9999966 -0.001880586 0 -1 0 -0.001847684 -0.9999966 -0.001880764 0.9814336 -0.1861041 -0.04640722 0.9890458 -0.006430387 -0.1474689 0.9719862 -0.2338465 -0.02363747 0.9275961 -0.353553 -0.120689 0.9702562 -0.2419788 -0.007022738 0.9860281 -0.165522 -0.01873832 0.9702609 -0.2419599 -0.007023513 0.9860625 -0.165338 -0.01854896 0.9864563 -0.13935 -0.08652007 0.9890704 0.1436103 -0.0334059 0.99648 0.03864759 -0.07439088 0.9751483 0.2168111 -0.04559487 0.9205509 0.3892109 -0.03318262 -0.5179432 0.1024927 -0.8492527 -0.4423766 0.1792132 -0.8787409 -0.7544702 0.2456685 -0.6086228 -0.7545639 0.2456681 -0.6085069 -0.7333554 0.1163406 -0.6698169 -0.6757475 0.3172161 -0.6653866 -0.7545107 0.2458155 -0.6085133 -0.7703087 0.3671371 -0.521378 -0.632008 0.7156198 -0.2974123 -0.6669663 0.4764764 -0.5728232 -0.6756958 0.317342 -0.6653791 -0.6828675 0.4409715 -0.5824398 0.2220627 -0.3037067 -0.926526 0.2994123 -0.001914441 -0.9541219 -0.1875558 -0.2402282 -0.952425 -0.2040613 0.1759951 -0.9630082 -0.4499812 -0.1160311 -0.8854681 -0.4717942 0.2966263 -0.8303151 -0.1617847 0.331457 -0.9294955 -0.5390467 0.5341423 -0.6512455 -0.05105549 0.9687792 -0.2426116 -0.1746263 0.9654256 -0.1935437 -0.2482803 0.8702187 -0.4255309 -0.1313011 0.479025 -0.8679257 -0.1407009 0.8288245 -0.5415286 -0.3408951 0.8711768 -0.3533293 -0.2484179 0.8702021 -0.4254843 -0.3437634 0.9266632 -0.1520598 -0.5348032 0.8430248 -0.05740082 -0.002740502 -4.79333e-5 0.9999963 -0.06951051 0.02558636 0.9972531 -0.00284028 -0.001104354 0.9999954 -0.007323622 0.002092421 0.9999711 -0.001642644 0.002166807 0.9999963 -0.001634299 0.00217247 0.9999963 -0.069489 0.02558147 0.9972547 2.9783e-4 0.00252211 0.9999969 -0.001619577 0.002140879 0.9999964 2.92378e-4 0.002475559 0.9999969 -0.001619994 0.002140581 0.9999964 -4.35842e-7 0 1 -4.17036e-7 0 1 -3.00467e-7 0 1 4.28683e-7 0 1 9.95786e-4 0.006006181 0.9999815 0.002293646 0.003710389 0.9999905 0.002286911 0.00372684 0.9999905 9.99787e-4 0.006030619 0.9999814 0.00456649 0.007421016 0.9999621 0.002288103 0.003672182 0.9999907 0.004575371 0.007367432 0.9999624 0.002233326 -0.001181066 0.9999969 -1.56902e-6 0 1 0.002034246 -0.001075446 0.9999974 -1.06527e-6 0 1 1.49806e-6 0 1 0.002445518 0.004345357 0.9999877 -9.47476e-7 0 1 0.002456009 0.00436449 0.9999876 0.003878653 -0.01496452 0.9998806 0.05108338 -0.1914138 0.9801793 0.001161873 -0.1922774 0.9813399 0.001645863 -0.4969984 0.8677499 -0.04894465 -0.1842362 0.9816626 -0.00252968 -0.009907007 0.9999477 -0.004269123 -1.262e-4 0.9999909 -0.002987325 -0.002086699 0.9999934 -0.002982854 -0.002080678 0.9999935 -0.004267334 -1.14164e-4 0.9999909 -0.005966067 -0.004166305 0.9999736 -0.00298953 -0.002073585 0.9999935 -0.005965352 -0.004173398 0.9999736 -0.002742409 -4.75508e-5 0.9999963 -0.002987086 -0.002087295 0.9999934 -0.002685129 -4.87938e-5 0.9999964 -0.00285685 -0.001121163 0.9999953 1.62986e-7 0 1 1.65367e-7 0 1 -0.02427297 0.005079746 0.9996925 0.04066193 -0.004838943 0.9991613 -0.0208649 0.2137439 0.9766669 -0.1662566 0.03262817 0.9855426 -0.2418701 0.03461354 0.9696911 -0.1029542 0.2401223 0.9652677 -0.009529113 0.008632123 0.9999173 -0.1587024 -0.02383559 0.9870388 -0.2523991 -0.06450843 0.9654706 -0.1664185 0.03262287 0.9855154 -0.4636057 -0.08982038 0.8814772 -0.5532062 0.07903504 0.8292867 -0.4719011 0.08676475 0.8773719 -0.8242603 0.09775495 0.5577086 -0.6307603 0.1143485 0.7675063 -0.9328744 0.01988238 0.3596528 -0.4487902 -0.2320777 0.8629758 -0.4489754 -0.2321206 0.8628681 -0.6201933 -0.1326938 0.7731446 -0.7716093 -0.42912 0.4695479 -0.4489333 -0.2321798 0.862874 -0.8058978 -0.4504228 0.38425 -0.3858773 -0.3751218 0.842842 -0.610552 -0.3742389 0.6979767 -0.7086076 -0.7047646 0.03438496 -0.8408818 -0.4571045 0.2897815 -0.794111 -0.6044617 -0.06335502 -0.5155169 -0.2200255 0.8281492 -0.4604969 -0.2973995 0.8363589 -0.6231737 -0.3349178 0.7067423 -0.4458348 -0.1266786 0.8861061 0.03337079 0.1631724 0.986033 -0.08024567 0.03368371 0.9962058 -0.02580481 0.5246961 0.8508985 0.06625872 0.1816379 0.9811308 0.007804691 -0.01653403 0.9998329 0.1276645 -0.01428622 0.9917145 0.1424248 -0.05202072 0.9884377 0.1266546 0.1062877 0.9862362 0.1267427 0.1063222 0.9862211 0.127827 -0.0142619 0.991694 0.5082604 -0.06617456 0.8586574 0.1331379 -0.08606147 0.987354 0.03212362 0.1982431 0.9796264 0.03213655 0.1984037 0.9795934 0.1476634 0.2457396 0.9580228 0.1495578 0.714263 0.6837111 0.06878459 0.005758166 0.997615 0.3565338 -0.2544683 0.8989602 0.2293913 -0.1859575 0.9554054 0.2946397 -0.2936198 0.9093817 0.06886863 0.005670905 0.9976096 0.6793474 -0.3914207 0.6207069 0.3324809 -0.3766793 0.8646209 0.566255 -0.7342498 0.3744764 0.4451537 -0.6485392 0.6174424 0.3324417 -0.376747 0.8646064 0.3785401 -0.4450799 0.8115488 0.6106989 -0.6486464 0.4542078 0.5662118 -0.7343271 0.3743901 0.6107017 -0.6487269 0.4540891 0.5628413 -0.8170209 0.1252461 0.8540296 -0.4821081 0.1954618 0.6808485 -0.6803624 0.2712057 0.6107135 -0.648706 0.4541031 0.611334 -0.4713261 0.6357064 0.7992969 -0.2685951 0.5375699 0.6107777 -0.6485924 0.4541789 0.4429174 -0.4764963 0.7594575 0.3855267 -0.08967459 0.9183287 0.2019854 -0.06655985 0.9771242 0.1088206 -0.02779537 0.9936728 3.04964e-7 0 1 4.89467e-6 0 1 1.20862e-6 0 1 5.13159e-7 0.009251952 0.9999572 2.44654e-6 0 1 -3.00268e-6 0 1 1.82979e-6 0 1 1.21308e-6 0 1 0 -0.009251952 0.9999572 -1.28406e-7 -0.009229362 0.9999575 -3.7672e-7 -0.01848411 0.9998292 0 0.03694009 0.9993175 -2.24798e-7 0.009221732 0.9999575 -2.20956e-7 0.01847249 0.9998295 0 -0.03693467 0.9993177 0.005757272 0.1460524 -0.9892602 0.02874928 0.1613363 -0.9864807 2.31583e-7 0 -1 0.08850902 0.2069591 -0.9743378 2.42507e-6 0 -1 1.10985e-5 0 -1 0 0 -1 0.001190841 -5.05701e-4 -0.9999992 0.00114721 -4.87202e-4 -0.9999992 0.001147627 -4.87413e-4 -0.9999992 5.02775e-7 0 -1 0.002136051 -0.00162667 -0.9999964 0.001202881 -5.10876e-4 -0.9999992 0.002214312 -0.00165987 -0.9999963 0.003351509 -0.002452552 -0.9999915 0.003212809 -0.002493679 -0.9999917 0.00213927 -0.001751005 -0.9999962 -0.1732738 0.1575385 -0.9721924 -0.984062 0.1224291 -0.1289697 -0.9568393 0.1075049 -0.2700023 -0.9925928 0.09104377 -0.08044064 -0.9502245 0.1192967 -0.2878228 -0.9907818 0.1183446 -0.06592363 0.7570242 -0.3693055 -0.5390065 0.490853 -0.8621686 -0.1254149 0.8611797 -0.4657261 -0.2036391 0.7114233 -0.6921151 -0.121876 0.2979032 -0.9516273 -0.07522803 0.4057351 -0.9139862 -0.002912104 0.9045479 -0.3901093 -0.17207 0.8673576 -0.4956334 0.04514962 0.9441139 -0.3059124 0.1227462 0.5609135 -0.6047 0.5654327 0.5953115 -0.6095064 0.5235515 0.4107173 -0.420933 0.808781 0.4106699 -0.4209834 0.808779 0.6197339 -0.6759452 0.3987832 0.5147199 -0.6537415 0.5546941 0.2443616 -0.2505424 0.9367583 0.3991363 -0.5061787 0.7645086 0.1245977 -0.1522363 0.9804589 0.9639689 0.2654061 0.01799267 0.9996666 -0.02567398 0.002749145 0.9995157 0.02918964 0.01079887 0.9789169 0.1199204 0.1653507 0.9996675 -0.02564036 0.002738356 0.9806111 -0.1958078 0.007831752 0.978908 0.1199963 0.1653481 0.9978075 0.06498187 0.01255929 0.978299 -0.1740848 0.1123635 -0.493278 0.4039113 0.7704107 -0.5752382 0.2138935 0.7895256 -0.5615237 0.1370638 0.8160299 -0.5615821 0.1369065 0.816016 -0.7588054 0.1510131 0.6335689 -0.8585234 0.06651663 0.5084419 -0.5615227 0.13691 0.8160564 -0.7201694 0.1088036 0.6852136 -0.5236368 -0.01598322 0.8517918 -0.1098688 0.2713483 0.9561898 0.09458303 0.2266641 0.9693697 -0.1246758 -0.04293847 0.991268 -0.04607343 -0.05035346 0.9976682 0.09458667 0.2266957 0.9693619 0.1699552 -0.06768965 0.9831243 0.1689354 -0.07480323 0.9827846 -0.001401782 -0.01038032 0.9999452 4.6782e-4 -0.003526151 0.9999937 -0.182805 -0.06024366 0.9813017 -0.001708507 2.54832e-4 0.9999986 -0.2180863 0.1408731 0.9657087 -0.1848747 0.2708394 0.944705 -0.9244245 0.09873676 0.368362 -0.8877274 0.007159709 0.460314 -0.8237183 -0.01450735 0.5668137 -0.6429515 -0.1568686 0.7496704 -0.7136147 0.1294305 0.6884779 -0.6428872 -0.156771 0.749746 -0.4381212 0.05233371 0.8973912 0.5029274 0.8327562 -0.2314762 0.2673093 0.9593241 -0.09079104 0.3438419 0.9208034 -0.1841031 0.1275573 0.9885917 -0.08009725 0.1708705 0.8837765 -0.4355944 -0.6779935 0.7115915 0.1842889 -0.5151041 0.1371276 0.8460875 -0.1353108 0.1848418 0.9734088 0.04915374 -0.02244496 0.9985391 0.04931497 -0.02242624 0.9985315 -0.03330361 0.2467315 0.9685115 0.4551703 0.1214069 0.8820887 0.5177689 -0.154175 0.8415138 -0.1826926 0.8507679 -0.4927652 -0.1026202 0.9483945 -0.3000282 0.1126524 0.9799366 -0.1644192 0.07506287 0.984077 -0.1611157 0.1506484 0.9873915 -0.04861325 0.1060472 0.9943252 -0.008463978 0.1309363 0.9912318 -0.01775312 0.1039705 0.994336 -0.0220524 0.08604955 0.9961935 -0.01392954 0.1277629 0.9917959 0.004200577 0.05749619 0.9800946 -0.1900233 0.05111366 0.9776869 -0.2037543 0.05110687 0.9776514 -0.2039262 0.05751156 0.98006 -0.1901969 0.09927868 0.8491123 -0.5187988 0.09763449 0.9951603 0.01112008 0.1185131 0.9925711 0.02751791 0.1131123 0.9861568 -0.1212453 0 1 -1.79457e-6 0.01801806 0.9998377 3.00309e-4 0.06185036 0.9972304 0.0413075 0.01427739 0.9998923 0.003412067 0.08344209 0.9855568 0.147361 9.5654e-4 0.9999251 -0.01221174 -0.003344535 0.9780161 0.2085028 -0.04584234 0.9933827 0.1053057 9.24408e-4 0.9999245 -0.01226228 -3.79033e-5 0.9997065 -0.02422869 -0.008446156 0.9999613 -0.002477765 -0.003361344 0.9780135 0.2085148 -0.008459568 0.9999612 -0.002469658 -0.1143644 0.9806225 0.1590612 -0.01783102 0.9996959 0.01703548 -0.01380223 0.9998538 0.0101003 -0.2299086 0.9711313 0.06360965 -0.008593797 0.9999622 0.001354455 -0.007489562 0.9999718 7.45862e-4 0 1 3.09228e-7 0.001202642 0.9999967 -0.002293944 0.001201868 0.9999967 -0.002292692 0.001201927 0.9999967 -0.002292633 0 1 -2.26599e-6 8.55144e-4 0.9999768 -0.006758451 -0.001824319 0.99996 -0.008761167 -0.001805543 0.9999601 -0.008754134 8.42423e-4 0.9999768 -0.006770491 -0.003402769 0.9999779 -0.005717337 -0.001789212 0.99996 -0.008769929 -0.003409922 0.999978 -0.005701005 0.07043892 0.9855233 -0.1542152 0.2964684 0.9377489 -0.180924 -0.2795718 0.9598469 0.0231024 0.002627313 -0.001197993 -0.9999958 0 0 -1 0.1147599 0.0157504 -0.9932684 0.00299257 0.002904653 -0.9999913 0.1202872 0.07738202 -0.9897187 8.24324e-4 -0.002406954 -0.9999968 0.05289244 0.08484411 -0.9949895 -0.002100944 -0.007812619 -0.9999673 -7.64999e-4 -0.009160518 -0.9999577 -0.02359348 0.09183353 -0.9954949 8.25475e-4 -0.004030704 -0.9999915 -0.08440959 0.0854057 -0.9927643 -0.002634644 4.09859e-4 -0.9999965 -0.11242 0.03341859 -0.9930987 -0.005556523 0.001912891 -0.9999828 -0.002162396 0.001538693 -0.9999965 -0.1130071 -0.01600396 -0.9934654 -0.003077387 -0.002991914 -0.9999909 -0.1215214 -0.07842439 -0.9894858 -8.60834e-4 0.002316176 -0.999997 -0.05400437 -0.0862106 -0.9948122 0.002120375 0.007801353 -0.9999673 7.99145e-4 0.009269177 -0.9999567 0.02403038 -0.09365749 -0.9953145 -8.27131e-4 0.004074931 -0.9999914 0.08380144 -0.08543235 -0.9928135 0.00252372 -2.62753e-4 -0.9999968 0.1128921 -0.03291755 -0.9930619 0.00558865 -0.001917004 -0.9999825 0.3535521 -0.02697759 -0.9350258 0.3186002 0.1185461 -0.9404471 0.2638737 0.2600542 -0.9288394 0.09778404 0.2945733 -0.9506129 0.03234511 0.2170326 -0.9756284 -0.01058125 0.2872018 -0.9578117 -0.1384835 0.2154498 -0.9666456 -0.1371365 0.2136802 -0.9672303 -0.3060376 0.1674383 -0.9371795 -0.3435733 0.02543354 -0.9387815 -0.3185383 -0.1185222 -0.9404711 -0.2695751 -0.2648894 -0.925831 -0.09928816 -0.2984351 -0.9492515 -0.03290545 -0.2206951 -0.9747876 0.01052051 -0.2937878 -0.9558128 0.1401935 -0.2178964 -0.9658504 0.1379421 -0.2149366 -0.9668373 0.2985964 -0.1628922 -0.9403758 -0.19082 0.02311104 -0.9813529 -0.6433809 0.008360564 -0.7655006 -0.3849093 0.03582429 -0.9222589 -0.7059438 5.17201e-5 -0.7082679 -0.02292394 0.07269138 -0.997091 -0.1906323 0.02387064 -0.9813713 0.127827 0.06618642 -0.9895856 0.3806701 0.007164001 -0.9246832 0.5053891 0.8614684 0.04953664 0.8048885 0.5925952 0.03139138 0.7892668 0.5907016 0.1677187 0.8366283 0.5143535 0.1883975 0.805009 0.5924325 0.03137362 0.9497139 0.3040742 -0.07471609 0.8648032 0.5011107 -0.031681 0.9497075 0.3040676 -0.07482355 0.8340939 0.4642674 -0.2978983 -0.6254898 0.7757656 -0.08336865 -0.527902 0.8345485 0.1576335 -0.2023521 0.9789982 0.0248261 -0.2022163 0.9790271 0.02478832 -0.3125154 0.9402769 0.1349576 -0.1548514 0.9714077 0.1799672 -0.006408929 0.9965816 0.0823661 0.007448494 0.9965128 -0.08310812 0.206376 0.9781264 -0.02603375 0.3960414 0.8830857 0.2516168 0.6178489 0.7818292 0.08370137 0.5220161 0.8383653 -0.1569808 0.3218743 0.9365998 -0.1384844 0.1577677 0.9702531 -0.1836255 -0.3992142 0.8817378 -0.2513297 -0.5133803 0.8412212 -0.1696692 -0.984978 0.008719384 0.1724597 -0.9848145 0.004323244 0.1735563 -0.9164634 0.002395927 0.4001114 -0.9843868 -0.001659333 0.1760111 -0.9844883 -0.002062022 0.1754388 -0.8671901 -0.001146852 0.4979759 -0.6224939 0.00125581 0.7826237 -0.5985093 0.004275202 0.8011045 -0.4120199 -0.9012604 0.1340505 -0.4097292 -0.9120649 -0.01612091 -0.3492884 -0.9361909 0.0392993 -0.2820752 -0.958968 -0.0285297 -0.3492353 -0.9362045 0.03944653 -0.2819896 -0.9589982 -0.02836257 -0.1577374 -0.9847237 0.07374387 -0.09034734 -0.9958481 -0.01113885 0.03846645 -0.9988776 0.02764147 0.1063643 -0.9940261 -0.02446925 0.263989 -0.9642438 0.02332019 0.2651954 -0.9639396 0.02218097 0.2641081 -0.96421 0.02337044 0.2653551 -0.963894 0.02225166 0.3561128 -0.9339339 0.03084444 0.3551116 -0.934824 0 -0.6049154 -0.02929884 -0.7957507 -0.265182 0.01751506 -0.9640393 -0.5039637 0.03667342 -0.862946 -0.2876334 0.02516525 -0.9574099 -0.8382785 -0.05451506 -0.5425101 -0.7240518 0.01954859 -0.6894688 -0.5040321 0.03674888 -0.8629028 -0.8266794 0.3378285 -0.4499703 -0.7490169 -0.04821503 -0.6607943 0.1106145 -0.993851 -0.004971981 -0.2235262 0.3091507 -0.9243711 9.78729e-7 0 -1 -0.2200474 0.08271402 -0.9719761 -0.2786043 0.06716239 -0.9580547 -0.350424 0.1631972 -0.9222634 -0.278752 0.06712192 -0.9580146 -0.6380531 0.1888101 -0.7464844 0.3530558 -0.9355463 -0.0102325 0.336472 -0.9413093 -0.02689874 0.2300524 -0.9674834 -0.1051284 0.3969522 -0.9115114 -0.1075929 0.3620086 -0.8355452 -0.4132968 0.06921988 -0.01691854 0.997458 -0.3240918 -0.02602416 0.9456677 -0.06686455 -0.01408171 0.9976627 -0.4445109 -0.0379635 0.8949687 -0.6555005 -0.0320062 0.7545164 -0.7495352 -0.03999108 0.6607555 -0.8955091 -0.04491001 0.4427716 -0.7495954 -0.04001486 0.6606857 -0.8955397 -0.04492205 0.4427085 -0.9473139 -0.0509718 0.3162251 -0.9969213 -0.04508626 0.06415081 -0.9971094 -0.04240268 -0.0630477 -0.947195 -0.0402798 -0.3181182 -0.9971055 -0.04240018 -0.06311023 -0.9471673 -0.04027295 -0.3182018 -0.8946857 -0.03804737 -0.4450729 -0.7497313 -0.03187698 -0.6609742 -0.6586152 -0.03188782 -0.7518041 -0.4458157 -0.03409737 -0.8944752 -0.322116 -0.04357367 -0.9456969 -0.06668573 -0.04336005 -0.9968315 0.06695294 -0.04336243 -0.9968135 0.3229762 -0.03772515 -0.945655 0.4476693 -0.04599004 -0.8930159 0.6617388 -0.05179941 -0.747943 0.753129 -0.05981373 -0.6551483 0.8948161 -0.05682426 -0.442804 0.7531892 -0.05983012 -0.6550775 0.8948723 -0.05682832 -0.4426898 0.9454235 -0.05100691 -0.3218272 0.9967181 -0.04520958 -0.06715184 0.9967537 -0.04524046 0.06659978 0.9454498 -0.05101543 0.3217485 0.9967463 -0.04524785 0.06670528 0.9454275 -0.05103296 0.3218113 0.8945989 -0.05684167 0.4432402 0.7504503 -0.05983525 0.6582129 0.6564637 -0.05981576 0.7519824 0.44103 -0.05675077 0.8956964 0.3234744 -0.03683078 0.9455199 -0.008365452 -0.005876421 0.9999479 -0.2615538 -0.2401155 0.9348445 -0.1825728 -0.1628434 0.969613 -0.381353 -0.08122253 0.9208545 -0.2616781 -0.2401744 0.9347946 -0.4993001 -0.4418146 0.7453184 -0.01428663 -0.006385803 0.9998776 2.9703e-6 0 1 -0.3439273 0.9359045 0.07613795 -0.5190423 0.8459329 -0.1224446 -0.6205331 0.7824852 0.05153286 -0.7611861 0.6407313 -0.100296 -0.8350807 0.5496054 0.02396494 -0.9286086 0.3661405 -0.06022638 -0.9650861 0.2618647 0.005996525 -0.997967 0.05685043 -0.02881312 -0.9984917 -0.05283123 0.01494365 -0.9657279 -0.2589886 0.01716959 -0.9329299 -0.358828 0.02973902 -0.8407058 -0.5414569 0.006182551 -0.7785986 -0.6270341 0.02475231 -0.6338421 -0.7734598 0.002083837 -0.7785566 -0.6270849 0.02478367 -0.6337923 -0.7735006 0.00210613 -0.546429 -0.8367559 0.03542762 -0.3646025 -0.9311633 -3.67587e-4 -0.262528 -0.9641095 0.03964948 -0.06124794 -0.9980455 -0.01240479 0.0487287 -0.997947 0.04156094 0.2502594 -0.9680589 -0.01523834 0.3535958 -0.934175 0.0478245 0.5335858 -0.8451597 -0.03148764 0.6237006 -0.7804062 0.04431563 0.7690362 -0.6385975 -0.0278719 0.834294 -0.5480381 0.06006532 0.9240936 -0.3812775 -0.02604937 0.957611 -0.2755358 0.0840314 0.9687836 -0.1242074 0.2145482 0.9576185 -0.2754768 0.08413869 0.9446114 -0.1059236 0.3106276 0.9508112 -0.003065049 0.309756 0.9373729 -0.04565417 0.345323 0.8940198 0.1268408 0.4296976 0.8255294 0.2687852 0.4962417 -0.6795054 -0.06690406 0.7306137 -0.7222416 -0.1334052 0.6786532 -0.5678875 0.08314651 0.818896 -0.5978644 -0.01148653 0.8015151 -0.5678174 0.08319234 0.8189399 -0.4985193 0.1615852 0.8516859 -0.1919322 0.2967662 0.9354635 0.2244006 0.3107663 -0.9236173 0.2437012 0.1667507 -0.9554078 0.249324 0.1179164 -0.9612146 0.2362873 -0.1032581 -0.9661813 0.2240284 -0.1650334 -0.9605079 0.181418 -0.3446484 -0.9210348 -0.3695307 0.9292026 0.005444824 -0.1685377 0.9856681 0.007323682 -0.22214 0.9734401 0.05539244 -0.07189339 0.9956727 -0.05888426 0.04431605 0.998992 -0.007147669 0.2215787 0.9750308 -0.01476287 0.3055819 0.9521636 -0.002091705 0.5102995 0.8574493 0.06614571 0.9160676 0.3944044 0.07256263 0.8755186 0.4790639 0.0629692 0.7312703 0.6820878 -2.8299e-4 0.5808065 0.8140408 -0.001278638 0.7311687 0.6821967 -2.67819e-4 0.349307 0.9369328 -0.01190519 0.1784622 0.9839351 0.004815936 0.5531921 -0.757942 -0.3456914 0.6129037 -0.6731981 -0.413707 0.5034611 -0.8232253 -0.262349 0.5035189 -0.8231778 -0.2623876 0.5960463 -0.6247556 -0.5043899 0.6778224 -0.6205115 -0.3943633 0.558964 -0.7769937 -0.2895517 0.8221394 -0.2647004 -0.5040045 0.9225622 -0.318087 -0.2184028 0.5262925 0.03163468 -0.849715 0.7660747 0.05268669 -0.6405887 0.6178755 0.0329225 -0.7855864 0.8373816 0.02657002 -0.5459728 0.930805 0.02670711 -0.3645393 0.9641863 0.01501119 -0.2648012 0.9960266 0.04791837 -0.07506585 0.9982401 0.04789221 0.03497254 0.9320018 0.236247 0.2748821 0.9982376 0.04786664 0.03507924 0.9685946 0.06179708 0.2408439 0.9333726 0.02476149 0.3580536 0.9333134 0.02476757 0.3582076 0.9319583 0.2362465 0.2750295 0.8312161 0.2046589 0.5169088 0.7745308 0.01492089 0.6323603 0.774442 0.01492166 0.6324689 0.8374556 0.02156513 0.5460798 0.6287226 0.0111078 0.7775504 0.5452672 0.008848845 0.8382157 0.3668209 0.01000684 0.9302378 0.2670889 0.003546774 0.9636654 0.07463872 0.04300963 0.9962828 -0.0379697 0.04311537 0.9983484 -0.2397216 0.05154353 0.9694725 -0.3520934 0.00505948 0.9359512 -0.523863 0.04586452 0.8505669 -0.6169958 0.04511475 0.7856722 -0.7683737 0.05027866 0.6380235 -0.8388996 0.01471012 0.5440875 -0.9292867 0.02097934 0.368763 -0.9630407 0.01113623 0.2691255 -0.9962711 0.04089212 0.07597351 -0.9986987 0.03158777 -0.04003983 -0.9346574 0.2194029 -0.2797819 -0.9986957 0.0315721 -0.04012537 -0.9684638 0.03959041 -0.2459891 -0.9342343 0.009602069 -0.3565308 -0.9341748 0.009602725 -0.3566865 -0.9346233 0.219398 -0.2798998 -0.8338086 0.2025703 -0.5135452 -0.7783933 0.0279296 -0.6271553 -0.7782991 0.02793681 -0.6272719 -0.840409 0.01873952 -0.5416286 -0.6295155 0.02613389 -0.7765485 -0.5442466 0.02085906 -0.8386659 -0.3646874 0.01585823 -0.930995 -0.26488 0.003565192 -0.9642748 -0.07461595 0.04300463 -0.9962847 0.03623133 0.04741841 -0.9982178 0.2348964 0.05973106 -0.9701834 0.3512051 0.004514634 -0.9362877 -0.6237369 0.7499229 0.2203812 -0.3551777 0.9128583 0.2013423 -0.5630526 0.6563578 0.5021616 -0.6986954 0.3422837 0.628225 -0.6569283 0.6552168 0.3730096 -0.5968303 0.5168399 0.6137347 -0.473092 0.4298347 0.7690424 0.7201699 0.2082168 0.6618167 0.8940736 0.09592926 0.4375271 0.942224 0.07911217 0.3255077 0.9951445 -0.06768572 -0.07145714 0.9761218 -0.08838307 -0.1984305 0.8548192 -0.2111208 -0.4740382 -0.715672 2.02665e-5 0.6984366 -0.4357722 1.97841e-5 0.900057 -0.6288598 2.81483e-5 0.7775189 -0.3298985 0 0.9440164 -0.1050143 -2.28509e-5 0.9944707 0.01409214 0 0.9999007 0.2438181 5.54791e-6 0.969821 0.354364 -2.22067e-5 0.9351077 0.5604493 0 0.8281889 0.6554577 0 0.755232 0.8128046 0 0.5825366 0.8754911 -5.6228e-6 0.4832344 0.9626331 0 0.2708089 0.9874523 2.76935e-5 0.1579179 0.997545 0 -0.07003033 0.9827382 -1.99969e-5 -0.1850022 0.9135202 0 -0.4067934 0.858265 0 -0.5132068 0.7168953 0 -0.6971809 0.6316142 0 -0.7752829 0.43675 -2.27893e-6 -0.8995829 0.3267926 2.27892e-6 -0.9450961 0.09975022 5.60134e-6 -0.9950125 -0.0171352 0 -0.9998532 -0.2443264 -2.21629e-5 -0.9696931 -0.3546406 -4.21252e-5 -0.9350027 -0.5593081 0 -0.8289599 -0.6533126 0 -0.7570883 -0.8100319 0 -0.5863859 -0.8729153 -2.23993e-5 -0.487872 -0.9615978 2.82029e-5 -0.2744628 -0.9871789 2.255e-5 -0.1596176 -0.9973899 0 0.07220512 -0.9819633 0 0.189072 -0.9118804 2.0344e-5 0.410456 -0.8572437 0 0.5149111 -0.01677542 0.9998391 -0.006353735 -0.1927331 0.9661452 -0.1715154 0.01949864 0.9997705 0.008870005 0.1336758 0.9838106 -0.119364 0.2529048 0.9673402 -0.01708883 0.1338457 0.9837858 -0.1193767 0.6617187 0.7491881 -0.02907812 0.1043304 0.9923555 -0.0659244 0.1603159 0.9692544 -0.1866678 0 1 0 0.004557132 0.9999866 -0.002496063 0.07865828 0.9790614 -0.187754 0.3110985 0.8259752 -0.470088 0.4552244 0.5774842 -0.6777041 0.1603951 0.9692346 -0.1867022 0.5643944 0.6560966 -0.5009952 0.4696777 0.7995095 -0.3744161 0.1604184 0.9692199 -0.1867585 0.1872144 0.9760318 -0.1109623 0.6590198 0.5431804 -0.5202383 0.4281843 0.8673669 -0.2536394 0.8006727 0.51956 -0.2982963 0.5884099 0.7775195 -0.2218949 0.1872549 0.9760305 -0.1109061 0.2996079 0.9517015 -0.06707775 0.8417244 0.4296741 -0.3269253 0.4883714 0.8657731 -0.1092263 0.9025464 0.4271864 -0.05405521 0.6331535 0.7734994 -0.02855587 0.2995879 0.951714 -0.0669884 0.381838 0.9232739 0.04201328 0.9025738 0.4271375 -0.05398291 0.4996942 0.8644542 0.0549969 0.8776994 0.4239616 0.2233841 0.6173879 0.7683415 0.1687709 0.3818307 0.923277 0.04200994 0.172076 0.9820873 0.0767759 0.8776906 0.4239526 0.2234359 0.4525948 0.8685253 0.2020436 0.7653458 0.4238353 0.4843649 0.5314576 0.7703676 0.3522593 0.1720348 0.9820899 0.07683461 0.1895735 0.9656354 0.1777927 0.7653102 0.4238338 0.4844226 0.3716494 0.8603858 0.3487305 0.581409 0.417356 0.6984109 0.4053742 0.7596541 0.5085248 0.1895058 0.9656388 0.1778461 0.1072891 0.9753553 0.1927985 0.5813916 0.4173442 0.6984322 0.2457487 0.8628621 0.4416747 0.337407 0.4369777 0.8337908 0.2182932 0.7872723 0.576672 0.1072647 0.9753502 0.1928374 0.04376852 0.9686353 0.2446019 0.233448 0.6387246 0.7331663 0.08555841 0.873912 0.4784951 0.07923609 0.6572329 0.7495109 0.0263043 0.8044871 0.5933874 0.04371923 0.9686378 0.2446006 -0.02914535 0.9775761 0.2085562 -0.1487306 0.8290349 0.5390551 -0.09358096 0.9801024 0.1750485 0.001838922 0.9999983 3.15409e-4 0 1 2.58517e-7 0 1 0 0.02127605 0.9892181 0.1448966 0 1 2.33247e-7 0.05677086 0.9926251 0.1071101 0 1 9.58588e-7 0 1 0 0.1030648 0.9897451 0.09890568 0 1 -4.16488e-7 0.09149795 0.9949707 0.04076164 0 1 -1.28731e-7 0.175189 0.9835837 -0.04326599 0.2353748 0.9716157 0.02369987 0.004815816 0.9999774 -0.004701673 -0.002663075 0.9999942 -0.002170383 0.001897811 0.9924535 -0.122608 -0.02317565 0.9653165 -0.260052 0.07859551 0.9790648 -0.1877626 0.1723126 0.8656767 -0.4700133 0.1599053 0.7331312 -0.6610211 -0.2227669 0.9111349 0.3467105 -0.1352393 0.9859611 0.09793305 -0.06971216 0.9957385 0.06037509 -0.007048487 0.9999709 0.00293076 -0.01307821 0.9998957 0.006132185 0.001610159 0.9999983 -9.49864e-4 -0.03983604 0.9951621 -0.08980852 -0.1416035 0.9377378 -0.3171694 -0.1393362 0.9860966 0.09054881 0.2020094 0.9776991 0.05741822 0.2580722 0.9650731 0.04508662 0.1947355 0.9755299 -0.1020774 -0.004917621 0.9999878 -6.23485e-4 0.03598976 0.9890748 -0.1429539 -0.0141943 0.9998981 -0.001571655 0.002023279 0.9999976 9.2714e-4 0.003112852 0.999988 0.003783941 0.001226365 0.9999865 0.005064547 0.176765 0.9009791 -0.3962209 -0.1069687 0.9298186 -0.3521296 0.04389089 0.9977508 0.05066621 -0.2292937 0.950936 0.2077144 -0.1071291 0.929778 -0.352188 -0.03988277 0.9951541 -0.08987712 -0.1489466 0.838633 -0.5239368 -0.4493423 0.834905 0.3178446 -0.7114018 0.3721984 0.5961342 -0.3484016 0.9049943 0.2441346 -0.8500292 0.3923913 0.3513966 -0.4907623 0.8332427 0.2546746 -0.1352779 0.9859637 0.09785515 -0.1394833 0.9860728 0.09057998 -0.583752 0.6850464 0.4358268 -0.7784619 0.6231025 0.07576531 -0.5389201 0.7024101 0.4649575 -0.538879 0.7024744 0.4649077 -0.6701414 0.7379688 0.07945162 -0.6855112 0.6739873 0.2753463 -0.5033628 0.666386 0.5500507 -0.6855606 0.673916 0.2753978 -0.3754531 0.4020909 0.8350797 -0.1755092 0.1854835 0.9668467 -0.6173398 0.6257989 0.4767258 -0.6682438 0.4557924 0.5879656 -0.1754969 0.1854714 0.9668512 -0.3710959 0.3072586 0.8762877 -0.08608764 0.2573087 0.9624871 -0.06951975 0.1582133 -0.9849546 -0.0688641 0.127597 -0.9894326 -0.01976794 0.1186999 -0.9927334 -0.1427977 0.09674733 -0.9850121 -0.01414805 0.0677793 -0.9976001 -0.1950889 0.0132988 -0.9806954 -0.01423406 0.0677551 -0.9976005 -0.3159556 0.03474652 -0.9481376 -0.4663573 0.07461225 -0.8814443 0.05819571 0.2576625 -0.9644809 -0.0425598 0.1069915 -0.9933487 0.02105492 -0.01290011 0.9996951 0.02138292 -0.01297056 0.9996873 0.02228116 -0.008813679 0.999713 0.02230447 -0.008749663 0.999713 0.02201175 -0.01310652 0.9996718 0.0152769 -0.00447911 0.9998733 0.01159715 -0.001090586 0.9999322 2.81892e-6 0 1 0.01547795 8.0938e-5 0.9998803 0.02298152 0.001409232 0.9997349 0.02253186 0.004574 0.9997357 0.1472753 0.05848211 0.9873651 -0.03022909 0.09341019 0.9951687 0.162145 0.1764011 0.9708716 -0.7540543 0.450839 0.4776468 -0.4532833 0.05834549 0.889455 -0.3419623 0.1271945 0.9310657 -0.3418987 0.1270535 0.9311083 -0.5882187 -0.1310337 0.7980157 -0.04754024 -0.1045873 0.9933789 0.2115515 0.1045012 0.9717642 0.5310517 -0.06981289 0.8444586 0.7327429 0.1104534 0.671482 0.8921842 -0.1420701 0.4287463 0.9769148 0.1316372 0.168253 0 0.03469794 0.9993979 0 0.01735383 0.9998494 -6.10016e-7 0.01155638 0.9999333 3.24748e-7 0 1 1.01659e-6 0 1 -1.51369e-7 0 1 -3.175e-6 0 1 0.8340165 0.5495755 0.04881966 0.9726439 0.2318095 0.01511406 0.8651378 0.4994484 0.04569542 0.9830167 0.1754162 0.05392134 0.9933704 -0.1149579 -2.7973e-5 0.9818974 -0.1795504 0.06032609 0.8938661 -0.44812 0.01385152 0.8548684 -0.5161736 0.05258285 0.6843805 -0.7284958 0.03028708 0.6842808 -0.7285892 0.03029346 0.6451566 -0.7618647 0.05775254 0.3984677 -0.9163907 0.03810054 0.3387332 -0.939767 0.04580503 0.05707895 -0.9982742 0.01381379 -0.002004683 -0.9997622 0.02171725 -0.2858882 -0.9575571 0.03677529 -0.3395362 -0.9397063 0.0408318 -0.596665 -0.8014242 0.04135441 -0.6408114 -0.766258 0.04700595 -0.8345858 -0.5496658 0.03652781 -0.8651918 -0.4987068 0.05229514 -0.9721688 -0.2296386 0.04641044 -0.9821216 -0.175206 0.06884819 -0.9921804 0.1154769 0.04736304 -0.982656 0.1780591 0.05178833 -0.8932219 0.4460662 0.05638939 -0.8656318 0.4998527 0.0287947 -0.6862437 0.7261238 0.04258978 -0.6861567 0.726208 0.0425561 -0.64455 0.7631229 0.04689133 -0.3964406 0.9177713 0.02303481 -0.3413019 0.9389223 0.04402327 -0.05985134 0.9982033 0.002856671 -0.002511382 0.9989562 0.04561167 0.2867141 0.9576637 0.02598607 0.3408821 0.9384273 0.05615741 0.5962109 0.8010313 0.05368006 0.6425802 0.7643722 0.05315965 0.03862464 0.2549003 -0.9661957 0.17374 0.3362575 -0.9256054 0.2474615 0.08895266 -0.9648059 0.3171881 0.2508001 -0.9145989 0.3917372 0.2423693 -0.8875806 0.6661024 0.3855912 -0.6384567 0.2476086 0.08889907 -0.9647731 0.702004 0.1986058 -0.6839197 0.6339809 -0.2143971 -0.7430358 -0.2326663 -2.00489e-5 -0.9725567 -0.5212914 0 -0.8533788 -0.3329906 -1.80532e-5 -0.9429302 -0.608989 9.73466e-6 -0.7931787 -0.7605788 0 -0.6492458 -0.8245519 0 -0.5657864 -0.9233791 -1.9986e-5 -0.3838896 -0.9583359 0 -0.2856438 -0.9967483 2.35526e-5 -0.08057874 -0.999657 -3.37906e-5 0.026192 -0.9721285 0 0.234449 -0.9419117 0 0.3358607 -0.8520914 0 0.523393 -0.7927539 0 0.609542 -0.6508976 0 0.7591656 -0.5685734 0 0.8226326 -0.3849792 -1.23972e-5 0.9229254 -0.2833954 0 0.9590032 -0.07703387 0 0.9970285 0.02761757 -3.10333e-6 0.9996186 0.232609 6.06477e-6 0.9725703 0.02771669 -6.0685e-6 0.9996159 0.2326885 2.57633e-6 0.9725514 0.3329977 0 0.9429277 0.521295 0 0.8533766 0.6089923 0 0.7931762 0.7605845 0 0.649239 0.8245573 0 0.5657786 0.9239826 0 0.3824349 0.9592522 0 0.2825513 0.9968622 0 0.07915765 0.9997085 -2.52281e-5 -0.02414667 0.9728142 0 -0.2315872 0.9420456 -1.87006e-5 -0.3354852 0.8519228 0 -0.5236676 0.793695 -1.96912e-5 -0.6083159 0.6509596 0 -0.7591124 0.5658254 0 -0.8245252 0.381167 0 -0.9245063 0.2818895 3.5886e-5 -0.959447 0.07768708 -3.69549e-6 -0.9969779 0.2818007 3.70294e-6 -0.959473 0.07757085 3.73693e-6 -0.9969869 -0.02732342 2.00964e-6 -0.9996267 -1.00626e-6 0 1 -2.50135e-7 0 1 -2.30988e-7 0 1 6.8989e-7 0 1 0.8199353 -0.5703145 0.04947066 0.5975736 -0.7959438 0.09684658 0.2767081 -0.9602162 0.03765064 -0.05642855 -0.9979804 0.02917373 -0.389751 -0.9194328 0.05232191 -0.6823065 -0.7277758 0.06928431 -0.6823644 -0.7277216 0.06928384 -0.8895575 -0.4509388 0.07308834 -0.9967266 -0.07258218 0.03561085 -0.981377 0.1916225 -0.01342296 -0.8274457 0.5612152 0.01926964 -0.6528773 0.7551131 0.05962735 -0.652807 0.7551746 0.0596193 -0.286697 0.9549517 0.07662934 0.05569893 0.9956131 0.0751816 0.3962306 0.9163172 0.05800139 0.3963033 0.9162859 0.05799955 0.6848751 0.7263409 0.05809414 0.8871566 0.4528404 0.08881914 0.8871893 0.4527713 0.08884418 0.9913898 0.1035002 0.08021366 0.9575194 -0.2780542 0.07643675 -0.9372259 0.3422012 -0.06712812 -0.9371654 0.3423724 -0.06709802 -0.06800979 0.9974653 -0.02092164 -0.02660077 0.999572 -0.01217865 -0.0177555 0.9998094 -0.00812292 0.1539822 0.9852571 0.07455211 -0.02656412 0.9995731 -0.01217281 0.004868626 0.9999876 -0.001124441 0.004550755 0.9999884 -0.00162214 -0.02733033 0.9996061 -0.006387233 -0.1615337 0.9758246 0.1472189 -0.4215983 0.9010774 -0.1015595 -0.1862959 0.981186 -0.05067324 -0.1862862 0.9811888 -0.0506547 -0.5587732 0.804346 -0.2019905 -0.3122527 0.9304344 -0.1918081 0.8635769 -0.4685789 0.1861956 0.8950948 -0.3790014 0.2348689 0.6763288 -0.7330586 0.07214093 0.6763118 -0.7330802 0.07208281 0.7952347 -0.5322749 0.2903195 0.7847626 -0.6197605 0.006699502 0.322386 -0.9365816 0.1374132 0.3871254 -0.9100773 0.147964 0.06319594 -0.9895078 0.1299256 -0.1636181 -0.9078779 -0.3859882 0.1232023 -0.9566474 -0.2639073 0.2915555 -0.8272926 -0.4801899 0.419381 -0.5631114 -0.7120571 0.2825028 -0.7319768 -0.6200017 0.4019392 -0.8554055 -0.3266903 0.2916559 -0.827323 -0.4800766 3.7043e-7 0 -1 1.97012e-6 0 -1 -2.52649e-7 0 -1 -1.47683e-6 0 -1 5.9683e-7 0 -1 8.1306e-7 0 -1 -1.9691e-6 0 -1 -7.16203e-7 0 -1 1.01885e-6 0 -1 -5.08281e-7 0 -1 7.17344e-7 0 -1 2.52775e-7 0 -1 1.47759e-6 0 -1 -5.96829e-7 0 -1 -4.55953e-7 0 -1 0.03366827 0.9713935 0.235077 0.09581696 0.9917646 0.08498263 0.03599214 0.9918014 0.1226158 -0.06803363 0.969599 0.2350517 -0.09254121 0.9889822 0.1155446 0.1531443 0.9827405 0.1037691 0.8372446 -0.03211206 0.5458851 0.7415301 0.01658505 0.6707146 0.6816473 0.002258181 0.7316775 0.588415 0.01944065 0.8083254 0.5484679 -0.02601724 0.8357669 0.1413978 0.9827336 0.1193376 0.1379135 0.9898633 0.03392207 0.2349815 0.9044189 0.3561044 0.2505355 0.9333931 0.256923 0.1379032 0.9898672 0.03384709 0.3493983 0.9342713 0.07111924 0.2350524 0.9043611 0.3562042 0.3495872 0.9341938 0.07121038 0.2851326 0.9100218 0.3009314 -0.1067773 0.5450097 0.8316028 -0.0618748 0.2767529 0.958947 -0.04178297 0.1747206 0.9837311 -0.01379024 -0.1274249 0.9917525 -0.01494491 -0.1829895 0.9830013 -0.02743101 -0.335884 0.941504 -0.5979012 -0.7331675 0.3240054 -0.3004581 -0.8851036 0.3554106 -0.6094524 -0.7644799 0.2100914 -0.4080274 -0.8584576 0.3107483 -0.6742271 -0.7004095 0.2341886 -0.4731451 -0.8788728 0.06096374 -0.8900939 -0.4497562 0.07383966 0.403426 0.5351663 0.7421891 0.6436077 0.3204458 0.6950422 0.4541466 0.07007491 0.8881669 0.511543 0.09236937 0.8542785 0.736242 0.5825887 0.3442938 0.9358202 0.03382861 0.3508509 0.4932484 0.05343174 0.868246 0.7445685 -0.004238963 0.6675326 0.7230401 -0.3507965 0.5951091 0.002726614 0.9997254 0.02328056 0.00172168 0.9999985 -4.2633e-4 0.00172156 0.9999985 -4.26104e-4 0 1 8.63285e-7 0.001814782 0.9999983 -4.49337e-4 0.002010285 0.999997 0.001473963 0.002009689 0.9999969 0.001473665 0 1 -1.11117e-6 0.005578577 0.999984 -9.37889e-4 0.002042591 0.9999968 0.001498103 0.005608916 0.9999839 -8.72367e-4 0.006051301 0.9999612 -0.006407797 0.006052255 0.999961 -0.006438612 0.005599081 0.9999839 -9.3717e-4 0.004101753 0.9999598 -0.007969498 -0.001049637 0.9995436 -0.03019374 -5.77187e-7 0.9998208 0.01893573 -0.002581834 0.9997872 -0.02046555 7.82311e-7 0.9992834 0.0378496 0 0.9971259 0.07576292 -0.006450176 0.9986668 -0.05121654 -0.001834869 0.9999983 4.54192e-4 -0.001860737 0.9999982 4.60862e-4 -0.002577722 0.9997875 -0.02045232 0 1 -2.17907e-6 -0.00181514 0.9999983 4.49491e-4 0 1 1.71267e-6 -0.001860976 0.9999982 4.6093e-4 0 1 -1.17131e-6 -0.002035617 0.999997 -0.001439988 -0.002035081 0.9999969 -0.001439571 -0.005580246 0.999984 9.26599e-4 -0.002040624 0.9999969 -0.001443326 -0.005596458 0.9999839 9.42482e-4 -0.006011426 0.9999613 0.006435394 -0.006007075 0.999961 0.006483197 -0.005622327 0.9999839 9.58669e-4 -0.003987729 0.9999608 0.007910847 0.00126183 0.9994307 0.03371691 -1.74856e-7 0.9998047 -0.01976758 0.002727389 0.9997255 0.02327215 5.84871e-7 0.9992171 -0.03956389 0 0.9968582 -0.07920813 0.00681746 0.9982777 0.05826717 0.001819908 0.9999983 -4.50176e-4 -0.8842201 -0.4271469 0.1889457 -0.9447632 -0.07377994 -0.3193416 -0.8956375 -0.1391136 -0.4224702 -0.8956059 -0.1389957 -0.4225758 -0.9769188 0.1390418 -0.1621639 -0.7333999 0.1058084 -0.6715127 -0.5254746 -0.07931327 -0.8471044 -0.2094231 0.1005185 -0.9726449 0.04526185 -0.1088863 -0.9930233 0.3391575 0.1247853 -0.9324167 0.5894827 -0.1250009 -0.7980507 0.4110656 -0.1502695 0.8991353 0.4283276 -0.01538777 0.9034925 0.4758786 -0.04087644 0.8785606 0.4956027 -0.104649 0.862222 0.543717 -0.2635164 0.7968255 0.5251634 -0.5002499 0.6884428 -0.9988709 -0.04750698 -1.06774e-6 -0.9717841 0.2358724 1.61478e-4 -0.9988518 0.047908 -1.02015e-6 -0.9444782 0.3285744 2.05866e-6 -0.8654237 0.5010408 -3.1871e-5 -0.7959031 0.5945897 0.1140243 -0.6903853 0.7234418 -1.64692e-5 -0.6480216 0.7529681 0.1144867 -0.4589947 0.8884385 9.93455e-4 -0.3710793 0.9286007 9.94637e-4 -0.1887698 0.9820212 7.40224e-4 -0.09410065 0.9955627 -1.55503e-6 0.09502178 0.9954752 0 0.1896921 0.9818437 3.74191e-4 0.3712373 0.9285374 0.001090228 0.4582743 0.8888103 0.001087665 0.6177884 0.7863441 7.16212e-4 0.6903794 0.7234476 -1.63996e-6 0.8145536 0.5800884 0 0.8728439 0.4772055 0.1020708 0.9451819 0.3265445 -4.57953e-6 0.9552429 0.2772541 0.1031565 0.9988166 0.04856544 0.002637028 0.9988538 -0.04778498 0.002802252 0.971787 -0.2358506 0.002132475 0.9446962 -0.3279463 6.48071e-4 0.866268 -0.4995793 4.82454e-4 0.7973029 -0.5957111 0.09714186 0.6899628 -0.723845 0 0.6496098 -0.7539056 0.09815025 0.4587279 -0.8885744 0.002090275 0.3719658 -0.9282422 0.002822875 0.189678 -0.9818418 0.003016948 0.09471976 -0.9954993 0.003069519 -0.09467977 -0.9955005 0.003837943 -0.189689 -0.9818369 0.003791272 -0.3717728 -0.9283168 0.00358814 -0.4592774 -0.8882886 0.002801597 -0.6184417 -0.7858262 0.002695322 -0.6911435 -0.7227156 0.001729369 -0.8144778 -0.5801939 0.001008033 -0.8731023 -0.4788695 0.09152305 -0.9445217 -0.3284491 -4.62635e-6 -0.9559634 -0.2787932 0.09169703 -0.6770883 0.5868315 0.44405 0.834437 0.3801299 0.3990192 0.6988476 -0.6056777 0.3804821 -0.848179 -0.3895256 0.358974 0.2056429 -0.9711803 0.1204988 0.2389337 -0.9559645 0.170419 0.1314821 -0.991265 -0.01030915 0.1313814 -0.9912784 -0.01030927 -0.006774842 -0.9974356 0.0712493 0.002914428 -0.9958508 -0.09095466 0.2719109 -0.9621806 -0.01652282 0.1749835 -0.9753161 -0.1346824 0.2352404 -0.966946 -0.09837448 0.4030476 -0.9017552 -0.1561745 0.5617395 -0.7231084 -0.4019489 0.2394052 -0.8521425 -0.4653369 0.1418405 -0.9227191 -0.3584285 0.3619706 -0.8354964 -0.4134287 0.08640336 -0.8619168 -0.499634 0.03185379 -0.9534713 -0.2997964 0.08636683 -0.8620005 -0.4994958 -0.168927 -0.9809266 -0.09616005 -0.03227025 -0.9994751 0.002901196 -0.1734809 -0.9848369 7.67991e-4 -0.1661293 -0.9861024 -0.001819431 -0.1940448 -0.980949 0.009256958 -0.1357237 -0.9414007 0.3087781 -0.141047 -0.9787397 0.1489106 -0.1357207 -0.9413468 0.3089439 -0.1061252 -0.798145 0.5930448 -0.8972836 0.4249824 0.1194662 -0.9811789 0.192062 0.02000534 -0.9334645 0.2934619 -0.2062138 -0.9271062 0.3706601 -0.05554401 -0.8166708 0.5038284 -0.2814357 -0.769318 0.4836636 -0.417396 -0.9090331 0.3415896 -0.2386952 0 -1 1.23435e-6 0 -1 -3.31006e-7 0 -1 3.7136e-7 0 -1 -4.94229e-7 0 -1 2.92824e-7 0 -1 -3.77947e-7 0 -1 -5.70877e-7 0 -1 1.87661e-7 0.8791151 0.4381878 0.1874784 0.9403876 0.09395503 -0.3268694 0.8933514 0.1449015 -0.425355 0.8933315 0.1447174 -0.4254596 0.9771848 -0.1317071 -0.1666231 0.7333326 -0.1086509 -0.671132 0.5272246 0.06852203 -0.8469587 0.2080742 -0.1043059 -0.9725356 -0.04455912 0.1088132 -0.9930631 -0.3385602 -0.1254018 -0.932551 -0.5891765 0.133203 -0.7969493 -0.8836419 0.4292194 -0.1869426 -0.9443812 0.07093518 0.321111 -0.8952957 0.133221 0.4250856 -0.8952565 0.1331225 0.425199 -0.9761953 -0.1434093 0.1627168 -0.732321 -0.1062113 0.6726255 -0.5277065 0.08620578 0.8450412 -0.2116128 -0.09562623 0.9726642 0.04900509 0.1054859 0.9932126 0.342571 -0.1325388 0.930096 0.5882506 0.1291688 0.7982962 -0.2607257 -0.01088076 -0.9653516 -0.03229308 0.2564435 -0.9660197 0.2108907 0.09790927 -0.972594 0.4157794 0.1996486 -0.8872813 0.6349423 -0.09875679 -0.7662216 0.5288811 0.1252269 -0.8394063 0.4158345 0.1998228 -0.8872162 0.7480146 0.4657214 -0.47284 -0.6476718 -0.34135 -0.6811765 -0.6911112 -0.2027565 -0.6937256 -0.6949981 -0.1390986 -0.7054284 -0.7073149 -0.03563344 -0.706 -0.7788607 0.2342364 -0.5818157 -0.6328649 -0.7741708 0.01190048 -0.6264215 -0.7789166 0.02974915 -0.7310059 -0.6501167 0.2073132 -0.5093343 -0.8502025 0.1331712 -0.4354194 -0.8997992 0.02777642 -0.3868033 -0.8994306 0.2034888 -0.6315954 -0.7365065 0.2421682 -0.3868695 -0.8993782 0.2035951 -0.5252084 -0.7203747 0.4530082 -0.3770249 -0.8355873 0.3995577 -0.3868054 -0.8994157 0.2035511 -0.3296572 -0.8238178 0.4611404 -0.5309223 -0.6309119 0.5657488 -0.5379346 -0.4946231 0.6826232 -0.4342196 -0.2858816 0.8542395 -0.1019895 -0.09381973 0.9903515 -0.3397546 -0.1700703 0.9250097 -0.5332641 -0.1289193 0.8360677 -0.6382473 -0.1984382 0.7438164 -0.8091076 -0.07683557 0.5826159 -0.809171 -0.07678163 0.5825351 -0.6952374 -0.02479058 0.7183526 -0.9040802 -0.03083944 0.426249 -0.9662172 -0.117598 0.2293363 -0.9980571 -0.03715699 0.05001598 -0.9662406 -0.1176728 0.2291994 -0.9714094 -0.2331734 0.04465615 -0.9843095 -0.07988739 -0.1573306 -0.9842971 -0.07980084 -0.1574517 -0.9980672 -0.03712749 0.04983597 -0.9386151 0.02323019 -0.3441833 -0.8461805 -0.03496038 -0.5317484 -0.6975156 0.06133103 -0.7139402 -0.580404 -0.0406835 -0.8133118 -0.4582301 -0.09090453 -0.8841729 -0.1886071 -0.02725017 -0.9816746 -0.2062323 -0.1582084 -0.9656286 -0.1019278 -0.09364235 0.9903747 -0.00694698 0.01267462 0.9998956 -0.3275347 -0.06040501 0.9429063 -0.4250654 0.1333617 0.8952845 -0.339806 -0.1700831 0.9249885 -0.3705494 0.01161032 0.9287402 -0.6193299 -0.2428777 0.7466197 -0.6796586 -0.07875245 0.7292889 -0.4252263 0.1333878 0.8952041 -0.8211631 0.1515625 0.5501999 -0.6184188 -0.3912146 0.6815493 -0.8656287 -0.005371391 0.5006579 -0.865503 -0.4437698 0.2323208 -0.9557302 -0.1389538 0.2593678 -0.8656553 -0.005263626 0.5006128 -0.9978902 -0.02080464 0.06150019 -0.9269339 -0.3119988 0.2084475 -0.9978925 -0.02095204 0.06141358 -0.967946 -0.2508972 0.01145541 -0.3250962 0.02814757 0.945262 -0.6562438 0.04996311 0.752893 -0.4433436 0.0443049 0.8952562 -0.7472764 0.05771851 0.6620019 -0.8937811 0.05485814 0.4451358 -0.9466353 0.04923593 0.318524 -0.9970284 0.0435065 0.06357538 -0.9969944 0.04347634 -0.06412547 -0.947435 0.04914265 -0.3161519 -0.9969853 0.04348772 -0.06425803 -0.9474015 0.04915124 -0.316251 -0.8956109 0.04332166 -0.4427238 -0.7511834 0.03847974 -0.6589711 -0.6592791 0.03072178 -0.7512705 -0.4463237 0.03656405 -0.8941243 -0.3233907 0.03971171 -0.9454319 -0.06689023 0.04286491 -0.9968392 0.06604903 0.04558062 -0.9967748 0.3203294 0.05013835 -0.9459784 0.4436525 0.04330974 -0.8951518 0.6590626 0.0385487 -0.7510995 0.7530382 0.03087645 -0.657252 0.89543 0.03672128 -0.4436854 0.946018 0.03607088 -0.3221006 0.9968996 0.04088008 -0.06723153 0.9968323 0.04359948 0.06651824 0.9455882 0.05191886 0.321197 0.9968243 0.04360681 0.06663179 0.94556 0.05191224 0.3212812 0.894967 0.05480891 0.442753 0.7516476 0.05769658 0.6570366 0.658051 0.05002325 0.7513099 0.4457491 0.04430937 0.8940607 0.3235065 0.02217727 0.945966 0.06683307 0.01370817 0.99767 -0.0697875 0.01372069 0.9974675 -0.689905 0.3438679 0.6370134 -0.2033942 0.7685913 0.6065462 -0.1034287 0.4765193 0.873059 -0.15283 0.7307514 0.665316 -0.2032413 0.768682 0.6064826 -0.2324923 0.847002 0.4780532 -0.1033244 0.4765596 0.8730493 -0.232573 0.846931 0.4781399 -0.09984922 0.3215727 0.9416057 -0.248618 0.8075421 0.5348503 -0.2326522 0.8469904 0.4779961 -0.5234971 0.8145802 0.2498202 -0.6565747 0.6518625 0.3794535 -0.5235751 0.8145305 0.2498186 -0.6559011 0.7211314 0.2230768 -0.4108856 0.8379336 0.359222 -0.5351324 0.7143916 0.4508635 -0.5620425 0.5756665 0.5938993 -0.5350198 0.7143993 0.4509849 -0.3252202 0.6721143 0.6652024 -0.6366142 -6.5444e-6 0.7711824 -0.9690502 0.007369995 0.2467538 -0.8162872 0.07925307 0.5721838 -0.73782 0.09666538 0.6680401 -0.829788 0.006004869 0.5580466 -0.8066293 0.2135757 0.5511213 -0.8782221 0.1044295 0.4667125 -0.9224107 0.2595183 0.2860224 -0.7452108 0.4106485 0.5253843 -0.6641592 0.3566358 0.6570414 -0.9223904 0.2594843 0.2861189 -0.7870879 0.5494695 0.2803142 -0.664079 0.3567517 0.6570597 -0.7448171 0.5652632 0.3545774 -0.4385492 0.7361369 0.5155357 -0.6154963 0.784723 -0.07330828 -0.3676093 0.927217 0.07163923 -0.5340127 0.8425392 0.07041436 -0.5339505 0.8425687 0.07053399 -0.3676046 0.9272117 0.07173305 -0.5578494 0.7839051 0.2725746 -0.5143421 0.8443115 0.1503013 -0.7794319 -0.04917371 -0.6245543 -0.6291951 -0.3500702 -0.6939484 -0.9384976 -0.3060286 -0.1599028 -0.9384922 -0.3060755 -0.1598445 -0.8388121 -0.4508163 -0.3052195 -0.716698 -0.687501 -0.1169887 -0.8529636 -0.4944831 0.1671516 -0.938539 -0.3059653 -0.1597809 -0.8409535 -0.4569559 0.289808 -0.9662382 -0.1652684 0.1976616 -0.9385431 -0.3059349 -0.1598145 -0.9919613 -0.1260965 0.01062029 -0.9914259 0.05317777 -0.1193611 -0.9727454 0.1276113 0.193602 -0.9673001 0.1764661 0.1821819 -0.9682982 0.1547619 -0.1960802 -0.8388106 0.06652843 -0.5403432 -0.8162789 -0.2274271 -0.5310045 -0.838723 0.06650322 -0.5404824 -0.6251574 -0.4164765 -0.6600952 -0.4266678 -0.04048079 -0.9035021 -0.5174255 -0.007467627 -0.8556957 -0.8580722 -0.03132635 -0.5125727 -0.9224824 -0.07685369 -0.3783117 1.48521e-5 0 -1 -1.33167e-6 0 -1 -9.94172e-7 0 -1 9.20384e-7 0 -1 -6.89312e-7 0 -1 1.50091e-6 0 -1 -2.66947e-6 0 -1 0.7345676 0.6671082 -0.1240044 0.4737744 0.7862098 -0.396752 0.6861513 0.5743473 -0.4464546 0.9375612 0.2722038 -0.2165276 0.4738024 0.7861722 -0.3967929 0.7090098 0.4499151 -0.54303 0.9375836 0.2721589 -0.2164872 0.5412159 0.463571 -0.7015607 0.9327112 0.1328057 -0.3352797 0.954123 0.1097586 -0.2785719 0.8149081 0.3293447 -0.4769244 0.9319637 0.05842518 -0.3578134 0.9853861 -0.1183289 -0.1225257 0.9511845 -0.1531004 -0.267971 0.8651822 -0.4543101 -0.2122789 0.8800747 -0.3951355 -0.263318 0.8943525 -0.1631394 -0.4165564 0.6634321 -0.3762105 -0.6467794 0.8291429 -0.4976789 -0.2546329 0.663342 -0.3763536 -0.6467885 0.5678201 -0.7335796 -0.3734186 0.2850625 -0.5028106 -0.8160398 0.4632855 -0.5472866 -0.6970251 0.1813533 -0.3564926 -0.9165283 -0.02314412 -0.5448042 -0.8382439 0.3470897 -0.8343361 -0.4282667 0.2849989 -0.5028906 -0.8160127 -0.01474839 -0.8700786 -0.4926925 -0.1516688 -0.4125959 0.898199 -0.1383515 -0.8457068 0.5154019 -0.5161732 -0.5996207 0.611572 -0.5708408 -0.411212 0.7106655 -0.1961499 -0.6688463 0.7170565 -0.4864512 -0.7585775 0.4335039 -0.4229434 -0.7118842 0.5606601 -0.219831 -0.9569338 0.1896105 -0.6235331 -0.7003161 0.3475111 -0.50086 -0.8192539 0.2792174 -0.2198243 -0.9569317 0.1896288 -0.2393655 -0.9682494 0.07209146 -0.8266499 -0.3856808 -0.4097564 -0.9395213 -0.2325478 -0.2514387 -0.912127 -0.3973513 -0.1006801 -0.9552999 -0.2881385 -0.06616914 -0.9395328 -0.2325923 -0.2513543 -0.9990983 -0.02301353 0.03567975 -0.9121311 -0.3973615 -0.1006014 -0.9739 -0.2269381 0.004244685 -0.9171141 -0.3985783 0.006106913 -0.9601506 -0.1512086 0.2350466 -0.8702937 -0.2556649 0.4209803 -0.8578916 0.07892876 0.5077327 -0.8904736 -0.1569257 0.4271194 -0.624446 0.1049302 0.7739877 -0.9805642 -0.0974701 0.1702747 -0.8889122 -0.446864 0.1007363 -0.9856691 -0.1686568 0.003363549 -0.831628 -0.5550577 0.01748597 -0.6686453 -0.7395618 0.07721418 -0.4521126 -0.8910812 0.0396068 -0.3429784 -0.9358422 0.08102625 -0.3982774 -0.9124991 0.0933842 -0.3428385 -0.9358835 0.08114135 -0.07295727 -0.9813125 0.1780536 -0.4520021 -0.8911308 0.03975224 -0.07290428 -0.9813248 0.1780079 -0.01446193 -0.9998281 -0.01160609 0.2844098 -0.9499113 0.1295364 0.3422497 -0.939458 0.01684933 0.5904391 -0.7960981 0.1327007 0.644099 -0.7646741 0.0202524 0.828036 -0.5435482 0.1375203 0.8646339 -0.5022287 0.01321643 0.9641479 -0.2353746 0.1225466 0.9857503 -0.1677205 0.01290071 0.986573 0.1156435 0.1153274 0.9763156 0.2100573 0.05180776 0.8871511 0.4467172 0.1157882 0.848611 0.5260965 0.05551606 0.6686298 0.7387246 0.0849713 0.4540663 0.8902623 0.03545349 0.3453055 0.9337757 0.09395289 0.4006288 0.9116586 0.09151601 0.3452045 0.9337991 0.09409147 0.07295089 0.9802308 0.1839174 0.4539548 0.890314 0.03558212 0.07284635 0.9802544 0.1838334 0.01447302 0.9997907 -0.01446682 -0.2872122 0.9490694 0.1295239 -0.3427265 0.9393516 0.01253151 -0.5912185 0.7982438 0.1151852 -0.6614079 0.7498759 0.01503163 -0.843815 0.5298246 0.08521878 -0.9549991 0.2949258 0.03155291 -0.979466 0.1772656 0.09603917 -0.9636144 0.2424237 0.1125964 -0.9794778 0.1771225 0.09618192 -0.9550366 0.2948085 0.03151363 -0.9857181 0.121935 0.1161538 -0.93856 -0.3404591 0.05650609 -0.6908321 -0.7197236 0.06891369 -0.4953632 -0.8686786 -0.003581225 -0.3015632 -0.9529366 -0.03116959 0.05879896 -0.9932644 -0.09984308 0.3951803 -0.9133493 -0.09810996 0.6844982 -0.7220385 -0.1006118 0.9025121 -0.4306021 -0.00733447 0.9955244 0.09277462 0.01800614 0.8818819 0.4697324 -0.04044634 0.6777684 0.7345142 -0.03345125 0.4974176 0.8674362 -0.01142096 0.3025253 0.9521399 -0.04368221 -0.06025457 0.9931769 -0.09984487 -0.4152555 0.9095227 -0.01820439 -0.7781595 0.628017 0.007899701 -0.6738964 0.7222601 -0.1555765 -0.6614256 0.749862 0.0149421 -0.9072279 0.3983407 -0.1351375 0.6777082 0.7345768 -0.03329408 -0.6907579 -0.7197796 0.06907081 0.6367415 0.7310726 -0.2451392 0.6698172 0.5601108 -0.4874635 0.4934071 0.4283086 -0.7570345 0.4934144 0.4281266 -0.7571327 0.6325091 0.4703842 -0.6153624 0.631 0.3678993 -0.6830002 0.4574291 0.28608 -0.841972 -0.02383941 -0.2726033 -0.9618312 -0.2426426 -0.3255636 -0.9138561 -0.3401809 -0.2369415 -0.9100196 -0.3402113 -0.2370951 -0.9099683 -0.150067 -0.4813997 -0.8635591 -0.4697791 -0.4387406 -0.7660381 -0.6429572 -0.244731 -0.7257498 -0.7103182 -0.4467667 -0.5439188 -0.8599792 -0.2682893 -0.434116 -0.846379 -0.4765168 -0.2378538 -0.9648588 -0.248269 -0.08608174 -0.8574794 -0.5015603 0.1147457 -0.9648972 -0.2481312 -0.08604818 -0.9455177 -0.3250933 0.01763075 -0.99454 0.03278166 0.09907454 -0.906706 -0.1924721 -0.3752851 -0.8793914 -0.4706218 -0.07201546 -0.6910787 -0.6827779 -0.2371173 -0.4967868 -0.805563 -0.3229104 -0.7492021 -0.6413155 -0.1655621 -0.2939395 -0.9554693 -0.02604204 -0.1637395 -0.9079069 -0.3858686 0.009324967 -0.9999035 0.0102967 0.01287692 -0.999898 0.006189584 0.01583701 -0.9998653 0.004312753 0.02133256 -0.9997705 -0.001980662 0.02674567 -0.9995622 -0.01265978 0.02770131 -0.9995021 -0.01511079 0.02266001 -0.999506 -0.02177751 0.01105076 -0.9999217 -0.00586611 0.005195379 -0.9994753 -0.03197383 -0.002170443 -0.9999794 -0.00604248 -0.002863287 -0.9998143 -0.01905936 -0.009340524 -0.9999033 -0.010311 -0.01586151 -0.999863 -0.004757165 -0.01280456 -0.9998974 -0.006425321 -0.02140104 -0.999769 0.002001762 -0.02650851 -0.9995707 0.01248413 -0.02734267 -0.9995121 0.0150997 -0.02250212 -0.9995154 0.02151417 -0.01098412 -0.9999275 0.004945397 -0.00519514 -0.9995009 0.03116428 0.002244353 -0.9999837 0.005255043 0.002795875 -0.9998219 0.01866906 0.002801358 -0.9980128 0.06295019 -0.002789855 -0.9978904 -0.06486117 0.1578861 -0.1176844 0.9804196 0.2983127 0.07631725 0.9514122 -0.0920329 -0.1591439 0.9829564 0.1882371 0.04236763 0.9812093 -0.1284837 -0.1373004 0.9821612 0.1946296 -0.1283496 0.9724432 0.1964836 -0.2804873 0.9395325 0.7073557 -0.3108305 -0.6348484 0.3055304 -0.2370849 -0.9221942 0.1490096 -0.6271749 -0.764492 0.08007776 -0.905867 -0.4159238 0.2567614 -0.6742048 -0.692475 -0.02798026 -0.6894994 -0.7237456 0.1488609 -0.6272018 -0.7644987 -0.04674136 -0.3675473 -0.9288296 -0.1848695 -0.6968644 -0.6929671 -0.2979102 -0.3389766 -0.8923813 -0.1702618 -0.7616533 -0.6252162 -0.2979586 -0.338977 -0.892365 -0.5240342 -0.2302544 -0.8199824 -0.01358366 -0.04881477 0.9987155 -0.2108601 0.01953071 0.9773212 -0.3821157 -0.007516324 0.924084 -0.5863973 0.02768188 0.8095505 -0.7659115 0.006458938 0.6429136 -0.9210389 0.01544117 0.3891646 -0.9712488 -0.02080821 0.2371559 -0.9815217 0.1913472 0.001271128 -0.9807812 0.02309113 -0.1937399 -0.9210055 0.2565988 -0.2930973 -0.9807444 0.02308058 -0.1939272 -0.8598729 0.2063285 -0.4669553 -0.6435163 0.008342742 -0.7653871 0.3576406 0.9338594 2.00906e-5 0.05248534 0.9986217 0 0.2579087 0.9661694 2.00906e-5 -0.05312287 0.9985881 0 -0.2583287 0.9660572 0 -0.3578402 0.9337829 -3.00873e-5 -0.5436506 0.8393116 0 -0.6296512 0.7768781 2.03499e-6 -0.7772554 0.6291854 0 -0.8389729 0.5441733 -1.81287e-5 -0.9335103 0.3585507 1.82442e-5 -0.9661471 0.2579919 0 -0.9986253 0.05241578 0 -0.9986252 -0.05241787 0 -0.9662837 -0.2574799 -2.01548e-5 -0.9338798 -0.3575873 2.01582e-6 -0.8391187 -0.5439486 2.55233e-5 -0.7765511 -0.6300542 -1.83587e-5 -0.6291735 -0.777265 0 -0.5447167 -0.8386202 -1.80144e-5 -0.3587642 -0.9334284 0 -0.257041 -0.9664006 0 -0.05190294 -0.9986522 0 0.05127918 -0.9986844 0 0.25663 -0.9665098 0 0.3585736 -0.9335015 0 0.5447181 -0.8386193 0 0.6291751 -0.7772635 0 0.7765533 -0.6300517 0 0.8390923 -0.5439893 0 0.9338965 -0.3575437 0 0.9662957 -0.257435 2.01581e-6 0.9986252 -0.05241906 0 0.9986254 0.05241531 0 0.9661582 0.2579505 0 0.9335073 0.3585585 0 0.8389772 0.5441666 4.55419e-7 0.7772603 0.6291791 0 0.6296536 0.776876 -2.54719e-5 0.5436525 0.8393104 0 0.9718468 -0.2356014 -0.002402544 0.8662311 -0.4996427 -9.32299e-4 0.9447038 -0.3279163 -0.00240302 0.8149496 -0.5795318 -7.64336e-6 0.7905368 -0.584797 0.1818356 0.8661468 -0.4997891 -9.30806e-4 0.6906602 -0.7231795 -4.5719e-6 0.6362356 -0.7496557 0.1822651 0.617784 -0.7863479 4.56961e-6 0.6905705 -0.7232651 -9.102e-6 0.4584015 -0.8887454 0 0.3491574 -0.9285507 0.1260266 0.1902303 -0.9817395 -1.84136e-5 0.1370443 -0.9824736 0.1263512 -0.09512621 -0.9954651 4.91139e-4 -0.1905893 -0.9816699 4.89844e-4 -0.3721958 -0.9281542 4.89698e-4 -0.4690093 -0.8670363 0.1681619 -0.6178579 -0.7862898 0 -0.6520196 -0.7391776 0.1687807 -0.8143914 -0.5803148 0.001247704 -0.8660671 -0.4999265 0.001243352 -0.944643 -0.3280988 9.3126e-4 -0.9988296 -0.04836916 0 -0.9715507 0.2368304 8.29442e-4 -0.9443172 0.3290357 8.30976e-4 -0.8656692 0.5006163 6.11698e-4 -0.8143086 0.5804323 -1.00345e-5 -0.7897104 0.5850885 0.1844695 -0.8655855 0.5007608 6.10974e-4 -0.69068 0.7231606 -4.56961e-6 -0.6356377 0.7495061 0.184947 -0.6177902 0.7863431 4.56961e-6 -0.6905415 0.7232928 -9.09975e-6 -0.458405 0.8887435 0 -0.3493167 0.9307156 0.1083809 -0.1902303 0.9817395 -1.84136e-5 -0.1385974 0.9843695 0.1086626 0.09513062 0.9954648 0 0.1902255 0.9817405 -2.41038e-6 0.3718971 0.9282741 0 0.4698334 0.8681579 0.1598707 0.6178553 0.7862918 0 0.6522472 0.7408226 0.1604855 0.8143918 0.5803142 0.001247823 0.8660707 0.4999201 0.001247107 0.9450173 0.3270191 9.2517e-4 0.9722307 0.2340248 -7.66525e-6 0.9596757 0.2120639 0.1845303 0.9450641 0.3268839 9.2524e-4 0.9988865 0.04718023 -4.48257e-6 0.9829033 -0.01120167 0.1837815 0.9988324 -0.04828751 -0.00147134 0.9988912 0.0470798 -8.91983e-6 0.5515078 -0.4769219 0.6843864 0.7337 -0.634441 0.2432467 0.7032985 -0.6081989 0.3680562 0.2467594 -0.837069 0.4882883 -0.4158166 -0.6478987 0.6382194 -0.5451095 0.471408 0.693275 -0.7329714 0.6338686 0.2469081 -0.7015734 0.6066929 0.3737896 -0.2562372 0.8692203 0.4228459 0.4280589 0.6669853 0.609833 0.9361422 0.3509716 -0.02137297 0.9414369 0.3370893 -0.008216083 0.7270606 0.6865332 0.007421553 0.7218018 0.6916589 0.02470254 0.4101358 0.9119784 0.009164929 0.791995 0.6105276 1.41638e-4 0.8217334 0.5698719 5.97488e-4 0.849545 0.5275161 5.27882e-4 0.8984225 0.439129 0.001640617 0.9197248 0.3925616 0.001328408 0.9533594 0.3018327 0.001714348 0.9674006 0.2530993 -0.008777022 0.792035 0.6104758 0 0.3161618 0.9486924 -0.004964351 0.4244374 0.905454 -0.00243026 0.4231419 0.9060636 0 0.6339877 0.7733431 0 0.4245249 0.905413 -0.002418994 0.6339884 0.7733426 0 1.98948e-7 0 1 -9.76315e-7 0 1 -5.93382e-7 0 1 1.5132e-6 0 1 3.65208e-7 0 1 -1.05893e-6 0 1 -4.89789e-7 0 1 -2.45362e-7 0 1 1.55401e-6 0 1 4.32826e-6 0 1 -1.24634e-6 0 1 8.79613e-7 0 1 -8.41393e-7 0 1 0.001933872 0.001024425 -0.9999976 0.001468122 7.77219e-4 -0.9999987 0.005534648 0.002931654 -0.9999804 0.001440465 7.62563e-4 -0.9999987 0.001948595 0.001032292 -0.9999976 -6.3806e-7 0 -1 0.001948058 0.001031994 -0.9999976 0.001482784 7.85169e-4 -0.9999986 3.33962e-7 0 -1 0.001440644 7.62844e-4 -0.9999987 -0.6688448 0.7434022 0 -0.6688452 0.7434017 0 -0.9317176 0.3631837 0 -0.9623473 0.2717755 -0.005077302 -0.9309212 0.365178 -0.005553781 -0.9610977 0.2762088 1.34807e-4 -0.993337 0.1151683 0.004235446 -0.9989963 0.04367786 -0.009938061 -0.9968643 -0.07886493 0.006481409 -0.988154 -0.1528404 -0.0138458 -0.9628733 -0.2698099 0.00881493 -0.9387675 -0.3441739 -0.0161274 -0.8972744 -0.441452 0.004340708 -0.858538 -0.511964 -0.02837771 -0.815495 -0.5786191 -0.01295799 -0.7947662 -0.6061484 -0.03051197 -0.7833154 -0.6216245 0 -0.4573757 -0.8892735 0 -0.4550539 -0.8904634 9.61305e-4 -0.454663 -0.8906633 6.47251e-4 -0.4546141 -0.8906884 6.71675e-4 -0.4549095 -0.8905372 0.001022994 -0.4532626 -0.8913764 0.001042783 -0.4546453 -0.8906725 6.53735e-4 -0.4533233 -0.8913457 9.45139e-4 -0.4539081 -0.8910486 0 0.8974468 -0.4411229 0 0.9009445 -0.4339275 0.002457022 0.9099668 -0.4144204 0.0147047 0.9237845 -0.3828155 0.008624374 0.9580659 -0.2864964 0.005443632 0.3553911 -0.9346962 0.006340026 0.7218023 -0.6916583 0.02470231 0.7270506 -0.6865439 0.007424354 0.9231478 -0.3842806 -0.01125752 0.9513603 -0.3080453 -0.004660725 0.9617223 -0.2739865 0.00466597 0.4243523 -0.9054939 -0.002461433 0.3776481 -0.9259245 -0.006753504 0.6339895 -0.7733417 0 0.6339879 -0.773343 0 0.4244451 -0.9054504 -0.002449631 0.4257352 -0.9048478 0 0.3553081 -0.9347279 0.006330966 -0.03540277 0.01669085 -0.9992337 -0.0343855 0.01662278 -0.9992704 -0.01937282 0.01164281 -0.9997445 -0.007236719 0.00609374 -0.9999553 0.005949199 8.7729e-4 -0.9999819 -0.001747846 -0.04137116 -0.9991424 0.03607124 0.00984919 -0.9993008 0.01838648 0.00475347 -0.9998197 0.01659291 0.03787392 -0.9991449 0.01838111 0.004762947 -0.9998197 0.01655143 0.03778946 -0.9991487 0.001330554 6.7974e-4 -0.999999 -5.85297e-5 -5.72275e-4 -0.9999999 9.06121e-4 -9.24257e-4 -0.9999992 8.72409e-4 -8.90173e-4 -0.9999992 0.001244366 7.00942e-5 -0.9999992 9.65653e-4 -8.67447e-4 -0.9999992 0.001396358 7.88561e-5 -0.9999991 0.002592861 1.46953e-4 -0.9999967 0.002089083 0.001639962 -0.9999965 9.66613e-4 -9.41519e-4 -0.9999991 0.006385147 -3.61062e-4 -0.9999796 0.002325952 0.004047274 -0.9999891 -0.001555621 -0.002063691 -0.9999967 2.04391e-4 -6.84908e-4 -0.9999998 0.1664459 -0.1212592 -0.9785664 0.3930315 -0.3113215 -0.8652197 0.2129676 -0.04040014 -0.9762237 0.2129325 -0.04030716 -0.9762352 0.2919379 -0.07566416 -0.9534397 0.2571247 0.03998523 -0.9655508 0.1321244 -0.004500865 -0.991223 0.5046511 -0.7090131 -0.4925724 0.5047598 -0.7088785 -0.492655 0.4314765 -0.4762461 -0.7661708 -0.4438142 0.8706569 -0.2120982 -0.2682214 0.933881 -0.2364817 -0.8185225 -0.1682204 -0.5492932 -0.8816094 0.4066388 0.2396034 -0.5329926 -0.7758045 0.3377076 0.6384333 0.5697583 0.5174732 -0.08288013 0.9640183 -0.2525859 -0.2680271 0.9339234 -0.2365344 -0.6710421 0.4123465 0.616176 0.2128137 -0.04033714 -0.9762599 0.1319969 -0.004578471 -0.9912396 0.1663315 -0.1211995 -0.9785931 0.4822783 -0.8653904 -0.1360416 0.7387144 -0.6734193 -0.02841788 0.7388348 -0.6732891 -0.02837145 0.9108431 -0.4044355 0.0824424</float_array>
          <technique_common>
            <accessor source="#mh00400-j00_lk1_1-mesh-normals-array" count="12812" stride="3">
              <param name="X" type="float"/>
              <param name="Y" type="float"/>
              <param name="Z" type="float"/>
            </accessor>
          </technique_common>
        </source>
        <vertices id="mh00400-j00_lk1_1-mesh-vertices">
          <input semantic="POSITION" source="#mh00400-j00_lk1_1-mesh-positions"/>
        </vertices>
        <triangles material="Surface_1_002-material" count="1209">
          <input semantic="VERTEX" source="#mh00400-j00_lk1_1-mesh-vertices" offset="0"/>
          <input semantic="NORMAL" source="#mh00400-j00_lk1_1-mesh-normals" offset="1"/>
          <p>0 0 1 1 2 2 2 2 1 1 3 3 2 2 3 3 4 4 4 4 5 5 2 2 2 2 5 5 6 6 2 2 6 6 0 0 0 0 6 6 7 7 0 0 7 7 8 8 4 4 9 9 5 5 10 10 11 10 12 10 11 11 10 11 13 11 14 12 15 12 16 12 17 13 18 14 19 15 20 16 13 16 21 16 22 17 23 18 24 19 24 19 25 20 22 17 22 17 25 20 18 21 22 22 18 23 26 24 18 25 25 26 19 27 19 28 25 20 24 19 13 29 20 29 11 29 27 30 28 30 29 30 30 31 31 32 32 33 33 34 32 35 34 36 27 37 35 38 28 39 36 40 37 41 38 42 39 43 40 44 35 45 41 46 42 46 43 46 44 47 35 48 27 49 45 50 46 51 47 52 45 50 47 52 48 53 48 53 47 52 49 54 48 55 49 56 50 57 15 58 14 58 42 58 42 59 41 59 15 59 33 60 30 60 32 61 51 62 16 62 52 62 16 63 51 63 14 63 44 64 39 64 53 64 35 65 53 66 39 67 54 68 55 69 56 70 39 71 57 72 40 73 58 74 59 75 60 76 61 77 62 78 63 79 35 80 44 81 53 82 64 83 65 84 66 85 67 86 68 87 69 88 70 89 71 89 72 90 73 91 67 92 74 93 55 94 54 95 75 96 75 97 54 98 76 99 75 100 76 101 77 102 54 103 78 104 76 105 79 106 80 107 81 108 81 108 80 107 82 109 81 108 82 109 77 102 77 102 82 109 73 110 77 102 73 110 75 100 75 111 73 91 74 93 83 112 84 113 85 114 36 115 86 116 87 115 88 117 89 118 90 119 21 120 91 120 20 120 92 121 93 121 94 121 91 122 21 122 95 122 96 123 97 124 98 125 96 126 98 127 99 128 99 128 98 127 100 129 99 130 100 131 101 132 12 133 95 133 10 133 102 134 103 135 104 136 102 134 104 136 105 137 105 137 104 136 106 138 105 139 106 140 107 141 108 142 109 142 110 142 59 143 92 144 60 145 95 146 12 146 91 146 111 147 112 147 113 148 114 149 115 149 116 149 117 150 118 151 119 152 102 153 105 154 120 155 121 156 50 157 49 158 122 159 123 159 124 160 125 161 126 162 127 163 128 164 125 165 37 166 37 167 125 168 127 169 37 167 127 169 38 170 129 171 125 172 128 173 130 174 101 175 100 176 129 177 128 177 131 177 132 178 133 178 134 178 133 179 132 179 135 179 136 180 137 181 138 182 139 183 140 184 141 185 142 186 143 186 144 186 143 187 142 187 145 187 146 188 147 189 148 190 149 191 150 191 151 192 152 193 153 194 154 195 152 193 154 195 155 196 155 196 154 195 127 197 155 196 127 197 156 198 154 195 157 199 127 197 127 200 157 201 38 202 158 203 157 204 153 205 153 206 157 199 154 195 159 207 160 207 161 207 160 208 159 208 162 208 163 209 164 210 165 211 166 212 167 213 168 212 169 214 170 215 171 216 169 214 171 216 172 217 172 217 171 216 173 218 172 217 173 218 87 219 174 220 175 221 176 222 177 223 138 224 178 225 138 226 177 227 136 228 84 229 179 230 180 231 180 232 181 233 84 234 84 235 181 236 182 237 84 238 182 239 85 240 183 241 181 233 184 242 184 242 181 233 180 232 181 236 183 243 182 237 182 244 183 245 185 246 186 247 176 248 175 249 186 250 175 251 45 252 45 252 175 251 174 253 45 254 174 255 187 256 188 257 189 257 190 257 189 258 188 258 191 258 192 259 191 259 193 259 194 260 195 261 196 262 191 263 192 263 189 263 197 264 198 265 199 266 197 264 199 266 200 267 200 267 199 266 201 268 200 267 201 268 202 269 190 270 203 270 188 270 203 271 190 271 204 271 205 272 206 273 207 274 208 275 209 276 210 276 211 277 212 277 213 278 214 279 215 280 216 281 217 282 218 283 219 284 219 284 218 283 220 285 219 284 220 285 221 286 221 286 220 285 214 287 221 286 214 287 222 288 222 289 214 279 216 281 223 290 218 291 217 292 217 292 224 293 223 290 223 294 224 295 225 296 223 294 225 296 226 297 226 297 225 296 227 298 226 297 227 298 228 299 229 300 230 301 4 302 227 303 225 304 231 305 227 306 231 307 232 308 232 308 231 307 233 309 232 308 233 309 234 310 235 311 201 311 236 312 236 313 230 301 235 314 237 315 236 316 198 315 119 317 238 318 117 319 239 320 240 321 241 322 242 323 239 324 243 325 243 326 239 327 241 328 244 329 245 330 246 331 246 331 247 332 244 329 244 333 247 334 7 335 244 333 7 335 248 336 248 336 7 335 249 337 248 336 249 337 250 338 251 339 252 340 253 341 253 341 254 342 251 339 251 343 254 344 255 345 251 346 255 347 256 348 257 349 254 342 258 350 258 350 254 342 253 341 259 351 255 352 257 353 257 354 255 345 254 344 260 355 261 356 262 357 263 358 264 359 265 360 265 360 264 359 241 361 265 360 241 361 262 357 262 357 241 361 240 362 262 357 240 362 260 355 263 358 265 360 230 301 230 301 265 360 266 363 230 301 266 363 235 314 229 300 267 364 230 301 230 301 267 364 268 365 230 301 268 365 263 358 264 359 263 358 269 366 241 361 264 359 270 367 270 367 264 359 245 368 270 367 245 368 244 369 248 370 270 367 244 369 271 371 270 367 250 372 250 372 270 367 248 370 271 373 272 374 270 375 270 375 272 374 255 376 270 375 255 376 259 377 272 374 4 302 255 376 255 376 4 302 236 313 255 376 236 313 256 378 256 378 236 313 237 379 256 378 237 379 273 380 4 302 272 374 9 381 236 313 4 302 230 301 274 382 169 382 86 383 275 384 276 385 277 386 277 386 278 387 275 384 275 388 278 389 279 390 275 388 279 390 280 391 280 391 279 390 281 392 280 391 281 392 282 393 283 394 284 395 285 396 283 394 285 396 286 397 286 397 285 396 287 398 286 397 287 398 288 399 86 400 68 401 274 402 289 403 290 404 291 405 292 406 289 407 293 408 293 409 289 410 291 411 294 412 295 412 296 412 297 413 80 414 79 415 79 415 298 416 297 413 297 417 298 418 299 419 297 417 299 419 300 420 300 420 299 419 301 421 300 420 301 421 276 422 276 422 301 421 277 423 295 424 302 424 303 424 304 425 305 426 306 427 303 428 296 429 295 429 296 430 303 430 307 430 196 431 308 432 194 433 69 434 309 435 310 436 69 434 310 436 311 437 311 437 310 436 312 438 311 437 312 438 313 439 313 439 312 438 279 440 313 439 279 440 314 441 313 439 315 442 311 437 311 437 315 442 316 443 311 437 316 443 69 434 317 444 318 445 57 446 57 447 39 448 317 449 317 449 39 448 44 450 317 451 44 452 319 453 31 454 320 455 321 456 32 457 31 458 322 457 322 459 31 460 321 461 323 462 33 463 324 464 325 465 103 466 326 467 326 467 103 466 30 468 30 468 33 463 326 467 326 467 33 463 323 462 326 467 323 462 325 465 325 465 323 462 318 469 325 470 318 471 317 472 70 473 60 474 71 475 92 476 94 477 60 478 60 478 94 477 327 479 60 480 327 481 71 482 328 483 329 484 330 485 328 486 330 487 331 488 331 489 330 490 332 491 331 492 332 493 333 212 315 494 313 495 314 496 314 496 78 497 315 494 315 494 78 497 334 498 315 494 334 498 316 499 335 500 336 501 337 502 76 503 78 497 336 501 336 501 78 497 314 496 336 501 314 496 337 502 105 504 107 505 93 506 120 507 105 508 338 509 338 510 105 511 93 512 339 513 340 514 292 515 341 516 340 517 342 518 342 519 340 514 339 513 342 519 339 513 343 520 343 520 339 513 292 515 343 521 292 522 344 523 342 518 345 524 341 516 341 516 345 524 346 525 347 526 348 527 349 528 348 527 347 526 350 529 350 529 347 526 351 370 350 530 351 531 352 531 349 528 348 527 353 532 353 532 348 527 354 533 353 532 354 533 355 370 356 534 357 535 242 536 358 537 357 538 359 539 359 540 357 535 356 534 359 540 356 534 360 541 360 541 356 534 242 536 360 542 242 543 361 544 359 539 362 545 358 537 358 537 362 545 363 370 332 546 113 547 112 548 124 549 328 550 122 551 122 551 328 550 364 552 122 553 364 554 112 555 112 555 364 554 365 556 112 557 365 558 332 559 366 560 367 370 368 561 369 562 370 563 368 561 368 561 370 563 371 564 368 561 371 564 366 560 368 565 372 370 369 566 373 567 370 568 151 569 151 570 370 563 369 562 374 571 375 572 233 573 374 571 233 573 376 574 376 574 233 573 231 575 376 574 231 575 377 576 377 576 231 575 225 296 377 576 225 296 378 577 378 577 225 296 224 295 378 577 224 295 379 578 377 576 380 579 376 574 376 574 380 579 381 580 376 574 381 580 374 571 382 581 383 582 208 583 208 583 384 584 382 581 382 581 384 584 209 585 382 586 209 587 385 588 208 589 383 590 386 591 209 592 208 593 387 594 387 595 208 596 386 597 388 598 389 599 390 600 216 601 388 598 222 602 222 602 388 598 390 600 391 603 390 604 389 605 392 606 389 605 393 607 393 607 389 605 388 608 393 607 388 608 215 609 215 609 388 608 216 610 394 611 395 612 392 606 392 606 395 612 396 613 392 606 396 613 389 605 389 605 396 613 397 614 389 605 397 614 391 603 164 615 165 616 396 617 396 613 165 618 397 614 390 604 391 603 222 619 222 619 391 603 398 620 222 288 398 621 221 286 221 286 398 621 399 622 221 286 399 622 400 623 400 623 399 622 379 624 400 625 379 626 224 627 380 628 377 629 378 630 378 630 165 631 380 628 380 628 165 631 401 632 380 628 401 632 381 633 379 634 399 635 378 630 378 630 399 635 391 636 378 630 391 636 165 631 165 631 391 636 397 637 399 635 398 638 391 636 402 370 403 370 404 370 405 370 406 370 407 370 407 370 406 370 408 370 407 370 408 370 404 370 404 639 408 639 409 639 404 370 409 370 402 370 410 640 411 641 412 642 412 642 411 641 406 643 412 644 406 644 405 644 411 641 410 640 413 645 334 646 78 647 54 648 54 649 414 650 334 651 334 651 414 650 55 652 334 653 55 654 415 655 416 656 417 657 418 658 419 659 416 656 420 660 420 660 416 656 418 658 1 661 0 662 8 663 421 664 422 665 8 663 8 663 422 665 383 666 8 663 383 666 1 661 1 661 383 666 382 667 1 661 382 667 3 668 423 669 422 665 421 664 386 670 383 666 422 665 81 671 77 525 424 672 79 673 81 671 298 674 298 674 81 671 424 672 86 675 69 88 68 87 36 676 38 677 86 675 86 675 38 677 157 678 86 675 157 678 69 88 69 679 157 680 425 681 69 679 425 681 309 682 426 683 425 681 83 684 83 684 425 681 157 680 83 684 157 680 158 685 275 686 280 687 83 688 83 688 280 687 282 689 83 688 282 689 426 690 291 691 290 692 85 693 85 693 290 692 300 694 85 693 300 694 83 688 83 688 300 694 276 695 83 688 276 695 275 686 85 696 182 697 291 698 291 699 182 700 185 701 291 702 185 703 427 704 67 705 73 706 68 707 68 708 73 709 82 710 68 708 82 710 80 711 297 712 300 694 80 711 80 711 300 694 290 692 80 711 290 692 68 708 68 708 290 692 428 713 68 714 428 715 274 716 429 717 430 718 431 719 430 718 429 717 432 720 432 720 429 717 433 721 432 720 433 721 434 722 432 720 434 722 435 723 435 723 434 722 187 724 435 725 187 726 174 727 436 728 437 729 117 730 117 731 238 732 436 733 436 734 238 735 438 736 436 734 438 736 437 737 439 738 440 739 441 740 442 741 440 739 437 742 437 742 440 739 439 738 437 742 439 738 117 743 117 743 439 738 441 740 117 743 441 740 118 744 118 744 441 740 443 745 444 746 445 747 446 748 446 748 445 747 447 749 447 749 445 747 448 750 447 749 448 750 449 751 449 751 448 750 450 752 450 752 448 750 102 753 450 752 102 753 451 754 452 755 453 756 454 757 454 757 453 756 455 758 454 757 455 758 456 759 456 759 455 758 128 760 456 759 128 760 457 761 453 756 452 755 458 762 458 762 452 755 459 763 459 763 452 755 460 764 459 763 460 764 461 765 461 765 460 764 462 766 461 765 462 766 463 767 463 767 462 766 464 768 463 767 464 768 343 769 343 769 464 768 465 770 343 769 465 770 342 771 342 771 465 770 466 772 342 771 466 772 345 773 345 773 466 772 467 774 345 773 467 774 346 775 346 775 467 774 468 776 346 775 468 776 469 777 467 774 470 778 468 776 468 776 470 778 471 779 471 779 470 778 472 780 471 779 472 780 473 781 473 781 472 780 457 761 473 781 457 761 474 782 474 782 457 761 128 760 474 783 128 784 475 785 475 785 128 784 368 786 475 785 368 786 367 212 368 786 128 784 37 787 458 762 459 763 476 788 463 767 343 769 477 789 477 789 343 769 478 790 477 789 478 790 427 791 427 791 478 790 479 792 346 793 469 794 480 795 480 795 469 794 274 796 480 795 274 796 428 797 480 795 428 797 481 798 274 796 469 794 482 799 427 791 185 800 477 789 483 801 484 802 158 803 158 803 484 802 83 804 485 805 83 804 476 806 476 806 83 804 484 802 476 806 484 802 458 807 486 808 475 785 36 809 36 809 475 785 487 810 36 809 487 810 37 811 37 811 487 810 488 812 37 811 488 812 368 813 487 810 475 785 367 212 489 814 425 815 490 816 490 817 425 818 426 819 491 820 492 820 493 820 493 820 492 820 494 820 495 821 496 822 32 823 32 823 496 822 34 824 425 825 489 826 309 827 309 827 489 826 310 828 497 525 491 525 498 525 498 525 491 525 493 525 499 525 500 525 487 525 487 525 500 525 488 525 427 829 479 830 291 831 291 832 479 833 293 834 501 835 27 836 502 837 502 837 27 836 29 838 503 839 169 840 482 841 482 842 169 843 274 844 14 845 51 846 42 847 42 848 51 849 43 850 364 851 328 852 504 853 504 853 328 852 331 854 75 855 74 856 55 857 55 857 74 856 415 858 328 859 124 860 329 861 329 861 124 860 505 862 332 863 365 864 333 865 333 865 365 864 506 866 507 867 508 868 509 869 509 870 508 871 510 872 511 873 512 874 120 875 120 876 512 877 513 878 290 879 514 880 428 881 428 881 514 880 481 882 515 883 260 884 516 885 516 885 260 884 240 886 124 887 113 888 505 889 505 889 113 888 517 890 153 891 518 892 158 893 158 893 518 892 483 894 504 895 506 896 364 897 364 897 506 896 365 898 113 899 332 900 517 901 517 901 332 900 330 902 519 903 520 904 521 905 521 905 520 904 522 906 486 907 36 908 523 909 523 909 36 908 87 910 524 525 525 525 526 525 526 525 525 525 527 525 146 911 137 912 147 913 147 914 137 915 136 916 368 917 488 917 372 917 372 917 488 917 500 917 369 918 524 919 151 920 151 920 524 919 526 921 487 820 367 820 499 820 499 820 367 820 366 820 528 922 164 923 395 924 395 924 164 923 396 925 498 917 529 917 497 917 497 917 529 917 530 917 525 820 371 926 527 927 527 928 371 929 370 930 531 931 84 932 485 933 485 934 84 935 83 936 532 937 533 938 534 939 534 939 533 938 535 940 191 941 188 942 193 943 193 943 188 942 203 944 205 945 536 946 206 947 206 948 536 949 537 950 538 951 539 952 540 953 540 954 539 955 541 956 542 370 543 370 544 370 544 370 543 370 545 370 546 370 547 370 548 370 548 370 547 370 549 370 550 370 551 370 552 370 552 370 551 370 553 370 551 917 554 917 553 917 553 917 554 917 555 917 295 957 294 958 302 959 302 960 294 961 556 962 547 917 557 917 549 917 549 917 557 917 558 917 559 963 201 964 560 965 560 966 201 967 235 968 194 969 537 970 195 971 195 971 537 970 536 972 385 973 209 974 561 975 561 975 209 974 387 976 213 977 542 978 562 979 562 980 542 981 544 917 233 982 375 983 234 984 234 984 375 983 563 985 564 986 232 987 563 988 563 989 232 990 234 991 243 992 241 993 565 994 565 995 241 996 270 997 566 998 259 999 567 1000 567 1000 259 999 257 1001 271 1002 568 1003 272 1004 272 1005 568 1006 569 1007 5 1008 9 1009 569 1010 569 1010 9 1009 272 1011 543 820 570 820 545 820 545 820 570 820 571 820 304 1012 308 1013 305 1014 305 1015 308 1016 196 1017 572 1018 266 1019 573 1020 573 1020 266 1019 284 1021 548 820 574 820 546 820 546 820 574 820 575 820 576 820 550 820 577 820 577 820 550 820 552 820 578 1022 17 1023 579 1024 579 1025 17 1026 19 1027 509 1028 510 1029 580 1030 580 1031 510 1032 581 1033 429 1034 121 1035 433 1036 433 1037 121 1038 49 1039 321 1040 582 1041 583 1042 583 1042 582 1041 584 1043 583 1042 584 1043 585 1044 169 1045 172 1046 86 1047 86 1047 172 1046 87 1048 586 1049 130 1050 587 1051 587 1052 130 1053 100 1054 508 1055 507 1056 588 1057 588 1058 507 1059 589 1060 507 1061 509 1062 589 1063 589 1063 509 1062 580 1064 510 1065 508 1066 581 1067 581 1068 508 1069 588 1070 590 1071 591 1072 592 1073 592 1073 591 1072 593 1074 592 1073 594 1075 590 1071 590 1071 594 1075 595 1076 590 1071 595 1076 115 1077 115 1078 595 1079 116 1080 26 1081 18 1082 186 1083 186 1084 18 1085 596 1086 186 1084 596 1086 176 1087 519 1088 134 1089 124 1090 124 1091 134 1092 113 1093 597 1094 451 1095 513 1096 513 1097 451 1098 102 1099 513 1097 102 1099 120 1100 471 1101 473 1102 598 1103 598 1103 473 1102 474 1104 598 1103 599 1105 471 1101 471 1101 599 1105 600 1106 471 1101 600 1106 468 1107 468 1107 600 1106 601 1108 468 1109 601 525 602 525 48 1110 50 1111 45 1112 45 1113 50 1114 186 1115 532 1116 534 1117 603 1118 603 1118 534 1117 604 1119 528 1120 401 1121 164 1122 164 1122 401 1121 605 1123 164 1124 605 1125 165 1126 165 1127 605 1123 401 1121 533 1128 532 1129 606 1130 606 1130 532 1129 603 1131 604 1132 607 1133 608 1134 608 1135 607 1136 167 1137 534 1138 535 1139 604 1140 604 1141 535 1142 609 1143 528 1144 395 1145 374 1146 374 1146 395 1145 394 1147 535 1148 533 1149 609 1150 609 1151 533 1152 606 1153 538 1154 540 1155 610 1156 610 1156 540 1155 611 1157 541 1158 539 1159 612 1160 612 1160 539 1159 613 1161 201 1162 199 1163 236 1164 236 1164 199 1163 198 1165 539 1166 538 1167 613 1168 613 1169 538 1170 610 1171 540 1172 541 1173 611 1174 611 1175 541 1176 612 1177 226 1178 228 1179 614 1180 614 1180 228 1179 564 1181 614 1182 564 1183 563 1184 563 1184 50 1185 614 1182 614 1182 50 1185 615 1186 563 1184 374 1187 50 1185 50 1185 374 1187 26 1188 50 1185 26 1188 186 1189 374 1187 563 1184 375 1190 26 1188 374 1187 616 1191 616 1191 374 1187 394 1192 616 1191 394 1192 392 1193 215 1194 616 1191 393 1195 393 1195 616 1191 392 1193 214 1196 220 1197 215 1194 215 1194 220 1197 101 1198 215 1194 101 1198 616 1191 616 1191 101 1198 617 1199 220 1197 218 1200 614 1180 614 1180 218 1200 223 1201 614 1180 223 1201 226 1178 618 1202 101 1198 438 1203 438 1203 101 1198 220 1197 438 1203 220 1197 614 1180 438 1203 238 1204 618 1202 618 1202 238 1204 119 1205 618 1202 119 1205 619 1206 99 1207 101 1208 96 1209 96 1210 101 1211 618 1212 620 1213 8 1214 247 1215 247 334 8 1216 7 335 8 1217 620 1218 421 1219 421 1219 620 1218 423 1220 267 1221 417 1222 268 1223 268 1223 417 1222 416 1224 268 1223 416 1224 263 1225 263 1225 416 1224 419 1226 229 1227 561 1228 267 1229 267 1229 561 1228 387 1230 267 1221 387 1231 417 1222 417 1222 387 1231 386 1232 417 1233 386 1234 418 1235 418 1235 386 1234 422 1236 418 1235 422 1236 420 1237 420 1237 422 1236 423 1238 420 1239 423 1220 621 1240 621 1240 423 1220 620 1218 285 1241 265 1242 287 1243 287 1244 265 1245 262 1246 266 1247 265 1248 284 1249 284 1250 265 1242 285 1241 562 1251 555 525 576 1252 576 1252 555 525 554 525 577 525 571 1253 576 1252 576 1252 571 1253 213 1254 576 1252 213 1254 562 1251 571 1253 570 1255 213 1254 213 1254 570 1255 622 1256 279 390 278 389 314 1257 314 1258 278 1259 623 1260 314 1261 623 1262 337 1263 337 1263 623 1262 335 1264 77 1265 76 1266 424 1267 424 1267 76 1266 336 1268 424 1267 336 1268 298 1269 298 1269 336 1268 335 1270 298 418 335 1264 299 419 299 419 335 1264 623 1262 578 1271 624 1272 17 1273 17 1273 624 1272 596 1274 17 1273 596 1274 18 1275 625 1276 69 1277 13 1278 13 1278 69 1277 316 1279 13 1278 316 1279 21 1280 13 1278 10 1281 625 1276 625 1276 10 1281 95 1282 625 1276 95 1282 626 1283 334 1284 626 1283 316 1279 316 1279 626 1283 95 1282 316 1279 95 1282 21 1280 625 1276 415 1285 69 1277 69 1286 415 1287 74 1288 69 1286 74 1288 67 1289 624 1290 578 1291 627 1292 627 1292 578 1291 628 1293 578 1291 579 1294 628 1293 628 1293 579 1294 629 1295 628 1293 629 1295 630 1296 630 1296 629 1295 631 1297 630 1298 631 1299 632 1300 279 525 312 1301 281 1302 281 1302 312 1301 310 1303 281 1304 310 1305 490 1306 490 1306 310 1305 489 1307 30 1308 633 1309 31 1310 31 1311 633 1312 634 1313 634 1313 633 1312 635 1314 635 1314 633 1312 636 1315 635 1314 636 1315 637 1316 495 1317 32 1318 638 1319 638 1319 32 1318 322 1320 12 1321 11 1322 91 1323 91 1323 11 1322 20 1324 58 1325 60 1326 639 1327 639 1328 60 1329 70 1330 639 1328 70 1330 640 1331 51 1332 52 1333 43 1334 43 1335 52 1336 41 1337 641 1338 642 1339 586 1340 586 1340 642 1339 643 1341 586 1340 587 1342 641 1338 641 1338 587 1342 644 1343 641 1338 644 1343 645 1344 645 1344 644 1343 646 1345 645 1346 646 1347 647 1348 648 1349 649 1350 650 1351 650 1351 649 1350 651 1352 325 1353 651 1352 103 1354 103 1354 651 1352 649 1350 183 1355 652 1356 185 1357 185 1357 652 1356 653 1358 185 1357 653 1358 477 1359 477 1359 653 1358 654 1360 529 1361 52 1362 494 1363 494 1363 52 1362 16 1364 494 1363 16 1364 493 1365 493 1365 16 1364 15 1366 493 1365 15 1366 498 1367 498 1367 15 1366 529 1368 529 1368 15 1366 41 1369 529 1361 41 1370 52 1362 655 1371 656 1372 657 1373 657 1374 656 1375 65 1376 657 1374 65 1376 64 1377 64 1378 66 1379 658 1380 658 1381 66 1382 62 1383 658 1381 62 1383 61 1384 104 1385 103 1386 72 1387 72 1388 103 1389 649 1390 72 1391 649 1392 648 1393 659 1394 90 1395 656 1396 656 1396 90 1395 89 1397 656 1396 89 1397 65 1398 65 1398 89 1397 63 1399 65 1398 63 1399 66 1400 66 1400 63 1399 62 1401 467 1402 660 1402 470 1402 470 525 660 525 661 525 470 525 661 525 662 525 660 525 663 525 661 525 661 525 663 525 664 525 661 525 664 525 665 525 470 1403 662 1403 472 1403 472 1404 662 1404 666 1404 472 1405 666 1405 457 1405 457 525 666 525 456 525 460 525 452 525 667 525 667 525 452 525 454 525 667 525 454 525 668 525 668 525 454 525 456 525 668 525 456 525 666 525 669 525 670 525 671 525 671 525 670 525 672 525 465 525 464 525 673 525 673 1406 464 1406 462 1406 673 1407 462 1407 674 1407 674 525 462 525 460 525 674 525 460 525 671 525 671 525 460 525 667 525 671 525 667 525 669 525 465 525 673 525 675 525 465 1408 675 1408 466 1408 466 525 675 525 660 525 466 1409 660 1409 467 1409 655 1410 657 1411 333 1412 333 1412 657 1411 64 1413 333 1414 64 1415 331 1416 331 1416 64 1415 658 1417 331 1416 658 1417 61 1418 506 1419 655 1410 333 1412 61 1418 676 1420 504 1421 504 1421 676 1420 88 1422 504 1421 88 1422 506 1419 506 1419 88 1422 677 1423 506 1419 677 1423 655 1410 331 1416 61 1418 504 1421 88 1424 90 1425 677 1426 677 1427 90 1428 659 1429 677 1427 659 1429 655 1430 655 1431 659 1432 656 1433 290 1434 289 1435 514 1436 514 1436 289 1435 292 1437 514 1438 292 1439 340 1440 511 1441 120 1442 678 1443 678 1443 120 1442 338 1444 61 1445 63 1446 676 1447 676 1448 63 1449 89 1450 676 1448 89 1450 88 1451 107 1452 106 1453 327 1454 327 1455 106 1456 71 1457 632 1458 679 1459 616 1460 616 1460 679 1459 26 1461 26 1462 679 1459 22 1463 22 1463 679 1459 632 1458 22 1464 632 1465 631 1466 590 1467 680 1468 591 1469 591 1469 680 1468 681 1470 591 1469 681 1470 593 1471 682 917 404 1472 681 1470 681 1470 404 1472 403 1473 681 1470 403 1473 593 1471 593 1471 403 1473 683 1474 560 1475 235 1476 683 1477 683 1477 235 1476 684 1478 683 1477 684 1478 593 1479 572 1480 684 1478 266 1481 266 1481 684 1478 235 1476 519 1482 521 1483 134 1484 134 1485 521 1486 132 1487 444 1488 685 1489 686 1490 444 1488 686 1490 445 1491 445 1491 686 1490 687 1492 445 1491 687 1492 688 1493 689 1494 119 1495 118 1496 645 1497 690 1498 641 1499 641 1499 690 1498 691 1500 641 1499 691 1500 692 1501 692 1501 691 1500 693 1502 692 1501 693 1502 694 1503 695 1504 696 1505 444 1488 444 1488 696 1505 690 1498 444 1488 690 1498 685 1489 685 1489 690 1498 645 1497 685 1489 645 1497 118 1496 118 1496 645 1497 647 1506 118 1496 647 1506 689 1494 689 1507 647 1508 619 1509 689 1510 619 1511 119 1512 688 1493 448 1513 445 1491 102 1514 448 1513 697 1515 697 1515 448 1513 688 1493 697 1515 688 1493 441 1516 441 1516 688 1493 687 1492 441 1516 687 1492 443 1517 443 1517 687 1492 685 1489 443 1517 685 1489 118 1496 102 1514 697 1515 103 1518 103 1518 697 1515 30 1519 30 1519 697 1515 633 1520 615 1521 431 1522 614 1523 614 1523 431 1522 442 1524 698 1525 432 1526 435 1527 505 1528 517 1529 176 1530 176 1530 517 1529 330 1531 176 1530 330 1531 174 1532 174 1532 330 1531 624 1533 174 1532 624 1533 435 1527 435 1527 624 1533 699 1534 435 1527 699 1534 698 1525 698 1525 699 1534 700 1535 698 1525 700 1535 637 1536 176 1530 596 1537 505 1528 505 1528 596 1537 624 1533 505 1528 624 1533 329 1538 329 1538 624 1533 330 1531 628 1539 701 1540 627 1541 627 1541 701 1540 699 1534 627 1541 699 1534 624 1533 630 1542 702 1543 628 1539 628 1539 702 1543 703 1544 628 1539 703 1544 701 1540 701 1540 703 1544 704 1545 701 1540 704 1545 699 1534 705 1546 702 1543 630 1542 632 1547 616 1548 643 1549 643 1549 616 1548 617 1550 642 1551 705 1546 643 1549 643 1549 705 1546 630 1542 643 1549 630 1542 632 1547 706 1552 702 1543 694 1503 694 1503 702 1543 705 1546 694 1503 705 1546 692 1501 692 1501 705 1546 642 1551 692 1501 642 1551 641 1499 707 1553 706 1552 694 1503 707 1553 708 1554 706 1552 706 1552 708 1554 709 1555 706 1552 709 1555 710 1556 709 1555 708 1554 711 1557 710 1556 712 1558 706 1552 637 1559 636 1560 698 1525 698 1525 636 1560 713 1561 698 1525 713 1561 432 1526 432 1526 713 1561 714 1562 432 1526 714 1562 430 1563 430 1563 714 1562 715 1564 430 1563 715 1564 431 1522 431 1522 715 1564 440 1565 431 1522 440 1565 442 1524 713 1561 636 1560 714 1562 714 1562 636 1560 633 1520 714 1562 633 1520 715 1564 715 1564 633 1520 697 1515 715 1564 697 1515 440 1565 440 1565 697 1515 441 1516 114 1566 716 1567 115 1566 115 1568 716 1569 261 1570 262 1571 261 1572 287 1573 287 1573 261 1572 716 1574 287 1575 716 1576 717 917 240 1577 239 1578 516 1579 516 1579 239 1578 242 1580 516 1581 242 1582 357 1583 429 1584 431 1585 121 1586 121 1587 431 1588 615 1589 121 1587 615 1589 50 1590 522 1591 520 1592 135 1593 135 1594 520 1595 133 1596 132 1597 521 1598 135 1599 135 1599 521 1598 522 1600 586 1601 643 1602 130 1603 130 1603 643 1602 617 1604 130 1603 617 1604 101 1605 131 1606 128 1607 718 1608 718 1609 128 1610 455 1611 718 1609 455 1611 719 1612 719 1612 455 1611 720 1613 720 1613 455 1611 453 1614 720 1613 453 1614 458 525 113 1093 134 1092 111 1615 111 1615 134 1092 133 1616 111 1617 133 1618 123 1619 123 1619 133 1618 520 1620 123 1619 520 1620 124 1621 124 1622 520 1623 519 1624 140 1625 178 1626 721 1627 721 1627 178 1626 138 1628 721 1627 138 1628 150 1629 150 1629 138 1628 137 1630 150 1629 137 1630 151 1631 151 1631 137 1630 146 1632 151 1631 146 1632 722 1633 151 1631 722 1633 373 1634 373 1634 722 1633 141 1635 373 1634 141 1635 140 1636 373 1637 140 1625 721 1627 461 1638 723 1639 459 1640 459 1641 723 1641 724 1641 459 525 724 525 725 525 477 1642 654 1643 463 1644 463 1645 654 1646 726 1647 463 1648 726 1649 461 1638 461 1638 726 1649 727 1650 461 1638 727 1650 723 1639 143 1651 145 1652 161 1653 161 1654 145 1655 159 1656 160 1657 162 1658 144 1659 144 1660 162 1661 142 1662 145 1663 142 1664 159 1665 159 1666 142 1667 162 1668 139 1669 141 1670 728 1671 728 1672 141 1673 722 1674 728 1672 722 1674 148 1675 148 1676 722 1677 146 1678 147 1679 136 1680 148 1681 148 1681 136 1680 177 1682 148 1681 177 1682 728 1683 728 1683 177 1682 729 1684 728 1683 729 1684 139 1685 167 1686 607 1687 528 1688 528 1689 607 1690 606 1691 161 1692 160 1693 166 1694 166 1695 160 1696 144 1697 166 1698 144 1699 608 1700 608 1700 144 1699 381 1701 608 1700 381 1701 401 1702 166 1694 168 1703 161 1692 161 1692 168 1703 381 1704 161 1692 381 1704 143 1705 143 1706 381 1701 144 1699 168 1703 374 1707 381 1704 528 1708 374 1709 167 1710 167 1711 374 1707 168 1703 603 1712 528 1713 606 1714 604 1715 608 1700 603 1712 603 1712 608 1700 401 1702 603 1712 401 1702 528 1713 177 1716 178 1717 729 1718 729 1719 178 1720 140 1721 729 1719 140 1721 139 1722 151 1723 526 1724 149 1725 149 1725 526 1724 527 1726 149 1727 527 1728 730 1729 730 1730 527 1731 370 1732 192 1733 193 1734 204 1735 204 1736 193 1737 203 1738 561 1739 229 1740 4 1741 307 1742 731 1743 3 1744 3 1744 731 1743 4 1745 382 1746 732 1747 3 1748 3 1748 732 1747 556 1749 3 1748 556 1749 307 1750 556 1749 732 1747 302 1751 302 1751 732 1747 733 1752 302 1753 733 1754 303 1755 307 1756 303 1757 731 1758 731 1743 303 1759 733 1760 731 1743 733 1760 4 1745 4 1745 733 1760 385 1761 4 1741 385 1762 561 1739 196 1763 195 1764 305 1765 305 1765 195 1764 536 1766 305 1765 536 1766 306 1767 306 1767 536 1766 205 1768 306 1767 205 1768 734 1769 296 1770 307 1771 294 1772 294 1773 307 1774 556 1775 192 1776 204 1777 574 1778 574 1778 204 1777 190 1779 574 1778 190 1779 558 1780 558 1780 190 1779 189 1781 558 1780 189 1781 549 1782 549 1782 189 1781 192 1783 549 1784 192 1776 548 1785 548 1785 192 1776 574 1778 537 1786 194 1787 735 1788 735 1788 194 1787 308 1789 735 1788 308 1789 622 1790 622 1790 308 1789 304 1791 622 1790 304 1791 213 1792 213 1792 304 1791 736 1793 213 1792 736 1793 207 1794 213 1792 207 1794 211 1795 211 1795 207 1794 206 1796 211 1795 206 1796 537 1797 537 1786 735 1788 211 1798 618 1799 619 1800 96 1801 96 1801 619 1800 647 1802 96 1803 647 1804 646 1805 198 917 737 917 237 1806 237 1806 737 917 738 1807 237 1806 738 1807 413 1808 413 1808 738 1807 411 1809 219 1810 221 1811 217 1812 217 1812 221 1811 400 1813 217 1812 400 1813 224 1814 437 1815 438 1816 442 1817 442 1817 438 1816 739 1818 442 1817 739 1818 614 1819 614 1819 739 1818 438 1816 269 1820 621 1240 264 1821 264 1821 621 1240 740 1822 264 1821 740 1822 245 1823 245 1823 740 1822 246 1824 263 1825 419 1826 269 1827 269 1827 419 1826 420 1828 269 1820 420 1239 621 1240 740 1829 621 1830 246 1831 246 1831 621 1830 620 1832 246 1831 620 1832 247 1833 256 1834 273 1835 251 1836 251 1836 273 1835 741 1837 251 1838 741 1839 742 1840 273 1841 237 1842 551 1843 551 1843 237 1842 413 1844 551 1845 413 1846 554 1847 554 212 413 1848 576 1849 551 1843 550 1850 273 1841 273 1841 550 1850 576 1851 273 1841 576 1851 743 1852 743 1852 576 1851 413 1853 743 1852 413 1853 350 1854 350 1854 413 1853 744 1855 350 1854 744 1855 745 1856 413 1857 410 1858 744 1858 273 1841 743 1852 741 1859 745 1856 746 1860 350 1854 350 1854 746 1860 348 1861 746 1860 747 1862 348 1861 348 1861 747 1862 748 1863 348 1861 748 1863 354 1864 354 1864 748 1863 749 1865 354 1864 749 1865 355 1866 355 1866 749 1865 360 1867 355 1866 360 1867 750 1868 749 1865 751 1869 360 1867 360 1867 751 1869 752 1870 360 1867 752 1870 359 1871 359 1871 752 1870 753 1872 359 1871 753 1872 754 1873 359 1871 754 1873 362 1874 362 1874 754 1873 755 1875 362 1874 755 1875 363 1876 363 1876 755 1875 115 1877 115 1877 755 1875 756 1878 115 1877 756 1878 757 1879 115 1877 757 1879 590 1880 590 1881 757 1882 758 1883 590 1881 758 1883 680 1884 363 1885 115 1886 759 1887 759 1887 115 1886 261 1888 759 1887 261 1888 260 1889 260 1889 515 1890 759 1887 355 1891 750 1892 760 1893 760 1893 750 1892 270 1894 270 1894 750 1892 565 1895 566 1896 760 1893 259 1897 259 1897 760 1893 270 1894 569 1898 568 1899 5 1900 5 1900 568 1899 249 1901 5 1902 249 1903 6 1904 6 1904 249 1903 7 370 301 1905 299 1906 277 1907 277 1907 299 1906 623 1908 277 1907 623 1908 278 1909 304 1910 306 1911 736 1912 736 1913 306 1914 734 1915 736 1913 734 1915 207 1916 207 1917 734 1918 205 1919 570 1920 543 1921 761 1922 761 1923 543 1924 542 1925 761 1926 542 1927 212 1928 212 1928 542 1927 213 1929</p>
        </triangles>
        <triangles material="Surface_3-material" count="7333">
          <input semantic="VERTEX" source="#mh00400-j00_lk1_1-mesh-vertices" offset="0"/>
          <input semantic="NORMAL" source="#mh00400-j00_lk1_1-mesh-normals" offset="1"/>
          <p>762 1930 763 1931 764 1932 764 1933 763 1933 765 1933 765 1934 763 1934 766 1934 766 370 763 370 767 370 766 370 767 370 768 370 768 1935 767 1935 769 1935 769 370 767 370 770 370 770 370 767 370 771 370 771 370 767 370 772 370 771 370 772 370 773 370 771 370 773 370 774 370 770 1936 771 1936 775 1936 775 370 771 370 776 370 775 1937 776 1937 777 1937 777 1938 776 1938 778 1938 778 370 776 370 779 370 778 1939 779 1939 780 1939 780 370 779 370 781 370 781 370 779 370 782 370 781 370 782 370 783 370 783 1940 782 1940 784 1940 784 1941 782 1941 785 1941 784 1942 785 1942 786 1942 786 370 785 370 787 370 787 370 785 370 788 370 788 370 785 370 789 370 789 370 785 370 790 370 789 370 790 370 791 370 789 370 791 370 792 370 788 370 789 370 793 1943 793 1944 789 370 794 1945 793 1944 794 1945 795 1946 795 1946 794 1945 762 1947 795 1946 762 1947 796 1948 796 1949 762 1930 764 1932 797 1950 798 1951 799 1952 800 1953 801 1954 802 1955 803 1956 799 1957 798 1958 804 1959 805 1960 806 1961 807 1962 808 1963 809 1964 810 1965 809 1966 808 1967 799 1968 803 1969 811 1970 812 1971 813 1972 814 1973 815 1974 816 1975 817 1976 818 1977 819 1978 820 1979 821 1980 822 1981 823 1982 824 1983 825 1984 826 1985 826 1986 825 1987 827 1988 814 1989 813 1990 828 1991 829 1992 811 1993 803 1994 830 1995 831 1996 828 1997 831 1998 832 1999 819 2000 833 2001 834 2002 835 2003 826 2004 827 2005 836 2006 816 2007 815 2008 837 2009 838 2010 839 2011 840 2012 841 2013 811 2014 829 2015 842 2016 843 2016 844 2016 845 2017 846 2018 807 2019 847 2020 848 2021 849 2022 850 2023 851 2024 852 2025 853 2026 849 2027 848 2028 808 2029 807 2030 846 2031 804 2032 806 2033 854 2033 855 2034 856 2035 801 2036 856 2037 802 2038 801 2039 857 2040 858 2040 859 2040 860 2041 861 2042 862 2041 863 2043 864 2044 865 2045 848 2046 847 2047 866 2048 867 2049 868 2050 869 2051 852 2052 869 2053 870 2054 868 2055 871 2056 869 2057 872 2058 873 2059 874 2060 875 2061 876 2062 877 2063 864 2064 878 2065 833 2066 879 2067 880 2068 881 2069 882 2070 883 2071 884 2072 880 2073 885 2074 886 2075 887 2076 888 2076 889 2076 859 2077 890 2077 891 2077 855 2078 892 2079 856 2080 893 2081 894 2082 895 2083 896 2084 897 2085 898 2086 899 2087 900 2088 901 2089 902 2090 903 2091 904 2092 905 2093 906 2094 907 2095 908 2096 909 2097 910 2098 911 2099 912 2100 913 2101 914 2102 886 2103 885 2104 846 2105 845 2106 915 2107 819 2108 818 2109 916 2110 817 2111 917 2112 918 2113 870 2114 850 2115 852 2116 919 2117 920 2118 921 2119 922 2120 923 2121 924 2122 897 2123 896 2124 925 2125 926 2126 887 2127 927 2128 928 2129 929 2130 884 2131 835 2132 930 2133 931 2134 932 2135 933 2136 888 2137 934 2138 935 2139 936 2140 889 2141 927 2142 887 2143 861 2144 860 2145 937 2146 938 2147 939 2148 940 2149 941 2150 942 2151 943 2152 944 2153 945 2154 946 2155 947 2156 948 2157 949 2158 861 2159 937 2160 950 2160 951 2161 952 2162 953 2163 954 2164 955 2165 956 2164 957 2166 958 2166 959 2166 933 2167 960 2168 961 2169 962 2170 963 2170 964 2170 965 2171 966 2172 967 2171 968 2173 969 2174 970 2175 971 2176 972 2176 973 2176 974 2177 928 2178 975 2179 976 2180 977 2180 915 2181 978 2182 979 2183 965 2182 979 2184 966 2185 965 2186 804 2187 980 2188 981 2189 982 2190 983 2191 984 2192 982 2193 985 2193 986 2193 927 2194 987 2195 926 2196 988 2197 989 2198 990 2199 991 2200 992 2200 993 2201 994 2202 995 2203 865 2204 886 2205 881 2206 880 2207 996 2208 997 2209 884 2210 929 2130 996 2211 884 2131 998 2212 841 2213 829 2214 930 2215 835 2216 834 2217 999 2218 1000 2219 1001 2220 903 2221 1002 2222 904 2222 1003 2223 1004 2224 1005 2225 1006 2226 1007 2226 1008 2226 1007 2227 1006 2228 1009 2229 1010 2230 1011 2230 1012 2230 946 2231 1006 2232 1013 2233 1014 2234 1015 2234 1016 2234 1017 2235 1018 2236 1019 2237 1020 2238 1021 2238 1022 2239 945 2240 944 2241 1023 2242 923 2243 922 2244 1024 2245 1025 2246 1024 2247 922 2248 1026 2249 977 2250 976 2251 1027 2252 1028 2252 1029 2252 1030 2253 1031 2254 1032 2255 1033 2256 1034 2257 1035 2258 1036 2259 1037 2260 1033 2261 1038 2262 1019 2263 1018 2264 1039 2265 1040 2266 1041 2267 1042 2268 900 2269 1038 2270 1043 2271 1035 2272 1044 2273 1045 2274 1046 2274 1047 2275 1048 2276 1049 2276 964 2276 1049 2277 1048 2278 1050 2279 1051 2280 1004 2281 1052 2282 1053 2283 949 2284 1054 2285 1055 2286 1056 2286 1047 2287 1057 2288 1058 2289 955 2290 1010 2291 987 2291 1011 2292 1059 2293 1060 2294 1061 2294 953 2295 952 2296 1010 2297 1062 2298 1063 2298 1064 2298 956 2299 955 2300 1058 2301 928 2302 1065 2303 929 2304 1065 2303 1066 2305 996 2306 910 2307 1067 2308 908 2309 1065 2303 996 2306 929 2304 996 2310 1066 2311 997 2312 1066 2313 1068 2314 1069 2315 1070 2316 1071 2317 1072 2318 1073 2319 1074 2320 1075 2321 1076 2322 1077 2323 1078 2324 1074 2325 1073 2326 1079 2327 1080 2328 1081 2329 1082 2330 1083 2331 1084 2332 1085 2333 1086 2334 1087 2334 1088 2334 1089 2335 1090 2336 1082 2337 1091 2338 1092 2339 1093 2340 1094 2341 1095 2342 1096 2343 1097 2344 1098 2345 1099 2346 1100 2347 1101 2348 1102 2349 1103 2350 1104 2351 1105 2352 1106 2353 1105 2354 1104 2355 1107 2356 1108 2357 1084 2358 1109 2359 1110 2360 1054 2361 1085 2362 1084 2363 1108 2364 1071 2365 1111 2366 1112 2367 1113 2368 1114 2369 1115 2370 1116 2371 1117 2372 1118 2373 1119 2374 1120 2375 1121 2376 1122 2377 1123 2377 1124 2377 1116 2378 1118 2379 1125 2380 1126 2381 1118 2382 1127 2383 1128 2384 1129 2385 1130 2386 1131 2387 1132 2388 1133 2389 1088 2390 1124 2390 1123 2390 1134 2391 1135 2392 1136 2391 1137 2393 1138 2394 1139 2395 922 2396 1140 2397 1025 2398 1141 2399 1142 2400 1143 2401 1144 2402 1025 2403 1140 2402 1145 2404 1146 2405 1147 2406 878 2407 864 2407 863 2408 834 2409 833 2410 878 2410 1148 2411 1149 2412 1150 2411 1151 2413 1027 2414 891 2415 1152 2416 1153 2417 1154 2418 1155 2419 1022 2420 1021 2419 1156 2421 857 2421 1157 2422 1041 2423 1158 2424 1159 2425 1159 2426 1160 2427 1059 2428 1060 2429 1059 2430 1160 2431 1160 2432 1159 2433 1158 2434 1158 2435 1041 2436 1040 2437 1029 2438 1161 2438 1157 2438 945 2439 1162 2440 1163 2441 1164 2442 1165 2443 1162 2444 1166 2445 1167 2446 1168 2447 1169 2448 1170 2448 1171 2448 1172 2449 1173 2450 1174 2451 1172 2452 1174 2453 1175 2454 1176 2455 1135 2456 1134 2457 1147 2458 1177 2459 1145 2460 1178 2461 1179 2462 1141 2463 1180 917 1181 917 1182 917 1183 2464 1184 2465 1185 2466 1178 2467 1141 2468 1143 2469 1186 2470 1187 2470 1188 2470 1189 2471 1122 2472 1124 2473 1102 2474 1101 2474 1190 2474 1172 2475 1191 2476 1173 2477 1192 2478 1193 2478 1194 2478 1195 2479 1196 2479 1197 2479 1198 2480 1199 2480 1200 2481 1201 2482 1202 2483 1135 2484 1202 2485 1136 2485 1135 2486 1203 2487 1171 2487 1204 2487 1205 2488 1206 2489 1207 2490 1208 2491 1209 2492 1001 2493 1210 2494 1211 2495 1212 2496 1213 2497 1214 2498 1215 2499 1216 2500 1217 2501 1218 2502 1219 2503 1220 2504 1221 2505 1218 2506 1217 2507 1222 2508 1223 2509 1224 2510 1225 2511 1226 2512 1218 2512 1227 2512 1228 2513 1229 2514 1230 2515 1231 2516 931 2517 930 2518 1212 2519 1232 2519 1210 2519 1233 2520 1234 2521 1235 2522 1236 2523 1237 2524 1238 2525 1239 2526 1240 2527 1241 2528 1242 2529 1243 2530 1244 2531 1245 2532 1246 2533 1247 2534 1208 2535 959 2536 1248 2537 1249 2538 1250 2539 1251 2538 1252 2540 1253 2541 1254 2542 1122 2543 1189 2544 1255 2545 1055 2546 1256 2546 1257 2546 1258 2547 1259 2548 1260 2549 1261 2550 1262 2551 1263 2552 1047 2553 1056 2554 1264 2555 1265 2556 1266 2557 1267 2558 1268 2559 1269 2560 1106 2561 1224 2562 1223 2563 1270 2564 1271 2565 1257 2566 1256 2567 1272 2568 1225 2569 1224 2570 1258 2571 1273 2571 1259 2571 1274 2572 1275 2573 1276 2574 1277 2575 1247 2576 1246 2577 1275 2578 1274 2579 1278 2580 1279 2581 1280 2582 1281 2583 1105 2584 1106 2585 1282 2586 1104 2587 1283 2588 1106 2589 1106 2590 1269 2591 1089 2592 1225 2593 1284 2594 1223 2595 1285 2596 1282 2597 1286 2598 1078 2599 1287 2599 1288 2599 1282 2600 1285 2601 1105 2602 1289 2603 1290 2604 1291 2605 1286 2606 1292 2607 1285 2608 1264 2609 1293 2610 1294 2611 1295 2612 1296 2613 1039 2614 1291 2615 1297 2616 1289 2617 1298 2618 1299 2618 1300 2618 1301 2619 1302 2620 1104 2621 1257 2622 1271 2622 1045 2622 1046 2623 1045 2623 1271 2623 1040 2624 1039 2625 1296 2626 1297 2627 1303 2628 1304 2629 1305 2630 1298 2631 1306 2632 1053 2633 1054 2634 1110 2635 1307 2636 1308 2637 1309 2638 1308 2639 1310 2640 1225 2641 1073 2642 1075 2643 1311 2644 1304 2645 1289 2646 1297 2645 1312 2647 1313 2647 1314 2647 1315 2648 1316 2649 1317 2650 1318 2651 1319 2652 1320 2651 1321 2653 1322 2654 1323 2655 1324 2656 1325 2657 1326 2658 1327 2659 1328 2660 1322 2661 1329 2662 1323 2663 1322 2664 1330 2665 1082 2666 1090 2667 1320 2668 1319 2669 1331 2670 1332 2671 1333 2671 1334 2671 1319 2672 1335 2673 1336 2674 1337 2675 1338 2676 1339 2677 1340 2678 1341 2679 1342 2679 1343 2680 1344 2680 1345 2680 1346 2681 1347 2682 1348 2683 1349 2684 1342 2685 1350 2686 1234 2687 1349 2684 1350 2686 1351 2688 1349 2689 1234 2690 1206 2691 1205 2692 1352 2693 1353 2694 1354 2695 1355 2696 1354 2697 1356 2698 1357 2699 1358 2700 1359 2700 1360 2701 1352 2702 1361 2703 1362 2704 1363 2705 1364 2706 1365 2707 1366 2708 1367 2709 1368 2710 1367 2711 1369 2712 1278 2712 1370 2713 1371 2714 1372 2715 1371 2716 1373 2717 1374 2718 1375 2719 1376 2720 1377 2721 1375 2722 1377 2723 1378 2724 1379 2725 1380 2726 1381 2727 1382 2728 1383 2729 1384 2730 1385 2731 1386 2732 1387 2733 1388 2734 1389 2735 1390 2736 1391 2737 1384 2738 1383 2739 1392 2740 1393 2741 1394 2742 1358 2743 1360 2744 1395 2745 1389 2746 1396 2747 1397 2748 1393 2749 1392 2750 1398 2751 1399 2752 1400 2752 1401 2753 1402 2754 1403 2755 1223 2756 1404 2757 1405 2758 1406 2759 1407 2760 1408 2761 1409 2762 1410 2763 1411 2764 1412 2765 1087 2766 1086 2766 1413 2766 1414 2767 1415 2767 1340 2768 1416 2769 1413 2770 1122 2771 1417 2772 1418 2772 1419 2772 1420 2773 1421 2773 1422 2773 1423 2774 1343 2775 1424 2776 1203 2777 1425 2778 1426 2779 903 2780 902 2781 1427 2781 1428 2782 1427 2783 902 2784 1429 2785 1211 2786 1430 2787 1214 2788 1213 2789 1431 2790 1432 2791 1433 2792 1434 2793 1435 2794 1429 2795 1430 2796 1436 2797 1434 2798 1433 2799 1437 2800 1239 2801 1438 2802 1439 2803 1184 2804 1440 2805 1427 2806 1428 2806 1441 2806 1442 2807 1443 2807 1444 2807 896 2808 1445 2809 925 2810 1446 2811 1447 2812 1448 2813 1448 2814 1449 2815 1446 2816 1450 2817 1451 2817 1452 2817 1453 2818 1454 2819 1455 2820 1113 2821 1456 2822 1114 2823 1457 2824 1456 2825 1458 2826 1459 2827 1460 2828 1231 2829 1454 2830 1461 2831 1462 2832 1463 2833 1464 2834 1249 2835 1465 2836 1466 2837 1445 2838 925 2839 1445 2840 1466 2841 1467 2842 1235 2843 1468 2842 1466 2844 1465 2845 1469 2846 1470 2847 1369 2848 1471 2849 1472 2850 1469 2851 1465 2852 1473 2853 1474 2854 1475 2855 1476 2856 1477 2856 1478 2856 1456 2857 1479 2858 1480 2858 1481 2859 1272 2860 1224 2861 1224 2862 1482 2863 1481 2864 1483 2865 1484 2865 1485 2865 931 2866 1231 2867 1460 2868 1486 2869 1450 2870 1452 2871 1113 2872 1487 2873 1479 2873 1250 2874 1249 2875 1464 2876 1479 2877 1456 2878 1113 2879 1175 2880 1488 2881 1172 2882 1488 2881 1175 2880 1489 2883 1490 2884 1491 2885 1492 2884 1493 2886 1494 2887 1495 2888 1327 2889 1496 2890 1493 2891 1497 2892 1498 2893 1499 2894 1500 2895 1492 2896 1491 2897 1501 2898 1502 2899 1503 2900 1504 2901 1505 2902 1506 2903 1507 2904 1508 2905 1509 2906 1494 2907 1493 2908 1496 2909 1510 2910 1511 2911 1512 2912 1513 2913 1514 2914 1515 2915 1516 2916 1510 2916 1512 2917 1517 2918 1518 2919 1519 2920 1520 2921 1519 2922 1518 2923 1468 2924 1235 2924 1521 2924 1448 2925 1522 2926 1449 2927 1464 2928 1463 2929 1523 2930 1474 2931 1524 2932 1475 2933 1525 2934 1526 2935 1527 2936 1528 2937 1522 2938 1448 2939 1524 2940 842 2941 1475 2942 1458 2943 1529 2944 1457 2945 1530 2946 1531 2947 1532 2948 1533 2949 1534 2949 1535 2949 1519 2950 1520 2951 1536 2952 1537 2953 1538 2954 1539 2953 1540 2955 1541 2956 1542 2957 1543 2958 1544 2959 1545 2960 1546 2961 1547 2962 1548 2963 1547 2964 1549 2965 1550 2965 1532 2966 1490 2967 1551 2968 1552 2969 1553 2970 1554 2971 1555 2972 1552 2973 1556 2974 1557 2975 1554 2976 1553 2977 1555 2978 1556 2978 1558 2978 1542 2979 1541 2980 1559 2981 1322 2982 1321 2983 1327 2984 1336 2985 1335 2985 1546 2986 1506 2987 1362 2988 1361 2989 1560 2990 1561 2990 1562 2990 1503 2991 1502 2992 1562 2993 1563 2994 1564 2995 1562 2993 1361 2996 1352 2997 1205 2998 1496 2999 1327 3000 1321 3001 1565 3002 1566 3003 1500 3004 1388 3005 1567 3006 1389 3007 1568 3008 1569 3009 1570 3010 1571 3011 1564 3012 1572 3013 1573 3014 1574 3015 1575 3016 1576 3017 1577 3018 1578 3019 1579 3020 1580 3021 1576 3022 1581 3023 1582 3024 1583 3025 1584 3026 1585 3027 1586 3028 1587 3029 1588 3029 1589 3029 1590 3030 1586 3031 1585 3032 1591 3033 1592 3034 1593 3035 1594 3036 1595 3037 1596 3038 1597 3039 1598 3040 1599 3041 1405 3042 1600 3043 1601 3044 1602 3045 1571 3046 1572 3047 1603 3048 1604 3049 1605 3050 1606 3051 1605 3052 1604 3053 1598 3054 1607 3055 1608 3056 1508 3057 1609 3058 1509 3059 1610 3060 1611 3060 1612 3060 1613 3061 1614 3061 1615 3061 1554 3062 1615 3063 1614 3064 1616 3065 1617 3065 1618 3065 1619 3066 1620 3067 1621 3067 1622 3068 1623 3069 1624 3070 1625 3071 1626 3072 1627 3073 901 3074 1628 3075 1629 3076 901 3077 1629 3078 899 3079 1630 3080 1627 3081 1626 3082 1014 3083 862 3083 1631 3083 1632 3084 1633 3085 1634 3085 1635 3086 1636 3087 1637 3087 1638 3088 1639 3089 1640 3090 1641 3091 1619 3092 1642 3091 1612 3093 1611 3094 1643 3095 1644 3096 1637 3097 1645 3098 1645 3099 1637 3100 1636 3101 1395 3102 1646 3103 1330 3104 1647 3105 1648 3106 1649 3107 1248 3108 1209 3109 1208 3110 1001 3111 1209 3112 999 3113 1650 3114 1651 3115 1652 3116 1362 3117 1506 3118 1505 3119 1653 3120 1654 3121 1655 3122 1649 3123 1656 3124 1657 3125 1658 3126 1655 3127 1654 3128 1659 3129 1660 3130 1661 3129 1662 3131 1255 3132 1189 3133 1663 3134 1664 3135 1665 3136 1666 3137 1664 3137 1667 3137 1658 3138 1668 3139 1655 3140 1669 3141 1670 3142 1671 3143 1672 3144 1255 3145 1662 3146 1673 3147 1674 3148 1675 3149 1676 3150 1663 3151 1665 3152 1677 3153 1678 3153 1679 3153 1680 3154 1681 3155 1679 3156 1677 3157 1679 3158 1681 3159 1682 3160 1683 3161 1684 3162 1685 3163 1686 3164 1681 3165 1687 3166 1688 3167 1689 3168 1690 3169 1691 3170 1692 3171 1693 3172 1694 3173 1695 3174 1626 3175 1625 3176 1659 3175 1696 3177 1697 3178 1651 3179 1696 3180 1511 3181 1697 3182 1698 3183 1699 3184 1700 3185 1505 3186 1504 3187 1701 3188 1580 3189 1579 3189 1702 3189 959 3190 1703 3191 1248 3192 1704 3193 1705 3194 1706 3193 1707 3195 1708 3195 1709 3195 1710 3196 1711 3197 1712 3198 1658 3199 1713 3200 1668 3201 1621 3202 1620 3203 1714 3204 1589 3205 1714 3205 1620 3205 1715 3206 1716 3207 1717 3208 1082 3209 1330 3210 1646 3211 1718 3212 1719 3213 1720 3212 1721 3214 1722 3215 1723 3216 1724 3217 1725 3218 1726 3219 1727 3220 1728 3220 1729 3220 1730 3221 1731 3222 1732 3223 1733 3224 1722 3225 1734 3226 1735 3227 1736 3228 1737 3229 1738 3230 1739 3231 1740 3232 1741 3233 1742 3234 1743 3235 1735 3236 1744 3237 1739 3238 1745 3239 1746 3240 1382 3241 1735 3242 1747 3243 1736 3243 1646 3244 1395 3245 1360 3246 1748 3247 1749 3248 1750 3249 1383 3250 1382 3251 1746 3252 1740 3253 1732 3254 1751 3255 1738 3256 1740 3257 1752 3256 1620 3258 1619 3259 1641 3260 1753 3261 1742 3262 1741 3263 1754 3264 1755 3265 1756 3266 1737 3267 1744 3268 1735 3269 1757 3270 1758 3270 1630 3270 1759 3271 1760 3271 1761 3271 1656 3272 1649 3273 1648 3274 1762 525 1763 525 1764 525 1403 3275 1706 3276 1705 3277 1765 525 1766 525 1767 525 1764 3278 1768 3278 1769 3278 1770 3279 1771 3280 1772 3281 1767 525 1773 525 1762 525 1751 3282 1732 3282 1774 3282 1774 3283 1775 3284 1715 3285 1776 3286 1772 3287 1689 3288 1722 3289 1733 3290 1777 3291 1701 3292 1777 3293 1733 3294 1716 3295 1715 3295 1775 3296 1705 3297 1704 3298 1301 3299 1777 3300 1701 3301 1504 3302 1648 3303 1647 3304 1778 3305 976 3306 915 3307 845 3308 976 3306 845 3308 1779 212 1779 212 845 3308 1780 212 1780 212 845 3308 1781 212 1781 212 845 3308 1782 212 1782 212 845 3308 1783 3309 1783 3309 845 3308 807 3310 1783 3309 807 3310 1784 3311 1784 3312 807 3313 809 3312 1784 212 809 212 1785 212 1785 212 809 212 810 212 1785 212 810 212 812 3314 933 3315 1786 3316 960 3317 960 3317 1786 3316 1787 3318 1787 3318 1786 3316 1788 3319 1788 3319 1786 3316 1789 3320 1789 3320 1786 3316 933 3321 1789 3322 933 3323 932 3324 1789 3325 932 3326 1790 3327 1789 3325 1790 3327 1791 3328 1791 3328 1790 3327 1792 3329 1791 3328 1792 3329 1793 3330 1793 3330 1792 3329 1794 3331 1794 3331 1792 3329 1795 3332 1795 3332 1792 3329 1790 3327 1795 3332 1790 3327 932 3333 1795 3334 932 3335 888 3336 1793 3330 1794 3331 1796 3337 1791 3328 1793 3330 1797 3338 1791 3328 1797 3338 1798 3339 1798 3339 1797 3338 1799 3340 1798 3341 1799 3342 1800 3343 1800 3343 1799 3342 1801 3344 1801 3344 1799 3342 1162 3345 1801 3344 1162 3345 945 3346 1801 3344 945 3346 1023 3347 1801 3344 1023 3347 1800 3343 1800 3343 1023 3347 1802 3348 1800 3343 1802 3348 1803 3349 1798 3341 1800 3343 1804 3350 1798 3341 1804 3350 1805 3351 1805 3351 1804 3350 1806 3352 1805 3351 1806 3352 1807 3353 1807 3354 1806 3355 1808 3356 1805 3351 1807 3353 1809 3357 1789 3325 1791 3328 1810 3358 1787 3318 1788 3319 1811 3359 1811 3359 1788 3319 1812 3360 1787 3318 1811 3359 1813 3361 1813 3361 1811 3359 882 3362 1813 3361 882 3362 997 3363 997 3364 882 2070 884 2072 1813 3361 997 3363 1814 3365 1813 3361 1814 3365 1815 3366 1813 3361 1815 3367 1787 3318 1787 3318 1815 3368 960 3317 1651 3369 1816 3370 1652 3371 1652 3371 1816 3370 1817 3372 1817 3372 1816 3370 1818 3373 1818 3374 1816 3375 1699 3376 1817 3372 1818 3377 1819 3378 1819 3378 1818 3379 1820 3380 1819 3378 1820 3380 1821 3381 1819 3378 1821 3381 1822 3382 1822 3382 1821 3381 1823 3383 1823 3383 1821 3381 1824 3384 1824 3385 1821 3386 1820 3387 1822 3382 1823 3383 1825 3388 1825 3388 1823 3383 1826 3389 1825 3388 1826 3389 1827 3390 1827 3391 1826 3392 1828 3393 1827 3391 1828 3393 921 3394 921 3395 1828 3396 1829 3397 1829 3397 1828 3396 1830 3398 1830 3398 1828 3396 1831 3399 1830 3398 1831 3399 1832 3400 1832 3401 1831 3402 1833 3403 1832 3404 1833 3405 1834 3406 1829 3397 1830 3398 1835 3407 1835 3407 1830 3398 1832 3408 1835 3407 1832 3408 1836 3409 1836 3409 1832 3408 1834 3410 1829 3397 1835 3407 1837 3411 1837 3411 1835 3407 1838 3412 1838 3412 1835 3407 1836 3413 1829 3397 1837 3411 1839 3414 1839 3414 1837 3411 1265 3415 1265 3416 1837 3417 1266 3418 1829 3397 1839 3414 1840 3419 1840 3419 1839 3414 1841 3420 1829 3397 1840 3419 1842 3421 1842 3421 1840 3419 1843 3422 1843 3422 1840 3419 1841 3423 1843 3424 1841 3425 1844 3426 1844 3426 1841 3425 1845 3427 1845 3427 1841 3425 1839 3428 1845 3427 1839 3428 1846 3429 1846 3429 1839 3428 1847 3430 1846 3429 1847 3430 1848 3431 1846 3429 1848 3431 1849 3432 1849 3432 1848 3431 1850 3433 1850 3433 1848 3431 1851 3434 1851 3434 1848 3431 1852 3435 1851 3434 1852 3435 1853 3436 1851 3434 1853 3436 1854 3437 1854 3438 1853 3439 1855 3440 1851 3434 1854 3441 1856 3442 1851 3434 1856 3442 1850 3433 1850 3433 1856 3442 1857 3443 1850 3444 1857 3445 1858 3446 1849 3432 1850 3433 1858 3447 1849 3432 1858 3447 838 3448 838 3449 1858 3450 839 3451 839 3452 1858 3453 1857 3454 1849 3432 838 3448 1859 3455 1859 3455 838 3448 1860 3456 1860 3456 838 3448 1861 3457 1860 3456 1861 3457 1862 3458 1862 3458 1861 3457 1863 3459 1863 3460 1861 3457 838 3448 1863 3461 838 3462 840 3463 1863 3461 840 3463 1864 3464 1860 3456 1862 3465 1865 3466 1865 3466 1862 3467 1866 3468 1866 3469 1862 3470 1867 3471 1867 3471 1862 3470 1868 3472 1867 3471 1868 3472 1869 3473 1867 3471 1869 3473 1870 3474 1870 3474 1869 3473 1871 3475 1870 3474 1871 3475 1872 3476 1872 3476 1871 3475 1843 3477 1843 3478 1871 3479 1842 3480 1842 3480 1871 3479 1869 3481 1842 3482 1869 3483 919 3484 1842 3485 919 3486 921 3487 1870 3474 1872 3476 1866 3469 1866 3468 1872 3488 1844 3426 1866 3468 1844 3426 1865 3466 1870 3474 1866 3469 1867 3471 1859 3455 1860 3456 1865 3466 1859 3455 1865 3466 1849 3432 1849 3432 1865 3466 1846 3429 1846 3429 1865 3466 1844 3426 1846 3429 1844 3426 1845 3427 1843 3424 1844 3426 1872 3489 1829 3397 1842 3421 921 3490 1825 3388 1827 3390 920 3491 920 3491 1827 3390 921 3492 1825 3388 920 3491 1873 3493 1825 3388 1873 3494 1822 3382 1822 3382 1873 3495 1874 3496 1822 3382 1874 3496 1819 3378 1819 3378 1874 3496 1875 3497 1819 3378 1875 3497 1876 3498 1819 3378 1876 3498 1817 3372 1817 3372 1876 3498 1652 3371 1808 3499 1877 3500 1807 3501 1807 3502 1877 3503 1878 3504 1807 3502 1878 3504 1879 3505 1807 3502 1879 3505 1880 3506 1807 3502 1880 3506 1881 3507 1807 3502 1881 3507 1882 3508 1882 3508 1881 3507 1883 3509 1883 3510 1881 3511 1884 3512 1882 3513 1883 3514 1885 3515 1807 3502 1882 3508 1809 3516 1809 3516 1882 3508 1886 3517 1887 3518 1888 3519 1889 3520 1889 3521 1888 3522 1197 3523 1197 3523 1888 3522 1890 3524 1890 3524 1888 3522 1891 3525 1891 3525 1888 3522 1887 3526 1891 3525 1887 3526 1892 3527 1892 3528 1887 3529 1893 3528 1892 3530 1893 3530 1894 3530 1894 212 1893 212 1895 3531 1895 3531 1893 212 1896 3532 1895 3531 1896 3532 827 3533 1895 3531 827 3533 825 3534 1197 3535 1890 3536 1195 3537 1889 3521 1197 3523 1897 3538 1898 3539 1899 3540 1900 3541 1900 3542 1899 3543 1901 3544 1900 3542 1901 3544 1077 3545 1898 3539 1900 3541 1096 3546 1898 3547 1096 3548 1902 3549 1902 3549 1096 3548 1903 3550 1903 3550 1096 3548 1904 3551 1904 3551 1096 3548 1095 3552 1904 3551 1095 3552 1903 3550 1902 3549 1903 3550 1905 3553 1902 3549 1905 3553 1898 3547 1898 3547 1905 3553 1906 3554 1898 3547 1906 3554 1907 3555 1898 3547 1907 3555 1908 3556 1308 3557 1307 3558 915 3559 915 3560 1307 3561 1909 3562 1909 3562 1307 3561 1910 3563 915 3564 1909 3565 1911 3566 915 3564 1911 3566 846 3567 846 3567 1911 3566 1912 3568 846 3569 1912 3570 808 3571 808 3572 1912 3573 1913 3574 808 3575 1913 3576 1914 3577 808 3578 1914 3579 810 3580 1179 3581 975 3582 1141 3583 1141 3584 975 3585 884 3586 884 3586 975 3585 928 3587 1141 3584 884 3586 1915 3588 1141 3584 1915 3588 1142 3589 1142 3590 1915 3591 1916 3592 1142 3593 1916 3594 1917 3595 1917 3595 1916 3594 1181 3596 1181 3596 1916 3594 1182 3597 1182 3598 1916 3599 1886 3600 1182 3598 1886 3600 1882 3601 1182 3598 1882 3601 1885 3602 1917 3595 1181 3596 1918 3603 1918 3603 1181 3596 1180 3604 1918 820 1180 3605 1919 3606 1919 3607 1180 3608 1920 3609 1920 3610 1180 3611 1921 3612 1920 3613 1921 3614 1922 3615 1920 3613 1922 3615 1923 3616 1923 3616 1922 3617 1924 3618 1923 3616 1924 3618 1461 3619 1461 3619 1924 3618 1245 3620 1923 3616 1461 3619 1920 3613 1239 3621 1241 3622 1925 3623 1925 3623 1241 3622 1926 3624 1926 3624 1241 3622 1927 3625 1927 3626 1241 3627 934 3628 1925 3623 1926 3624 1928 3629 1928 3629 1926 3624 1929 3630 1925 3631 1928 3632 1930 3633 1368 3634 1931 3635 1366 3636 1366 3637 1931 3638 1932 3639 1366 3637 1932 3639 1933 3640 1933 3640 1932 3639 1934 3641 1934 3641 1932 3639 1931 3642 1933 3643 1934 3644 1440 3645 1366 3637 1933 3640 1935 3646 1003 3647 1936 3648 1937 3649 1003 3647 1937 3649 1004 3650 1004 3651 1937 3652 1052 3653 1052 3653 1937 3652 1938 3654 1938 3654 1937 3652 1936 3655 1939 3656 991 3657 1940 3658 1940 3659 991 3660 1941 3661 1941 3661 991 3660 1942 3662 1942 3662 991 3660 1943 3663 1943 3663 991 3660 1944 3664 1944 3664 991 3660 993 3665 1944 3664 993 3665 1945 3666 1945 3667 993 3668 1946 3669 1942 3662 1943 3663 1947 3670 1947 3670 1943 3663 1948 3671 1947 3672 1948 3673 1949 3674 1940 3659 1941 3661 1950 3675 1940 3659 1950 3675 1951 3676 1940 3659 1951 3676 1952 3677 1952 3677 1951 3676 1953 3678 1940 3659 1952 3677 1954 3679 1955 3680 1956 3681 1488 3682 1488 3682 1956 3681 1957 3683 1488 3682 1957 3683 1958 3684 1488 3682 1958 3684 1172 3685 1172 3686 1958 3687 1959 3688 1172 3686 1959 3688 1960 3689 1960 3689 1959 3688 1961 3690 1960 3689 1961 3690 1962 3691 1962 3692 1961 3693 1963 3694 1172 3686 1960 3689 1964 3695 1172 3686 1964 3695 1191 3696 1191 3696 1964 3695 1965 3697 1191 3698 1965 3699 1299 3700 1191 3698 1299 3700 1173 3701 1955 3702 1488 3703 1966 212 1955 3704 1966 212 1967 212 1955 3705 1967 212 1968 212 1969 3706 872 3707 1970 3708 1970 3708 872 3707 1971 3709 1971 3709 872 3707 1972 3710 1972 3710 872 3707 874 3711 1972 3710 874 3711 1971 3709 1970 3708 1971 3709 1973 3712 1973 3712 1971 3709 1974 3713 1974 3713 1971 3709 874 3714 1973 3712 1974 3715 813 3716 813 3717 1974 3718 828 3719 828 3719 1974 3718 850 3720 828 3721 850 3722 830 3723 830 3723 850 3722 832 3724 830 3725 832 3726 831 3727 1973 3712 813 3716 1975 3728 1975 3729 813 3730 1914 3731 1914 3731 813 3730 810 3732 810 3733 813 3734 812 3735 1973 3712 1975 3728 1976 3736 1976 3736 1975 3728 1977 3737 1976 3736 1977 3737 1973 3712 1973 3712 1977 3737 1978 3738 1973 3712 1978 3738 1970 3708 1772 3739 1771 3740 1979 3741 1979 3741 1771 3740 1980 3742 1980 3742 1771 3740 1981 3743 1981 3744 1771 3745 1982 3746 1982 3746 1771 3745 1770 3747 1979 3741 1980 3742 1983 3748 1979 3741 1983 3748 1772 3749 1411 3750 1410 3751 1984 3752 1984 3752 1410 3751 1985 3753 1984 3752 1985 3753 1365 3754 1365 3754 1985 3753 1986 3755 1986 3755 1985 3753 1897 3756 1897 3756 1985 3753 1987 3757 1897 3758 1987 3759 1889 3760 1889 3760 1987 3759 1988 3761 1889 3760 1988 3761 1989 3762 1989 3762 1988 3761 1990 3763 1989 3762 1990 3763 1991 3764 1991 3765 1990 3766 1992 3767 1991 3765 1992 3767 1993 3768 1993 3769 1992 3770 1994 3771 1993 3772 1994 3773 1995 3774 1889 3775 1989 3776 1887 3777 1887 3777 1989 3776 1893 3778 1893 3778 1989 3776 1991 3779 1893 3778 1991 3779 1896 3780 1896 3781 1991 3782 1993 3783 1896 3781 1993 3783 827 3784 827 3785 1993 3786 1995 3787 827 3788 1995 3789 836 3790 836 3790 1995 3789 869 3791 869 3791 1995 3789 870 3792 870 3792 1995 3789 1996 3793 1996 3793 1995 3789 1994 3794 870 3792 1996 3793 832 3795 832 3795 1996 3793 1997 3796 832 3795 1997 3796 820 3797 820 3797 1997 3796 1998 3798 820 3797 1998 3798 818 3799 818 3799 1998 3798 1999 3800 818 3799 1999 3800 916 3801 916 3801 1999 3800 2000 3802 916 3801 2000 3802 2001 3803 2001 3803 2000 3802 2002 3804 2001 3803 2002 3804 2003 3805 2003 3805 2002 3804 2004 3806 2003 3805 2004 3806 1207 3807 1207 3807 2004 3806 2005 3808 1207 3807 2005 3808 1205 3809 1205 3810 2005 3811 2006 3812 1205 3810 2006 3812 1361 3813 1361 3814 2006 3815 2007 3816 1361 3814 2007 3816 1506 3817 1506 3817 2007 3816 2008 3818 1506 3817 2008 3818 1504 3819 1504 3820 2008 3821 2009 3822 1504 3820 2009 3822 1777 3823 1777 3824 2009 3825 1723 3216 1777 3824 1723 3216 1722 3215 2003 3826 1207 3827 1206 3828 832 3829 820 3830 819 3831 870 3792 832 3795 850 3832 836 3833 869 3834 826 3835 1986 3755 1897 3756 2010 3836 2011 3837 2012 3838 2013 3839 2013 3840 2012 3841 2014 3842 2013 3843 2014 3844 2015 3845 2015 3846 2014 3847 2016 3846 2015 304 2016 304 2017 304 2015 3848 2017 3848 2018 3848 2018 304 2017 304 2019 3849 2018 3850 2019 3851 2020 3852 2020 3853 2019 3854 2021 3855 2020 3856 2021 3857 2022 3858 857 3859 1156 3860 858 3861 858 3861 1156 3860 1161 3862 1161 3862 1156 3860 1157 3863 858 3861 1161 3862 890 3864 890 3864 1161 3862 1028 3865 1028 3865 1161 3862 1029 3866 890 3864 1028 3865 1151 3867 1151 3867 1028 3865 1027 3868 890 3869 1151 3870 891 3871 858 3861 890 3864 859 3872 2023 3873 2024 3874 2025 3875 2025 3875 2024 3874 2026 3876 2025 3875 2026 3876 2027 3877 2025 3875 2027 3877 904 3878 904 3878 2027 3877 1428 525 904 3878 1428 525 902 3879 1379 3880 2028 3881 1380 3882 1380 3883 2028 3884 1670 3885 1670 3885 2028 3884 2029 3886 2029 3886 2028 3884 2030 3887 1670 3885 2029 3886 2031 3888 1670 3885 2031 3888 1671 3889 1671 3889 2031 3888 2032 3890 2032 3890 2031 3888 2033 3891 2033 3891 2031 3888 2034 3892 2032 3890 2033 3891 2035 3893 2035 3893 2033 3891 2036 3894 2036 3894 2033 3891 2037 3895 2036 3894 2037 3895 2038 3896 2036 3894 2038 3896 2039 3897 2036 3894 2039 3897 1666 3898 1666 3899 2039 3900 2040 3901 1666 3902 2040 3903 2041 3904 2035 3893 2036 3894 1354 3905 1354 3905 2036 3894 1355 3906 1355 3906 2036 3894 1666 3898 1355 3907 1666 3908 2042 3909 2042 3909 1666 3908 1667 3910 1380 3883 1670 3885 2043 3911 2043 3912 1670 3913 2044 3914 1380 3883 2043 3911 2045 3915 1380 3883 2045 3915 1378 3916 1380 3917 1378 3918 1377 3919 1380 3920 1377 3921 1381 3922 1381 3922 1377 3921 2046 3923 2046 3923 1377 3921 2047 3924 2047 3924 1377 3921 2048 3925 2048 3925 1377 3921 1665 3926 2048 3925 1665 3926 2049 3927 2049 3927 1665 3926 1664 3928 2049 3927 1664 3928 2050 3929 2050 3929 1664 3928 2041 3930 2041 3930 1664 3928 1666 3931 2050 3929 2041 3930 2051 3932 2048 3925 2049 3927 2052 3933 2053 3934 2054 3935 2055 3936 2055 3936 2054 3935 2056 3937 2055 3936 2056 3937 2057 3938 2057 3938 2056 3937 2058 3939 2057 3938 2058 3939 2059 3940 2057 3938 2059 3940 2060 3941 2060 3941 2059 3940 2061 3942 2060 3941 2061 3942 2062 3943 2062 3943 2061 3942 1977 3944 2062 3943 1977 3944 1975 3945 1195 3946 1890 3947 2063 3948 2063 3948 1890 3947 1891 3949 2063 3950 1891 3951 2064 3952 2064 3952 1891 3951 1892 3953 2064 3952 1892 3953 1894 3954 2064 3955 1894 3956 2065 3957 2065 3957 1894 3956 1895 3958 2065 3957 1895 3958 2066 3959 2066 3959 1895 3958 825 3960 1640 3961 2067 3962 1638 3963 1638 3963 2067 3962 2068 3964 1638 3963 2068 3964 2069 3965 1638 3963 2069 3965 1639 3966 2070 3967 1920 3968 1461 3969 2070 3970 1461 3971 1454 3972 2070 3970 1454 3972 1453 3973 2070 3970 1453 3973 2071 3974 2070 3975 2071 3976 2072 3977 2073 3978 2074 3979 2075 3980 2075 3980 2074 3979 2076 3981 2076 3981 2074 3979 2077 3982 2075 3983 2076 3984 2078 3985 2078 3985 2076 3984 2079 3986 2079 3986 2076 3984 2080 3987 2080 3987 2076 3984 1542 3988 2080 3987 1542 3988 1559 3989 2080 3987 1559 3989 2081 3990 2080 3991 2081 3992 2082 3993 2082 3993 2081 3992 2083 3994 2082 3993 2083 3994 2084 3995 2082 3993 2084 3995 2085 3996 2085 3996 2084 3995 2086 3997 2082 3993 2085 3996 2087 3998 2082 3993 2087 3998 2088 3999 2082 3993 2088 4000 2089 4001 2082 3993 2089 4001 2080 3991 2080 3991 2089 4001 2090 4002 2090 4003 2089 4004 2091 4005 2080 4006 2090 4007 2092 4008 2080 3987 2092 4009 2079 3986 2093 4010 2094 4011 2095 4012 2095 4012 2094 4011 1138 4013 2095 4012 1138 4013 1137 4014 2095 4015 1137 4016 2096 4017 2096 4018 1137 4019 2097 4020 2096 4018 2097 4020 2098 4021 2099 4022 2100 4023 2101 4024 2101 4025 2100 4026 2102 4027 2102 4027 2100 4026 2103 4028 2103 4028 2100 4026 2104 4029 2104 4029 2100 4026 2105 4030 2104 4029 2105 4030 2073 4031 2073 4031 2105 4030 1660 4032 2073 4033 1660 4034 2074 4035 2074 4036 1660 4037 2106 4038 2074 4036 2106 4038 2077 4039 2077 4039 2106 4038 1625 4040 2077 4041 1625 4042 1540 4043 1540 4044 1625 4045 1627 4046 1540 4044 1627 4046 1541 4047 2103 4048 2104 4049 2107 4050 2107 4050 2104 4049 2108 4051 2108 4051 2104 4049 1079 4052 1079 4052 2104 4049 2075 4053 2075 4054 2104 4055 2073 4056 1079 4052 2075 4053 2109 4057 2109 4057 2075 4053 2078 4058 2109 4057 2078 4058 2110 4059 2110 4059 2078 4058 2111 4060 2111 4061 2078 4062 2079 4063 2111 4064 2079 4065 2112 4066 2112 4066 2079 4065 2092 4067 2112 4066 2092 4067 2113 4068 2112 4066 2113 4068 2114 4069 2112 4070 2114 4071 2111 4072 2111 4073 2114 4074 2115 4075 2109 4076 2110 4077 2116 4078 2109 4079 2116 4080 1079 4081 1079 4082 2116 4083 1074 4084 2108 4051 1079 4052 2117 4085 2117 4086 1079 4087 1073 4088 2108 4051 2117 4085 2107 4050 2102 4027 2103 4028 2118 4089 2102 4027 2118 4089 2119 4090 2119 4090 2118 4089 2120 4091 2119 4090 2120 4091 2121 4092 2121 4093 2120 4094 2122 4095 2122 4095 2120 4094 2086 4096 2121 4097 2122 4098 2123 4099 2123 4099 2122 4098 2124 4100 2123 4099 2124 4100 2125 4101 2123 4099 2125 4101 2126 4102 2126 4102 2125 4101 2127 4103 2126 4102 2127 4103 2128 4104 2128 4104 2127 4103 2129 4105 2129 4105 2127 4103 2083 4106 2129 4107 2083 4108 2130 4109 2130 4109 2083 4108 2131 4110 2129 4107 2130 4109 1758 4111 1758 4111 2130 4109 2131 4112 1758 4113 2131 4114 2132 4115 2132 4116 2131 4117 1541 4118 2132 4116 1541 4118 1627 4119 2129 4107 1758 4111 1757 4120 2129 4105 1757 4121 2128 4104 2128 4104 1757 4121 2133 4122 2102 4027 2119 4090 2101 4025 1982 3746 1770 3747 1565 4123 1982 3746 1565 4123 2134 4124 2134 4124 1565 4123 2135 4125 2135 4125 1565 4123 1500 4126 2135 4125 1500 4126 1491 4127 2136 4128 2137 4129 2138 4130 2138 4130 2137 4129 2139 4131 2139 4131 2137 4129 2140 4132 2140 4132 2137 4129 2141 4133 2140 4132 2141 4133 2142 4134 2142 4134 2141 4133 2143 4135 2142 4134 2143 4135 2144 4136 2144 4136 2143 4135 2145 4137 2144 4136 2145 4137 2146 4138 2146 4139 2145 4140 2147 4141 2146 4139 2147 4141 2148 4142 2146 4143 2148 4144 2115 4145 2115 4145 2148 4144 2149 4146 2149 4146 2148 4144 2150 4147 2149 4146 2150 4147 2151 4148 2149 4146 2151 4148 1074 4149 1074 4149 2151 4148 2152 4150 2152 4150 2151 4148 2153 4151 2152 4152 2153 4153 2154 4154 2152 4152 2154 4154 1075 2643 2152 4152 1075 2643 1074 4155 2142 4134 2144 4136 2140 4132 2140 4132 2144 4136 2155 4156 2140 4132 2155 4156 2156 4157 2140 4132 2156 4157 2157 4158 2140 4132 2157 4159 2139 4131 2138 4130 2139 4131 2158 4160 2158 4161 2139 4162 2157 4163 2159 4164 2160 4165 2161 4166 2161 4166 2160 4165 1730 4167 2161 4168 1730 4169 2162 4170 2162 4171 1730 4172 2163 4173 2163 4173 1730 4172 1422 4174 1422 4174 1730 4172 1732 4175 1422 4174 1732 4175 2164 4176 2164 4176 1732 4175 1740 4177 2164 4176 1740 4177 2165 4178 2165 4178 1740 4177 1739 4179 2165 4178 1739 4179 2166 304 2166 304 1739 4179 1744 4180 2166 4181 1744 4182 2167 4181 2166 304 2167 304 2168 304 2168 304 2167 304 2169 304 2168 4183 2169 4183 2170 4183 2168 304 2170 304 2171 304 2171 4184 2170 4184 2172 4184 2171 304 2172 304 2173 304 2173 4185 2172 4185 2174 4185 2173 4186 2174 4186 1549 4186 2173 304 1549 304 1335 304 2173 304 1335 304 2175 304 2175 304 1335 304 1319 4187 2175 304 1319 4187 2176 4188 2176 4188 1319 4187 1318 4189 2176 4188 1318 4189 2177 4190 2177 4190 1318 4189 1483 4191 1483 4191 1318 4189 2178 4192 1483 4191 2178 4192 2179 4193 2179 4193 2178 4192 2180 4194 2180 4194 2178 4192 2181 4195 2181 4195 2178 4192 2182 4196 2181 4195 2182 4196 2183 4197 1483 4191 2179 4193 1262 4198 1483 4191 1262 4198 2184 4199 2177 4190 1483 4191 2185 4200 2185 4200 1483 4191 1485 4201 2185 4200 1485 4201 1188 4202 1188 4203 1485 4204 1186 4205 1422 4174 2164 4176 2186 4206 1422 4207 2186 4208 1420 4209 1420 4209 2186 4208 2187 4210 1420 4209 2187 4210 2188 4211 2188 4211 2187 4210 2189 4212 2188 4211 2189 4212 1348 4213 1348 4213 2189 4212 1346 4214 1346 4214 2189 4212 2190 4215 2190 4216 2189 4217 2191 4218 2163 4173 1422 4174 2192 4219 2192 4219 1422 4174 2193 4220 1104 4221 2194 4222 1301 4223 1301 4223 2194 4222 2195 4224 1301 4225 2195 4226 2196 4227 1301 4228 2196 4229 1705 4230 1705 4230 2196 4229 2197 4231 1705 4230 2197 4231 1403 4232 1403 4233 2197 4234 2198 4235 1403 4233 2198 4235 2199 4236 1403 4233 2199 4236 1270 4237 1270 4237 2199 4236 2200 4238 1403 4239 1270 4240 1223 4241 1368 4242 1367 4243 2201 4244 1368 4242 2201 4244 2202 4245 2202 4245 2201 4244 2203 4246 2203 4247 2201 4248 1274 4249 1274 4249 2201 4248 2204 4250 2204 4250 2201 4248 1367 4251 2203 4247 1274 4249 1276 4252 2205 4253 2206 4254 2207 4255 2207 4255 2206 4254 2208 4256 2208 4257 2206 4258 1501 4259 2207 4260 2208 4261 2209 4262 2209 4263 2208 4264 2210 4265 2207 4266 2209 4263 2211 4267 2211 4267 2209 4263 2212 4268 2212 4268 2209 4263 2210 4265 2211 4267 2212 4268 2213 4269 2213 4269 2212 4268 2214 4270 2214 4270 2212 4268 2215 4271 2215 4271 2212 4268 2210 4272 2211 4267 2213 4269 2216 4273 2211 4267 2216 4273 2217 4274 2211 4267 2217 4274 2207 4266 2207 4275 2217 4276 2205 4277 2218 4278 1228 4279 2219 4280 2219 4281 1228 4282 2220 4283 2220 4284 1228 4285 1230 4286 2219 4287 2220 4288 2221 4289 2222 4290 1230 4291 1229 4292 2222 4290 1229 4292 2223 4293 2223 4294 1229 4295 1242 4296 1242 4297 1229 4298 2224 4299 2222 4290 2223 4293 2225 4300 2225 4300 2223 4293 2226 4301 2225 4300 2226 4301 2227 4302 2225 4303 2227 4304 2228 4305 2222 4290 2225 4300 2229 4306 2229 4307 2225 4308 2230 4309 2231 4310 2232 4311 2233 4312 2233 4313 2232 4314 2234 4315 2234 4315 2232 4314 2235 4316 2234 4317 2235 4318 2236 4319 2234 4317 2236 4319 1135 4320 1135 4320 2236 4319 2237 4321 2237 4321 2236 4319 1885 4322 1885 4322 2236 4319 1182 4323 2237 4321 1885 4322 1883 4324 1135 4320 2237 4321 1201 4325 2234 4315 1135 4326 1107 4327 2234 4315 1107 4327 1084 4328 2234 4315 1084 4328 1486 4329 1486 4330 1084 4331 1083 4332 2233 4313 2234 4315 1486 4329 2233 4333 1486 4334 1452 4335 1855 4336 2238 4337 1854 4338 1854 4339 2238 4340 2239 4341 2239 4341 2238 4340 2240 4342 1854 4343 2239 4344 1857 4345 1854 4346 1857 3443 1856 3442 2241 4347 2242 4348 2243 4349 2243 4349 2242 4348 2244 4350 2244 4351 2242 4352 2245 4353 2243 4349 2244 4350 2246 4354 2246 4354 2244 4350 1776 4355 1776 4355 2244 4350 1565 4356 1565 4356 2244 4350 2245 4357 1565 4358 2245 4359 1566 4360 2246 4354 1776 4355 1689 4361 2246 4354 1689 4362 1688 4363 2246 4354 1688 4363 2243 4349 800 4364 2247 4365 2248 4366 2248 4366 2247 4365 2249 4367 2248 4366 2249 4367 2250 4368 2250 4368 2249 4367 2251 4369 2251 4369 2249 4367 999 4370 2251 4369 999 4370 2252 4371 2252 4371 999 4370 2253 4372 2253 4372 999 4370 1209 4373 2253 4374 1209 4375 1570 4376 2253 4377 1570 4378 1569 4379 2252 4371 2253 4372 2254 4380 2251 4369 2252 4371 2250 4368 2255 4381 2256 4382 2257 4383 2255 4384 2257 4385 1586 4386 2255 4384 1586 4386 1590 4387 2255 4384 1590 4387 2256 4388 2256 4388 1590 4387 2258 4389 2258 4389 1590 4387 2259 4390 2258 4389 2259 4390 2254 4391 2254 4391 2259 4390 2260 4392 2254 4391 2260 4392 2261 4393 2261 4393 2260 4392 2262 4394 2262 4394 2260 4392 2263 4395 2263 4395 2260 4392 2264 4396 2264 4396 2260 4392 907 4397 907 4397 2260 4392 905 4398 905 4399 2260 4400 2265 4401 2265 4401 2260 4400 2259 4402 2265 4403 2259 4404 2266 4405 2266 4406 2259 4407 1590 4408 2266 4409 1590 4410 1585 4411 2263 4395 2264 4396 2267 4412 2258 4389 2254 4391 2253 4413 2258 4389 2253 4413 1569 4414 2258 4389 1569 4414 2268 4415 2268 4415 1569 4414 1568 4416 2268 4415 1568 4416 2269 4417 2269 4417 1568 4416 2270 4418 2269 4419 2270 4420 2271 4421 2271 4422 2270 4423 2272 4424 2271 4422 2272 4424 2273 4425 2273 4426 2272 4427 2274 4428 2269 4417 2271 4429 2268 4415 2275 4430 2276 4431 2277 4432 2275 4433 2277 4434 1576 4435 1576 4435 2277 4434 1579 4436 1579 4436 2277 4434 1049 4437 1579 4438 1049 4439 2278 4440 2278 4441 1049 4442 1050 4443 2279 4444 2280 4445 908 4446 908 4447 2280 4448 1950 4449 1950 4449 2280 4448 1951 4450 1951 4450 2280 4448 2281 4451 2281 4452 2280 4453 2282 4454 1951 4450 2281 4451 2283 4455 1951 4450 2283 4455 1953 4456 908 4447 1950 4449 1941 4457 908 4458 1941 4459 909 4460 909 4460 1941 4459 1942 4461 909 4460 1942 4461 910 4462 910 4463 1942 4464 1947 4465 910 4466 1947 4467 2284 4468 2284 4468 1947 4467 1949 4469 2284 4468 1949 4469 2285 4470 1611 4471 2286 4472 1643 4473 1643 4474 2286 4475 2287 4476 1643 4474 2287 4476 2288 4477 2288 4477 2287 4476 2289 4478 2289 4478 2287 4476 2290 4479 2290 4479 2287 4476 2286 4480 2289 4478 2290 4479 2267 4481 2289 4482 2267 4483 2291 4484 2291 4485 2267 4486 2264 4487 2289 4482 2291 4484 2292 4488 2288 4477 2289 4478 2293 4489 2293 4489 2289 4478 2294 4490 2293 4489 2294 4490 2295 4491 2295 4492 2294 4493 2292 4494 2292 4495 2294 4496 2296 4497 2292 4495 2296 4497 2289 4498 2295 4499 2292 4500 2297 4501 2293 4489 2295 4491 2298 4502 2293 4489 2298 4502 2288 4477 2288 4477 2298 4502 1612 4503 1643 4474 2288 4477 1612 4504 2299 4505 1166 4506 2300 4507 2300 4508 1166 4509 2301 4510 2301 4511 1166 4512 1168 4513 2300 4508 2301 4510 2302 4514 2302 4514 2301 4510 1797 4515 2302 4516 1797 4517 1793 4518 2302 4516 1793 4518 1796 4519 1920 4520 2070 4521 2303 4522 2303 4523 2070 4524 2304 4525 2304 4526 2070 4527 2072 4528 2304 4525 2072 4529 2305 4530 2305 4530 2072 4529 2306 4531 2305 4532 2306 4533 2307 4534 2304 4525 2305 4530 2308 4535 2308 4536 2305 4537 1917 4538 2308 4536 1917 4538 1918 4539 2304 4525 2308 4535 2303 4523 908 4540 1067 4541 2279 4542 2279 4542 1067 4541 2309 4543 2309 4543 1067 4541 910 4544 2309 4545 910 4546 2284 4547 2309 4548 2284 4549 961 4550 961 4550 2284 4549 2285 4551 2309 4548 961 4550 960 4552 2309 4548 960 4552 1815 4553 2309 4543 1815 4554 2279 4542 2279 4555 1815 4556 1814 4557 2279 4555 1814 4557 2282 4558 2279 4555 2282 4558 2280 4559 1877 4560 1808 4561 2310 4562 2310 4562 1808 4561 2311 4563 2311 4563 1808 4561 1806 4564 2311 4563 1806 4564 2312 4565 2312 4565 1806 4564 1804 4566 2311 4563 2312 4565 2313 4567 2311 4563 2313 4568 1312 4569 1312 4569 2313 4568 1313 4570 2311 4563 1312 4569 1057 4571 1057 4571 1312 4569 1022 4572 1022 4572 1312 4569 1259 4573 1259 4573 1312 4569 1260 4574 1022 4575 1259 4576 1020 4577 2311 4563 1057 4571 955 4578 2311 4563 955 4578 2314 4579 2314 4579 955 4578 954 4580 2311 4563 2314 4579 2310 4562 1594 4581 1596 4582 2315 4583 2315 4584 1596 4585 2316 4586 2315 4587 2316 4588 2317 4589 2317 4590 2316 4591 2318 4592 2317 4590 2318 4592 2319 4593 2317 4590 2319 4593 2320 4594 2320 4594 2319 4593 2321 4595 2320 4594 2321 4595 2322 4596 2320 4594 2322 4596 1557 4597 2320 4594 1557 4597 1553 4598 2320 4594 1553 4598 2323 4599 2323 304 1553 304 2324 304 2323 304 2324 304 2325 4600 2325 4601 2324 4602 2326 4602 2323 4603 2325 4604 2327 4605 2327 4606 2325 4607 2328 4608 2327 4606 2328 4608 2329 4609 2327 4606 2329 4609 2330 4610 2330 4610 2329 4609 2331 4611 2330 4612 2331 4613 2332 4613 2330 4614 2332 304 2333 4615 2330 4614 2333 4615 2334 4616 2330 4614 2334 4616 1347 4617 2330 4614 1347 4617 2335 304 2335 4618 1347 4619 2336 4618 2335 304 2336 304 2337 304 2337 304 2336 304 2338 304 2338 304 2336 304 1442 304 2337 4620 2338 4620 2339 4620 2337 304 2339 304 1040 304 1040 304 2339 304 2340 304 1040 4621 2340 4621 1158 4622 1158 4623 2340 304 2341 304 1158 4623 2341 304 2097 4624 1158 4623 2097 4624 1137 4625 1158 4623 1137 4625 1160 4626 1160 4626 1137 4625 1139 4627 1160 4626 1139 4627 2342 4628 1160 4626 2342 4628 2343 4629 1160 4626 2343 4629 1060 4630 1060 4630 2343 4629 2344 4631 1060 4630 2344 4631 1261 4632 1060 4630 1261 4632 2345 4633 2345 4633 1261 4632 1263 4634 2345 4635 1263 304 2346 304 2345 4636 2346 304 2347 4637 2345 4636 2347 4637 2348 4638 2345 4636 2348 4638 2349 4639 2345 4636 2349 4639 1521 4640 1521 4640 2349 4639 1468 304 2337 304 1040 304 1296 304 1594 4581 2315 4583 2350 4641 1594 4581 2350 4641 2351 4642 2351 4642 2350 4641 2352 4643 2352 4643 2350 4641 2353 4644 2353 4644 2350 4641 2354 304 2353 4644 2354 304 2355 304 2353 4644 2355 304 2356 4645 2356 4645 2355 304 2357 4646 2356 4645 2357 4646 2358 4647 2358 4647 2357 4646 2359 4648 2359 4648 2357 4646 2360 4649 2359 4648 2360 4649 2361 4650 2361 4650 2360 4649 1235 4651 1235 4652 2360 4653 1521 304 1594 4581 2351 4642 1591 304 2362 4654 1101 4655 2363 4656 2363 4657 1101 4658 2364 4659 2364 4660 1101 4661 1100 4662 2363 4663 2364 4664 2365 4665 2366 4666 2367 4667 2368 4668 2368 4668 2367 4667 983 4669 983 4669 2367 4667 2369 4670 2368 4668 983 4669 2370 4671 2371 4672 2372 4673 2373 4674 2373 4674 2372 4673 2374 4675 2374 4675 2372 4673 2375 4676 2375 4676 2372 4673 2376 4677 2375 4676 2376 4677 1142 4678 1142 4678 2376 4677 1143 4679 2374 4675 2375 4676 1198 4680 1198 4680 2375 4676 1199 4681 1199 4682 2375 4683 2377 4684 2377 4684 2375 4683 2378 4685 2377 4684 2378 4685 2379 4686 2374 4675 1198 4680 2373 4687 1286 4688 1081 4689 1292 4690 1292 4691 1081 4692 1133 2389 1292 4691 1133 2389 1132 2388 1292 4691 1132 2388 1285 4693 1285 4693 1132 2388 1120 2375 1285 4693 1120 2375 1119 2374 1285 4693 1119 2374 2380 4694 1285 4693 2380 4694 2381 4695 2086 4696 2120 4697 2382 4698 2382 4698 2120 4697 2118 4699 2382 4698 2118 4699 2103 4700 2382 4701 2103 4702 2107 4703 2382 4701 2107 4703 2383 4704 2383 4704 2107 4703 2384 4705 2382 4701 2383 4704 2086 4706 1969 4707 1970 4708 2385 4709 2385 4709 1970 4708 2386 4710 2386 4710 1970 4708 2387 4711 2387 4711 1970 4708 1978 4712 2386 4710 2387 4711 2388 4713 2386 4710 2388 4713 2389 4714 2389 4714 2388 4713 2390 4715 2390 4715 2388 4713 2391 4716 2391 4716 2388 4713 2392 4717 2391 4716 2392 4717 1100 4718 2391 4716 1100 4718 2393 4719 2391 4716 2393 4719 2394 4720 2394 4720 2393 4719 2395 4721 2395 4721 2393 4719 2396 4722 2394 4720 2395 4721 2396 4723 2394 4720 2396 4723 2397 4724 2394 4720 2397 4724 2390 4725 2391 4716 2394 4720 2390 4715 2386 4710 2389 4714 2385 4709 2170 4726 2398 4727 2172 4728 2172 4728 2398 4727 2399 4729 2399 4730 2398 4731 1675 4732 2399 4733 1675 4734 2400 4735 2401 4736 2402 4737 2403 4738 2403 4739 2402 4740 2404 4741 2403 4739 2404 4741 2405 4742 2403 4739 2405 4742 2406 4743 2406 4743 2405 4742 2407 4744 2408 4745 1724 4746 2409 4747 2409 4747 1724 4746 2410 4748 2409 4747 2410 4748 2411 4749 2409 4747 2411 4749 2412 370 2412 370 2411 4750 2413 370 2412 370 2413 370 2414 370 1435 4751 1430 4752 1929 4753 1929 4753 1430 4752 2415 4754 2415 4754 1430 4752 1474 4755 2415 4754 1474 4755 1473 4756 2415 4757 1473 4758 2416 4759 2415 4760 2416 4761 2417 4762 2417 4762 2416 4761 1930 4763 1930 4763 2416 4761 2418 4764 2418 4764 2416 4761 1438 4765 2418 4764 1438 4765 1239 4766 2418 4764 1239 4766 1925 4767 2418 4764 1925 4767 1930 4763 2415 4760 2417 4762 1929 4768 1929 4769 2417 4770 1928 4771 1928 4772 2417 4773 1930 4774 2012 4775 2011 4776 1196 4777 1196 4778 2011 4779 2419 4780 2419 4780 2011 4779 2420 4781 2419 4780 2420 4781 2010 4782 2419 4780 2010 4782 1897 4783 2419 4784 1897 4785 1197 4786 2419 4784 1197 4786 1196 4787 2421 4788 2422 4789 2423 4790 2423 4790 2422 4789 2424 4791 2424 4791 2422 4789 2425 4792 2425 4792 2422 4789 2426 4793 2425 4792 2426 4793 2427 4794 2427 4794 2426 4793 2428 4795 2428 4795 2426 4793 2429 4796 2428 4795 2429 4796 2430 4797 2430 4797 2429 4796 2431 4798 2430 4797 2431 4798 2432 4799 2432 4799 2431 4798 2433 4800 2432 4799 2433 4800 2434 4801 2434 4801 2433 4800 2435 4802 2435 4802 2433 4800 2436 4803 2435 4802 2436 4803 2437 4804 2437 4804 2436 4803 2438 4805 2438 4805 2436 4803 1283 4806 1283 4806 2436 4803 2439 4807 1283 4806 2439 4807 2440 4808 2440 4808 2439 4807 2441 212 2441 212 2439 4807 2442 4809 2442 4809 2439 4807 2443 4810 2443 4810 2439 4807 1734 4811 1734 4811 2439 4807 2436 4803 1734 4811 2436 4803 1733 4812 1733 4812 2436 4803 2433 4813 1733 4812 2433 4813 1701 4814 1701 4815 2433 4816 2431 4817 1701 4818 2431 4819 1505 4820 1505 4821 2431 4822 2429 4823 1505 4824 2429 4825 1362 4826 1362 4827 2429 4828 2426 4829 1362 4830 2426 4831 1352 4832 1352 4833 2426 4834 2422 4835 1352 4836 2422 4837 1206 4838 1206 4838 2422 4837 2421 4788 1206 4838 2421 4788 2003 4839 2003 4839 2421 4788 2444 4840 2444 4840 2421 4788 2445 4841 2445 4841 2421 4788 1284 4842 1284 4842 2421 4788 2423 4790 1284 4842 2423 4790 2446 4843 2447 4844 1283 4806 2448 4845 2448 4845 1283 4806 2440 4808 2449 212 2441 212 2442 4809 2449 212 2442 4809 2450 212 2450 212 2442 4809 2451 4846 2451 4846 2442 4809 2452 4847 2452 4847 2442 4809 2453 4848 2453 4849 2442 4809 2443 4810 2001 4850 2003 4839 2444 4840 2001 4850 2444 4840 2454 4851 2454 4851 2444 4840 2455 4852 2455 4852 2444 4840 2456 4853 2456 4853 2444 4840 2445 4841 2457 4854 2445 4841 1284 4842 2457 4855 1284 4856 1225 4857 1310 4858 2457 4859 1225 4860 916 4861 2001 4850 2454 4851 916 4861 2454 4851 2458 4862 2458 4862 2454 4851 2459 212 2459 4863 2454 4851 2460 4864 2460 4864 2454 4851 2455 4852 2460 4864 2455 4852 2461 4865 2460 4864 2461 4865 2462 4866 2462 4866 2461 4865 2463 4867 2463 4867 2461 4865 1026 4868 1026 4868 2461 4865 977 4869 2463 4867 1026 4868 2462 4866 2458 4862 2459 212 2464 4870 2458 4862 2464 4870 2465 4871 2465 4872 2464 4872 2466 4872 2466 212 2464 212 2467 212 2458 4873 2465 212 2468 4874 2458 4873 2468 4874 819 4875 819 4875 2468 4874 831 4876 831 4876 2468 4874 814 4877 814 4877 2468 4874 812 4878 916 4861 2458 4862 819 4879 2469 4880 2450 4881 2470 4882 2470 4883 2450 4883 2471 4883 2471 212 2450 212 2451 212 2469 4880 2470 4882 2472 4884 2469 4880 2472 4884 2473 4885 2473 4885 2472 4884 2474 4886 2474 4886 2472 4884 1090 4887 2473 4885 2474 4886 2469 4880 2475 212 2451 212 2476 212 2476 4888 2451 4846 2452 4847 2476 4888 2452 4847 2477 4889 2477 4889 2452 4847 2453 4890 2476 4888 2477 4889 2478 4891 2478 4891 2477 4889 1984 4892 2478 4891 1984 4892 2479 4893 2479 4893 1984 4892 2480 4894 2475 4895 2476 4895 2481 4895 2481 212 2476 212 2482 212 2483 4896 2484 4897 1530 4898 2483 4896 1530 4898 1532 4899 2483 4896 1532 4899 1551 4900 2483 4896 1551 4900 2485 4901 2483 4896 2485 4901 1386 4902 1386 4902 2485 4901 1742 4903 1239 4904 1437 4905 1240 4906 1240 4907 1437 4908 2486 4909 2486 4909 1437 4908 844 4910 1240 4911 2486 4912 1241 4913 1241 4913 2486 4912 934 4914 2167 4915 1674 4916 1673 4917 2167 4918 1673 4919 2169 4920 2169 4920 1673 4919 2170 4921 2170 4921 1673 4919 1675 4922 2170 4923 1675 4924 2398 4925 2487 4926 2488 4927 1497 4928 1497 4929 2488 4930 2489 4931 2489 4932 2488 4933 2490 4934 2489 4935 2490 4936 2491 4937 2491 4938 2490 4939 2492 4940 2492 4940 2490 4939 2493 4941 2493 4942 2490 4943 2494 4944 2493 4945 2494 4946 2495 4947 2495 4947 2494 4946 2496 4948 2496 4949 2494 4950 2497 4951 2496 4952 2497 4953 2498 4954 2498 4954 2497 4953 2499 4955 2499 4956 2497 4957 2500 4958 2499 4959 2500 4960 2501 4961 2501 4961 2500 4960 2502 4962 2502 4963 2500 4964 2503 4965 2502 4966 2503 4967 2504 4968 2504 4968 2503 4967 2505 4969 2505 4970 2503 4971 2506 4972 2505 4973 2506 4974 2507 4975 2507 4975 2506 4974 2508 4976 2508 4977 2506 4978 2509 4979 2508 4980 2509 4981 2510 4982 2510 4982 2509 4981 2511 4983 2511 4984 2509 4985 1476 4986 2511 4987 1476 4988 2512 4989 2512 4989 1476 4988 2513 4990 2513 4991 1476 4992 1478 4993 2513 4991 1478 4993 2514 4994 2514 4994 1478 4993 1477 4995 2514 4996 1477 4997 2515 4998 2515 4999 1477 5000 2516 5001 2515 5002 2516 5003 1836 5004 1836 5005 2516 5006 1838 5007 2489 4935 2491 4937 2517 5008 2489 4935 2517 5008 2518 5009 2489 5010 2518 5011 1497 5012 1497 5013 2518 5014 2519 5015 1497 5013 2519 5015 1498 5016 1265 5017 1267 5018 1839 5019 1839 5019 1267 5018 2520 5020 2520 5020 1267 5021 2010 5022 2520 5020 2010 5022 2420 5023 2520 5020 2420 5023 2521 5024 2520 5020 2521 5024 1839 5019 1839 5019 2521 5024 1847 5025 1847 5025 2521 5024 2522 5026 1847 5025 2522 5026 1848 5027 1848 5027 2522 5026 2523 5028 1848 5027 2523 5028 1852 5029 1852 5029 2523 5028 2524 5030 1852 5029 2524 5030 2525 5031 1852 5029 2525 5031 1853 5032 1853 5032 2525 5031 1855 5033 2526 5034 2527 5035 2528 5036 2528 5036 2527 5035 2529 5037 2528 5036 2529 5037 2530 5038 2530 5039 2529 5039 2531 5039 2531 5040 2529 5040 1605 5041 1605 5042 2529 5043 2532 5043 1605 5044 2532 5045 2533 5046 1605 5044 2533 5046 1603 5047 1603 5048 2533 5049 2534 5050 1603 5051 2534 5052 2535 5053 2535 5054 2534 5055 2536 370 2535 5056 2536 370 2537 370 2537 370 2536 370 2538 5057 2537 370 2538 5057 2539 370 2539 370 2538 5057 2540 5058 2540 5058 2538 5057 2541 5059 2537 370 2539 370 1657 370 1657 5060 2539 5060 1649 5061 1649 5062 2539 370 2542 370 1649 5063 2542 5064 2543 5065 1649 5063 2543 5065 1647 5066 1647 5067 2543 5068 2544 5069 1647 5070 2544 5071 2545 5072 2545 5073 2544 5074 2546 370 2545 5075 2546 370 2530 370 2530 5038 2546 370 2528 5036 2547 5076 2365 5077 2364 5078 2547 5079 2364 5080 2054 5081 2547 5079 2054 5081 2053 5082 2547 5079 2053 5082 2548 5083 2548 5083 2053 5082 1910 5084 2548 5085 1910 5086 1307 5087 1148 5088 1150 5089 2549 5090 2549 5091 1150 5092 1149 5093 2549 5094 1149 5095 2550 5096 1148 5097 2549 5098 2551 5099 1148 5100 2551 5101 2552 5102 1148 5103 2552 5104 2553 5105 2553 5105 2552 5104 2554 5106 2554 5107 2552 5108 2555 5109 2554 5110 2555 5111 2556 5112 2556 5112 2555 5111 2557 5113 2557 5114 2555 5115 2558 5116 2557 5117 2558 5118 894 5119 894 5120 2558 5121 895 5122 2548 5123 1307 5124 1481 5125 2548 5126 1481 5127 2547 5128 2547 5128 1481 5127 1316 5129 1316 5129 1481 5127 1482 5130 1316 5129 1482 5130 1317 5131 1317 5131 1482 5130 2559 5132 1129 5133 1128 5134 2560 5135 2560 5136 1128 5137 2561 5138 2561 5138 1128 5139 2562 5140 2562 5141 1128 5142 1130 5143 2562 5141 1130 5143 2563 5144 2561 5138 2562 5140 2564 5145 2564 5145 2562 5140 2565 5146 2565 5146 2562 5140 2563 5147 2565 5146 2563 5147 2566 5148 2566 5149 2563 5150 1185 5151 2566 5149 1185 5151 1184 5152 2566 5149 1184 5152 1439 5153 2566 5154 1439 5155 2565 5156 2564 5145 2565 5146 2567 5157 2564 5145 2567 5157 2568 5158 2564 5145 2568 5158 2561 5138 2561 5138 2568 5158 1276 5159 2561 5138 1276 5159 1275 5160 2561 5138 1275 5160 2560 5136 2569 5161 2570 5162 2571 5163 2569 5161 2571 5163 2227 5164 2227 5165 2571 5166 2228 5167 2569 5168 2227 5169 2226 5170 2569 5168 2226 5170 2223 5171 2569 5168 2223 5171 1242 5172 2569 5168 1242 5172 1244 5173 2569 5174 1244 5175 2572 5176 2569 5174 2572 5176 2570 5177 1219 5178 1432 5179 1220 5180 1220 5181 1432 5182 2573 5183 2573 5183 1432 5182 2574 5184 2574 5184 1432 5182 1434 5185 2574 5184 1434 5186 1114 5187 2574 5184 1114 5187 1456 5188 2574 5184 1456 5188 2573 5183 2573 5183 1456 5188 1457 5189 2573 5183 1457 5189 2575 5190 2575 5190 1457 5191 2576 5192 2576 5192 1457 5193 2577 5194 2577 5195 1457 5196 1529 5197 2576 5192 2577 5194 1220 5198 1220 5199 2577 5200 1221 5201 2576 5192 1220 5198 2575 5190 2575 5190 1220 5198 2573 5183 940 5202 939 5203 1290 5204 1290 5204 939 5203 1291 5205 1291 5205 939 5203 2578 5206 2578 5206 939 5203 2579 5207 2578 5206 2579 5208 1291 5205 1291 5209 2579 5210 1303 5211 940 5202 1290 5204 1436 5212 1436 5213 1290 5214 1434 5215 1434 5215 1290 5214 1115 5216 1115 5216 1290 5214 1289 5217 1115 5218 1289 5219 1113 5220 1434 5221 1115 5222 1114 5223 940 5224 1436 5225 1433 5226 940 5227 1433 5228 2580 5229 2580 5229 1433 5228 2581 5230 2581 5231 1433 5232 1432 5233 2581 5231 1432 5233 1219 5234 2580 5229 2581 5230 2582 5235 2582 5235 2581 5230 1219 5236 2582 5235 1219 5236 2583 5237 2583 5237 1219 5236 1221 5238 2583 5237 1221 5238 2584 5239 2584 5240 1221 5241 2577 5242 2584 5243 2577 5244 2585 5245 2585 5245 2577 5244 1529 5246 2585 5245 1529 5246 1903 5247 2585 5245 1903 5247 2586 5248 2586 5249 1903 5250 1095 5251 1798 5252 1805 5253 1791 5254 1791 5254 1805 5253 1810 5255 1810 5255 1805 5253 1809 5256 1810 5255 1809 5256 1886 5257 1810 5255 1886 5257 1812 5258 1812 5258 1886 5257 883 5259 883 5259 1886 5257 1916 5260 883 5259 1916 5260 884 5261 884 5261 1916 5260 1915 5262 1812 5258 883 5259 1811 5263 1811 5263 883 5259 882 5264 1810 5255 1812 5258 1788 5265 1810 5255 1788 5265 1789 5266 2587 5267 2588 5268 2589 5269 2589 5270 2588 5271 2590 5272 2590 5272 2588 5271 2591 5273 2590 5272 2591 5273 2592 5274 2592 5275 2591 5276 2593 5277 2592 5278 2593 5279 2594 5280 1855 5281 2525 5282 826 5283 826 5283 2525 5282 2022 5284 826 5283 2022 5284 2021 5285 826 5286 2021 5287 824 5288 1855 5281 826 5283 2595 5289 2595 5289 826 5283 869 5290 2595 5289 869 5291 871 5292 2595 5289 871 5292 837 5293 2595 5289 837 5293 2238 5294 2238 5295 837 5296 815 5297 2595 5289 2238 5294 1855 5281 2596 5298 1164 5299 2597 5300 2597 5300 1164 5299 2598 5301 2598 5301 1164 5299 1162 5302 2598 5301 1162 5302 1799 5303 2597 5300 2598 5301 1168 5304 1168 5305 2598 5306 2301 5307 2599 5308 2600 5308 2601 5308 2601 5309 2600 5309 2602 5309 2602 525 2600 525 2603 525 2602 5310 2603 5310 2604 5310 2604 525 2603 525 2605 525 2604 5311 2605 5311 2606 5311 2606 525 2605 525 2607 525 2606 5312 2607 5312 2608 5312 2608 5313 2607 5313 2609 5313 2608 5314 2609 5314 2610 5314 2610 525 2609 525 2611 525 2610 525 2611 525 2612 525 2612 525 2611 525 2613 525 2612 5315 2613 5315 2614 5315 2614 525 2613 525 2615 525 2614 5316 2615 5316 2616 5316 2021 5317 2019 5318 824 5319 824 5319 2019 5318 2617 5320 2617 5320 2019 5318 2017 5321 2617 5322 2017 5323 2618 5324 2618 5324 2017 5323 2016 5325 2618 5324 2016 5325 2619 5326 2619 5326 2016 5325 2014 5327 2619 5326 2014 5327 2620 5328 2620 5328 2014 5327 2012 5329 2620 5330 2012 5331 1196 5332 2621 5333 2622 5334 1742 5335 1742 5335 2622 5334 1743 5336 1743 5336 2622 5334 2241 5337 2241 5337 2622 5334 2242 5338 2242 5339 2622 5340 2623 5341 2623 5341 2622 5340 2621 5342 2624 5343 2625 5344 2626 5345 2626 5345 2625 5344 2627 5346 2627 5346 2625 5344 2628 5347 2627 5346 2628 5347 2629 5348 2629 5348 2628 5347 2630 5349 2629 5348 2630 5349 2631 5350 2631 5350 2630 5349 2632 5351 2631 5350 2632 5351 2633 5352 2633 5352 2632 5351 2634 5353 2633 5352 2634 5353 2635 5354 2635 5354 2634 5353 2636 5355 2635 5354 2636 5355 2637 5356 2637 5356 2636 5355 2638 5357 2637 5356 2638 5357 2639 5358 2639 5358 2638 5357 2640 5359 2639 5358 2640 5359 2641 5360 2641 5360 2640 5359 2642 5361 2641 5360 2642 5361 2643 5362 2643 5362 2642 5361 2644 5363 2643 5362 2644 5363 2645 5364 2645 5364 2644 5363 2646 5365 2645 5364 2646 5365 2647 5366 2647 5366 2646 5365 2648 5367 2647 5366 2648 5367 2649 5368 1209 5369 1248 5370 1570 5371 1570 5371 1248 5370 1568 5372 1568 5372 1248 5370 1703 5373 1568 5372 1703 5373 2270 5374 2270 5375 1703 5376 2650 5377 2650 5377 1703 5376 958 5378 958 5379 1703 5380 959 5381 2650 5377 958 5378 2651 5382 2650 5377 2651 5382 2272 5383 2272 5384 2651 5385 2274 5386 2274 5386 2651 5385 2652 5387 2274 5386 2652 5387 2653 5388 2650 5377 2272 5383 2270 5375 2654 5389 2655 5390 2656 5391 2656 5391 2655 5390 2657 5392 2657 5393 2655 5394 2658 5395 2657 5393 2658 5395 2659 5396 2659 5396 2658 5395 2660 5397 2659 5396 2660 5397 2661 5398 2661 5398 2660 5397 2662 5399 2661 5398 2662 5399 2663 5400 2663 5400 2662 5399 2664 5401 2663 5400 2664 5401 2665 5402 2665 5402 2664 5401 2666 5403 2665 5402 2666 5403 1525 2934 1525 2934 2666 5403 2667 5404 1525 2934 2667 5404 1526 2935 1526 5405 2667 5406 2668 5407 1526 5405 2668 5407 2669 5408 2669 5409 2668 5410 2670 5411 2669 5412 2670 5413 1215 5414 2669 5415 1215 5416 2671 5417 2671 5418 1215 5419 1214 5420 2669 5415 2671 5417 1527 5421 2669 5422 1527 5423 1526 5424 2192 5425 2193 5426 2329 5427 2329 5427 2193 5426 2331 5428 2331 5428 2193 5426 1421 5429 1421 5429 2193 5426 1422 5430 2331 5431 1421 5432 2332 5433 2332 5433 1421 5432 1420 5434 2332 5435 1420 5436 2333 5437 2333 5437 1420 5436 2188 5438 2333 5437 2188 5438 2334 5439 2334 5439 2188 5438 1348 5440 2334 5439 1348 5440 1347 5441 2672 370 2673 370 2674 370 2674 5442 2673 5442 2675 5442 2675 370 2673 370 2676 370 2676 370 2673 370 2677 370 2676 370 2677 370 2678 370 2678 370 2677 370 2679 370 2678 5443 2679 5443 2680 5443 2678 370 2680 370 2681 370 2672 370 2674 370 2682 370 2672 370 2682 370 2683 370 1262 5444 2179 5445 1263 5446 1263 5447 2179 5448 2346 5449 2346 5449 2179 5448 2180 5450 2346 5449 2180 5450 2347 5451 2347 5451 2180 5450 2181 5452 2347 5451 2181 5452 2348 5453 2348 5453 2181 5452 2183 5454 2348 5453 2183 5454 2349 5455 2349 5455 2183 5454 2182 5456 2349 5455 2182 5456 1468 5457 1309 5458 1308 5459 1225 5460 1309 5461 1225 5462 1272 5463 1309 5464 1272 5465 1481 5466 1309 5467 1481 5468 1307 5469 793 5470 795 5471 2684 5472 2684 5472 795 5471 2685 5473 2685 5473 795 5471 2686 5474 2686 5474 795 5471 796 5475 2686 5474 796 5475 2687 5476 793 5470 2684 5472 2688 5477 793 5470 2688 5477 788 5478 2144 5479 2146 5480 2689 5481 2689 5482 2146 5483 2113 5484 2113 5485 2146 5486 2114 5487 2114 5488 2146 5489 2115 5490 2689 5491 2113 5492 2690 5493 2689 5481 2690 5494 2144 5479 2144 5495 2690 5496 2155 5497 2691 5498 1938 5499 1726 5500 1726 5501 1938 5502 2411 5503 2411 5504 1938 5505 2413 5506 2413 5507 1938 5508 2692 5509 2692 5510 1938 5511 1936 5512 1342 5513 1341 5514 2359 5515 2359 5515 1341 5514 2358 5516 2358 5516 1341 5514 1340 5517 2358 5516 1340 5517 1415 5518 2358 5516 1415 5518 2356 5519 2356 5519 1415 5518 1414 5520 2356 5519 1414 5520 1507 5521 2356 5522 1507 5523 2353 5524 2693 5525 2694 5526 2695 5527 2695 5527 2694 5526 1188 5528 1188 5528 2694 5526 2696 5529 1188 5530 2696 5531 2185 5532 2185 5532 2696 5531 2697 5533 2185 5532 2697 5533 2177 5534 2177 5534 2697 5533 2698 5535 2177 5534 2698 5535 2176 5536 2176 5536 2698 5535 2699 5537 2176 5536 2699 5537 2175 5538 2175 5538 2699 5537 2700 5539 2175 5540 2700 5541 2173 5542 2173 5542 2700 5541 2701 5543 2173 5542 2701 5543 2171 5544 2171 5544 2701 5543 2702 5545 2171 5546 2702 5547 2168 5548 2168 5548 2702 5547 2703 5549 2168 5548 2703 5549 2166 5550 2166 5550 2703 5549 2704 5551 2166 5550 2704 5551 2165 5552 2165 5552 2704 5551 2705 5553 2165 5552 2705 5553 2164 5554 2164 5554 2705 5553 2706 5555 2164 5556 2706 5557 2186 5558 2186 5558 2706 5557 2707 5559 2186 5558 2707 5559 2187 5560 2187 5560 2707 5559 2708 5561 2187 5560 2708 5561 2189 5562 2263 5563 2709 5564 2262 5565 2262 5566 2709 5567 2261 5568 2261 5568 2709 5567 2248 5569 2261 5568 2248 5569 2250 5570 2261 5571 2250 5572 2254 5573 2254 5573 2250 5572 2252 5574 2710 5575 1622 5576 1591 5577 1591 5577 1622 5576 1592 5578 1592 5578 1622 5576 1593 5579 1593 5579 1622 5576 1624 5580 1593 5579 1624 5580 2711 5581 2711 5582 1624 5583 1609 5584 1609 5585 1624 5586 2712 5587 2712 5588 1624 5589 1623 5590 1609 5585 2712 5587 2710 5591 2711 5592 1609 5593 2713 5594 2711 5592 2713 5594 1595 5595 1595 5595 2713 5594 2714 5596 2710 5575 1591 5577 2715 5597 2715 5597 1591 5577 2351 5598 2715 5597 2351 5598 2710 5575 2710 5575 2351 5598 1609 5599 1609 5600 2351 5601 2352 5602 1609 5603 2352 5604 1509 5605 1509 5605 2352 5604 2716 5606 2716 5606 2352 5604 2353 5607 2716 5606 2353 5607 1507 5608 1509 5605 2716 5606 1507 5609 1210 5610 1232 5611 1524 5612 1524 5612 1232 5611 2717 5613 2717 5613 1232 5611 1212 5614 2717 5615 1212 5616 2718 5617 2718 5617 1212 5616 2719 5618 2718 5619 2719 5620 935 5621 2718 5622 935 5623 843 5624 843 5625 935 5626 934 5627 843 5628 934 5629 844 5630 844 5631 934 5632 2486 5633 1531 5634 2720 5635 1532 5636 1532 5636 2720 5635 1490 5637 1490 5637 2720 5635 2135 5638 2135 5638 2720 5635 2721 5639 2135 5640 2721 5641 2134 5642 2134 5643 2721 5644 2722 5645 2134 5646 2722 5647 1981 5648 2134 5649 1981 5650 1982 5651 1490 5637 2135 5638 1491 5652 2723 5653 863 5654 2724 5655 2724 5656 863 5657 2656 5658 2724 5659 2656 5660 2725 5661 2725 5661 2656 5662 964 5663 2725 5661 964 5663 2724 5659 2724 5655 964 5664 963 5665 2724 5655 963 5665 2723 5653 2723 5653 963 5665 962 5666 2674 5667 2675 212 2726 5668 2726 5668 2675 212 2727 212 2727 212 2675 212 2676 212 2727 212 2676 212 2728 212 1685 5669 2319 5670 2318 5671 1685 5672 2318 5673 1686 5674 1686 5675 2318 5676 1677 5677 1677 5677 2318 5676 2316 5678 1677 5677 2316 5678 1678 5679 1678 5679 2316 5678 1596 5680 1678 5679 1596 5680 2729 5681 2729 5681 1596 5680 2730 5682 2730 5682 1596 5680 1595 5683 2730 5682 1595 5683 2731 5684 1678 5679 2729 5681 1679 5685 2732 5686 1610 5687 1612 5688 2732 5689 1612 5690 2733 5691 2733 5691 1612 5690 2298 5692 2732 5689 2733 5691 2734 5693 2734 5693 2733 5691 2735 5694 2734 5693 2735 5694 1388 5695 2734 5693 1388 5695 1390 5696 2732 5697 2734 5698 2736 5699 2736 5699 2734 5698 1390 5700 2737 370 2738 370 2739 370 2739 370 2738 370 2740 370 2740 5701 2738 5701 2741 5701 2740 370 2741 370 2742 370 2742 5702 2741 5702 2743 5702 2742 5703 2743 5703 2744 5703 2744 5704 2743 5704 2745 5704 2744 370 2745 370 2746 370 2746 5705 2745 5705 2747 5705 2746 370 2747 370 2748 370 2748 5706 2747 5706 2749 5706 2748 370 2749 370 2750 370 2750 5707 2749 5707 2751 5707 2750 5708 2751 5708 2752 5708 2752 5709 2751 5709 2753 5709 2752 5710 2753 5710 2754 5710 2754 5711 2753 5711 2755 5711 2754 370 2755 370 2756 370 2408 5712 2409 5713 2757 5714 2757 5714 2409 5713 2758 5715 2758 5715 2409 5713 2412 5716 2758 5715 2412 5716 2759 5717 2759 5717 2412 5716 2414 5718 2759 5717 2414 5718 2760 5719 1658 5720 1654 5721 2761 5722 2761 5722 1654 5721 2762 5723 2762 5724 1654 5725 2763 5726 2763 5727 1654 5728 2764 5729 2763 5730 2764 5731 2765 5732 2765 5732 2764 5731 1146 5733 1146 5734 2764 5735 1147 5736 1147 5737 2764 5738 2766 5739 1147 5740 2766 5741 1177 5742 1177 5742 2766 5741 2767 5743 1177 5742 2767 5743 2768 5744 2768 5744 2767 5743 2769 5745 2768 5744 2769 5745 2770 5746 2770 5746 2769 5745 2771 5747 2770 5748 2771 5749 2772 5750 2772 5751 2771 5752 2773 5753 2765 5732 1146 5733 1145 5754 2765 5755 1145 5756 2774 5757 2774 5758 1145 5759 2775 5760 2765 5732 2774 5761 2763 5730 2763 5762 2774 5763 2776 5764 2763 5726 2776 5765 2762 5724 2762 5723 2776 5766 2777 5767 2777 5768 2776 5769 2778 5770 2777 5768 2778 5770 2779 5771 2777 5767 2779 5772 2761 5722 2761 5773 2779 5774 2780 5775 2780 5776 2779 5777 1713 5778 1713 5779 2779 5780 2781 5781 2781 5782 2779 5783 2782 5784 2761 5773 2780 5775 1658 5785 1658 5786 2780 5787 1713 5788 2777 5767 2761 5722 2762 5723 2407 5789 2405 5790 2783 5791 2783 5792 2405 5793 1683 5794 1683 5795 2405 5796 1684 5797 1684 5798 2405 5799 2404 5800 1492 5801 1500 5802 2784 5803 2784 5804 1500 5805 2785 5806 2785 5806 1500 5805 1566 5807 2784 5804 2785 5806 2623 5808 2623 5808 2785 5806 2242 5809 2242 5810 2785 5811 1566 5812 2242 5810 1566 5812 2245 5813 2784 5814 2623 5815 2621 5816 2257 5817 2256 5818 1384 5819 1384 5820 2256 5821 1382 5822 1382 5823 2256 5824 2258 5825 1382 5826 2258 5827 1745 5828 1745 5828 2258 5827 2268 5829 1745 5828 2268 5829 2786 5830 1745 5831 2786 5832 2787 5833 2787 5834 2786 5835 2788 5836 1601 5837 2789 5838 1405 5839 1405 5839 2789 5838 2790 5840 2790 5840 2789 5838 2791 5841 2791 5841 2789 5838 1495 5842 1495 5842 2789 5838 1493 5843 1493 5844 2789 5845 1601 5846 1493 5847 1601 5848 2792 5849 2792 5850 1601 5851 1328 5852 2792 5849 1328 5853 1327 5854 2792 5849 1327 5854 1493 5847 2790 5840 2791 5841 2793 5855 2790 5840 2793 5855 2794 5856 2790 5840 2794 5856 2795 5857 2796 5858 2797 5859 2798 5860 2798 5860 2797 5859 2799 5861 2799 5861 2797 5859 2800 5862 2800 5862 2797 5859 2801 5863 2800 5862 2801 5863 2802 5864 2800 5862 2802 5864 1353 5865 1353 5865 2802 5864 1356 5866 1356 5866 2802 5864 2803 5867 1356 5866 2803 5867 2804 5868 2804 5868 2803 5867 2805 304 2804 5868 2805 304 2806 5869 2806 5869 2805 304 2807 5870 2807 5870 2805 304 2808 5871 2807 5870 2808 5871 2809 5872 2807 5870 2809 5872 1669 5873 1669 5873 2809 5872 2810 5874 2810 5874 2809 5872 2811 5875 2810 5874 2811 5875 2812 5876 2810 5877 2812 5878 1670 5879 2810 5880 1670 5881 1669 5882 2807 5870 1669 5873 2813 5883 2807 5870 2813 5883 2806 5869 2804 5868 2806 5869 1357 5884 2804 5868 1357 5884 1356 5866 1353 5885 1356 5886 1354 5887 2800 5862 1353 5865 2814 5888 2800 5862 2814 5888 2799 5889 2798 5860 2799 5861 2815 5890 2798 5860 2815 5890 2796 5858 2796 5858 2815 5890 2816 5891 2816 5891 2815 5890 1663 5892 2816 5891 1663 5892 2817 5893 2817 5893 1663 5892 1676 5894 2817 5893 1676 5894 2818 5895 2818 5895 1676 5894 2819 5896 2819 5896 1676 5894 1377 5897 1377 5897 1676 5894 1665 5898 2819 5896 1377 5899 1376 5900 2819 5896 1376 5900 2820 5901 2820 5902 1376 5903 2821 5904 2821 5904 1376 5903 1375 5905 2821 5906 1375 5907 2822 5908 2822 5909 1375 5910 2044 5911 2822 5908 2044 5912 2812 5913 2812 5913 2044 5912 1670 5914 2822 5908 2812 5913 2823 5915 2823 5915 2812 5913 2811 5916 2822 5908 2823 5915 2824 5917 2822 5908 2824 5917 2821 5906 2819 5896 2820 5901 2818 5895 2817 5893 2818 5895 2825 5918 2817 5893 2825 5918 2816 5891 2182 5919 2178 5920 1468 5921 1468 5922 2178 5923 1467 5924 1467 5924 2178 5923 1233 5925 1233 5926 2178 5927 1318 5928 1233 5926 1318 5928 1320 5929 1467 5924 1233 5925 1235 5930 2023 5931 2826 5932 2024 5931 2024 5933 2826 5934 2026 5935 2026 5936 2826 5937 2827 5938 2026 5939 2827 5940 2027 5941 2027 5942 2827 5943 1441 5944 2027 5942 1441 5944 1428 5945 977 5946 2828 5947 2829 5948 2829 5948 2828 5947 1310 5949 1310 5949 2828 5947 2830 5950 1310 5949 2830 5950 2831 5951 2832 5952 2833 5953 2834 5954 2834 5954 2833 5953 2835 5955 2835 5955 2833 5953 2836 5956 2836 5956 2833 5953 1435 5957 2836 5956 1435 5957 1929 5958 2836 5956 1929 5959 1926 5960 2836 5956 1926 5960 1927 5961 2836 5956 1927 5961 2835 5955 2835 5955 1927 5961 934 5962 2835 5955 934 5962 2834 5954 2834 5954 934 5962 2832 5952 2832 5952 934 5962 936 5963 2832 5952 936 5963 2833 5953 2833 5953 936 5963 2837 5964 2833 5953 2837 5964 1429 5965 2833 5953 1429 5965 1435 5966 1618 5967 1617 5968 2838 5969 2838 5969 1617 5968 2839 5970 2839 5970 1617 5968 2840 5971 2839 5970 2840 5971 2841 5972 2841 5972 2840 5971 2842 5973 2842 5973 2840 5971 2843 5974 2842 5973 2843 5974 1407 5975 1407 5975 2843 5974 2844 5976 2844 5977 2843 5974 2840 5971 2844 5977 2840 5971 2845 5978 2845 5978 2840 5971 1617 5968 2845 5978 1617 5968 2846 5979 2846 5979 1617 5968 1616 5980 2846 5979 1616 5980 2847 5981 2847 5981 1616 5980 1618 5967 2847 5981 1618 5967 2848 5982 2848 5982 1618 5967 2838 5969 2848 5982 2838 5969 2849 5983 2849 5983 2838 5969 2850 5984 2850 5984 2838 5969 2851 5985 2851 5986 2838 5969 2852 5987 2852 5987 2838 5969 2841 5972 2841 5972 2838 5969 2839 5970 2852 5987 2841 5972 2842 5973 2852 5987 2842 5973 2853 5988 2853 5988 2842 5973 2854 5989 2854 5989 2842 5973 1407 5975 2854 5989 1407 5975 2855 5990 2856 5991 2850 5984 2851 5985 2856 5991 2851 5985 2857 5992 2857 5992 2851 5985 2858 5993 2859 5994 2853 5988 2854 5989 2859 5994 2854 5989 2860 5995 2860 5995 2854 5989 2861 5996 2861 5996 2854 5989 2855 5990 1329 5997 2859 5994 2860 5995 1329 5998 2860 5999 1323 6000 1323 6001 2860 5995 2862 6002 2862 6002 2860 5995 2861 5996 2862 6003 2861 6004 2863 6005 2863 6006 2861 6007 1409 6008 2862 6003 2863 6005 2864 6009 1323 6010 2862 6011 2864 6012 1323 6013 2864 6014 2865 6015 1323 6016 2865 6017 2866 6018 1323 6019 2866 6020 1321 6021 1321 6022 2866 6023 2867 6024 1321 6025 2867 6026 2868 6027 2868 6027 2867 6026 2869 6028 2868 6029 2869 6030 2870 6031 2870 6032 2869 6033 1098 6034 2870 6035 1098 6036 1425 6037 1321 6025 2868 6027 1496 6038 1496 6038 2868 6027 2870 6039 1496 6040 2870 6041 1425 6042 2728 525 2871 525 2872 525 2728 6043 2872 6043 2873 6043 2873 525 2872 525 2874 525 2874 525 2872 525 2875 525 2728 525 2873 525 2876 525 2728 6044 2876 6044 2727 6044 2727 6045 2876 6045 2877 6045 2727 525 2877 525 2726 525 2726 525 2877 525 2878 525 2726 525 2878 525 2879 525 2880 6046 2881 6047 2882 6048 2882 6048 2881 6047 2883 6049 2883 6049 2881 6047 2884 6050 2884 6050 2881 6047 2885 6051 2884 6050 2885 6051 1731 6052 1731 6053 2885 6054 1775 6055 1731 6053 1775 6055 1774 6056 1731 6057 1774 6058 1732 6059 2884 6050 1731 6052 2322 6060 2322 6060 1731 6052 2886 6061 2886 6061 1731 6052 1730 6062 2886 6061 1730 6062 2160 6063 2886 6061 2160 6063 1613 6064 2886 6061 1613 6064 1615 6065 2322 6060 2886 6061 1615 6066 2322 6060 1615 6066 1557 6067 1557 6068 1615 6069 1554 6070 2884 6050 2322 6060 2321 6071 2884 6050 2321 6071 2887 6072 2887 6072 2321 6071 2888 6073 2888 6073 2321 6071 2319 6074 2888 6073 2319 6074 1685 6075 2889 6076 2890 6077 2891 6078 2891 6078 2890 6077 2892 6079 2892 6079 2890 6077 2593 6080 2593 6081 2890 6082 2594 6083 924 6084 2893 6085 2894 6086 2894 6087 2893 6088 2895 6089 2895 6089 2893 6088 2896 6090 2896 6091 2893 6092 2897 6093 2898 6094 2899 6095 2900 6096 2900 6096 2899 6095 2901 6097 2900 6096 2901 6097 2902 6098 2902 6098 2901 6097 2903 6099 2902 6098 2903 6099 2904 6100 2902 6098 2904 6100 2905 6101 2902 6098 2905 6101 2906 6102 2902 6098 2906 6102 2907 6103 2907 6103 2906 6102 2908 6104 2907 6105 2908 6106 2909 6107 2907 6108 2909 6109 2910 6110 2907 6108 2910 6110 2911 6111 2907 6108 2911 6111 2912 6112 2912 6112 2911 6111 2913 6113 2912 6112 2913 6113 2914 6114 2912 6112 2914 6114 2915 6115 2912 6112 2915 6115 2916 6116 2912 6112 2916 6116 2900 6096 2900 6096 2916 6116 2917 6117 2900 6096 2917 6117 2898 6094 2912 6112 2900 6096 2902 6098 2912 6112 2902 6098 2907 6118 2692 6119 1936 6120 1003 6121 2692 6122 1003 6123 2760 6124 2760 6124 1003 6123 2759 6125 2759 6125 1003 6123 2918 6126 2759 6125 2918 6126 2758 6127 2758 6127 2918 6126 2919 6128 2758 6127 2919 6128 2757 6129 2757 6129 2919 6128 1582 6130 1259 6131 1273 6132 2920 6133 2920 6133 1273 6132 2340 6134 2340 6134 1273 6132 2341 6135 2341 6135 1273 6132 1258 6136 2341 6135 1258 6136 2098 6137 2341 6135 2098 6137 2921 6138 2341 6135 2921 6138 2097 6139 2920 6133 2340 6134 2339 6140 2920 6133 2339 6140 1450 6141 1450 6141 2339 6140 2338 6142 1450 6141 2338 6142 1451 6143 1451 6143 2338 6142 2922 6144 2922 6144 2338 6142 1442 6145 1451 6143 2922 6144 1452 6146 2305 6147 2923 6148 1917 6149 1917 3595 2923 6150 1142 3593 1142 6151 2923 6152 2305 6153 1142 6154 2305 6155 2375 6156 1695 6157 2924 6158 1693 6159 1693 6160 2924 6161 2925 6162 2925 6162 2924 6161 2926 6163 2926 6164 2924 6165 2927 6166 2926 6164 2927 6166 2928 6167 2925 6162 2926 6163 2929 6168 2929 6168 2926 6163 2930 6169 2929 6168 2930 6169 2931 6170 2931 6171 2930 6172 2932 6173 2931 6171 2932 6173 2933 6174 2931 6175 2933 6176 2934 6177 2925 6162 2929 6168 2931 6178 2925 6162 2931 6178 2935 6179 1693 6160 2925 6162 2935 6180 1693 6181 2935 6182 1694 6183 1694 6184 2935 6185 2936 6186 2936 6187 2935 6188 2931 6189 2936 6187 2931 6189 2934 6190 2937 6191 1140 6192 2938 6193 2938 6194 1140 6195 922 6196 2938 6193 922 6197 924 6198 2938 6193 924 6198 2937 6191 2937 6199 924 6200 2894 6201 1133 6202 1081 6203 1080 6204 1133 6202 1080 6204 2939 6205 1133 6206 2939 6207 2940 6208 2940 6208 2939 6207 2406 6209 2940 6208 2406 6209 2407 6210 2940 6211 2407 6212 2941 6213 2941 6214 2407 6215 2783 6216 1133 6206 2940 6208 1131 6217 2942 212 2943 212 2944 212 2942 212 2944 212 2945 212 2942 6218 2945 6218 2946 6218 2942 6219 2946 6220 1268 6221 1268 6221 2946 6220 2474 6222 1268 6223 2474 6224 1269 212 1963 6225 1961 6226 2947 6227 2947 6227 1961 6226 2948 6228 2948 6229 1961 6230 1959 6231 2948 6229 1959 6231 1480 6232 1480 6232 1959 6231 1958 6233 1480 6232 1958 6233 1456 6234 1456 6234 1958 6233 1957 6235 1456 6234 1957 6235 1458 6236 1458 6237 1957 6238 1956 6239 1458 6237 1956 6239 2949 6240 2949 6241 1956 6242 2950 6243 2950 6243 1956 6242 1955 6244 2949 6241 2950 6243 2951 6245 2949 6246 2951 6247 1905 6248 2948 6229 1480 6232 1487 6249 1487 6249 1480 6232 1479 6250 2952 6251 2589 6252 2590 6253 2952 6254 2590 6255 2592 6256 2952 6257 2592 6258 2594 6259 2952 6260 2594 6261 2890 6262 2953 6263 2567 6264 2954 6265 2953 6266 2954 6267 2955 6268 2955 6268 2954 6267 1440 6269 1440 6269 2954 6267 1439 6270 2953 6266 2955 6268 2956 6271 2956 6271 2955 6268 1934 6272 1934 6272 2955 6268 1440 6273 2956 6271 1934 6272 1931 6274 2956 6271 1931 6274 2202 6275 2202 6276 1931 6277 1368 6278 2953 6266 2956 6271 2957 6279 2957 6279 2956 6271 2202 6280 2957 6279 2202 6280 2203 6281 2957 6279 2203 6281 2958 6282 2957 6279 2958 6282 2568 6283 2957 6279 2568 6283 2953 6284 2953 6285 2568 6286 2567 6287 1977 6288 2061 6289 1978 6290 1978 6290 2061 6289 2387 6291 2387 6291 2061 6289 2059 6292 2387 6291 2059 6292 2388 6293 2388 6293 2059 6292 2058 6294 2388 6293 2058 6294 2392 6295 2392 6295 2058 6294 2056 6296 2392 6295 2056 6296 1100 6297 1100 6297 2056 6296 2054 6298 1100 6297 2054 6298 2364 6299 2947 6300 2948 6301 1304 6302 1304 6303 2948 6304 1289 6305 1289 6306 2948 6307 1487 6308 1289 6309 1487 6310 1113 6311 1314 6312 2093 6313 2095 6314 1314 6315 2095 6316 2096 6317 1314 6318 2096 6319 2098 6320 1314 6321 2098 6322 2959 6323 1680 6324 2960 6325 1681 6326 1681 6326 2960 6325 2883 6327 2883 6327 2960 6325 1680 6324 2883 6327 1680 6324 2714 5596 2883 6327 2714 5596 2882 6328 2882 6328 2714 5596 2713 5594 1681 6326 2883 6327 1685 6329 1685 6329 2883 6327 2888 6330 2888 6330 2883 6327 2884 6331 2888 6330 2884 6331 2887 6332 2961 6333 2962 6333 2963 6333 2963 6334 2962 6334 2964 6334 2964 6335 2962 6335 2965 6335 2964 370 2965 370 2966 6336 2966 6337 2965 6338 2967 6339 2966 6337 2967 6339 2968 6340 2968 6340 2967 6339 2969 6341 2968 6340 2969 6341 2970 6342 2970 6342 2969 6341 2971 6343 2970 6342 2971 6343 2972 6344 2970 6342 2972 6344 2973 6345 2973 6345 2972 6344 2974 6346 2973 6347 2974 6348 2975 6349 2975 6349 2974 6348 2976 6350 2976 6351 2974 6352 2977 6353 2976 6354 2977 6355 2978 6356 2976 6357 2978 6358 2979 6359 2979 6360 2978 6361 2980 6362 2979 6360 2980 6362 2981 6363 2981 6363 2980 6362 2982 6364 2981 6363 2982 6364 2983 6365 2981 6363 2983 6365 2984 6366 2981 6363 2984 6366 2985 6367 2985 6367 2984 6366 2986 6368 2985 6367 2986 6368 2987 6369 2985 6367 2987 6369 2988 6370 2988 6370 2987 6369 2989 6371 2988 6370 2989 6371 1748 6372 1748 6373 2989 6373 2990 6373 2990 6374 2989 6374 2991 6374 2990 6375 2991 6375 2992 6375 2990 370 2992 370 2993 370 2993 370 2992 370 2994 370 2993 370 2994 370 2963 370 2963 6376 2994 6376 2961 6376 2995 6377 2973 6347 2975 6349 2996 6378 2985 6379 2997 6380 2997 6380 2985 6367 2988 6370 2997 6380 2988 6370 2998 6381 2998 6382 2988 6383 1754 6384 1754 6385 2988 6386 1755 6387 1755 6388 2988 6389 1750 6390 1750 6390 2988 6389 1748 370 1398 6391 2996 6378 2997 6380 1398 6391 2997 6380 2998 6381 1398 6391 2998 6381 2999 6392 974 6393 1179 6394 3000 6395 3000 6396 1179 6397 3001 6398 3001 6398 1179 6397 1178 6399 3001 6398 1178 6399 2371 6400 2895 6401 2896 6402 1578 6403 1578 6404 2896 6405 2897 6406 1578 6404 2897 6406 2275 6407 1578 6408 2275 6409 1576 6410 2895 6401 1578 6403 1577 6411 2895 6401 1577 6411 1567 6412 2895 6401 1567 6412 2894 6413 1111 6414 1071 6415 3002 6416 3002 6417 1071 6418 3003 6419 3003 6419 1071 6418 3004 6420 3003 6419 3004 6420 3005 6421 3005 6421 3004 6420 3006 6422 3005 6421 3006 6422 3007 6423 3005 6421 3007 6423 3008 6424 3008 6424 3007 6423 3009 6425 3008 6424 3009 6425 3010 6426 3010 6426 3009 6425 3011 6427 3010 6426 3011 6427 3012 6428 3013 6429 3014 6430 3015 6431 3015 6432 3014 6433 1359 6434 3015 6432 1359 6434 2480 6435 3015 6432 2480 6435 1984 6436 3015 6432 1984 6436 1365 6437 3015 6431 1365 6438 1364 6439 3015 6431 1364 6439 3013 6429 3016 6440 3017 6440 3018 6440 3018 525 3017 525 3019 525 3019 6441 3017 6441 3020 6441 3019 525 3020 525 3021 525 3021 525 3020 525 3022 525 3021 525 3022 525 1124 525 1124 525 3022 525 3023 525 1124 525 3023 525 1189 525 1189 525 3023 525 3024 525 1189 6442 3024 6442 3025 6442 1189 6443 3025 6443 1662 6443 1662 525 3025 525 3026 525 1662 525 3026 525 1672 525 1672 525 3026 525 3027 525 1556 6444 1552 2969 1554 2971 1556 6445 1554 6446 1614 6447 1556 6445 1614 6447 1613 6448 1556 6449 1613 6450 3028 6451 3028 6451 1613 6450 2160 6452 3028 6451 2160 6452 2159 6453 1184 6454 1183 6455 3029 6456 3029 6457 1183 6458 1935 6459 3029 6457 1935 6459 1933 6460 3029 6456 1933 6461 1184 6454 1184 6462 1933 6463 1440 6464 2159 6465 2161 6466 3030 6467 3030 6467 2161 6466 2162 6468 3030 6467 2162 6468 2326 6469 2326 6469 2162 6468 2325 6470 2325 6470 2162 6468 2163 6471 2325 6470 2163 6471 2328 6472 2328 6472 2163 6471 2192 6473 2328 6472 2192 6473 2329 6474 3030 6467 2326 6469 1555 6475 1555 6476 2326 6477 2324 6478 1555 6476 2324 6478 1552 6479 1552 6480 2324 6481 1553 6482 892 6483 855 6484 2652 6485 2652 6485 855 6484 2653 6486 2653 6486 855 6484 801 6487 2653 6486 801 6487 2263 6488 1725 6489 3031 6490 3032 6491 3032 6492 3031 6493 3033 6494 3033 6495 3031 6496 3034 6497 3033 6498 3034 6499 3035 6500 1019 6501 3036 6502 3037 6503 3037 6503 3036 6502 899 6504 3037 6505 899 6506 3038 6507 3037 6505 3038 6507 3039 6508 3037 6505 3039 6508 3040 6509 3037 6503 3040 6510 1017 6511 3037 6503 1017 6511 1019 6501 2653 6512 2263 6513 2267 6514 2653 6515 2267 6516 2274 6517 2274 6518 2267 6519 2273 6520 2273 6521 2267 6522 2290 6523 2273 6521 2290 6523 3041 6524 3041 6525 2290 6526 2286 6527 2880 6528 3042 6529 3043 6530 3043 6530 3042 6529 1737 6531 1737 6531 3042 6529 1674 6532 3043 6530 1737 6531 3044 6533 3044 6533 1737 6531 1716 6534 1716 6535 1737 6536 1736 6537 3044 6533 1716 6534 3045 6538 3045 6538 1716 6539 1775 6540 3045 6538 1775 6540 3046 6541 3046 6541 1775 6540 2885 6542 3046 6541 2885 6542 3044 6533 3044 6533 2885 6542 2881 6543 3044 6533 2881 6543 2880 6528 3044 6533 2880 6528 3043 6530 3046 6541 3044 6533 3045 6538 1483 6544 2184 6545 1484 6546 1484 6546 2184 6545 2344 6547 2344 6547 2184 6545 1261 6548 1261 6549 2184 6550 1262 6551 1484 6546 2344 6547 2343 6552 1484 6546 2343 6552 1485 6553 1485 6553 2343 6552 2342 6554 1485 6553 2342 6554 1186 6555 1186 6555 2342 6554 1139 6556 1186 6555 1139 6556 1187 6557 1187 6558 1139 6559 1138 6560 3047 6561 3048 6562 3049 6563 3049 6563 3048 6562 3050 6564 3049 6563 3050 6564 3051 6565 3049 6563 3051 6565 3052 6566 3052 6566 3051 6565 3053 6567 3052 6566 3053 6567 3054 6568 3054 6568 3053 6567 3055 6569 3054 6568 3055 6569 3056 6570 3054 6568 3056 6570 3057 6571 3057 6571 3056 6570 3058 6572 3058 6572 3056 6570 3059 6573 3058 6572 3059 6573 3060 6574 3058 6572 3060 6574 3061 6575 3058 6572 3061 6575 3062 6576 3062 6576 3061 6575 3063 6577 3062 6576 3063 6577 3064 6578 3064 6578 3063 6577 3065 6579 3064 6578 3065 6579 3047 6561 3064 6578 3047 6561 3066 6580 3066 6580 3047 6561 3049 6563 3066 6580 3049 6563 3067 6581 3067 6582 3049 6583 1153 6584 1153 6584 3049 6583 3068 6585 3068 6586 3049 6587 3069 6588 3069 6588 3049 6587 3070 6589 3070 6590 3049 6563 3071 6591 3071 6591 3049 6563 3052 6566 3071 6591 3052 6566 3072 6592 3072 6592 3052 6566 3054 6593 3073 6594 3054 6568 3057 6571 3073 6595 3057 6571 3074 6596 3074 6596 3057 6571 3075 6597 3075 6597 3057 6571 3076 6598 3076 6598 3057 6571 3077 6599 3077 6599 3057 6571 3058 6572 3077 6599 3058 6572 3078 6600 3078 6600 3058 6572 3079 6601 3079 6601 3058 6572 3080 6602 3080 6602 3058 6572 3062 6576 3080 6602 3062 6576 3081 6603 3081 6603 3062 6576 3064 6604 3082 6605 3075 6597 3076 6598 3082 6606 3076 6607 3083 6608 3083 6609 3076 6598 3077 6599 3083 6609 3077 6599 3084 6610 3084 6610 3077 6599 3078 6600 3066 6611 3067 6612 3085 6613 3085 6613 3067 6612 3086 6614 3086 6615 3067 6616 1152 6617 1152 6618 3067 6582 1153 6584 3066 6619 3085 6620 913 6621 3066 6622 913 6623 3064 6624 3064 6625 913 6626 3087 6627 3064 6628 3087 6629 3081 6630 1315 6631 1317 6632 3088 6633 3088 6633 1317 6632 3012 6634 3012 6635 1317 6636 3089 6637 3089 6637 1317 6636 3090 6638 3088 6633 3012 6634 3011 6639 3088 6633 3011 6639 3091 6640 3088 6641 3091 6642 3092 6643 3088 6641 3092 6643 1315 6644 3072 6645 3054 6646 3093 6647 3093 6647 3054 6646 3073 6648 3094 6649 1070 6650 3095 6651 3095 6652 1070 6653 1072 6654 3094 6655 3095 6656 3096 6657 3094 6655 3096 6657 3097 6658 3094 6655 3097 6658 3098 6659 3098 6660 3097 6661 1692 6662 3098 6663 1692 6664 3099 6665 3099 6665 1692 6664 3100 6666 3099 6665 3100 6666 3101 6667 3101 6667 3100 6666 3102 6668 3101 6669 3102 6670 3091 6671 3091 6642 3102 6672 3092 6643 2927 6673 2924 6674 3103 6675 3103 6676 2924 6677 1695 6678 1120 6679 1132 6680 3104 6681 3104 6681 1132 6680 1131 6682 3105 6683 3106 6684 3107 6685 3107 6685 3106 6684 3108 6686 3109 6687 1103 6688 3110 6689 3110 6690 1103 6691 2381 6692 1283 6693 2447 6694 1106 6695 1106 6696 2447 6697 1268 6698 1302 6699 2438 6700 1104 6701 1104 6702 2438 6703 1283 6704 1011 6705 987 6706 1945 6707 1945 6707 987 6706 927 6708 1800 6709 1803 6710 1006 2232 1006 2232 1803 6710 1013 2233 1118 6711 1117 6712 1092 6713 1092 6714 1117 6715 1093 6716 1946 6717 993 6718 3111 6719 3111 6719 993 6718 3112 6720 3113 6721 3114 6722 1305 6723 1305 6724 3114 6725 1298 6726 3115 6727 936 6728 2719 6729 2719 6729 936 6728 935 6730 3116 6731 3117 6732 1110 6733 1110 6733 3117 6732 1868 6734 1284 6735 2446 6736 1223 6737 1223 6738 2446 6739 1402 6740 995 6741 2656 6742 865 6743 865 6743 2656 6742 863 6744 2381 6745 1103 6746 1285 6747 1285 6748 1103 6749 1105 6750 2959 6323 1260 6751 1314 6321 1314 6752 1260 6753 1312 6754 3118 6755 3119 6756 1343 6757 1343 6758 3119 6759 1424 6760 1135 6761 1176 6762 1107 6763 1107 6763 1176 6762 1108 6764 837 6765 871 6766 816 6767 816 6768 871 6769 868 6770 3120 6771 1164 6772 3121 6773 3121 6774 1164 6775 2596 6776 3121 6774 2596 6776 3113 6777 3121 6778 3113 6779 1305 6780 3121 6778 1305 6780 3120 6781 3120 6782 1305 6783 3122 6784 3120 6785 3122 6786 3123 6787 3124 6788 3125 6789 905 6790 905 6790 3125 6789 906 6791 1082 6792 1081 6793 1089 6794 1089 6795 1081 6796 1286 6797 1089 6798 1286 6799 1282 6800 1089 6798 1282 6800 1106 6801 1164 6802 3120 6803 1165 6804 1165 6805 3120 6806 3123 6807 1165 6808 3123 6809 1193 6810 1165 6808 1193 6810 1192 6811 1165 6812 1192 6813 1162 6814 1162 6814 1192 6813 1163 6815 2736 6816 1390 6817 1397 6818 1397 6819 1390 6820 1389 6821 1168 6822 1167 6823 1011 6824 1011 6825 1167 6826 3126 6827 3127 6828 1628 6829 3128 6830 3128 6830 1628 6829 901 6831 2366 6832 2368 6833 3129 6834 3129 6834 2368 6833 3130 6835 1048 6836 964 6837 2657 6838 2657 6839 964 6840 2656 6841 3131 6842 816 6843 3132 6844 3132 6845 816 6846 868 6847 1530 6848 2484 6849 1531 6850 1531 6850 2484 6849 3133 6851 1531 6852 3133 6853 3134 6854 3134 6855 3133 6856 3135 6857 3135 6858 3133 6859 3136 6860 3135 6861 3136 6862 3137 6863 3137 6863 3136 6862 3138 6864 3138 6864 3136 6862 3139 6865 3137 6863 3138 6864 1118 6866 1118 6866 3138 6864 1127 6867 3137 6863 1118 6866 3140 6868 3140 6869 1118 6870 1092 6871 3140 6872 1092 6873 3141 6874 3140 6868 3141 6875 1983 6876 1983 6876 3141 6875 3142 6877 3140 6868 1983 6876 1980 6878 3140 6868 1980 6878 1981 6879 3140 6868 1981 6879 3137 6863 3137 6863 1981 6879 2722 6880 3137 6881 2722 6882 3135 6883 3135 6883 2722 6882 2721 6884 3135 6885 2721 6886 3134 6887 3134 6888 2721 5639 2720 5635 3134 6889 2720 6890 1531 6891 1583 6892 1725 6893 1581 6894 1581 6894 1725 6893 1724 6895 3143 6896 3144 6897 3145 6898 3145 6898 3144 6897 3146 6899 3146 6899 3144 6897 3147 6900 3146 6899 3147 6900 3148 6901 3146 6899 3148 6901 3149 6902 3149 6902 3148 6901 3150 6903 3149 6902 3150 6903 3151 6904 3151 6904 3150 6903 3152 6905 3151 6904 3152 6905 3153 6906 3153 6906 3152 6905 3154 6907 3153 6906 3154 6907 3155 6908 3155 6908 3154 6907 3156 6909 3155 6908 3156 6909 3157 6910 3157 6910 3156 6909 3158 6911 3157 6910 3158 6911 3159 6912 3157 6910 3159 6912 3160 6913 3160 6913 3159 6912 3161 6914 3160 6913 3161 6914 3162 6915 3160 6913 3162 6915 3163 6916 3163 6916 3162 6915 3164 6917 3163 6916 3164 6917 3165 6918 3165 6918 3164 6917 3166 6919 3165 6918 3166 6919 3167 6920 3165 6918 3167 6920 3168 6921 3168 6921 3167 6920 3169 6922 3168 6921 3169 6922 3170 6923 3170 6923 3169 6922 3171 6924 3170 6923 3171 6924 3172 6925 3172 6925 3171 6924 3173 6926 3172 6925 3173 6926 3174 6927 3174 6927 3173 6926 3175 6928 3174 6927 3175 6928 3176 6929 3176 6929 3175 6928 3177 6930 3176 6929 3177 6930 3178 6931 3176 6929 3178 6931 3179 6932 3179 6932 3178 6931 3180 6933 3179 6932 3180 6933 3143 6896 3179 6932 3143 6896 3145 6898 3181 6934 3145 6898 3146 6899 3182 6935 3146 6899 3149 6902 3183 6936 3151 6904 3153 6906 3184 6937 3155 6908 3157 6910 3185 6938 3157 6910 3160 6913 3186 6939 3163 6916 3165 6918 3187 6940 3165 6918 3168 6921 3188 6941 3170 6923 3172 6925 3189 6942 3174 6927 3176 6929 3190 6943 3176 6929 3179 6932 3191 6944 3192 6945 3193 6946 3193 6946 3192 6945 3194 6947 3193 6948 3194 6949 3195 6950 3195 6951 3194 6952 3196 6953 3196 6954 3194 6955 3197 6956 2366 6957 1447 6958 2367 6959 2367 6960 1447 6961 1446 6962 3198 6963 3199 6964 2952 6965 2952 6965 3199 6964 3200 6966 2952 6965 3200 6966 2587 370 2952 6967 2587 6968 2589 6968 3201 6969 3202 6970 3203 6971 3203 6972 3202 6973 1037 6974 3204 6975 2400 6976 1508 6977 1508 6977 2400 6976 1675 6978 1508 6977 1675 6978 1609 6979 1609 6979 1675 6978 3042 6980 3042 6980 1675 6978 1674 6981 1609 6982 3042 6983 2713 6984 2713 6984 3042 6983 2880 6985 2713 6984 2880 6985 2882 6986 904 6987 1002 6988 2025 6989 2025 6989 1002 6988 2023 6990 950 6991 937 6992 3205 6993 3205 6994 937 6995 3206 6996 3207 6997 3208 6998 3209 6999 3209 6999 3208 6998 3210 7000 1300 7001 1299 7002 3211 7003 3211 7004 1299 7005 1965 7006 2094 7007 3212 7008 3213 7009 3213 7010 3212 7011 3214 7012 3211 7003 3215 7013 1300 7001 1300 7014 3215 7015 3216 7016 1224 7017 1270 7018 1482 7019 1482 7020 1270 7021 2559 7022 1462 7023 1461 7024 1247 7025 1247 7026 1461 7027 1245 7028 1546 7029 1335 7030 1547 7031 1547 7031 1335 7030 1549 7032 1363 7033 3217 7034 1364 7035 1364 7035 3217 7034 3218 7036 1697 7037 1699 7038 1651 7039 1651 7040 1699 7041 1816 7042 2559 7043 1270 7044 3219 7045 3219 7046 1270 4237 2200 4238 3220 7047 3221 7048 3222 7049 3222 7050 3221 7051 3223 7052 2897 7053 2893 7054 923 7055 923 7056 2893 7057 924 7058 1233 7059 1320 7060 1332 7061 1332 7062 1320 7063 1333 7064 3221 7065 3224 7066 3223 7067 3223 7067 3224 7066 3035 7068 3223 7067 3035 7068 3034 7069 3223 7067 3034 7069 3225 7070 2568 7071 2958 7072 1276 7073 1276 7073 2958 7072 2203 7074 2159 7075 3030 7076 1558 7077 1558 7077 3030 7076 1555 7078 2336 7079 3226 7080 1442 7081 1442 7081 3226 7080 1444 7082 1269 7083 2474 7084 1089 7085 1089 7085 2474 7084 1090 7086 1799 7087 1797 7088 2598 7089 2598 7090 1797 7091 2301 7092 2231 7093 3227 7094 2232 7095 2232 7096 3227 7097 3228 7098 2232 7096 3228 7098 3229 7099 3229 7099 3228 7098 3230 7100 3230 7100 3228 7098 2190 7101 3230 7100 2190 7101 3231 7102 3231 7103 2190 7104 3232 7105 3230 7100 3231 7102 3233 7106 3230 7100 3233 7106 3229 7099 3229 7099 3233 7106 3234 7107 3234 7107 3233 7106 3235 7108 3234 7107 3235 7108 3236 7109 3236 7109 3235 7108 3237 7110 3236 7109 3237 7110 3238 7111 3236 7109 3238 7111 1182 7112 1182 7113 3238 7114 1180 7115 3236 7109 1182 7112 2236 7116 3236 7109 2236 7116 3234 7107 3234 7107 2236 7116 2235 7117 3234 7107 2235 7117 3229 7099 3229 7118 2235 7119 2232 7120 3239 7121 3222 7122 3240 7123 3240 7124 3222 7125 3241 7126 1625 7127 2106 7128 1659 7129 1659 7129 2106 7128 1660 7130 2159 7075 1558 7077 3028 7131 3028 7132 1558 7133 1556 7134 2484 7135 2483 7136 1385 7137 1385 7138 2483 7139 1386 7140 3242 7141 3243 7142 3244 7143 3244 7144 3243 7145 1640 7146 2404 7147 2402 7148 3245 7149 3245 7150 2402 7151 3246 7152 2401 7153 1728 7154 2402 7155 2402 7151 1728 7156 3246 7152 1627 7157 1630 7158 2132 7159 2132 7160 1630 7161 1758 7162 1680 6324 2731 7163 2714 5596 2714 5596 2731 7164 1595 5595 1386 7165 1761 7166 1387 7167 1387 7168 1761 7169 3247 7170 2411 7171 2410 7172 1726 7173 1726 7174 2410 7175 1724 7176 1738 7177 1747 7178 1739 7179 1739 7180 1747 7181 1735 7182 1751 7183 3248 7184 1740 7185 1740 7186 3248 7187 1752 7188 3038 7189 899 7190 3039 7191 3039 7192 899 7193 1629 7194 1255 7195 3249 7196 2858 7197 2858 7197 3249 7196 2857 7198 1367 7199 1278 7200 2204 7201 2204 7202 1278 7203 1274 7204 1542 7205 2076 7206 1540 7207 1540 7208 2076 7209 2077 7210 2559 7211 3250 7212 1317 7213 1317 6636 3250 7214 3090 6638 1545 7215 3218 7216 1543 7217 1543 7218 3218 7219 3217 7220 1336 7221 3251 7222 1319 7223 1319 7224 3251 7225 1331 7226 2861 7227 2855 7228 1409 7229 1409 7230 2855 7231 1407 7232 3252 7233 3253 7234 3254 7235 3254 7236 3253 7237 3255 7238 3256 7239 3257 7240 2336 7241 2336 7242 3257 7243 3226 7244 3258 7245 3115 7246 1212 7247 1212 7248 3115 7249 2719 7250 3259 7251 3260 7252 3261 7253 3261 7254 3260 7255 1237 7256 1302 7257 1301 7258 3262 7259 3262 7260 1301 7261 3263 7262 3263 7263 1301 7264 3264 7265 3264 7266 1301 7267 3265 7268 3265 7269 1301 7270 1704 7271 3265 7272 1704 7273 3266 7274 3266 7275 1704 7276 1706 7277 3266 212 1706 7278 3267 212 3267 212 1706 7279 3268 7280 3268 7281 1706 7282 1403 7283 3268 7284 1403 7285 3269 7286 3269 7287 1403 7288 1402 7289 3269 7287 1402 7289 3270 7290 3270 7290 1402 7289 3271 7291 3122 7292 1306 7293 1300 7294 1300 7295 1306 7296 1298 7297 953 7298 1012 7299 3126 6827 3126 6827 1012 7299 1011 6825 3198 7300 2889 7301 3272 7302 3272 7303 2889 7304 3273 7305 3272 7303 3273 7305 3274 7306 3274 7306 3273 7305 3275 7307 3275 7307 3273 7305 3276 7308 3276 7308 3273 7305 1033 7309 1033 7309 3273 7305 3277 212 3272 7303 3274 7306 3278 7310 3278 7310 3274 7306 1043 7311 1043 7311 3274 7306 3279 7312 1924 7313 1922 7314 1277 7315 1277 7316 1922 7317 1288 7318 3215 7319 3211 7320 2947 7321 2947 7321 3211 7320 1963 7322 3215 7319 2947 7321 1304 7323 3215 7319 1304 7323 1303 7324 3215 7319 1303 7324 3280 7325 3280 7325 1303 7324 2579 7326 3280 7325 2579 7326 3215 7319 3215 7319 2579 7326 1009 7327 3136 7328 3281 7329 3139 7330 3139 7331 3281 7332 3282 7333 3255 7334 1371 7335 3254 7336 3254 7337 1371 7338 1370 7339 3283 7340 1702 7341 2278 7342 2278 7343 1702 7344 1579 7345 3239 7346 3240 7347 1599 7348 1599 7349 3240 7350 1597 7351 1597 7351 3240 7350 3284 7352 1597 7351 3284 7352 1607 7353 1597 7351 1607 7353 1598 7354 3281 7355 3253 7356 3282 7357 3282 7358 3253 7359 3252 7360 2786 7361 3041 7362 2788 7363 2788 7364 3041 7365 2286 7366 2413 7367 2692 7367 2414 7367 2414 7368 2692 7368 2760 7368 2871 820 2728 820 2678 820 2678 820 2728 820 2676 820 1588 7369 1587 7369 1635 7370 1635 7371 1587 7371 1636 7372 817 7373 3285 7374 917 7375 917 7376 3285 7377 3286 7378 3286 7378 3285 7377 3287 7379 3286 7378 3287 7379 3288 7380 3286 7381 3288 7382 947 7383 947 7384 3288 7385 948 7386 3216 7387 946 7388 3289 7389 3289 7389 946 7388 945 7390 3216 7387 3289 7389 3123 7391 3123 7391 3289 7389 1193 7392 1193 7392 3289 7389 945 7393 3216 7387 3123 7391 3122 7394 3216 7387 3122 7394 1300 7395 1013 7396 3290 7397 946 7398 946 7399 3290 7400 944 7401 2579 7402 3291 7403 1009 7404 1009 7405 3291 7406 938 7407 3292 7408 3293 7409 982 7410 982 7411 3293 7412 3294 7413 2864 7414 2863 7415 3295 7416 3295 7417 2863 7418 3296 7419 3295 7420 3296 7421 3297 7422 3295 7420 3297 7422 3298 7423 3298 7423 3297 7422 3299 7424 3298 7425 3299 7426 3300 7427 2864 7414 3295 7416 3298 7428 2864 7429 3298 7430 2865 7431 2865 7432 3298 7433 2866 7434 2866 7435 3298 7436 3300 7437 2866 7438 3300 7439 3301 7440 2866 7438 3301 7440 2867 7441 2867 7442 3301 7443 3302 7444 1017 7445 3040 7446 3303 7447 3303 7448 3040 7449 3039 7450 3303 7451 3039 7452 1574 7453 1574 7453 3039 7452 1629 7454 3303 7451 1574 7453 1573 7455 3303 7451 1573 7455 3304 7456 3303 7451 3304 7456 3305 7457 3303 7451 3305 7457 1017 7458 2954 7459 2567 7460 1439 7461 1439 7462 2567 7463 2565 7464 3256 7239 2336 7241 1346 7465 1346 7466 2336 7467 1347 7468 3306 7469 1396 7470 3307 7471 3307 7472 1396 7473 3308 7474 2092 7475 2090 7476 3309 7477 3309 7478 2090 7479 2091 7480 2092 7481 3309 7482 2113 7483 2113 7483 3309 7482 2690 7484 2690 7484 3309 7482 3310 7485 2690 7486 3310 7487 2155 7488 2155 7489 3310 7490 3311 7491 2191 7492 2189 7493 3312 7494 3312 7495 2189 7496 2708 7497 3312 7498 3232 7499 2191 7500 2191 7501 3232 7502 2190 7503 2878 7504 2877 7505 2683 7506 2683 7506 2877 7505 2672 7507 2683 820 2682 820 2878 820 2878 820 2682 820 2879 820 2681 917 2680 7508 2872 917 2872 917 2680 7508 2875 7509 1490 7510 1492 7511 1551 7512 1551 7513 1492 7514 2784 7515 2891 7516 3313 7517 2889 7518 2889 7519 3313 7520 3273 7521 2682 7522 2674 5667 2879 7523 2879 7523 2674 5667 2726 5668 3214 7524 2693 7525 3213 7526 3213 7527 2693 7528 2695 7529 1175 7530 1174 7531 3314 7532 3314 7532 1174 7531 3315 7533 3316 7534 3199 7535 3272 7536 3272 7537 3199 7538 3198 7539 3317 7540 1710 7541 3318 7542 3318 7542 1710 7541 3319 7543 2400 7544 3204 7545 3320 7546 3320 7546 3204 7545 3321 7547 3320 7546 3321 7547 3322 7548 3322 7548 3321 7547 1334 7549 1334 7550 3321 7551 1332 7552 1332 7552 3321 7551 1233 7553 3320 7546 3322 7548 3323 7554 3323 7555 3322 7556 1548 7557 2400 7558 3320 7559 2399 7560 1772 7561 1776 7562 1770 7563 1770 3747 1776 7564 1565 4123 3198 7565 2952 7566 2889 7567 2889 7567 2952 7566 2890 7568 928 7569 974 7570 3324 7571 3324 7571 974 7570 3000 7572 3324 7571 3000 7572 3325 7573 3325 7573 3000 7572 3326 7574 3325 7573 3326 7574 3327 7575 3325 7573 3327 7575 3328 7576 3325 7573 3328 7576 3329 7577 3324 7578 3325 7579 3330 7580 1864 7581 918 7582 3331 7583 3331 7583 918 7582 917 7584 3207 7585 3332 7586 3208 7587 3208 7588 3332 7589 3333 7590 3208 7588 3333 7590 3334 7591 3334 7591 3333 7590 3335 7592 3208 7593 3334 7594 3210 7595 1737 7596 1674 7597 1744 7598 1744 7598 1674 7597 2167 7599 1714 7600 1589 7601 3336 7602 3336 7603 1589 7604 1588 7605 1387 7606 1093 7607 1385 7608 1385 7609 1093 7610 1117 7611 1183 7612 1185 7613 1130 7614 1130 7615 1185 7616 2563 7617 1003 7618 1005 7619 2918 7620 2918 7621 1005 7622 1709 7623 2918 7624 1709 7625 2919 7626 1986 7627 2010 7628 3337 7629 3337 7629 2010 7628 1267 7630 3337 7629 1267 7630 1266 7631 1024 7632 1025 7633 3338 7634 3338 7635 1025 7636 962 7637 962 7638 1025 7639 2723 7640 3338 7635 962 7637 2276 7641 3338 7635 2276 7641 2897 7642 2897 7643 2276 7644 2275 7645 1024 7646 3338 7647 2897 7648 1024 7649 2897 7650 923 7651 1121 7652 1120 7653 1112 7654 1112 7654 1120 7653 1072 7655 1112 7654 1072 7655 1071 7656 1413 2770 1086 7657 1122 2771 1122 2771 1086 7657 1088 7658 1122 2771 1088 7658 1123 7659 1363 7660 1280 7661 3339 7662 3339 7662 1280 7661 1279 7663 3339 7662 1279 7663 1512 7664 3339 7662 1512 7664 3217 7665 3339 7666 3217 7667 1363 7668 3305 7669 966 7670 1017 7671 1017 7672 966 7673 979 7674 1017 7672 979 7674 1018 7675 1018 7676 979 7677 1038 7678 2224 4299 1229 4298 3340 7679 3340 7680 1229 7681 1228 7682 2224 4299 3340 7679 1243 7683 1243 7684 3340 7685 3341 7686 2224 4299 1243 7687 1242 4297 3118 7688 1343 7689 1344 7690 3342 7691 3128 7692 1042 7693 1042 7693 3128 7692 901 7694 1042 7695 901 7696 900 7697 3342 7691 1042 7693 1038 7698 3342 7691 1038 7698 979 7699 958 7700 957 7701 2651 7702 2651 7702 957 7701 892 7703 2651 7704 892 7705 2652 7706 1046 7707 1271 7708 1047 7709 1047 7710 1271 7711 1256 7712 1047 7710 1256 7712 1055 7713 2373 7714 1200 7715 1056 7716 1056 7716 1200 7715 1293 7717 1056 7716 1293 7717 1264 7718 1277 7719 1288 7720 1247 7721 1247 7722 1288 7723 1287 7724 1247 7722 1287 7724 1077 7725 1077 7725 1287 7724 1078 7726 817 7727 3343 7728 815 7729 815 7730 3343 7731 3344 7732 3344 7732 3343 7731 2240 7733 2240 7734 3343 7735 817 7736 3344 7737 2240 7738 2238 7739 3344 7740 2238 7741 3345 7742 3345 7743 2238 7743 815 7743 3344 7740 3345 7742 815 7744 1747 7178 1738 7177 1736 7745 1736 7745 1738 7177 1717 7746 1736 7747 1717 7748 1716 7749 1750 3249 1749 3248 1755 7750 1755 7751 1749 7752 3346 7753 1755 7754 3346 7755 1756 7756 798 7757 797 7758 3347 7759 3347 7759 797 7758 898 7760 3347 7759 898 7760 897 7761 1110 7762 1868 7763 1053 7764 1053 7765 1868 7766 3348 7767 3348 7768 1868 7769 1862 7770 3348 7771 1862 7772 1863 7773 3348 7771 1863 7773 3331 7774 3331 7775 1863 7776 1864 7777 3258 7778 1212 7779 3349 7780 3349 7780 1212 7779 1211 7781 3258 7778 3349 7780 2837 7782 2837 7782 3349 7780 1429 7783 1429 7783 3349 7780 1211 7781 3258 7778 2837 7782 936 7784 3258 7785 936 7786 3115 7787 888 7788 933 7789 889 7790 889 7791 933 7792 961 7793 889 7791 961 7793 927 7794 927 7794 961 7793 2285 7795 927 7796 2285 7797 1949 7798 927 7799 1949 7800 1945 7801 1945 7802 1949 7803 1944 7804 2300 7805 951 7806 2299 7807 2299 7807 951 7806 953 7808 2299 7809 953 7810 3126 7811 3350 7812 3351 7813 3078 7814 3078 7814 3351 7813 3352 7815 3078 7814 3352 7815 3084 7816 3084 7816 3352 7815 3353 7817 3353 7817 3352 7815 3354 7818 3354 7818 3352 7815 3355 7819 3355 7819 3352 7815 1522 7820 1522 7820 3352 7815 3351 7821 1522 7822 3351 7823 3350 7824 1522 7825 3350 7826 1449 7827 1449 7828 3350 7829 3356 7830 1449 7831 3356 7832 3357 7833 3357 7833 3356 7832 3079 7834 3079 7834 3356 7832 3350 7812 3079 7834 3350 7812 3078 7814 3083 7835 3084 7816 3358 7836 3358 7836 3084 7816 3353 7817 3359 7837 3353 7817 2370 7838 2370 7838 3353 7817 3360 7839 3360 7839 3353 7817 3354 7818 3360 7839 3354 7818 3355 7819 3360 7839 3355 7819 3130 7840 3361 7841 1449 7831 3357 7833 3361 7841 3357 7833 3362 7842 3362 7842 3357 7833 3363 7843 3363 7843 3357 7833 3079 7834 3363 7843 3079 7834 3364 7844 3364 7845 3079 7846 3365 7847 3365 7847 3079 7846 3366 7848 3366 7848 3079 7846 3080 7849 2369 7850 3362 7851 3364 7852 3364 7844 3362 7842 3363 7843 2369 7853 3364 7845 984 7854 984 7854 3364 7845 3365 7847 984 7854 3365 7847 982 7855 2369 7853 984 7854 983 7856 982 7857 3365 7847 3366 7848 982 7857 3366 7848 3367 7858 3367 7859 3366 7848 3368 7860 3368 7860 3366 7848 3080 7849 3368 7860 3080 7849 3369 7861 3369 7861 3080 7849 3081 7862 3369 7861 3081 7862 3370 7863 3370 7863 3081 7862 1707 7864 1707 7864 3081 7862 3087 7865 1707 7864 3087 7865 1708 7866 1708 7866 3087 7865 1709 7867 1709 7867 3087 7865 913 7868 1709 7869 913 2101 912 2100 3370 7863 1707 7864 1004 7870 1004 7870 1707 7864 1005 7871 1005 7872 1707 7873 1709 7874 3370 7863 1004 7870 3371 7875 3371 7875 1004 7870 1051 7876 3370 7863 3371 7875 3369 7861 3369 7861 3371 7877 3317 7878 3317 7878 3371 7877 3372 7879 3369 7861 3317 7878 3367 7880 3369 7861 3367 7880 3368 7860 3335 7881 3359 7882 3294 7883 3294 7884 3359 7885 3373 7886 3373 7887 3359 7888 3374 7889 3374 7889 3359 7888 983 7890 983 7890 3359 7888 2370 7891 3374 7889 983 7890 982 7892 3374 7889 982 7893 3294 7894 3374 7889 3294 7894 3373 7887 3335 7895 3294 7896 3293 7897 3335 7898 3293 7899 3375 7900 2370 7901 3360 7902 3130 7903 2370 7904 3130 7905 2368 7906 3082 7907 3083 7908 3247 7909 3247 7910 3083 7835 1093 7911 1093 7911 3083 7835 3376 7912 3376 7912 3083 7835 3377 7913 3377 7913 3083 7835 3358 7836 3377 7913 3358 7836 3332 7914 3332 7915 3358 7916 3353 7917 3332 7918 3353 7919 3333 7920 3333 7921 3353 7922 3359 7923 3333 7924 3359 7925 3335 7926 3377 7927 3332 7928 3207 7929 3377 7930 3207 7931 3378 7932 3377 7913 3378 7933 3376 7912 1093 7934 3376 7935 1091 7936 1091 7936 3376 7935 3379 7937 1091 7938 3379 7939 3141 7940 1091 7941 3141 7942 1092 7943 3247 7910 1093 7911 1387 7944 3082 7945 3247 7946 1760 7947 1760 7947 3247 7946 1761 7948 3082 7949 1760 7950 1759 7951 3082 7949 1759 7951 3075 7952 3075 7952 1759 7951 3380 7953 3380 7953 1759 7951 1741 7954 1741 7955 1759 7956 1753 7957 3380 7953 1741 7954 1743 7958 3380 7953 1743 7958 2243 7959 2243 7960 1743 7961 2241 7962 3380 7953 2243 7959 1688 7963 3380 7953 1688 7963 2136 7964 2136 7965 1688 7966 2137 7967 2137 7967 1688 7966 1687 7968 2137 7967 1687 7968 2141 7969 2141 7969 1687 7968 3381 7970 3381 7970 1687 7968 3382 7971 3382 7971 1687 7968 3142 7972 3142 7972 1687 7968 1689 7973 3142 7972 1689 7973 1983 7974 1983 7975 1689 7976 1772 7977 3382 7971 3142 7972 3383 7978 3383 7978 3142 7972 3141 7979 3383 7978 3141 7979 3384 7980 3384 7980 3141 7979 3379 7981 3383 7978 3384 7980 3385 7982 3385 7982 3384 7980 3386 7983 3386 7983 3384 7980 3379 7981 3383 7978 3385 7982 3382 7971 3382 7971 3385 7982 3387 7984 3387 7984 3385 7982 3388 7985 3388 7985 3385 7982 3389 7986 3389 7986 3385 7982 3390 7987 3389 7986 3390 7987 3378 7988 3378 7989 3390 7990 3391 7991 3378 7989 3391 7991 3376 7992 3376 7992 3391 7991 3379 7993 3379 7994 3391 7995 3386 7996 3386 7997 3391 7998 3390 7999 3386 8000 3390 8001 3385 8002 3388 7985 3389 7986 3392 8003 3392 8003 3389 7986 3393 8004 3392 8003 3393 8005 3394 8006 3392 8003 3394 8006 3395 8007 3395 8007 3394 8006 3396 8008 3396 8008 3394 8006 1238 8009 1238 8010 3394 8011 1236 8012 1236 8012 3394 8011 3393 8013 1236 8014 3393 8015 3397 8016 3397 8016 3393 8017 3389 7986 3397 8016 3389 7986 3398 8018 3398 8018 3389 7986 3378 7988 3398 8018 3378 7988 3399 8019 3398 8018 3399 8019 3397 8016 3397 8016 3399 8019 1236 8014 1236 8014 3399 8019 3261 8020 3261 8020 3399 8019 3259 8021 3259 8021 3399 8019 3207 8022 3207 8022 3399 8019 3378 7988 3259 8021 3207 8022 3209 8023 3259 8024 3209 8025 3400 8026 3400 8026 3209 8025 3401 8027 3401 8028 3209 8029 3210 8030 3401 8031 3210 8032 3402 8033 3401 8031 3402 8033 3403 8034 3403 8034 3402 8033 3404 8035 3400 8026 3401 8027 3403 8036 3400 8026 3403 8036 3259 8037 1236 8014 3261 8020 1237 8038 3396 8039 1238 8040 3405 8041 3405 8042 1238 8043 3406 8044 3406 8044 1238 8043 3407 8045 3407 8045 1238 8043 1237 8046 3406 8044 3407 8045 3408 8047 3408 8047 3407 8045 3409 8048 3408 8047 3409 8048 3410 8049 3410 8049 3409 8048 1250 8050 3410 8049 1250 8050 3411 8051 3411 8051 1250 8050 1464 8052 3411 8053 1464 8054 3412 8055 3412 8056 1464 8057 3413 8058 3411 8053 3412 8055 3414 8059 3411 8053 3414 8059 3410 8060 3410 8061 3414 8062 3415 8063 3410 8064 3415 8065 3405 8066 3405 8066 3415 8065 3416 8067 3405 8068 3416 8069 3396 8008 3396 8008 3416 8069 3395 8007 3395 8007 3416 8069 3417 8070 3417 8070 3416 8069 3415 8071 3417 8070 3415 8071 3418 8072 3417 8070 3418 8072 2133 8073 2133 8073 3418 8072 3419 8074 3419 8074 3418 8072 3420 8075 3420 8075 3418 8072 3421 8076 3421 8076 3418 8072 3422 8077 3422 8077 3418 8072 3423 8078 3423 8078 3418 8072 3412 8079 3412 8079 3418 8072 3414 8080 3414 8080 3418 8072 3415 8081 3423 8082 3412 8083 3413 8084 3422 8077 3423 8085 3424 8086 3422 8077 3424 8086 3425 8087 3425 8087 3424 8086 3426 8088 3426 8088 3424 8086 3427 8089 3427 8089 3424 8086 3423 8090 3427 8089 3423 8090 3428 8091 3428 8092 3423 8093 3413 8094 3428 8092 3413 8094 1464 8095 3428 8096 1464 8097 1523 8098 3427 8089 3428 8091 3429 8099 3429 8099 3428 8091 1523 8100 3429 8099 1523 8101 3430 8102 3430 8102 1523 8101 3431 8103 3431 8104 1523 8105 1463 8106 3431 8103 1463 8107 3432 8108 3432 8108 1463 8107 3433 8109 3432 8108 3433 8109 3434 8110 3434 8111 3433 8109 3435 8112 3435 8112 3433 8109 1463 8107 3435 8113 1463 8114 1249 8115 3435 8113 1249 8115 3436 8116 3436 8116 1249 8115 1251 8117 3436 8116 1251 8117 3437 8118 3437 8118 1251 8117 3438 8119 3438 8119 1251 8117 3439 8120 3439 8120 1251 8117 3440 8121 3440 8121 1251 8117 3407 8122 3407 8122 1251 8117 3409 8123 3409 8123 1251 8117 1250 8124 3440 8121 3407 8122 1237 8125 3439 8120 3440 8121 3441 8126 3441 8126 3440 8121 3442 8127 3442 8127 3440 8121 3443 8128 3443 8128 3440 8121 3444 8129 3444 8129 3440 8121 842 8130 842 8130 3440 8121 1475 8131 1475 8131 3440 8121 1473 8132 1473 8132 3440 8121 1534 8133 1534 8133 3440 8121 3260 8134 3260 8135 3440 8136 1237 8137 1534 8138 3260 8139 3259 8140 1534 8141 3259 8142 3403 8143 1534 8144 3403 8145 1535 8146 3444 8129 842 8130 844 8147 3444 8129 844 8148 1437 8149 3444 8129 1437 8149 1535 8150 1535 8150 1437 8149 1533 8151 1533 8151 1437 8149 1438 8152 1533 8151 1438 8152 1534 8153 1534 8153 1438 8152 2416 8154 1534 8155 2416 8156 1473 8157 3444 8129 1535 8150 3445 8158 3445 8158 1535 8150 3404 8159 3404 8159 1535 8150 3403 8160 3444 8129 3445 8158 3446 8161 3444 8129 3446 8161 3447 8162 3444 8129 3447 8162 3448 8163 3448 8163 3447 8162 3449 8164 3449 8164 3447 8162 3450 8165 3449 8164 3450 8165 3451 8166 3449 8164 3451 8166 3452 8167 3449 8164 3452 8167 3107 8168 3107 8168 3452 8167 3453 8169 3107 8168 3453 8169 3454 8170 3107 8168 3454 8170 3455 8171 3107 8172 3455 8173 3456 8174 3456 8175 3455 8176 3457 8177 3457 8177 3455 8176 3458 8178 3457 8177 3458 8178 3459 8179 3457 8177 3459 8179 3460 8180 3457 8177 3460 8180 3461 8181 3461 8181 3460 8180 3462 8182 3462 8182 3460 8180 3463 8183 3463 8183 3460 8180 3464 8184 3463 8183 3464 8184 3465 8185 3463 8183 3465 8185 3466 8186 3466 8186 3465 8185 876 8187 3466 8186 876 8187 3467 8188 3467 8189 876 8190 875 8191 3467 8192 875 8193 981 8194 981 8195 875 8196 877 8197 981 8198 877 8199 3468 8200 3463 8183 3466 8186 967 8201 967 8201 3466 8186 965 8202 965 8202 3466 8186 978 8203 978 8203 3466 8186 3107 8204 3107 8204 3466 8186 3467 8205 3463 8183 967 8201 3469 8206 3469 8206 967 8201 3470 8207 3470 8207 967 8201 966 8208 3463 8183 3469 8206 3462 8182 3457 8177 3461 8181 3471 8209 3457 8177 3471 8209 3472 8210 3457 8177 3472 8210 3456 8211 3456 8211 3472 8210 1628 8212 3456 8213 1628 8214 3127 8215 3456 8216 3127 8217 978 8218 978 8218 3127 8217 3342 8219 3342 8219 3127 8217 3128 8220 978 8218 3342 8219 979 8221 3456 8222 978 8203 3107 8204 3448 8163 3449 8164 3473 8223 3473 8223 3449 8164 3474 8224 3474 8224 3449 8164 3475 8225 3475 8225 3449 8164 3108 6686 3108 6686 3449 8164 3107 6685 3448 8163 3473 8223 3476 8226 3448 8163 3476 8226 3443 8128 3448 8163 3443 8128 3444 8129 3434 8111 3435 8112 3477 8227 3434 8111 3477 8227 3478 8228 3434 8111 3478 8228 3467 8229 3467 8229 3478 8228 3107 6685 3107 6685 3478 8228 3479 8230 3107 6685 3479 8230 3105 6683 3434 8231 3467 8232 981 8233 3434 8234 981 8235 980 8236 3431 8103 3432 8108 3480 8237 3480 8237 3432 8108 3434 8238 3480 8237 3434 8239 980 8240 3480 8237 980 8240 3481 8241 3481 8242 980 8243 3482 8244 3481 8242 3482 8244 3483 8245 3483 8246 3482 8247 854 8248 854 8248 3482 8247 804 8249 804 8250 3482 8251 980 8252 3483 8246 854 8248 1043 8253 1043 8253 854 8248 1035 8254 1035 8255 854 8256 1036 8257 1036 8257 854 8256 3484 8258 3484 8258 854 8256 3485 8259 3485 8259 854 8256 806 1961 3485 8259 806 1961 3486 8260 3486 8260 806 1961 805 1960 3486 8260 805 1960 3487 8261 3486 8260 3487 8261 1393 8262 3486 8260 1393 8263 3485 8259 3484 8258 3485 8259 3488 8264 3488 8264 3485 8259 3489 8265 3489 8265 3485 8259 1393 8266 3489 8267 1393 8268 2999 8269 2999 8269 1393 8268 1398 8270 3489 8271 2999 8272 3490 8273 3490 8274 2999 8275 2998 8276 3490 8277 2998 8278 3491 8279 3491 8279 2998 8278 3492 8280 3492 8280 2998 8278 1754 8281 3492 8282 1754 8283 3493 8284 3492 8280 3493 8285 3494 8286 3494 8286 3493 8285 3495 8287 3495 8287 3493 8288 3496 8289 3496 8290 3493 8291 3497 8292 3495 8287 3496 8289 3498 8293 3498 8293 3496 8289 3499 8294 3499 8294 3496 8289 3497 8295 3499 8294 3497 8295 3500 8296 3500 8296 3497 8295 3501 8297 3501 8297 3497 8298 3502 8299 3501 8297 3502 8299 1000 8300 1000 8300 3502 8299 1001 8301 1001 8301 3502 8299 1208 8302 1208 8302 3502 8299 3503 8303 3503 8303 3502 8299 1749 8304 1749 8304 3502 8299 3346 8305 3346 8306 3502 8307 3497 8308 3346 8306 3497 8308 1756 8309 1756 8309 3497 8308 3493 8310 1756 8311 3493 8312 1754 8313 1208 8302 3503 8303 959 8314 959 8314 3503 8303 3504 8315 959 8314 3504 8315 3505 8316 959 8317 3505 8318 957 8319 957 8319 3505 8318 3506 8320 3506 8320 3505 8318 3507 8321 3506 8320 3507 8321 3508 8322 3506 8320 3508 8322 3509 8323 3506 8324 3509 8325 3510 8326 3510 8326 3509 8325 3511 8327 957 8319 3506 8320 3512 8328 957 8319 3512 8328 892 8329 892 8329 3512 8328 856 8330 856 8330 3512 8328 3513 8331 856 8332 3513 8333 3514 8334 856 8335 3514 8336 802 8337 802 8338 3514 8339 3515 8340 3515 8340 3514 8339 3516 8341 3515 8340 3516 8341 3517 8342 3517 8342 3516 8341 1496 8343 1496 8343 3516 8341 1494 8344 1494 8344 3516 8341 3518 8345 3518 8345 3516 8341 3514 8346 3518 8345 3514 8346 3519 8347 3519 8347 3514 8348 3513 8349 3519 8347 3513 8349 3520 8350 3520 8350 3513 8349 3512 8351 3520 8350 3512 8352 3521 8353 3521 8353 3512 8352 3506 8354 3521 8353 3506 8354 3510 8355 3521 8353 3510 8356 3522 8357 3522 8357 3510 8356 3511 8358 3522 8359 3511 8360 3523 8361 3523 8362 3511 8363 3524 8364 3524 8364 3511 8363 3525 8365 3525 8365 3511 8363 3509 8366 3525 8367 3509 8368 2966 8369 2966 8370 3509 8371 3508 8372 2966 8370 3508 8372 2964 8373 2964 8373 3508 8372 3507 8374 2964 8375 3507 8376 2963 8377 2963 8377 3507 8376 3505 8378 2963 8377 3505 8378 2993 8379 2993 8379 3505 8378 3504 8380 2993 8379 3504 8380 2990 8381 2990 8381 3504 8380 3503 8382 2990 8381 3503 8382 1748 3247 1748 3247 3503 8382 1749 3248 3525 8383 2966 8384 2968 8385 3525 8365 2968 8386 3524 8364 3524 8387 2968 8388 2970 8389 3524 8364 2970 8390 3526 8391 3526 8392 2970 8393 2973 8394 3526 8395 2973 8396 3527 8397 3527 8398 2973 8399 2995 8400 3526 8395 3527 8397 3528 8401 3528 8402 3527 8403 3529 8404 3529 8405 3527 8406 3530 8407 3529 8405 3530 8407 3531 8408 3531 8408 3530 8407 3532 8409 3532 8409 3530 8407 2975 8410 2975 8410 3530 8407 2995 8411 2995 8411 3530 8407 3527 8412 3532 8409 2975 8410 2976 8413 3532 8409 2976 8413 3533 8414 3533 8414 2976 8413 2979 8415 3533 8414 2979 8415 3534 8416 3534 8416 2979 8415 2981 8417 3534 8418 2981 8419 3535 8420 3535 8421 2981 8422 3536 8423 3536 8424 2981 8425 2985 8426 3536 8427 2985 8428 3537 8429 3537 8430 2985 8431 3538 8432 3538 8432 2985 8431 2996 8433 3538 8434 2996 8435 3539 8436 3539 8436 2996 8435 3540 8437 3540 8437 2996 8435 1398 8438 3540 8437 1398 8438 1392 8439 3540 8437 1392 8439 1584 8440 1584 8440 1392 8439 3541 8441 3541 8441 1392 8439 1394 8442 3541 8441 1394 8442 3542 8443 3542 8443 1394 8442 3487 8444 3487 8445 1394 8446 1393 8447 3542 8448 3487 8449 3543 8450 3543 8450 3487 8449 805 8451 3543 8450 805 8451 804 8452 3543 8453 804 8454 3468 8455 3468 8456 804 8457 981 8458 3541 8441 3542 8443 3544 8459 3544 8459 3542 8443 3545 8460 3545 8460 3542 8443 3543 8461 3545 8460 3543 8461 3546 8462 3546 8462 3543 8461 3468 8463 3546 8462 3468 8463 3547 8464 3547 8464 3468 8463 877 8465 3547 8464 877 8465 3548 8466 3548 8466 877 8465 876 8467 3548 8466 876 8467 3549 8468 3549 8468 876 8467 3550 8469 3550 8469 876 8467 3465 8470 3550 8469 3465 8470 2936 8471 2936 8472 3465 8473 1694 8474 1694 8475 3465 8476 3464 8477 1694 8475 3464 8477 3460 8478 1694 8475 3460 8478 1695 8479 1695 8479 3460 8478 3459 8480 1695 6678 3459 8481 3103 6676 3103 6676 3459 8481 3458 8482 3103 6676 3458 8482 2927 8483 2927 8483 3458 8482 3455 8484 2927 8483 3455 8484 2928 8485 2928 8485 3455 8484 3551 8486 3551 8487 3455 8488 3552 8489 3552 8489 3455 8488 3454 8490 3552 8489 3454 8490 3553 8491 3553 8491 3454 8490 3453 8492 3553 8491 3453 8492 3554 8493 3554 8493 3453 8492 3452 8494 3554 8493 3452 8494 3555 8495 3555 8495 3452 8494 3451 8496 3555 8495 3451 8496 3556 8497 3556 8497 3451 8496 3450 8498 3556 8497 3450 8498 3557 8499 3557 8499 3450 8498 3447 8500 3557 8499 3447 8500 3558 8501 3558 8501 3447 8500 3446 8502 3558 8501 3446 8502 3559 8503 3559 8503 3446 8502 3445 8504 3559 8503 3445 8504 3560 8505 3560 8505 3445 8504 3375 8506 3375 8506 3445 8504 3404 8507 3375 8506 3404 8507 3561 8508 3561 8508 3404 8507 3402 8509 3561 8508 3402 8509 3210 8510 3561 8508 3210 8510 3334 8511 3561 8508 3334 8511 3375 8506 3375 8506 3334 8511 3335 8512 3560 8505 3375 8506 3293 8513 3559 8503 3560 8505 3562 8514 3562 8514 3560 8505 3293 8513 3562 8514 3293 8513 3292 8515 3562 8514 3292 8515 986 8516 986 8516 3292 8515 982 8517 3562 8514 986 8516 985 8518 3562 8514 985 8518 3559 8503 3559 8503 985 8518 3558 8501 3558 8501 985 8518 3563 8519 3563 8519 985 8518 3367 8520 3367 8520 985 8518 982 8521 3563 8519 3367 8520 3317 8522 3563 8519 3317 8522 3318 8523 3558 8501 3563 8519 3318 8524 3557 8499 3558 8501 3318 8525 3556 8497 3557 8499 3318 8526 3555 8495 3556 8497 3319 8527 3319 8528 3556 8529 3318 8530 3554 8531 3555 8532 3319 8533 3552 8489 3553 8491 3564 8534 3564 8534 3553 8491 3565 8535 3565 8535 3553 8491 3554 8536 3565 8535 3554 8536 3566 8537 3566 8537 3554 8536 3319 8538 3566 8539 3319 8540 1710 8541 3566 8537 1710 3196 1712 3198 3566 8537 1712 3198 3035 8542 3035 8543 1712 8544 3033 8545 3033 8545 1712 8544 3032 8546 3032 8546 1712 8544 1711 8547 3032 8546 1711 8547 2691 8548 2691 8548 1711 8547 1052 8549 1052 8550 1711 8551 1051 8552 1051 8553 1711 8554 3372 7879 3372 7879 1711 8554 1710 8555 3372 7879 1710 8555 3317 7878 1051 8553 3372 7879 3371 8556 2691 8548 1052 8549 1938 8557 3032 8546 2691 8548 1726 8558 3032 8559 1726 8560 1725 8561 3566 8537 3035 8542 3565 8535 3565 8535 3035 8542 3224 8562 3565 8535 3224 8563 3564 8534 3564 8564 3224 8565 3567 8566 3564 8564 3567 8566 3551 8567 3551 8568 3567 8569 3568 8570 3552 8489 3564 8534 3551 8571 2928 8485 3551 8486 3568 8572 2928 8485 3568 8572 3569 8573 3569 8573 3568 8572 3570 8574 3570 8574 3568 8572 3567 8575 3570 8576 3567 8577 3242 8578 3242 8578 3567 8577 3224 8579 3242 8578 3224 8579 3571 8580 3242 8578 3571 8580 3086 8581 3086 8581 3571 8580 3085 8582 3085 8582 3571 8580 3572 8583 3572 8583 3571 8580 3220 8584 3220 8584 3571 8580 3224 8585 3220 8586 3224 8587 3221 8588 3572 8583 3220 8584 3573 8589 3573 8589 3220 8584 3222 8590 3572 8583 3573 8589 3574 8591 3574 8591 3573 8589 3239 8592 3239 8593 3573 8594 3222 8595 3574 8596 3239 8597 1599 8598 3574 8599 1599 8600 3575 8601 3575 8602 1599 8603 3576 8604 3576 8605 1599 8606 1598 8607 3576 8608 1598 8609 3577 8610 3577 8611 1598 8612 3578 8613 3578 8613 1598 8612 1608 8614 3578 8613 1608 8614 911 8615 911 8616 1608 8617 3225 8618 911 8619 3225 8620 3034 8621 3578 8622 911 8623 913 8624 3578 8625 913 8626 3577 8627 3572 8583 3574 8591 3085 8582 3085 8582 3574 8591 3575 8628 3085 8629 3575 8630 3576 8631 3085 8632 3576 8633 913 8626 913 8626 3576 8633 3577 8627 3242 8634 3086 8635 1152 8636 3242 8634 1152 8636 3579 8637 3579 8637 1152 8636 3580 8638 3580 8638 1152 8636 943 8639 943 8640 1152 8641 1154 8642 943 8643 1154 8644 941 8645 3242 8634 3579 8637 3581 8646 3581 8646 3579 8637 3582 8647 3582 8647 3579 8637 3583 8648 3583 8648 3579 8637 3580 8638 3583 8649 3580 8650 943 8651 3583 8652 943 8653 942 8654 3581 8646 3582 8647 3584 8655 3584 8655 3582 8647 3585 8656 3584 8655 3585 8656 1640 8657 3584 8655 1640 8657 3243 8658 3584 8655 3243 8658 3242 8659 3584 8655 3242 8634 3581 8646 3570 8574 3242 8660 3244 8661 3570 8574 3244 8661 3569 8573 3569 8573 3244 8661 2926 8662 2926 8663 3244 8664 3586 8665 2926 8666 3586 8667 3587 8668 2926 8666 3587 8668 2930 8669 2930 8669 3587 8668 1154 8644 1154 8644 3587 8668 3588 8670 3588 8670 3587 8668 3589 8671 3589 8671 3587 8668 1639 8672 1639 8672 3587 8668 3586 8667 1639 8673 3586 8674 3244 8675 1639 8676 3244 8677 1640 8678 3588 8670 3589 8671 3590 8679 3590 8679 3589 8671 3591 8680 3590 8679 3591 8680 942 8681 3590 8679 942 8681 941 8682 3588 8670 3590 8679 1154 8644 1154 8644 3590 8679 941 8645 2930 8669 1154 8644 3068 8683 3068 8684 1154 2418 1153 2417 2930 8669 3068 8683 2932 8685 2932 8685 3068 8683 3069 8686 2932 8685 3069 8686 2933 8687 2933 8687 3069 8686 3592 8688 3592 8688 3069 8686 3070 8689 3592 8690 3070 8691 3593 8692 3593 8692 3070 8693 3594 8694 3594 8694 3070 8693 3595 8695 3595 8695 3070 8693 3071 8696 3595 8695 3071 8696 3072 8697 3595 8695 3072 8697 3596 8698 3596 8698 3072 8697 3093 8699 3596 8698 3093 8699 3597 8700 3597 8700 3093 8699 3598 8701 3598 8701 3093 8699 3599 8702 3599 8702 3093 8699 3600 8703 3600 8703 3093 8699 3073 8704 3600 8703 3073 8704 3601 8705 3601 8705 3073 8704 3074 8706 3601 8705 3074 8706 2136 8707 2136 8708 3074 8709 3075 8710 2136 8711 3075 7952 3380 7953 3601 8705 2136 8712 2138 8713 2143 8714 2141 7969 3381 7970 2143 8714 3381 7970 3602 8715 3602 8715 3381 7970 3603 8716 3603 8717 3381 7970 3604 8718 3604 8718 3381 7970 3605 8719 3605 8719 3381 7970 3382 7971 3605 8719 3382 7971 3606 8720 3606 8721 3382 7971 3607 8722 3607 8722 3382 7971 3387 7984 3607 8722 3387 7984 3395 8007 3395 8007 3387 7984 3392 8003 3392 8003 3387 7984 3388 7985 3607 8722 3395 8007 3608 8723 3608 8723 3395 8007 3417 8070 3608 8723 3417 8070 1630 8724 1630 8725 3417 8070 1757 8726 1757 8726 3417 8070 2133 8073 3609 8727 3420 8075 3421 8076 3609 8727 3421 8076 2101 8728 2101 8728 3421 8076 2099 8729 2099 8729 3421 8076 3610 8730 3610 8730 3421 8076 3422 8077 3610 8730 3422 8077 3425 8087 3610 8730 3425 8087 3611 8731 3611 8731 3425 8087 3612 8732 3612 8732 3425 8087 3613 8733 3613 8733 3425 8087 3426 8088 3613 8733 3426 8088 3614 8734 3614 8734 3426 8088 3427 8089 3614 8734 3427 8089 3429 8099 3614 8734 3429 8099 3430 8102 3614 8734 3430 8102 3481 8241 3481 8241 3430 8102 3480 8237 3480 8237 3430 8102 3431 8103 3614 8734 3481 8241 3615 8735 3615 8735 3481 8241 3616 8736 3616 8736 3481 8241 3483 8737 3617 8738 3483 8246 1043 8253 3617 8738 1043 8253 3279 8739 1033 8740 1035 8741 1036 8742 1036 8743 3484 8744 1037 8745 1037 8746 3484 8747 3618 8748 3618 8748 3484 8747 3488 8749 3490 8750 3491 8279 3498 8293 3498 8293 3491 8279 3492 8280 3498 8293 3492 8280 3494 8286 3498 8293 3494 8286 3495 8287 3490 8750 3498 8293 3489 8751 3489 8751 3498 8293 3488 8752 3488 8752 3498 8293 3619 8753 3619 8753 3498 8293 3620 8754 3620 8754 3498 8293 3499 8294 3620 8754 3499 8294 3621 8755 3621 8755 3499 8294 3622 8756 3622 8756 3499 8294 1170 8757 1170 8757 3499 8294 3623 8758 3623 8758 3499 8294 3500 8296 3623 8758 3500 8296 3624 8759 3624 8759 3500 8296 3501 8297 3624 8759 3501 8297 3625 8760 3625 8760 3501 8297 3626 8761 3626 8761 3501 8297 1000 8300 3626 8762 1000 8763 2249 8764 2249 8764 1000 8763 999 8765 3627 8766 802 8338 3515 8340 3627 8766 3515 8340 3624 8767 3624 8767 3515 8340 3628 8768 3628 8768 3515 8340 3629 8769 3629 8769 3515 8340 3517 8342 3629 8769 3517 8342 1496 8343 3629 8769 1496 8343 1425 8770 1495 8771 1494 8344 3630 8772 3630 8772 1494 8344 3518 8345 3630 8772 3518 8345 3631 8773 3631 8773 3518 8345 3519 8347 3631 8773 3519 8347 3632 8774 3632 8774 3519 8347 3633 8775 3633 8775 3519 8347 3520 8350 3633 8775 3520 8350 3634 8776 3634 8776 3520 8350 3635 8777 3635 8777 3520 8350 3636 8778 3636 8778 3520 8350 3521 8353 3636 8778 3521 8353 3522 8357 3636 8778 3522 8357 3637 8779 3637 8779 3522 8357 3638 8780 3638 8781 3522 8782 3523 8783 3639 8784 3523 8362 3524 8364 3639 8784 3524 8364 3528 8785 3528 8785 3524 8364 3526 8391 3640 8786 3528 8787 3529 8788 3640 8786 3529 8788 3641 8789 1766 8790 3531 8408 3532 8409 1766 8790 3532 8409 3533 8414 1766 8790 3533 8414 1773 8791 1773 8791 3533 8414 3534 8416 1773 8791 3534 8416 1763 8792 1763 8792 3534 8416 3535 8793 3642 8794 3539 8795 3540 8437 3642 8794 3540 8437 1584 8440 3642 8794 1584 8440 1586 8796 1585 8797 1584 8440 3541 8441 1585 8797 3541 8441 3643 8798 3643 8798 3541 8441 3544 8459 3643 8798 3544 8459 3644 8799 3644 8799 3544 8459 3545 8460 3644 8799 3545 8460 3645 8800 3645 8800 3545 8460 1690 8801 1690 8801 3545 8460 3546 8462 1690 8801 3546 8462 1691 8802 1691 8803 3546 8462 3646 8804 3646 8804 3546 8462 3647 8805 3647 8805 3546 8462 3547 8464 3647 8805 3547 8464 3648 8806 3648 8806 3547 8464 3649 8807 3649 8807 3547 8464 3650 8808 3650 8808 3547 8464 3651 8809 3651 8809 3547 8464 3548 8466 3651 8809 3548 8466 3652 8810 3652 8810 3548 8466 3549 8468 3652 8810 3549 8468 3653 8811 3653 8811 3549 8468 2933 8812 2933 8813 3549 8468 2934 8814 2934 8814 3549 8468 3550 8469 2934 8814 3550 8469 2936 8471 2926 8662 2928 8485 3569 8573 3653 8811 2933 8815 3592 8690 3653 8811 3592 8690 3593 8692 3653 8811 3593 8692 3654 8816 3654 8816 3593 8692 3655 8817 3655 8817 3593 8692 3594 8694 3655 8817 3594 8694 3656 8818 3656 8819 3594 8694 3657 8820 3657 8820 3594 8694 3595 8695 3657 8820 3595 8695 3658 8821 3658 8821 3595 8695 3596 8698 3658 8821 3596 8698 3597 8700 3658 8821 3597 8700 3659 8822 3659 8822 3597 8700 3598 8701 3659 8822 3598 8701 2384 8823 2384 8823 3598 8701 2383 8824 2383 8824 3598 8701 3599 8825 3660 8826 3599 8702 3600 8703 3660 8826 3600 8703 3661 8827 3661 8827 3600 8703 2158 8828 2158 8829 3600 8703 2138 8713 2138 8713 3600 8703 3601 8705 3662 8830 3660 8826 3661 8827 3662 8830 3661 8827 3663 8831 3663 8831 3661 8827 2157 8832 2157 8833 3661 8834 2158 8835 3663 8831 2157 8832 3664 8836 3664 8837 2157 8838 2156 8839 3664 8840 2156 8841 3311 8842 3311 8842 2156 8841 2155 8843 3662 8830 3663 8831 3664 8844 3662 8845 3664 8846 2087 8847 2087 8848 3664 8849 3311 8850 2087 8848 3311 8850 2088 8851 2088 8851 3311 8850 3310 8852 2088 8853 3310 8854 2091 8855 2091 8856 3310 8857 3309 8858 2088 8859 2091 8860 2089 8861 3665 8862 3656 8863 2154 4154 2154 4154 3656 8863 1075 2643 1075 2643 3656 8863 3657 8820 1075 2643 3657 8820 1311 2644 1311 2644 3657 8820 3658 8821 1311 2644 3658 8821 3666 8864 3666 8865 3658 8821 3659 8822 1311 8866 3666 8867 1073 8868 1073 8869 3666 8870 2117 8871 3665 8862 2154 4154 2153 4153 3665 8862 2153 4153 3667 8872 3667 8873 2153 8874 2151 8875 3667 8876 2151 8877 2150 8878 3667 8879 2150 8880 3668 8881 3666 8865 3659 8822 2384 8823 3666 8882 2384 8883 2117 8884 2117 8885 2384 8886 2107 8887 2086 8888 2383 8889 3599 8890 2086 8891 3599 8892 2085 8893 2085 8893 3599 8892 3660 8894 2085 8893 3660 8894 3662 8895 2085 8896 3662 8897 2087 8898 2145 8899 2143 8714 3669 8900 3669 8900 2143 8714 3602 8715 3669 8901 3602 8715 3670 8902 3670 8902 3602 8715 3603 8716 3670 8903 3603 8904 3671 8905 3671 8906 3603 8907 3672 8908 3672 8909 3603 8910 3604 8911 2266 8912 1585 8913 3643 8798 2266 8912 3643 8798 3673 8914 3673 8914 3643 8798 3674 8915 3674 8915 3643 8798 3644 8799 3674 8915 3644 8799 3675 8916 3675 8916 3644 8799 3645 8800 3675 8916 3645 8800 3676 8917 3676 8917 3645 8800 3677 8918 3677 8918 3645 8800 1690 8801 3677 8918 1690 8801 3097 8919 3097 8920 1690 8921 1692 8922 3677 8918 3097 8923 3096 8924 3677 8918 3096 8924 3095 8925 3677 8918 3095 8925 3676 8917 3676 8917 3095 8925 3678 8926 3678 8927 3095 8928 1072 8929 3676 8917 3678 8926 3679 8930 3679 8930 3678 8926 3680 8931 3680 8931 3678 8926 3104 8932 3104 8933 3678 8934 1072 8935 3104 8936 1072 8937 1120 8938 3680 8939 3104 8940 1131 8941 3680 8939 1131 8941 2941 8942 2941 8942 1131 8941 2940 8943 3680 8939 2941 8942 2783 8944 3680 8931 2783 8945 3681 8946 3681 8946 2783 8945 3682 8947 3682 8947 2783 8945 1683 8948 3682 8947 1683 8948 3683 8949 3683 8949 1683 8948 1682 8950 3683 8949 1682 8950 3684 8951 3683 8949 3684 8951 1729 8952 1729 8952 3684 8951 1727 8953 1727 8954 3684 8955 1728 8956 1728 8957 3684 8958 3246 8959 3683 8949 1729 8952 3685 8960 3685 8960 1729 8952 3686 8961 3686 8961 1729 8952 3687 8962 3687 8962 1729 8952 1728 8963 3687 8962 1728 8964 3688 8965 3688 8965 1728 8964 3689 8966 3689 8966 1728 8964 2401 8967 3689 8966 2401 8967 3690 8968 3690 8968 2401 8967 3691 8969 3691 8969 2401 8967 2403 8970 3691 8969 2403 8970 3692 8971 3692 8971 2403 8970 2406 8972 3692 8971 2406 8972 2939 8973 3689 8966 3690 8968 3693 8974 3689 8966 3693 8974 1545 8975 1545 8975 3693 8974 3013 8976 1545 8977 3013 8978 3218 8979 3218 8979 3013 8978 1364 8980 3688 8965 3689 8966 1544 8981 1544 8981 3689 8966 1545 8982 3688 8965 1544 8981 3694 8983 3694 8984 1544 8985 1543 8986 3688 8965 3694 8983 3695 8987 3695 8987 3694 8983 1650 8988 3695 8987 1650 8988 1652 8989 3695 8987 1652 8989 3696 8990 3696 8990 1652 8989 1876 8991 3696 8990 1876 8991 3697 8992 3697 8992 1876 8991 1875 8993 3697 8992 1875 8993 3698 8994 3698 8994 1875 8993 3699 8995 3699 8995 1875 8993 1874 8996 3699 8995 1874 8996 3700 8997 3700 8997 1874 8996 1873 8998 3700 8997 1873 8999 3701 9000 3701 9000 1873 8999 920 9001 3701 9000 920 9001 3702 9002 3702 9002 920 9001 919 9003 3702 9002 919 9004 3703 9005 3703 9005 919 9004 3704 9006 3704 9006 919 9004 1869 9007 3703 9005 3704 9006 3117 9008 3117 9008 3704 9006 1868 9009 1868 9010 3704 9006 1869 9007 3703 9005 3117 9008 3116 9011 3703 9005 3116 9012 3705 9013 3705 9013 3116 9012 3706 9014 3705 9013 3706 9014 3707 9015 3707 9015 3706 9014 2214 9016 3707 9015 2214 9016 3708 9017 3708 9017 2214 9018 3709 9019 3709 9019 2214 9018 2215 9020 3709 9019 2215 9020 3710 9021 3710 9021 2215 9020 3711 9022 3709 9019 3710 9021 3712 9023 3712 9023 3710 9024 3713 9025 3712 9023 3713 9025 3714 9026 3714 9026 3713 9025 3715 9027 3715 9028 3713 9025 3716 9029 3716 9029 3713 9025 3710 9024 3716 9029 3710 9030 3711 9031 3716 9029 3711 9031 3717 9032 3717 9032 3711 9031 3718 9033 3718 9033 3711 9031 1503 9034 1503 9034 3711 9031 3719 9035 3719 9035 3711 9031 2208 9036 2208 9037 3711 9038 2210 9039 2210 9039 3711 9038 2215 9040 3719 9041 2208 9042 1501 9043 3719 9035 1501 9044 1503 9034 3718 9033 1503 9034 1564 9045 1564 2995 1503 2991 1562 2993 3718 9033 1564 9045 3717 9032 3717 9032 1564 9045 1571 9046 3717 9032 1571 9046 3720 9047 3717 9032 3720 9047 3721 9048 3717 9032 3721 9048 3722 9049 3717 9032 3722 9049 3723 9050 3723 9050 3722 9049 3724 9051 3723 9050 3724 9051 3725 9052 3725 9052 3724 9051 3726 9053 3725 9052 3726 9053 1633 9054 1633 9054 3726 9053 1634 9055 1634 9055 3726 9053 3727 9056 3725 9052 1633 9054 3728 9057 3728 9057 1633 9054 1632 9058 3725 9052 3728 9057 3729 9059 3725 9052 3729 9059 3723 9050 3723 9050 3729 9059 3715 9028 3723 9050 3715 9028 3717 9032 3717 9032 3715 9028 3716 9029 3712 9023 3714 9026 3708 9017 3708 9017 3714 9026 3730 9060 3730 9060 3714 9026 3715 9061 3730 9060 3715 9061 2852 9062 2852 9062 3715 9061 3731 9063 3731 9063 3715 9061 3729 9064 3731 9063 3729 9064 3732 9065 3731 9063 3732 9065 2851 9066 2851 9067 3732 9068 2858 9069 2858 9070 3732 9071 3733 9072 2858 9070 3733 9072 1255 9073 1255 9074 3733 9072 1416 9075 1416 9075 3733 9072 3728 9076 3728 9076 3733 9072 3732 9071 3728 9077 3732 9078 3729 9079 1416 9075 3728 9076 1632 9080 1255 9081 1416 9082 1122 9083 3731 9063 2851 9066 2852 9062 3730 9060 2852 9062 3734 9084 3734 9084 2852 9062 2853 9085 3734 9084 2853 9085 2859 9086 3734 9084 2859 9086 3735 9087 3735 9087 2859 9086 1329 9088 3735 9087 1329 9088 3736 9089 3736 9089 1329 9088 3737 9090 3737 9091 1329 9092 1322 9093 3737 9091 1322 9093 1328 9094 3737 9090 1328 9095 3736 9089 3730 9060 3734 9084 3708 9017 3708 9017 3734 9084 3707 9015 3707 9015 3734 9084 3705 9013 3705 9013 3734 9084 3702 9002 3702 9002 3734 9084 3735 9096 3702 9002 3735 9096 3738 9097 3738 9097 3735 9096 3700 8997 3700 8997 3735 9096 3739 9098 3739 9098 3735 9099 3740 9100 3739 9098 3740 9100 3741 9101 3741 9101 3740 9100 3742 9102 3742 9102 3740 9100 3743 9103 3743 9103 3740 9100 3744 9104 3744 9104 3740 9100 3736 9105 3736 9105 3740 9100 3735 9106 3743 9103 3744 9104 3745 9107 3743 9103 3745 9107 1513 9108 1513 9108 3745 9107 3746 9109 3746 9109 3745 9107 3747 9110 3747 9110 3745 9107 1601 9111 3747 9110 1601 9111 1600 9112 3746 9109 3747 9110 3748 9113 3748 9113 3747 9110 3749 9114 3749 9114 3747 9110 1600 9115 3749 9114 1600 9115 3750 9116 3750 9116 1600 9115 3751 9117 3751 9118 1600 9119 3752 9120 3752 9120 1600 9119 3753 9121 3753 9121 1600 9119 1404 9122 1404 9123 1600 9124 1405 9125 3753 9121 1404 9122 3754 9126 3754 9126 1404 9122 3755 9127 3755 9127 1404 9122 3756 9128 3756 9128 1404 9122 3757 9129 3757 9129 1404 9122 3758 9130 3758 9130 1404 9122 2297 9131 2297 9131 1404 9122 3759 9132 3759 9132 1404 9122 1406 9133 3759 9132 1406 9133 3760 9134 3760 9134 1406 9133 1441 9135 1441 9135 1406 9133 3761 9136 1441 9137 3761 9138 1427 9139 3760 9134 1441 9135 2827 9140 3760 9134 2827 9140 3762 9141 3762 9141 2827 9140 2826 9142 3762 9141 2826 9142 2023 9143 3762 9141 2023 9143 3763 9144 3763 9144 2023 9143 1027 9145 1027 9145 2023 9143 891 9146 891 9146 2023 9143 1002 9147 891 9148 1002 9149 859 9150 859 9150 1002 9149 903 9151 859 9150 903 9151 857 9152 857 9152 903 9151 3764 9153 3764 9153 903 9151 1427 9154 3764 9153 1427 9154 3761 9155 3764 9153 3761 9155 1231 9156 1231 9156 3761 9155 1459 9157 1459 9157 3761 9155 3765 9158 3765 9158 3761 9155 3766 9159 3766 9159 3761 9155 1254 9160 1254 9160 3761 9155 1252 9161 1252 9161 3761 9155 3767 9162 3767 9162 3761 9155 2795 9163 2795 9163 3761 9155 1406 9164 2795 9163 1406 9164 2790 9165 2790 9165 1406 9164 1405 9166 3767 9162 2795 9163 1252 9161 1252 9161 2795 9163 2794 9167 1252 9161 2794 9167 3768 9168 1252 9161 3768 9168 3769 9169 3769 9169 3768 9168 994 9170 994 9171 3768 9172 995 9173 1252 9161 3769 9169 1253 9174 3764 9153 1231 9156 930 9175 3764 9153 930 9175 1144 9176 1144 9176 930 9175 834 9177 1144 9176 834 9177 878 9178 1144 9176 878 9178 2723 9179 2723 9179 878 9178 863 9180 1144 9181 2723 9182 1025 9183 3764 9153 1144 9176 1140 9184 3764 9153 1140 9184 857 9152 857 9152 1140 9184 1157 9185 1157 9185 1140 9184 1029 9186 1029 9186 1140 9184 2937 9187 1029 9186 2937 9187 1027 9188 1027 9189 2937 9190 3770 9191 3770 9192 2937 9193 3771 9194 3771 9194 2937 9193 2894 9195 3771 9194 2894 9195 3772 9196 3772 9196 2894 9195 1567 9197 3772 9196 1567 9197 1388 9198 3772 9196 1388 9198 1668 9199 1668 9199 1388 9198 1642 9200 1642 9200 1388 9198 1641 9201 1641 9201 1388 9198 2735 9202 1641 9201 2735 9202 1620 9203 1620 9203 2735 9202 2733 9204 1620 9205 2733 9206 1589 9207 1589 9207 2733 9206 862 9208 862 9208 2733 9206 2298 9209 862 9210 2298 9211 2295 9212 862 9210 2295 9212 860 9213 860 9214 2295 9215 937 9216 937 9216 2295 9215 2297 9131 937 9216 2297 9131 3773 9217 3773 9217 2297 9131 3759 9132 3773 9217 3759 9132 2767 9218 2767 9218 3759 9132 2769 9219 2769 9219 3759 9132 3760 9134 2769 9219 3760 9134 2771 9220 2771 9220 3760 9134 3762 9141 2771 9221 3762 9222 2773 9223 2773 9223 3762 9222 3763 9224 3774 9225 3763 9226 1027 9189 3774 9225 1027 9189 3770 9191 3775 9227 3771 9194 3772 9196 3775 9227 3772 9196 1668 9199 1655 9228 1668 9199 1642 9200 1655 9228 1642 9200 1653 9229 1587 9230 1589 9231 862 9232 1587 9230 862 9232 1014 9233 3206 9234 937 9216 3773 9217 3206 9234 3773 9217 3776 9235 3776 9236 3773 9217 2766 9237 2766 9237 3773 9217 2767 9218 3777 9238 2773 9239 3763 9240 3777 9241 3763 9242 3778 9243 3778 9244 3763 9245 3774 9246 3779 9247 3778 9248 3774 9249 3779 9247 3774 9249 3770 9250 3779 9251 3770 9252 3780 9253 3780 9254 3770 9255 969 9256 969 9257 3770 9258 3771 9259 969 9260 3771 9261 3775 9262 1653 9263 3776 9264 2764 9265 2764 9266 3776 9236 2766 9237 1653 9267 2764 9268 1654 9269 3781 9270 3206 9234 3776 9235 3781 9270 3776 9235 1653 9271 1636 9272 1587 9230 1014 9233 1636 9272 1014 9233 1645 9273 1645 9273 1014 9233 1016 9274 1645 9273 1016 9274 1642 9275 1642 9275 1016 9274 1653 9276 1653 9276 1016 9274 3782 9277 3782 9278 1016 9279 1015 9280 3782 9278 1015 9280 3783 9281 3783 9281 1015 9280 3205 9282 3205 9282 1015 9280 1631 9283 1631 9283 1015 9280 1014 9284 3205 9282 1631 9283 950 9285 950 9285 1631 9283 861 9286 861 9286 1631 9283 862 9287 3758 9130 2297 9131 2292 9288 3758 9289 2292 9290 2291 9291 3758 9130 2291 9292 3757 9129 3757 9129 2291 9292 3784 9293 3784 9293 2291 9294 3785 9295 3784 9293 3785 9295 3786 9296 3786 9296 3785 9295 3787 9297 3787 9297 3785 9295 3788 9298 3787 9299 3788 9300 3789 9301 3789 9301 3788 9302 3790 9303 3789 9301 3790 9303 3791 9304 3791 9304 3790 9303 3792 9305 3792 9305 3790 9303 3793 9306 3793 9306 3790 9303 906 9307 906 9308 3790 9309 3788 9310 906 9311 3788 9312 3794 9313 3794 9314 3788 9315 3785 9316 3794 9314 3785 9316 2291 9317 3794 9314 2291 9317 2264 9318 3794 9314 2264 9318 907 9319 3794 9314 907 9319 906 9320 3793 9306 906 9307 3125 9321 3793 9306 3125 9321 3795 9322 3795 9322 3125 9321 3124 9323 3795 9322 3124 9324 3796 9325 3796 9325 3124 9324 3797 9326 3797 9326 3124 9327 2266 9328 2266 9328 3124 9327 2265 9329 2265 9329 3124 9327 905 9330 3797 9326 2266 9328 3673 8914 3797 9326 3673 8914 3798 9331 3798 9331 3673 8914 3799 9332 3799 9332 3673 8914 3674 8915 3799 9332 3674 8915 3675 8916 3799 9332 3675 8916 3676 8917 3799 9332 3676 8917 3679 8930 3799 9332 3679 8930 3798 9331 3798 9331 3679 8930 3681 8946 3681 8946 3679 8930 3680 8931 3798 9331 3681 8946 2218 9333 2218 9333 3681 8946 3682 8947 2218 9333 3682 8947 3341 9334 3341 9334 3682 8947 3683 8949 3341 9335 3683 8949 3800 9336 3800 9336 3683 8949 3685 8960 3800 9336 3685 8960 3801 9337 3801 9337 3685 8960 3802 9338 3802 9338 3685 8960 3686 9339 3802 9340 3686 9341 3803 9342 3804 9343 3686 8961 3805 9344 3805 9344 3686 8961 3687 8962 3805 9344 3687 8962 3806 9345 3806 9345 3687 8962 3688 8965 3806 9345 3688 8965 3807 9346 3807 9346 3688 8965 3695 8987 3807 9346 3695 8987 3808 9347 3808 9347 3695 8987 3809 9348 3809 9348 3695 8987 3696 8990 3809 9348 3696 8990 3810 9349 3810 9349 3696 8990 3697 8992 3810 9349 3697 8992 1514 9350 1514 9351 3697 8992 3698 8994 3699 8995 3700 8997 3739 9098 3699 8995 3739 9098 3741 9101 3699 8995 3741 9101 1514 9352 1514 9353 3741 9101 3742 9102 1514 9354 3742 9102 1515 9355 1515 9355 3742 9102 3743 9103 1514 9356 1513 9108 3746 9109 1514 9356 3746 9109 3811 9357 3811 9357 3746 9109 3748 9113 3811 9357 3748 9113 3812 9358 3812 9358 3748 9113 3749 9114 3812 9358 3749 9114 3750 9116 3812 9358 3750 9116 3813 9359 3813 9359 3750 9116 3751 9117 3813 9359 3751 9117 3814 9360 3815 9361 3751 9118 3816 9362 3816 9362 3751 9118 3752 9120 3816 9362 3752 9120 3817 9363 3817 9363 3752 9120 3753 9121 3817 9363 3753 9121 3818 9364 3818 9364 3753 9121 3754 9126 3818 9365 3754 9126 3819 9366 3819 9366 3754 9126 3755 9127 3819 9366 3755 9127 3756 9128 3819 9367 3756 9368 3820 9369 3820 9369 3756 9368 3821 9370 3821 9370 3756 9368 3822 9371 3822 304 3756 304 3823 304 3823 304 3756 304 3757 304 3823 9372 3757 9373 2230 9374 2230 9375 3757 9129 3784 9293 2230 9375 3784 9293 3824 9376 3824 9376 3784 9293 3786 9296 3824 9376 3786 9296 3787 9297 3824 9376 3787 9297 3825 9377 3826 9378 3787 9299 3827 9379 3827 9379 3787 9299 3789 9301 3827 9379 3789 9301 2221 9380 2221 9380 3789 9301 3791 9304 2221 9380 3791 9304 3828 9381 3828 9381 3791 9304 3796 9325 3796 9325 3791 9304 3792 9305 3796 9325 3792 9305 3795 9322 3795 9322 3792 9305 3793 9306 3828 9381 3796 9325 3797 9326 3828 9381 3797 9326 3829 9382 3829 9382 3797 9326 3798 9331 3829 9382 3798 9331 2218 9333 3829 9382 2218 9333 2219 9383 1228 9384 2218 9333 3340 9385 3340 9385 2218 9333 3341 9334 3830 9386 3826 9387 2220 9388 2220 9389 3826 9390 3827 9379 2220 9389 3827 9379 2221 9380 3830 9391 2220 9392 1230 9393 3830 9391 1230 9393 2222 9394 3830 9391 2222 9394 3825 9395 3825 9396 2222 9397 2229 9398 3825 9399 2229 9400 3824 9401 3824 9401 2229 9400 2230 9402 3830 9391 3825 9395 3826 9403 3826 9404 3825 9405 3787 9406 2219 9407 2221 9380 3828 9381 2219 9383 3828 9381 3829 9382 1243 9408 3341 9409 1244 9410 1244 9411 3341 9335 3831 9412 3831 9412 3341 9335 3800 9336 3831 9412 3800 9336 3801 9337 3831 9413 3801 9414 3832 9415 3832 9415 3801 9416 3833 9417 3833 9417 3801 9416 3803 9418 3803 9419 3801 9420 3802 9421 3834 9422 3819 9423 3835 9424 3835 9424 3819 9423 3836 9425 3836 9426 3819 9367 3820 9369 3836 9427 3820 9369 3837 9428 3837 9428 3820 9369 3838 9429 3838 9429 3820 9369 3821 9370 3838 9429 3821 9370 2571 9430 2571 9431 3821 9370 2228 9432 2228 9432 3821 9370 3822 9371 2228 9433 3822 9434 2230 9374 2230 9374 3822 9434 3823 9372 2228 9433 2230 9374 2225 9435 3837 9428 3838 9429 3839 9436 3839 9436 3838 9429 2571 9430 3839 9436 2571 9430 2570 9437 3839 9438 2570 9439 3840 9440 3840 9441 2570 9442 2572 9443 3840 9441 2572 9443 1244 9444 3840 9440 1244 9445 3831 9413 3840 9440 3831 9413 3832 9415 3840 9440 3832 9415 3841 9446 3841 9446 3832 9415 3833 9417 3841 9446 3833 9417 3842 9447 3842 9447 3833 9417 3843 9448 3843 9448 3833 9417 3803 9418 3843 9448 3803 9449 3844 9450 3843 9448 3844 9450 3842 9447 3842 9447 3844 9450 3835 9424 3835 9424 3844 9450 3834 9422 3834 9451 3844 9452 3845 9453 3845 9454 3844 9455 3803 9456 3842 9447 3835 9424 3836 9457 3842 9447 3836 9458 3841 9446 3841 9446 3836 9458 3839 9438 3839 9436 3836 9459 3837 9428 3841 9446 3839 9438 3840 9440 3686 9460 3804 9343 3846 9461 3846 9461 3804 9343 3847 9462 3847 9462 3804 9343 3848 9463 3848 9463 3804 9343 3849 9464 3849 9464 3804 9343 3805 9344 3849 9464 3805 9344 3806 9345 3849 9464 3806 9345 3815 9361 3850 9465 3806 9345 3807 9346 3850 9465 3807 9346 3808 9347 3850 9465 3808 9347 3815 9466 3815 9466 3808 9347 3814 9360 3814 9360 3808 9347 3813 9359 3813 9359 3808 9347 3812 9358 3812 9358 3808 9347 3809 9348 3812 9358 3809 9348 3810 9349 3812 9358 3810 9349 3811 9357 3811 9357 3810 9349 1514 9467 3849 9464 3815 9361 3816 9362 3849 9464 3816 9362 3851 9468 3851 9469 3816 9362 3817 9363 3852 9470 3818 9471 3853 9472 3853 9472 3818 9365 3834 9473 3834 9473 3818 9365 3819 9366 3853 9472 3834 9473 3845 9474 3853 9472 3845 9474 3854 9475 3854 9475 3845 9474 3846 9476 3846 9476 3845 9474 3803 9477 3846 9478 3803 9342 3686 9341 3854 9479 3846 9461 3847 9462 3854 9480 3847 9462 3848 9463 3854 9480 3848 9463 3851 9481 3851 9468 3848 9463 3849 9464 3852 9482 3854 9483 3851 9484 3852 9485 3851 9486 3818 9487 3818 9488 3851 9489 3817 9490 3854 9475 3852 9470 3853 9472 3698 8994 3699 8995 1514 9351 3738 9097 3700 8997 3701 9000 3738 9097 3701 9000 3702 9002 3705 9013 3702 9002 3703 9005 3712 9023 3708 9017 3709 9019 1691 9491 3646 8804 3855 9492 3855 9492 3646 8804 3647 8805 3855 9492 3647 8805 3856 9493 3856 9493 3647 8805 3648 8806 3856 9493 3648 8806 3857 9494 3857 9494 3648 8806 3668 9495 3668 9495 3648 8806 3649 8807 3668 9495 3649 8807 3667 9496 3667 9496 3649 8807 3665 9497 3665 9497 3649 8807 3650 8808 3665 9497 3650 8808 3656 8818 3656 8818 3650 8808 3655 8817 3655 8817 3650 8808 3651 8809 3655 8817 3651 8809 3654 8816 3654 8816 3651 8809 3652 8810 3654 8816 3652 8810 3653 8811 3857 9494 3668 9495 3858 9498 3858 9498 3668 9495 2150 9499 3858 9498 2150 9499 2148 9500 3858 9498 2148 9500 3195 9501 3195 9501 2148 9500 3193 9502 3193 9502 2148 9500 2147 9503 3193 9502 2147 9503 2145 9504 3193 9505 2145 9506 3191 9507 3191 9508 2145 9509 3669 9510 3858 9498 3195 9501 3859 9511 3858 9498 3859 9511 3857 9494 3857 9494 3859 9511 3860 9512 3860 9512 3859 9511 3196 9513 3196 9514 3859 9515 3195 9516 3860 9512 3196 9513 3197 6956 3860 9512 3197 6956 3861 9517 3861 9517 3197 6956 3862 9518 3862 9518 3197 6956 3863 9519 3863 9519 3197 6956 3194 6955 3863 9519 3194 9520 3864 9521 3864 9521 3194 9520 3192 9522 3864 9521 3192 9522 3865 9523 3865 9523 3192 9522 3191 9524 3864 9521 3865 9523 3866 9525 3866 9525 3865 9523 3671 9526 3671 9527 3865 9528 3670 9529 3670 9529 3865 9528 3669 9530 3669 9530 3865 9528 3191 9531 3864 9521 3866 9525 3867 9532 3864 9521 3867 9532 1102 2349 1102 2349 3867 9532 2396 9533 1102 2349 2396 9533 1100 2347 1100 2347 2396 9533 2393 9534 3864 9521 1102 2349 3863 9519 3863 9519 1102 2349 3868 9535 3868 9535 1102 2349 3869 9536 3869 9536 1102 2349 1190 9537 3869 9536 1190 9537 2362 9538 2362 9538 1190 9537 1101 9539 3869 9536 2362 9538 3870 9540 3870 9540 2362 9538 3871 9541 3871 9541 2362 9538 3872 9542 3872 9543 2362 9544 2365 9545 2365 9546 2362 9547 2363 9548 3872 9549 2365 9550 3873 9551 3873 9552 2365 5077 2547 5076 3871 9553 3872 9554 1315 9555 3870 9540 3871 9541 3874 9556 3874 9556 3871 9541 3102 9557 3102 9558 3871 9559 3092 9560 3092 9560 3871 9559 1315 9561 3874 9562 3102 9563 3100 9564 3874 9562 3100 9564 1691 9565 1691 9565 3100 9564 1692 9566 3870 9540 3874 9556 3875 9567 3875 9567 3874 9556 3855 9492 3855 9492 3874 9556 1691 9568 3875 9567 3855 9492 3856 9493 3875 9567 3856 9493 3857 9494 3875 9567 3857 9494 3860 9512 3875 9567 3860 9512 3861 9517 3875 9567 3861 9517 3876 9569 3876 9569 3861 9517 3862 9518 3876 9569 3862 9518 3870 9540 3870 9540 3862 9518 3868 9535 3868 9535 3862 9518 3863 9519 3870 9540 3868 9535 3869 9536 3876 9569 3870 9540 3875 9567 1495 9570 3630 8772 2791 9571 2791 9571 3630 8772 3877 9572 3877 9572 3630 8772 3878 9573 3878 9573 3630 8772 3879 9574 3879 9574 3630 8772 3631 8773 3879 9574 3631 8773 3632 8774 3879 9574 3632 8774 3880 9575 3880 9575 3632 8774 2775 9576 2775 9576 3632 8774 3881 9577 3881 9577 3632 8774 3882 9578 3882 9578 3632 8774 3633 8775 3882 9578 3633 8775 3883 9579 3883 9579 3633 8775 3634 8776 3883 9579 3634 8776 3884 9580 3884 9580 3634 8776 3635 8777 3884 9580 3635 8777 3885 9581 3885 9581 3635 8777 3637 8779 3637 8779 3635 8777 3636 8778 3885 9581 3637 8779 3638 8780 3885 9582 3638 9583 3886 9584 3885 9585 3886 9586 3887 9587 3887 9588 3886 9589 3888 9590 3887 9588 3888 9590 3889 9591 3889 9591 3888 9590 3890 9592 3889 9591 3890 9592 3891 9593 3891 9593 3890 9592 3892 9594 3891 9593 3892 9595 3893 9596 3893 9597 3892 9598 3894 9599 3894 9599 3892 9598 3283 9600 3894 9599 3283 9600 2782 9601 2782 9601 3283 9600 1032 9602 1032 9602 3283 9600 1050 9603 1050 9603 3283 9600 2278 9604 1032 9602 1050 9603 1030 9605 1030 9605 1050 9603 1048 9606 1030 9605 1048 9606 3895 9607 3895 9607 1048 9606 2663 9608 2663 9608 1048 9606 2661 9609 2661 9609 1048 9606 2659 9610 2659 9610 1048 9606 2657 9611 3895 9607 2663 9608 2665 9612 3895 9607 2665 9612 3896 9613 3896 9613 2665 9612 1525 9614 3896 9613 1525 9614 1527 9615 3896 9613 1527 9615 2671 9616 3896 9613 2671 9616 1214 9617 3896 9613 1214 9617 3897 9618 3896 9613 3897 9618 3898 9619 3898 9619 3897 9618 3899 9620 3899 9620 3897 9618 1431 9621 1431 9621 3897 9618 1214 9622 3898 9619 3899 9620 2793 9623 2793 9623 3899 9620 3900 9624 3898 9619 2793 9625 2791 9571 3898 9619 2791 9571 3877 9572 3898 9619 3877 9572 3896 9613 3896 9613 3877 9572 3895 9607 3895 9607 3877 9572 3901 9626 3901 9626 3877 9572 3902 9627 3902 9628 3877 9572 3878 9573 2768 9629 3878 9573 3879 9574 2768 9629 3879 9574 3880 9575 2768 9630 3880 9631 1177 9632 1177 9633 3880 9634 1145 9635 1145 9636 3880 9575 2775 9576 2774 9637 2775 9576 3881 9577 2774 9638 3881 9577 3889 9591 3889 9591 3881 9577 3882 9578 3889 9591 3882 9578 3903 9639 3884 9580 3882 9578 3883 9579 3903 9639 3884 9580 3887 9588 3887 9588 3884 9580 3885 9581 3903 9639 3887 9588 3889 9591 2774 9640 3889 9591 2776 9641 2776 9641 3889 9591 3904 9642 3904 9642 3889 9591 2778 9643 2778 9643 3889 9591 3891 9593 2778 9643 3891 9593 3893 9596 2778 9643 3893 9596 2779 9644 2779 9645 3893 9597 3894 9599 2779 9646 3894 9599 2782 9601 2781 9647 2782 9648 970 9649 970 9650 2782 9651 1032 9652 970 9653 1032 9654 968 9655 968 9655 1032 9654 1031 9656 1030 9657 3895 9607 3905 9658 3905 9658 3895 9607 3901 9626 3905 9658 3901 9626 3906 9659 3906 9660 3901 9661 3902 9662 1031 9663 1030 9657 3907 9664 3907 9664 1030 9657 3905 9658 2772 9665 3906 9666 3902 9667 2772 9668 3902 9669 3878 9670 2772 9668 3878 9670 2770 9671 2770 9672 3878 9673 2768 9674 2778 9643 2776 9641 3904 9642 3886 9675 3638 8781 3908 9676 3908 9676 3638 8781 3523 8783 3908 9677 3523 9678 3909 9679 3909 9679 3523 9678 3639 9680 3539 9681 3642 9682 2257 9683 2257 9684 3642 8794 1586 8796 3539 9681 2257 9683 3910 9685 3910 9686 2257 9687 3911 9688 3911 9689 2257 9690 1391 9691 1391 9692 2257 9693 1384 9694 3911 9695 1391 9696 3912 9697 3912 9697 1391 9696 1383 9698 3912 9697 1383 9698 3913 9699 3913 9699 1383 9698 1746 9700 3913 9699 1746 9700 3914 9701 3914 9701 1746 9700 1745 9702 3914 9701 1745 9702 2787 9703 3914 9701 2787 9703 1719 9704 1719 9704 2787 9703 2788 9705 1719 9704 2788 9705 1611 9706 1611 9707 2788 9708 2286 9709 3913 9710 3914 9711 3915 9712 3913 9713 3915 9714 3912 9715 3539 9681 3910 9685 3916 9716 3916 9717 3910 9718 3917 9719 3916 9720 3917 9721 3918 9722 3918 9723 3917 9724 3919 9725 3918 9723 3919 9725 3920 9726 3920 9726 3919 9725 3921 9727 3920 9726 3921 9727 3922 9728 3922 9728 3921 9727 3923 9729 3922 9728 3923 9729 3924 9730 3924 9730 3923 9729 3925 9731 3924 9730 3925 9731 3926 9732 3926 9732 3925 9731 3927 9733 3926 9732 3927 9733 3928 9734 3928 9735 3927 9736 3929 9737 3928 9738 3929 9739 3930 9740 3930 9740 3929 9739 3931 9741 3930 9740 3931 9741 3932 9742 3932 9742 3931 9741 3933 9743 3932 9742 3933 9743 3934 9744 3934 9744 3933 9743 3935 9745 3934 9744 3935 9745 3639 9680 3639 9680 3935 9745 3909 9679 3932 9742 3934 9744 3528 9746 3528 9747 3934 9748 3639 9749 3930 9740 3932 9742 3640 9750 3640 9751 3932 9752 3528 9753 3928 9738 3930 9740 3936 9754 3936 9755 3930 9756 3640 9757 3926 9732 3928 9734 3937 9758 3937 9759 3928 9760 3936 9761 3924 9730 3926 9732 3938 9762 3938 9763 3926 9764 3937 9765 3922 9728 3924 9730 3939 9766 3939 9767 3924 9768 3938 9769 3920 9726 3922 9728 3940 9770 3920 9771 3940 9772 3918 9773 3918 9774 3940 9775 3941 9776 3908 9677 3909 9679 3306 9777 3908 9677 3306 9777 3307 9778 3908 9676 3307 9779 3886 9675 3886 9780 3307 9781 3888 9782 3888 9782 3307 9781 3308 9783 3888 9782 3308 9783 3890 9784 3890 9784 3308 9783 3892 9785 3892 9785 3308 9783 3942 9786 3942 9786 3308 9783 1396 2747 3942 9786 1396 2747 1389 2746 3942 9787 1389 9788 3943 9789 3943 9790 1389 9791 1567 9792 3943 9793 1567 9794 1577 9795 3943 9789 1577 9796 1702 9797 1702 9798 1577 9799 1580 9800 1580 9800 1577 9799 1576 9801 3943 9789 1702 9797 3942 9787 3892 9785 3942 9786 1702 9802 3892 9803 1702 9804 3283 9805 3936 9806 3640 8786 3641 8789 3936 9806 3641 8789 1765 9807 1767 9808 1766 8790 1773 8791 1762 9809 1773 8791 1763 8792 1764 9810 1763 8792 1768 9811 1768 9811 1763 8792 3535 8793 1768 9811 3535 8793 3536 9812 1768 9813 3536 9814 3944 9815 3944 9815 3536 9816 3537 9817 3944 9815 3537 9817 3941 9818 3941 9819 3537 9820 3945 9821 3945 9822 3537 9823 3538 9824 3941 9825 3945 9826 3918 9827 3944 9815 3941 9818 3940 9828 3944 9815 3940 9828 1769 9829 1769 9829 3940 9828 3939 9830 3939 9831 3940 9832 3922 9833 1769 9829 3939 9830 1764 9834 1764 9834 3939 9830 3938 9835 1764 9834 3938 9835 1762 9836 1762 9836 3938 9835 1767 9837 1767 9837 3938 9835 3937 9838 1767 9837 3937 9838 1765 9807 1765 9807 3937 9838 3936 9806 3944 9815 1769 9829 1768 9813 3672 9839 3604 8718 3946 9840 3946 9840 3604 8718 3605 8719 3946 9840 3605 8719 3606 8720 3947 9841 3606 9842 3948 9843 3948 9843 3606 8721 3949 9844 3949 9844 3606 8721 3607 8722 3949 9844 3607 8722 3608 8723 3949 9844 3608 8723 3950 9845 3950 9845 3608 8723 1630 8724 3950 9845 1630 8724 1626 9846 3420 9847 3609 9848 2119 9849 2119 9849 3609 9848 2101 9850 3420 9851 2119 9852 2121 9853 3420 9854 2121 9855 2123 9856 3420 9857 2123 9858 3419 9859 3419 9859 2123 9858 2126 9860 3419 9861 2126 9862 2133 9863 2133 9864 2126 9865 2128 9866 1661 9867 2099 8729 3610 8730 1661 9867 3610 8730 1659 9868 1659 9868 3610 8730 3951 9869 3951 9869 3610 8730 3952 9870 3952 9870 3610 8730 3611 8731 3952 9870 3611 8731 3953 9871 3953 9871 3611 8731 3612 8732 3953 9871 3612 8732 3954 9872 3954 9872 3612 8732 3955 9873 3955 9873 3612 8732 3956 9874 3956 9874 3612 8732 3613 8733 3956 9874 3613 8733 3957 9875 3957 9875 3613 8733 3958 9876 3958 9876 3613 8733 3614 8734 3958 9876 3614 8734 3959 9877 3959 9877 3614 8734 3960 9878 3960 9878 3614 8734 3961 9879 3961 9879 3614 8734 3615 8735 3960 9878 3615 8735 3962 9880 3962 9880 3615 8735 3963 9881 3963 9881 3615 8735 3964 9882 3964 9882 3615 8735 3201 9883 3201 9883 3615 8735 3965 9884 3965 9884 3615 8735 3966 9885 3966 9885 3615 8735 3616 8736 3966 9885 3616 8736 3967 9886 3967 9886 3616 8736 3483 9887 3618 9888 3488 8752 3619 8753 3618 9888 3619 8753 3963 9881 3963 9881 3619 8753 3968 9889 3968 9889 3619 8753 3969 9890 3969 9890 3619 8753 3620 8754 3969 9890 3620 8754 3970 9891 3970 9891 3620 8754 3621 8755 3970 9891 3621 8755 3971 9892 3971 9892 3621 8755 3972 9893 3972 9893 3621 8755 3973 9894 3973 9894 3621 8755 3622 8756 3973 9894 3622 8756 3974 9895 3974 9895 3622 8756 1169 9896 1169 9896 3622 8756 1170 8757 3974 9895 1169 9896 1171 9897 3974 9895 1171 9897 1097 9898 1097 9899 1171 9900 1426 9901 1097 9902 1426 9903 1098 9904 1098 9905 1426 9906 1425 9907 3974 9895 1097 9898 3973 9894 3973 9894 1097 9898 3975 9908 3973 9894 3975 9908 3976 9909 3976 9909 3975 9908 1099 9910 3976 9909 1099 9910 3977 9911 3977 9911 1099 9910 1098 9912 3977 9911 1098 9912 3978 9913 3978 9913 1098 9912 1401 9914 1401 9914 1098 9912 2869 9915 1401 9914 2869 9915 3979 9916 3979 9916 2869 9915 3302 9917 3302 9918 2869 9919 2867 9920 3979 9916 3302 9917 3980 9921 3980 9921 3302 9917 1700 9922 1700 9922 3302 9917 3301 9923 1700 9922 3301 9923 1698 9924 1698 9924 3301 9923 3981 9925 3981 9925 3301 9923 3300 9926 3981 9927 3300 9928 3299 9929 3980 9921 1700 9922 1697 9930 1697 9931 1700 9932 1699 9933 3980 9934 1697 9935 1511 9936 3980 9921 1511 9937 1510 9938 3980 9921 1510 9938 3979 9916 3979 9916 1510 9938 3982 9939 3979 9916 3982 9939 3983 9940 3983 9940 3982 9939 3984 9941 3984 9941 3982 9939 3985 9942 3985 9942 3982 9939 1510 9943 3985 9942 1510 9944 3986 9945 3986 9945 1510 9944 1516 9946 3986 9945 1516 9946 2503 9947 2503 9947 1516 9946 2506 9948 2506 9948 1516 9946 2509 9949 2509 9949 1516 9946 1279 9950 1279 9950 1516 9946 1512 9951 2509 9949 1279 9950 1281 9952 2509 9949 1281 9952 1476 9953 1476 9954 1281 9955 1477 9956 1477 9957 1281 9958 2516 9959 2516 9959 1281 9958 1266 9960 2516 9959 1266 9960 1838 9961 1838 9961 1266 9960 1837 9962 3986 9945 2503 9947 2500 9963 3986 9945 2500 9963 3987 9964 3987 9964 2500 9963 2497 9965 3987 9964 2497 9965 2494 9966 3987 9964 2494 9966 2490 9967 3987 9964 2490 9967 2488 9968 3987 9964 2488 9968 3988 9969 3988 9969 2488 9968 2487 9970 3988 9969 2487 9970 3989 9971 3989 9971 2487 9970 3990 9972 3990 9972 2487 9970 3991 9973 3990 9972 3991 9973 3992 9974 3992 9974 3991 9973 3993 9975 3993 9975 3991 9973 3994 9976 3994 9976 3991 9973 3995 9977 3995 9977 3991 9973 3996 9978 3995 9977 3996 9978 1222 9979 1222 9980 3996 9981 1218 9982 1218 9983 3996 9984 1227 9985 1227 9985 3996 9984 3991 9986 1227 9985 3991 9986 3997 9987 3997 9987 3991 9986 3998 9988 3998 9988 3991 9986 3999 9989 3999 9989 3991 9986 4000 9990 4000 9990 3991 9986 4001 9991 4001 9992 3991 9993 1499 9994 1499 9995 3991 9996 2487 9997 1499 9995 2487 9997 1497 9998 4001 9992 1499 9994 4002 9999 4002 9999 1499 9994 1498 10000 1227 9985 3997 9987 1226 10001 1226 10001 3997 9987 4003 10002 4003 10002 3997 9987 4004 10003 4004 10003 3997 9987 3999 10004 4004 10003 3999 10004 4001 10005 4004 10003 4001 10005 4005 10006 4005 10006 4001 10005 1498 10007 4005 10006 1498 10007 4006 10008 4006 10008 1498 10007 2518 10009 4006 10008 2518 10009 4007 10010 4007 10010 2518 10009 2491 10011 4007 10010 2491 10011 2493 10012 4007 10010 2493 10012 4008 10013 4008 10013 2493 10012 2496 10014 4008 10013 2496 10014 4009 10015 4009 10015 2496 10014 2499 10016 4009 10015 2499 10016 4010 10017 4010 10017 2499 10016 2502 10018 4010 10017 2502 10018 2505 10019 4010 10017 2505 10019 4011 10020 4011 10020 2505 10019 2508 10021 4011 10020 2508 10021 4012 10022 4012 10022 2508 10021 2511 10023 4012 10022 2511 10023 4013 10024 4013 10024 2511 10023 2513 10025 4013 10024 2513 10025 4014 10026 4014 10026 2513 10025 2515 5002 4014 10026 2515 5002 1836 5004 4013 10024 4014 10026 4015 10027 4015 10027 4014 10026 1834 10028 1834 10029 4014 10030 1836 10031 4015 10032 1834 10033 1833 10034 4013 10024 4015 10027 4016 10035 4016 10035 4015 10027 4017 10036 4017 10036 4015 10027 4018 10037 4018 10038 4015 10039 4019 10040 4016 10035 4017 10036 4020 10041 4016 10035 4020 10041 4021 10042 4016 10035 4021 10042 4022 10043 4022 10043 4021 10042 4023 10044 4022 10043 4023 10044 4024 10045 4024 10045 4023 10044 4025 10046 4024 10045 4025 10046 4026 10047 4026 10047 4025 10046 4027 10048 4026 10047 4027 10048 4028 10049 4026 10047 4028 10049 4029 10050 4029 10050 4028 10049 4030 304 4029 10050 4030 304 4031 10051 4029 10050 4031 10051 4032 10052 4032 10052 4031 10051 4033 10053 4032 10052 4033 10053 4034 10054 4032 10052 4034 10054 4035 10055 4035 10055 4034 10054 4036 10056 4035 10055 4036 10056 4037 10057 4037 10057 4036 10056 1295 10058 4037 10057 1295 10058 4038 10059 4038 10059 1295 10058 1039 10060 4038 10059 1039 10060 4039 10061 4039 10061 1039 10060 1041 10062 4039 10061 1041 10062 4040 10063 4040 10063 1041 10062 1159 10064 4040 10063 1159 10064 1059 10065 4040 10063 1059 10065 1061 10066 4040 10063 1061 10066 4041 10067 4041 10067 1061 10066 4042 10068 4041 10067 4042 10068 1149 10069 1149 10070 4042 10071 2550 10072 2550 10072 4042 10071 4043 10073 2550 10074 4043 10075 1470 10076 1470 10076 4043 10075 4044 10077 1470 10076 4044 10077 1369 10078 1369 10078 4044 10077 4045 10079 1369 10078 4045 10079 1278 10080 1278 10080 4045 10079 2213 10081 2213 10081 4045 10079 2216 10082 2216 10082 4045 10079 2217 10083 2217 10083 4045 10079 2205 10084 2205 10085 4045 10086 4046 10087 4046 10088 4045 10089 4044 10090 4046 10091 4044 10092 4047 10093 4047 10093 4044 10092 4048 10094 4048 10094 4044 10092 4043 10095 4048 10094 4043 10095 4042 10096 4048 10094 4042 10096 1833 10097 1833 10097 4042 10096 4019 10098 1833 10099 4019 10100 4015 10101 4048 10094 1833 10097 1831 10102 4048 10094 1831 10103 4049 10104 4048 10094 4049 10104 1409 2762 1409 2762 4049 10104 2863 7418 2863 7418 4049 10104 3296 7419 4048 10094 1409 2762 1408 2761 4048 10094 1408 2761 4047 10093 4047 10105 1408 10106 4046 10107 4046 10107 1408 10106 1560 10108 1560 10108 1408 10106 4050 10109 4050 10110 1408 10111 1407 10112 4050 10109 1407 10113 4051 10114 4051 10114 1407 10113 2844 10115 4051 10114 2844 10115 4052 10116 4052 10116 2844 10115 2845 10117 1560 10108 4050 10109 4051 10114 1560 10108 4051 10114 1561 10118 1561 10118 4051 10114 4052 10116 1561 10118 4052 10116 1562 10119 1562 10119 4052 10116 1563 10120 1563 10120 4052 10116 2846 10121 2846 10121 4052 10116 2845 10122 1563 10120 2846 10121 3017 10123 3017 10123 2846 10121 3020 10124 3020 10124 2846 10121 2847 10125 3020 10124 2847 10125 3022 10126 3022 10126 2847 10125 2848 10127 3022 10126 2848 10127 3023 10128 3023 10128 2848 10127 2849 10129 3023 10128 2849 10129 3024 10130 3024 10130 2849 10129 2850 10131 3024 10130 2850 10131 3025 10132 3025 10132 2850 10131 2856 10133 3025 10132 2856 10133 3026 10134 3026 10134 2856 10133 2857 10135 3026 10134 2857 10135 3027 10136 3027 10136 2857 10135 3249 10137 3027 10136 3249 10137 1672 10138 1672 10138 3249 10137 1255 10139 1563 10120 3017 10123 4053 10140 4053 10140 3017 10123 3016 10141 4053 10142 3016 10143 4054 10144 4054 10144 3016 10143 3018 10145 4054 10144 3018 10145 4055 10146 4055 10146 3018 10145 3019 10147 4055 10146 3019 10147 4056 10148 4056 10148 3019 10147 3021 10149 4056 10148 3021 10149 4057 10150 4057 10150 3021 10149 1087 10151 1087 10151 3021 10149 1088 10152 1088 10152 3021 10149 1124 10153 4057 10150 1087 10151 1413 10154 4057 10150 1413 10154 4058 10155 4058 10155 1413 10154 1632 10156 1632 10157 1413 10158 1416 10159 4058 10160 1632 10161 1634 10162 1563 10120 4053 10140 4059 10163 1563 10164 4059 10165 1564 10166 4046 10107 1560 10108 4060 10167 4060 10167 1560 10108 1502 10168 1502 10168 1560 10108 1562 10169 4046 10170 4060 10171 2205 10172 2205 10172 4060 10171 2206 10173 2206 10173 4060 10171 1501 10174 1501 10174 4060 10171 1502 10175 1278 10080 2213 10081 2214 10176 1278 10080 2214 10176 1275 10177 1275 10177 2214 10176 3706 10178 1275 10179 3706 10180 2560 10181 2560 10181 3706 10180 3116 10182 2560 10181 3116 10182 1129 10183 1129 10183 3116 10182 1110 10184 1129 10183 1110 10184 1109 10185 1129 10183 1109 10185 4061 10186 4061 10186 1109 10185 1470 10076 1470 10076 1109 10185 2550 10074 2550 10074 1109 10185 4062 10187 4062 10187 1109 10185 4063 10188 4063 10188 1109 10185 1054 10189 4063 10188 1054 10189 4064 10190 4064 10190 1054 10189 4065 10191 4065 10191 1054 10189 4066 10192 4066 10193 1054 10194 949 10195 4066 10193 949 10195 948 10196 4066 10192 948 10197 989 10198 4066 10192 989 10198 4065 10191 4065 10191 989 10198 988 10199 4065 10191 988 10200 4064 10190 4064 10190 988 10200 4067 10201 4064 10190 4067 10201 4063 10188 4063 10188 4067 10201 2549 10202 2549 10203 4067 10204 988 10205 4063 10188 2549 10202 4062 10187 4062 10187 2549 10202 2550 10074 4061 10186 1470 10076 1183 10206 1183 10207 1470 2847 1471 2849 1129 10208 4061 10209 1130 10210 1130 10210 4061 10209 1183 10211 1935 10212 1183 10213 1471 10214 1935 10215 1471 10216 1369 10217 1366 10218 1935 10215 1369 10217 1366 10219 1369 10220 1367 10221 4040 10063 4041 10067 1149 10222 4039 10061 4040 10063 4068 10223 4068 10223 4040 10063 4069 10224 4069 10224 4040 10063 4070 10225 4070 10225 4040 10063 1149 10226 4070 10225 1149 10226 2554 10227 2554 10227 1149 10226 1148 10228 4070 10225 2554 10227 2557 10229 4070 10225 2557 10229 4069 10224 4069 10224 2557 10229 893 10230 4069 10224 893 10230 4068 10223 4068 10223 893 10230 1062 10231 4068 10223 1062 10231 4071 10232 4071 10232 1062 10231 4072 10233 4072 10233 1062 10231 1064 10234 4072 10233 1064 10234 4073 10235 4073 10235 1064 10234 4074 10236 4074 10236 1064 10234 4075 10237 4075 10237 1064 10234 895 10238 895 10238 1064 10234 1063 10239 895 10238 1063 10239 893 10240 4075 10237 895 10238 2558 10241 4075 10237 2558 10241 867 10242 867 10242 2558 10241 2555 10243 867 10242 2555 10243 2552 10244 867 10242 2552 10244 4076 10245 4076 10246 2552 10247 2551 10248 4076 10249 2551 10250 2549 10251 4076 10252 2549 10253 988 10254 867 10242 4076 10245 868 6847 868 6847 4076 10245 3132 6845 3132 10255 4076 10256 4077 10257 4077 10257 4076 10256 990 10258 990 10258 4076 10256 988 10259 4075 10260 867 10261 852 10262 852 10262 867 10261 869 10263 4075 10264 852 10265 4078 10266 4078 10267 852 10268 851 10269 4078 10270 851 10271 874 10272 874 3714 851 10273 1974 3713 1974 10274 851 10275 850 10276 4078 10277 874 10278 4079 10279 4079 10280 874 10281 873 10282 4074 10236 4075 10237 4080 10283 4080 10284 4075 10285 4081 10286 4081 10287 4075 10288 4079 10289 4079 10290 4075 10291 4078 10292 4081 10287 4079 10289 873 10293 4081 10294 873 10295 872 10296 4081 10297 872 10298 4082 10299 4081 10297 4082 10299 914 10300 914 10300 4082 10299 886 10301 886 10302 4082 10303 881 10304 4081 10297 914 10300 4080 10305 4080 10305 914 10300 885 10306 4080 10307 885 10308 4083 10309 4083 10309 885 10308 4084 10310 4083 10309 4084 10310 4085 10311 4085 10311 4084 10310 4086 10312 4086 10313 4084 10314 4087 10315 4087 10316 4084 10317 879 10318 879 10319 4084 10310 885 10308 879 10320 885 10321 880 10322 4086 10323 4087 10324 4088 10325 4085 10311 4086 10312 4089 10326 4085 10327 4089 10328 4090 10329 4090 10329 4089 10328 4091 10330 4090 10329 4091 10330 4092 10331 4092 10331 4091 10330 4093 10332 4093 10332 4091 10330 4088 10333 4088 10334 4091 10335 4089 10336 4088 10334 4089 10336 4086 10337 4093 10338 4088 10339 4094 10340 4094 10340 4088 10339 4095 10341 4095 10341 4088 10339 4087 10342 4095 10343 4087 10344 4096 10345 4096 10345 4087 10344 879 10346 4096 10347 879 10348 881 10349 4096 10347 881 10349 4097 10350 4097 10350 881 10349 4082 10351 4097 10350 4082 10351 1969 10352 1969 10352 4082 10351 872 10353 4097 10350 1969 10352 2385 10354 4097 10350 2385 10354 2389 10355 4097 10350 2389 10355 2390 10356 4097 10350 2390 10357 4096 10347 4095 10343 4096 10345 2390 10358 4095 10359 2390 10360 2397 10361 4095 10359 2397 10361 4094 10362 4094 10362 2397 10361 2396 10363 4094 10364 2396 10365 4093 10366 4093 10367 2396 10368 3867 10369 4093 10367 3867 10369 4098 10370 4098 10371 3867 10372 3866 10373 4098 10371 3866 10373 3672 10374 3672 10375 3866 10376 3671 10377 4092 10331 4093 10332 4099 10378 4099 10378 4093 10332 4098 10379 4099 10378 4098 10379 3947 9841 3947 9841 4098 10379 3672 9839 3947 9841 3672 9839 3946 9840 3947 9841 3946 9840 3606 10380 4099 10378 3947 9841 3948 9843 4099 10378 3948 9843 4100 10381 4100 10381 3948 9843 4101 10382 4101 10382 3948 9843 3949 9844 4101 10382 3949 9844 3950 9845 4101 10382 3950 9845 3951 9869 3951 9869 3950 9845 1626 9846 3951 9869 1626 9846 1659 9868 4101 10382 3951 9869 3952 9870 4101 10382 3952 9870 4102 10383 4102 10383 3952 9870 3953 9871 4102 10383 3953 9871 3954 9872 4102 10383 3954 9872 3119 10384 3119 10385 3954 9872 3955 9873 3119 10386 3955 9873 3956 9874 3119 10387 3956 10388 1424 10389 1424 10390 3956 9874 1423 10391 1423 10391 3956 9874 3958 9876 3958 9876 3956 9874 3957 9875 1423 10391 3958 9876 3959 9877 1423 10391 3959 9877 4103 10392 4103 10392 3959 9877 3960 9878 4103 10392 3960 9878 4104 10393 4104 10393 3960 9878 3962 9880 4104 10393 3962 9880 4105 10394 4105 10394 3962 9880 3969 9890 3969 9890 3962 9880 3968 9889 4105 10394 3969 9890 3970 9891 4105 10394 3970 9891 4106 10395 4106 10395 3970 9891 4107 10396 4107 10396 3970 9891 3971 9892 4107 10396 3971 9892 4108 10397 4108 10397 3971 9892 4109 10398 4109 10398 3971 9892 3972 9893 4109 10398 3972 9893 4110 10399 4110 10399 3972 9893 3976 9909 3976 9909 3972 9893 3973 9894 4110 10399 3976 9909 4111 10400 4111 10400 3976 9909 3977 9911 4111 10400 3977 9911 3978 9913 4111 10400 3978 9913 4112 10401 4112 10401 3978 9913 1400 10402 1400 10402 3978 9913 1401 9914 1399 10403 1401 9914 3983 9940 3983 9940 1401 9914 3979 9916 1399 10403 3983 9940 4113 10404 4113 10404 3983 9940 3984 9941 4113 10404 3984 9941 4114 10405 4114 10405 3984 9941 4115 10406 4115 10406 3984 9941 3985 9942 4115 10406 3985 9942 3986 9945 4115 10406 3986 9945 3987 9964 4115 10406 3987 9964 4116 10407 4116 10407 3987 9964 4117 10408 4117 10408 3987 9964 3988 9969 4117 10408 3988 9969 4118 10409 4118 10409 3988 9969 4119 10410 4119 10411 3988 9969 3989 9971 4119 10412 3989 10413 4120 10414 4120 10415 3989 10416 4121 10417 4121 10418 3989 9971 3990 9972 4121 10418 3990 9972 4122 10419 4122 10419 3990 9972 4123 10420 4123 10420 3990 9972 3992 9974 4123 10420 3992 9974 3993 9975 4123 10420 3993 9975 4124 10421 4124 10421 3993 9975 4125 10422 4125 10422 3993 9975 3994 9976 4125 10422 3994 9976 1222 9979 1222 9979 3994 9976 3995 9977 1218 10423 1226 10001 4126 10424 4126 10424 1226 10001 4003 10002 4126 10425 4003 10426 4127 10427 4037 10057 4003 10428 4035 10055 4035 10055 4003 10002 4004 10003 4035 10055 4004 10003 4032 10052 4032 10052 4004 10003 4005 10006 4032 10052 4005 10006 4006 10008 4032 10052 4006 10008 4029 10050 4029 10050 4006 10008 4007 10010 4029 10050 4007 10010 4026 10047 4026 10047 4007 10010 4008 10013 4026 10047 4008 10013 4009 10015 4026 10047 4009 10015 4024 10045 4024 10045 4009 10015 4010 10017 4024 10045 4010 10017 4022 10043 4022 10043 4010 10017 4011 10020 4022 10043 4011 10020 4012 10022 4022 10043 4012 10022 4016 10035 4016 10035 4012 10022 4013 10024 4003 10429 4037 10057 4127 10430 4127 10430 4037 10057 4128 10431 4128 10431 4037 10057 4038 10059 4128 10431 4038 10059 4129 10432 4129 10432 4038 10059 4130 10433 4130 10433 4038 10059 4071 10232 4071 10232 4038 10059 4039 10061 4071 10232 4039 10061 4068 10223 4130 10434 4071 10232 4072 10233 4130 10435 4072 10233 4131 10436 4131 10436 4072 10233 4073 10235 4131 10436 4073 10235 4132 10437 4132 10437 4073 10235 4133 10438 4133 10439 4073 10235 4085 10440 4085 10440 4073 10235 4074 10236 4085 10441 4074 10236 4083 10442 4083 10442 4074 10236 4080 10283 4085 10443 4090 10329 4133 10444 4133 10444 4090 10329 4092 10331 4133 10445 4092 10446 4134 10447 4134 10447 4092 10446 4135 10448 4135 10449 4092 10331 4100 10381 4100 10381 4092 10331 4099 10378 4135 10450 4100 10381 4102 10383 4102 10383 4100 10381 4101 10382 4135 10451 4102 10452 1217 10453 1217 10453 4102 10452 4136 10454 4136 10454 4102 10452 3118 7688 3118 10455 4102 10456 3119 10457 1343 10458 1423 10391 4137 10459 4137 10459 1423 10391 4138 10460 4138 10460 1423 10391 4103 10392 4138 10460 4103 10392 4139 10461 4139 10461 4103 10392 4104 10393 4139 10461 4104 10393 4106 10395 4106 10395 4104 10393 4105 10394 4139 10461 4106 10395 4140 10462 4140 10462 4106 10395 4107 10396 4140 10462 4107 10396 4141 10463 4140 10462 4141 10463 4142 10464 4142 10465 4141 10466 4143 10467 4140 10462 4142 10468 4139 10461 4138 10460 4139 10461 4142 10468 4138 10460 4142 10468 4144 10469 4138 10470 4144 10471 4137 10472 4141 10473 4107 10396 4145 10474 4145 10474 4107 10396 4108 10397 4145 10474 4108 10397 4146 10475 4146 10475 4108 10397 4147 10476 4147 10476 4108 10397 4148 10477 4148 10477 4108 10397 4149 10478 4149 10478 4108 10397 4109 10398 4149 10478 4109 10398 4111 10400 4111 10400 4109 10398 4110 10399 4149 10478 4111 10400 4150 10479 4150 10479 4111 10400 4112 10401 4150 10479 4112 10401 4113 10404 4113 10404 4112 10401 1399 10403 1399 10403 4112 10401 1400 10402 4150 10479 4113 10404 4151 10480 4151 10480 4113 10404 4114 10405 4151 10480 4114 10405 4152 10481 4152 10481 4114 10405 4116 10407 4116 10407 4114 10405 4115 10406 4152 10481 4116 10407 4117 10408 4152 10481 4117 10408 4118 10482 4153 10483 4121 10418 4122 10419 4153 10483 4122 10419 1344 10484 1344 10484 4122 10419 4124 10485 4124 10486 4122 10419 4123 10420 4134 10487 4135 10488 1216 10489 1216 2500 4135 10490 1217 2501 4134 10491 1216 10492 4126 10493 1222 10494 1217 10453 4136 10454 1222 10495 4136 10496 4125 10497 4125 10497 4136 10496 4124 10498 4124 10499 4136 10454 4154 10500 4154 10500 4136 10454 3118 7688 4154 10500 3118 7688 1344 7690 4154 10500 1344 7690 4124 10499 4153 10483 1344 10484 4155 10501 4153 10502 4155 10503 4156 10504 4153 10502 4156 10504 4157 10505 4157 10505 4156 10504 4143 10506 4157 10505 4143 10506 4158 10507 4158 10507 4143 10506 4159 10508 4159 10508 4143 10506 4160 10509 4160 10509 4143 10510 4141 10473 4160 10509 4141 10473 4145 10474 4160 10509 4145 10474 4159 10508 4159 10508 4145 10474 4146 10511 4161 10512 4146 10475 4147 10476 4161 10512 4147 10476 4148 10477 4161 10512 4148 10477 4162 10513 4162 10513 4148 10477 4149 10478 4162 10513 4149 10478 4150 10479 4162 10513 4150 10479 4151 10480 4162 10513 4151 10480 4161 10512 4161 10512 4151 10480 4152 10481 4161 10512 4152 10481 4118 10514 4161 10512 4118 10514 4146 10515 4146 10515 4118 10514 4163 10516 4163 10516 4118 10514 4119 10517 4163 10518 4119 10519 4164 10520 4163 10518 4164 10520 4158 10507 4158 10507 4164 10520 4157 10505 4157 10505 4164 10520 4119 10521 4157 10522 4119 10523 4120 10524 4163 10518 4158 10507 4159 10508 4163 10518 4159 10508 4146 10525 4153 10502 4157 10505 4121 10526 4121 10527 4157 10528 4120 10529 4132 10530 4133 10531 4134 10532 1216 10533 1218 10423 4126 10424 4134 10534 4126 10425 4127 10427 4134 10535 4127 10430 4128 10431 4134 10535 4128 10431 4129 10432 4134 10536 4129 10537 4132 10437 4132 10437 4129 10537 4165 10538 4165 10538 4129 10537 4130 10539 4165 10538 4130 10539 4131 10436 4165 10538 4131 10436 4132 10437 3618 9888 3963 9881 4166 10540 4166 10540 3963 9881 3964 9882 4166 10540 3964 9882 3203 10541 3203 10542 3964 9882 3201 9883 4166 10543 3203 10544 1037 10545 4166 10540 1037 10546 3618 9888 3202 10547 3201 9883 4167 10548 4167 10548 3201 9883 4168 10549 4168 10549 3201 9883 3965 9884 4168 10550 3965 9884 3966 9885 4168 10550 3966 9885 3967 10551 1171 10552 1170 8757 1204 10553 1204 10553 1170 8757 3623 8758 1204 10553 3623 8758 4169 10554 4169 10554 3623 8758 3628 8768 3628 8768 3623 8758 3624 10555 4169 10554 3628 8768 1203 10556 1203 10556 3628 8768 3629 8769 1203 10556 3629 8769 1425 10557 3627 10558 3624 10559 3625 8760 3627 10558 3625 8760 3626 8761 3627 10558 3626 8761 802 10560 802 10561 3626 8762 2247 10562 2247 10562 3626 8762 2249 8764 800 10563 802 10561 2247 10562 4167 10564 3617 10565 3274 10566 3274 10567 3617 8738 3279 8739 4167 10568 3274 10569 3202 10570 3202 10570 3274 10569 3275 10571 3202 10570 3275 10571 1037 10572 1037 10573 3275 10574 3276 10575 1037 10576 3276 10577 1033 10578 3410 8049 3405 10579 3408 8047 3408 8047 3405 10580 3406 8044 1080 10581 1082 10582 4170 10583 4170 10584 1082 10585 1646 10586 4170 10584 1646 10586 4171 10587 4171 10588 1646 10589 4172 10590 4172 10591 1646 10592 1360 10593 4172 10594 1360 10595 4173 10596 4173 10597 1360 10598 1359 10599 4173 10597 1359 10599 3014 10600 1975 10601 1914 10602 2062 10603 2062 10604 1914 10605 1913 10606 2062 10607 1913 10608 2060 304 2060 10609 1913 10610 1912 10609 2060 10611 1912 10611 1911 10611 2060 304 1911 304 2057 304 2057 10612 1911 10612 1909 10612 2057 304 1909 304 2055 304 2055 10613 1909 10613 1910 10613 2055 304 1910 304 2053 304 1582 10614 1581 10615 2757 10616 2757 10616 1581 10615 1724 10617 2757 10616 1724 10617 2408 10618 825 10619 824 10620 2066 10621 2066 10621 824 10620 2617 10622 2066 10621 2617 10622 2065 10623 2065 10624 2617 10625 2618 10624 2065 212 2618 212 2619 212 2065 10626 2619 10626 2064 10626 2064 212 2619 212 2620 10627 2064 10628 2620 10629 2063 10630 2063 10631 2620 10632 1196 10633 2063 10634 1196 10635 1195 10636 2015 10637 2018 10638 2522 10639 2522 10639 2018 10638 2523 10640 2523 10640 2018 10638 2524 10641 2524 10641 2018 10638 2020 10642 2524 10641 2020 10642 2525 10643 2525 10643 2020 10642 2022 10644 2015 10637 2522 10639 2521 10645 2015 10637 2521 10645 2013 10646 2013 10646 2521 10645 2420 10647 2013 10646 2420 10647 2011 10648 1864 10649 840 10650 918 10651 918 10651 840 10650 2240 10652 918 10653 2240 10654 817 10655 2361 10656 1235 10657 1350 10658 1350 10658 1235 10657 1234 10659 2361 10656 1350 10658 1342 10660 2361 10656 1342 10660 2359 10661 790 10662 785 10663 3059 10664 3059 10664 785 10663 3060 10665 3060 10665 785 10663 782 10666 3060 10665 782 10666 3061 10667 3061 10667 782 10666 779 304 3061 10667 779 304 776 10668 3061 10667 776 10668 3063 10669 3063 10669 776 10668 771 10670 3063 10669 771 10670 3065 10671 3065 10671 771 10670 774 10672 3065 10671 774 10672 3047 10673 3047 10673 774 10672 773 820 3047 10673 773 820 772 10674 3047 10673 772 10674 3048 10675 3048 10675 772 10674 767 10676 3048 10675 767 10676 3050 10677 3050 10677 767 10676 763 10678 3050 10679 763 10680 3051 10681 3051 10681 763 10680 762 212 3051 10681 762 212 794 10682 3051 10681 794 10682 3053 10683 3053 10683 794 10682 789 10684 3053 10683 789 10684 3055 10685 3055 10685 789 10684 792 10686 3055 10685 792 10686 3056 10687 3056 10687 792 10686 791 10688 3056 10687 791 10688 790 10662 3056 10687 790 10662 3059 10664 2240 10689 840 10690 2239 10691 2239 10691 840 10690 839 10692 2239 10691 839 10692 1857 10693 2673 304 2672 7507 2876 304 2876 304 2672 7507 2877 7505 2673 304 2876 304 2873 10694 2673 304 2873 10694 2677 10695 915 10696 977 10697 1308 10698 1308 10699 977 10700 2829 10701 1308 10702 2829 10703 1310 10704 897 10705 925 10706 4174 10707 4174 10707 925 10706 1518 10708 1518 10708 925 10706 1466 10709 1518 10708 1466 10709 1520 10710 1520 10710 1466 10709 1469 10711 1520 10710 1469 10711 4175 10712 4175 10712 1469 10711 4176 10713 4175 10712 4176 10713 998 10714 4175 10712 998 10714 4177 10715 4177 10715 998 10714 829 10716 4177 10715 829 10716 849 10717 849 10717 829 10716 803 10718 849 10717 803 10718 847 10719 847 10719 803 10718 798 10720 847 10719 798 10720 4178 10721 4178 10721 798 10720 3347 10722 4178 10721 3347 10722 897 10705 4178 10721 897 10705 4174 10707 4179 10723 1520 10710 4175 10712 4180 10724 847 10719 4178 10721 989 10725 948 10726 990 10727 990 10728 948 10729 4181 10730 990 10728 4181 10730 4077 10731 4077 10731 4181 10730 3131 10732 4077 10731 3131 10732 3132 10733 4182 10734 4183 10734 2611 10734 2611 10735 4183 10735 2613 10735 2613 525 4183 525 2615 525 2615 10736 4183 10736 4184 10736 2615 10737 4184 10737 2616 10737 2616 10738 4184 10738 4185 10738 2616 525 4185 525 2614 525 2614 525 4185 525 4186 525 2614 525 4186 525 2612 525 2612 10739 4186 10739 4187 10739 2612 525 4187 525 4188 525 2612 10740 4188 10740 2610 10740 2610 525 4188 525 4189 525 2610 525 4189 525 2608 525 2608 525 4189 525 4190 525 2608 10741 4190 10741 2606 10741 2606 525 4190 525 4191 525 2606 525 4191 525 2604 525 2604 525 4191 525 4192 525 2604 525 4192 525 2602 525 2602 10742 4192 10742 2601 10742 2601 525 4192 525 4193 525 2601 10743 4193 10743 2599 10743 2599 525 4193 525 4194 525 2599 525 4194 525 2600 525 2600 525 4194 525 4195 525 2600 525 4195 525 2603 525 2603 10744 4195 10744 4196 10744 2603 525 4196 525 4197 525 2603 10745 4197 10745 2605 10745 2605 525 4197 525 4198 525 2605 10746 4198 10746 2607 10746 2607 525 4198 525 4199 525 2607 10747 4199 10747 2609 10747 2609 525 4199 525 4182 525 2609 10748 4182 10748 2611 10748 1019 10749 1038 10750 3036 10751 3036 10752 1038 10753 900 10754 3036 10755 900 10756 899 10757 1653 10758 3782 10759 3781 10760 3781 10761 3782 10762 3783 10763 3781 10761 3783 10763 3206 10764 3206 10765 3783 10766 3205 10767 1033 10768 3277 10769 1034 10770 1034 10770 3277 10769 3273 10771 1034 10770 3273 10771 3313 10772 2772 10773 2773 10774 3906 10775 3906 10776 2773 10777 3777 10778 3906 10779 3777 10780 3905 10781 3905 10781 3777 10780 3907 10782 3907 10782 3777 10780 3778 10783 3907 10782 3778 10783 3779 10784 3907 10785 3779 10786 1031 10787 1031 10788 3779 10789 3780 10790 1031 10791 3780 10792 968 10793 968 10794 3780 10795 969 10796 3330 10797 1069 10798 4200 10799 4200 10800 1069 10801 3324 10802 4200 10803 3324 10804 3330 10805 3216 10806 3215 10807 946 10808 946 10808 3215 10807 1009 10809 946 10808 1009 10809 1006 10810 2276 10811 962 10812 2277 10813 2277 10814 962 10815 964 10816 2277 10817 964 10818 1049 10819 948 10820 3288 10821 4181 10822 4181 10823 3288 10824 3287 10825 4181 10823 3287 10825 3131 10826 3131 10827 3287 10828 3285 10829 3131 10827 3285 10829 816 10830 816 10830 3285 10829 817 10831 1058 10832 1057 10833 4201 10834 4201 10834 1057 10833 1022 10835 4201 10836 1022 10837 1155 10838 3330 10839 4202 10840 1069 10841 1069 10842 4202 10843 997 10844 997 10844 4202 10843 2282 10845 2282 10846 4202 10847 4203 10848 4203 10848 4202 10847 4204 10849 4203 10850 4204 10851 4205 10851 997 10844 2282 10845 1814 10852 1069 10853 997 10854 1066 10855 1460 10856 1459 10857 4206 10858 4206 10858 1459 10857 3765 10859 4206 10858 3765 10859 4207 10860 4207 10860 3765 10859 3766 10861 4207 10860 3766 10861 4208 10862 4208 10862 3766 10861 1254 10863 4208 10862 1254 10863 1253 10864 1077 10865 1901 10866 1247 10867 1247 10867 1901 10866 1899 10868 1247 10869 1899 10870 1462 10871 1118 10872 1126 10873 1125 10874 1125 10874 1126 10873 1372 10875 1125 10876 1372 10877 1374 10878 1374 10879 1372 10880 1371 10881 1575 10882 4209 10883 1573 10884 1573 10885 4209 10886 4210 10887 1573 10885 4210 10887 3304 10888 3690 10889 3691 10889 4172 10889 4172 10890 3691 10890 4171 10890 4171 304 3691 304 4170 10891 4170 10892 3691 10893 3692 10894 4170 10895 3692 10896 1080 10897 1080 10898 3692 10899 2939 10900 3690 10901 4172 10901 4173 10902 3690 304 4173 10903 3693 10904 3693 10905 4173 10906 3014 10907 3693 10908 3014 10909 3013 10910 2679 10911 2677 10695 2874 10912 2874 10912 2677 10695 2873 10694 2679 10911 2874 10912 2875 7509 2679 10911 2875 7509 2680 7508 2891 10913 3199 10914 3313 10915 3313 10916 3199 10917 3316 10918 3313 10919 3316 10920 1034 10921 1034 10921 3316 10920 1044 10922 1034 10923 1044 10924 1035 10925 1043 10926 1044 10927 3278 10928 3278 10928 1044 10927 3316 10929 3278 10928 3316 10929 3272 370 4211 10930 4212 10931 1572 10932 1572 10932 4212 10931 4213 10933 1572 10932 4213 10933 1602 10934 1602 10934 4213 10933 4214 10935 1602 10934 4214 10935 4215 10936 1602 10934 4215 10936 4216 10937 4216 370 4215 370 4217 370 4216 370 4217 10938 3727 10939 3727 10939 4217 10938 4218 10940 3727 10939 4218 10940 1634 10941 1634 10941 4218 10940 4219 10942 1634 10941 4219 10942 4220 10943 1634 10941 4220 10943 4221 10944 1634 10941 4221 10944 4058 10945 4058 10946 4221 10947 4222 370 4058 10948 4222 10949 4057 10949 4057 370 4222 370 4223 370 4057 10950 4223 10950 4224 10950 4057 370 4224 370 4056 370 4056 370 4224 370 4225 370 4056 10951 4225 10951 4053 10952 4053 10953 4225 10954 4226 10955 4053 10953 4226 10955 4059 10956 4059 10956 4226 10955 4227 10957 4059 10956 4227 10957 4211 10930 4059 10956 4211 10930 1572 10932 4059 10956 1572 10932 1564 10958 4228 10959 4216 370 3727 10939 4228 10959 3727 10939 4229 10960 4055 370 4056 370 4053 10961 4055 10962 4053 10963 4054 10962 1056 10964 1055 10965 2373 10966 2373 10966 1055 10965 1257 10967 2373 10966 1257 10967 2371 10968 2371 10968 1257 10967 1045 10969 2371 10970 1045 10971 3001 10972 3001 10972 1045 10971 3000 10973 3000 10973 1045 10971 1047 10974 3000 10973 1047 10974 1264 10975 3000 10973 1264 10975 3326 10976 1299 10977 1298 10978 4230 10979 4230 10980 1298 10981 3114 10982 4230 10983 3114 10984 1168 10985 1168 10986 3114 10987 2597 10988 970 10989 969 10990 2781 10991 2781 10991 969 10990 3775 10992 2781 10991 3775 10992 1713 10993 1713 10994 3775 10995 1668 10996 2453 10997 4231 10998 2477 10999 2477 11000 4231 11001 1411 11002 2477 11003 1411 11004 1984 11005 4232 11006 1538 11007 2696 11008 2696 11008 1538 11007 2697 11009 2697 11009 1538 11007 2698 11010 2698 11011 1538 11012 4233 11013 2698 11014 4233 11015 4234 304 2698 11016 4234 304 2699 304 2699 11017 4234 11017 4235 11017 2699 11018 4235 11018 2702 11018 2702 11019 4235 11020 4236 11021 2702 11019 4236 11021 2703 11022 2703 11023 4236 11024 4237 11025 2703 11026 4237 11027 4238 11028 2703 11026 4238 11028 2704 11029 2704 304 4238 11030 4239 304 2704 304 4239 304 2705 304 2705 304 4239 304 1417 304 2705 11031 1417 11031 2706 11031 2706 11032 1417 11032 1419 11033 2706 11034 1419 11035 2707 11036 2707 11036 1419 11035 4240 11037 2707 11036 4240 11037 4241 11038 4241 11038 4240 11037 4242 11039 4241 11038 4242 11039 4243 11040 4241 11038 4243 11040 2693 11041 2693 11041 4243 11040 4244 11042 2693 11041 4244 11042 2694 11043 2694 11044 4244 11045 4245 11046 2694 11047 4245 11048 4232 11049 2694 11050 4232 11051 2696 11052 2700 11053 2699 11053 2702 11053 2700 304 2702 304 2701 304 2708 11054 2707 11036 4241 11038 2708 11054 4241 11038 2693 11041 2708 11054 2693 11041 3214 11055 3312 11056 2708 11054 3214 11055 3312 11056 3214 11055 4246 11057 4246 11057 3214 11055 4247 11058 4247 11058 3214 11055 3212 11059 4246 11057 4247 11058 2580 11060 2580 11060 4247 11058 940 11061 940 11061 4247 11058 4248 11062 4248 11063 4247 11064 4249 11065 4249 11065 4247 11064 4250 11066 4250 11066 4247 11064 3212 11067 4250 11068 3212 11069 2094 11070 4248 11063 4249 11065 1008 11071 1008 11072 4249 11073 4251 11074 1008 11075 4251 11076 1006 11077 1006 2232 4251 11078 1800 6709 1800 11079 4251 11080 4252 11081 4248 11063 1008 11071 4253 11082 4253 11082 1008 11071 1007 11083 4253 11082 1007 11083 1009 11084 4253 11082 1009 11084 4248 11085 940 11061 4248 11062 938 11086 938 11086 4248 11062 1009 11087 4246 11057 2580 11060 2582 11088 4246 11057 2582 11088 2583 11089 4246 11057 2583 11089 3312 11056 3312 11056 2583 11089 2584 11090 3312 11056 2584 11090 2585 11091 3312 11056 2585 11091 4254 11092 4254 11092 2585 11091 1094 11093 1094 11094 2585 11095 2586 11096 4254 11092 1094 11093 4255 11097 4255 11097 1094 11093 4256 11098 4256 11099 1094 11100 1096 11101 4255 11097 4256 11098 1076 11102 4254 11092 4255 11097 3233 11103 3233 11103 4255 11097 4257 11104 3233 11103 4257 11104 1078 11105 1078 11105 4257 11104 1076 11106 3233 11107 1078 11108 3235 11109 3235 11110 1078 11111 1288 11112 3235 11110 1288 11112 4258 11113 3235 11114 4258 11115 3237 11116 3237 11116 4258 11115 1921 11117 1921 11118 4258 11119 1922 11120 1922 11121 4258 11122 1288 11123 4254 11092 3233 11103 3231 11124 4254 11092 3231 11125 3312 11056 3312 11056 3231 11125 3232 11126 4259 304 4260 304 4261 304 4261 304 4260 304 4262 304 4261 304 4262 304 4263 304 4263 304 4262 304 4264 304 4263 304 4264 304 4265 304 4265 304 4264 304 4266 304 4265 304 4266 304 4267 304 4265 11127 4267 11127 4268 11127 4268 304 4267 304 4269 304 4268 11128 4269 11128 4270 11128 4270 304 4269 304 4271 304 4270 11129 4271 11129 4272 11129 4272 304 4271 304 4273 304 4272 304 4273 304 4274 304 4272 304 4274 304 4275 11130 4275 11130 4274 304 4276 304 4276 304 4274 304 4277 304 4276 304 4277 304 4278 304 4276 304 4278 304 4279 304 4279 304 4278 304 4280 304 4279 11131 4280 11131 4281 11131 4281 304 4280 304 4282 304 4281 11132 4282 11132 4283 11132 4281 11133 4283 11133 4284 11133 4284 304 4283 304 4285 304 4284 11134 4285 11134 4286 11134 4286 304 4285 304 4287 304 4286 304 4287 304 4288 304 4288 304 4287 304 4289 304 4288 304 4289 304 4259 304 4288 304 4259 304 4290 11135 4290 11135 4259 304 4261 304 4290 11136 4261 304 4291 11137 4292 11138 4275 11139 4293 11140 4293 11140 4275 11139 4276 304 4294 11141 4290 11136 4291 11137 1395 11142 1330 11143 4295 11144 4295 11144 1330 11143 4296 212 4296 212 1330 11143 4297 212 4297 212 1330 11143 4298 212 4298 212 1330 11143 1090 11145 4298 212 1090 11145 4299 11146 4299 11146 1090 11145 4300 11147 1395 11142 4295 11144 4301 11148 1395 11142 4301 11148 1358 11149 1358 11150 4301 212 4302 212 1358 11151 4302 11152 4303 11153 1358 11154 4303 11155 1359 11156 1359 11157 4303 11158 2480 11159 1601 11160 3745 11161 1328 11162 1328 11162 3745 11161 3744 11163 1328 11162 3744 11163 3736 11164 2083 11165 2081 11166 2131 11167 2131 11168 2081 11169 1559 11170 2131 11171 1559 11172 1541 11173 1315 11174 3872 11175 1316 11176 1316 11177 3872 11178 3873 11179 1316 11180 3873 11181 2547 11182 3031 11183 1725 11184 4304 11185 4304 11186 1725 11187 1583 11188 4304 11189 1583 11190 912 11191 1211 11192 1210 11193 1430 11194 1430 11195 1210 11196 1524 11197 1430 11198 1524 11199 1474 11200 1117 11201 1116 11202 1385 11203 1385 11204 1116 11205 1373 11206 1385 11204 1373 11206 1371 11207 1385 11204 1371 11207 3255 11208 1385 11204 3255 11208 3253 11209 1385 11204 3253 11209 2484 11210 2484 11210 3253 11209 3281 11211 2484 11210 3281 11211 3133 11212 3133 11212 3281 11211 3136 11213 3129 11214 1528 11215 2366 11216 2366 11216 1528 11215 1448 11217 2366 11218 1448 11219 1447 11220 2799 11221 1667 11222 2815 11223 2815 11223 1667 11222 1664 11224 2815 11223 1664 11224 1663 11225 4155 10501 1344 10484 1343 11226 2248 11227 2709 11228 800 11229 800 11230 2709 11231 2263 11232 800 11230 2263 11232 801 11233 2786 11234 2268 11235 3041 11236 3041 11236 2268 11235 2271 11237 3041 11236 2271 11237 2273 11238 952 11239 4305 11240 926 11241 926 11241 4305 11240 4306 11242 4306 11242 4305 11240 1794 11243 4306 11242 1794 11243 1795 11244 4306 11242 1795 11244 887 11245 887 11246 1795 11247 888 11248 4306 11242 887 11245 926 11241 952 11239 926 11241 987 11249 952 11239 987 11249 1010 11250 4307 525 4308 525 931 11251 931 11251 4308 525 4309 11252 931 11251 4309 11252 4310 11253 931 11251 4310 11253 833 11254 833 11254 4310 11253 4311 11255 833 11254 4311 11255 864 11256 864 11256 4311 11255 4312 525 864 11256 4312 525 4313 11257 864 11256 4313 11257 865 11258 865 11259 4313 11260 4314 11261 865 11259 4314 11261 4315 11262 865 11263 4315 11264 994 11265 994 11265 4315 11264 4316 11266 994 11265 4316 11266 4317 11267 994 11265 4317 11267 3769 11268 3769 11268 4317 11267 4318 11269 3769 11268 4318 11269 4208 11270 4208 11270 4318 11269 4319 11271 4208 11270 4319 11271 4207 11272 4207 11273 4319 525 4320 525 4207 11274 4320 11275 4321 11276 4207 11274 4321 11276 4206 11277 4206 11278 4321 11279 4322 11280 4206 11281 4322 11282 1460 11283 1460 11283 4322 11282 4307 525 1460 11283 4307 525 931 11251 835 11284 931 11251 833 11254 1253 11285 3769 11268 4208 11270 4323 11286 4324 11287 1325 11288 1325 11288 4324 11287 4325 11289 1325 11288 4325 11289 4326 11290 4326 11290 4325 11289 4327 11291 4326 11290 4327 11291 4328 11292 4328 11292 4327 11291 4329 11293 4328 11292 4329 11293 4330 11294 4328 11292 4330 11294 4331 11295 4331 11295 4330 11294 4332 11296 4331 11295 4332 11296 4333 11297 4333 11297 4332 11296 4334 212 4333 11297 4334 212 4335 11298 4333 11297 4335 11298 4336 11299 4336 11299 4335 11298 4337 11300 4336 11299 4337 11300 4338 11301 4336 11299 4338 11301 822 11302 822 11302 4338 11301 4339 212 822 11302 4339 212 4340 11303 822 11302 4340 11303 4341 11304 4341 11304 4340 11303 4342 11305 4341 11304 4342 11305 4343 11306 4343 11306 4342 11305 4344 11307 4343 11306 4344 11307 4345 11308 4343 11306 4345 11308 4346 11309 4346 11309 4345 11308 4347 11310 4346 11309 4347 11310 4348 11311 4348 11311 4347 11310 4349 212 4348 11311 4349 212 4350 11312 4348 11311 4350 11312 4351 11313 4351 11313 4350 11312 4352 11314 4351 11313 4352 11314 4323 11286 4351 11313 4323 11286 1325 11288 4351 11313 1325 11288 1324 11315 1326 11316 1325 11288 4326 11290 4353 11317 4326 11290 4328 11292 4354 11318 4328 11292 4355 11319 4355 11319 4328 11292 4331 11295 4355 11319 4331 11295 4356 11320 4357 11321 4331 11295 4333 11297 4357 11321 4333 11297 4358 11322 4359 11323 4333 11297 4336 11299 821 11324 4336 11299 822 11302 823 11325 822 11302 4341 11304 4360 11326 4341 11304 4343 11306 4361 11327 4343 11306 4362 11328 4362 11328 4343 11306 4346 11309 4362 11328 4346 11309 4363 11329 4364 11330 4346 11309 4348 11311 4364 11330 4348 11311 4365 11331 4366 11332 4348 11311 4351 11313 3472 11333 3471 11334 1574 11335 1574 11335 3471 11334 1575 11336 3472 11333 1574 11335 1629 11337 3472 11338 1629 11339 1628 11340 3109 11341 4367 11342 1103 11343 1103 11344 4367 11345 2194 11346 1103 11347 2194 11348 1104 11349 1445 11350 896 11351 4368 11352 4368 11353 896 11354 898 11355 4368 11353 898 11355 797 11356 4368 11353 797 11356 1472 11357 1472 11357 797 11356 4369 11358 4369 11358 797 11356 799 11359 4369 11358 799 11359 811 11360 4369 11358 811 11360 841 11361 4369 11358 841 11362 4370 11363 4369 11358 4370 11363 1472 11357 4368 11353 1472 11357 1465 11364 4368 11353 1465 11364 1445 11365 2593 11366 2591 11367 2892 11368 2892 11368 2591 11367 2588 11369 2892 11368 2588 11369 2587 11370 2892 11368 2587 11370 3200 11371 2892 11368 3200 11371 3199 11372 2892 11368 3199 11372 2891 11373 812 11374 2468 11375 1785 11376 1785 11376 2468 11375 2465 11377 1785 11378 2465 11379 1784 11380 1784 11380 2465 11379 2466 11381 1784 11380 2466 11381 1783 11382 1783 11382 2466 11381 2467 11383 1783 11382 2467 11383 1782 11384 1782 11384 2467 11383 2464 11385 1782 11386 2464 11387 2459 11388 1782 11386 2459 11388 1781 11389 2302 11390 1796 11391 4305 11392 4305 11392 1796 11391 1794 11393 2302 11390 4305 11392 951 11394 951 11395 4305 11396 952 11397 2302 11390 951 11394 2300 11398 2922 6144 1442 6145 1444 11399 1192 11400 1194 11401 1163 11402 1163 11402 1194 11401 1193 11403 1163 11404 1193 11405 945 11406 1346 11407 2190 11408 3256 11409 3256 11409 2190 11408 3228 11410 3256 11409 3228 11410 3227 11411 4371 11412 4372 11413 2526 11414 2526 11414 4372 11413 2527 11415 2527 11415 4372 11413 4373 11416 2527 11415 4373 11416 2529 11417 2529 11417 4373 11416 4374 11418 2529 11419 4374 11420 2532 11421 2532 11421 4374 11420 4375 11422 2532 11421 4375 11422 2533 11423 2533 11423 4375 11422 4376 11424 2533 11425 4376 11426 2534 11427 2534 11427 4376 11426 4377 11428 2534 11427 4377 11428 2536 11429 2536 11429 4377 11428 4378 11430 2536 11429 4378 11430 2538 11431 2538 11431 4378 11430 4379 11432 2538 11431 4379 11432 2541 11433 2541 11433 4379 11432 4380 11434 2541 11433 4380 11434 2540 11435 2540 11435 4380 11434 4381 11436 2540 11435 4381 11436 2539 11437 2539 11437 4381 11436 4382 11438 2539 11439 4382 11440 2542 11441 2542 11441 4382 11440 4383 11442 2542 11441 4383 11442 2543 11443 2543 11443 4383 11442 4384 11444 2543 11445 4384 11446 2544 11447 2544 11447 4384 11446 4385 11448 2544 11447 4385 11448 2546 11449 2546 11449 4385 11448 4386 11450 2546 11449 4386 11450 2528 11451 2528 11451 4386 11450 4371 11412 2528 11451 4371 11412 2526 11414 1188 11452 1187 11453 2094 11454 2094 11455 1187 11456 1138 11457 1188 11452 2094 11454 3213 11458 1188 11452 3213 11458 2695 11459 1296 2613 1295 2612 2337 11460 2337 11460 1295 2612 4036 11461 2337 11460 4036 11461 2335 11462 2335 11462 4036 11461 4034 11463 2335 11462 4034 11463 2330 11464 2330 11464 4034 11463 4033 11465 2330 11464 4033 11465 2327 11466 2327 11466 4033 11465 4031 11467 2327 11466 4031 11467 2323 11468 2323 11468 4031 11467 4030 11469 2323 11468 4030 11469 2320 11470 2320 11470 4030 11469 4028 11471 2320 11470 4028 11471 2317 11472 2317 11472 4028 11471 4027 11473 2317 11474 4027 11475 2315 11476 2315 11476 4027 11475 4025 11477 2315 11476 4025 11477 2350 11478 2350 11478 4025 11477 4023 11479 2350 11478 4023 11479 2354 11480 2354 11480 4023 11479 4021 11481 2354 11480 4021 11481 2355 11482 2355 11482 4021 11481 4020 11483 2355 11482 4020 11483 2357 11484 2357 11484 4020 11483 4017 11485 2357 11484 4017 11485 2360 11486 2360 11486 4017 11485 4018 11487 2360 11486 4018 11487 1521 11488 1521 11488 4018 11487 4019 11489 1521 11490 4019 11491 2345 11492 2345 11492 4019 11491 4042 11493 2345 11492 4042 11493 1061 11494 2345 11492 1061 11494 1060 11495 3225 11496 1608 11497 4387 11498 4387 11498 1608 11497 1607 11499 4387 11500 1607 11501 4388 11502 1639 11503 2069 11504 3589 11505 3589 11505 2069 11504 4389 11506 3589 11505 4389 11506 3591 11507 3591 11507 4389 11506 942 11508 1411 11509 4231 11510 1412 11511 1412 11511 4231 11510 2453 11512 1412 11511 2453 11512 4390 11513 4390 11513 2453 11512 2443 11514 4390 11513 2443 11514 4391 11515 4391 11515 2443 11514 1734 11516 4391 11515 1734 11516 1721 3214 1721 3214 1734 11516 1722 3215 4392 11517 3246 11518 4393 11519 4393 11519 3246 11518 3684 11520 4393 11521 3684 11522 1682 11523 3538 11524 3539 11525 3945 11526 3945 11527 3539 11528 3916 11529 3945 11530 3916 11531 3918 11532 2049 11533 2050 11534 4394 11535 4394 11535 2050 11534 4395 11536 4395 11536 2050 11534 2051 11537 4395 11536 2051 11537 4396 11538 4396 11538 2051 11537 2041 11539 4396 11538 2041 11539 4397 11540 4397 11540 2041 11539 2040 11541 4397 11542 2040 11543 4398 11544 4398 11545 2040 11546 2039 11547 4398 11545 2039 11547 4399 11548 4399 11549 2039 11550 2038 11551 4399 11549 2038 11551 4400 11552 4400 11552 2038 11551 2037 11553 4400 11552 2037 11553 4401 11554 4401 11554 2037 11553 2033 11555 4401 11554 2033 11555 4402 11556 4402 11556 2033 11555 2034 11557 4402 11556 2034 11557 4403 11558 4403 11558 2034 11557 2031 11559 4403 11558 2031 11559 4404 11560 4404 11560 2031 11559 2029 11561 4404 11560 2029 11561 4405 11562 4405 11562 2029 11561 2030 11563 4405 11562 2030 11563 4406 11564 4406 11564 2030 11563 2028 11565 4406 11564 2028 11565 4407 11566 4407 11566 2028 11565 1379 11567 4407 11568 1379 11569 4408 11570 4408 11571 1379 11572 1381 11573 4408 11571 1381 11573 4409 11574 4409 11575 1381 11576 2046 11577 4409 11575 2046 11577 4410 11578 4410 11578 2046 11577 2047 11579 4410 11578 2047 11579 4411 11580 4411 11580 2047 11579 2048 11581 4411 11580 2048 11581 4412 11582 4412 11582 2048 11581 2052 11583 4412 11582 2052 11583 4413 11584 4413 11584 2052 11583 2049 11533 4413 11584 2049 11533 4394 11535 2100 11585 2099 11586 2105 11587 2105 11588 2099 11589 1661 11590 2105 11588 1661 11590 1660 11591 2067 11592 4414 11593 2068 11594 2068 11594 4414 11593 4415 11595 2068 11594 4415 11595 2069 11596 2069 11596 4415 11595 4389 11597 3473 11598 3474 11599 4196 11600 4196 11600 3474 11599 4197 11601 4197 11601 3474 11599 3475 11602 4197 11601 3475 11602 4198 11603 4198 11603 3475 11602 3108 11604 4198 11603 3108 11604 4199 11605 4199 11605 3108 11604 3106 11606 4199 11605 3106 11606 4182 11607 4182 11607 3106 11606 3105 11608 4182 11607 3105 11608 4183 11609 4183 11609 3105 11608 3479 11610 4183 11609 3479 11610 4184 11611 4184 11611 3479 11610 3478 11612 4184 11611 3478 11612 4185 11613 4185 11613 3478 11612 3477 11614 4185 11613 3477 11614 4186 11615 4186 11615 3477 11614 3435 11616 4186 11615 3435 11616 4187 11617 4187 11617 3435 11616 3436 11618 4187 11617 3436 11618 4188 11619 4188 11619 3436 11618 3437 11620 4188 11619 3437 11620 4189 11621 4189 11621 3437 11620 3438 11622 4189 11621 3438 11622 4190 11623 4190 11623 3438 11622 3439 11624 4190 11623 3439 11624 4191 11625 4191 11625 3439 11624 3441 11626 4191 11625 3441 11626 4192 11627 4192 11627 3441 11626 3442 11628 4192 11627 3442 11628 4193 11629 4193 11629 3442 11628 3443 11630 4193 11629 3443 11630 4194 11631 4194 11631 3443 11630 3476 11632 4194 11631 3476 11632 4195 11633 4195 11633 3476 11632 3473 11598 4195 11633 3473 11598 4196 11600 1591 11634 1593 11635 1594 11636 1594 11636 1593 11635 2711 11637 1594 11638 2711 11639 1595 11640 4416 11641 4417 11642 4396 11643 4396 11643 4417 11642 4395 11644 4395 11644 4417 11642 4418 11645 4418 11645 4417 11642 3911 11646 3911 11647 4417 11648 3910 11649 3910 11650 4417 11651 4416 11652 3910 11653 4416 11654 3917 11655 3917 11656 4416 11657 4419 11658 3917 11659 4419 11660 3919 11661 3919 11662 4419 11663 4420 11664 3919 11665 4420 11666 3921 11667 3921 11668 4420 11669 4421 11670 3921 11671 4421 11672 3923 11673 3923 11674 4421 11675 4422 11676 3923 11677 4422 11678 3925 11679 3925 11680 4422 11681 4423 11682 3925 11683 4423 11684 3927 11685 3927 11686 4423 11687 4424 11688 3927 11689 4424 11690 3929 11691 3929 11692 4424 11693 4425 11694 3929 11692 4425 11694 3931 11695 3931 11695 4425 11694 4426 11696 4426 11696 4425 11694 4404 11697 4404 11697 4425 11694 4403 11698 4403 11698 4425 11694 4402 11699 4402 11699 4425 11694 4424 11700 4402 11699 4424 11700 4401 11701 4401 11701 4424 11700 4423 11702 4401 11701 4423 11702 4400 11703 4400 11703 4423 11702 4399 11704 4399 11704 4423 11702 4422 11705 4399 11704 4422 11705 4398 11706 4398 11706 4422 11705 4421 11707 4398 11706 4421 11707 4397 11708 4397 11708 4421 11707 4416 11641 4416 11641 4421 11707 4419 11709 4419 11709 4421 11707 4420 11710 4397 11708 4416 11641 4396 11643 4394 11711 4395 11644 4418 11645 4394 11711 4418 11645 4413 11712 4413 11712 4418 11645 3915 11713 3915 11714 4418 11715 3912 11716 3912 11717 4418 11645 3911 11646 3933 11718 3931 11695 4426 11696 3933 11718 4426 11696 4427 11719 4427 11720 4426 11696 4406 11721 4406 11721 4426 11696 4405 11722 4405 11722 4426 11696 4404 11697 4412 11723 4413 11712 3915 11713 4412 11723 3915 11713 1718 11724 1718 11724 3915 11713 3914 11725 3306 11726 4427 11720 2736 11727 2736 11727 4427 11720 2732 11728 2732 11728 4427 11720 1610 11729 1610 11729 4427 11720 4407 11730 4407 11730 4427 11720 4406 11721 1610 11729 4407 11730 1720 11731 1720 11731 4407 11730 4408 11732 1720 11731 4408 11732 4409 11733 1720 11731 4409 11733 1718 11724 1718 11724 4409 11733 4410 11734 1718 11724 4410 11734 4411 11735 1718 11724 4411 11735 4412 11723 1610 11729 1720 11731 1611 11736 1611 11736 1720 11731 1719 11737 3306 11726 2736 11727 1397 11738 3306 11726 1397 11738 1396 11739 1719 11740 1718 11741 3914 11742 3935 11743 3933 11718 4427 11719 3935 11744 4427 11745 3909 11746 3909 11747 4427 11748 3306 11749 1363 11750 1365 11751 1280 11752 1280 11753 1365 11754 1986 11755 1280 11756 1986 11757 1281 11758 1281 11759 1986 11760 3337 11761 1281 11762 3337 11763 1266 11764 1414 11765 1340 11766 4428 11767 4428 11767 1340 11766 1342 11768 4428 11767 1342 11768 4429 11769 4429 11769 1342 11768 1349 11770 4429 11771 1349 11772 1351 11773 4428 11767 4429 11769 1508 11774 4428 11767 1508 11774 1507 11775 4428 11767 1507 11775 1414 11765 3091 11776 3011 11777 3101 11778 3101 11779 3011 11780 3009 11781 3101 11779 3009 11781 3099 11782 3099 11782 3009 11781 3007 11783 3099 11782 3007 11783 3006 11784 3099 11782 3006 11784 3098 11785 3098 11785 3006 11784 3004 11786 3098 11785 3004 11786 3094 11787 3094 11787 3004 11786 1071 11788 3094 11787 1071 11788 1070 11789 1605 11790 1606 11791 2531 11792 2531 11793 1606 11794 4430 11795 2531 11793 4430 11795 2530 11796 2530 11796 4430 11795 4431 11797 2530 11796 4431 11797 2545 11798 2545 11798 4431 11797 1778 11799 2545 11798 1778 11799 1647 11800 3254 11801 1370 11802 3252 11803 3252 11803 1370 11802 1372 11804 3252 11803 1372 11804 3282 11805 3282 304 1372 304 1126 304 3282 11806 1126 11806 3139 11806 3139 11807 1126 11807 1127 11807 3139 304 1127 304 3138 304 4279 11808 4281 11809 4432 11810 4432 11810 4281 11809 4433 11811 4433 11811 4281 11809 4284 11812 4433 11811 4284 11812 4434 11813 4434 11813 4284 11812 4286 11814 4434 11813 4286 11814 4435 11815 4435 11815 4286 11814 4288 11816 4435 11815 4288 11817 4436 11818 4436 11818 4288 11817 4290 11819 4436 11818 4290 11819 4437 11820 4437 11820 4290 11819 4294 11821 4437 11820 4294 11821 4438 11822 4438 11822 4294 11821 4291 11823 4438 11822 4291 11823 4439 11824 4439 11824 4291 11823 4261 11825 4439 11824 4261 11825 4440 11826 4440 11826 4261 11825 4263 11827 4440 11826 4263 11827 4441 11828 4441 11828 4263 11827 4265 11829 4441 11828 4265 11829 4442 11830 4442 11830 4265 11829 4268 11831 4442 11830 4268 11831 4443 11832 4443 11832 4268 11831 4270 11833 4443 11832 4270 11833 4444 11834 4444 11834 4270 11833 4272 11835 4444 11834 4272 11836 4445 11837 4445 11837 4272 11836 4275 11838 4445 11837 4275 11838 4446 11839 4446 11839 4275 11838 4292 11840 4446 11839 4292 11840 4447 11841 4447 11841 4292 11840 4293 11842 4447 11841 4293 11842 4448 11843 4448 11843 4293 11842 4276 11844 4448 11843 4276 11844 4449 11845 4449 11845 4276 11844 4279 11808 4449 11845 4279 11808 4432 11810 1065 11846 928 11847 1068 11848 1068 11849 928 11850 3324 11851 1068 11852 3324 11853 1069 11854 2755 11855 2753 11856 2992 11857 2992 11857 2753 11856 2994 11858 2994 11858 2753 11856 2751 11859 2994 11858 2751 11859 2961 11860 2961 11860 2751 11859 2749 11861 2961 11860 2749 11861 2962 11862 2962 11862 2749 11861 2747 11863 2962 11862 2747 11863 2965 11864 2965 11864 2747 11863 2745 11865 2965 11864 2745 11865 2967 11866 2967 11866 2745 11865 2743 11867 2967 11866 2743 11867 2969 11868 2969 11868 2743 11867 2741 11869 2969 11868 2741 11869 2971 11870 2971 11870 2741 11869 2738 11871 2971 11870 2738 11871 2972 11872 2972 11872 2738 11871 2737 11873 2972 11872 2737 11873 2974 11874 2974 11874 2737 11873 2739 11875 2974 11876 2739 11877 2977 11878 2977 11878 2739 11877 2740 11879 2977 11878 2740 11879 2978 11880 2978 11880 2740 11879 2742 11881 2978 11880 2742 11881 2980 11882 2980 11882 2742 11881 2744 11883 2980 11882 2744 11883 2982 11884 2982 11884 2744 11883 2746 11885 2982 11884 2746 11885 2983 11886 2983 11886 2746 11885 2748 11887 2983 11886 2748 11887 2984 11888 2984 11888 2748 11887 2750 11889 2984 11888 2750 11889 2986 11890 2986 11890 2750 11889 2752 11891 2986 11890 2752 11891 2987 11892 2987 11892 2752 11891 2754 11893 2987 11892 2754 11893 2989 11894 2989 11894 2754 11893 2756 11895 2989 11896 2756 11897 2991 11898 2991 11898 2756 11897 2755 11855 2991 11898 2755 11855 2992 11857 2678 304 2681 304 4450 304 4450 304 2681 304 1339 304 1339 304 2681 304 1337 304 1337 304 2681 304 2872 304 1337 304 2872 304 2871 304 1337 11899 2871 11899 4451 11899 4451 304 2871 304 2678 304 4451 304 2678 304 4450 304 4452 11900 4450 11900 4453 11900 4453 11901 4450 11901 1339 11901 4454 304 1337 304 4455 304 4455 304 1337 304 4451 304 4456 304 4454 304 4457 304 4457 304 4454 304 4455 304 4458 11902 4452 11902 4453 11902 4458 304 4453 304 4459 304 4458 304 4459 304 4460 304 4460 304 4459 304 4461 304 4460 304 4461 304 4462 304 4435 11815 4436 11818 1418 11903 1418 11903 4436 11818 1419 11904 1419 11904 4436 11818 4437 11820 1419 11904 4437 11820 4240 11905 4240 11905 4437 11820 4438 11822 4240 11905 4438 11822 4242 11906 4242 11906 4438 11822 4439 11824 4242 11906 4439 11824 4243 11907 4243 11907 4439 11824 4440 11826 4243 11907 4440 11826 4244 11908 4244 11908 4440 11826 4441 11828 4244 11909 4441 11828 4245 11910 4245 11910 4441 11828 4442 11830 4245 11910 4442 11830 4232 11911 4232 11911 4442 11830 4443 11832 4232 11911 4443 11832 1539 11912 1539 11912 4443 11832 4444 11834 1539 11912 4444 11834 1537 11913 1537 11913 4444 11834 4445 11837 1537 11913 4445 11837 4233 11914 4233 11914 4445 11837 4446 11839 4233 11915 4446 11839 4234 11916 4234 11916 4446 11839 4447 11841 4234 11916 4447 11841 4235 11917 4235 11917 4447 11841 4448 11843 4235 11917 4448 11843 4236 11918 4236 11918 4448 11843 4449 11845 4236 11919 4449 11845 4237 11920 4237 11920 4449 11845 4432 11810 4237 11920 4432 11810 4238 11921 4238 11921 4432 11810 4433 11811 4238 11922 4433 11811 4239 11923 4239 11923 4433 11811 4434 11813 4239 11923 4434 11813 1417 11924 1417 11924 4434 11813 4435 11815 1417 11924 4435 11815 1418 11903 1538 11925 4232 11911 1539 11912 1538 11926 1537 11913 4233 11914 3336 11927 1588 11928 1714 11929 1714 11930 1588 11931 1635 11932 1714 11930 1635 11932 1621 11933 1621 11933 1635 11932 1637 11934 1621 11933 1637 11934 1619 11935 1619 11935 1637 11934 1644 11936 1619 11935 1644 11936 1642 11937 1642 11938 1644 11939 1645 11940 1709 11941 912 11942 2919 11943 2919 11944 912 11945 1583 11946 2919 11947 1583 11948 1582 11949 1742 11950 2485 11951 2621 11952 2621 11953 2485 11954 1551 11955 2621 11956 1551 7513 2784 7515 4463 11957 4464 11957 1723 11957 1723 11958 4464 11958 1721 11958 1721 212 4464 212 4465 212 1721 212 4465 212 4391 212 4391 212 4465 212 4466 212 4391 212 4466 212 4390 212 4390 212 4466 212 4467 212 4390 212 4467 212 1412 212 1412 212 4467 212 4468 212 1412 11959 4468 11959 1410 11959 1410 212 4468 212 4469 212 1410 11960 4469 11960 1985 11960 1985 212 4469 212 4470 212 1985 11961 4470 11961 1987 11961 1987 212 4470 212 4471 212 1987 11962 4471 11962 1988 11962 1988 212 4471 212 4472 212 1988 212 4472 212 1992 212 1992 212 4472 212 4473 212 1992 212 4473 212 1994 212 1994 212 4473 212 4474 212 1994 212 4474 212 1996 212 1996 212 4474 212 4475 212 1996 11963 4475 11963 1997 11963 1997 212 4475 212 4476 212 1997 212 4476 212 1998 212 1998 11964 4476 11964 4477 11964 1998 11965 4477 11965 1999 11965 1999 212 4477 212 4478 212 1999 11966 4478 11966 2000 11966 2000 11967 4478 11967 4479 11967 2000 11968 4479 11968 2002 11968 2002 212 4479 212 4480 212 2002 11969 4480 11969 2004 11969 2004 212 4480 212 4481 212 2004 11970 4481 11970 2005 11970 2005 212 4481 212 4482 212 2005 11971 4482 11971 2006 11971 2006 212 4482 212 4483 212 2006 212 4483 212 2008 212 2008 212 4483 212 4484 212 2008 212 4484 212 2009 212 2009 212 4484 212 4463 212 2009 212 4463 212 1723 212 1990 212 1988 212 1992 212 2007 212 2006 212 2008 212 4388 11972 3241 11973 4485 11974 4485 11974 3241 11973 3222 7050 4485 11974 3222 7050 3223 7052 4388 11972 4485 11974 4387 11975 4387 11975 4485 11974 3225 11976 3225 11976 4485 11974 3223 11977 3240 11978 3241 11979 3284 11980 3284 11980 3241 11979 4388 11981 3284 11980 4388 11981 1607 11982 3320 11983 3323 11984 2399 11985 2399 11986 3323 11987 2174 11988 2399 11989 2174 11990 2172 11991 1640 11992 3585 11993 2067 11994 2067 11994 3585 11993 3582 11995 2067 11994 3582 11995 4414 11996 4414 11996 3582 11995 3583 11997 3483 11998 3617 11999 3967 12000 3967 12000 3617 11999 4167 12001 3967 12002 4167 12003 4168 12004 3034 12005 3031 12006 911 12007 911 12008 3031 12009 4304 12010 911 12011 4304 12012 912 12013 4486 12014 4487 525 1519 12015 1519 12016 4487 12017 4488 12017 1519 12018 4488 525 1517 12019 1517 12020 4488 12021 4489 12022 1517 12023 4489 12024 4490 12025 4490 12026 4489 12027 4491 12028 4490 12026 4491 12028 4492 12029 4492 12029 4491 12028 4493 12030 4492 12029 4493 12030 4494 12031 4494 12031 4493 12030 4495 12032 4495 12032 4493 12030 4496 12033 4492 12029 4494 12031 866 12034 866 12034 4494 12031 848 12035 848 12036 4494 12037 4497 12038 848 12039 4497 12040 4498 12040 848 12041 4498 12042 853 12043 853 12044 4498 525 4499 12045 853 12046 4499 12047 4500 12048 4500 12049 4499 12050 4501 12051 4500 12049 4501 12051 4502 12052 4502 12052 4501 12051 4503 12053 4502 12052 4503 12053 4486 12054 4486 12054 4503 12053 4504 12055 4504 12055 4503 12053 4505 12056 4502 12052 4486 12054 1536 12057 1536 12057 4486 12054 1519 12058 1604 12059 1603 12060 4506 12061 4506 12062 1603 12063 2535 12064 4506 12062 2535 12064 4507 12065 4507 12065 2535 12064 2537 12066 4507 12065 2537 12066 4508 12067 4508 12067 2537 12066 1657 12068 4508 12067 1657 12068 1656 12069 2369 12070 2367 12071 3362 12072 3362 12072 2367 12071 1446 12073 3362 12072 1446 12073 3361 12074 3361 12074 1446 12073 1449 12075 4472 12076 4471 12077 3145 12078 3145 12078 4471 12077 3179 12079 3179 12079 4471 12077 4470 12080 3179 12079 4470 12080 3190 12081 3190 12081 4470 12080 4469 12082 3190 12081 4469 12082 3189 12083 3189 12083 4469 12082 4468 12084 3189 12083 4468 12084 3174 12085 3174 12085 4468 12084 4467 12086 3174 12085 4467 12086 3172 12087 3172 12087 4467 12086 4466 12088 3172 12087 4466 12088 3188 12089 3188 12089 4466 12088 4465 12090 3188 12089 4465 12090 3170 12091 3170 12091 4465 12090 4464 12092 3170 12091 4464 12092 3168 12093 3168 12093 4464 12092 4463 12094 3168 12093 4463 12094 3187 12095 3187 12095 4463 12094 4484 12096 3187 12095 4484 12096 3186 12097 3186 12097 4484 12096 4483 12098 3186 12097 4483 12098 3163 12099 3163 12099 4483 12098 4482 12100 3163 12099 4482 12100 3160 12101 3160 12101 4482 12100 4481 12102 3160 12101 4481 12102 3185 12103 3185 12103 4481 12102 4480 12104 3185 12103 4480 12104 3184 12105 3184 12105 4480 12104 4479 12106 3184 12105 4479 12106 3155 12107 3155 12107 4479 12106 4478 12108 3155 12107 4478 12108 3153 12109 3153 12109 4478 12108 4477 12110 3153 12109 4477 12110 3183 12111 3183 12111 4477 12110 4476 12112 3183 12111 4476 12112 3151 12113 3151 12113 4476 12112 4475 12114 3151 12113 4475 12114 3149 12115 3149 12115 4475 12114 4474 12116 3149 12115 4474 12116 3182 12117 3182 12117 4474 12116 4473 12118 3182 12117 4473 12118 3181 12119 3181 12119 4473 12118 4472 12076 3181 12119 4472 12076 3145 12078 3176 12120 3190 12081 3189 12083 3165 12121 3187 12095 3186 12097 3157 12122 3185 12103 3184 12105 3146 12123 3182 12117 3181 12119 4414 12124 3583 12125 4509 12126 4509 12127 3583 12128 942 12129 4414 12124 4509 12126 4415 12130 4415 12130 4509 12126 4389 12131 4389 12131 4509 12126 942 12132 3256 12133 3227 12134 3257 12135 3257 12136 3227 12137 2231 12138 3257 12139 2231 12140 3226 12141 1462 12142 4510 12143 4511 12144 4511 12144 4510 12143 4512 12145 1462 12142 4511 12144 1455 12146 1462 12147 1455 12148 1454 12149 4513 212 4514 212 4515 212 4515 212 4514 212 4516 212 4515 212 4516 212 4517 212 4517 212 4516 212 4518 212 4517 212 4518 212 4519 212 4519 212 4518 212 4520 212 4519 212 4520 212 4521 212 4521 212 4520 212 4522 212 4521 212 4522 212 4523 212 4523 212 4522 212 4524 212 4523 212 4524 212 4525 212 4525 212 4524 212 4526 212 4525 212 4526 212 4527 212 4527 212 4526 212 4528 212 4527 212 4528 212 4529 212 4529 212 4528 212 4530 212 4529 212 4530 212 4531 212 4531 212 4530 212 4532 212 1233 12150 3321 12151 1351 12152 1351 12152 3321 12151 3204 12153 1351 12152 3204 12153 1508 12154 1351 12152 1508 12154 4429 12155 1233 12150 1351 12152 1234 12156 2662 370 2660 370 2664 370 2664 12157 2660 12157 2658 12157 2664 12158 2658 12158 2666 12158 2666 370 2658 370 2655 370 2666 370 2655 370 2667 370 2667 370 2655 370 2654 370 2667 370 2654 370 2668 370 2668 12159 2654 12159 4533 12159 2668 12160 4533 12160 2670 12160 2670 12161 4533 12161 4534 12161 2670 12162 4534 12162 4535 12162 4535 12163 4534 12163 4536 12163 4535 370 4536 370 4537 370 4537 12164 4536 12164 4538 12164 849 12165 853 12166 4177 12167 4177 12168 853 12169 4500 12170 4177 12168 4500 12170 4175 12171 4175 12171 4500 12170 4502 12172 4175 12171 4502 12172 4179 12173 4179 12173 4502 12172 1536 12174 4179 12173 1536 12174 1520 12175 1518 12176 1517 12177 4174 12178 4174 12179 1517 12180 4490 12181 4174 12179 4490 12181 4178 12182 4178 12182 4490 12181 4492 12183 4178 12182 4492 12183 4180 12184 4180 12184 4492 12183 866 12185 4180 12184 866 12185 847 12186 1469 12187 1472 12188 4176 12189 4176 12189 1472 12188 4370 12190 4176 12189 4370 12190 998 12191 998 12192 4370 12193 841 12194 1522 12195 1528 12196 3355 12197 3355 12197 1528 12196 3129 12198 3355 12197 3129 12198 3130 12199 2793 12200 3900 12201 4539 12202 4539 12203 3900 12204 4540 12205 4539 12206 4540 12207 4541 12208 4541 12209 4540 12210 4542 12211 4541 12212 4542 12213 4543 12214 2654 12215 4543 12216 4533 12217 4533 12217 4543 12216 4542 12218 4533 12217 4542 12218 4534 12219 4534 12220 4542 12221 4540 12222 4534 12220 4540 12222 4536 12223 4536 12223 4540 12222 3900 12224 4536 12225 3900 12226 4538 12227 4538 12228 3900 12229 3899 12230 4538 12228 3899 12230 4537 12231 4537 12231 3899 12230 1431 12232 4537 12231 1431 12232 4535 12233 4535 12233 1431 12232 1213 12234 4535 12233 1213 12234 2670 12235 2670 12235 1213 12234 1215 12236 2654 12237 2656 12238 4543 12239 4543 12239 2656 12238 995 12240 4543 12241 995 12242 4541 12243 4541 12244 995 12245 3768 12246 4541 12247 3768 12248 4539 12249 4539 12250 3768 12251 2794 12252 4539 12253 2794 12254 2793 12255 4493 12256 4491 12257 4544 12258 4544 12258 4491 12257 4545 12259 4545 12259 4491 12257 4489 12260 4545 12259 4489 12260 4546 12261 4546 12261 4489 12260 4488 12262 4546 12261 4488 12262 4547 12263 4547 12263 4488 12262 4487 12264 4547 12265 4487 12266 4548 12267 4548 12267 4487 12266 4486 12268 4548 12267 4486 12268 4549 12269 4549 12269 4486 12268 4504 12270 4549 12269 4504 12270 4550 12271 4550 12271 4504 12270 4505 12272 4550 12271 4505 12272 4551 12273 4551 12273 4505 12272 4503 12274 4551 12273 4503 12274 4552 12275 4552 12275 4503 12274 4501 12276 4552 12275 4501 12276 4553 12277 4553 12277 4501 12276 4499 12278 4553 12277 4499 12278 4554 12279 4554 12279 4499 12278 4498 12280 4554 12279 4498 12280 4555 12281 4555 12281 4498 12280 4497 12282 4555 12283 4497 12284 4556 12285 4556 12285 4497 12284 4494 12286 4556 12285 4494 12286 4557 12287 4557 12287 4494 12286 4495 12288 4557 12287 4495 12288 4558 12289 4558 12289 4495 12288 4496 12290 4558 12289 4496 12290 4559 12291 4559 12291 4496 12290 4493 12256 4559 12291 4493 12256 4544 12258 1333 12292 4560 12293 1334 12294 1334 12295 4560 12296 1546 12297 1334 12298 1546 12299 3322 12300 3322 12301 1546 12302 1548 12303 3323 12304 1548 12305 1550 12306 1550 12306 1548 12305 1547 12307 3323 12304 1550 12306 1549 12308 3323 12309 1549 12310 2174 12311 4142 12312 4143 12313 4144 12314 4144 12315 4143 12316 4156 12317 4144 12318 4156 12319 4137 12320 4137 12321 4156 12322 4155 12323 4137 12324 4155 12325 1343 12326 843 12327 842 12328 2718 12329 2718 12330 842 12331 1524 12332 2718 12330 1524 12332 2717 12333 2313 12334 2312 12335 4561 12336 4561 12337 2312 12338 4252 11081 4252 11081 2312 12338 1804 12339 4252 11081 1804 12339 1800 11079 4561 12337 4252 11081 4251 12340 4561 12341 4251 12342 4249 12343 4561 12344 4249 12345 4562 12346 4562 12346 4249 12345 4250 12347 4562 12346 4250 12347 2094 12348 4562 12346 2094 12348 2093 12349 4562 12346 2093 12349 4563 12350 4563 12350 2093 12349 1314 12351 4563 12352 1314 12353 1313 12354 4563 12352 1313 12354 2313 12355 4563 12350 2313 12356 4562 12346 4562 12346 2313 12357 4561 12344 2644 12358 2642 12358 2646 12358 2646 12359 2642 12359 2640 12359 2646 212 2640 212 2648 212 2648 12360 2640 12360 2638 12360 2648 12361 2638 12361 2636 12361 2648 12362 2636 12362 2634 12362 2648 212 2634 212 2624 212 2624 12363 2634 12363 2632 12363 2624 212 2632 212 2625 212 2625 12364 2632 12364 2630 12364 2625 212 2630 212 2628 212 1831 12365 1828 12366 4049 12367 4049 12368 1828 12369 1826 12370 4049 12371 1826 12372 3296 12373 3296 12374 1826 12375 1823 12376 3296 12374 1823 12376 3297 12377 3297 12377 1823 12376 1824 12378 3297 12377 1824 12378 3299 12379 3299 12380 1824 12381 1820 12382 3299 12383 1820 12384 3981 12385 3981 12385 1820 12384 1818 12386 3981 12387 1818 12388 1698 12389 1698 12390 1818 12391 1699 12392 2111 12393 2115 12394 2110 12395 2110 12396 2115 12397 2149 12398 2110 12399 2149 12400 2116 12401 2116 12402 2149 12403 1074 12404 1651 12405 1650 12406 1696 12407 1696 12408 1650 12409 3694 12410 1696 12411 3694 12412 1511 12413 1511 12413 3694 12412 1543 12414 1511 12413 1543 12414 1512 12415 1512 12416 1543 12417 3217 12418 4266 12419 4264 12420 4564 12421 4564 12421 4264 12420 4565 12422 4565 12422 4264 12420 4262 12423 4565 12422 4262 12423 4566 12424 4566 12424 4262 12423 4260 12425 4566 12426 4260 12427 4259 12428 4566 12429 4259 12430 4567 12431 4567 12431 4259 12430 4289 12432 4567 12431 4289 12432 4568 12433 4568 12433 4289 12432 4287 12434 4568 12433 4287 12434 4569 12435 4569 12435 4287 12434 4285 12436 4569 12435 4285 12436 4570 12437 4570 12437 4285 12436 4283 12438 4570 12437 4283 12438 4571 12439 4571 12439 4283 12438 4282 12440 4571 12439 4282 12440 4572 12441 4572 12441 4282 12440 4280 12442 4572 12441 4280 12442 4573 12443 4573 12443 4280 12442 4278 12444 4573 12443 4278 12444 4574 12445 4574 12445 4278 12444 4277 12446 4574 12447 4277 12448 4274 12449 4574 12450 4274 12451 4575 12452 4575 12452 4274 12451 4273 12453 4575 12452 4273 12453 4576 12454 4576 12454 4273 12453 4271 12455 4576 12454 4271 12455 4577 12456 4577 12456 4271 12455 4269 12457 4577 12456 4269 12457 1338 12458 1338 12458 4269 12457 4267 12459 1338 12460 4267 12461 4266 12419 1338 12460 4266 12419 4564 12421 1338 12462 4564 12421 1339 12463 1339 12463 4564 12421 4453 12464 4453 12464 4564 12421 4565 12422 4453 12464 4565 12422 4459 12465 4459 12465 4565 12422 4566 12466 4461 12467 4566 12429 4567 12431 4461 12467 4567 12431 4462 12468 4462 12468 4567 12431 4568 12433 4462 12468 4568 12433 4460 12469 4460 12469 4568 12433 4569 12435 4460 12469 4569 12435 4458 12470 4458 12470 4569 12435 4570 12437 4458 12470 4570 12437 4452 12471 4452 12471 4570 12437 4571 12439 4452 12471 4571 12439 4450 12472 4450 12472 4571 12439 4572 12441 4450 12472 4572 12441 4573 12443 4450 12472 4573 12443 4451 12473 4451 12473 4573 12443 4455 12474 4455 12474 4573 12443 4574 12475 4457 12476 4574 12450 4575 12452 4457 12476 4575 12452 4456 12477 4456 12477 4575 12452 4576 12454 4456 12477 4576 12454 4454 12478 4454 12478 4576 12454 4577 12456 4454 12478 4577 12456 1337 12479 1337 12480 4577 12481 1338 12482 4457 12476 4455 12483 4574 12450 4461 12467 4459 12484 4566 12429 1458 12485 2949 12486 1529 12487 1529 12488 2949 12489 1905 12490 1529 12488 1905 12490 1903 12491 1571 12492 1602 12493 3720 12494 3720 12495 1602 12496 4216 12497 3720 12495 4216 12497 3721 12498 3721 12498 4216 12497 4228 12499 3721 12498 4228 12499 3722 12500 3722 12500 4228 12499 4229 12501 3722 12500 4229 12501 3724 12502 3724 12502 4229 12501 3727 12503 3724 12504 3727 12505 3726 12506 1759 12507 1761 12508 1753 12509 1753 12510 1761 12511 1386 12512 1753 12510 1386 12512 1742 12513 4578 12514 4579 12515 4506 12516 4506 12516 4579 12515 4580 12517 4506 12516 4580 12517 1604 12518 1604 12518 4580 12517 4581 12519 1604 12518 4581 12519 4582 12520 1604 12518 4582 12520 1606 12521 1606 12521 4582 12520 4583 12522 1606 12521 4583 12522 4431 12523 4431 12523 4583 12522 4584 12524 4431 12523 4584 12524 4585 12525 4431 12523 4585 12525 1778 12526 1778 12526 4585 12525 4586 12527 1778 12526 4586 12527 4587 12528 1778 12526 4587 12528 1648 12529 1648 12529 4587 12528 4588 12530 1648 12529 4588 12530 4589 12531 1648 12529 4589 12531 1656 12532 1656 12532 4589 12531 4590 12533 1656 12532 4590 12533 4507 12534 4507 12534 4590 12533 4591 12535 4507 12534 4591 12535 4578 12514 4507 12534 4578 12514 4506 12516 4430 12536 1606 12521 4431 12523 4508 12537 1656 12532 4507 12534 917 12538 3286 12539 3331 12540 3331 12540 3286 12539 947 12541 3331 12540 947 12541 3348 12542 3348 12542 947 12541 949 12543 3348 12542 949 12543 1053 12544 2083 12545 2127 12546 2084 12547 2084 12548 2127 12549 2125 12550 2084 12551 2125 12552 2086 12553 2086 12553 2125 12552 2124 12554 2086 12555 2124 12556 2122 12557 966 12558 3305 12559 3470 12560 3470 12560 3305 12559 3304 12561 3470 12560 3304 12561 3469 12562 3469 12562 3304 12561 4210 12563 3469 12562 4210 12563 3462 12564 3462 12564 4210 12563 4209 12565 3462 12564 4209 12565 3461 12566 3461 12566 4209 12565 1575 12567 3461 12568 1575 12569 3471 12570 4514 12571 4513 12572 4329 12573 4329 12573 4513 12572 4330 12574 4330 12574 4513 12572 4515 12575 4330 12574 4515 12575 4332 12576 4332 12576 4515 12575 4517 12577 4332 12576 4517 12577 4334 12578 4334 12578 4517 12577 4519 12579 4334 12578 4519 12579 4335 12580 4335 12580 4519 12579 4521 12581 4335 12580 4521 12581 4337 12582 4337 12582 4521 12581 4523 12583 4337 12582 4523 12583 4338 12584 4338 12584 4523 12583 4525 12585 4338 12584 4525 12585 4339 12586 4339 12586 4525 12585 4527 12587 4339 12586 4527 12587 4340 12588 4340 12588 4527 12587 4529 12589 4340 12588 4529 12589 4342 12590 4342 12590 4529 12589 4531 12591 4342 12590 4531 12591 4344 12592 4344 12592 4531 12591 4532 12593 4344 12592 4532 12593 4345 12594 4345 12594 4532 12593 4530 12595 4345 12594 4530 12595 4347 12596 4347 12596 4530 12595 4528 12597 4347 12596 4528 12597 4349 12598 4349 12598 4528 12597 4526 12599 4349 12598 4526 12599 4350 12600 4350 12600 4526 12599 4524 12601 4350 12600 4524 12601 4352 12602 4352 12602 4524 12601 4522 12603 4352 12602 4522 12603 4323 12604 4323 12604 4522 12603 4520 12605 4323 12604 4520 12605 4324 12606 4324 12606 4520 12605 4518 12607 4324 12606 4518 12607 4325 12608 4325 12608 4518 12607 4516 12609 4325 12608 4516 12609 4327 12610 4327 12610 4516 12609 4514 12571 4327 12610 4514 12571 4329 12573 3161 12611 3159 12612 4351 12613 4351 12613 3159 12612 4366 12614 4366 12615 3159 12616 3158 12617 4366 12615 3158 12617 4365 12618 4365 12619 3158 12620 3156 12621 4365 12619 3156 12621 4364 12622 4364 12622 3156 12621 3154 12623 4364 12622 3154 12623 4363 12624 4363 12624 3154 12623 3152 12625 4363 12624 3152 12625 4362 12626 4362 12626 3152 12625 3150 12627 4362 12626 3150 12627 4361 12628 4361 12628 3150 12627 3148 12629 4361 12628 3148 12629 4360 12630 4360 12630 3148 12629 3147 12631 4360 12630 3147 12631 4341 12632 4341 12632 3147 12631 3144 12633 4341 12632 3144 12633 823 1982 823 1982 3144 12633 3143 12634 823 1982 3143 12634 821 1980 821 1980 3143 12634 3180 12635 821 1980 3180 12635 4336 12636 4336 12636 3180 12635 3178 12637 4336 12636 3178 12637 4359 12638 4359 12639 3178 12640 3177 12641 4359 12639 3177 12641 4358 12642 4358 12643 3177 12644 3175 12645 4358 12643 3175 12645 4357 12646 4357 12646 3175 12645 3173 12647 4357 12646 3173 12647 4356 12648 4356 12648 3173 12647 3171 12649 4356 12648 3171 12649 4355 12650 4355 12650 3171 12649 3169 12651 4355 12650 3169 12651 4354 12652 4354 12652 3169 12651 3167 12653 4354 12652 3167 12653 4353 12654 4353 12654 3167 12653 3166 12655 4353 12654 3166 12655 4326 12656 4326 12656 3166 12655 3164 12657 4326 12656 3164 12657 1326 12658 1326 12659 3164 12660 3162 12661 1326 12659 3162 12661 1324 12662 1324 12663 3162 12664 3161 12611 1324 12663 3161 12611 4351 12613 4348 12665 4366 12666 4365 12667 4346 12668 4364 12622 4363 12624 4343 12669 4361 12628 4360 12630 4333 12670 4359 12671 4358 12672 4331 12673 4357 12646 4356 12648 4328 12674 4354 12652 4353 12654 4592 12675 4593 12676 4594 12677 4594 12677 4593 12676 4595 12678 4594 12677 4595 12678 4596 12679 4597 12680 4598 12681 4599 12682 4599 12682 4598 12681 4600 12683 4599 12682 4600 12683 4601 12684 4601 12684 4600 12683 4602 12685 4601 12684 4602 12685 4603 12686 4603 12686 4602 12685 4593 12676 4603 12686 4593 12676 4592 12675 4597 12680 4604 12687 4598 12681 4594 12677 4596 12679 4605 12688 4605 12688 4596 12679 4606 12689 4605 12688 4606 12689 4607 12690 4607 12690 4606 12689 4608 12691 4606 12692 4609 12693 4608 12693 4610 12694 4611 12694 4612 12694 4606 12695 4611 12695 4609 12695 4609 12696 4611 12696 4610 12696 4606 12697 4596 12697 4611 12697 4611 12698 4596 12698 4595 12698 4611 12699 4595 12699 4613 12699 4604 304 4614 304 4598 304 4598 304 4614 304 4615 304 4598 12700 4615 12700 4600 12700 4600 304 4615 304 4616 304 4600 12701 4616 12701 4602 12701 4602 12702 4616 12702 4613 12702 4602 304 4613 304 4593 304 4593 304 4613 304 4595 304 4617 304 4618 304 4619 304 4619 12703 4618 12703 4620 12703 4619 12704 4620 12704 4611 12704 4611 12705 4620 12705 4621 12705 4611 304 4621 304 4612 304 4622 12706 4617 12706 4623 12706 4623 304 4617 304 4619 304 4624 12707 4599 12708 4601 12709 4599 12710 4624 12711 4625 212 4625 12712 4624 12713 4626 12712 4625 212 4626 212 4627 212 4597 212 4599 12714 4628 212 4628 12715 4599 12716 4625 12715 4597 12717 4628 12717 4604 12717 4604 12718 4628 12718 4614 12718 4610 820 4629 820 4609 820 4609 820 4629 820 4608 820 4623 12719 4619 12720 4630 12721 4630 12721 4619 12720 4631 12722 4631 12722 4619 12720 4632 12723 4632 12723 4619 12720 4611 12724 4632 12723 4611 12724 4633 12725 4633 12725 4611 12724 4613 12726 4633 12725 4613 12726 4634 12727 4634 12727 4613 12726 4616 12728 4634 12727 4616 12728 4627 12729 4627 12729 4616 12728 4615 12730 4627 12729 4615 12730 4625 12731 4625 12731 4615 12730 4614 12732 4625 12731 4614 12732 4628 12733 4630 12734 4635 12735 4623 12736 4623 12737 4635 12738 4636 12739 4623 12740 4636 12741 4622 12742 4636 12743 4637 12744 4622 12745 4622 12745 4637 12744 4638 12746 4622 12745 4638 12746 4617 12747 4621 12748 4620 12749 4639 12750 4639 12750 4620 12749 4618 12751 4639 12750 4618 12751 4640 12752 4640 12752 4618 12751 4617 12747 4640 12752 4617 12747 4641 12753 4641 12753 4617 12747 4638 12746 4642 12754 4621 12748 4643 12755 4643 12755 4621 12748 4639 12750 4629 12756 4610 12757 4642 12758 4642 12758 4610 12757 4612 12759 4642 12758 4612 12759 4621 12760 4638 12761 4637 12762 4644 12763 4644 12763 4637 12762 4636 12764 4644 12763 4636 12764 4645 12765 4645 12765 4636 12764 4635 212 4646 12766 4647 12767 4629 12768 4629 12768 4647 12767 4648 12769 4629 12770 4648 12771 4608 12772 4642 12773 4643 212 4649 12774 4649 12775 4643 212 4639 12776 4649 12777 4639 12778 4640 12779 4594 12780 4649 12781 4592 12782 4607 212 4608 12772 4605 12783 4605 12783 4608 12772 4648 12771 4605 12783 4648 12771 4594 12780 4594 12780 4648 12771 4650 12784 4594 12780 4650 12784 4649 12781 4649 12781 4650 12784 4646 12766 4649 12781 4646 12766 4642 12785 4642 12785 4646 12766 4629 12768 4651 12786 4647 12787 4652 12788 4652 12789 4647 12790 4653 12791 4652 12789 4653 12791 4654 12792 4655 12793 4653 12794 4647 12795 4656 12796 4651 12797 4657 12796 4658 12798 4654 12798 4653 12798 4656 12799 4652 12799 4651 12799 4653 12800 4655 12800 4658 12800 4651 12801 4659 12801 4647 12801 4659 12802 4651 12803 4654 12802 4654 12804 4658 12804 4659 12804 4652 12805 4654 12806 4651 12807 4656 12808 4657 12809 4652 12810 4652 12810 4657 12809 4651 12811</p>
        </triangles>
      </mesh>
    </geometry>
  </library_geometries>
  <library_visual_scenes>
    <visual_scene id="Scene" name="Scene">
      <node id="mh00400-j00_lk1" name="mh00400-j00_lk1" type="NODE">
        <matrix sid="transform">1 0 0 0 0 1 0 0 0 0 1 -0.9 0 0 0 1</matrix>
        <instance_geometry url="#mh00400-j00_lk1_1-mesh" name="mh00400-j00_lk1">
          <bind_material>
            <technique_common>
              <instance_material symbol="Surface_1_002-material" target="#Surface_1_002-material"/>
              <instance_material symbol="Surface_3-material" target="#Surface_3-material"/>
            </technique_common>
          </bind_material>
        </instance_geometry>
      </node>
    </visual_scene>
  </library_visual_scenes>
  <scene>
    <instance_visual_scene url="#Scene"/>
  </scene>
</COLLADA>