<?xml version="1.0" encoding="utf-8"?>
<COLLADA xmlns="http://www.collada.org/2005/11/COLLADASchema" version="1.4.1" xmlns:xsi="http://www.w3.org/2001/XMLSchema-instance">
  <asset>
    <contributor>
      <author>Blender User</author>
      <authoring_tool>Blender 4.2.0 commit date:2024-07-16, commit time:06:20, hash:a51f293548ad</authoring_tool>
    </contributor>
    <created>2025-08-13T11:54:42</created>
    <modified>2025-08-13T11:54:42</modified>
    <unit name="meter" meter="1"/>
    <up_axis>Z_UP</up_axis>
  </asset>
  <library_effects>
    <effect id="Surface_1_008-effect">
      <profile_COMMON>
        <technique sid="common">
          <lambert>
            <emission>
              <color sid="emission">0 0 0 1</color>
            </emission>
            <diffuse>
              <color sid="diffuse">0 0.200784 0.4 1</color>
            </diffuse>
            <index_of_refraction>
              <float sid="ior">1</float>
            </index_of_refraction>
          </lambert>
        </technique>
      </profile_COMMON>
    </effect>
  </library_effects>
  <library_images/>
  <library_materials>
    <material id="Surface_1_008-material" name="Surface_1.008">
      <instance_effect url="#Surface_1_008-effect"/>
    </material>
  </library_materials>
  <library_geometries>
    <geometry id="polygons_005-mesh" name="polygons.005">
      <mesh>
        <source id="polygons_005-mesh-positions">
          <float_array id="polygons_005-mesh-positions-array" count="3594">2.050606 0.03605496 2.235311 2.051898 0.03944998 2.2223 2.049014 0.03909897 2.230857 1.737711 -0.09379196 2.125187 1.737214 -0.100348 2.134212 1.737313 -0.07892197 2.109831 1.737711 -0.108076 2.147927 1.737214 -0.112642 2.158535 1.737711 -0.1169739 2.173304 1.737214 -0.119082 2.185025 1.737711 -0.11996 2.200029 1.737214 -0.119375 2.212278 1.737711 -0.1169739 2.226696 1.792413 -0.07341897 2.145875 1.78933 -0.07084298 2.139546 1.78933 -0.07213097 2.153436 1.791816 -0.03378599 2.113875 1.789031 -0.03963994 2.1137 1.789031 -0.01721894 2.106608 1.737711 0.05256396 2.092132 1.737313 0.04003596 2.08674 1.737413 0.06807696 2.101157 1.737214 -0.11352 2.238886 1.792512 -0.06059795 2.136322 1.789529 -0.06042295 2.136908 1.737711 -0.108076 2.252073 1.792413 -0.05205094 2.127531 1.78933 -0.05082195 2.124249 1.789429 -0.05058795 2.133626 1.791816 -0.04602098 2.119502 1.789429 -0.03987395 2.118037 1.791816 -0.05398297 2.124894 1.792512 -0.05784696 2.131047 1.791916 -0.06943798 2.139135 2.032405 0.01000398 2.258051 2.032604 0.007251977 2.245568 2.028228 0.02182894 2.248381 2.017088 0.02744895 2.254535 2.005054 0.02270698 2.258051 2.025741 0.02335095 2.258168 1.737214 -0.101812 2.263502 1.792214 -0.01148098 2.108659 1.78923 0.006431996 2.10526 1.792313 -0.02506297 2.116337 1.78933 -0.02395099 2.114403 1.789429 -0.02395099 2.123839 1.789429 -0.04344499 2.139546 1.789429 -0.03431296 2.137377 1.789131 -0.02998095 2.127531 1.792413 -0.03583496 2.11874 1.792512 -0.029805 2.130461 1.792512 -0.04625499 2.139311 1.774511 -0.02851694 2.109363 1.774511 -0.005509972 2.105143 1.774511 0.01784795 2.106667 1.787539 0.02223896 2.107604 1.795198 -0.08184897 2.167209 1.79291 -0.06498897 2.163282 1.802259 -0.06358397 2.170139 1.792015 -0.06826698 2.157245 1.792015 -0.01885795 2.109831 1.789429 -0.06042295 2.157714 1.792711 -0.02014595 2.128645 1.789429 -0.01680898 2.129699 2.104313 -0.06118398 2.246916 2.102821 -0.05404198 2.247736 2.108391 -0.05374896 2.239648 1.78933 -0.05298799 2.142535 1.789429 -0.05316299 2.152146 1.737711 -0.09379196 2.274813 1.792214 -0.08126395 2.242696 1.789926 -0.08916699 2.23326 1.795198 -0.08436596 2.232147 1.737214 -0.08483499 2.284835 1.737711 -0.07476496 2.293802 1.792313 0.02452194 2.124483 1.78933 0.02188795 2.126769 1.789529 0.02446299 2.116923 1.789429 0.008539974 2.128762 1.794402 0.01603299 2.129875 1.79301 0.005905985 2.126652 1.78923 -0.004982948 2.113289 1.78933 -0.006446957 2.126828 1.789529 -0.01639896 2.108718 1.795695 -0.01241797 2.130403 1.792214 0.01134997 2.108718 1.791816 0.03377199 2.113875 1.792015 0.01884299 2.109831 1.792413 0.003856956 2.116044 1.789429 0.007544994 2.110828 1.789429 0.003446996 2.119209 1.789429 0.01814097 2.109011 1.792413 0.05139297 2.131809 1.78923 0.04688495 2.138549 1.78933 0.05156797 2.125538 1.792413 0.05051499 2.124308 1.791717 -0.06686198 2.241524 1.789429 -0.06504696 2.242227 1.78923 -0.07371199 2.249495 1.792512 -0.07324296 2.249963 1.737214 -0.06352496 2.301831 1.737711 -0.05205094 2.308103 1.791816 0.04606497 2.119443 1.791816 0.05402696 2.124894 1.793209 0.03137099 2.133392 1.792214 0.03072696 2.125656 1.789429 0.03429895 2.12044 1.789429 0.03014194 2.128938 1.792512 0.03763496 2.118681 1.807232 -0.08284395 2.229861 1.797087 -0.06610095 2.23074 1.838959 -0.061535 2.176176 1.834086 -0.06352496 2.173656 1.833588 -0.06112498 2.169963 1.950551 -0.05404198 2.106022 1.956319 -0.05398297 2.108894 1.957413 -0.05409997 2.101978 1.940307 -0.05363196 2.110066 1.957811 -0.05421698 2.095707 1.968155 -0.05415898 2.09641 1.982477 -0.05380696 2.091546 1.97631 -0.05398297 2.09682 1.975018 -0.05398297 2.101157 2.118734 -0.05409997 2.186549 2.111971 -0.05427598 2.173421 2.112866 -0.05404198 2.185377 1.956319 -0.06100797 2.108894 2.050208 0.03611296 2.164806 2.044439 0.03394699 2.161231 2.046428 0.03939199 2.167502 1.975018 -0.06112498 2.11493 1.9599 -0.06100797 2.115575 1.965072 -0.06106698 2.118271 2.065226 -0.04326999 2.255004 2.065027 -0.05146598 2.233026 2.064927 -0.04660695 2.247209 1.78923 0.07369697 2.150506 1.792512 0.07322895 2.150037 1.791916 0.06702399 2.158242 2.064331 -0.04795295 2.238476 1.789429 0.06509196 2.157773 2.018381 -0.05351495 2.288527 2.017088 -0.06106698 2.290227 2.027034 -0.06112498 2.287297 1.945379 -0.06106698 2.126828 1.9415 -0.05398297 2.124015 1.951048 -0.050529 2.127648 1.977305 -0.06106698 2.094828 1.988643 -0.06124198 2.091018 1.78933 -0.05158299 2.27452 1.792413 -0.050529 2.275692 1.792413 -0.05140697 2.26819 2.093273 -0.06112498 2.214447 2.094168 -0.05415898 2.212923 2.092975 -0.05404198 2.223179 2.02962 -0.05392396 2.288586 2.028128 -0.04859697 2.280967 2.009629 -0.04859697 2.284015 2.00028 -0.05345594 2.289348 1.987848 -0.04883098 2.282667 2.011916 -0.05392396 2.291751 2.014403 -0.05398297 2.295267 1.791717 -0.071487 2.258813 1.788335 -0.06053996 2.273934 1.789031 -0.07810199 2.254124 1.792711 0.04682695 2.138315 1.792413 -0.06071496 2.263795 1.789429 -0.06955498 2.261158 1.789429 -0.05720299 2.262212 1.791717 0.071473 2.141245 1.788932 0.05976396 2.126066 1.788932 0.07603895 2.143004 1.796888 0.05291497 2.152205 1.789429 0.052037 2.147341 1.789429 0.05590099 2.155663 1.792512 0.05303198 2.143121 1.789429 0.05718797 2.137788 1.792413 0.06070095 2.136205 1.737214 -0.03893798 2.313494 1.938218 -0.06124198 2.11622 1.938715 -0.05404198 2.116454 1.947865 -0.06124198 2.105729 1.737711 -0.02670198 2.316952 1.789429 -0.05205094 2.252659 1.796888 -0.05287098 2.247795 1.792512 -0.05304598 2.256879 1.789429 0.06954097 2.138842 1.83508 -0.06252998 2.224 1.830804 -0.06311595 2.228688 1.834484 -0.06662797 2.221538 2.091085 -0.05404198 2.229509 2.089692 -0.06112498 2.230212 2.096654 -0.06100797 2.227809 1.737214 0.01497995 2.319062 1.737711 -7e-6 2.319941 1.737711 0.02586799 2.317128 2.008833 -0.004631996 2.257993 2.001871 -7e-6 2.255297 2.014502 -0.007734954 2.254769 2.027233 -0.06118398 2.091018 2.032703 -0.05404198 2.094886 2.022956 -0.05404198 2.090901 2.091881 -0.06112498 2.265788 2.065325 -0.06100797 2.268366 2.084819 -0.06100797 2.265494 2.057369 -0.02722895 2.254007 2.057468 -0.02816599 2.240996 2.054683 -0.02681899 2.240469 2.065723 -0.06100797 2.273993 2.057369 -0.06112498 2.272469 2.08651 -0.06118398 2.273817 2.017983 -0.06100797 2.093714 1.792413 -0.02125799 2.289407 1.789429 -0.02389198 2.285538 1.789529 -0.01663297 2.291165 2.097947 -0.06100797 2.259458 2.079051 -0.06100797 2.260747 2.070398 -0.06112498 2.260982 2.000081 0.005612969 2.258286 1.737214 -0.01230096 2.319355 2.019674 -0.05404198 2.307868 2.015099 -0.05398297 2.302769 2.011518 -0.05404198 2.308747 2.049313 -0.05386596 2.28337 2.042152 -0.06112498 2.281319 2.050108 -0.06100797 2.284425 2.08641 -0.05409997 2.238711 2.096654 -0.05398297 2.227809 1.792313 -0.02477097 2.275985 1.78933 -0.02395099 2.275868 2.080244 -0.05421698 2.247092 2.077459 -0.06106698 2.255179 2.082432 -0.06112498 2.246212 2.036085 -0.05345594 2.283897 1.789429 -0.01522797 2.270066 1.789429 -0.007441997 2.289172 1.789031 -0.003519952 2.276982 1.998589 0.01228696 2.255004 2.031708 -0.05415898 2.306637 2.049313 0.03974294 2.217494 2.051998 0.03968399 2.191766 2.051003 0.042611 2.205304 1.97641 -0.05374896 2.113641 2.00028 -0.05000197 2.114813 2.00028 -0.05339795 2.110593 1.789429 -0.03015595 2.271062 1.793209 -0.03138595 2.266608 1.792214 -0.03068298 2.274344 1.987549 -0.053222 2.11241 2.040361 -0.05404198 2.302828 2.034991 -0.05398297 2.298842 2.050705 -0.05415898 2.300894 2.036681 -0.05421698 2.310037 2.007143 -0.05380696 2.310857 2.010325 -0.05614894 2.317773 1.982875 -0.05597299 2.315839 1.987052 -0.05374896 2.308982 1.998291 -0.05404198 2.308513 1.994909 -0.05398297 2.302769 1.956618 -0.056032 2.307458 1.961392 -0.05368995 2.301597 1.969448 -0.05404198 2.302769 1.977305 -0.05404198 2.305114 1.975018 -0.05398297 2.298842 1.935035 -0.05386596 2.289934 2.061347 -0.05421698 2.299663 2.061347 -0.05421698 2.294447 2.078752 -0.05380696 2.28167 2.070895 -0.05409997 2.286886 2.070497 -0.05398297 2.279853 2.053689 -0.05398297 2.291106 2.063833 -0.03788399 2.253363 2.057369 -0.04092794 2.25137 2.071989 -0.05409997 2.260161 2.079051 -0.05398297 2.260747 2.077758 -0.05398297 2.257113 2.064828 -0.05392396 2.264322 2.064629 -0.05128997 2.257113 2.061944 -0.05257797 2.265788 2.059557 -0.05398297 2.272 2.06075 -0.04801195 2.26274 2.065126 -0.05404198 2.268073 1.956916 -0.06124198 2.125304 2.062541 -0.03273195 2.257113 1.960099 -0.05404198 2.116044 1.967459 -0.05328094 2.118798 1.990334 -0.05409997 2.092249 1.789529 -0.04344499 2.281436 1.792512 -0.03764998 2.281377 1.791717 -0.04391396 2.28167 1.959005 -0.05310499 2.121495 1.789429 -0.03431296 2.27956 1.794899 0.08481997 2.167092 1.795297 0.06567698 2.166974 2.104711 -0.05386596 2.230798 2.103816 -0.06100797 2.229978 2.107794 -0.06106698 2.235487 2.051998 -0.06112498 2.299311 2.034991 -0.06100797 2.298842 2.04066 -0.06106698 2.303062 2.04971 -0.05386596 2.27915 1.792512 0.03658199 2.28126 1.789529 0.04343098 2.281377 1.791816 0.04600697 2.280498 1.797087 0.08628398 2.231033 1.792612 0.08803999 2.232791 1.794502 0.08312296 2.233319 1.79112 0.08581596 2.237421 1.794402 0.08991396 2.229861 1.78933 0.07205796 2.246447 1.792015 0.06825298 2.242696 1.792413 0.07340496 2.254124 1.892269 -0.03823494 2.255004 1.897142 -0.03934699 2.254007 1.895252 -0.04309397 2.252659 2.084819 -0.06100797 2.134506 2.066121 -0.06106698 2.134623 2.091483 -0.06106698 2.134212 1.788435 0.07398998 2.260161 1.774511 0.07879096 2.253128 1.774511 0.06339401 2.270769 1.789031 0.05835896 2.275048 1.774511 0.04419195 2.284073 1.789031 0.04126495 2.285597 1.774411 0.02054095 2.293099 1.788832 0.02059996 2.292864 1.792413 0.05209499 2.272469 1.78933 0.05086594 2.275751 1.789429 0.05063199 2.266374 2.066121 -0.05275398 2.200674 2.065325 -0.05404198 2.13433 2.064629 -0.05128997 2.142886 2.065325 -0.05380696 2.126124 2.05707 -0.05339795 2.127707 2.079846 -0.05380696 2.118916 2.076962 -0.06106698 2.118505 2.085615 -0.06112498 2.124249 2.062043 -0.05257797 2.134271 2.063734 -0.04520195 2.140542 2.05896 -0.06118398 2.12759 2.065723 -0.06100797 2.126007 1.907983 -0.05626595 2.268366 1.913354 -0.05392396 2.266315 1.903408 -0.04918295 2.256176 1.791916 0.06942397 2.260864 1.789429 0.06374496 2.263619 1.789429 0.07252699 2.257465 1.792512 0.06035 2.26356 1.792313 0.05771499 2.271531 1.792313 0.03324496 2.286242 1.909176 -0.06188595 2.272703 1.930261 -0.05960297 2.293685 1.890578 -0.02787297 2.260044 1.890677 -0.03121 2.258051 1.899032 -0.005860984 2.256 1.791816 0.07832199 2.249201 1.792512 -0.004514992 2.276513 1.792413 -0.004749 2.2863 1.932748 0.01702898 2.144996 1.938616 -0.02178496 2.145055 1.933544 0.03587895 2.144996 2.049213 -0.06106698 2.098637 2.040361 -0.06106698 2.097172 2.034991 -0.06100797 2.101157 1.789429 0.008656978 2.271179 1.794104 0.008363962 2.272117 1.794502 0.01568198 2.270242 1.975018 -0.06100797 2.298842 1.737313 0.04594796 2.310916 1.957413 -0.06100797 2.102329 2.034991 -0.05398297 2.101157 1.792413 0.00414896 2.284894 1.78933 0.003387987 2.280908 1.789529 0.007602989 2.289055 2.017287 -0.06106698 2.109831 2.027233 -0.06112498 2.11282 2.032803 -0.06100797 2.108366 2.053291 -0.06100797 2.104381 2.053689 -0.06100797 2.108894 2.034593 -0.06106698 2.113934 2.069403 -0.06112498 2.110007 2.050108 -0.06100797 2.115575 2.043942 -0.06118398 2.118857 2.050904 -0.06100797 2.121319 2.070497 -0.06100797 2.120147 2.059756 -0.06106698 2.106022 2.014403 -0.06100797 2.104733 1.995605 -0.06100797 2.104733 1.977206 -0.06100797 2.108366 1.992224 -0.06118398 2.110769 1.981781 -0.06106698 2.112117 1.999385 -0.06106698 2.109187 2.009927 -0.06112498 2.110066 1.797386 0.06684798 2.230798 1.800568 0.07949298 2.230271 1.797585 0.05572497 2.244571 1.795993 0.03675699 2.260396 1.802458 0.04331398 2.252718 1.789429 0.060467 2.242286 1.79291 0.05180299 2.254007 1.789429 0.05314898 2.247854 1.78933 0.05297297 2.257465 1.791916 0.02498996 2.27622 1.789131 0.02516597 2.279678 1.789529 0.01878499 2.271297 1.792512 0.02264899 2.287472 1.792413 0.013282 2.291692 1.789429 0.01808196 2.290989 1.789031 0.03154695 2.265084 1.792413 0.02979099 2.26989 1.792512 0.04624098 2.260689 1.789429 0.03318595 2.278623 1.789429 0.04343098 2.260454 1.898236 -0.05216795 2.254769 1.911166 -0.07699 2.274813 1.901021 -0.05860799 2.260044 2.06085 -0.05392396 2.100688 2.043643 -0.05415898 2.096527 2.052694 -0.05404198 2.102329 1.995804 -0.04584598 2.28296 2.035388 -0.05351495 2.115692 2.094964 -0.05404198 2.204659 2.095859 -0.06106698 2.205656 2.095063 -0.06112498 2.195399 2.095859 -0.05404198 2.194344 2.034891 0.04946094 2.164571 2.032206 0.04928499 2.160176 2.028128 0.04823195 2.154022 2.100334 -0.06100797 2.190593 2.100334 -0.05398297 2.190593 2.021266 0.05525696 2.156425 2.00018 -0.06112498 2.289876 2.010623 -0.06106698 2.290813 2.014403 -0.06100797 2.295267 1.996699 -0.02242898 2.255765 1.992124 -0.01920896 2.255824 2.010623 -0.02535599 2.257524 1.982775 -0.06118398 2.30904 1.985958 -0.01493495 2.257993 1.978399 -0.01218396 2.255062 1.992025 -0.01516997 2.255004 1.974918 -0.01505297 2.257934 1.97631 -0.06100797 2.30318 1.996302 -0.03554195 2.257934 1.995406 -0.03887897 2.260747 1.996699 -0.02623397 2.258696 1.983869 -0.05345594 2.286886 1.97631 -0.05380696 2.286535 1.977206 -0.05398297 2.291634 2.108291 -0.06112498 2.162989 2.107893 -0.05404198 2.164571 2.106302 -0.05404198 2.155663 2.103816 -0.06100797 2.170022 2.103816 -0.05398297 2.170022 1.968155 -0.01792097 2.255765 2.092079 -0.06112498 2.179516 2.092477 -0.05404198 2.177758 2.095163 -0.05404198 2.187721 1.991925 -0.06112498 2.289231 1.981681 -0.06106698 2.287883 1.977206 -0.06100797 2.291634 1.957413 -0.06106698 2.297963 1.956319 -0.06100797 2.291106 1.974719 -0.06112498 2.285011 1.941003 -0.06100797 2.289758 1.9599 -0.06100797 2.284425 1.964873 -0.06106698 2.281729 1.93961 -0.06130099 2.277451 1.958508 -0.06112498 2.277216 1.950253 -0.06106698 2.272352 1.949656 -0.06112498 2.294212 1.995605 -0.06100797 2.295267 1.968055 -0.06124198 2.303766 2.053689 -0.06100797 2.291106 2.032803 -0.06100797 2.291634 2.070796 -0.06100797 2.286476 2.063436 -0.06118398 2.29433 2.034493 -0.06100797 2.286183 2.050705 -0.06100797 2.279033 2.070497 -0.06100797 2.279853 2.07736 -0.06106698 2.281436 1.96348 -0.02523899 2.257993 1.974023 -0.04924094 2.276806 1.967658 -0.04701697 2.275048 1.978996 -0.05064594 2.281787 1.971039 -0.04941695 2.278447 1.989837 -0.04385495 2.257993 1.983571 -0.04701697 2.260923 1.991826 -0.04678195 2.262506 1.967558 -0.05328094 2.281319 1.964574 -0.01903295 2.255004 1.963282 -0.02254599 2.255824 1.975018 -0.04695796 2.257934 1.96358 -0.03571796 2.257875 1.962685 -0.02869296 2.261099 1.963083 -0.03835195 2.261158 2.098843 -0.06112498 2.14148 2.098942 -0.05404198 2.145289 2.094964 -0.05380696 2.135678 2.09755 -0.05374896 2.151092 2.102821 -0.06106698 2.152322 2.065027 -0.05152398 2.169026 1.964077 -0.04239195 2.270066 1.960894 -0.04397195 2.273113 2.08641 -0.06112498 2.16293 2.08651 -0.05404198 2.161114 2.090985 -0.05404198 2.170373 2.08641 -0.05404198 2.128 2.057866 -0.02775597 2.145993 2.043146 -0.02798998 2.134154 2.049114 -0.02775597 2.138667 2.06453 -0.04871398 2.162169 2.057369 -0.04496794 2.15115 2.057369 -0.04531896 2.159472 2.079051 -0.05398297 2.139253 2.079051 -0.06100797 2.139253 2.073381 -0.06106698 2.139722 2.073083 -0.05404198 2.13978 1.954032 -0.05047094 2.273641 1.94518 -0.05269497 2.273113 2.06264 -0.03144395 2.143941 2.048915 -0.022897 2.144117 2.050407 -0.001236975 2.156249 2.051898 -0.02506297 2.156483 2.032803 0.050749 2.237187 2.044538 0.03939199 2.237538 2.044439 0.04155796 2.224352 1.792711 -0.09496295 2.196982 1.774511 -0.09496295 2.196982 1.774511 -0.09133297 2.17389 1.792512 -0.093499 2.182916 1.789827 -0.08899098 2.166447 1.774511 -0.08219999 2.152381 1.788932 -0.07593595 2.143004 1.830505 -0.08430796 2.179634 1.801563 -0.08875697 2.171839 1.825433 -0.08225899 2.170608 1.83339 -0.08202499 2.175531 1.830505 -0.08682495 2.200029 1.834384 -0.08465898 2.200029 1.834285 -0.08184897 2.222242 1.830306 -0.08442497 2.220249 1.827621 -0.08161497 2.22945 1.815786 -0.08998596 2.197743 1.815587 -0.08998596 2.203018 1.792711 -0.094904 2.203018 1.792512 -0.09343999 2.217084 1.802955 -0.08852297 2.228044 1.774511 -0.092094 2.223355 1.774511 -0.09496295 2.203018 1.774511 -0.08998596 2.203018 1.774511 -0.08998596 2.196982 1.791816 -0.08085399 2.155839 1.797585 -0.05568099 2.155428 1.79291 -0.05181699 2.145993 1.795993 -0.03677195 2.139604 1.799375 -6.6e-5 2.131927 1.792612 -0.003285944 2.122374 1.788932 0.039801 2.113582 1.794502 -0.06007099 2.242344 1.800767 -0.06013 2.234842 1.792512 -0.05772995 2.271355 1.792711 -0.04678195 2.261685 1.794601 -0.04408895 2.255355 1.794601 -0.03706395 2.260747 2.100334 -0.05398297 2.209407 2.067613 -0.05398297 2.257172 2.096654 -0.05398297 2.17219 2.08104 -0.05404198 2.15285 2.089494 -0.05398297 2.154842 2.077459 -0.05398297 2.144703 2.067613 -0.05398297 2.142828 2.089494 -0.05398297 2.245157 1.879339 0.06684798 2.170022 1.80574 0.06269097 2.169553 1.800867 0.06667196 2.169963 1.800171 0.08376699 2.169963 1.798977 0.08862596 2.171018 1.78923 0.08850896 2.165275 1.893363 0.06714099 2.170901 1.789429 -0.05591499 2.244337 1.830704 -0.07564395 2.228571 1.834185 -0.07224798 2.178696 1.836473 -0.06223696 2.202901 2.111573 -0.06118398 2.226637 2.093074 -0.06100797 2.223355 2.112767 -0.06106698 2.21474 2.107794 -0.06100797 2.21011 2.100334 -0.06100797 2.209407 2.113761 -0.06112498 2.206476 2.114656 -0.06112498 2.194403 2.107794 -0.06100797 2.18989 2.095361 -0.06106698 2.187839 2.113562 -0.06112498 2.183853 2.110181 -0.06106698 2.172366 2.096654 -0.06100797 2.17219 2.091184 -0.06106698 2.170432 2.089494 -0.06100797 2.154842 2.082531 -0.06112498 2.153905 2.096058 -0.06100797 2.151326 2.07736 -0.06106698 2.144938 2.086808 -0.06106698 2.240058 2.089494 -0.06100797 2.245157 2.096058 -0.06100797 2.248674 2.098246 -0.06100797 2.252659 2.067414 0.002392947 2.222359 2.065027 -0.01224195 2.21937 2.069801 -0.01001799 2.219722 2.0699 -0.02102398 2.208234 2.064927 -0.02078998 2.207883 2.065027 -0.02184295 2.197392 2.0699 -0.02067297 2.19159 2.065226 -0.01809698 2.186842 2.069801 -0.01112997 2.181157 2.065027 -0.006095945 2.178344 2.067414 -0.002406954 2.177641 2.065027 0.01222795 2.18063 2.069801 0.01000398 2.180278 1.792313 0.08083897 2.156659 1.788733 -0.02055495 2.292923 1.774312 -0.02073097 2.293157 1.774511 -0.04168897 2.285362 1.789131 -0.04127895 2.285538 1.774511 -0.05907595 2.274403 1.774511 -0.07371199 2.259927 1.774511 -0.08489298 2.242637 2.036582 -0.05409997 2.090315 2.009828 -0.05374896 2.089787 2.015099 -0.05398297 2.097231 1.994909 -0.06100797 2.302769 1.992025 -0.06100797 2.306286 2.015099 -0.06100797 2.302769 2.001573 -0.06124198 2.310681 2.011618 -0.06106698 2.308454 2.032703 -0.06106698 2.305172 2.021365 -0.06124198 2.309216 2.000976 -0.02828299 2.277568 2.000081 -0.02752196 2.261978 1.999584 -0.03489798 2.26444 1.999484 -0.03472298 2.279853 1.997495 -0.03981596 2.280908 1.994312 -0.04426497 2.281377 1.980289 -0.05000197 2.262506 1.969547 -0.04765999 2.26233 2.112269 -0.05415898 2.160586 1.973227 -0.04561197 2.260982 1.957314 -0.05404198 2.29767 1.956319 -0.05398297 2.291106 1.947368 -0.05404198 2.294212 1.93971 -0.05404198 2.287824 1.939412 -0.05409997 2.279267 1.959104 -0.05310499 2.278505 1.960099 -0.05404198 2.284073 2.054882 -0.05140697 2.234608 2.054982 -0.043621 2.240938 2.057369 -0.04625499 2.240527 2.060949 -0.04637295 2.245919 1.959104 0.07504397 2.207414 1.967757 0.07498496 2.227047 2.048716 0.07498496 2.214212 2.042251 0.07498496 2.227047 1.978001 0.07498496 2.237187 2.026139 0.07510197 2.241348 1.990831 0.07498496 2.243751 2.004954 0.07498496 2.245978 2.051003 0.07498496 2.200029 2.048716 0.07498496 2.185787 1.961292 0.07498496 2.185787 2.042251 0.07498496 2.172952 1.967757 0.07498496 2.172952 2.032007 0.07498496 2.162813 1.978001 0.07498496 2.162813 2.012314 0.07510197 2.154198 1.990831 0.07498496 2.156249 2.069801 0.01111596 2.218843 2.0699 0.02100896 2.191766 2.0699 0.02071696 2.20841 2.039367 -0.03226399 2.273407 2.048418 -0.04040098 2.270359 2.021266 -0.03255695 2.279326 2.00217 -0.03519099 2.281494 1.999783 -0.04092794 2.282432 2.043743 -0.05000197 2.275985 2.032803 -0.05398297 2.291634 1.792313 0.07896596 2.241231 1.79301 0.06509196 2.237128 1.85527 0.07076996 2.229568 1.805641 0.06280899 2.230505 1.792512 0.02001398 2.29345 1.792512 0.02001398 2.297026 1.774511 0.02001398 2.297026 1.889981 -0.04069399 2.254476 2.018182 -0.05345594 2.111472 2.014403 -0.05398297 2.104733 2.012414 -0.05386596 2.108073 2.026537 -0.04871398 2.118388 2.044638 -0.04853898 2.125831 2.029719 -0.05398297 2.111414 2.032803 -0.05398297 2.108366 2.05896 0.03283494 2.23074 2.05896 0.02411198 2.238007 2.059059 0.03435695 2.212806 2.059059 0.02317595 2.227575 2.059059 0.01234495 2.233846 2.059059 -0.006329953 2.235956 2.05896 -0.02412694 2.238007 2.059059 -0.02318996 2.227575 2.059059 -0.03448796 2.212337 2.05896 -0.03284895 2.23074 2.05896 -0.039523 2.221538 2.059059 -0.03431296 2.187194 2.05896 -0.039523 2.178462 2.05896 -0.03284895 2.16926 2.05896 -0.02412694 2.161993 2.059059 -0.02318996 2.172425 2.059059 -0.01235997 2.166154 2.059059 0.006314992 2.164044 2.05896 0.02411198 2.161993 2.059059 0.02317595 2.172425 2.059059 0.03447395 2.187663 2.05896 0.03283494 2.16926 2.05896 0.03950899 2.178462 2.05896 0.03950899 2.221538 1.774511 -0.04976797 2.119092 1.774511 -0.06803297 2.133744 1.789031 -0.05966198 2.126124 1.774511 -0.103627 2.249905 1.774511 -0.08992797 2.271707 1.774511 -0.07172095 2.289934 1.774511 -0.04988497 2.30359 1.774511 -0.02559 2.312146 1.774511 -0.02002894 2.297026 1.774511 -7e-6 2.315018 1.774511 0.02557599 2.312146 1.774511 0.04992896 2.30359 1.774511 0.07170701 2.289934 1.774511 0.08938699 2.232264 1.774511 0.08991396 2.271707 1.774511 0.09453797 2.209407 1.774511 0.103612 2.150095 1.774511 0.09395295 2.186022 1.774511 0.08991396 2.128293 1.774511 0.08768898 2.163517 1.774511 0.07615596 2.143179 1.774511 0.07170701 2.110066 1.774511 0.05993998 2.1263 1.774511 0.04992896 2.09641 1.774511 0.04009395 2.113875 1.774511 0.02557599 2.087853 1.774511 -7e-6 2.084982 1.774511 -0.02559 2.087853 1.774511 -0.04988497 2.09641 1.774511 -0.07172095 2.110066 1.774511 -0.08992797 2.128293 1.774511 -0.103627 2.150095 1.774511 -0.112115 2.225582 1.774511 0.103612 2.249905 1.774511 0.112101 2.174417 1.774511 -0.112115 2.174417 1.774511 -0.114984 2.200029 1.774511 0.112101 2.225582 1.774511 0.115028 2.200029 2.096058 -0.05398297 2.248674 2.099041 -0.05392396 2.25852 2.084819 -0.05398297 2.265494 2.091483 -0.05404198 2.265846 2.086311 -0.05404198 2.272234 1.792811 -0.004280984 2.113055 2.107794 -0.05398297 2.18989 1.966066 -0.06124198 2.096117 1.975018 -0.06100797 2.101157 2.115651 -0.05421698 2.19622 2.051898 0.02803397 2.163634 2.052495 0.03921598 2.177465 2.113463 -0.05404198 2.206652 1.792512 -0.02002894 2.297026 2.107794 -0.05398297 2.21011 2.015099 -0.06100797 2.097231 2.011518 -0.06106698 2.091311 2.11406 -0.05427598 2.216381 1.995605 -0.05398297 2.104733 2.000578 -0.06124198 2.089494 1.994909 -0.06100797 2.097231 2.033698 -0.06100797 2.09682 1.994909 -0.05398297 2.097231 1.99849 -0.05404198 2.091253 1.977206 -0.05398297 2.108366 1.980388 -0.05392396 2.111355 2.11028 -0.05404198 2.227751 2.065723 -0.05398297 2.273993 1.789429 -0.03431296 2.262564 2.070895 -0.05427598 2.112469 2.060054 -0.05409997 2.105905 2.049114 -0.05386596 2.117333 2.053689 -0.05398297 2.108894 2.070497 -0.05398297 2.120147 1.993914 -0.05392396 2.291282 1.995605 -0.05398297 2.295267 1.958508 -0.03132694 2.267663 1.963381 -0.02623397 2.259458 2.084819 -0.05398297 2.134506 2.029023 7.54e-4 2.257993 2.021266 -0.005451977 2.257993 2.016392 -0.005977988 2.257231 1.792512 -0.03079998 2.115458 2.065027 0.006080985 2.221656 2.065226 0.01808196 2.213157 2.064927 0.01521396 2.23244 2.065027 0.02241396 2.196923 2.065126 0.02803397 2.223004 2.065126 0.02844399 2.177114 2.065027 0.01521396 2.16756 2.064927 -0.01522797 2.16756 2.065126 -0.02804899 2.176996 2.065126 -0.02845895 2.222886 2.065027 -0.01522797 2.23244 2.062739 0.001690983 2.236483 2.065126 0.03646498 2.200088 2.062739 -0.00170499 2.163517 2.065126 -0.03647899 2.199912 1.794601 0.03704994 2.139253 1.789429 0.03435695 2.137436 2.054982 -0.03284895 2.23074 2.054982 -0.02330696 2.238066 2.054982 -0.039523 2.221538 2.054982 -0.05128997 2.166916 2.054982 -0.039523 2.178462 2.054982 -0.03284895 2.16926 2.054982 -0.02412694 2.161993 2.054783 -0.046314 2.159648 2.054882 0.00455898 2.1617 2.054584 -0.02594095 2.159531 1.78923 -0.04684096 2.261451 1.794502 0.06011599 2.157656 1.800668 0.06011599 2.165157 2.007043 -0.01897495 2.255062 2.04434 0.04161596 2.175707 1.898037 0.004031956 2.143414 1.890578 0.02785897 2.139956 1.890677 0.03137099 2.142124 1.884909 0.03236699 2.14019 1.994014 -0.05386596 2.108601 2.049909 0.04161596 2.18989 2.118535 -0.05415898 2.213333 1.945777 0.01696997 2.150037 1.959701 0.01702898 2.148747 1.968254 0.01702898 2.144996 1.955225 0.01696997 2.249905 1.941301 0.01702898 2.251253 1.968254 0.01702898 2.255004 1.932748 0.01702898 2.255004 2.051898 0.01702898 2.161993 2.057468 -0.02769798 2.158945 2.052396 -0.02664399 2.145875 2.052495 0.02463895 2.237949 2.051202 0.03669899 2.226227 2.122016 -0.07699 2.226696 2.116347 -0.05954498 2.24463 2.113164 -0.07699 2.252073 2.103915 -0.05948597 2.267839 1.824538 -0.06334996 2.169963 1.802955 -0.08266896 2.169963 1.828118 -0.07511699 2.170432 1.792512 0.03078597 2.115458 1.792612 0.02358496 2.114168 1.789529 0.04343098 2.118564 1.80574 -0.06282299 2.230271 1.824538 -0.06270599 2.230447 1.71772 -0.01230096 2.319355 1.71772 0.01497995 2.319062 1.71772 -0.03893798 2.313494 1.71772 0.04144096 2.312615 1.71772 -0.06352496 2.301831 1.71772 0.06579399 2.300366 1.71772 -0.08483499 2.284835 1.71772 0.08675199 2.282901 1.71772 -0.101812 2.263502 1.71772 0.1032029 2.261216 1.71772 -0.11352 2.238886 1.71772 0.114384 2.236366 1.71772 -0.119375 2.212278 1.71772 0.119594 2.209641 1.71772 -0.119082 2.185025 1.71772 0.118716 2.182388 1.71772 -0.112642 2.158535 1.71772 0.111633 2.156073 1.71772 -0.100348 2.134212 1.71772 0.09886997 2.131985 1.71772 -0.08290296 2.113289 1.71772 0.06801897 2.101157 1.71772 -0.06124198 2.096762 1.71772 0.04395794 2.088322 1.71772 -0.03636199 2.085626 1.71772 0.01761394 2.081289 1.71772 -0.00960797 2.08041 2.033399 -0.02687799 2.268835 2.007043 -0.02664399 2.264733 2.051103 -0.02734595 2.242403 2.021166 -0.02477097 2.253949 2.045135 -0.02406799 2.238535 2.050108 -0.02207797 2.237949 1.794899 -0.01060295 2.270535 1.793706 -0.01809698 2.270828 2.003761 0.02223896 2.255062 1.894357 -0.03033196 2.143824 1.894556 -0.013062 2.140015 1.919719 -0.02611696 2.144996 1.932151 -0.02728796 2.14271 1.945976 -0.02517998 2.143121 1.988146 0.01661896 2.144703 2.006546 0.02545899 2.144938 1.967857 0.03447395 2.145113 1.962386 0.04425096 2.147751 1.950551 0.048114 2.150154 1.941102 0.04588997 2.148689 1.893164 0.04313796 2.147223 1.894755 0.03611296 2.144996 1.902612 0.003680944 2.144938 1.900723 -0.03571796 2.145172 1.912061 -0.03419595 2.144234 1.982576 -0.02676099 2.129641 1.983471 -0.02301394 2.13222 2.000678 -0.02494597 2.128234 2.021066 -0.02365797 2.129875 2.017784 0.02498996 2.146403 2.012215 0.03722596 2.145524 2.015596 0.04624098 2.148689 2.010226 0.05104196 2.152264 1.802458 0.05320799 2.154256 1.802458 0.04319697 2.147282 1.886699 0.03704994 2.143062 1.892368 -0.03583496 2.144176 1.889185 -0.03864496 2.14441 1.894855 -0.04918295 2.149744 1.898435 -0.04789495 2.14611 1.903408 -0.04701697 2.144469 1.980289 -0.03519099 2.122315 2.030117 -0.02623397 2.130461 2.039068 -0.02295595 2.137377 2.029222 0.02897095 2.152029 2.026039 0.038221 2.150447 2.032604 0.04196798 2.154784 2.033797 0.04600697 2.157831 2.041754 0.02698099 2.159824 2.054982 0.02475595 2.162344 2.047522 -0.02605795 2.140601 2.000678 0.05437797 2.153729 1.993119 0.05297297 2.154139 1.982576 0.05566596 2.157421 1.794999 0.04425096 2.145055 1.799375 0.02920496 2.138491 1.839556 0.03172296 2.140015 1.89197 -0.02535599 2.140952 1.891771 -0.029688 2.142066 1.887196 -0.03167796 2.140015 1.839655 -0.03173696 2.139956 1.802458 -0.02916097 2.138549 1.802558 -0.04321098 2.147282 1.892269 -0.04818695 2.150037 1.891175 -0.060247 2.161348 1.896545 -0.05070495 2.148278 1.898137 -0.05199295 2.145582 1.9048 -0.05111396 2.141304 1.979493 -0.04783594 2.119912 1.997396 -0.033903 2.119267 1.980886 -0.03085899 2.12419 2.014801 -0.040811 2.118095 2.014801 -0.03097599 2.120967 2.032106 -0.03255695 2.123722 2.047721 -0.032498 2.131341 1.978698 -0.05169999 2.117157 1.913453 -0.05398297 2.133626 1.909077 -0.05638295 2.130461 1.933941 -0.05509495 2.108308 1.930162 -0.05942696 2.106256 1.952242 -0.05954498 2.092073 1.982875 -0.05597299 2.084161 2.010226 -0.05620795 2.082227 2.041555 -0.05936896 2.085685 2.065624 -0.05942696 2.096469 2.084023 -0.05509495 2.115047 2.101627 -0.05509495 2.135795 2.103915 -0.05936896 2.132161 2.116347 -0.05919295 2.15537 2.12311 -0.05802196 2.18608 2.123309 -0.05936896 2.219194 2.113861 -0.05509495 2.24 2.101627 -0.05509495 2.264205 2.084023 -0.05509495 2.284952 2.086709 -0.05948597 2.287766 2.065624 -0.05930995 2.30359 2.041555 -0.05948597 2.314315 2.020967 -0.06200295 2.318945 1.996302 -0.06200295 2.319707 1.972133 -0.06200295 2.315428 1.949258 -0.06200295 2.306286 1.952938 -0.07699 2.308103 1.930162 -0.07699 2.293802 1.898236 -0.04754298 2.253597 1.908878 -0.03431296 2.255004 1.896545 -0.05070495 2.251722 1.89386 -0.04842197 2.249788 1.89008 -0.05591499 2.242813 1.891672 -0.06106698 2.240058 1.886401 -0.06042295 2.233143 1.8866 -0.06405198 2.221187 1.882522 -0.06147599 2.224996 1.881925 -0.06176894 2.193524 1.885008 -0.06539899 2.199971 1.886699 -0.06387698 2.178755 1.884511 -0.06065696 2.167912 1.886997 -0.05802196 2.160996 1.800867 -0.05995398 2.165157 1.824538 -0.06059795 2.166916 1.802458 -0.05316299 2.154256 1.889782 -0.05374896 2.154842 1.896844 -0.07699 2.252073 1.887992 -0.07699 2.226696 1.885008 -0.07699 2.200029 1.887992 -0.07699 2.173304 1.896844 -0.07699 2.147927 1.906392 -0.06100797 2.131047 2.086709 -0.05954498 2.112234 2.122514 -0.06200295 2.175531 2.125 -0.06200295 2.200029 2.031708 -0.07699 2.317011 2.004954 -0.07699 2.32 1.9783 -0.07699 2.317011 1.911166 -0.07699 2.125187 1.930162 -0.07699 2.106198 1.952938 -0.07699 2.091897 1.972133 -0.06200295 2.084571 1.9783 -0.07699 2.082989 1.996302 -0.06200295 2.080293 2.020967 -0.06200295 2.081055 2.004954 -0.07699 2.08 2.031708 -0.07699 2.082989 2.05707 -0.07699 2.091897 2.079846 -0.07699 2.106198 2.05707 -0.07699 2.308103 2.079846 -0.07699 2.293802 2.098843 -0.07699 2.274813 2.122016 -0.07699 2.173304 2.125 -0.07699 2.200029 2.113164 -0.07699 2.147927 2.098843 -0.07699 2.125187 1.828616 -0.02617597 2.137436 1.802458 -0.01493495 2.133685 1.820162 -0.002582967 2.131399 1.799773 0.01497995 2.133568 1.792512 0.057832 2.131047 1.827323 0.024405 2.136674 1.974023 0.05841797 2.161758 1.805641 0.06070095 2.167092 1.894457 0.060525 2.166798 1.894556 0.06228196 2.16926 1.902911 0.06134498 2.170373 1.967956 0.06017398 2.166681 1.907386 0.06152099 2.175414 1.960596 0.06152099 2.175004 1.954629 0.06157898 2.200967 1.907883 0.06146198 2.195868 1.960596 0.06152099 2.224996 1.907585 0.06152099 2.224645 1.903706 0.06099396 2.230564 1.967956 0.06017398 2.233319 1.894457 0.060525 2.233202 1.894656 0.06216496 2.230857 1.901419 0.06368696 2.228161 1.904204 0.06579399 2.222652 1.90122 0.06854599 2.222828 1.904502 0.07041895 2.201143 1.900524 0.07094597 2.214564 1.900524 0.07235097 2.200029 1.900524 0.07106298 2.185494 1.901518 0.06825298 2.176821 1.904204 0.06591099 2.177407 1.836174 0.08177596 2.174007 1.792512 0.093719 2.184439 1.792512 0.095007 2.199971 1.792512 0.093719 2.215619 1.788435 0.08798199 2.235897 1.835876 0.08212697 2.225524 1.893462 0.06719899 2.22904 1.802757 0.087103 2.228981 1.804746 0.06029099 2.233612 1.800469 0.05976396 2.235311 1.974023 0.05841797 2.238242 1.802458 0.05320799 2.245744 1.982576 0.05566596 2.242579 1.993119 0.05297297 2.245861 2.010425 0.05150997 2.247502 1.947169 0.04782199 2.250198 1.938616 0.04419195 2.252249 1.890976 0.04097199 2.254066 1.802458 0.02914696 2.261451 1.839655 0.03172296 2.260044 1.828616 0.02616095 2.262564 1.799474 0.01497995 2.266432 1.821057 0.01082295 2.267253 1.799574 -7e-6 2.268132 1.792711 0.003680944 2.277509 1.792512 -0.01230096 2.291165 1.799474 -0.01499396 2.266374 1.799276 -0.02916097 2.261568 1.792512 -0.03097599 2.284483 1.827323 -0.02441895 2.263326 1.839556 -0.03173696 2.259985 1.802558 -0.04321098 2.252718 1.884909 -0.03232198 2.259809 1.802458 -0.05316299 2.245744 1.805641 -0.06071496 2.232908 1.824538 -0.06059795 2.233084 1.834881 -0.06141799 2.229509 1.839456 -0.06147599 2.211282 1.894457 0.01304799 2.259985 1.887196 0.03166395 2.259985 1.893263 0.03769397 2.254886 1.891771 0.02967399 2.257934 1.89197 0.02534198 2.259048 1.894357 0.03037595 2.256176 1.897639 0.03476697 2.255004 1.9415 -0.02067297 2.255004 1.936527 -0.02623397 2.257113 1.934936 -0.02869296 2.259165 1.959104 -0.02664399 2.26063 1.956618 -0.02804899 2.26485 1.956618 -0.03296595 2.269597 1.968254 0.031488 2.255004 2.018182 -0.01926797 2.253714 2.020569 -0.008026957 2.252425 2.026636 -0.002523958 2.249495 2.020569 -0.00574398 2.253714 2.011518 0.03183996 2.255238 2.027133 0.03792798 2.249201 2.044837 0.031488 2.238652 2.049014 0.029908 2.237949 2.049014 0.03517699 2.236483 2.026039 0.05150997 2.245685 2.018878 0.05654495 2.244161 2.015398 0.04337298 2.252542 1.96179 0.04395794 2.252366 1.933146 0.03447395 2.254886 1.820162 -0.005685985 2.26778 2.000379 0.05443698 2.245978 1.985361 0.05947196 2.15871 1.989837 0.05543196 2.155721 1.971934 0.06099396 2.165509 1.96179 0.06450599 2.217612 1.971835 0.06087696 2.234491 1.989737 0.05537396 2.244337 1.985361 0.05947196 2.241289 1.97452 0.06380397 2.165275 1.97462 0.06386196 2.234667 1.964873 0.06374496 2.177348 1.959005 0.06438899 2.193875 1.737413 0.11977 2.207766 1.737413 0.115087 2.234022 1.737313 0.104725 2.258579 1.737313 0.08921098 2.280264 1.737313 0.06930696 2.298022 1.737313 -0.05673497 2.094418 1.737313 -0.03161996 2.084396 1.737313 -0.004924952 2.080234 1.737512 0.01778995 2.081348 1.74716 0.084176 2.116923 1.737413 0.09881198 2.131927 1.737413 0.111398 2.155428 1.737413 0.118541 2.181099 1.767548 0.115028 2.200029 1.767449 0.112101 2.225582 1.767548 0.103612 2.249905 1.767548 0.08991396 2.271707 1.767548 0.07170701 2.289934 1.767449 0.04987096 2.30359 1.767548 0.02557599 2.312146 1.767548 -0.08992797 2.128293 1.767548 -0.07172095 2.110066 1.767548 -0.04988497 2.09641 1.767548 -0.02559 2.087853 1.767449 -7e-6 2.084982 1.767449 0.02557599 2.087912 1.767449 0.04992896 2.09641 1.767449 0.07170701 2.110066 1.767449 0.08991396 2.128293 1.767548 0.103612 2.150095 1.767449 0.112101 2.174417 1.767548 -7e-6 2.315018 1.767548 -0.103627 2.150095 1.767548 -0.02559 2.312146 1.767548 -0.04988497 2.30359 1.767548 -0.07172095 2.289934 1.767548 -0.08992797 2.271707 1.767548 -0.103627 2.249905 1.767548 -0.112115 2.225582 1.767548 -0.114984 2.200029 1.767548 -0.112115 2.174417 2.065027 -0.04373794 2.149685</float_array>
          <technique_common>
            <accessor source="#polygons_005-mesh-positions-array" count="1198" stride="3">
              <param name="X" type="float"/>
              <param name="Y" type="float"/>
              <param name="Z" type="float"/>
            </accessor>
          </technique_common>
        </source>
        <source id="polygons_005-mesh-normals">
          <float_array id="polygons_005-mesh-normals-array" count="11940">0.8651737 0.4705849 0.1732752 0.1864328 0.9637358 0.1909351 0.4025593 0.8912954 0.2086593 -0.91249 -0.3055149 -0.2720709 -0.8714287 -0.4113318 -0.2672418 0.8340255 -0.4672144 -0.2934488 0.8429844 -0.4840261 -0.2347255 0.8491603 -0.4983626 -0.1748189 0.8429868 -0.4840336 -0.2347014 0.8495715 -0.5142961 -0.1171661 -0.8192079 -0.5118669 -0.2586327 -0.8228761 -0.5330229 -0.1968798 -0.8713658 -0.4114825 -0.2672149 0.8472706 -0.527877 -0.0589779 0.8495831 -0.5142849 -0.1171314 0.8468658 -0.5318067 3.66234e-4 -0.8230431 -0.5519212 -0.1341016 -0.8241153 -0.5620432 -0.07029592 -0.8228772 -0.5330202 -0.1968825 -0.8217275 -0.5698478 -0.006125986 -0.8299213 -0.5550399 0.05622774 -0.8241173 -0.5620442 -0.07026636 0.843679 -0.5335134 0.0597434 0.8468647 -0.5318083 4.08162e-4 0.8440166 -0.5228382 0.1194835 0.5405077 0.837745 0.07768452 0.8296402 -0.2014199 -0.5206989 0.3425775 -0.3995693 -0.8502852 0.3494067 -0.1786754 -0.9197772 -0.9347183 0.1650199 -0.3147541 -0.8347955 -0.5376983 0.1183093 -0.8353279 -0.5199852 0.1784452 -0.8299258 -0.55503 0.05625808 0.09394961 0.2721211 0.9576657 0.2006371 0.2368269 0.9506092 0.09395331 0.2721329 0.957662 0.8415097 -0.5097867 0.1788264 0.8440107 -0.5228385 0.1195234 0.8429779 -0.4846287 0.2335027 0.3949161 0.9183179 -0.02708303 0.4627916 0.7998037 -0.3822799 0.5855672 0.3960436 0.707291 -0.3237589 0.7449132 0.5833392 -0.3237589 0.7449132 0.5833391 -0.3589423 0.4496954 0.8178842 -0.6398463 -0.6813732 -0.3554256 -0.6397728 -0.6814248 -0.355459 -0.6398095 -0.681399 -0.3554423 -1 0 0 -0.9979067 0.02300286 0.06044238 0.4183757 -0.3883075 -0.8210842 0.8679636 -0.1808702 -0.4625206 0.878766 -0.2671436 -0.3954804 0.8145231 -0.4490419 -0.367306 0.9194126 -0.2255942 -0.322161 0.9984666 -0.03212511 -0.04508376 0.9876399 0.140258 0.0699653 0.9994726 -0.02450323 0.02130985 0.9270158 0.3711862 0.05350375 0.1149889 0.2714197 0.9555674 0.001847982 0.1647058 0.9863411 -0.005573987 0.1607802 0.9869746 -0.8328555 -0.499835 0.2377324 -0.8376569 -0.4636323 0.2887493 -0.8353255 -0.5199818 0.1784665 0.7012364 -0.07271653 -0.7092108 0.3495878 -0.1786161 -0.9197199 0.4294034 0.09159946 -0.8984555 0.3514218 0.93621 -0.003684878 0.9999594 -0.007427692 -0.005104124 0.9998385 -0.01481026 -0.01017987 0.9999611 0.006831467 -0.00558418 1 0 0 0.9997656 0.02081102 -0.005984961 0.9990646 0.0415616 -0.01194733 0.4262558 -0.1746522 -0.8875824 0.806452 -0.05670541 -0.5885745 0.8679552 -0.1808106 -0.4625596 -0.3421012 0.09002333 0.935341 -0.3588908 0.4495599 0.8179813 -0.3321817 -0.8375928 0.4336976 0.5992944 -0.5448195 0.5865305 -0.4140117 0.8181355 -0.39906 0.2600349 -0.176155 -0.9493953 -0.01335519 -0.3008522 -0.9535773 -0.01229798 -0.0578944 -0.998247 0.3494002 -0.178646 -0.9197854 -0.01226019 -0.05784326 -0.9982505 0.3731408 0.1039101 -0.9219375 0.3078741 0.08918458 -0.947238 -0.01229703 -0.05775296 -0.9982552 -0.01988881 0.1749076 -0.9843841 0.3731226 0.1039526 -0.92194 -0.01985967 0.1749978 -0.9843685 0.1807088 0.2546409 -0.9500012 0.6225839 -0.2090193 -0.7541223 0.8061133 -0.2967979 -0.5119498 0.3932743 -0.1852499 -0.9005653 0.4633948 0.5654802 -0.6822738 0.462756 0.799746 -0.3824439 -0.5645875 0.7441897 -0.3569632 -0.9915953 0.04610675 0.1208841 -0.9979048 0.02300727 0.06046938 0.8759301 0.1376822 -0.4623746 0.6480886 0.2565386 -0.7170559 0.811897 0.5831423 0.02771782 0.7010357 0.7099047 0.06770724 0.9269764 0.3712676 0.05362004 0.1606569 0.4376169 -0.8846924 0.3686079 0.5896586 -0.7186314 0.1606045 0.4376408 -0.8846902 -0.729106 0.07418549 -0.6803683 -0.5528641 -0.01978325 -0.8330365 -0.8977351 0.06674194 -0.4354505 0.9999675 0.007549941 -0.002860248 0.9999132 -0.008039772 -0.01043957 0.9999988 0.001593649 -3.08452e-4 0.9999944 -0.002149105 0.002584755 0.9998887 -0.01484209 0.0015226 0.9998077 -0.01952672 -0.001812696 0.7009373 0.7100077 0.06764698 0.7009314 0.7100116 0.06766653 0.4375905 0.8987207 -0.02856105 0.8416522 -0.4573017 0.2872228 0.8429728 -0.4846203 0.2335382 0.8417241 -0.421831 0.3369857 -0.4909943 0.8143426 -0.3094684 0.7976905 -0.5131329 0.3168356 0.3594841 -0.7928123 0.4921584 0.5934946 -0.3706305 0.714421 0.839082 -0.3841872 0.3851516 0.8417198 -0.4218153 0.337016 0.8465123 -0.3327574 0.4155591 0.5583172 -0.8053255 -0.1993307 -0.2901508 0.3261994 -0.8996702 0.9998729 0.01593703 -6.37298e-4 0.9999483 0.007787048 -0.006550312 0.9999558 0.009346842 0.001123189 0.9999892 -0.004644989 -2.16924e-4 0.999814 -0.01906043 -0.002945721 0.9993595 -0.03421926 -0.01047897 -0.8395195 -0.4251374 0.3383274 -0.8348295 -0.3887344 0.3898019 -0.8376601 -0.4636247 0.288752 0.2144767 0.2118332 -0.9534813 0.3158328 -0.1305372 -0.9397924 0.160511 0.4375198 -0.884767 -0.9932942 -0.04240161 0.107558 -0.9983316 -0.02118492 0.05371415 -0.9933329 -0.04228925 0.1072442 0.323963 0.8499124 0.4155685 0.3242803 0.8498188 0.4155123 -0.3728942 0.643606 0.6683721 0.4585282 0.1501937 0.8758961 -0.1650938 -0.4292774 0.8879555 -0.2620897 -0.1486312 0.9535291 -0.1651086 -0.4292768 0.8879531 0.2532032 -0.8551388 -0.4523559 0.2532092 -0.8551145 -0.4523984 0.5309656 -0.7986207 -0.2833385 -0.1406142 -0.8980795 0.4167504 -0.1406112 -0.8980788 0.416753 -0.1792668 -0.9521757 -0.2474365 0.8665259 0.1779505 0.4663329 0.5947204 0.5085457 0.6226468 -0.1964166 0.7731236 0.6030757 0.851091 -0.27964 0.4443486 0.8465194 -0.3327443 0.4155554 0.8468881 -0.2298448 0.479533 -0.8270155 -0.3505927 0.4394661 -0.8316441 -0.2945367 0.4707614 -0.8348234 -0.3887228 0.3898263 0.9981123 -0.05725944 0.02221077 0.994622 -0.02005493 0.101612 0.9599217 -0.09495753 0.2636923 -0.998332 -0.02117967 0.05370831 0.8140925 0.2755347 -0.5112084 0.8684593 0.1353973 -0.4769132 0.9952643 0.04306089 -0.08714801 -0.1114294 0.9195762 0.3767799 -0.02353107 0.8190385 0.5732557 0.02925187 0.979458 0.1995152 -0.355956 0.6714867 0.6499238 0.2645079 -0.2005355 0.9433032 0.1067988 -0.1542961 0.9822356 0.1200414 0.02062678 0.9925546 0.3143729 -0.9363483 -0.1562737 0.4863085 -0.7061082 -0.5146993 0.200753 -0.8848563 -0.4203897 0.05047571 0.9961815 0.07123756 -0.001674234 0.9998511 -0.01718008 0.02889919 0.9992334 0.02641016 -0.0755279 0.9939877 -0.07927256 -0.1234008 0.958199 -0.2581222 -0.01407927 0.9998753 0.007158219 -0.09824061 0.9781313 -0.1833248 -0.01407712 0.9998751 0.007179379 -0.01314467 0.9998952 0.006071925 -0.02156895 0.9997671 7.52159e-4 -0.02125722 0.999754 -0.006333053 0.2614759 0.9642107 -0.04390972 0.00972861 0.9999498 0.002434313 0.01212948 0.9998674 -0.01087623 -0.3994609 0.04664677 0.9155627 -0.4457105 0 0.8951773 -0.3994597 0.0466414 0.9155636 0.3540235 0.6340097 -0.6875312 0.5036838 0.524414 -0.6865075 0.4873977 0.7803475 -0.3917925 0.002068638 0.9998551 0.01690632 -0.001071691 0.9999065 0.01363533 0.008016169 0.9999468 0.006502151 -0.871467 0.4621337 -0.1642488 -0.8715353 0.4618656 -0.1646401 -0.8714876 0.4620533 -0.1643661 -0.1964107 -0.7751316 -0.6004946 0.9485749 0.2911782 -0.1241817 0.9280444 0.3716847 -0.02416592 0.9219121 0.3684412 -0.1197041 0.7928797 -0.2771245 -0.5427192 0.5390852 -0.536086 -0.6496146 0.2804508 0.4147871 0.8656206 0.6163568 0.07100445 0.7842594 0.1376686 -0.003663599 0.9904716 0.4024641 0.0844376 -0.9115334 0.6366159 0.0428279 -0.769991 0.1413324 0.001047372 -0.9899616 0.3097232 -0.02591669 0.9504736 0.4962941 0.03853189 0.8672989 0.1150001 0.02491796 0.993053 -0.1257217 0.8791689 -0.4596262 -0.1257667 0.8791525 -0.4596452 -0.1806317 0.9511382 0.2504164 0.9966458 -0.04349464 0.06932181 0.9880324 -0.1015536 0.1160985 0.9966458 -0.04349297 0.06932365 -0.120791 0.02379757 0.9923927 -0.4614346 -0.03518873 0.8864762 0.1375678 -0.003815472 0.9904851 0.09532254 0.8452303 0.5258322 0.2608112 0.4715778 0.8423728 0.03933489 0.4496214 0.8923528 0.09527975 0.8452282 0.5258435 0.02616274 0.4032863 0.9146998 -0.06265771 0.830716 0.5531593 -0.0545299 0.8911739 0.4503728 0.03930765 0.4495785 0.8923756 -0.1777423 0.8595085 0.4792212 0.05638176 0.9076119 0.4160072 -0.02816218 0.9234251 0.3827442 -0.01545953 0.9953065 0.09553009 -0.04082942 0.998138 0.04531878 0.6575674 -0.5717434 0.4906268 0.2810135 -0.6183972 0.7339048 0.3594099 -0.766501 0.5322602 0.25302 -0.8551417 -0.452453 0.07357847 -0.9579488 -0.2773456 -0.05252051 -0.8184353 -0.5721935 0.5322423 0.07197588 -0.8435269 0.8265184 0.4180608 -0.3769516 0.3387023 0.6168174 -0.7105049 0.3451448 0.7699648 -0.5366836 0.1583916 0.8257439 -0.5413496 -0.007553279 0.9860273 -0.1664132 0.008050441 0.7653903 -0.6435162 0.1206884 0.9915452 0.04767149 0.04562538 0.9555837 -0.2911669 -0.07316017 0.8882308 0.4535348 -0.4736049 0.3947272 -0.7873302 -0.3632332 0.6213815 0.6942239 -0.2910103 0.857063 0.4251542 0.08635985 0.9537203 0.288027 0.3433406 0.8266943 0.445751 0.08635908 0.9537202 0.2880278 -0.8329504 -0.237151 0.4999532 -0.8344094 -0.1784771 0.5214471 -0.8316489 -0.2944852 0.4707852 0.7653825 0.00991857 -0.6434993 0.6367423 0.04291063 -0.7698819 0.8867128 0.08671069 -0.4541165 0.9713779 0.03422415 -0.2350612 0.9961463 -0.0669524 -0.05665862 0.8867898 0.0865674 -0.4539933 0.2695005 0.09586411 0.958217 0.002566277 -0.04161363 0.9991305 0.5573532 0.08277285 0.8261394 -0.03055816 0.5710325 -0.8203585 0.2313619 0.3311641 -0.9147688 -0.1779226 0.3780202 -0.9085398 0.8395084 -0.1790061 0.5130133 0.8468863 -0.2298302 0.4795432 0.8437384 -0.1195411 0.5232738 0.1250151 -0.9909321 -0.04924303 0.05042213 -0.955325 0.2912248 -0.07123994 -0.8878113 -0.4546603 0.5322725 -0.0719791 0.8435075 0.7343813 -0.6206448 0.2747437 0.4812205 -0.5604397 0.6740432 0.9207947 -0.1934031 0.3387217 -0.4843961 -0.396192 0.7799952 0.5381118 -0.03562551 0.8421203 0.6546635 -0.05380511 0.7540032 0.3088556 0.01489472 0.9509923 0.8320593 0.05994927 0.5514376 0.8400159 2.13055e-4 0.5425619 0.8321391 0.05993521 0.5513187 -0.5222287 -0.8464902 -0.1035932 -0.8662637 -0.4845064 -0.1218234 -0.3630531 -0.6213986 -0.6943027 -0.2881823 -0.8570591 -0.4270842 -0.2808782 0.03151446 0.9592258 -0.5324003 -0.04988008 0.8450218 -0.04975801 -0.01339179 0.9986716 0.08898359 -0.952957 -0.2897498 0.3434197 -0.826633 -0.4458037 0.08896654 -0.9529526 -0.2897694 -0.1585935 -0.02763921 0.9869571 0.00239706 -0.04155629 0.9991333 -0.3994349 0.04667043 0.9155729 -0.01286578 -0.9960954 -0.08734112 0.3505191 0.9284248 0.1231411 0.4439492 0.893973 -0.06100493 0.1670024 0.9703997 0.1744555 -0.007418334 -0.9931152 0.1169076 0.1976381 -0.05827385 0.9785414 0.579796 0.01756191 0.8145725 -0.04958951 -0.01331073 0.998681 0.4413851 0.5459042 -0.7121571 0.02131783 -0.9496827 0.3124875 0.02131783 -0.9496827 0.3124875 0.02133136 -0.9495775 0.3128059 -0.5855952 -0.5181083 0.6234117 -0.2452238 -0.6827129 0.6883085 -0.6727269 -0.1690068 0.72033 -0.8221231 0.00611484 0.569277 -0.8591852 0.06281793 0.5077942 -0.8290776 -0.05654174 0.5562674 0.001137077 0.9999437 0.01055109 -0.003119647 0.998338 -0.05754804 -0.1741135 -0.1049045 0.9791218 -0.1741265 -0.1049192 0.979118 -0.3632234 0.09647238 0.926694 0.7913357 0.003200411 0.6113735 0.6547788 -0.05388695 0.7538971 0.9298118 -0.01064008 0.3678817 0.3088747 0.01491338 0.9509859 0.2918963 0 0.95645 0.3088767 0.01491236 0.9509853 -0.4691895 0.8551675 -0.2203402 0.2653611 0.9641109 -0.008597314 0.9294397 0.05323547 0.3651136 0.929437 0.05321884 0.3651229 0.8554653 0.2106525 0.4730799 0.07267701 -0.02252495 0.9971012 -0.1739979 -0.1050255 0.9791294 0.2982205 -0.08381491 0.95081 0.999873 -0.01391267 -0.007790386 0.9997759 -0.01848459 -0.01032572 0.9999326 0.006739258 -0.009454727 0.999989 2.28995e-4 -0.004697322 0.999565 0.02731496 -0.01112979 0.9995638 0.02735149 -0.01114636 0.9999327 0.006737649 -0.009449183 0.9988346 0.04469352 -0.01822066 -0.350408 0.1472079 0.9249563 -0.6727366 -0.1688427 0.7203594 -0.4424423 0.1848419 0.8775411 0.001902997 0.1645862 0.9863609 0.03699475 0.002990841 0.999311 -0.002538084 -0.2361246 0.9717195 0.09325194 0.4931523 0.8649306 0.09325176 0.4931522 0.8649306 0.09324896 0.4931942 0.8649072 0.9844724 -0.1421032 0.1030574 0.9906803 -0.03810298 0.13077 -0.08473396 0.9317179 -0.35316 -0.04090487 0.5998576 -0.7990605 -0.006684184 0.87383 -0.4861856 0.1106173 -0.9935315 0.02567219 -0.06406408 -0.9105674 0.4083662 0.04301941 -0.9800844 -0.1938661 0.1189885 -0.4628139 0.8784334 0.01254463 0.998169 0.0591734 -0.004396259 0.9997757 0.02071934 0.007041454 0.9999752 3.86134e-4 0.01326352 0.9994515 0.03034561 0.1118938 0.9309441 0.3475962 0.1028205 0.9543773 0.2803424 0.007041811 0.9999752 3.8537e-4 8.60062e-4 0.9940842 0.1086099 -0.003123283 0.9983363 -0.05757635 0.1118286 0.9309436 0.3476181 8.84213e-4 0.9940677 0.1087599 0.05361771 0.8885177 0.4556989 0.02559113 0.8061657 0.5911362 8.75313e-4 0.9940661 0.1087743 -0.0498557 0.8793618 0.4735371 -0.04236841 0.9547234 0.2944625 8.64761e-4 0.9940751 0.1086919 0.002481102 0.9998358 0.01795244 0.02229964 0.9959413 -0.0872001 0.02585357 0.9996535 -0.004954874 -0.1788263 0.9140279 0.3641075 6.47001e-4 0.9999569 -0.009268343 0.05585336 0.9805703 -0.1880493 0.04233145 0.9889784 -0.1418802 -0.003150343 0.9999394 0.01055514 -0.1512257 0.9714761 0.1826612 0.1416196 0.9610239 0.2374383 -0.04015129 0.9983304 -0.0415256 -0.02737838 0.9994736 -0.01740282 -0.09420758 0.991809 -0.08625507 -0.02528363 0.9995172 0.01805853 0.02003526 0.9995093 0.02408057 0.2090612 0.1848626 -0.9602704 0.1391282 0.4989126 -0.8554119 0.06185746 0.4513689 -0.8901909 0.01489263 0.9997438 0.01704818 -0.01707005 0.9998359 0.006072044 -0.005754947 0.9999473 -0.008508086 0.2484735 0.9570302 0.1495136 0.7308034 0.6654201 0.1521273 0.6039249 0.6657673 0.4382107 0.2874798 0.9162165 0.2791106 0.562982 0.5636801 0.6044138 0.7096852 0.5580607 0.4300178 0.6434393 0.4049315 0.6496279 0.6433442 0.4050007 0.649679 0.6039225 0.6656783 0.4383493 0.7028548 0.3483994 0.6201718 0.7909752 -0.02348768 0.6113973 0.5871174 -0.4376505 0.6809958 0.7909743 -0.0234887 0.6113984 0.3367403 -0.7174599 0.6098011 0.5870438 -0.4377989 0.6809639 -0.2142666 0.2545357 -0.9430278 -0.404783 -0.02168583 -0.9141556 0.1411623 0.001177132 -0.9899858 0.6886473 0.3163352 0.6524546 0.9493293 0.1930311 0.2480176 0.737078 0.3488888 0.5787855 0.1793262 0.0571947 -0.9821257 0.409331 5.13524e-4 -0.9123858 0.02184075 0.0609256 -0.9979034 0.4093714 5.51324e-4 -0.9123677 0.4093785 5.44772e-4 -0.9123646 0.2314618 0.3310256 -0.9147937 -0.180938 0.0345748 0.9828867 -0.5431585 -0.03646194 0.8388381 0.114872 0.02478796 0.9930711 0.2351901 0.1392655 -0.9619203 0.2203327 -0.1231814 -0.9676156 0.1662096 0.307263 -0.9369973 0.8449797 -0.05947089 0.5314816 0.8437373 -0.1195314 0.5232777 0.8400211 1.81405e-4 0.5425539 -0.8328953 -0.1189416 0.5404982 -0.829088 -0.05659472 0.5562463 -0.8344086 -0.1784079 0.521472 0.01807487 -0.9924329 0.1214503 0.220493 -0.1232668 -0.9675682 0.2204967 -0.1232506 -0.9675695 0.34206 -0.1854624 -0.9211942 0.6952319 0.2092036 -0.6876675 0.8235804 0.1414121 -0.5492887 0.9462823 -0.05092453 -0.3193061 -0.8707662 -0.05467331 0.4886482 -0.8100297 0.03439933 0.5853791 -0.8707652 -0.05467152 0.4886504 0.00267899 0.9998689 -0.01597219 0.001747548 0.9999942 0.002953529 0.006743431 0.9999653 0.004920065 0.6463782 -0.02007782 0.762753 0.7338937 0.1885927 0.6525587 0.6463759 -0.02007937 0.762755 -0.03576105 0.9836919 -0.1762712 -0.1272522 0.9093062 -0.3961933 -0.2602317 -0.09687316 -0.9606743 -0.3173439 -0.4514739 -0.833945 0.3306493 0.3485386 0.8770359 0.6052774 0.4146518 0.6794875 0.6734979 0.2049829 0.710199 0.4658661 -0.8467897 -0.2567414 0.465866 -0.8467897 -0.2567415 0.4658659 -0.8467897 -0.2567415 0.3859938 0.4292871 0.8165301 0.2239065 0.8300804 0.5107177 0.6052926 0.4147348 0.6794233 -0.5609734 -0.7471859 0.3564018 -0.1008696 0.3814764 -0.9188587 0.004872322 -0.9535139 0.3013101 0.004872202 -0.9535139 0.3013101 0.004872322 -0.9535139 0.3013101 0.2597976 0.7693883 0.5835639 -0.01820057 0.8417345 0.539585 -0.03048276 0.6742287 0.7378932 0.3269289 0.7531888 0.5708101 -0.0304377 0.6741911 0.7379295 0.2746401 0.6082682 0.7447032 0.160672 0.6127758 0.7737509 -0.03047126 0.6741189 0.7379941 -0.01822125 0.4863452 0.8735768 0.358718 0.5775294 0.7333357 -0.01820266 0.486282 0.8736123 0.2636536 0.3960778 0.8795506 0.1358968 0.3852287 0.9127601 -0.01820749 0.486194 0.8736612 -0.006061911 0.3441469 0.9388963 0.2778568 0.3162965 0.9070569 0.3948971 -0.9183261 0.027085 0.4620136 -0.799299 0.3842716 0.8696243 0.4937124 0.001358628 0.9877752 0.1545526 -0.02034235 0.9810123 0.1764935 -0.08040529 0.183314 0.9740238 -0.1329424 0.05493587 0.9980808 0.02858197 0.1615982 0.9754145 -0.1498424 -0.4522933 -0.0561701 0.8900988 -0.2224809 0.03335088 0.9743665 -0.6934579 -0.02173995 0.7201691 0.6896343 0.5839126 -0.4283115 0.5873895 0.4641086 -0.663006 0.8116293 0.2572546 -0.524479 -0.02461999 -0.9766509 -0.2134174 -0.02461993 -0.9766508 -0.2134174 -0.02461987 -0.9766508 -0.2134174 -0.4438558 0.7233731 0.528889 -0.1351671 0.9422115 0.3065415 -0.3086251 0.5691714 0.7620988 0.02135431 -0.443881 -0.8958313 0.02134346 -0.443869 -0.8958374 0.3739791 -0.5322757 -0.7594882 0.02119159 -0.443829 -0.8958609 -0.1041225 -0.5987522 -0.7941375 -0.3347933 -0.2885016 -0.8970397 -0.957653 -0.1483198 -0.2467833 -0.5966435 0.5255067 0.606514 -0.7550558 0.1234437 0.6439352 -0.5774504 0.3925693 0.7158494 0.6096857 -0.2715118 0.744691 0.5227931 -0.3034403 0.7966251 0.7123287 -0.06903809 0.6984422 -0.3219634 -0.8045837 -0.4989839 -0.3473289 -0.5782259 -0.7382531 0.9724685 0.1972935 0.1240178 0.84287 0.4560181 0.2856882 0.8008208 0.4489526 0.3963935 0.320403 -0.9465422 0.03741538 -0.2779592 -0.9602472 -0.02577018 0.4779279 -0.8315237 -0.2831136 -0.007791876 3.32444e-4 0.9999697 0.001101672 0.999937 -0.01117551 0.002003371 0.9999248 -0.01210403 6.6538e-4 0.9999917 -0.004016816 -0.02050691 0.363032 0.931551 -0.1342467 0.532832 0.8355046 0.01256412 0.12338 0.99228 0 -0.9702553 -0.2420839 -0.8891652 0.119138 0.4418048 -0.8592046 0.06287795 0.5077538 3.8659e-4 -0.9996725 0.02558845 0.5332629 -0.06999588 0.8430489 0.5959262 0 0.8030392 0.5332652 -0.06999915 0.8430472 0.1085437 0.9576085 -0.2668416 0.1085743 0.9576051 -0.2668412 0.3594642 0.8252071 -0.4356819 -0.002896368 0.9999957 -5.9462e-4 -0.001499056 0.9997015 0.02438694 -0.002262413 0.9999972 -6.46532e-4 -0.001164376 0.9999809 -0.006083905 0.003172695 0.9999499 0.009504914 -0.001018285 0.9999027 0.01391559 0.003399491 0.9999924 -0.001969575 -0.001051485 0.9999902 0.004300892 -0.007898807 0.9992179 0.03874796 0.00193274 0.9999544 0.009364485 0.00303781 0.9999904 0.003164231 0.002869546 0.9999596 0.008521437 0.001122832 0.9996452 0.02661216 0.008455514 0.9999608 -0.002639174 0.003169655 0.9999499 0.009501576 0.0034253 0.9999922 -0.001990556 0.00774151 0.9999613 -0.004184246 8.95142e-4 0.9999233 0.01235646 0.00110501 0.9999686 0.007861196 -5.07203e-4 0.9999464 -0.01034325 -5.41624e-4 0.9999461 -0.01037156 -0.001169025 0.9999808 -0.006093263 0.001063108 0.9999374 -0.01114344 -0.004480957 0.9999769 0.005099296 0.004576981 0.9999041 0.01307129 0.002056837 0.9998548 0.01691824 -0.005282878 0.9999856 9.38713e-4 -0.02058309 0.999609 -0.01892858 0.00894618 0.9998126 0.0171734 0.01143246 0.9999331 0.001784384 0.00174278 0.9998177 0.01901638 0.003431081 0.9996864 0.02481007 0.6314815 0.1647603 0.7576842 0.4395471 0.1704979 0.8818894 0.2066625 0.008623182 0.9783744 0.3078106 0.7075855 0.6360625 0.3164497 0.4359768 0.8424869 0.08983564 0.5769642 0.8118141 -0.2519242 0.03274178 0.967193 -0.06634068 0.3383594 0.9386756 -0.008308351 0.4250078 0.9051516 0.8680137 -0.1362222 0.4774891 0.646971 -0.2527475 0.7194076 0.08092939 0.9822626 0.1691474 0.08093512 0.9822617 0.1691494 0.3285869 0.9442474 0.0206775 0.5895719 -0.62893 0.5068058 -0.2841067 -0.9415777 -0.1808722 0.9999814 -0.001072287 0.006026983 0.9999138 0.007975876 0.01043933 0.999991 0.002313911 0.003551483 0.9999814 -0.001092016 0.006018161 0.999991 0.002316951 0.003565013 0.999993 -0.002381384 -0.002885699 0.9999861 0.001493632 -0.005074024 0.9999435 -0.006093442 -0.008719563 0.4691435 0.1646175 -0.8676437 -0.4044741 0.546009 -0.7336723 -0.2798798 0.8213365 0.4970653 -3.26991e-4 0.7523065 0.6588133 -0.4199908 -0.8141112 0.4010373 0.5812129 0.8056403 -0.1146091 0.4611786 -0.5635349 0.6853778 0.4619786 -0.7992514 0.3844124 0.9995663 -0.02565354 -0.01446473 0.9987881 -0.04287678 -0.02416753 0.9998142 -0.01567625 -0.01122069 0.9999515 0.009851276 7.88937e-5 0.9998163 0.01900517 0.002496838 0.9993708 0.03412133 0.009695231 -0.09821295 -0.6557394 -0.7485721 -0.4557775 0.7659161 -0.453475 0.4796423 0.2234064 -0.8485475 0.09875631 0.9755044 -0.1965665 -0.003000736 0.9999846 0.004666388 -0.002857327 0.999966 0.007741987 0.4652554 0.4358668 -0.7704269 -0.3812119 0.6810336 -0.6251966 -0.5338972 0.03312569 0.8449003 -0.6899558 -0.03803789 0.7228515 -0.3579344 -0.003360629 0.9337407 -0.1738337 0.4241024 0.8887738 0.02397465 0.2556234 0.9664791 -0.239337 0.3235201 0.9154522 0.4463704 0.3952744 -0.8028148 0.296588 -0.06250834 -0.9529577 0.4618239 0.1546818 -0.8733798 0.9629752 -0.001861512 -0.2695838 0.8932908 0.0504831 -0.4466351 0.9999553 0.00844258 0.004271507 -0.4021393 -0.3725461 -0.8363572 0.9624305 0.01849448 0.2708978 0.8954758 -0.03447246 0.4437734 0.9999558 0.00833106 0.004363596 -0.8139727 0.3205263 0.4844703 -0.8139727 0.3205263 0.4844704 -0.8139727 0.3205263 0.4844704 0.8067451 -0.5082583 -0.3013899 0.53013 -0.7122815 -0.4600188 0.6578754 0.01723915 0.7529296 0.6424337 0 0.7663413 0.6578743 0.01723963 0.7529305 0.4899834 0.4680619 -0.7354144 0.2466601 0.633932 -0.7330001 0.7347376 0.4615994 -0.4970781 0.8228672 -0.02281844 0.5677756 0.8954147 -0.03444075 0.4438991 0.6578749 0.01724034 0.75293 -0.1237047 0.344621 0.9305555 -0.08956032 0.06957936 0.993548 -0.3745737 0.01130503 0.9271283 -0.1731469 0.2002931 0.9643148 -0.3747137 0.01125782 0.9270722 -0.6299813 -0.01334702 0.7764956 -0.7901538 0.02661567 0.6123304 -0.8163742 0 0.5775234 0.1756741 0.2667676 -0.9476148 0.175674 0.2667676 -0.9476147 0.1756741 0.2667676 -0.9476148 0.2786471 0.01749056 -0.9602344 0.5327845 -0.05615276 -0.8443859 0.04378306 -0.03308826 -0.998493 0.440122 0.820319 -0.3651978 0.03845578 0.08808898 0.9953701 -0.05735808 0.2915062 0.9548478 0.08472067 0.2705615 0.9589677 -0.2092286 0.6725986 0.709813 -0.3213626 0.7270146 0.606775 0.3123856 0.6973788 0.6450412 0.7900828 -0.04479748 -0.6113612 0.5329275 -0.05604606 -0.8443028 0.8467177 0.02662146 -0.5313761 -0.9696508 0.06074464 -0.2368282 -0.03624725 0.994165 0.1015986 -0.1165352 0.9297369 0.3492977 -0.04832828 0.9979082 0.04293656 -0.9968545 0.07269024 0.0315814 -0.9808329 -0.01165765 -0.1945016 -0.9459711 0.06323558 0.3180251 -0.8219223 0.03633034 -0.5684399 -0.800808 0 -0.5989213 -0.8219223 0.03632915 -0.56844 -0.3214991 0.7270559 0.6066532 -0.281049 0.7805978 0.5582819 -0.447254 0.662027 0.601402 0.06132775 -0.9105269 -0.408876 0.06132775 -0.910527 -0.4088761 0.06132775 -0.910527 -0.4088761 0.9481842 -0.04909062 -0.3139058 0.9587773 -0.1180314 -0.2584855 0.9481909 -0.04912835 -0.3138796 -0.9389402 -0.007703363 -0.3439943 -0.9808039 -0.01157885 -0.1946529 -0.8219321 0.03635656 -0.5684239 0.007748842 0.9998611 0.01475793 0.006680905 0.9999476 -0.007755756 0.006555676 0.9998921 0.01315152 0.001905441 0.9999826 0.005597949 -3.06054e-4 0.9999983 0.001823425 0.004214525 0.9999839 -0.003805816 -2.59678e-4 0.9999899 0.004502773 -3.41614e-4 0.9999883 -0.004843354 0.008164405 0.9999435 -0.006821513 -0.00830996 0.9999597 -0.003414571 -0.009214401 0.9999372 0.006390213 -0.008972644 0.9995912 0.02714651 -0.002786695 0.9994946 0.03167134 -0.00154525 0.9999634 -0.008433461 -1.3073e-4 0.9999807 0.006214737 0.002684772 0.9998697 -0.01592713 -0.001049876 0.9997274 -0.02333104 -0.005341649 0.9991883 0.03992956 0.002415239 0.999935 0.01114338 -8.12684e-4 0.9999707 -0.007624506 0.001404464 0.9999856 0.005188882 0.008122265 0.9995166 0.03000956 -0.001096963 0.999952 -0.009740591 -0.001094818 0.9999522 -0.009717106 9.4669e-4 0.9999467 -0.01028317 0.003514587 0.9999432 -0.01007038 0.004942178 0.999975 -0.005065977 0.009505689 0.9999471 -0.00393933 0.002720832 0.9998829 -0.01506036 -0.003290534 0.9995675 -0.0292257 -0.002024114 0.9998176 -0.01899325 -0.001520574 0.9996877 -0.02494543 -0.001696288 0.9998208 -0.01885998 -0.003350436 0.9996934 -0.02453511 -0.9630494 0.06529992 0.2612892 -0.984995 0 0.1725832 -0.9630484 0.06529408 0.2612941 -0.2099256 0.4744879 0.8548641 -0.4233908 0.6031648 0.6759678 -0.191806 0.4525153 0.8708849 0.3008499 0.9522209 -0.05258196 0.3372474 0.9336202 0.1209033 0.1487911 0.9603766 0.2356653 -0.1960549 0.750024 0.6316855 0.03495526 0.730813 0.6816822 -0.1451047 0.646215 0.7492334 -0.7445859 0.3685722 0.5565487 -0.7101824 0.5553849 0.4326533 -0.4656143 0.7293761 0.5012124 -0.1960849 0.7500807 0.6316088 -0.2464355 0.8770329 0.4124112 0.01925158 0.9566293 0.2906714 -0.08129119 0.5380014 0.8390151 -0.1802235 0.4529186 0.8731462 -0.5566475 0.2541342 0.7909231 -0.6320804 0.07932251 0.7708323 -0.7678647 0.033746 0.6397227 -0.4177817 0.04569172 0.9073979 -0.8699781 0.02276235 0.4925647 -0.7679533 0.03382915 0.6396118 -0.9630138 0.06538611 0.2613986 -0.5408275 0.7798342 -0.3152213 -0.2214768 0.9110093 -0.3478652 -0.2291648 0.4365164 0.8700212 -0.4233193 0.6033108 0.6758822 -0.2093581 0.6725978 0.7097756 -0.1759228 0.4261514 0.8873816 -0.4025364 0.5228577 0.7513883 -0.1166529 0.2207391 0.9683318 -0.08130681 0.5380821 0.8389618 -0.465442 0.72947 0.5012357 -0.1767583 0.8342476 0.5222906 0.9755033 0.02395862 0.2186762 0.9568808 -0.03183704 0.2887313 0.9177039 0.2945827 0.2665342 -0.1908608 0.2165485 0.9574336 0.02156823 0.04516881 0.9987466 -0.417676 0.04580396 0.9074409 0.7329455 0.5192877 0.439467 0.6100528 0.7387441 0.2865182 0.5782604 0.5914025 0.5620125 -0.9522705 0.06002092 0.2992968 -0.9972145 0.05662757 -0.04854673 -0.8307369 0.00106436 0.5566642 -0.1138578 -0.9932345 0.02283734 -0.8399422 -0.02229249 0.5422179 -0.7105128 0.01750874 0.7034665 -0.9459292 0.06335008 0.318127 0.8629599 0.5039283 -0.03683173 0.7983539 0.6021729 0.0043388 0.8875442 0.4606592 -0.00764507 0.0193935 0.9566333 0.2906489 0.08827573 0.7608554 0.6428892 0.03505927 0.7308223 0.6816668 0.07170313 0.8470073 0.5267232 0.1554265 0.893505 0.4212974 0.3992421 0.7004666 0.5915677 0.8721811 -0.05222916 -0.486387 0.8934739 -0.1233323 -0.431849 0.8721828 -0.05222797 -0.4863841 -0.6935263 -0.02185648 0.7200998 -0.7946868 -0.2120231 0.5687873 -0.6935333 -0.02185845 0.720093 0.3429874 -0.8452514 -0.409768 0.3433027 -0.8449438 -0.4101381 0.3432502 -0.8449951 -0.4100764 0.08750593 0.9321938 0.351223 0.1768205 0.961163 0.2118968 0.416248 0.9084435 0.03831523 -0.08531439 0.002314686 -0.9963514 -0.08244943 0 -0.9965953 0.1421651 0.01257216 -0.9897632 -0.08526265 0.002272546 -0.996356 0.1423211 0.01260071 -0.9897403 0.3737324 0.02350348 -0.9272388 0.5745201 0.03106802 -0.8179007 0.5745489 0.03102797 -0.817882 0.887562 0.4606248 -0.007665455 0.8695897 0.4937732 0.001392483 0.948545 0.2962932 -0.1116817 0.00347948 -0.9965215 -0.08326405 -0.04189097 0.05130678 0.9978041 -0.3814949 0.2128317 0.8995357 0.202943 0.03388911 0.978604 -0.6387287 -0.05332744 0.7675818 -0.4294444 0.02374684 0.9027811 -0.8306551 0.001156866 0.5567862 0.3243189 0.343435 0.8814022 0.5286808 0.2295673 0.8171876 0.3243197 0.3434247 0.8814059 0.7568064 0.3418629 -0.557112 0.8023272 0.1484648 -0.5781257 0.8742197 0.2172036 -0.434238 0.6106514 0.7352167 0.294213 0.5504537 0.7989701 0.2421727 0.6151438 0.7697954 0.1703324 0.2927959 0.9504194 0.1047543 0.4023851 0.8913889 0.2085955 0.2926624 0.9504654 0.1047114 0.2886881 0.9494587 0.1232375 0.1530122 0.975486 0.1581596 0.2384727 0.9700703 -0.04576563 0.6899005 0.7190839 0.08340162 0.09338146 -0.9878706 -0.1240629 0 -0.9878692 -0.1552887 -0.02505308 -0.9727901 -0.23033 0.1077343 -0.9737915 -0.200308 0.1673099 -0.9097841 -0.379869 -0.01184856 -0.8675074 -0.4972832 0.3528131 -0.7508552 -0.5583363 0.2693035 -0.9424763 -0.1980252 0.1968384 -0.9378601 -0.2857848 0.2835722 -0.8818206 -0.3768013 0.2339812 -0.9114443 -0.3384113 0.4203529 -0.8875551 -0.1885453 0.4086915 -0.9126727 -8.24993e-5 0.4875596 -0.8730896 -4.45905e-4 0.4559029 -0.8678575 0.1974234 0.2882612 -0.9405394 0.1796972 0.2882408 -0.9405174 0.1798453 0.5523036 -0.7636637 0.3343331 0.4706151 -0.7307147 0.4945479 0.1636337 -0.9863162 -0.02011197 0.1850354 -0.9814693 0.04979801 0.1454201 -0.9826986 0.1147027 0.09793144 -0.9775798 0.186406 0.2002485 -0.9376861 0.2839812 0.2177836 -0.8629463 0.4559542 0.2881754 -0.9405406 0.1798287 0.3023083 -0.8834274 0.3580024 0.2690196 -0.888549 0.3716305 -0.01827132 -0.9680532 0.2500783 -0.01110714 -0.9925151 0.1216162 0 -1 0 0.9430052 -0.1176422 -0.3112903 0.8448768 -0.2154944 -0.489638 0.9190236 -0.2980296 -0.2580194 0.97797 -0.04333716 -0.2041978 0.9899666 -0.1410539 -0.008356213 0.9479342 -0.2285473 -0.2217811 0.9987997 -0.02075809 0.04436576 0.6940475 -0.5962769 -0.4034254 0.8474887 -0.411808 -0.3349289 0.7701376 -0.4850659 -0.4142455 0.9334826 -0.2769292 -0.2278608 0.9899448 -0.1412082 -0.00833702 0.7881792 -0.5176968 -0.3328115 0.9554925 -0.1787744 -0.2346783 0.9984714 -0.03207063 -0.04501736 0.9971265 -0.02704948 -0.07076179 0.9967649 -0.02849471 -0.07515293 0.8788492 -0.2670415 -0.3953646 0.997119 -0.02712136 -0.07083863 0.8788539 -0.267037 -0.3953571 0.9851186 -0.08490705 -0.1494393 0.9735529 -0.1437111 -0.1776002 0.9553706 -0.1770521 -0.2364735 0.9735048 -0.1438755 -0.1777313 0.789373 -0.3034901 -0.5336517 0.9553748 -0.1769983 -0.2364965 0.6194955 -0.3556635 -0.6998063 0.4826929 -0.6430031 -0.5946046 0.7444652 0.1128929 -0.6580477 0.5807882 0.02683854 -0.8136122 0.871112 0.03107392 -0.4901005 0.7843076 0.04682117 -0.6186029 0.3962389 0.01567173 -0.9180138 0.4972873 -0.1187961 -0.8594143 0.8712064 0.0310409 -0.4899347 0.8250321 -0.06476765 -0.5613619 0.9939646 0.03661412 -0.1034112 0.8064403 -0.05660021 -0.5886005 0.6441466 0.1070992 -0.7573672 0.9045599 0.06372267 -0.4215579 0.6810766 0.09710878 -0.7257442 0.4293959 0.09172856 -0.898446 0.8641703 0.1611464 -0.4766985 0.8365171 0.175724 -0.5189993 0.4293688 0.09170973 -0.8984609 0.387409 0.3884752 -0.836063 0.6444527 0.2893648 -0.7077773 0.4923192 0.0938642 -0.8653389 0.3924894 0.1758823 -0.9027832 0.6818975 -0.5620048 0.4681522 0.9598734 -0.09502995 0.2638417 0.6937076 -0.4780668 0.5387226 0.5926774 -0.5048314 0.6275978 0.6935885 -0.4781859 0.5387702 0.2637306 -0.7926413 0.5496963 0.4568836 -0.6734533 0.581135 0.9999741 -0.003196179 0.006460487 0.9867801 -0.07341504 0.1444837 0.9972155 -0.0435239 0.06055629 0.9883922 -0.07479512 0.1322368 0.9989829 -0.0448594 0.004578888 0.9989807 -0.04490649 0.004596412 0.9811797 -0.1282891 0.14432 0.9000623 -0.3419765 0.2700738 0.9800873 -0.1336041 0.1468979 0.8960033 -0.2433146 0.3714517 0.8188332 -0.2997506 0.4895529 0.9883742 -0.07484024 0.1323463 0.7837315 -0.3798816 0.4913807 0.7912372 -0.3713621 0.4858332 -3.27108e-4 0.9999848 0.005506217 -0.02165055 0.9996928 0.01206672 0.005658864 0.9999342 0.009983897 0.05069661 0.9987031 0.004707336 -0.002553045 0.9999967 4.28002e-4 -0.00297147 0.9999956 2.40246e-4 -0.01211714 0.9999259 0.001273214 -0.002656102 0.9999964 5.0977e-4 -0.002721309 0.9999963 4.4513e-4 -0.01112854 0.9999356 0.002247691 -0.001544773 0.9999983 0.001048147 0.002129256 0.9999957 0.002045989 -0.008268892 0.9999509 0.005472898 0.001549184 0.9999908 -0.004004538 0.1437478 0.9895745 -0.008884072 -3.55167e-4 0.999962 -0.008718729 -0.01014757 0.9999441 -0.002964138 0.1833101 0.97402 -0.1329757 0.2635356 0.9646497 -8.35569e-5 0.7285917 0.6849474 0.001109302 0.4037091 0.9148874 -1.78868e-4 0.2483351 0.9570866 0.1493818 -0.005764961 0.9999474 -0.008489549 0.01500993 0.9998084 0.01256632 0.02337205 0.9993693 0.02673369 -0.02643781 0.9996353 -0.005496203 0.005727291 0.9999681 0.005568981 -0.007689893 0.9999572 -0.005158662 -0.01165765 0.9999261 -0.003479182 0.02594625 0.1782018 -0.9836518 0.1306949 0.278089 -0.9516226 0.2905258 0.217678 -0.9317784 0.2686302 0.1411082 -0.9528517 0.6012402 0.1440685 -0.7859736 0.6340008 0.2182978 -0.7418821 0.2783033 0.2834787 -0.9177076 0.2743355 0.4219703 -0.8641073 0.2687724 0.1411629 -0.9528035 0.618726 0.2483743 -0.745311 0.5785465 0.5931045 -0.5599207 0.1656884 0.4134387 -0.89533 1 4.66897e-5 0 1 -4.48954e-5 0 1 -8.67476e-6 0 0.999952 -0.009537279 -0.002270936 0.9998912 -0.01435726 -0.003418862 0.9999516 -0.009581446 -0.002282917 0.9998914 -0.01433843 -0.003413677 0.9995662 -0.0286498 -0.0068295 0.9600395 -0.1398331 0.2424274 0.8124871 -0.2348967 0.5335621 0.8346454 -0.09022146 0.5433482 0.9600422 -0.1398416 0.2424119 0.7291923 -0.07193356 0.6805175 0.9092789 -0.09449273 0.4053187 0.8420776 -0.320568 0.4337528 0.6488159 -0.06077611 0.7585145 0.391878 -0.4093806 0.823917 0.980341 -0.08361893 0.1787168 0.9093196 -0.09451925 0.4052209 0.9995533 -0.02506428 -0.01627987 0.9951952 -0.08880084 -0.04124295 0.9955723 -0.05678009 -0.0749129 0.994992 -0.04125481 -0.09104508 0.9851418 -0.1716724 0.004928112 0.9600686 -0.1399127 0.2422657 0.8303151 -0.4784739 0.285727 -0.008770227 0.9995365 -0.02915608 0.0073269 0.9999375 0.008446216 2.94434e-4 0.9999442 0.01057225 0.01560097 0.9986804 0.04893124 0.005259871 0.9999787 -0.003886818 5.20049e-4 0.9999898 0.004506826 -0.002661287 0.999966 0.007807135 -8.4736e-4 0.9999955 0.002885699 0.001636505 0.9999551 -0.009347379 0.003367006 0.9998646 -0.01610654 0.001640617 0.9999549 -0.009355545 0.003368139 0.9998648 -0.01609969 0.00212264 0.9999614 -0.008531987 0.001604616 0.9999408 0.01076966 5.12663e-4 0.9999492 0.01007068 5.11159e-4 0.9999492 0.01007413 0.001603245 0.9999407 0.01077568 5.80218e-4 0.9999487 0.01011878 5.79636e-4 0.9999489 0.01009982 0.001605272 0.9999411 0.01074451 -2.91598e-4 0.9999856 -0.005361676 -4.82949e-4 0.9998806 -0.01545006 -3.03877e-4 0.9999722 -0.007459044 0.001512408 0.9999842 0.005425989 0.001102209 0.9999964 0.002477645 0.004522621 0.9998764 -0.01505941 -5.72482e-4 0.999941 -0.01085269 -0.004399061 0.999964 0.007258355 -8.75209e-5 0.9999967 -0.002606034 -9.37658e-6 0.9999941 0.003441333 -0.001021325 0.9998716 -0.01599389 -6.42204e-4 0.9999927 -0.003761589 -0.003743767 0.9999738 -0.00621289 -0.005215883 0.9998237 0.01803958 -1.89884e-4 0.9999995 0.001029491 0.004155576 0.9999559 0.008432745 0.004589319 0.9999206 0.01174235 -0.002285003 0.9999721 0.007126748 0.004939556 0.999976 -0.004882633 0.005217611 0.9999715 0.005462348 0.006692945 0.999036 0.04338693 -0.002261281 0.9999756 0.006629049 -0.002220511 0.9993761 -0.03524923 -0.005383193 0.9999849 -0.00114721 -0.002708971 0.999976 -0.006384253 -0.00233823 0.9999962 0.00152111 -0.002312779 0.9999961 0.001581072 -0.002456724 0.9999766 -0.006395399 -7.08943e-4 0.9999458 -0.01039224 1 -4.66941e-5 0 1 4.4613e-5 0 1 8.67604e-6 0 0.9999515 0.009590566 0.002253293 0.9998905 0.01441371 0.003388345 0.9999511 0.00962907 0.002262949 0.9998902 0.01443564 0.003392279 0.9995622 0.02880376 0.006776332 -0.07104098 -2.81889e-4 0.9974734 -0.06020289 -0.4986326 0.8647204 0.1563698 -0.4726426 0.8672701 0.1564064 -0.472782 0.8671876 0.07703793 -0.6018334 0.7948974 0.09395897 -0.9284448 0.3593912 -0.06929123 -0.9302057 0.3604392 -0.005744993 -0.9961703 -0.08724641 0.1092231 -0.9278705 -0.3565482 -0.01124322 -0.7767888 -0.6296609 0.1224249 -0.552577 -0.8244215 -0.1272862 -0.2816131 -0.951048 0.3206961 -0.4520764 -0.8323347 0.04307836 -0.4558888 -0.8889937 0.3805397 -0.05018883 -0.9234016 -0.2124881 0.162133 -0.9636191 -0.3051891 -0.250003 -0.9188897 -0.2124909 0.1621463 -0.9636163 -0.07100349 2.87326e-4 -0.9974761 -0.0506742 0.3685998 -0.928206 0.1563659 0.4726574 -0.8672628 0.2801453 0.8465446 -0.4526377 0.6723093 0.3633466 -0.6449647 0.7616615 0.5503814 -0.3419826 0.3451648 0.7699984 -0.5366227 0.6453101 0.6200258 -0.4462544 0.8355307 0.4404416 -0.3284809 0.87307 0.3660876 -0.3220694 0.8731588 0.3659451 -0.3219909 0.8900672 0.3687493 -0.2679638 0.9982226 0.05177134 -0.02952069 0.2329452 -0.3270695 0.9158397 0.01944988 -0.3483772 0.9371526 -0.001519501 -0.435655 0.9001125 0.3928146 -0.4226441 0.8167428 0.2808543 -0.6183909 0.7339712 0.2054402 -0.6227449 0.7549723 -0.001549839 -0.435714 0.900084 -0.03923571 -0.6213248 0.7825701 0.1039631 -0.6467218 0.7556074 -0.03924429 -0.621451 0.7824696 -0.01604497 -0.7665192 0.642021 0.2808421 -0.6184443 0.7339308 -0.01600855 -0.7665774 0.6419523 0.2673283 -0.7889265 0.5532906 0.1500369 -0.7997435 0.5812911 -0.01603072 -0.7666289 0.6418904 -0.01429826 -0.8898074 0.4561125 0.2673163 -0.7889528 0.5532591 -0.0142517 -0.8898471 0.4560365 0.2689999 -0.8885148 0.3717265 0.04254543 -0.9393036 0.3404387 -0.01429909 -0.8898819 0.455967 -0.01830899 -0.9680251 0.2501848 0.9095686 0.2428348 0.3372184 0.9936317 0.05757004 0.09686058 0.9988693 0.008925497 0.04669535 0.9403111 0.1810989 0.2881291 0.9988698 0.00894767 0.04668116 0.9985088 0.04020673 0.03693056 0.9985098 0.04019027 0.03692018 0.9988705 0.008915007 0.04667443 0.9552212 0.1778486 0.236479 0.9735217 0.1438097 0.1776916 0.9551654 0.1774723 0.2369868 0.9734867 0.1439362 0.1777807 0.7423041 0.3355093 0.5800158 0.9551613 0.1774317 0.2370333 0.5861682 0.3791741 0.7159846 0.4879096 0.6397408 0.5938653 0.9095706 0.2428724 0.3371862 0.9985083 0.04021799 0.0369302 0.8398242 0.4156583 0.3491755 0.8730931 0.2850185 0.3955667 0.800808 0.4489243 0.3964513 0.4372745 0.5666549 0.6983505 0.9094848 0.2429496 0.3373618 0.5323604 0.51683 0.6704322 0.5259094 0.4021637 0.7494557 0.9094842 0.2429745 0.3373457 0.6643377 0.3353581 0.6679748 0.9158775 0.139682 0.3763741 0.9999184 -0.01116335 -0.006217777 0.9994373 -0.03269058 -0.007516443 0.9999393 -0.01071351 -0.002579391 0.9999188 -0.01112699 -0.006217598 0.9999392 -0.01072371 -0.002578556 0.9998387 0.01783323 0.002121686 0.9997486 0.02165699 0.005819618 0.9985609 0.05317646 0.006967902 -0.002988219 0.9999846 0.00469613 0.07227456 0.9881548 -0.1353752 0.04722356 0.9904681 -0.1293948 -0.002965748 0.9999848 0.004659354 0.06356465 0.9746618 -0.2144617 0.009327292 0.9999167 -0.008933663 0.01169878 0.9987328 0.04894852 0.01169115 0.998731 0.04898881 0.004465281 0.9995483 -0.02972453 0.006162345 0.9975851 -0.06918174 0.02090018 0.9996434 0.01662415 0.01280522 0.999819 -0.01407772 0.001743793 0.9999942 0.002969801 -0.001049458 0.9997276 -0.02332055 -0.001881062 0.999953 0.00951457 -1.77068e-7 0.9999729 0.00737518 -0.003778517 0.9998102 0.01911574 -0.007585763 0.9992346 0.03837895 -0.003493964 0.9998751 0.01541739 -0.008792996 0.9998554 0.01456207 -0.01749336 0.9998469 -3.34892e-4 4.60205e-5 0.9997116 0.02401989 -0.001845896 0.9992737 0.03806447 -0.9874717 0.1555824 0.02634114 -0.9221372 0.1769751 0.3440102 -0.9231026 0.3331749 0.1920318 -0.9560333 0.293104 -0.009505569 -0.8667379 0.4981592 0.02455472 -0.697181 0.7088112 0.1073562 -0.705955 0.7082552 -0.001465022 -0.2827227 0.9528379 0.1103078 -0.2407528 0.9443567 0.2241171 -0.6530671 0.7568809 0.02519357 -0.02120864 0.9997228 0.01022678 0.1882581 0.9682566 0.1644328 0.5694131 0.8211404 0.03869473 0.009696364 0.9999501 0.002443373 0.1937575 0.9807544 -0.02405798 0.135206 0.9883142 -0.07038903 0.009720325 0.9999498 0.002429723 0.2192847 0.9717804 -0.08693218 0.029881 0.9995351 0.006058037 0.02676635 0.9996321 -0.004389166 0.06426584 0.9968463 -0.04655605 0.03881388 0.9991937 -0.01027095 0.03081375 0.9994503 0.01222813 0.1357395 0.3627659 0.9219414 0.4108937 0.4480241 0.7940031 0.1148011 0.3765596 0.9192517 -0.08125716 0.5380858 0.8389642 -0.04769688 0.5082413 0.859893 -0.4145292 0.4852095 0.7698943 -0.1372507 0.3018766 0.9434155 -0.01643711 -0.01141631 0.9997997 -0.005021333 -0.002914965 0.9999832 -0.1602937 0.1814017 0.9702574 -0.03621602 -0.01857423 0.9991713 0.001960158 2.63111e-4 0.9999981 -0.06796604 -0.03694164 0.9970035 -0.2649292 0.1855667 0.946244 0.02251273 0.9976472 -0.0647546 -0.003298759 0.9999495 0.00948888 0.03941726 0.9948675 -0.09319448 6.62066e-4 0.9999554 -0.009429037 -0.04510223 0.9978399 0.04776275 0.02914786 0.9993987 -0.01877897 -0.007732927 0.9989687 0.04474258 -0.11019 0.9868355 0.1183806 -0.007749736 0.9989674 0.04476606 -0.1497651 0.8685953 0.4723481 -0.3096631 0.5291386 0.7900134 -0.1497609 0.8684926 0.4725382 -0.2995404 0.5453594 0.7828529 -0.3096954 0.5290034 0.7900912 -0.2638489 0.4502779 0.8530144 -0.2503194 0.538008 0.8049147 -0.2502986 0.5380717 0.8048787 -0.3420284 0.3846299 0.857366 -0.1960632 0.7499743 0.6317419 -0.1960584 0.7500331 0.6316735 -0.2350059 0.6409035 0.7307633 -0.1482636 0.8576843 0.4923367 -0.2118346 0.762821 0.6109258 -0.154745 0.8879949 0.4330348 -0.1481989 0.857779 0.4921915 -0.03682881 0.9843666 0.1722387 -0.1960815 0.750065 0.6316285 -0.1548178 0.8879558 0.433089 -0.1166318 0.9296692 0.3494457 -0.140565 0.8055284 0.5756437 -0.1165573 0.9296618 0.3494902 -0.0545355 0.8912036 0.4503133 -0.1960771 0.7499708 0.6317417 -0.09780937 0.6297754 0.7705948 -0.1638538 0.607912 0.7769138 -0.1115028 0.3155863 0.9423229 0.1384643 0.7430878 -0.6547123 0.4866834 0.5472875 -0.6808933 0.331494 0.6946275 -0.6384391 0.09337031 0.9062334 -0.4123387 0.3353232 0.8074327 -0.4853979 0.05818915 0.9216618 -0.383606 0.2128408 0.9051621 -0.367941 0.2329925 0.8551059 -0.4631506 0.3355153 0.807361 -0.4853841 0.2587622 0.7630717 -0.5922532 0.2329363 0.8550891 -0.4632098 0.2552664 0.5929851 -0.7636803 0.1389954 0.4990535 -0.8553513 0.2354843 0.8033712 -0.5469388 0.3203036 0.5279731 -0.7865433 0.2113116 0.8402232 -0.499372 0.2328872 0.8551315 -0.4631565 0.2112426 0.8403331 -0.4992164 0.0582109 0.9217035 -0.3835027 -0.03911733 0.9573295 -0.2863391 4.28932e-4 1 2.914e-5 1.67435e-4 0.9999995 0.001057684 3.6541e-4 0.9999995 0.001037538 3.70775e-4 0.9999995 9.87319e-4 1.34787e-4 0.9999997 8.52298e-4 -5.23431e-4 0.9999944 -0.003314554 -5.23637e-4 0.9999944 -0.003315329 1.34665e-4 0.9999997 8.51547e-4 -0.001466393 0.999998 -0.001380383 -5.24728e-4 0.9999943 -0.00332117 -0.001500844 0.9999979 -0.001417875 -0.00227189 0.9999914 0.003501713 -0.00227189 0.9999914 0.003486812 -0.001496613 0.9999979 -0.001429617 -0.002621591 0.9999445 0.01020765 -0.002314329 0.9998896 0.01468026 6.50431e-4 0.9999998 1.04876e-4 4.36825e-4 0.9999997 7.41113e-4 6.33863e-4 0.9999998 -1.01776e-4 3.29888e-4 0.9999998 -7.00127e-4 4.2874e-4 1 1.88095e-5 1.95099e-4 0.9999995 -0.001061856 0 0.9999996 -0.00100255 0 0.9999997 -8.63617e-4 1.89103e-4 0.9999997 -8.42641e-4 0 1 -7.2624e-7 0 0.9999997 -8.62891e-4 0 1 0 0 1 1.8547e-7 0 1 9.24798e-7 2.8318e-7 0.9999901 0.004462122 -0.002164959 0.9999977 1.62509e-4 -0.003341972 0.9999945 2.79191e-4 -0.006695091 0.999892 -0.01308369 0.5423651 0.182184 0.8201519 0.9875769 0.008968234 0.156881 0.9318293 0.07429713 0.3552101 0.987622 0.001350641 0.1568472 0.987591 0.008942961 0.1567929 0.9875911 -0.008940279 -0.156793 0.9876232 -0.001323342 -0.1568405 0.9999511 0.009900808 -5.06058e-5 0.9999433 0.0106588 2.23803e-4 0.9875814 -0.008983314 -0.1568514 0.9318328 -0.07424366 -0.3552121 0.5423452 -0.1821973 -0.8201621 0.9999511 -0.00988835 5.60855e-5 0.9999444 -0.01055145 -1.84306e-4 0.4139059 0.8380225 0.3555283 0.3894573 0.5179292 0.7616248 0.6278994 0.3524222 0.6939316 0.5014714 0.2422331 0.8305719 0.3953706 0.4499165 0.8007854 0.2608445 0.4714441 0.8424374 0.3893114 0.5179858 0.7616609 0.1551957 0.4699531 0.868941 0.02619051 0.4031111 0.9147762 -0.1656656 0.3339656 0.9279126 -0.09869569 0.5973083 0.7959159 -0.4290226 0.3492349 0.8330514 -0.2663065 0.2796698 0.9224238 -0.4042271 0.3743128 0.83456 -0.23939 0.3235943 0.9154121 -0.3411574 0.4844427 0.80556 -0.1638547 0.6079072 0.7769174 0.3829896 0.5825455 0.7169099 0.1942036 0.8862957 0.4204345 0.1288401 0.9361486 0.3271484 0.0563755 0.907612 0.4160075 0.001012563 0.9949082 0.1007803 -0.03313565 0.9979953 0.05392134 0.3273245 0.889048 0.320082 0.6433777 0.4048517 0.6497386 0.5925248 0.4612748 0.660409 0.3829718 0.5826354 0.7168464 0.2874392 0.9162089 0.2791775 0.7338443 0.174372 0.6565569 0.6054214 0.4146793 0.6793425 0.6828479 0.5889351 0.4322897 0.7731308 0.2128614 0.5974605 0.6828256 0.5889448 0.4323115 0.9776334 0.1245555 0.1694667 0.9776598 0.1245002 0.1693547 0.8895817 0.3251235 0.3208411 0.9021515 0.3630681 0.2330328 0.9725101 0.197143 0.1239312 0.9917122 0.124367 0.03224879 0.9776551 0.1244145 0.1694454 0.974208 0.03049683 0.2235817 0.9625406 0.1104973 0.2476006 0.8808165 0.3072614 0.3602122 0.9916908 0.124534 0.0322631 0.7955631 0.5070669 0.331606 0.8251655 0.1977396 0.5291513 0.7338401 0.174254 0.6565929 0.8807812 0.3072459 0.3603118 0.5743058 0.3240899 0.751757 0.7337378 0.1743017 0.6566947 0.2066533 0.008674621 0.9783758 0.3306744 0.3485251 0.8770318 0.3145076 0.2036916 0.9271434 0.2064882 0.008609354 0.9784113 0.01565742 0.1016262 0.9946995 0.04533326 0.1941851 0.9799169 0.2064978 0.008644044 0.9784089 0.1005609 0.206068 0.9733569 0.280278 0.2017975 0.9384679 0.121764 0.9710615 0.2054587 0.08119583 0.9120343 0.4019958 0.080145 0.9796518 0.1840085 0.05205696 0.9944248 0.09170377 -8.78381e-4 0.9905759 0.1369626 0.0520516 0.9944244 0.09171158 -8.65491e-4 0.9905839 0.1369048 0 0.991115 0.1330082 0.1245508 -0.3579365 0.9254019 0.110037 -0.451317 0.8855535 0.1179509 -0.2532871 0.9601736 0.04605066 0.9167349 -0.3968333 -0.03725421 0.9976714 -0.05713254 -0.01364761 0.9952086 -0.09681779 -0.02466714 0.9405692 -0.3387055 0.08663314 0.8567473 -0.5084081 0.1625841 0.5662031 -0.8080722 0.08668994 0.8567369 -0.5084159 0.2025168 0.5050629 -0.8389865 0.201855 0.8446101 -0.4958714 0.4108745 0.469053 -0.7817745 0.0460444 0.9167413 -0.3968191 0.1415895 0.9080858 -0.3941225 -0.001277983 0.994243 -0.1071417 -0.001307249 0.9942467 -0.1071065 0.09267836 0.9392166 -0.3305796 -0.0467028 0.9977902 -0.04726219 0.9999594 0.006646752 0.006103157 0.9998266 0.004702091 0.01802432 0.999909 0.01283836 0.004156112 0.9999272 0.008286416 0.008783638 0.9999012 0.00364542 0.01358056 0.9996817 -8.32083e-4 0.02521598 0.9998254 -0.005217671 0.01794826 0.9999291 -0.00800836 0.008809864 0.9999243 -0.01121425 0.005082666 0.9999603 -0.00661081 0.00598967 0.9998725 -0.01584023 0.002014279 0.9999094 -0.01280289 -0.004160463 0.9998995 -0.01383513 -0.003128468 0.9999591 -0.006706595 -0.006088674 0.9998266 -0.004709303 -0.01801967 0.9999262 -0.008416891 -0.008766055 0.9999011 -0.003644883 -0.01358199 0.9996813 8.31676e-4 -0.02523374 0.9998253 0.00521779 -0.01794892 0.9999288 0.008063316 -0.008802652 0.9999244 0.01119524 -0.005092322 0.9999613 0.006467401 -0.005973696 0.9998716 0.01589787 -0.002023041 0.9998979 0.0139448 0.00315684 -0.01461511 -0.5256552 -0.8505723 -0.01333361 -0.3009772 -0.9535381 0.252288 -0.4038164 -0.8793653 -0.01332253 -0.3009195 -0.9535565 -0.01188248 -0.8674689 -0.4973496 -0.01514142 -0.7174792 -0.6964154 0.2632175 -0.7702725 -0.5808588 0.338768 -0.5970091 -0.7271977 -0.0151869 -0.7174084 -0.6964874 -0.0146321 -0.5257733 -0.850499 0.2490145 -0.6086984 -0.7533114 0.3388049 -0.5969314 -0.7272443 -0.01458263 -0.5257013 -0.8505443 0.3425188 -0.3997049 -0.8502453 -0.0183978 -0.06726205 0.9975658 -0.009212672 -0.03370285 0.9993895 -0.009210526 -0.03368872 0.99939 0 0 1 1 2.39784e-5 0 1 -2.42234e-5 0 1 2.43149e-5 0 1 -9.03987e-6 0 1 -3.00933e-6 0 1 -9.15852e-6 0 0.9999891 0.004020988 -0.00241661 0.9997413 -0.02025485 -0.01034885 0.9989622 -0.04050463 -0.02083408 0.9994509 -0.03110122 -0.01143854 0.9998394 0.01682531 -0.006190299 1 9.24868e-6 0 0.9998398 0.01680451 -0.006179392 0.999922 0.01118874 -0.005566895 0.9996865 0.02242064 -0.01115089 0.9999969 -0.002070844 -0.001374483 0.9999976 -0.001837909 -0.001218438 1 1.68668e-5 0 1 -3.07636e-5 0 1 3.01775e-5 0 1 2.75219e-5 0 1 1.65022e-5 0 1 1.42786e-5 0 1 1.47973e-5 0 1 1.94305e-6 0 1 -7.72022e-6 0 1 8.69112e-6 0 1 8.9548e-6 0 1 -1.31314e-5 0 1 -1.84337e-5 0 1 -5.59895e-5 0 1 8.79453e-6 0 1 -1.75869e-5 0 1 -5.07563e-5 0 1 4.97506e-5 0 0.3529965 -0.7508143 -0.5582754 0.711184 -0.5995006 -0.3671735 0.318154 -0.8194965 -0.4766589 0.5473118 -0.7654058 -0.338532 0.8886319 -0.3603696 -0.2836673 0.8448473 -0.2155979 -0.4896434 0.214938 0 -0.9766278 0.2197345 -0.005781352 -0.9755427 0.2196283 -0.005626976 -0.9755675 0.224599 -0.01165997 -0.9743816 -0.9501656 -0.1101236 -0.2916473 -0.9673476 -0.05517196 -0.2473757 -0.9673402 -0.05519872 -0.2473987 -0.9794146 0 -0.201859 -0.8765786 0 0.4812586 -0.9682405 0.005121052 0.2499681 -0.9194132 -0.06647533 0.3876345 -0.9920667 0.007598102 0.125483 0.05268681 0 -0.9986112 0.04719591 0.005279839 -0.9988717 0.04719519 0.005279481 -0.9988718 0.04718834 0.005287468 -0.9988721 0.0471884 0.005287408 -0.9988721 0.04148381 0.01067394 -0.9990822 -0.9761113 0.02081501 0.2162722 -0.9781455 0.01035904 0.2076634 -0.9781177 0.01050704 0.2077875 -0.9799811 0 0.1990908 -0.9983339 0.01089715 0.05666464 -0.9986811 0.005593717 0.05103665 -0.9986894 0.005455493 0.05088996 -0.9989826 0 0.04509764 -0.6104898 -0.1700169 -0.773561 -0.6759156 -0.06003898 -0.7345294 -0.6759197 -0.06003069 -0.7345263 -0.729295 0.05092883 -0.6823014 0.6260965 -0.77472 -0.08838582 0.4263255 -0.9045107 0.01035344 0.4264636 -0.9044463 0.01028805 0.1980555 -0.9741948 0.108253 -0.2615796 -0.6856031 -0.679356 0.1557012 -0.4166351 -0.8956407 0.01072472 -0.5051813 -0.8629466 0.01084774 -0.5050967 -0.8629946 0.3287613 -0.2257482 -0.9170354 0.11501 -0.005035579 -0.9933516 -0.9905608 -0.1138208 0.07638227 -0.9825527 0.04612004 0.1801759 -0.9825584 0.04609781 0.1801499 -0.9387885 0.2043359 0.27735 -0.6647287 0 -0.747085 -0.6934911 0.03888511 -0.7194152 -0.6935436 0.03895366 -0.7193608 -0.7201009 0.07755076 -0.689522 0.9863983 0 0.1643725 0.9143753 0.01756072 0.4044868 0.9870669 0.003966212 0.1602598 0.9870694 0.003980636 0.1602442 0.9870693 0.003981232 0.1602449 0.9877097 0.007918417 0.1560999 0.8491248 0.02231758 0.5277208 0.5224274 -0.06475216 0.8502215 0.5224351 -0.06473851 0.850218 0.4528102 -0.1697597 0.8752968 0.6424269 0 -0.7663471 0.6523901 -0.0109086 -0.7578049 0.6523905 -0.01090866 -0.7578046 0.6524014 -0.01092118 -0.757795 0.8209974 0.03335589 -0.5699568 0.8932362 0.05042374 -0.4467509 -0.5688743 0 0.8224245 -0.5307059 0.05447381 0.8458036 -0.5307114 0.05446636 0.8458008 -0.4898511 0.1086842 0.865005 -0.6254285 -0.1129971 0.7720562 -0.5890509 -0.05665546 0.8061075 -0.5890712 -0.05668705 0.8060905 -0.5494986 0 0.8354948 0.7173147 0.03819262 -0.6957018 0.7309966 0.01918566 -0.6821114 0.7310637 0.01908868 -0.6820423 0.7442638 0 -0.6678858 0.9460141 0.2308785 -0.2274923 0.7781143 0.5629607 -0.2785923 0.7781201 0.5629696 -0.278558 0.2909998 0.8919309 -0.3460901 0.5980594 0.6647377 -0.4477151 0.5153636 0.7833592 -0.3474893 -0.2169536 0.03759616 -0.9754578 -0.127281 0.06613928 -0.9896591 -0.3122462 0.1807673 -0.9326444 -0.5264658 0.130694 -0.8400909 -0.3123297 0.1809159 -0.9325876 -0.3978596 0.3184135 -0.8604189 0.576749 0.1031929 0.8103777 0.5373545 0.0516017 0.8417764 0.5374392 0.05170184 0.8417162 0.4953327 0 0.8687034 -0.8528037 0 -0.5222316 -0.8553305 0.004585146 -0.5180625 -0.8554288 0.004765033 -0.5178985 -0.664398 0.1732851 -0.7270128 -0.9843032 0.160673 -0.07301759 -0.9881906 0.06280368 -0.1397681 -0.9881913 0.06281989 -0.1397556 -0.9781876 -0.03617495 -0.2045497 0.6240496 0.09384053 -0.7757294 0.871327 0.001901626 -0.4906994 0.7238269 0.06201225 -0.6871894 0.8722061 0 -0.4891386 -0.5207601 0 -0.8537032 -0.5201682 -6.41593e-4 -0.8540636 0.4643501 0.02602362 0.8852694 0.7024611 -0.06628888 0.7086284 0.5799335 0.01750773 0.8144757 0.773284 0 0.6340599 -0.1015391 -0.2060667 -0.9732556 -0.2229605 -0.02913355 -0.9743921 -0.2229619 -0.02913838 -0.9743916 -0.223062 -0.02898365 -0.9743734 -0.2230825 -0.02899146 -0.9743684 -0.3342733 0.1492449 -0.9305844 -0.3243901 -0.0526297 0.9444581 -0.6475112 0.03656971 0.761178 -0.4615486 -0.03515368 0.8864182 -0.6916226 0 0.7222591 -0.8518719 -0.08966517 0.516018 -0.835326 -0.04474329 0.5479311 -0.8353265 -0.04474556 0.5479303 -0.8161196 0 0.5778833 -0.6814182 0 0.7318943 -0.6948035 -0.01782691 0.7189787 -0.6949133 -0.01797145 0.718869 -0.7077859 -0.03571528 0.7055236 0.762281 0.02960878 -0.6465686 0.7720144 0.01504731 -0.6354269 0.7722632 0.01476722 -0.6351311 0.7817188 0 -0.6236312 -0.1841042 -0.04053562 -0.9820706 -0.2485771 0.05796444 -0.9668762 -0.2485499 0.05792087 -0.9668859 -0.3095248 0.1557257 -0.9380533 0.3138713 0.1099772 -0.9430747 0.3577585 0.05509579 -0.9321874 0.3577413 0.0551173 -0.9321928 0.3999127 0 -0.9165533 -0.5527507 -0.01968532 -0.8331142 -0.1720883 0.03455328 -0.9844754 -0.4165253 -0.01308482 -0.90903 -0.172073 0.03454369 -0.9844784 -0.1720777 0.03453999 -0.9844778 -0.1373883 0 -0.9905173 -0.009774982 0.9992532 -0.03738474 -0.001931369 0.9998103 -0.01938271 -0.00491321 0.9997078 -0.0236721 0 0.999997 -0.002499938 -7.85511e-4 0.9999637 -0.008487045 6.75778e-5 0.9996913 -0.02484875 0.002073228 0.9992085 -0.03972667 0.001907825 0.9999516 -0.009652793 6.6577e-4 0.9999917 -0.004021704 -5.09628e-4 0.999946 -0.01038283 -0.00276196 0.9991354 -0.04148483 0.003829181 0.999805 -0.01937246 0.007682204 0.9992149 -0.0388692 0.806657 0 0.59102 0.83174 0.06155228 0.5517427 0.831753 0.06158858 0.5517189 0.8519119 0.1226348 0.5091235 -0.7365388 0 0.6763954 -0.5432269 -0.03641301 0.838796 -0.7206217 0.02249205 0.6929636 -0.4256727 -0.05487048 0.9032121 0.0202409 0.9989433 -0.04126155 -0.08467447 0.9317856 -0.3529958 -0.02370405 0.9927853 -0.1175402 -0.04054021 0.9807766 -0.1908762 -0.3288718 0.0015257 -0.9443734 0.01365482 0.0273028 -0.999534 -0.1698369 -0.02525383 -0.9851487 -0.1697431 -0.02536261 -0.9851619 0.2341529 0.03354769 -0.9716209 0.5090011 -0.01184862 -0.8606844 -0.9733603 0.2083821 -0.09563869 -0.9772861 0.04396289 -0.2073144 -0.9772908 0.04399985 -0.2072848 -0.9425824 -0.122123 -0.3108448 -0.9200363 -0.05007493 -0.3886203 -0.9308747 -0.02508121 -0.3644768 -0.9308835 -0.02506321 -0.3644555 -0.9404476 0 -0.3399387 -0.1798327 0.1191996 0.9764485 -0.2445833 0.05983459 0.9677804 -0.2445778 0.05982536 0.9677824 -0.2446102 0.0598033 0.9677755 -0.2446106 0.05979758 0.9677758 -0.3076085 0 0.951513 -0.1521049 -0.7276938 0.6688243 -0.06404685 -0.9104889 0.408544 0.0348494 -0.8247721 0.5643904 0.03498929 -0.8248224 0.5643082 0.136477 -0.8574666 0.4961099 -0.01495665 -0.9670351 0.2542039 0.0254997 0.1103587 0.9935647 -0.02872008 0.05530458 0.9980564 -0.0287258 0.05530995 0.9980559 -0.02874535 0.05528366 0.9980569 -0.02874779 0.05528676 0.9980566 -0.08269137 0 0.9965752 0.1485698 -0.07851588 0.9857801 0.1768383 -0.0392279 0.9834579 0.176828 -0.03924262 0.9834592 0.2047617 0 0.9788119 0.5971109 -0.001276195 -0.8021578 0.5964928 -7.05775e-4 -0.8026182 0.5965237 -7.3453e-4 -0.8025953 0.5964276 -6.02513e-4 -0.8026667 0.5964276 -6.02522e-4 -0.8026667 0.5960467 0 -0.8029498 -0.4700934 0.1585811 -0.8682537 -0.4324452 0.1154233 -0.8942419 -0.4324695 0.1154509 -0.8942267 -0.3932029 0.07180297 -0.9166439 0.4083617 -0.01772779 -0.9126482 0.6596949 0.02060449 -0.7512511 0.5091598 -0.01183569 -0.8605906 0.6846165 0 -0.7289035 -0.5107719 -0.1901195 0.8384311 -0.4502396 -0.07980859 0.889334 -0.4502469 -0.07981592 0.8893296 -0.3814209 0.03180468 0.9238542 0.3422747 -0.5611351 -0.7536414 0.007404446 -0.6968718 -0.7171576 0.007416784 -0.6968685 -0.7171606 -0.09120666 -0.5174248 -0.8508542 0.007258355 -0.6969032 -0.7171285 -0.3285322 -0.7406804 -0.5860539 -0.4678454 0.1492844 -0.8711113 -0.1933535 -0.06718653 -0.9788261 -0.1933522 -0.06720745 -0.9788249 -0.1932031 -0.06729501 -0.9788483 0.03746503 0.01072317 -0.9992405 0.2964532 -0.06262975 -0.9529917 0.425065 -0.002963125 0.9051579 0.4263961 -0.001517593 0.9045354 0.426396 -0.001517534 0.9045354 0.4264081 -0.001503586 0.9045298 0.4264079 -0.001503407 0.9045298 0.4278671 0 0.9038418 0.2461375 0 0.9692349 0.1894989 -0.05418461 0.9803848 0.1895296 -0.05415028 0.9803808 0.1894845 -0.05419009 0.9803872 -0.05975103 0.02217751 0.997967 -0.2223344 0.03328758 0.9744021 0.9928435 0.1105706 -0.04512214 0.9963229 0.08287465 -0.02173537 0.9877859 0.1544834 -0.02034914 0.9984742 0.05519956 0.001579284 -0.9789311 0.1759597 0.1035966 -0.9957236 0.08861941 0.02610129 -0.995725 0.08860695 0.02608978 -0.9986599 0 -0.05175614 -0.2279535 0.003188729 -0.9736669 -0.2088677 -0.01401096 -0.9778436 -0.2088662 -0.01400935 -0.9778439 -0.2088499 -0.01402837 -0.9778472 -0.2088504 -0.01402908 -0.977847 -0.1897522 -0.03129625 -0.9813331 0.9515143 -0.02888852 -0.3062452 0.9474341 -0.01447248 -0.3196238 0.9474346 -0.01447194 -0.3196222 0.8407645 0.04482507 -0.5395422 0.9474394 -0.01448506 -0.3196073 0.9430224 0 -0.3327293 -0.6612811 -0.03080612 0.7495054 -0.8891163 0.04407316 0.4555543 -0.7681428 -0.02066749 0.6399451 -0.9205737 0 0.3905689 -0.3456268 0 0.9383721 -0.3658011 -0.02079576 0.9304608 -0.365951 -0.02093124 0.9303987 -0.3856554 -0.04154282 0.9217073 0.2458566 0.05604875 0.9676844 -0.2710497 0.009490013 0.9625186 0.01935613 -0.01582002 0.9996875 -0.271148 0.00937891 0.9624921 -0.4985967 0.03829222 0.8659879 -0.7680726 -0.02065837 0.6400296 0.8446072 0.08382755 0.5287832 0.8238011 0.0421344 0.565311 0.8237105 0.04197007 0.5654553 0.7999435 0 0.6000754 0.8468162 0.02656024 -0.5312221 0.9489126 -0.02871966 -0.3142296 0.8830257 0.01757806 -0.4689956 0.9394912 0 -0.3425733 0.8680934 0.365148 0.336275 0.9155175 0.06149065 0.3975508 0.7899317 0.2891982 0.5407146 0.740536 0.3881249 0.5486032 0.9155229 0.06155043 0.3975293 0.8039651 0.1555029 0.5739853 0.8867558 -0.006720006 -0.4621893 0.9880905 0.003818511 -0.1538264 0.9334338 -0.004465401 -0.358722 0.9887043 0 -0.1498796 -0.9984068 -0.01521724 0.05433636 -0.9514135 0.1734898 -0.2543891 -0.9972081 0.05669748 -0.04859519 -0.9528301 0.188233 -0.2380823 0.4767393 0.03078782 0.8785055 0.4158603 -0.02081096 0.9091904 0.4158598 -0.02080047 0.9091909 0.4158302 -0.02083986 0.9092035 0.1847942 0.04112946 0.9819163 0.0217083 0.04512697 0.9987454 0.931141 0.07821804 0.3561718 0.9185437 0.03932249 0.393359 0.9185009 0.03920632 0.3934704 0.9030142 0 0.4296109 -0.1449607 0.06158769 0.9875189 -0.3091304 -0.06308192 0.9489253 -0.3091389 -0.06307703 0.9489228 -0.3092471 -0.06318062 0.9488807 -0.5385216 0.03442841 0.8419081 -0.7104165 0.01742517 0.7035657 0.9819453 0.1504033 -0.1147278 0.9927703 0.09365642 -0.07507097 0.9927703 0.09365648 -0.07507145 0.9927745 0.0936349 -0.07504349 0.9828348 0.01481896 0.1838919 0.9395611 -0.05910992 0.3372403 0.8615645 0.1075343 -0.496128 0.8915928 0.04087138 -0.45099 0.8915946 0.04086756 -0.4509867 0.8916131 0.04083025 -0.4509536 0.9753656 0.02756601 -0.2188653 0.9982947 -0.01062208 0.05740159 0.9979212 -0.01608371 -0.06240624 0.9592183 -0.002005577 0.2826594 0.9982903 -0.01063382 0.0574761 0.9598866 0 0.2803889 -0.9852758 0.152052 -0.07817983 -0.9843356 0.07649737 -0.1588448 -0.9843353 0.07649308 -0.1588482 -0.9713791 0 -0.2375349 0.04354792 0 0.9990513 -0.03371739 -0.07295918 0.9967648 -0.03371828 -0.07295227 0.9967654 -0.0338357 -0.07305681 0.9967537 -0.2713429 0.0157833 0.9623533 -0.4292775 0.02365213 0.9028629 0.1333692 0 -0.9910665 0.1816571 -0.0481252 -0.9821836 0.1817352 -0.04822999 -0.9821642 0.2289102 -0.09610885 -0.9686916 -0.2786421 -0.01743406 0.9602367 -0.6128243 0.007724344 0.7901814 -0.3606287 0.3066623 0.8808549 -0.4054061 0.1136102 0.9070495 -0.7811082 0.02055162 0.6240575 -0.9276125 0.006699025 0.373484 0.4542535 0.1467419 -0.8787039 0.5533018 0.02675205 -0.8325513 0.5533 0.02675646 -0.8325522 0.6377595 -0.09388077 -0.7644928 0.09380918 0.272181 0.9576625 -0.06045717 0.4853861 0.8722072 -0.1979169 0.5923609 0.7809849 -0.1979842 0.5924841 0.7808744 -0.1980088 0.5924689 0.7808798 -0.3527404 0.7940538 0.4950281 2.11284e-5 0 -1 0 0 -1 0.002860665 -0.007323443 0.9999692 -0.005562186 0.1607123 0.9869857 0.004480838 -0.007121205 0.9999646 -0.0115745 -0.1791109 0.9837609 -0.1428494 0.1806097 0.9731261 -0.002556145 -0.2361596 0.9717109 -0.01153802 -0.179205 0.9837442 -0.1490868 -0.4379581 0.8865472 0.07785594 -0.8015714 0.5928086 0.9851215 -0.08487492 -0.1494387 0.9086716 -0.1625299 -0.3845778 0.9912874 -0.07431155 -0.108753 0.9912816 -0.0743404 -0.1087859 0.8680544 -0.1808065 -0.4623751 0.9952683 -0.03347527 -0.09121632 0.9912935 -0.0742948 -0.1087082 0.9933065 -0.02697026 -0.1123153 0.9998075 0.01555055 -0.01196068 0.9900202 -0.02418559 -0.1388351 0.935394 -0.1084681 -0.33656 0.9932897 -0.02702581 -0.1124518 0.9353411 -0.1084789 -0.3367038 0.7893683 -0.3034352 -0.5336899 0.6195284 -0.3555912 -0.6998139 0.9353324 -0.1085528 -0.3367043 0.5637052 -0.1700375 -0.8082844 -0.9682716 0.005192697 0.2498468 -0.9151048 0.08928197 -0.3932073 -0.9446791 5.45308e-4 -0.3279958 -0.8549461 0.04752898 -0.5165348 -0.9150382 0.08923363 -0.3933731 -0.7090334 -0.006566941 -0.7051444 -0.8549705 0.04750418 -0.5164968 -0.709022 -0.006595075 -0.7051555 -0.6953458 -0.0331763 -0.7179092 0.9999737 -9.81466e-4 0.007203221 0.993208 0.1118627 0.03200942 0.9926196 0.0434823 0.1132063 0.9987717 0.04780566 0.01303529 0.9999399 -0.01095783 -1.85905e-4 0.9999747 -0.007099628 4.93114e-4 0.999994 -0.003434717 6.09435e-4 0.9920606 -0.003219783 -0.1257199 0.9999733 9.76615e-4 -0.00725162 0.9933469 -0.03027689 -0.1111091 0.9964901 -0.07916784 -0.02720463 0.9996775 -0.02395826 -0.008434057 0.9999461 0.0103864 8.68088e-5 0.9999206 0.01257932 -8.04858e-4 0.9997873 0.02043706 -0.002819716 0.9999902 0.003142714 -0.003106176 0.9920616 0.003219425 0.1257115 0.875424 0.002861261 0.4833475 0.8753806 -0.002861738 -0.483426 -0.1383802 -0.5550572 -0.8202211 0.1405339 -0.3663069 -0.9198204 0.1405321 -0.3662641 -0.9198378 0.14072 -0.3661903 -0.9198383 0.5081557 0.001692295 -0.8612636 0.4023623 -0.1321837 -0.9058874 -0.06839287 -0.1083886 -0.9917532 0.1122082 -0.009781658 -0.9936367 0.1121922 -0.009787499 -0.9936383 0.1123407 -0.009711861 -0.9936223 0.4220905 0.2470319 -0.8722471 0.2884497 0.08928686 -0.9533231 0.1551334 -0.1808251 0.9712034 0.07026857 -0.3323253 0.9405437 0.1748939 -0.2009495 0.9638628 0.1748895 -0.200947 0.9638641 0.3027628 -0.490051 0.8174257 0.02558445 -0.4066129 0.9132422 0.9376831 -0.268498 0.2205886 0.9361591 -0.002177298 0.3515699 0.9337627 0.03120905 0.3565297 0.9337169 0.03116166 0.3566536 0.8024374 -0.2343592 0.5487897 0.7997215 -0.3912565 0.4553723 -0.0609638 0.9973125 0.0406351 -0.02816736 0.9234105 0.382779 -0.04262 0.9940295 0.1004441 -0.04260587 0.9940268 0.1004757 -0.05450826 0.8912531 0.4502187 -0.03624033 0.9941632 0.1016182 0.9999808 -0.004450559 0.004330098 0.9985429 -0.01005792 0.05302059 0.9998846 -0.002955555 0.01490139 0.9994835 4.35057e-4 0.0321353 0.9991967 0.0167976 -0.03638416 0.9999914 -0.00383228 0.001617908 0.9999793 -0.002485752 -0.005933701 1 -8.36856e-6 0 1 -1.14256e-5 0 0.9989416 -0.001098036 -0.04598695 0.9916858 0.001582622 -0.1286727 0.8636819 0.05549192 -0.5009733 0.8861232 0.02422779 -0.4628161 -0.06847923 0.1090327 0.9916767 0.1117237 0.01010906 0.9936879 0.1117287 0.01011896 0.9936872 0.1118707 0.01001304 0.9936723 0.42861 -0.2463554 0.8692541 0.2875813 -0.08928215 0.9535858 0.9748578 0.07792234 -0.2087597 0.8399347 0.3770143 -0.3903459 0.7073816 0.5605828 -0.4305325 0.7072317 0.5607256 -0.4305927 0.6237002 0.5673483 -0.5376933 0.2527392 0.7723643 -0.5827319 0.6160733 0.5064328 -0.6033074 0.2527412 0.7723712 -0.582722 0.4561487 0.675289 -0.5795801 0.9982328 0.05165618 -0.0293771 0.9954338 0.01662284 -0.09399628 0.9748832 0.07781398 -0.2086812 0.9748662 0.07777178 -0.2087765 0.9702844 0.1672129 -0.1748942 0.9567449 -0.01595407 -0.2904905 0.616452 0.07091397 0.7841927 0.8724423 -0.01681113 0.4884282 0.7243256 0.04698854 0.6878551 0.8724498 -0.0168038 0.4884148 0.8724487 -0.01680147 0.488417 0.8825789 0 0.4701643 0.4964352 0.03838163 0.867225 0.8390205 -0.03492397 0.542978 0.7778607 0.03495359 0.6274639 0.8791825 -0.02305757 0.4759272 0.8391076 -0.03486996 0.5428466 0.949442 0.027116 0.3127694 0.9404904 0 0.3398202 0.1971864 0.02432358 -0.9800642 0.1760897 0.1974251 -0.9643733 -0.002447068 -0.003364384 -0.9999914 -0.00260961 -0.003372907 -0.9999909 -0.002614319 -0.003365159 -0.9999909 -0.2027087 -0.03092271 -0.9787507 0.07016003 -0.3324629 0.9405031 0.1098294 -0.7514232 0.6506156 0.08017963 -0.6081752 0.7897431 0.01432794 -0.7656365 0.643114 0.1595254 -0.8263905 0.5400281 -0.001290738 -0.9864242 0.1642127 -0.9617906 -0.2588463 -0.08920526 -0.958494 -0.2587436 -0.1197546 -0.8663037 -0.4844222 -0.1218734 -0.9542983 -0.2584081 -0.1501338 0.1198198 0.9351341 -0.3334179 0.3949679 0.885634 -0.2442395 0.2385044 0.9700637 -0.04574102 0.3307081 0.9396603 -0.0875833 0.5153309 0.7834129 -0.3474164 0.6525999 0.7413202 -0.1567091 -0.8470877 0.1502596 -0.5097691 -0.8113765 0.07560741 -0.5796135 -0.8113784 0.07560646 -0.5796111 -0.6527772 -0.01516532 -0.7573983 -0.8113285 0.0755245 -0.5796912 -0.7659548 0 -0.6428945 0.9639376 0.2642547 -0.0315237 0.9831082 0.1040292 0.1505862 0.9860901 0.1400017 0.0895878 0.8973216 0.2495307 0.364072 0.8177354 0.05983626 -0.5724757 0.6379992 0.2692213 -0.7214409 0.5479522 0.3200265 -0.7728722 0.465456 0.278113 -0.8402405 0.4006383 0.1811024 -0.8981598 0.1446403 0.4091255 -0.9009415 0.9414548 0.2606101 -0.2138816 0.99998 -0.003501832 0.005274713 0.99998 -0.00350207 0.005274891 0.9999801 -0.003536939 0.005232214 0.9999801 -0.00353676 0.005232095 0.999981 -0.00554043 0.002721786 0.9294844 0.05311477 0.3650172 0.9984009 -0.02878099 -0.04865443 0.9987264 0.04176592 0.02830773 0.9916809 -0.01898711 -0.1273132 0.9983949 -0.02871537 -0.04881727 0.951974 0.02591967 -0.3050799 0.9614761 0 -0.2748888 0.03109663 0.9995121 0.002923011 0.03892207 0.9989173 0.02548587 0.1288327 0.9361486 0.3271512 0.2010437 0.9475138 0.2485941 -0.1699336 -0.02540236 -0.9851281 -0.7582091 -0.007714688 -0.6519657 -0.6680314 0.03145724 -0.7434679 -0.8014649 -0.005030095 -0.5980207 -0.7582984 -0.007628262 -0.651863 -0.8980656 0.05599159 -0.4362832 -0.8724455 0 -0.4887115 0.8402062 0.4059246 -0.3595536 0.9416087 0.2613037 -0.2123523 0.6718963 0.7190832 -0.1774111 0.3921872 0.9148798 -0.09583455 0.9290084 0.3297156 -0.1680213 0.9172483 0.3922243 0.0693947 -0.9754616 0.157186 -0.1541666 -0.9683609 0.07914006 -0.2366731 -0.9683613 0.07914227 -0.2366706 -0.8755989 0.03633624 -0.4816704 -0.9683471 0.07905006 -0.2367597 -0.9486875 0 -0.3162152 0.06868708 0.9973803 0.02268862 0.2249706 0.9738819 0.03069901 -0.01453882 0.9998866 -0.003943085 0.01672971 0.9997808 0.01259207 0.01671886 0.9997807 0.01261687 0.295875 0.9547443 0.0303511 0.006546556 0.9999734 0.00323677 0.006508886 0.9999735 0.003250598 0.2249348 0.97389 0.03070056 0.1937966 0.9807463 -0.02407819 0.006509423 0.9999736 0.003241717 0.01310718 0.9998831 0.007879197 0.02416092 0.9994536 0.02255547 -0.001647353 0.9996898 -0.02485513 0.01984691 0.9995726 -0.02146852 0.003329336 0.9999414 -0.01030284 0.008467733 0.99996 -0.002898812 0.1729223 0.9691054 0.1758769 0.2010777 0.947501 0.2486155 0.008476436 0.99996 -0.002887129 0.01489156 0.9997437 0.01705694 0.2483202 0.9570806 0.1494449 -0.3688987 0.1333253 -0.9198577 -0.8563107 -0.02175176 -0.5160027 -0.7673631 0.04310482 -0.6397624 -0.8974557 0.002200841 -0.4410993 -0.8563855 -0.02165496 -0.5158828 -0.9619394 0.09628868 -0.2557364 -0.9553044 0.0469641 -0.2918696 0.9788911 0.03090983 0.2020316 0.9158782 0.1395613 0.3764172 0.6797989 0.1846167 0.7097818 0.483588 0.2492779 0.8390491 0.7027657 0.241245 0.6692693 0.3551012 0.3968014 0.8464348 0.00646007 0.9999578 0.006548047 0.001494705 0.9999989 -2.11456e-4 0.002836763 0.9999605 0.008432209 -0.003228366 0.9999269 -0.01165711 -0.5325108 -0.04975551 0.8449596 -0.8454074 0.02740067 0.5334188 -0.7897706 -0.04149961 0.611997 -0.882274 0.01809436 0.4703883 -0.8454936 0.02732586 0.533286 -0.9489478 -0.02884113 0.3141122 -0.9394197 0 0.3427694 -0.6990996 0.1041441 -0.7073994 -0.6636854 0.05221915 -0.746187 -0.6636945 0.05221122 -0.7461794 -0.4759211 -0.03005641 -0.8789743 -0.6636719 0.05218684 -0.7462012 -0.6244587 0 -0.7810578 -0.002543628 0.9998298 0.01827597 -0.001259505 0.9999582 0.009051144 -0.001273155 0.9999573 0.00915122 0 1 -2.18522e-7 0.08076775 0.9822634 0.1692194 0.1368204 0.7437556 0.6542996 0.1033381 0.9075366 0.4070608 -0.02427017 0.8148482 0.5791661 0.2457139 0.6513614 0.717881 -0.06623691 0.3385132 0.9386274 0.9280261 0.3717369 -0.02407157 0.945945 0.2941099 0.1367021 0.8695856 0.4937804 0.001387298 0.8696422 0.4936808 0.001389503 0.9860881 0.1400625 0.08951514 0.9903548 0.1366933 0.0226348 0.7829153 0.0325514 0.6212763 0.7729753 0.01633465 0.6342257 0.7728675 0.0161457 0.6343622 0.7624785 0 0.6470137 -0.6900753 -0.0379371 0.7227426 -0.9385084 0.02108293 0.3446124 -0.8959097 -0.03583765 0.4427883 -0.9601507 0.01389652 0.2791373 -0.938576 0.020985 0.344434 -0.9924701 -0.02974897 0.1188199 -0.9887105 0 0.1498385 -0.7023952 0.6568779 0.2741397 -0.9230507 0.3332007 0.1922367 -0.7446174 0.368532 0.5565332 -0.6563307 0.367154 0.6591116 -0.9230619 0.3332116 0.1921635 -0.8499334 0.1850955 0.4933081 -0.6562637 0.3671361 0.6591883 -0.7088606 0.2190943 0.6704583 -0.2649673 0.1856222 0.9462224 0.2459986 0.05592948 0.9676553 0.6130411 -0.03068637 0.789455 0.3942737 0.03715616 0.9182416 0.6130625 -0.03066813 0.789439 0.6130574 -0.03066235 0.7894431 0.642363 0 0.7664006 0.002498924 0.9998357 -0.01795494 0.001239478 0.9999597 -0.008906245 0.001235783 0.9999599 -0.008877098 0 1 2.18522e-7 -0.2377711 -0.08783894 -0.9673414 -0.5768428 -7.63215e-4 -0.8168548 -0.3628014 -0.0580461 -0.9300569 -0.5773623 0 -0.8164881 0.8976421 -0.3904604 -0.2044 0.9895755 -0.1191538 0.08088731 0.9790794 -0.2017524 0.02644807 0.9790934 -0.2016658 0.0265876 -0.2212955 0.9110311 -0.3479234 0.3684545 0.9108506 -0.1859908 0.3684563 0.9108487 -0.1859961 0.3686014 0.9108119 -0.1858889 0.4803049 0.8737244 0.07689666 0.7391039 0.6379041 0.2163423 -0.9826175 0.03721815 0.1818732 -0.9276742 0.006692886 0.3733308 -0.9818595 0.03997874 0.1853476 -0.8838959 -0.009393692 0.4675896 -0.3253661 -0.1051034 -0.9397289 -0.3749842 -0.05265218 -0.9255349 -0.3749524 -0.05268627 -0.9255458 -0.4225567 0 -0.9063365 0.8860357 0.02422398 -0.4629839 0.848712 0.04736161 -0.5267305 0.7942566 0.05313396 -0.6052547 0.7389556 0.1706413 -0.651787 0.6375783 0.04548889 -0.7690415 0.7388941 0.1707173 -0.6518368 0.3760762 0.1516577 -0.9140934 0.2034577 0.007618725 0.9790542 0.04967701 0.1698393 0.984219 0.1303735 0.01864087 0.9912897 -0.03044497 0.2500522 0.9677537 0.3874869 0.9167429 -0.09714156 0.3069573 0.8929427 -0.3292881 0.4292819 0.889836 -0.1546251 0.3307615 0.8762723 -0.3503481 0.9995713 -0.02925199 -0.00123316 0.9997471 -0.0169751 0.01475179 0.9997472 -0.0169869 0.01473605 0.9995163 -0.004681706 0.03074735 0.9806268 0.1800701 0.07711058 0.9978312 0.003077149 0.06575322 0.9553307 0.2610635 0.1385248 0.9978311 0.00292021 0.06576234 0.9978314 0.002920627 0.0657581 0.9833012 -0.1743488 0.0521664 0.8432 -0.2975071 -0.4477761 0.4141647 -0.5794115 -0.7019615 0.8787683 -0.2671666 -0.39546 0.770154 -0.484989 -0.4143048 0.338945 -0.5969845 -0.7271354 0.6822836 -0.5597665 -0.4702666 0.3529874 -0.7507654 -0.558347 0.517887 -0.7073225 -0.481132 0.770177 -0.4850165 -0.4142301 0.8886181 -0.3603778 -0.2837003 -0.2690308 0.1581994 0.9500502 -0.02297186 0.3930224 0.9192419 -0.07861751 0.512737 0.8549386 0.0238502 0.6607614 0.750217 -0.1791734 0.7078016 0.683311 -0.3864966 -0.6748378 0.6286608 -0.1380886 -0.6603155 0.7381836 -0.137941 -0.6603062 0.7382194 0.1206181 -0.5970195 0.7931073 0.9717302 -0.005246698 0.236036 0.8942008 0.2829152 0.3469352 0.8946496 -0.008048176 0.4466961 0.8946089 -0.008029043 0.4467778 0.864629 0.3614449 0.3489617 0.7644286 0.3642249 0.5319674 0.3206892 -0.02557802 -0.9468391 0.1024463 0.004062652 -0.9947303 0.1379102 -0.1321052 -0.9815952 0.1557307 -0.1503765 -0.9762863 0.3941152 -0.07199186 -0.916237 0.4974864 -0.01491463 -0.8673437 0.5705295 -0.1593452 -0.8056707 0.5465537 -0.2524689 -0.7984602 0.2456825 -0.2896794 -0.9250546 0.4144532 -0.1624941 -0.8954464 0.5534585 -0.4731121 -0.6854552 0.393161 -0.1852222 -0.9006205 0.2245575 -0.5808222 -0.7824446 0.1384789 -0.8567869 -0.496729 0.1384785 -0.8567916 -0.4967211 0.1386694 -0.8568022 -0.4966496 0.1386618 -0.8568072 -0.496643 0.3756192 -0.8440642 -0.3827085 0.5585911 -0.2956745 0.7749534 0.3682803 -0.4214116 0.8287231 0.3681151 -0.4214829 0.8287603 0.1573492 -0.5241084 0.8369897 0.3047955 0.8861464 -0.3490622 0.01303011 0.9899539 0.1407891 0.1046941 0.9370098 0.3332443 -0.04736715 0.7896514 0.6117248 0.1205578 0.5519939 0.8250871 -0.1273033 0.281606 0.9510478 0.3192124 0.4517524 0.8330805 0.0430727 0.455913 0.8889815 0.3805134 0.05014359 0.923415 -0.2125098 -0.1621231 0.963616 -0.305166 0.2500014 0.9188977 -0.212468 -0.1621553 0.9636198 -0.7725914 -0.1574023 -0.615083 -0.7142701 -0.006080448 -0.6998438 -0.7142583 -0.006056725 -0.6998561 -0.6319497 0.1457576 -0.7611796 0.3287369 -0.9441974 -0.02057671 0.08355408 -0.9822975 -0.1676613 0.08355635 -0.9822976 -0.1676596 0.1059805 -0.9082638 -0.4047531 0.08341377 -0.9822928 -0.1677592 0.1383194 -0.7433314 -0.6544663 -0.02026259 -0.8169969 -0.5762861 0.2404604 -0.6525261 -0.7186017 -0.06695091 -0.3374349 -0.938965 -0.06705695 -0.3372828 -0.9390122 -0.009036719 -0.4238218 -0.9057006 -0.2555263 -0.02645105 -0.9664403 0.2366382 -0.2245096 -0.945303 0.4247208 -0.3355662 -0.8408375 0.1023947 -0.092031 -0.9904775 0.1022752 -0.09187918 -0.990504 0.2439116 -0.3328755 -0.9108793 -0.0358414 0.04403322 -0.998387 0.9879698 0.0647661 -0.1404321 0.9952709 0.04301393 -0.08709585 0.9954894 0.03595989 -0.08779537 0.9970609 0.02875524 -0.07101255 0.7865216 0.1532475 -0.5982466 0.9857945 0.04875558 -0.1607238 0.8642735 0.1611366 -0.4765148 0.9024006 0.1486794 -0.4044349 0.9857784 0.04878431 -0.1608145 0.9749883 0.07012885 -0.2109025 0.9521267 0.1547846 -0.2636222 -0.203895 -0.9754939 0.08269649 0.06023925 -0.9295539 0.3637319 0.02115386 -0.8605542 0.5089194 0.02124059 -0.8605272 0.5089616 0.06030434 -0.9295086 0.3638369 0.134214 -0.7217053 0.679064 0.02114856 -0.8605099 0.5089946 1.72332e-4 -0.5646745 0.8253138 -0.1650153 -0.429449 0.8878871 0.8612186 -0.05770933 -0.5049479 0.9624794 0.015706 -0.2708997 0.9990099 0.028656 -0.03403246 0.9997319 0.02225571 -0.006390571 0.9990105 0.02867662 -0.03399538 0.9997323 0.02223044 -0.006419897 0.9939774 0.03658187 -0.1032985 0.9308091 0.06765931 -0.3591889 0.3485462 0.8270994 -0.4409334 0.02447581 0.9456798 -0.324177 0.02448952 0.9456853 -0.32416 0.02429139 0.9457132 -0.3240934 0.02431261 0.9456965 -0.3241406 -0.3032093 0.9386612 -0.1642546 0.9994488 -0.03091377 0.01210016 0.9999024 -0.01144748 0.008021891 0.9999567 -0.00762248 0.005346655 0.9999567 -0.007625997 0.00534588 0.9999026 -0.01142948 0.008017539 0.9999955 0.002723395 0.001324355 0.9999568 -0.007612526 0.005342006 0.9999957 0.002672851 0.001299738 1 -4.55218e-5 0 0.9999957 0.002635955 0.001281857 -0.1101179 0.9729804 -0.2029365 0.1529833 0.9512202 -0.2679114 0.1529805 0.9512165 -0.2679259 0.1531959 0.9511765 -0.2679448 0.1531854 0.9511728 -0.267964 0.4045554 0.8592162 -0.3131813 -0.1405014 -0.8980235 0.4169093 0.05295622 -0.8370395 0.5445737 0.06516301 -0.5224107 0.8502005 0.2177239 -0.6786023 0.701495 0.2177355 -0.6786187 0.7014756 0.40904 -0.5880885 0.697738 -0.1239167 -0.4556322 0.881501 0.04214859 0.04186153 0.998234 0.04230815 0.04191106 0.9982252 0.3262151 0.1867154 0.9266721 0.9981026 -0.05737817 0.02234131 0.9000726 -0.3419635 0.2700561 0.9055691 -0.3407003 0.2527214 0.8572568 -0.4082969 0.3136947 0.8451873 -0.4110704 0.3415839 0.660804 -0.6105305 0.4365668 0.8572489 -0.4083022 0.3137095 0.4364461 -0.7350669 0.5188368 0.359485 -0.792799 0.4921792 -0.1115123 0.9195725 0.3767644 0.1035457 0.994355 -0.02316004 -0.06225436 0.9106337 -0.4084982 0.1365395 0.8572995 -0.4963816 -0.0168268 0.9673904 -0.2527308 0.04276686 0.8224466 -0.5672324 -0.06224232 0.910575 -0.4086309 0.04261106 0.8223887 -0.5673282 -0.1430588 0.7275493 -0.6709741 0.9998266 0.01371204 0.01259821 0.9998176 0.01448184 0.0124585 0.9999489 0.005783557 0.008289098 0.9999907 0.001313209 0.004145324 0.999985 -0.005469977 1.87307e-5 0.2140206 -0.3296993 0.9195072 0.2194145 -0.1428977 0.9651101 0.1067427 -0.154493 0.9822108 0.106714 -0.1543229 0.9822406 0.0846852 -0.103746 0.9909921 0.09473747 -0.1967245 0.9758711 0.1825616 -0.02349185 0.9829137 0.1827448 -0.0234521 0.9828807 0.219543 -0.1427586 0.9651015 0.569099 -0.072371 0.819078 0.1826712 -0.02346849 0.982894 0.4351621 -0.09769654 0.895036 0.5133165 -0.243972 0.8227903 0.1878926 -0.2197418 0.957293 0.2345167 -0.509016 0.8281936 0.1068055 -0.1544954 0.9822036 0.3929178 -0.335909 0.8560261 0.2141538 -0.3296453 0.9194957 0.5232434 -0.2887841 0.8017607 0.6137745 -0.5265386 0.58825 0.8641791 0.1612449 -0.4766494 0.6444548 0.2894366 -0.7077461 0.8359428 0.3236237 -0.4432464 0.8359277 0.3236415 -0.4432618 0.3874318 0.388578 -0.8360046 0.3387138 0.6167752 -0.710536 0.8360379 0.323586 -0.4430947 0.6407229 0.4968973 -0.5852923 0.8730757 0.3660138 -0.3221378 -0.1095098 -0.9727871 0.2041889 0.1495087 -0.9515353 0.2687525 0.1495178 -0.9515389 0.2687345 0.1497109 -0.9514969 0.2687756 0.149705 -0.9514932 0.268792 0.3981625 -0.861927 0.3139243 -0.05253344 0.815004 0.5770692 0.2568807 0.8520963 0.456009 0.07540768 0.9570084 0.280087 0.2570331 0.8520963 0.4559232 0.2570347 0.8520939 0.4559268 0.5376641 0.7939029 0.2839642 0.1662329 0.3074144 -0.9369435 0.1286609 0.4447408 -0.8863701 0.1333104 0.6533278 -0.7452458 -0.006314158 0.8160097 -0.5780038 0.1332451 0.653348 -0.7452396 -0.1256583 0.8790878 -0.4597986 0.1073405 0.7500705 -0.652589 0.07539385 0.6077773 -0.7905204 0.04707992 0.3110706 -0.94922 0.206586 0.4072837 -0.8896304 0.02227729 0.4052672 -0.9139268 0.1440021 0.1697266 -0.9749135 0.04718583 0.3109413 -0.9492571 0.1439908 0.1697149 -0.9749172 0.09393644 0.1190187 -0.9884384 0.04365599 -0.03295993 -0.9985029 -0.1994744 -0.07281255 -0.9771942 -0.5794346 0.007470488 -0.8149846 -0.5795737 0.00740844 -0.8148862 -0.4640901 0.01102006 -0.8857195 -0.7006094 -0.06791269 -0.7103059 -0.7732477 0 -0.6341043 -0.3017806 0.8083897 -0.5054055 -0.0146892 0.7882589 -0.6151686 -0.01468151 0.7882607 -0.6151663 -0.001747727 0.6213125 -0.7835611 0.09738099 0.9006782 -0.4234335 0.1564233 0.4727813 -0.8671849 -1 1.26013e-6 0 -1 -1.69016e-6 0 -1 1.32215e-6 0 -1 1.25207e-6 0 -1 9.68602e-7 0 -1 -1.40677e-6 0 0.2983588 -0.08369553 0.9507772 0.4460083 0.384807 0.8080843 0.8459601 0.02223944 0.5327823 0.8460294 0.02220577 0.5326737 0.7653682 0.03327691 0.6427319 0.9391726 -0.03871893 0.3412563 0.9551501 0 0.2961221 0.2564679 -0.169614 -0.9515542 0.2973173 0.008310258 -0.9547426 0.5388955 -0.008054852 -0.8423342 0.6675937 -0.005284249 -0.7445071 0.5390447 -0.007974982 -0.8422395 0.8149805 0.07783544 -0.5742375 0.8150436 0.07773101 -0.5741618 0.8150442 0.07773649 -0.5741602 0.8617116 0 -0.5073985 -0.001078724 0.9999064 0.01364123 -0.005264997 0.9999858 9.36578e-4 8.95783e-4 0.9999979 -0.001844644 0.01192194 0.9996278 -0.02453833 0.9961556 -0.06697237 -0.05646914 0.9770401 0.07439208 0.1996467 0.8770703 0.132614 0.4616941 0.7472165 0.0302807 0.6638906 0.8769959 0.1327395 0.4617993 0.5574529 0.08287417 0.8260619 0.9966462 -0.04348534 0.06932163 0.9845826 -0.03242433 -0.1718895 0.901902 0.007262587 -0.4318797 0.9019142 0.003621816 -0.4319002 0.9477021 0.005473971 -0.3191094 0.78142 -0.002567946 -0.6240001 0.7794386 0 -0.6264787 0.6464747 -0.0199325 0.7626751 0.8156816 0.03462105 0.5774642 0.9394093 0.1221676 0.3202894 0.9394274 0.1222162 0.3202179 0.8968092 0.1179084 0.4264165 0.9862328 0.1309267 0.1010112 0.9860244 0.1258521 0.1091653 -0.206697 -0.1925571 -0.9592697 -0.3255713 -0.008155882 -0.9454823 -0.06372171 -0.0114113 -0.9979025 -0.05120754 0.4321286 -0.900357 -0.06357049 -0.01129609 -0.9979135 0.08285397 0.1703807 -0.9818889 -0.09858578 0.829366 0.549939 0.1140943 0.9406886 0.3195115 0.1141148 0.940692 0.3194941 0.374889 0.5886582 0.7161983 0.2314146 0.9457822 0.2279112 -0.01278495 0.9651621 0.2613406 0.1140394 0.9407437 0.3193688 -0.007465124 0.9873991 0.1580746 0.09231537 0.9652212 0.2445935 0.1749762 0.9760099 0.1295689 0.1668775 0.9704158 0.174485 0.271906 0.8186843 0.5057897 0.2226188 0.6709242 0.70732 0.1213914 0.851846 0.5095318 0.309959 0.3992912 0.8628395 0.07005912 0.6325277 0.7713629 0.04574006 0.1445883 0.9884342 0.03861647 0.1933709 0.9803655 0.1675684 0.9179949 0.359453 -0.06099641 0.9729168 0.222963 -0.1128753 0.9767469 0.1822763 -0.1128184 0.9767257 0.1824252 -0.002242267 0.8317751 0.5551082 0.2301969 0.7083631 0.6672564 -0.002315163 0.9999961 0.001599788 -1.69489e-4 0.9999998 7.63415e-4 -1.70581e-4 0.9999998 7.63172e-4 -1.61106e-4 0.9999998 7.23209e-4 -1.62505e-4 0.9999998 7.22901e-4 0.004845023 0.9999862 0.002035617 -0.1129381 -0.7183329 0.6864714 0.1118152 -0.6166248 0.7792761 0.1117814 -0.6166084 0.7792939 0.3464409 -0.2488874 0.9044523 0.1119769 -0.6165248 0.7793321 0.103738 -0.2210156 0.9697374 -0.05737102 0.9969049 -0.05375254 -0.03548282 0.9919512 -0.1215476 -0.02465778 0.9405601 -0.3387313 -0.0246784 0.9405671 -0.33871 -0.03546756 0.9919468 -0.1215878 -0.04051709 0.9807782 -0.1908732 -0.8977727 0.06690508 -0.435348 -0.9849957 -0.00452733 -0.17252 -0.9972462 0.05043089 0.05437868 -0.9671197 0.04634082 0.2500642 -0.9972456 0.05029922 0.05450928 -0.8708192 -0.05478507 0.4885414 0.9298475 -0.01049715 0.3677955 0.9940056 -0.01905882 0.1076564 0.9751583 0.02725857 -0.219826 0.9751383 0.0272547 -0.2199154 0.9958189 0.04108083 -0.0815925 0.8936484 -0.015935 -0.448485 0.8847411 0 -0.4660828 0.2631545 -0.1648211 0.9505702 0.1541442 0.04794633 0.9868844 0.07359552 0.4144573 0.9070882 0.2312721 0.3062639 0.923426 0.04249507 0.3152161 0.948068 0.1737157 0.5647416 0.8067774 0.07367455 0.4146062 0.9070137 0.173687 0.5647582 0.8067721 0.130514 0.5890167 0.797512 -0.5006025 -0.05645769 -0.8638343 -0.6395426 0.03734976 -0.7678479 -0.4116275 0.05201911 -0.9098665 -0.1659072 0.02089345 -0.98592 -0.2980228 0.2378005 -0.9244638 0.02171605 0.06096786 -0.9979035 0.1306904 -0.1993568 0.971173 -0.01722723 -0.01782512 0.9996927 -0.01723897 -0.01780909 0.9996927 -0.1641502 0.1646293 0.9726006 -0.363695 0.9314474 0.01147836 -0.6530315 0.7387433 0.1667581 -0.6530556 0.7387349 0.1667005 -0.7069441 0.5924149 0.3863607 -0.6531256 0.7386552 0.1667797 -0.7834035 0.3324419 0.5251298 -0.3446787 -0.6741519 -0.653235 -0.008792638 -0.8185904 -0.5743104 -0.008779048 -0.8185889 -0.5743128 -0.09806144 -0.9218823 -0.3748561 -0.008594989 -0.8186296 -0.5742576 0.04316025 -0.9800649 -0.1939328 0.8347916 0.5220974 -0.1747494 0.8984532 0.3824829 -0.2156125 0.8293787 0.4239198 -0.3639001 0.9269157 0.3257033 -0.1863995 0.9491804 0.3111696 0.04722309 0.9831007 0.1041387 0.1505599 0.9485875 0.2911326 -0.1241919 0.6432269 -0.1950858 -0.7404059 0.6291949 -0.09925079 -0.7708847 0.8177211 0.05972445 -0.5725079 0.5728296 0.02912479 -0.819157 0.4365126 -0.06907874 -0.8970423 0.4007614 0.1809566 -0.8981342 0.06918454 0.09087407 -0.9934564 -0.05523377 0.1939914 -0.9794471 -0.06852686 0.1989644 -0.977608 -0.1569455 0.4587259 -0.8746078 -0.1805703 0.5657418 -0.8045687 -0.1890345 0.4882684 -0.8519741 -0.05526882 0.1938809 -0.979467 -0.1346075 0.2067273 -0.9690948 -0.08773481 0.01346546 -0.9960529 0.2791725 -0.001462757 -0.96024 0.02411401 0.1533556 -0.9878768 -0.1699068 0.0648185 -0.9833262 -0.2828809 0.001926779 -0.9591532 -0.1312854 0.227771 -0.9648236 -0.02233648 0.3403089 -0.9400484 0.1447382 0.004177987 -0.9894613 0.1721331 0.2490832 -0.9530622 0.2793095 -0.002051055 -0.960199 0.04428648 0.4496188 -0.8921221 0.2039004 0.2252008 -0.9527378 0.2283718 0.0271461 -0.9731955 0.02382808 -0.03929901 -0.9989433 -0.04126334 -0.02946382 -0.9987139 -0.04133605 -0.0295217 -0.9987091 -0.158476 0.3739354 -0.913815 -0.1859449 0.2074037 -0.9604209 -0.1708592 0.7087184 -0.6844893 -0.1806829 0.5657095 -0.804566 -0.2128067 0.4572057 -0.8635256 -0.05705761 0.5467726 -0.8353348 0.2057017 0.3501477 -0.913829 0.2774195 0.1466656 -0.9494881 0.1318224 0.1544736 -0.9791634 0.1421033 0.4494687 -0.881921 0.007162392 0.5601319 -0.8283726 0.07110893 0.6701871 -0.7387779 0.08852362 0.5367602 -0.8390782 0.1750406 0.4370165 -0.882257 0.3576849 0.2769909 -0.891817 0.4654991 0.2779294 -0.8402773 0.3577555 0.2768848 -0.8918217 0.3459818 0.01056659 -0.9381817 0.3873782 -0.1623488 -0.9075137 0.3171504 -0.2529199 -0.9140281 0.03659248 -0.4795582 -0.8767468 -0.1615564 -0.5399443 -0.8260508 -0.6011177 0.05402994 -0.7973321 -0.3057438 0.2444209 -0.920206 -0.2564247 0.3288015 -0.9089203 -0.1570067 0.4587665 -0.8745756 0.3633772 0.2968339 -0.8830893 -0.06508749 0.4474685 -0.8919281 0.1925907 0.2677999 -0.9440298 0.2911577 0.6995272 -0.6526017 0.2290681 0.4077903 -0.883875 0.4563803 0.3844311 -0.8024525 0.4564482 0.3842648 -0.8024935 0.4675759 0.1481537 -0.8714489 0.4059355 0.1334924 -0.9040997 0.4899195 0.4679462 -0.7355307 0.3104674 0.3844369 -0.8693782 0.552192 0.2043694 -0.8082805 0.6400383 0.48672 -0.5945206 0.6319903 0.6305374 -0.4505673 0.5662698 0.7286299 -0.3852754 0.7347394 0.4616082 -0.4970673 0.5603255 0.775688 -0.2904198 0.6388952 0.7056782 -0.3063188 0.6526674 0.7412688 -0.1566718 0.5341822 0.2642974 -0.8029922 0.5892384 0.1574851 -0.7924624 0.5025871 0.1863715 -0.844199 0.4370463 0.08394521 -0.8955132 0.502483 0.1864082 -0.8442529 0.3618121 0.3189678 -0.8759861 0.1376495 0.3901452 -0.9104062 0.5025079 0.1863964 -0.8442406 0.175484 0.2719427 -0.9461779 0.2560306 0.1549152 -0.9541749 0.1414643 0.1441714 -0.9793889 0.1375732 0.390213 -0.9103887 0.04672986 0.24692 -0.9679086 0.2558925 0.1548537 -0.9542219 0.0467872 0.2467956 -0.9679375 0.2540015 0.05920457 -0.9653901 0.6502706 0.1925173 -0.7349049 0.5026344 0.1864063 -0.8441631 0.738931 0.1707981 -0.6517738 0.7123035 0.3860098 -0.5861914 0.6809184 0.323636 -0.6569702 0.3054336 0.5395058 -0.7846297 0.2727969 0.6363804 -0.7215275 0.6440156 0.4316727 -0.6315875 0.4420054 0.7259745 -0.5268703 0.2676823 0.4463071 -0.8539065 0.3104164 0.3844231 -0.8694024 -0.0779013 0.2503123 -0.9650261 -0.08684134 0.4961857 -0.8638624 -0.06365364 0.7447327 -0.6643202 0.2526231 0.7724128 -0.5827178 0.1583856 0.8257259 -0.5413785 0.2191312 0.7365639 -0.6398869 0.3884317 0.517856 -0.7621982 0.3807044 0.4146822 -0.8265004 0.05726903 0.1735202 -0.9831638 0.4364972 -0.06921917 -0.897039 0.4936895 -0.1579374 -0.8551762 0.487501 -0.202484 -0.8493192 0.4932882 -0.2383906 -0.8365625 0.2491441 -0.2388625 -0.9385478 0.04629611 -0.3187606 -0.946704 0.145728 -0.4338101 -0.8891412 0.1366636 -0.5516115 -0.8228292 -0.08226746 -0.6122631 -0.7863625 -0.4214746 -0.4301747 -0.7983164 -0.3300939 -0.7353739 -0.5918305 -0.2835478 0.08740139 -0.9549669 -0.6012569 0.05405706 -0.7972251 -0.742 -0.1096182 -0.6613773 -0.60023 -0.3221982 -0.7320603 -0.8315142 -0.05810582 -0.5524562 -0.6969256 0.2645263 -0.6665738 -0.3128137 0.7058811 -0.6355152 -0.2110823 0.637386 -0.741069 -0.2810183 0.5576173 -0.7810838 -0.2324432 0.3780051 -0.8961486 -0.09190905 0.4172967 -0.9041109 -0.1679822 0.695834 -0.6982815 -0.1679618 0.6959755 -0.6981454 -0.1658843 0.5229148 -0.8360877 -0.1809042 0.630908 -0.7544725 -0.167949 0.6959552 -0.6981687 -0.07331931 0.6003973 -0.7963338 -0.05705326 0.5469096 -0.8352454 -0.0284754 0.5445514 -0.838244 0.1169368 0.246429 -0.9620803 0.0878607 0.5988357 -0.7960379 0.08785068 0.5989975 -0.7959172 -0.07324254 0.6004117 -0.7963299 0.2371103 0.7607548 -0.6041779 0.2911247 0.6995393 -0.6526035 0.2877013 0.4659633 -0.8367235 0.3117936 0.7844371 -0.5361373 0.3117644 0.7844868 -0.5360817 0.2371822 0.7607673 -0.604134 0.4419881 0.7260817 -0.526737 0.3308377 0.876224 -0.350397 0.4963148 0.8336058 -0.2424311 0.6274712 0.7203825 -0.2955149 0.4420686 0.726014 -0.5267629 0.7122968 0.3860007 -0.5862055 0.4963762 0.8336015 -0.242321 0.7654594 0.4295039 -0.4791641 0.7263732 0.6690497 -0.1573361 0.4963183 0.8336415 -0.2423012 0.5728936 0.8108725 -0.1194934 0.3876227 0.9166776 -0.09721589 0.4847521 0.8558 -0.1806152 0.4796811 0.5000662 -0.7209992 0.3070536 0.8928503 -0.329449 0.5245223 0.5311586 -0.6653925 0.7372013 0.4193981 -0.5297544 0.8116227 0.2571719 -0.5245298 0.4109449 0.4688933 -0.7818334 0.2320179 0.4318051 -0.8716146 0.2025166 0.5049134 -0.8390767 -0.2110544 0.6374557 -0.7410171 -0.2324122 0.3781853 -0.8960807 -0.1745514 0.7720628 -0.6111063 -0.04094326 0.5997767 -0.7991193 -0.1745242 0.772154 -0.6109988 -0.05403065 0.7781817 -0.6257107 -0.08473855 0.9317234 -0.3531446 -0.1273121 0.9092386 -0.3963293 -0.2189559 0.7026178 -0.6770426 -0.3127478 0.7060038 -0.6354113 -0.2189335 0.7026301 -0.6770371 -0.1154693 0.9517 -0.2844889 -0.07920551 0.9696933 -0.2311311 0.02636855 0.9990258 0.03538757 -0.07562994 0.9939681 -0.07942146 -0.314979 0.8574503 -0.4068999 -0.3188291 0.8540814 -0.4109658 -0.1593856 0.9347651 -0.3175068 -0.3188959 0.8539911 -0.4111018 -0.2489718 0.8321151 -0.4955781 -0.5968248 0.3746046 -0.7095574 -0.4938792 0.6160063 -0.6136935 -0.1594258 0.9347007 -0.317676 -0.2989343 0.6422302 -0.7058177 -0.2988542 0.6422542 -0.7058299 -0.1800433 0.9120737 -0.3683828 -0.1335521 0.7341178 -0.6657589 -0.08958137 0.9155622 -0.3920729 -0.1593461 0.9347539 -0.3175594 -0.01315164 0.9998958 0.005948603 0.006136596 0.9975726 -0.06936532 0.009789943 0.9836874 0.1796204 0.004550695 0.9953985 0.09571504 -0.008971273 0.9998436 -0.01524323 0.05187499 0.8968726 -0.4392364 0.06356966 0.9746344 -0.2145852 0.04802101 0.6814072 -0.7303276 0.09106421 0.9375975 -0.3355866 0.2091128 0.6758199 -0.706781 0.2091513 0.675865 -0.7067264 0.07217007 0.9589765 -0.2741455 0.1349208 0.9602487 -0.2443742 0.2600671 0.5695718 -0.7797135 0.2202234 0.886385 -0.4072141 0.4034226 0.5741348 -0.7124742 0.37282 0.7122276 -0.5947582 0.1348814 0.9602742 -0.244296 0.3332819 0.8679984 -0.3681059 0.3332625 0.8680275 -0.3680551 0.09881186 0.9754849 -0.1966356 -0.007243931 0.9999458 -0.007487833 0.06433635 0.9968377 -0.04664194 -0.07884204 0.9952287 0.05748051 -0.01584982 0.9997907 -0.01294326 0.4593484 0.8255227 -0.3278894 0.2875923 0.9501633 -0.1203348 0.4594876 0.8254131 -0.3279702 0.5467386 0.8032144 -0.2364814 0.7737244 0.3901459 -0.4991363 0.6023219 0.707499 -0.369667 0.2877506 0.9501106 -0.1203723 0.7029975 0.6769468 -0.2180314 0.7030516 0.6769187 -0.217944 0.3347947 0.9320417 -0.1386039 0.362431 0.930049 -0.0604391 0.7030276 0.6769469 -0.2179337 0.2616046 0.9641748 -0.04393422 0.830192 0.5523013 -0.07579278 0.2960125 0.9547011 0.03037124 0.8302181 0.5522723 -0.0757184 0.4851976 0.8729996 0.04954957 0.8793219 0.4579351 0.1307225 0.7593961 0.6432613 0.09763479 0.2960612 0.9546843 0.03042608 0.5195671 0.8353257 0.1796697 0.06878972 0.9973722 0.02273029 0.4293121 0.8636506 0.2641947 0.009375214 0.9999488 0.003813982 -0.06520295 0.9973036 -0.03367954 0.007574617 0.999937 -0.008287131 0.3520323 0.8672568 0.3520497 -0.02729803 0.9994772 -0.01732951 -0.1046965 0.9902442 -0.09195297 -0.03164118 0.999171 -0.02561485 0.008490443 0.9999403 0.006873667 0.1884069 0.9348456 0.3009428 0.3521414 0.8671613 0.3521759 0.3208079 0.8021788 0.5035788 0.622931 0.3805934 0.6834513 0.4684614 0.6921835 0.5490227 0.1885119 0.9347729 0.3011031 0.3143439 0.7391914 0.5956376 0.3582533 0.5980042 0.7169699 0.1884204 0.934789 0.30111 0.1119014 0.9308843 0.3477538 0.3142992 0.7391799 0.5956754 0.1119273 0.9308888 0.3477332 0.1915529 0.6409642 0.743285 0.2537691 0.4179903 0.8722875 0.1276656 0.9054303 0.4048426 0.04915523 0.6735668 0.7374901 0.2717384 0.3426601 0.8993011 0.06823933 0.4688842 0.8806197 0.1086986 0.1442353 0.9835552 -0.07714885 0.1611632 0.9839078 -0.07714742 0.161315 0.9838831 0.0532186 0.592248 0.8039963 -0.1408082 0.5541793 0.8204014 -0.169847 0.3729016 0.9121932 -0.2849683 0.1613364 0.9448617 -0.382912 0.4674283 0.7967994 -0.4646705 0.1402166 0.8743115 -0.5773212 0.3926095 0.7159316 -0.5384774 0.4651495 0.7026224 -0.2810727 0.7333504 0.6190277 -0.3312262 0.845728 0.41837 -0.5156724 0.5653977 0.6437449 -0.2680544 0.9017732 0.339046 -0.5644606 0.598009 0.5690075 -0.3692374 0.794553 0.4820263 -0.1513308 0.9714617 0.1826504 -0.1352707 0.9422335 0.3064278 -0.4133211 -0.01445198 0.9104707 -0.6276317 -0.00116539 0.7785095 -0.5882014 0.3150774 0.7448124 -0.6277332 -0.001148283 0.7784277 -0.6161969 0.2025238 0.7611082 -0.7551136 0.1232974 0.6438955 -0.8036538 -0.01382082 0.5949366 -0.8065612 0.1342345 0.5757083 -0.6665788 0.4441711 0.5986525 -0.744866 0.2014218 0.6360848 -0.744811 0.2014896 0.6361278 -0.5644989 0.5979604 0.5690205 -0.3097707 0.5290228 0.7900487 -0.4849455 0.08366507 0.8705333 -0.1717109 0.2447062 0.9542717 -0.7448976 0.2013797 0.6360612 -0.5787761 0.1174809 0.8069799 -0.7611247 -0.1337897 0.6346571 -0.761021 -0.1338909 0.63476 -0.4850594 0.08351457 0.8704842 -0.3660965 -0.09319615 0.9258984 -0.4852954 -0.3233702 0.8123548 -0.6531733 -0.4306419 0.6228259 -0.7610718 -0.1338375 0.6347105 -0.3052785 -0.7218765 0.6210471 -0.7735098 -0.423887 0.4711715 -0.8244661 -0.3536915 0.4417669 -0.6531773 -0.430777 0.6227285 -0.5114315 -0.7825301 0.355084 -0.5777869 -0.6481038 0.4961088 -0.3156169 -0.8873444 0.3361636 -0.5490252 -0.819229 0.1656365 -0.1727313 -0.9810764 0.08748263 -0.3556345 -0.934176 -0.02897465 -0.770698 -0.6098778 0.1845906 -0.6750627 -0.7374159 -0.0225436 -0.9567191 -0.2901944 0.02181237 -0.7581069 -0.6521144 -0.004576683 -0.3556532 -0.9341678 -0.0290094 -0.509024 -0.8467643 -0.1545475 -0.1782345 -0.9475356 -0.2653465 -0.2235134 -0.7882999 -0.5732584 -0.3300845 -0.7354367 -0.5917577 -0.17818 -0.9475327 -0.2653936 -0.1467929 -0.842105 -0.5189519 0.2094965 -0.8341749 -0.5101603 0.04350668 -0.8558838 -0.515335 0.1693257 -0.9176332 -0.3595526 0.1277058 -0.7650815 -0.631143 0.3890204 -0.8442298 -0.3686995 0.1898887 -0.7446119 -0.6399183 0.209663 -0.8341426 -0.5101447 0.331202 -0.4996101 -0.8004343 0.5818099 -0.4868423 -0.6515228 0.2096503 -0.8341289 -0.5101723 0.7142086 -0.4948227 -0.495032 0.4826714 -0.6430809 -0.5945379 0.06816834 -0.7335692 -0.6761873 0.3023559 -0.7094264 -0.636628 0.2404596 -0.6525349 -0.7185941 0.1367783 -0.5516478 -0.8227857 0.3023153 -0.7093293 -0.6367555 0.3658576 -0.4134069 -0.8338124 -0.04438143 -0.729746 -0.6822764 -0.2234448 -0.7882661 -0.5733315 -0.8999482 -0.01937592 0.4355664 -0.8603114 -0.2261956 0.4568369 -0.9801568 -0.03134369 0.1957305 -0.9801675 -0.03134006 0.1956769 -0.9139606 -0.1405452 0.3806878 -0.966274 -0.2091546 0.1502302 -0.9860181 -0.1577747 0.05362355 -0.9994995 -0.01729607 -0.02648681 -0.9891086 -0.01499122 -0.1464227 -0.9725827 -0.03349941 -0.230132 -0.9179332 -0.09588301 -0.3849741 -0.8922666 -0.02459806 -0.4508386 -0.8315899 -0.05804717 -0.5523484 -0.7454876 -0.4043444 -0.5298622 -0.7212515 0.1749869 -0.6702059 -0.4512737 0.741132 -0.497067 -0.599265 0.367169 -0.7113848 -0.3128825 0.7059492 -0.6354056 -0.4512724 0.741136 -0.497062 -0.6026207 0.5333585 -0.5936136 -0.5969063 0.3744516 -0.7095696 -0.7841978 0.1299572 -0.6067495 0.6493735 0.3672202 -0.6659305 0.4799631 0.3926771 -0.7844999 0.6234238 0.4447579 -0.6430655 0.4594688 0.8254021 -0.3280242 0.7395772 0.4718803 -0.4799526 0.9742793 0.1367031 -0.1791428 0.8584153 0.4148653 -0.301679 0.830307 0.5521306 -0.07577592 0.9923232 0.1159563 -0.04300045 0.9110581 0.3913125 0.1297989 0.8646008 0.3615837 0.3488878 0.9110257 0.3913552 0.1298978 0.5197205 0.8352219 0.1797086 0.8299081 0.4377453 0.3458783 0.4294611 0.8635613 0.2642444 0.7309876 0.4410815 0.5206767 0.7643567 0.3642696 0.5320399 0.264365 0.2470653 0.9322393 0.2203713 -0.0203678 0.9752035 0.01019304 -0.01880657 0.9997712 -0.206633 -0.01653498 0.9782788 -0.8036887 -0.01382642 0.5948894 -0.7625176 -0.005865395 -0.646941 -0.7842325 0.1297801 -0.6067426 -0.5962546 -0.002521753 -0.8027915 -0.6259562 0.2993175 -0.7201305 -0.4354705 0.105599 -0.8939879 -0.4074804 -0.01811182 -0.9130344 -0.2652825 0.1334436 -0.9548916 -0.2066577 -0.01652294 -0.9782738 -0.07701665 0.1619865 -0.983783 -0.1931573 0.4654222 -0.8637549 -0.4144421 0.3371586 -0.8453176 0.06666368 0.4775652 -0.8760637 0.1081181 0.1451756 -0.9834808 0.2747794 0.414995 -0.8673381 0.01019293 -0.01880729 -0.9997712 0.220403 -0.02029049 -0.9751979 0.2813317 0.1201105 -0.952064 0.4257484 -0.01374757 -0.9047371 0.4257912 -0.01369547 -0.9047178 0.293132 0.2536059 -0.9218231 0.4901451 0.3063808 -0.81602 0.4258644 -0.01374548 -0.9046826 0.5243034 0.1832075 -0.8315895 0.6151883 -0.01019513 -0.7883144 0.6494206 0.3670759 -0.6659642 0.4818263 0.2013106 0.852829 0.264403 0.247039 0.9322353 0.4250609 -0.01531076 0.9050353 0.4250178 -0.01534682 0.9050549 0.2814772 0.1191136 0.9521463 0.2204614 -0.02039325 0.9751825 0.515199 0.01193231 0.8569875 0.4251458 -0.01535737 0.9049946 0.6156691 -0.01138305 0.7879226 0.653391 0.2921262 0.6983857 0.7733162 -0.008393049 0.6339651 0.7644372 0.3640801 0.5320541 0.7940475 0.289413 0.534536 0.7733743 -0.008414924 0.6338939 0.8945833 -0.008049905 0.446829 0.9360561 0.1137414 -0.3329592 0.9778224 -0.009452521 -0.2092225 0.9995275 -0.008567869 0.02951788 0.9391778 0.3197115 0.1254179 0.9995276 -0.008571028 0.02951663 0.9614853 0.2342659 0.1437552 0.9717717 -0.005242288 0.2358654 0.9717444 -0.005196809 0.2359787 0.939163 0.3197274 0.1254888 0.8646483 0.3614491 0.3489096 0.894564 -0.007965505 -0.4468691 0.7969005 0.2970918 -0.5260097 0.8344177 0.1820192 -0.5202081 0.8945305 -0.007990896 -0.4469354 0.7733092 -0.008424341 -0.6339732 0.7968773 0.2970896 -0.526046 0.7732641 -0.008400917 -0.6340286 0.6494617 0.3670598 -0.6659329 0.659381 0.2901391 -0.6935676 0.7732287 -0.008425176 -0.6340715 0.6152412 -0.01021444 -0.7882728 -0.6969887 0.2645971 -0.6664798 0.5062463 -0.3876488 -0.7703525 0.1937956 -0.1668668 -0.9667465 0.1533269 -0.2068391 -0.966286 0.3287538 -0.2258269 -0.9170187 0.3658475 -0.4132773 -0.8338811 0.153405 -0.2068141 -0.9662789 0.4012964 -0.1436423 -0.9046149 0.3961573 0.01572704 -0.918048 0.1298971 -0.01460868 -0.9914199 0.3244736 -0.007918953 -0.9458616 0.2497853 0.2037826 -0.9466151 0.3962468 0.01576715 -0.9180088 0.6775774 0.1100412 -0.7271725 0.3808409 0.4146292 -0.8264642 0.7444173 0.1129615 -0.6580901 0.8140286 0.2754971 -0.5113306 0.3808683 0.4146995 -0.8264162 0.7110829 0.464085 -0.5281915 0.6878047 0.3135471 -0.6546854 0.6772174 0.4029095 -0.6156628 0.8831754 0.2534325 -0.3946814 0.77876 0.369314 -0.5070899 0.9747046 0.1406083 -0.1737251 0.9866042 0.08597058 -0.1386414 0.9999701 0.004065454 -0.006585836 0.9925386 0.08643394 -0.08600223 0.9744428 0.1332283 -0.1808629 0.9521051 0.1548385 -0.2636684 0.9988413 0.04758208 -0.007213652 0.9988406 0.04759681 -0.007218837 0.9925391 0.08642536 -0.08600574 0.9115366 0.3135243 -0.2660895 0.7829369 0.3888058 -0.4856336 0.1894479 0.1884692 -0.9636332 0.3142506 -0.05844634 -0.9475393 0.2393957 0.1560251 -0.9583037 -0.05156385 0.8952826 -0.4425046 0.03982669 0.8704403 -0.4906603 0.1119131 0.6454786 -0.7555348 0.09507995 0.5658134 -0.8190329 0.2526993 0.7723151 -0.5828145 0.2905834 0.2178104 -0.9317296 0.4794412 0.4497271 -0.7535793 0.03626883 0.8710556 -0.4898436 0.0362963 0.8709769 -0.4899816 0.1356412 0.7390165 -0.659891 0.1003478 0.6019306 -0.7922184 0.2611256 0.814664 -0.5178185 0.1981745 0.8864666 -0.4182152 -0.0515502 0.8953508 -0.4423682 0.2674233 0.8580087 -0.4385271 -0.1288943 0.9335159 -0.334566 -0.07275283 0.9674596 -0.2423409 0.1173883 0.9148904 -0.3862586 0.002818822 0.9986318 -0.052217 -0.1290254 0.9334986 -0.3345638 0.121168 0.9805366 -0.1544871 -0.2013165 0.956399 -0.2115957 -0.2013216 0.9564076 -0.2115517 0.002790212 0.9986312 -0.05223006 -0.1851309 0.9826758 -0.00865978 -0.001865386 0.9999976 0.00127834 -0.04251223 0.9921739 0.1174043 0.1736575 0.9703274 0.1682488 -0.1570864 0.9787734 0.1316309 0.276055 0.9225622 0.2695785 0.1302471 0.9212755 0.3664522 -0.1153275 0.9242148 0.3640421 0.02649682 0.9036057 0.427545 0.09559607 0.6647942 0.7408846 0.0829755 0.6001226 0.795593 0.1303346 0.9212186 0.3665642 0.4096237 0.6615374 0.6281535 0.3974662 0.8903816 0.221904 0.4097353 0.6615104 0.6281091 0.4900959 0.827413 0.2742148 0.6931533 0.6744483 0.2542799 0.7858638 0.5772265 0.2218732 0.6255938 0.7118466 0.3192286 0.7854463 0.6189219 -0.003126382 0.4686807 0.7984105 0.3779935 0.6035251 0.7973145 0.006876647 0.3427969 0.9240997 0.1689091 0.2999691 0.9537481 0.01957738 0.3618869 0.9218125 -0.1389226 0.4460254 0.8204664 -0.3576259 0.7088327 0.6614481 -0.2450363 0.334847 0.7092937 -0.6203064 0.2918787 0.763869 -0.5755963 0.7088229 0.661451 -0.2450567 0.5057353 0.8228621 -0.2590941 0.4459732 0.8204491 -0.3577307 0.2612416 0.814621 -0.5178277 0.1855643 0.5969699 -0.7805081 0.1854789 0.5968834 -0.7805946 0.3947654 0.6391031 -0.6600815 0.08065527 0.5199218 -0.8503976 0.02596098 0.178269 -0.9836393 0.0259301 0.1781872 -0.983655 0.07105219 0.2813239 -0.9569788 0.1134163 0.503067 -0.8567733 0.208997 0.6577801 -0.7236337 0.2008463 0.9150266 -0.3498388 0.3349366 0.743537 -0.5787661 0.1833681 0.9230597 -0.3381376 0.1379434 0.9672971 -0.2128569 0.233232 0.8996444 -0.3691107 -0.01644402 0.9869753 -0.1600296 -0.003619909 0.9077988 -0.4193904 0.2577753 0.7902217 -0.5559692 -0.001345276 0.7760714 -0.6306436 0.2460054 0.6307447 -0.7359637 -0.005453109 0.5980335 -0.8014526 0.2265546 0.4267372 -0.875539 -0.01828825 0.3897666 -0.9207321 -0.009070158 0.2609828 -0.9653009 -0.01988118 0.1750606 -0.9843569 0.1005494 0.9947519 -0.01893687 -0.01793998 0.9955242 0.09278953 0.1163513 0.9783769 0.1710003 -0.01031374 0.9496745 0.3130686 0.2123936 0.8814102 0.4219066 0.1477199 0.8725745 0.46561 -0.01815682 0.841779 0.5395169 0.326946 0.753223 0.5707551 0.5917592 0.6419451 0.4875733 0.6923406 0.5954779 0.4075178 0.2238709 0.8300891 0.5107192 0.200468 0.9182373 0.3415447 0.2244223 0.6570719 0.7196466 0.2071331 0.646797 0.7339957 0.1954684 0.5798382 0.7909361 0.04533743 0.1943539 0.9798833 0.04533416 0.1942387 0.9799062 0.11376 0.2857069 0.951541 0.1450037 0.3098148 0.9396748 0.05525654 0.2555507 0.9652153 0.1577917 0.4309628 0.8884665 0.3858861 0.4293103 0.8165689 0.04297822 0.8371012 0.5453573 0.2278192 0.8212109 0.5231742 0.1289766 0.5964436 0.7922248 0.0829215 0.6002439 0.7955071 0.1001468 0.4167487 0.9034885 0.08938199 0.4932775 0.8652677 0.04532927 0.1942723 0.9798998 0.2279351 0.8211383 0.5232377 0.1002228 0.4169259 0.9033981 0.4796957 0.2711063 0.8345019 0.2279508 0.8211542 0.5232058 0.6029036 0.4470673 0.6607861 0.780368 0.4645878 0.4185502 0.4878601 0.6398086 0.593833 -0.06826382 0.8458917 0.5289682 0.0707423 0.7583216 0.6480309 0.3078219 0.7076935 0.6359367 -0.07499653 0.7225713 0.6872164 -0.06792211 0.5192108 0.8519431 0.08970683 0.577622 0.8113604 0.245696 0.65136 0.7178884 0.01864624 0.5303955 0.8475453 0.024562 0.4405109 0.8974112 0.03054457 0.2888686 0.9568814 0.08973813 0.5769441 0.8118391 0.119352 0.2449995 0.9621488 0.08031392 0.4530479 0.8878611 0.1049714 0.4425449 0.8905813 0.5320567 0.3418517 0.774631 0.04659408 0.3152958 0.947849 0.1798488 0.1767022 0.9676936 0.3145399 0.2377377 0.9189916 0.3899637 0.3541197 0.8500163 0.2255919 0.08867645 0.9701777 0.3228468 -0.005042135 0.946438 0.7870543 0.03470551 0.6159068 0.7152565 0.1620934 0.6798043 0.5860952 0.3791581 0.7160528 0.805499 0.1977672 0.5586229 0.6860672 0.3406814 0.6428437 0.9936497 0.008263528 0.1122148 0.9980278 -0.04263752 0.04607152 0.9980267 -0.04279464 0.04595178 0.9936606 0.008135795 0.1121276 0.9544103 -0.255907 -0.1536637 0.9913327 -0.03745239 0.1259241 0.9936675 0.008224487 0.1120591 0.9576498 0.1039751 0.2685073 0.9983072 0.02130532 0.05412006 0.9576486 0.1039783 0.2685103 0.998306 0.02133059 0.05413228 0.9936308 0.05758368 0.096861 0.3230035 -0.005093991 0.9463841 0.711786 0.05514281 0.7002286 0.5351077 -0.113143 0.8371729 0.7020025 -0.05286252 0.7102099 0.7871555 0.03468096 0.6157789 0.9802912 -0.02216035 0.1963112 0.9803065 -0.02218765 0.1962317 0.836644 0.05547851 0.5449302 0.9959672 -0.02287977 0.08675128 0.9803197 -0.02219986 0.1961644 0.9959727 -0.02285134 0.08669704 0.9991441 0.01640701 0.0379734 0.9999633 0.002299904 0.008258104 0.9998944 0.01243621 0.007521271 0.9998428 -0.004850387 -0.01705944 0.9998562 -0.00567162 -0.0159806 0.9913327 -0.03746557 0.1259195 0.9998946 0.01242792 0.007517755 0.9998561 -0.005670845 -0.01599371 0.9979194 0.03896629 0.05136698 0.9695464 -0.09137046 0.2272251 0.6428172 -0.1425941 0.7526308 0.3443737 -0.1904064 0.9193217 0.783515 -0.03220367 0.6205379 0.3445172 -0.1904003 0.9192691 0.8368278 -0.1506178 0.5263397 0.4002288 -0.4141951 0.8174713 0.8185917 -0.2750697 0.5042266 0.9973199 -0.03542208 0.06401848 0.9987379 -0.01967906 0.04621082 0.9957577 -0.04075384 0.082497 0.9695419 -0.09137576 0.2272426 0.9931052 -0.0494582 0.1062825 0.8668058 -0.2326609 0.4410405 0.9311689 -0.1275604 0.3415451 0.6472102 -0.347701 0.6783975 0.4561672 -0.3960286 0.7969147 0.8046831 -0.2073121 0.5563334 0.2330383 -0.3270468 0.9158239 0.866843 -0.2327165 0.4409379 0.4561325 -0.3961433 0.7968775 0.7289738 -0.405693 0.5513713 0.3365675 -0.595819 0.7291927 0.8161265 -0.3508405 0.4591825 0.4075599 -0.5977184 0.6903823 0.8451969 -0.4110103 0.3416326 0.8668848 -0.2326449 0.4408937 0.9301145 -0.2217387 0.2927778 0.9867569 -0.07347571 0.1446109 0.3554984 -0.4035825 0.8430551 0.2365977 -0.1629714 0.9578422 0.4000722 -0.4142444 0.8175231 0.05746877 -0.1737992 0.9831029 0.1075375 -0.5345817 0.8382471 0.1388091 -0.403001 0.9046117 0.1100052 -0.451361 0.885535 0.1021535 -0.6738772 0.7317474 0.3970599 -0.5207203 0.7557738 0.5194526 -0.4616304 0.7190734 0.690615 -0.4000435 0.6025082 0.4550225 -0.4215344 0.7843873 0.6996712 -0.3161531 0.6407088 0.6996791 -0.3161253 0.6407136 0.4002614 -0.4142395 0.817433 0.7142807 -0.4656224 0.5224929 0.219196 -0.7373587 0.6389486 -0.2658215 -0.4497872 0.8526607 0.04580163 -0.5597822 0.8273732 0.102137 -0.6740138 0.7316238 -0.07308626 -0.8575456 0.5091896 0.263557 -0.7926959 0.5497009 0.1595026 -0.8263677 0.5400698 0.004120111 -0.8861179 0.4634416 0.2635498 -0.7927122 0.5496808 0.04311662 -0.8617817 0.5054437 0.1105724 -0.7538274 0.6477022 0.08013951 -0.4824365 0.8722573 0.2636236 -0.7926197 0.5497787 0.4913381 -0.4888103 0.7208686 0.05392128 -0.8339641 0.5491779 0.061284 -0.7797439 0.6230922 0.3517341 -0.7613652 0.5446156 0.182128 -0.9415261 0.283475 0.5186605 -0.8169803 0.2520607 0.1821036 -0.9415665 0.2833563 0.652992 -0.7232762 0.2246621 0.1992078 -0.979436 0.03195965 0.1993007 -0.9794176 0.03194749 0.4286892 -0.8945102 0.1267957 0.2894168 -0.9571965 0.003615498 0.2504228 -0.960076 -0.1246696 0.3890926 -0.8442732 -0.3685238 -0.1725741 -0.9811053 0.08746761 -0.2703 -0.9616279 -0.04700917 0.1651697 -0.9860388 -0.02113413 -0.270327 -0.9616174 -0.04706871 0.250319 -0.9600975 -0.124713 0.169311 -0.9176596 -0.3594924 -0.270316 -0.9616212 -0.0470547 0.08775991 -0.9438874 -0.3183942 -0.1781655 -0.9475698 -0.2652708 -0.1955178 -0.9411209 0.2757979 -0.07308012 -0.8576181 0.5090683 0.004116475 -0.8861272 0.4634239 -0.07306373 -0.8576337 0.5090445 0.0458638 -0.5596708 0.827445 0.3977348 -0.3319877 0.8553311 0.2860944 -0.3343279 0.8979837 0.3815101 -0.1819872 0.906273 0.2296111 -0.1522696 0.9612974 0.3091289 0.05740517 0.9492861 0.4228436 0.06913965 0.9035612 0.3816094 -0.1818214 0.9062646 0.4888371 -0.03972029 0.8714705 0.2441344 0.2349051 0.9408602 0.3296803 0.2955715 0.8966317 0.4924948 0.2325665 0.8386666 0.4862473 0.2006187 0.8504798 0.4228104 0.0692774 0.9035664 0.4983862 0.1690183 0.85032 0.5701876 0.1616318 0.8054572 0.6104285 0.09947031 0.7858007 0.6391142 -0.04873007 0.7675666 0.4050509 0.1752992 0.8973315 0.0960896 0.1218982 0.9878804 0.09617817 0.1218386 0.9878792 0.4983106 0.1690086 0.8503662 0.4056165 -0.00166279 0.9140418 0.2893979 -0.02450489 0.9568952 -0.1580743 0.1854282 0.9698603 -0.05622303 -0.2362087 0.9700745 -0.3743371 0.06713819 0.9248591 -0.03975313 0.1875429 0.9814518 0.08210581 7.37368e-4 0.9966234 -0.06338065 0.1121273 0.9916705 -0.03976082 0.1876984 0.9814217 -0.1147584 0.6318992 0.7665076 -0.1038429 0.6973455 0.7091728 -0.03979438 0.187697 0.9814206 -0.1716168 0.2448567 0.9542499 -0.1038293 0.6974208 0.7091006 -0.2898455 0.4112157 0.8642288 -0.1875302 0.7447454 0.6404582 0.06807178 0.870353 0.4877008 0.0803309 0.8083285 0.5832256 -0.03698271 0.5494882 0.8346827 -0.1716756 0.2448245 0.9542477 -0.1601307 0.560015 0.81286 -0.1716983 0.2447094 0.9542731 -0.2448698 0.2714877 0.9307703 -0.3461453 0.4216484 0.8380908 0.517947 0.6060156 0.6037185 0.2164568 0.6397626 0.7374621 0.4278149 0.5176301 0.7409681 0.03121274 0.6259372 0.7792487 0.101896 0.5660091 0.8180776 0.1452885 0.6073948 0.7810012 -0.1114304 0.3156058 0.9423249 -0.06119924 0.636287 0.7690212 0.06802219 0.8703639 0.4876883 0.2164561 0.6397758 0.7374508 7.64958e-4 0.8859489 0.4637824 -0.1190916 0.7436601 0.6578654 -0.1037717 0.6974998 0.7090314 7.16317e-4 0.885917 0.4638433 -0.2686779 0.6440472 0.716251 -0.175905 0.4262824 0.8873223 -0.1037631 0.6973695 0.7091608 -0.1916854 0.4525482 0.8708944 -0.1760243 0.4262447 0.8873167 -0.2688102 0.6439675 0.716273 -0.4234126 0.6031847 0.6759366 -0.1530681 8.21704e-4 0.9882153 0.01069933 0.05091905 0.9986455 -0.05697268 0.02712631 0.9980072 0.03844553 0.08797287 0.9953808 -0.1777971 0.05288583 0.9826451 0.04318898 0.139214 0.9893201 0.04436296 0.2208715 0.9742935 0.2273198 0.3753014 0.8985959 0.10799 0.3445945 0.9325196 0.04328334 0.1391606 0.9893235 0.08573496 0.4871679 0.8690897 0.3416274 0.1351841 0.9300624 0.211502 -0.1272811 0.9690545 0.2116563 -0.1272866 0.96902 0.41052 0.08726131 0.9076668 0.4533656 -0.2076668 0.8667954 0.6461579 -0.2130423 0.7328663 0.4534093 -0.2078567 0.8667269 0.7513469 -0.432799 0.4981594 0.4593407 -0.6040724 0.6512317 0.2054526 -0.4045447 0.8911413 0.1998453 -0.7466537 0.6344842 0.4170562 -0.8051887 0.4215866 0.08616179 -0.8790951 0.4687941 -0.2450755 -0.6827776 0.688297 0.04100376 -0.001182854 0.9991584 0.01996374 -0.03055697 0.9993337 0.1112595 0.1124356 0.9874106 0.2812152 0.1608327 0.9460713 0.4289824 0.1568887 0.8895842 0.4290773 0.156836 0.8895478 0.3440933 0.03086501 0.9384281 0.3883771 0.05849081 0.9196424 0.5023247 0.007119357 0.8646498 0.5841706 -0.06890392 0.8087008 0.3245539 0.1533808 0.9333484 0.4105695 0.08722317 0.907648 0.5345835 0.01982885 0.844883 0.765843 -0.2152568 0.6059283 0.7514362 -0.4327203 0.4980934 0.3101294 0.3992611 0.8627923 0.4105523 0.0873655 0.9076421 0.3534125 0.608097 0.710857 0.409467 0.2592654 0.8747105 0.3416801 0.135232 0.930036 0.1081607 0.3445571 0.9325137 0.04576539 0.1444108 0.988459 0.2118279 0.1357663 0.9678308 0.07921791 0.3433978 0.9358432 0.007234513 0.168375 0.9856965 -4.84919e-4 -0.01334917 0.9999108 -0.03451627 -0.4376596 0.898478 -0.03457373 -0.4377439 0.8984347 -0.04258257 -0.2108559 0.9765893 -0.03803682 -0.6914908 0.7213833 -3.60574e-7 -0.7582209 0.6519979 0 -0.9124903 0.4090986 1.44246e-5 -0.9788502 0.2045782 -4.11947e-5 -0.9788488 -0.2045856 0 -0.9125013 -0.4090738 -5.58531e-6 -0.7582359 -0.6519804 -3.98216e-6 -0.7013944 -0.7127734 1.24209e-6 -0.4533359 -0.8913398 0.04947221 -0.1643323 -0.9851636 0.2539985 0.05915814 -0.9653938 0.01088666 0.7180296 0.6959275 0.01447957 0.7750222 0.6317681 0.03799659 0.9130156 0.4061512 0.1530361 0.9754698 0.1582363 0.04286003 0.9902401 0.1326183 0.03794169 0.9130905 0.405988 0.0118336 0.9872353 -0.158829 0.01182365 0.9872356 -0.1588275 0.1311772 0.9907795 -0.03389137 0.01183438 0.9872138 -0.1589618 0.1197375 0.9350987 -0.3335469 0.08034998 0.7053808 -0.7042598 0.08189207 0.4510281 -0.8887449 0.08042818 0.7052782 -0.7043536 -0.02791053 0.3407714 -0.9397318 0.04954749 -0.1641443 -0.9851912 0.4429549 0.0546844 -0.8948746 0.4071862 0.2690649 0.8728137 0.4566476 0.3603537 0.8133991 0.5742363 0.3799958 0.7251592 0.5775069 0.6202544 0.5308205 0.4567503 0.3604108 0.8133162 0.5194615 0.8151563 0.2562812 0.3969166 0.5301977 0.7492314 0.3969312 0.5302849 0.749162 0.5774847 0.6202857 0.5308081 0.7088086 0.4911867 0.5062866 0.4654031 0.6105282 0.640824 0.6105404 0.7352598 0.2943356 0.2817949 0.7191672 0.6351301 0.1633085 0.3494532 0.922612 0.3623578 0.4543405 0.8138008 -0.1338841 0.2115095 0.9681627 0.01864027 0.5303837 0.8475529 0.396772 0.5302942 0.7492398 0.03057974 0.2888899 0.9568738 -0.1452091 -0.01075422 0.9893426 0.03061258 0.2886826 0.9569354 0.2922134 0.002321302 0.9563504 0.2924104 0.002303779 0.9562901 0.03801572 0.1994536 0.9791697 0.2140533 0.06978553 0.974326 -0.1454269 -0.01043981 0.989314 0.03789049 0.1994323 0.9791789 0.1468434 -0.07916623 0.9859867 -0.08818644 0.2561789 0.9625983 0.253381 0.3243768 0.9113605 0.1828666 0.1989233 0.9628029 0.01868367 0.5303319 0.8475843 0.3622588 0.4544249 0.8137977 0.1829533 0.1987736 0.9628174 0.05311441 0.0259692 0.9982507 0.4473497 0.02870184 0.8938986 0.6209065 0.004587888 0.7838713 0.4475114 0.02871352 0.8938172 0.6551619 0.1778078 0.7342666 0.77486 0.02364838 0.6316905 0.871706 -0.002138078 0.4900247 0.7749516 0.02364057 0.6315784 0.8718107 -0.00216031 0.4898381 0.9494568 0.008596658 0.3137801 0.9906656 -0.03802973 0.1309033 0.9495086 0.008615136 0.3136231 0.9893616 0.1144036 0.08986383 0.9996754 0.01021242 -0.02334356 0.9416674 0.2611432 -0.2122893 0.9449079 0.007713913 -0.3272457 0.944855 0.007710516 -0.3273981 0.9619696 0.1401329 -0.2344725 0.8758531 0.1423159 -0.4611156 0.7930514 0.01456475 -0.6089807 0.6897974 0.2909889 -0.6629518 0.5453129 0.03620034 -0.8374506 0.5452296 0.03618872 -0.8375054 0.6651034 0.007823109 -0.7467104 0.2928806 0.2409703 -0.9252861 0.5451522 0.03623437 -0.8375537 0.254777 0.3145846 -0.9143989 0.1489923 0.03486919 -0.9882234 -0.2941253 0.01959633 -0.955566 -0.3845478 0.1633254 -0.9085416 -0.2055128 0.4466372 -0.8707927 -0.3388881 0.6724231 -0.658029 -0.3168039 0.728917 -0.60689 -0.3389739 0.6724045 -0.6580038 -0.05166989 0.8952852 -0.4424868 -0.1641024 0.9003794 -0.4029733 -0.4783342 0.8267089 0.2962247 -0.2855981 0.776374 0.5618517 -0.3356528 0.6520884 0.6797925 -0.3118237 0.7139989 0.6268746 -0.3355747 0.6521028 0.6798174 -0.196704 0.4547704 0.8686148 -0.379819 0.174528 0.9084479 -0.309876 0.004288375 0.9507673 -0.5659176 0.01947242 -0.8242319 -0.6410152 0.1779384 -0.7466174 -0.3462647 0.6305325 -0.6946434 -0.4089177 0.5164802 -0.7523528 -0.4022519 0.5331892 0.7442464 -0.3415299 0.5972109 0.7257386 -0.6480932 0.1754208 0.7410823 -0.5687531 0.0143575 0.8223831 -0.7995021 0.02421361 -0.6001753 -0.8575233 0.2113013 -0.4690474 -0.7995676 0.02425044 -0.6000864 -0.8575673 0.2112666 -0.4689828 -0.9533549 0.0470286 -0.2981657 -0.9796556 0.1152336 -0.1643056 -0.9883688 0.05289375 0.1425818 -0.9883635 0.05278611 0.1426581 -0.9939919 -0.01793247 -0.1079749 -0.9237108 -0.02272182 0.3824163 -0.9883382 0.05291992 0.1427828 -0.8807539 0.2648895 0.3925634 -0.8149099 0.04244446 0.5780315 -0.8148387 0.04236161 0.5781381 -0.8910873 0.1352657 0.4332051 -0.6410517 0.1779674 -0.7465792 -0.3390711 0.6723868 -0.6579719 -0.7745228 0.455989 -0.4383929 -0.5665698 0.7505396 -0.3401312 -0.2937421 0.7840638 -0.546772 -0.2014761 0.9563654 -0.2115956 -0.3169139 0.7289341 -0.606812 -0.6272479 0.7773798 -0.04733753 -0.2366244 0.951108 0.1985011 -0.5790204 0.7458519 0.3293027 -0.3734093 0.9272584 -0.02752166 -0.4784504 0.8266736 0.296135 -0.6809968 0.7197309 -0.1350217 -0.6272092 0.7774022 -0.04748129 -0.8946527 0.4036475 -0.1914818 -0.774614 0.4559633 -0.4382586 -0.373358 0.9272775 -0.02757644 -0.6481349 0.1754533 0.7410381 -0.647351 0.653936 0.3915411 -0.3357241 0.6520387 0.679805 0.9999852 0.005434989 4.64497e-7 0.9999907 -0.001289725 -0.004135131 0.9999485 -0.005838215 -0.008318305 0.9998168 -0.01449638 -0.01249796 0.9998263 -0.01371806 -0.0126273 9.99373e-4 0.9992787 0.03796088 0.003886878 0.9653927 0.2607718 0.0763328 0.9926049 0.09438651 0.07661759 0.9469283 0.3121803 0.005545258 0.8822174 0.4708098 0.07491719 0.8542926 0.5143652 0.006308317 0.7549514 0.6557505 0.07388842 0.7195942 0.6904525 0.006500124 0.5890349 0.8080815 0.07342767 0.5478172 0.8333694 0.007029592 0.3924241 0.9197576 0.08174151 0.3489758 0.93356 0.0100001 0.1683213 0.9856815 1.14174e-6 0.09258866 0.9957045 -5.10081e-6 -0.06484127 0.9978957 -1.31242e-5 -0.1404911 0.990082 1.30693e-5 -0.2877493 0.9577059 0 -0.3593546 0.9332011 0 -0.4965093 0.8680315 1.47771e-5 -0.561872 0.8272243 2.19842e-5 -0.6803692 0.7328696 1.44529e-5 -0.7336308 0.6795483 0 -0.8274425 0.5615505 0 -0.8678578 0.4968127 3.64121e-6 -0.9329365 0.3600413 -1.45748e-5 -0.9576001 0.2881011 0 -0.9900889 0.1404421 0 -0.9978956 0.06484222 1.82539e-5 -0.9962589 -0.08641874 -1.45952e-5 -0.9867924 -0.1619901 0 -0.9508482 -0.3096573 -1.47166e-5 -0.9242813 -0.3817121 0 -0.8558716 -0.5171884 0.01211518 -0.809103 -0.5875421 0.006385505 -0.7121782 -0.7019698 0.08854335 -0.6542057 -0.7511159 2.30714e-4 -0.5312044 -0.8472437 0.08492183 -0.4706921 -0.8782012 2.61723e-4 -0.3251118 -0.9456757 0.08417409 -0.2623646 -0.9612905 -0.00137037 -0.1048845 -0.9944835 0.07993805 -0.04824602 -0.9956316 -0.004555642 0.1136596 -0.9935093 0.07633227 0.1570743 -0.9846324 -0.00262916 0.3233915 -0.9462617 0.08340549 0.3541868 -0.9314479 0.006567895 0.5505136 -0.8348004 0.08068913 0.5958106 -0.7990614 -0.003343701 0.7586761 -0.6514595 0.09444999 0.7061152 -0.7017697 0.07875806 0.8312243 -0.5503304 -2.52699e-4 0.9154921 -0.4023362 0.07727408 0.9352161 -0.3455426 2.76548e-4 0.9821956 -0.1878614 0.07702463 0.9886022 -0.129356 0.08590543 0.9959471 -0.02663934 0.0859633 0.9768003 0.196142 0.08540278 0.9092504 0.4073942 0.08499318 0.7959799 0.5993267 0.08534961 0.6424464 0.761563 0.08502244 0.4572408 0.8852695 0.09616208 0.2327389 0.9677734 0.1632324 0.2014035 0.9658116 0.1637067 -0.7963746 -0.5822266 0.08372074 -0.7806641 -0.6193178 0.08166134 -0.6271979 -0.7745672 0.08214497 -0.4386543 -0.8948937 0.08171826 -0.2295487 -0.9698607 0.08493274 -0.009985446 -0.9963367 0.08576285 0.2059218 -0.974803 0.1007079 0.4211364 -0.901389 0.1659886 0.4426028 -0.8812211 0.08752137 0.6111145 -0.7866888 0.08765971 0.7637511 -0.6395313 0.08551174 0.8862276 -0.4552896 0.08614569 0.964998 -0.2477051 1.42284e-5 0.9824422 -0.1865676 0 0.99927 0.03820544 1.41967e-6 0.9658756 0.2590067 1.44318e-5 0.8841887 0.4671298 0 0.7581283 0.6521055 -0.001475691 0.5930268 0.8051815 -0.00239861 0.4005029 0.9162924 0 0.1859191 0.9825652 0.08218187 3.13897e-5 0.9966174 0.1636615 0.03577888 0.9858676 0.1639117 -0.9042475 -0.3942962 0.08259683 -0.898089 -0.4319884 1.4432e-5 -0.8841893 -0.4671288 -1.79234e-5 -0.7581506 -0.6520796 0 -0.592721 -0.8054079 -1.76431e-5 -0.4003956 -0.9163424 0 -0.1861817 -0.9825154 -0.002765059 0.03812056 -0.9992693 -0.005398273 0.2589274 -0.9658818 -3.55473e-6 0.4671931 -0.8841555 -1.81247e-5 0.6524551 -0.7578275 0 0.8047975 -0.5935496 5.0507e-6 0.9168295 -0.3992793 0 -0.03738236 0.9993011 0.08229219 -0.2218975 0.9715912 0.1628968 -0.1827127 0.9695776 0.1645954 -0.3949599 0.9038335 0.08313822 -0.4326609 0.8977153 0.1635304 -0.5851508 0.7942647 0.08194917 -0.6204276 0.7799706 0.1633892 -0.7476484 0.6436816 0.08269941 -0.7793497 0.6211078 0.1635943 -0.8720644 0.4612383 0.08238148 -0.8978947 0.4324333 0.1642763 -0.95284 0.2551649 0.08253091 -0.9716795 0.2214223 0.1644707 -0.9856902 0.03693646 0.08263087 -0.9965801 3.97545e-4 0.1645892 -0.9692538 -0.1829144 0.08299058 -0.9716909 -0.2211998 0 -0.9660906 -0.2582034 0 -0.2601487 0.9655686 -1.77309e-6 -0.4667153 0.8844077 4.41633e-6 -0.4667274 0.8844012 0 -0.6521298 0.7581073 -1.79476e-5 -0.8047854 0.5935661 -1.29957e-5 -0.9168353 0.3992658 1.43505e-5 -0.9826894 0.1852611 0 -0.9993076 -0.03720688 0.1288814 -0.9249046 0.3576888 0.3103922 -0.9411374 0.1338553 0.4053426 -0.9124628 0.05575865 0.6600146 -0.7507883 0.02641499 0.4055134 -0.9123831 0.05582225 0.7357513 -0.6158552 0.2817666 0.8229736 -0.5646523 0.06230825 0.894267 -0.3934253 0.2133151 0.8230733 -0.5645034 0.06233978 0.9614931 -0.2278369 0.1536919 0.9994673 -0.02463775 0.02140462 0.7909833 -0.02347695 0.6113873 0.917033 -0.008067965 0.3987298 0.9900372 0.02512532 0.1385462 0.9900527 0.02511686 0.1384369 0.9682033 0.03802043 0.2472588 0.9962639 0.01205575 -0.08551621 0.997509 0 -0.07054126 0.003023922 0.9997848 0.02052789 0.004860997 0.9999861 0.002065122 0.004943072 0.999975 -0.005070447 0.008461475 0.9999641 -5.98437e-4 0.976251 0.1691949 -0.135304 0.9231758 0.0171042 -0.3839974 0.8415839 0.06807792 -0.5358188 0.7278523 0.1235687 -0.6745086 0.8415132 0.06815207 -0.5359207 0.6124656 0.3685848 -0.6993077 0.6085382 0.1594386 -0.777342 0.3305602 0.3486319 0.8770323 0.1579026 0.4309065 0.8884743 0.3056465 0.4815738 0.8213811 0.1790831 0.233411 0.9557451 0.145042 0.3098458 0.9396587 0.103124 -0.00472331 0.9946573 0.117946 -0.2532931 0.9601727 0.3977944 -0.3318294 0.8553648 0.1180499 -0.2531692 0.9601925 0.4887841 -0.039734 0.8714995 1.27222e-4 0.9999692 0.007851362 0.001545429 0.9999988 -1.25091e-6 -1.57806e-4 0.9999994 0.001094877 0.002526223 0.9999904 -0.003598153 0.3536617 0.8328985 -0.4256799 0.5315112 0.7257454 -0.4367947 0.183427 0.9739861 -0.1330629 0.6493403 0.7482237 -0.1360835 -0.0239849 0.9989371 -0.0393629 -0.007291316 0.9999459 -0.007422864 -0.07137036 0.9956144 0.06048262 -0.01388615 0.9996805 0.02112084 -0.07131713 0.9956213 0.06043452 0.07229042 0.9881611 -0.135321 5.29091e-4 0.9998338 0.01822757 -0.002864241 0.9999659 0.007763981 5.35161e-4 0.9998342 0.0182017 -0.002860963 0.999966 0.007740676 0.01321899 0.9998522 -0.01099157 0.3588791 0.5775431 0.7332461 0.7150434 0.5215174 0.4655455 0.327068 0.753153 0.5707775 0.3911936 0.7406651 0.5462445 -0.2732325 0.1881648 -0.9433652 0.00887835 -0.006107747 -0.999942 -0.1036391 -0.1932259 -0.9756653 -0.1035376 -0.1933411 -0.9756533 0.009002327 -0.006210148 -0.9999402 -0.006069302 -0.3827072 -0.9238498 -0.3011741 -0.5191734 -0.7998458 -0.03598558 -0.9865248 0.1596061 -0.01785778 -0.9894869 0.143516 -0.006965816 -0.9878808 0.1550588 0.007438182 -0.9882456 0.1526942 -0.00696969 -0.9878817 0.1550523 0.007439136 -0.9882443 0.1527021 0.01490145 -0.9839583 0.1777755 -0.1342259 0.5329906 0.8354068 0.04378074 0.6675103 0.7433124 0.05096942 0.9281842 0.3686141 0.05106443 0.9281868 0.3685945 0.1525133 0.8138399 0.5607177 0.1198159 0.9718353 0.2029298 0.05102771 0.9282024 0.36856 0.2161626 0.9760991 -0.02245444 0.1083922 0.9576523 -0.2667461 0.5331663 -0.07009673 0.8431015 0.3215939 0.009916186 0.9468258 0.1624647 0.01486837 0.9866024 -0.08398193 -0.05408972 0.9949982 0.1623051 0.01498442 0.9866269 -0.357817 -0.003270626 0.933786 -0.01354748 -0.1885887 -0.9819628 -0.1295138 -0.006927907 -0.9915535 0.139277 -0.009661078 -0.9902064 0.3905725 0.3915359 -0.8331583 0.1394253 -0.009530246 -0.9901868 0.6239389 0.09393209 -0.7758074 -0.1832363 -0.5668051 0.8032163 0.00867933 -0.3094044 0.950891 0.008698284 -0.3094081 0.9508896 0.2427318 0.03165513 0.9695768 0.008761286 -0.3092581 0.9509378 0.0127024 0.1232969 0.9922886 0.03398513 0.9968948 -0.07103449 0.1416134 0.9080983 -0.3940855 0.2547228 0.8946521 -0.3670341 0.4561063 0.6793925 -0.5747982 0.2415987 0.7900972 -0.5633619 0.4108797 0.4690902 -0.7817497 0.5934097 0.367747 -0.7159798 -0.03593373 -0.04405039 0.9983829 0.160246 0.1490406 0.9757603 0.2521421 0.3447252 0.9042062 0.4680061 0.3351886 0.8176912 0.1603876 0.1491779 0.9757161 0.344099 0.3308285 0.8787198 0.3125109 0.6973685 0.6449916 0.2302765 0.7083562 0.6672364 0.2874256 0.4316021 0.8550476 0.2272828 0.375379 0.8985728 -0.03946554 0.4988874 0.8657678 0.08568489 0.4871473 0.8691062 0.9481799 -0.0490731 -0.3139218 0.8450138 -0.03508985 -0.5335921 0.6681033 0.006828904 -0.7440372 0.6680435 0.006798028 -0.7440912 0.7517827 0.01025789 -0.6593313 0.4850965 -5.71416e-4 -0.8744605 0.4844405 0 -0.8748242 0.1096245 -0.7904484 -0.6026391 0.1394081 -0.9902112 -0.006875276 -0.05229836 -0.941697 -0.3323729 -0.07637691 -0.9447105 0.3188866 0.08143389 -0.7960104 0.59978 -0.08498519 -0.6193915 0.780469 0.08863759 -0.4155868 0.9052244 -0.07834047 -0.18636 0.9793533 0.003912568 0.0660476 0.9978088 -0.1037552 0.3019962 0.9476461 0.06509137 0.4588449 0.886129 -0.02909421 0.6378275 0.7696295 0.1131316 0.7894278 0.6033284 -0.04729312 0.9419338 0.3324519 0.1434966 0.9896344 0.005712151 -0.07490199 0.9446307 -0.3194724 0.08142489 0.7960172 -0.5997722 -0.08498305 0.6193941 -0.7804671 0.08865445 0.4155919 -0.9052204 -0.07834589 0.1863562 -0.9793535 0.003914058 -0.06606364 -0.9978078 -0.1037246 -0.3020137 -0.9476439 0.06508433 -0.458843 -0.8861305 -0.03002077 -0.638418 -0.7691043 -0.2376228 -0.08790999 -0.9673713 -0.1547082 0.001950263 -0.9879583 0.4535427 -0.004084646 -0.8912252 0.4536109 -0.003917217 -0.8911914 0.3140894 0.004516124 -0.9493827 0.5919681 0.07597696 -0.8023723 0.4536816 -0.004018783 -0.8911548 0.7767258 0.05662739 -0.6272881 0.9333975 -0.004466354 -0.3588166 0.8721358 -0.05210751 -0.4864813 0.7279553 -0.03676182 -0.6846384 0.5118789 0.007106363 -0.8590283 0.5117978 0.007080435 -0.8590768 0.6106531 0.0107097 -0.7918258 0.3055449 3.38682e-4 -0.9521777 0.306002 0 -0.9520309 0.569553 0.8210443 0.03867524 0.843059 0.4576947 0.2824307 0.8197022 0.5722674 -0.02446383 0.8603142 0.3907108 0.3274211 0.8197621 0.5721755 -0.02460426 0.8972733 0.433458 -0.08375602 0.8810196 0.3830974 -0.2775624 0.3009075 0.9522033 -0.0525707 0.9939708 0.04616904 -0.09945172 0.9992589 0.03849452 8.14907e-6 0.9810327 0.176342 -0.08048927 0.8876295 0.4604945 -0.007669448 0.8578766 0.1705255 -0.4847359 0.869224 0.189139 -0.4568108 0.8539973 0.1877714 -0.485212 0.9394963 -0.05915892 0.3374122 0.8186737 0.0247665 0.5737248 0.5998082 0.01497256 0.8000038 0.4057577 -0.02883791 0.9135257 0.5996711 0.01511734 0.8001039 0.203116 0.03399103 0.9785646 0.9978794 -0.06509107 -1.68308e-4 0.9048377 0.4257469 0.002926945 0.9103686 0.4137576 -0.005812048 0.7972939 0.5646 -0.2134234 0.7121399 0.6435383 -0.2805629 0.04769009 0.8742485 0.4831307 0.01187413 0.7345811 0.6784171 0.1651275 0.8563674 0.4892523 0.2057288 0.5956241 0.7764713 0.01193851 0.7344656 0.678541 0.3241221 0.3435307 0.8814373 -0.03055769 0.2502336 0.9677032 0.05483704 0.3589294 0.9317524 -0.05114704 0.8178305 0.5731818 0.04772728 0.8742276 0.4831649 -0.03010505 0.6630774 0.7479453 0.007449567 0.9453691 0.3259169 -0.01025378 0.9914658 0.129963 -0.01596683 0.9482344 -0.31717 -0.0390883 0.9573879 -0.2861477</float_array>
          <technique_common>
            <accessor source="#polygons_005-mesh-normals-array" count="3980" stride="3">
              <param name="X" type="float"/>
              <param name="Y" type="float"/>
              <param name="Z" type="float"/>
            </accessor>
          </technique_common>
        </source>
        <vertices id="polygons_005-mesh-vertices">
          <input semantic="POSITION" source="#polygons_005-mesh-positions"/>
        </vertices>
        <triangles material="Surface_1_008-material" count="2389">
          <input semantic="VERTEX" source="#polygons_005-mesh-vertices" offset="0"/>
          <input semantic="NORMAL" source="#polygons_005-mesh-normals" offset="1"/>
          <p>0 0 1 1 2 2 3 3 4 4 5 3 4 5 3 5 6 6 7 7 6 8 8 9 6 10 7 11 4 12 9 13 8 14 10 15 8 16 9 17 7 18 10 19 11 20 9 21 11 22 10 23 12 24 13 25 14 25 15 25 16 26 17 27 18 28 19 29 20 29 21 29 12 30 22 31 11 32 23 33 24 34 14 35 22 36 12 37 25 38 26 39 27 39 28 40 29 41 30 41 27 41 27 42 26 43 29 44 23 45 31 46 32 47 29 48 31 48 16 49 17 50 16 51 31 52 33 53 31 54 23 55 34 56 35 57 36 58 37 59 38 60 39 61 25 62 40 63 22 64 41 65 18 66 42 67 43 68 44 68 45 68 28 69 27 70 30 71 28 69 30 71 46 72 46 72 30 71 47 73 47 73 30 71 48 74 18 75 41 76 16 77 49 78 30 78 29 79 48 80 49 80 50 80 49 81 48 81 30 81 26 82 28 82 51 82 18 83 52 84 53 85 18 86 53 87 42 88 42 89 53 90 54 91 42 92 54 93 55 94 56 95 57 96 58 97 51 98 28 99 46 98 15 100 59 100 13 100 60 101 16 102 41 101 59 103 15 104 61 104 36 105 39 106 34 107 62 108 45 109 63 110 64 111 65 112 66 113 67 114 68 115 61 116 67 114 61 116 24 117 24 117 61 116 15 118 24 117 15 118 14 119 39 120 36 121 37 122 40 123 25 124 69 125 43 126 45 126 62 126 70 127 71 128 72 129 73 130 69 131 74 132 75 133 76 133 77 133 78 134 79 134 80 134 81 135 82 136 63 137 81 135 63 137 83 138 83 138 63 137 45 139 83 138 45 139 44 140 69 141 73 142 40 143 63 144 84 145 62 146 85 147 86 148 87 149 88 150 89 151 90 150 85 152 89 152 88 152 85 153 91 153 89 153 91 154 85 155 87 156 92 157 93 158 94 159 94 160 95 161 92 162 96 163 97 164 98 164 98 165 99 165 96 165 100 166 74 167 101 168 74 169 100 170 73 171 99 172 70 173 96 174 102 48 86 175 103 48 104 176 79 177 105 178 105 179 106 180 107 181 108 182 106 180 105 179 72 183 109 184 110 185 111 186 112 187 113 188 114 189 115 190 116 191 114 189 116 191 117 192 117 192 116 191 118 193 118 193 116 191 119 194 118 195 119 196 120 197 120 197 119 196 121 198 121 198 119 196 122 199 123 200 124 201 125 202 126 203 115 204 114 205 127 206 128 207 129 208 130 209 131 210 132 211 133 212 134 213 135 214 136 215 137 215 138 215 135 216 134 217 139 218 138 219 140 220 136 220 141 221 142 222 143 223 144 224 145 225 146 226 120 227 147 228 148 229 149 230 150 231 151 232 152 233 153 234 154 235 143 236 155 237 141 238 141 239 156 240 157 241 141 242 157 243 158 244 158 245 157 246 159 247 141 248 158 249 160 250 141 248 160 250 161 251 162 252 163 253 164 254 93 255 92 256 165 257 166 258 167 258 168 258 169 259 170 260 171 261 172 262 173 263 174 264 173 265 172 266 175 267 167 268 166 268 162 268 176 269 175 270 177 269 175 271 176 272 173 273 101 274 178 275 100 276 145 277 144 278 179 279 179 280 180 281 145 282 181 283 114 284 117 285 179 286 131 287 130 288 178 289 101 290 182 291 183 292 184 293 185 294 177 295 186 295 176 295 187 296 188 297 189 298 186 299 177 299 169 299 190 300 191 301 192 302 193 303 194 304 195 305 196 306 197 307 198 306 168 308 185 309 166 308 199 310 200 311 201 312 185 313 168 314 183 315 114 316 181 317 126 318 202 319 203 319 204 319 205 320 206 321 207 322 208 323 209 323 210 323 201 324 211 325 199 326 212 327 213 327 214 327 215 328 216 329 217 330 197 331 196 332 218 333 194 334 193 335 219 336 220 337 221 337 222 338 223 339 224 340 225 341 191 342 190 343 226 344 192 345 227 346 190 347 213 348 212 348 228 348 228 349 229 349 213 349 230 350 231 351 232 352 224 353 223 354 233 355 213 356 229 357 234 358 213 356 234 358 214 359 214 359 234 358 235 360 235 361 234 362 236 363 237 364 218 365 38 366 38 367 218 368 196 369 220 370 222 371 238 372 239 373 240 373 241 374 242 375 243 376 244 377 245 378 246 379 247 380 242 381 244 381 248 381 249 382 250 383 238 384 249 382 238 384 251 385 251 385 238 384 252 386 252 387 238 388 253 389 253 389 238 388 222 390 252 391 253 392 254 393 254 394 253 395 255 396 255 397 253 398 256 399 256 399 253 398 257 400 256 399 257 400 258 401 255 397 256 399 259 402 259 402 256 399 260 403 260 403 256 399 261 404 261 404 256 399 262 405 261 404 262 405 263 406 259 402 260 403 264 407 251 385 252 386 265 408 251 385 265 408 266 409 266 409 265 408 267 410 266 409 267 410 268 411 268 411 267 410 269 412 251 385 266 409 270 413 205 414 271 415 272 416 273 417 274 418 275 419 276 420 277 421 278 422 276 420 278 422 279 423 279 424 278 425 280 426 280 427 278 428 133 429 217 430 273 431 281 432 275 433 276 433 273 434 146 435 282 436 144 437 280 438 133 439 283 440 132 441 284 442 285 443 284 444 132 445 131 446 148 447 286 448 120 449 287 450 288 451 289 452 219 453 182 454 194 455 182 456 219 457 178 458 290 459 242 459 285 459 288 460 287 461 291 462 292 463 293 464 138 465 294 466 295 467 296 468 297 469 298 470 299 471 209 472 279 473 300 474 284 475 290 476 285 475 301 477 302 477 303 478 304 479 305 480 306 481 307 482 305 483 308 484 304 485 308 486 305 487 309 488 310 488 311 488 312 489 313 489 314 489 315 490 316 491 317 492 318 493 319 494 320 495 318 496 320 497 321 498 321 499 320 500 322 501 321 502 322 503 323 504 323 505 322 506 324 507 323 505 324 507 325 508 326 509 327 509 328 510 329 511 330 512 331 513 330 514 332 515 333 516 334 517 335 518 336 519 337 520 333 521 338 522 339 523 340 524 336 525 341 526 342 527 343 528 344 529 345 530 346 531 345 532 344 533 347 534 303 535 348 535 349 535 341 536 350 537 351 538 352 539 353 540 354 541 346 542 311 542 344 543 311 544 355 545 344 546 311 547 346 547 309 547 236 548 356 548 357 548 357 549 235 549 236 549 358 550 359 550 360 550 361 551 362 552 363 553 364 554 365 555 366 556 298 557 297 557 367 557 195 558 368 558 193 559 369 560 361 560 363 560 370 561 363 562 362 563 371 564 372 565 373 566 374 567 375 568 376 569 374 567 376 569 377 570 377 570 376 569 378 571 378 571 376 569 379 572 378 571 379 572 380 573 380 573 379 572 381 574 381 574 379 572 382 575 380 573 381 574 383 576 380 573 383 576 384 577 384 577 383 576 336 578 336 578 383 576 339 579 384 577 336 578 335 580 378 581 380 582 385 583 374 567 377 570 386 584 386 584 377 570 387 585 387 585 377 570 369 586 369 587 377 588 361 589 387 585 369 586 126 590 387 585 126 590 388 591 388 591 126 590 130 592 130 592 126 590 179 593 179 593 126 590 181 594 387 585 388 591 389 595 389 595 388 591 390 596 386 584 387 585 391 597 386 584 391 597 392 598 306 599 393 600 394 601 395 602 396 603 397 604 310 605 398 606 395 607 310 608 309 609 398 609 399 610 400 611 401 612 402 613 403 613 404 613 403 614 402 614 405 614 401 615 400 616 398 617 401 618 398 619 345 620 345 620 398 619 309 621 345 620 309 621 346 622 406 623 373 623 407 623 373 624 406 624 371 624 408 625 409 625 396 626 326 627 328 627 410 627 409 628 408 628 411 628 410 629 328 630 412 629 411 631 408 632 412 633 411 631 412 633 302 634 302 634 412 633 328 635 302 634 328 635 327 636 413 637 414 637 415 637 411 638 301 638 409 638 301 639 411 639 302 639 416 640 417 641 418 642 347 643 401 643 345 643 401 644 347 644 399 644 361 645 418 646 417 647 159 648 157 649 419 650 420 651 382 652 379 653 421 654 422 655 423 656 407 657 405 657 406 657 423 658 424 659 421 660 425 661 426 662 427 663 405 664 407 665 403 665 428 666 429 667 424 668 427 669 430 670 425 671 424 672 423 673 428 674 158 675 431 676 432 677 158 678 432 679 160 680 160 680 432 679 433 681 160 680 433 681 161 682 434 683 435 684 436 685 437 686 262 687 256 688 438 689 435 689 439 689 440 690 439 691 435 692 439 693 441 694 438 695 262 696 437 697 442 698 443 699 444 699 445 699 446 700 447 701 448 702 449 703 450 704 451 705 452 706 453 707 450 708 441 709 439 710 454 711 446 712 158 713 447 714 455 715 456 716 457 717 450 718 449 719 452 720 458 721 459 722 460 723 458 721 460 723 461 724 461 724 460 723 462 725 462 725 460 723 463 726 462 725 463 726 464 727 464 727 463 726 465 728 465 728 463 726 466 729 464 727 465 728 467 730 467 730 465 728 468 731 467 730 468 731 469 732 462 725 464 727 470 733 458 721 461 724 471 734 471 734 461 724 433 735 433 735 461 724 297 736 297 736 461 724 367 737 367 737 461 724 472 738 433 735 297 736 473 739 433 735 473 739 474 740 474 740 473 739 475 741 475 741 473 739 476 742 474 740 475 741 477 743 477 743 475 741 225 744 225 744 475 741 478 745 478 745 475 741 479 746 478 745 479 746 210 747 210 747 479 746 480 748 478 745 210 747 209 749 477 743 225 744 224 750 433 735 474 740 142 751 142 751 474 740 143 752 471 734 433 735 432 753 471 734 432 753 431 754 460 755 448 756 447 757 441 758 454 759 481 760 482 761 483 762 484 763 484 764 483 765 485 766 444 767 443 768 486 769 484 770 159 771 482 772 487 773 488 774 444 775 463 776 447 777 489 778 447 779 463 780 460 781 486 782 487 783 444 782 490 784 454 785 439 786 491 787 454 788 490 789 487 790 486 791 492 792 493 793 494 794 495 795 489 796 466 797 463 798 495 799 492 800 493 801 496 802 497 803 498 804 499 805 498 805 497 805 451 806 500 807 449 808 134 809 329 810 501 811 482 812 502 813 483 814 485 815 483 816 503 817 504 818 505 819 506 820 336 821 507 822 334 823 508 824 509 825 510 826 511 827 512 828 513 829 514 830 515 831 516 832 514 833 516 834 517 835 517 835 516 834 316 836 517 835 316 836 330 837 501 838 329 839 331 840 515 841 496 841 516 841 469 842 518 843 519 844 498 845 317 846 496 847 520 848 508 849 512 850 521 851 522 852 523 853 524 854 525 855 526 856 526 856 525 855 239 857 239 857 525 855 2 858 239 859 2 860 1 861 239 859 1 861 240 862 526 856 239 857 241 863 527 864 528 865 529 866 527 864 529 866 530 867 530 867 529 866 531 868 531 868 529 866 532 869 531 868 532 869 533 870 527 864 530 867 534 871 534 871 530 867 535 872 535 872 530 867 531 873 534 871 535 872 536 874 534 871 536 874 537 875 534 871 537 875 538 876 538 876 537 875 539 877 538 876 539 877 540 878 538 876 540 878 541 879 541 880 540 881 542 882 538 876 541 879 543 883 543 883 541 879 544 884 544 884 541 879 545 885 545 885 541 879 546 886 546 886 541 879 547 887 547 888 541 889 542 890 546 886 547 887 71 891 546 886 71 891 548 892 546 886 548 892 549 893 546 886 549 893 545 885 543 883 544 884 550 894 543 883 550 894 551 894 538 876 543 883 534 871 534 871 543 883 527 864 57 895 56 896 552 897 57 895 552 897 59 898 59 899 552 900 13 901 13 902 552 903 33 904 57 905 59 906 553 907 554 908 23 909 26 910 26 910 23 909 32 911 26 910 32 911 31 912 26 913 31 914 29 915 554 908 26 910 51 916 554 917 51 918 555 919 554 920 555 921 553 922 79 923 556 924 80 925 80 926 556 927 84 928 80 929 84 930 557 931 41 932 42 933 85 934 85 935 42 936 86 937 86 938 42 939 558 940 558 941 42 942 55 943 559 944 96 945 110 946 559 947 110 948 560 949 559 947 560 949 184 950 151 951 150 952 561 953 151 951 561 953 185 954 185 954 561 953 166 955 166 956 561 957 162 958 151 951 185 954 562 959 562 959 185 954 563 960 563 961 185 962 184 963 562 959 563 960 564 964 153 965 565 966 421 967 153 965 421 967 566 968 566 968 421 967 424 969 566 968 424 969 457 970 457 970 424 969 429 971 566 968 457 970 456 972 566 968 456 972 506 973 506 973 456 972 567 974 566 968 506 973 505 975 566 968 505 975 568 976 568 976 505 975 569 977 566 968 568 976 570 978 566 968 570 978 571 979 571 979 570 978 517 980 517 980 570 978 514 981 571 979 517 980 330 982 571 979 330 982 329 983 571 979 329 984 566 968 566 968 329 985 276 986 566 968 276 986 275 987 566 968 275 987 230 988 566 968 230 988 226 989 226 989 230 988 572 990 566 968 226 989 190 991 566 968 190 991 154 992 154 992 190 991 227 993 566 968 154 992 153 965 573 994 574 995 575 996 573 994 575 996 576 997 576 997 575 996 292 998 292 998 575 996 293 999 573 994 576 997 577 1000 577 1001 576 1002 292 1003 577 1001 292 1003 578 1004 573 994 577 1000 579 1005 580 1006 183 1006 168 1006 580 1007 168 1008 97 1009 97 1009 168 1008 167 1010 97 1011 167 1012 98 1013 189 1014 188 1015 581 1016 189 1017 581 1018 540 1019 540 1020 581 1021 542 1022 189 1023 540 1024 539 1025 189 1023 539 1025 582 1026 582 1026 539 1025 537 1027 582 1026 537 1027 112 1028 582 1026 112 1028 583 1029 582 1026 583 1029 189 1030 189 1030 583 1029 187 1031 295 1032 584 1033 191 1034 191 1034 584 1033 192 1035 192 1035 584 1033 585 1036 585 1036 584 1033 586 1037 585 1036 586 1037 152 1038 152 1038 586 1037 587 1039 152 1038 587 1039 588 1040 588 1040 587 1039 589 1041 588 1042 589 1043 422 1044 422 1044 589 1043 590 1045 422 1044 590 1045 423 1046 423 1047 590 1048 428 1049 428 1050 590 1051 591 1052 428 1050 591 1052 592 1053 592 1053 591 1052 593 1054 592 1053 593 1054 455 1055 455 1055 593 1054 594 1056 455 1055 594 1056 595 1057 595 1057 594 1056 596 1058 596 1058 594 1056 452 1059 596 1058 452 1059 449 1060 596 1058 449 1060 504 1061 504 1061 449 1060 597 1062 597 1062 449 1060 500 1063 597 1062 500 1063 598 1064 598 1064 500 1063 599 1065 598 1064 599 1065 496 1066 598 1064 496 1066 600 1067 600 1067 496 1066 515 1068 295 1032 191 1034 296 1069 296 1069 191 1034 601 1070 296 1069 601 1070 64 1071 64 1071 601 1070 602 1072 64 1071 602 1072 232 1073 64 1071 232 1073 603 1074 603 1074 232 1073 604 1075 604 1075 232 1073 231 1076 604 1075 231 1076 215 1077 215 1078 231 1079 216 1080 174 1081 173 1081 176 1081 174 1082 176 1083 140 1084 140 1084 176 1083 186 1085 140 1086 186 1087 136 1088 605 1089 606 1090 607 1091 607 1092 606 1093 608 1094 608 1094 606 1093 609 1095 608 1094 609 1095 610 1096 608 1094 610 1096 611 1097 611 1097 610 1096 612 1098 611 1097 612 1098 613 1099 613 1099 612 1098 614 1100 613 1101 614 1102 615 1103 615 1104 614 1105 616 1106 615 1107 616 1108 617 1109 578 1110 292 1111 618 1112 578 1110 618 1112 171 1113 171 1114 618 1115 169 1116 169 1117 618 1118 137 1119 619 1120 620 1121 621 1122 619 1120 621 1122 622 1123 622 1123 621 1122 163 1124 163 1125 621 1126 623 1127 163 1128 623 1129 624 1130 163 1131 624 1132 164 1133 164 1134 624 1135 625 1136 164 1137 625 1138 71 1139 71 1140 625 1141 548 1142 348 1143 303 1144 326 1145 348 1146 326 1147 347 1148 347 1149 326 1150 399 1151 399 1151 326 1150 410 1152 399 1153 410 1154 396 1155 399 1156 396 1157 395 1158 348 1159 347 1160 344 1161 348 1162 344 1163 321 1164 348 1165 321 1166 323 1167 348 1168 323 1169 349 1170 373 1171 372 1172 364 1173 373 1174 364 1175 407 1176 407 1176 364 1175 404 1177 407 1176 404 1177 403 1178 417 1179 416 1180 626 1181 417 1182 626 1183 200 1184 200 1184 626 1183 201 1185 201 1186 626 1187 627 1188 201 1186 627 1188 628 1189 417 1182 200 1184 370 1190 298 1191 367 1192 442 1193 298 1191 442 1193 629 1194 629 1194 442 1193 630 1195 630 1195 442 1193 437 1196 298 1191 629 1194 631 1197 631 1197 629 1194 632 1198 631 1197 632 1198 633 1199 298 1191 631 1197 634 1200 634 1200 631 1197 635 1201 636 1202 637 1203 638 1204 636 1202 638 1204 639 1205 639 1205 638 1204 640 1206 640 1206 638 1204 488 1207 640 1206 488 1207 641 1208 641 1208 488 1207 159 1209 159 1210 488 1211 642 1212 159 1210 642 1212 482 1213 482 1213 642 1212 643 1214 124 1215 123 1216 644 1217 124 1218 644 1219 450 1220 450 1220 644 1219 451 1221 451 1221 644 1219 498 1222 451 1221 498 1222 499 1223 124 1218 450 1220 453 1224 645 1225 495 1226 643 1227 645 1225 643 1227 487 1228 487 1228 643 1227 642 1229 487 1228 642 1229 488 1230 481 1231 493 1232 492 1233 481 1231 492 1233 441 1234 441 1234 492 1233 438 1235 438 1235 492 1233 486 1236 438 1235 486 1236 443 1237 438 1235 443 1237 445 1238 646 1239 647 1240 648 1241 646 1239 648 1241 260 1242 260 1242 648 1241 264 1243 264 1243 648 1241 649 1244 264 1243 649 1244 650 1245 264 1246 650 1247 342 527 342 527 650 1247 519 1248 342 527 519 1248 343 528 343 1249 519 1250 518 1251 343 1252 518 1253 485 1254 485 1255 518 1256 484 1257 484 1258 518 1259 651 1260 484 1258 651 1260 489 1261 489 1262 651 1263 652 1264 484 1265 489 1266 447 1267 484 1268 447 1269 158 1270 484 1271 158 1272 159 1273 343 1252 485 1254 503 1274 653 1275 654 1276 655 1277 653 1278 655 1279 139 1280 139 1280 655 1279 656 1281 656 1282 655 1283 272 1284 656 1285 272 1286 271 1287 656 1288 271 1289 135 1290 656 1291 135 1292 139 1293 653 1278 139 1280 134 1294 657 1295 658 1296 659 1297 659 1298 658 1299 660 1300 660 1301 658 1302 661 1303 660 1304 661 1305 662 1306 662 1307 661 1308 663 1309 662 1307 663 1309 664 1310 657 1311 659 1312 665 1311 657 1313 665 1313 666 1314 657 1315 666 1316 667 1317 667 1318 666 1319 668 1320 667 1321 668 1322 669 1322 669 1323 668 1324 670 1325 669 1323 670 1325 671 1326 671 1326 670 1325 672 1327 671 1326 672 1327 673 1328 605 1329 607 1330 674 1331 674 1332 607 1333 617 1334 617 1334 607 1333 613 1335 613 1335 607 1333 608 1336 613 1335 608 1336 611 1337 617 1338 613 1339 615 1340 674 1332 617 1334 675 1341 674 1332 675 1341 676 1342 205 1343 677 1344 283 1345 283 1345 677 1344 678 1346 678 1346 677 1347 156 240 156 1348 677 1349 679 1350 156 1348 679 1350 157 1351 157 1351 679 1350 680 1352 680 1352 679 1350 636 1353 680 1352 636 1353 639 1354 680 1352 639 1354 681 1355 681 1355 639 1354 640 1356 681 1355 640 1356 419 1357 419 1357 640 1356 641 1358 419 1357 641 1358 159 1359 157 1351 680 1352 681 1355 157 1351 681 1355 419 1357 678 1346 156 240 682 1360 682 1360 156 240 233 1361 233 1361 156 240 141 239 233 1362 141 1363 155 1364 233 1362 155 1364 683 1365 682 1360 233 1361 279 1366 678 1346 682 1360 280 1367 280 1368 682 1369 279 1370 678 1346 280 1367 283 1345 306 1371 305 1372 307 1373 306 1374 307 1375 684 1376 684 1377 307 1378 355 1379 684 1377 355 1379 311 1380 684 1377 311 1380 310 1381 684 1382 310 1383 685 1384 685 1385 310 1386 395 1387 684 1382 685 1384 306 1388 306 1389 685 1390 393 1391 306 1392 394 1393 304 1394 304 1395 394 1396 686 1397 686 1398 394 1399 687 1400 687 1400 394 1399 393 1401 688 1402 405 1403 325 1404 688 1402 325 1404 689 1405 689 1405 325 1404 324 1406 689 1407 324 1408 690 1409 312 1410 691 1411 313 1412 692 1413 693 1414 694 1415 692 1413 694 1415 244 1416 692 1417 244 377 243 376 692 1417 243 376 695 1418 692 1419 695 1420 420 1421 420 1421 695 1420 696 1422 692 1423 420 1424 697 1425 697 1426 420 1427 698 1428 699 1429 700 1430 701 1431 701 1431 700 1430 702 1432 702 1432 700 1430 703 1433 703 1433 700 1430 704 1434 704 1434 700 1430 705 1435 704 1434 705 1435 706 1436 706 1436 705 1435 707 1437 707 1437 705 1435 708 1438 707 1437 708 1438 709 1439 707 1437 709 1439 710 1440 710 1440 709 1439 711 1441 710 1440 711 1441 712 1442 710 1440 712 1442 713 1443 710 1440 713 1443 714 1444 714 1444 713 1443 715 1445 715 1445 713 1443 716 1446 716 1446 713 1443 717 1447 716 1446 717 1447 718 1448 718 1448 717 1447 719 1449 719 1449 717 1447 720 1450 719 1449 720 1450 721 1451 719 1449 721 1451 701 1431 701 1431 721 1451 722 1452 701 1431 722 1452 699 1429 723 1453 52 1454 17 1455 17 27 52 1456 18 28 532 1457 724 1458 533 1459 533 1459 724 1458 725 1460 724 1461 723 1462 725 1463 725 1464 723 1465 17 1466 543 1467 551 1468 527 1469 527 1469 551 1468 528 1470 550 72 549 72 551 72 551 72 549 72 528 72 528 72 549 72 726 72 726 1471 549 1471 548 1471 726 1472 548 1472 727 1472 727 1473 548 1473 625 1473 727 1474 625 1474 624 1474 727 72 624 72 728 72 728 72 624 72 623 72 728 72 623 72 729 72 729 1475 623 1476 621 1477 729 1475 621 1477 730 1478 730 1478 621 1477 620 1479 730 1478 620 1479 731 1480 730 1478 731 1480 732 72 732 72 731 1480 690 1481 732 1482 690 1483 733 1484 733 1484 690 1483 324 1485 733 1484 324 1485 322 1486 733 1484 322 1486 734 72 734 72 322 1487 320 72 734 72 320 72 735 72 735 1488 320 1488 319 1488 735 1489 319 1489 736 1489 735 72 736 72 737 72 737 72 736 72 738 72 737 72 738 72 739 72 739 1490 738 1490 740 1490 739 72 740 72 741 72 741 1491 740 1491 742 1491 741 1492 742 1492 743 1492 741 1493 743 1493 744 1493 744 72 743 72 745 72 744 72 745 72 746 72 746 72 745 72 747 72 746 72 747 72 748 72 748 72 747 72 54 72 748 1494 54 1494 749 1494 749 1495 54 1495 53 1495 749 72 53 72 750 72 750 1496 53 1496 52 1496 750 1497 52 1497 723 1497 750 72 723 72 751 72 751 1498 723 1498 724 1498 751 1499 724 1499 752 1499 752 1500 724 1500 532 1500 752 72 532 72 753 72 753 72 532 72 529 72 753 1501 529 1501 528 1501 753 72 528 72 726 72 753 72 726 72 754 72 754 1502 726 1502 755 1502 756 72 737 72 739 72 756 1503 739 1503 757 1503 758 72 754 72 755 72 758 1504 755 1504 759 1504 760 72 756 72 757 72 760 1505 757 1505 761 1505 533 1506 552 1507 531 1508 531 1509 552 1510 56 1511 269 1512 267 1513 479 1514 479 1514 267 1513 480 1515 251 1516 270 1517 297 1518 297 1518 270 1517 473 1519 603 1520 604 1521 762 1522 762 1522 604 1521 763 1523 764 1524 765 1525 204 1526 204 1527 765 1528 202 1529 766 1530 764 1531 210 1532 210 1532 764 1531 204 1533 268 1534 269 1535 475 1536 475 1536 269 1535 479 1537 266 1538 268 1539 476 1540 476 1540 268 1539 475 1541 82 1542 81 1543 557 1544 557 1544 81 1543 767 1545 557 1546 84 1547 82 1548 82 1549 84 1550 63 1551 125 1552 124 1553 593 1554 593 1554 124 1553 594 1555 768 1556 125 1557 591 1558 591 1558 125 1557 593 1559 126 1560 369 1561 115 1562 115 1563 369 1564 116 1565 369 1566 769 1567 116 1568 116 1568 769 1567 119 1569 588 1570 422 1571 565 1572 565 1573 422 1574 421 1575 122 1576 119 1577 770 1578 770 1578 119 1577 769 1579 771 1580 768 1581 590 1582 590 1582 768 1581 591 1583 635 1584 631 1585 220 1586 220 1586 631 1585 221 1587 772 1588 127 1589 773 1590 773 1591 127 1592 129 1593 633 1594 632 1595 222 1596 222 1597 632 1598 253 1599 152 1600 588 1601 153 1602 153 1602 588 1601 565 1603 631 1604 633 1605 221 1606 221 1606 633 1605 222 1607 590 1608 589 1609 771 1610 771 1610 589 1609 774 1611 775 1470 689 1470 731 1470 731 1470 689 1470 690 1470 374 1612 386 1613 692 1614 692 1614 386 1613 693 1615 776 1616 774 1616 587 1616 587 1617 774 1617 589 1617 201 1618 628 1619 211 1620 211 1620 628 1619 777 1621 220 1622 238 1623 635 1624 635 1625 238 1626 634 1627 143 1628 474 1629 155 1630 155 1630 474 1629 683 1631 778 1632 777 1633 627 1634 627 1634 777 1633 628 1635 587 1636 586 1637 776 1638 776 1638 586 1637 779 1639 391 1640 387 1641 244 1642 244 1642 387 1641 780 1643 249 1644 251 1645 299 1646 299 1646 251 1645 297 1647 476 1648 473 1649 266 1650 266 1650 473 1649 270 1651 64 1652 603 1653 65 1654 65 1655 603 1656 762 1657 781 1658 782 1659 778 1660 778 1660 782 1659 777 1661 777 1661 782 1659 770 1662 770 1662 782 1659 147 1663 147 1663 782 1659 148 1664 777 1661 770 1662 783 1665 783 1665 770 1662 363 1666 363 1666 770 1662 369 1667 369 1667 770 1662 769 1668 777 1661 783 1665 211 1669 211 1669 783 1665 199 1670 782 1671 781 1672 784 1673 784 1673 781 1672 785 1674 784 1675 286 1676 782 1677 782 1677 286 1676 148 1678 786 1679 242 1680 787 1681 787 1681 242 1680 248 1682 389 1683 390 1684 248 1685 248 1686 390 1687 787 1688 586 1689 584 1690 779 1691 779 1691 584 1690 788 1692 238 1693 250 1694 634 1695 634 1695 250 1694 298 1696 209 1697 208 1698 279 1699 279 1700 208 1701 789 1702 564 1703 246 1704 790 1705 790 1706 246 1707 245 1708 217 1709 216 1710 273 1711 273 1712 216 1713 274 1714 232 1715 602 1716 230 1717 230 1717 602 1716 572 1718 299 1719 298 1720 249 1721 249 1722 298 1723 250 1724 294 1725 788 1726 295 1727 295 1727 788 1726 584 1728 390 1729 388 1730 787 1731 787 1731 388 1730 786 1732 791 1733 792 1734 380 1735 380 1735 792 1734 385 1736 302 1737 327 1738 303 1739 303 1740 327 1741 326 1742 381 1743 382 1744 793 1745 793 1746 382 1747 420 1748 792 1749 794 1750 385 1751 385 1752 794 1753 378 1754 384 1755 335 1756 795 1757 795 1758 335 1759 334 1760 316 1761 340 1762 330 1763 330 1763 340 1762 332 1764 380 1765 384 1766 791 1767 791 1767 384 1766 795 1768 340 1769 339 1770 332 1771 332 1772 339 1773 333 1774 379 1775 376 1776 420 1777 420 1778 376 1779 698 1780 458 1781 471 1782 796 1783 796 1783 471 1782 797 1784 452 1785 594 1786 453 1787 453 1787 594 1786 124 1788 459 1789 458 1790 446 1791 446 1792 458 1793 796 1794 455 1795 595 1796 456 1797 456 1797 595 1796 567 1798 442 1799 367 1800 262 1801 262 1801 367 1800 263 1802 495 1803 494 1804 798 1805 798 1806 494 1807 799 1808 461 1809 462 1810 646 1811 646 1811 462 1810 647 1812 496 1813 599 1814 497 1815 497 1815 599 1814 499 1816 465 1817 466 1818 652 1819 652 1820 466 1821 489 1822 504 1823 597 1824 505 1825 505 1825 597 1824 569 1826 599 1827 500 1828 499 1829 499 1830 500 1831 451 1832 464 1833 467 1834 649 1835 649 1836 467 1837 650 1838 598 1839 600 1840 568 1841 568 1842 600 1843 570 1844 600 1845 515 1846 570 1847 570 1847 515 1846 514 1848 336 1849 315 1850 507 1851 507 1851 315 1850 800 1852 315 1853 317 1854 800 1855 800 1856 317 1857 498 1858 597 1859 598 1860 569 1861 569 1861 598 1860 568 1862 469 1863 468 1864 518 1865 518 1866 468 1867 651 1868 470 1869 464 1870 648 1871 648 1871 464 1870 649 1872 23 1873 14 1874 33 1875 33 1876 14 1877 13 1878 545 1879 549 1879 544 1879 544 1880 549 1880 550 1880 34 1881 39 1882 801 1883 801 1883 39 1882 802 1884 802 1884 39 1882 38 1885 802 1884 38 1885 196 1886 802 1887 196 1888 803 1889 29 1890 16 1891 49 1892 49 1893 16 1894 804 1895 49 1896 804 1895 50 1897 50 1897 804 1895 43 1898 43 1898 804 1895 60 1899 60 1899 804 1895 16 1894 50 1897 43 1898 62 1900 50 1901 62 1902 555 1903 555 1904 62 1905 84 1906 604 1907 215 1908 763 1909 763 1910 215 1911 202 1912 763 1913 202 1914 765 1915 805 1916 806 1917 807 1918 807 1918 806 1917 808 1919 807 1918 808 1919 809 1920 809 1920 808 1919 810 1921 810 1921 808 1919 616 1922 810 1921 616 1922 811 1923 811 1923 616 1922 614 1924 811 1923 614 1924 812 1925 812 1925 614 1924 612 1926 812 1925 612 1926 610 1927 812 1925 610 1927 813 1928 813 1928 610 1927 814 1929 814 1929 610 1927 609 1930 814 1929 609 1930 606 1931 814 1929 606 1931 815 1932 815 1932 606 1931 805 1916 815 1932 805 1916 807 1918 815 1932 807 1918 816 1933 817 72 809 1920 810 1921 818 1934 811 1923 812 1925 819 72 813 1928 814 1929 75 1935 79 1936 76 1937 76 1938 79 1939 78 1940 165 1941 820 1942 93 1943 93 1944 820 1945 821 1946 96 1947 559 1948 97 1949 97 1950 559 1951 580 1952 70 1953 72 1954 96 1955 96 1956 72 1957 110 1958 797 1959 158 1960 796 1961 796 1962 158 1963 446 1964 822 1965 823 1966 653 1967 653 1967 823 1966 207 1968 653 1967 207 1968 654 1969 822 1965 653 1967 824 1970 824 1970 653 1967 825 1971 824 1970 825 1971 826 1972 826 1972 825 1971 827 1973 827 1973 825 1971 828 1974 828 1974 825 1971 829 1975 828 1974 829 1975 830 1976 830 1976 829 1975 831 1977 562 1978 564 1979 832 1980 832 1981 564 1982 790 1983 138 1984 293 1985 833 1986 833 1987 293 1988 834 1989 833 1990 834 1991 172 1992 137 1993 618 1994 138 1995 138 1996 618 1997 292 1998 141 1999 161 2000 142 2001 142 2002 161 2003 433 2004 120 2005 121 2006 147 2007 147 2008 121 2009 122 2010 147 2008 122 2010 770 2011 206 2012 655 2013 207 2014 207 2015 655 2016 654 2017 559 2018 184 2019 580 2020 580 2021 184 2022 183 2023 218 2024 237 2025 197 2026 197 2026 237 2025 835 2027 773 2028 129 2029 240 2030 240 2031 129 2032 836 2033 694 2034 693 2035 392 2036 392 2037 693 2038 386 2039 134 2040 133 2041 277 2042 277 2042 133 2041 278 2043 837 2044 838 2045 839 2046 839 2047 838 2048 840 2049 205 2050 272 2051 206 2052 206 2053 272 2054 655 2055 230 2056 275 2057 231 2058 231 2059 275 2060 274 2061 231 2059 274 2061 216 2062 223 2063 300 2064 233 2065 233 2065 300 2064 279 2066 248 2067 841 2068 389 2069 389 2070 841 2071 780 2072 389 2070 780 2072 387 2073 836 2074 842 2075 240 2076 240 2077 842 2078 241 2079 242 2080 786 2081 130 2082 130 2083 786 2084 388 2085 66 2086 843 2087 779 2088 779 2088 843 2087 774 2089 774 2090 843 2091 771 2092 771 2093 843 2094 123 2095 771 2096 123 200 768 2097 768 2097 123 200 125 202 779 2088 774 2089 776 2098 66 2086 779 2088 788 2099 66 2086 788 2099 294 2100 789 2101 281 2102 279 2103 279 2104 281 2105 273 2106 279 2104 273 2106 276 2107 146 2108 290 2109 282 2110 282 2111 290 2112 284 2113 282 2111 284 2113 131 2114 405 2115 349 2116 325 2117 325 2118 349 2119 323 2120 340 2121 316 2122 336 2123 336 2123 316 2122 315 2124 199 2125 783 2126 200 2127 200 2128 783 2129 363 2130 200 2128 363 2130 370 2131 697 2132 698 2133 375 2134 375 2135 698 2136 376 2137 844 2138 845 2139 358 2140 358 2140 845 2139 846 2141 399 2142 395 2143 400 2144 400 2145 395 2146 398 2147 134 2148 277 2149 329 2150 329 2151 277 2152 276 2153 158 2154 797 2155 431 2156 431 2156 797 2155 471 2157 361 2158 377 2159 418 2160 418 2161 377 2162 378 2163 418 2161 378 2163 794 2164 488 2165 638 2166 444 2167 444 2168 638 2169 637 2170 444 2171 637 2172 445 2173 446 2174 448 2175 459 2176 459 2177 448 2178 460 2179 847 2180 848 2181 849 2182 849 2182 848 2181 850 2183 261 2184 263 2185 472 2186 472 2186 263 2185 367 2187 799 2188 494 2189 481 2190 481 2191 494 794 493 793 487 2192 492 2193 645 2194 645 2195 492 2196 495 2197 652 2198 651 2199 465 2200 465 2200 651 2199 468 2201 648 2202 647 2203 470 2204 470 2204 647 2203 462 2205 831 2206 523 2207 830 2208 830 2208 523 2207 522 2209 830 2210 522 2211 851 2212 831 2213 829 2214 852 2215 852 2215 829 2214 513 2216 852 2217 508 2218 853 2219 853 2219 508 2218 510 2220 512 2221 508 2222 513 2223 513 2223 508 2222 852 2224 854 2225 855 2226 0 2227 0 2228 855 2229 1 2230 17 1466 31 2231 725 1464 725 2232 31 2233 33 2234 725 2235 33 2236 533 2237 533 2238 33 2239 552 2240 41 2241 83 2242 60 2243 60 2243 83 2242 44 2244 60 2243 44 2244 43 2245 554 2246 67 2247 23 2248 23 2248 67 2247 24 2249 856 2250 857 2251 858 2252 858 2253 857 2254 859 2255 58 2256 860 2257 861 2258 861 2258 860 2257 536 2259 536 2259 860 2257 862 2260 862 2260 860 2257 112 2261 536 2259 862 2260 537 2262 537 2262 862 2260 112 2263 861 2258 536 2259 535 2264 861 2258 535 2264 56 2265 56 2265 535 2264 531 2266 861 2258 56 2265 58 2267 555 2268 47 2269 50 2270 50 2271 47 2272 48 2273 83 2274 41 2275 81 2276 81 2276 41 2275 767 2277 675 2278 808 2279 676 2280 676 2280 808 2279 806 2281 676 2280 806 2281 674 2282 674 2282 806 2281 805 2283 674 2284 805 2285 605 2286 605 2287 805 2288 606 2289 766 2290 210 2291 267 2292 267 2292 210 2291 480 2293 67 2294 554 2295 68 2296 68 2297 554 2298 553 2299 68 2300 553 2301 61 2302 61 2303 553 2304 59 2305 47 2306 555 2307 46 2308 46 2309 555 2310 51 2311 108 2312 105 2313 863 2314 863 2314 105 2313 75 2315 75 2315 105 2313 79 2316 863 2314 75 2315 864 2317 863 2314 864 2317 86 2318 86 2319 864 2320 87 2321 108 2312 863 2314 86 2318 108 2312 86 2318 102 2322 75 2323 77 2324 864 2325 864 2326 77 2327 91 2328 864 2329 91 2330 87 2331 41 2332 85 2333 767 2334 767 2334 85 2333 88 2335 767 2336 88 2337 557 2338 557 2338 88 2337 80 2339 78 2340 80 2341 90 2342 90 2343 80 2344 88 2345 77 2346 76 2347 91 2348 91 2349 76 2350 78 2351 91 2352 78 2353 89 72 89 2354 78 2355 90 2354 99 2356 98 2357 162 2358 162 2359 98 2360 167 2361 95 2362 94 2363 102 2364 102 2365 94 2366 865 2367 102 2368 865 2369 108 2370 108 2370 865 2369 106 2371 99 2372 162 2373 70 2374 70 2375 162 2376 164 2377 70 2378 164 2379 71 2380 105 2381 107 2382 104 2383 104 2384 107 2385 821 2386 104 2387 821 2388 820 2389 94 2390 93 2391 865 2392 865 2392 93 2391 821 2393 865 2392 821 2393 106 2394 106 2394 821 2393 107 72 547 2395 542 2396 109 2397 109 2398 542 2399 866 2400 866 2400 542 2399 867 2401 867 2402 542 2403 581 2404 867 2405 581 2406 188 2407 109 2398 866 2400 110 2408 547 2409 109 2410 72 2411 547 2412 72 2413 71 2414 86 2415 558 2416 103 2417 103 2418 558 2419 170 2420 103 2421 170 2422 169 2423 137 2424 136 2425 169 2426 169 2427 136 2428 186 2429 562 2430 832 2431 151 2432 151 2433 832 2434 149 2435 287 2436 289 2437 149 2438 149 2439 289 2440 150 2441 172 2442 174 2443 833 2444 833 2445 174 2446 140 2447 833 2448 140 2449 138 2450 437 2451 256 2452 630 2453 630 2454 256 2455 258 2456 630 2454 258 2456 629 2457 808 2458 675 2459 616 2460 616 2461 675 2462 617 2463 868 48 869 48 870 48 870 48 869 48 871 48 870 48 871 48 872 48 872 48 871 48 873 48 872 48 873 48 874 48 874 2464 873 2464 875 2464 874 48 875 48 876 48 876 2465 875 2465 877 2465 876 48 877 48 878 48 878 2466 877 2466 879 2466 878 48 879 48 880 48 880 48 879 48 881 48 880 48 881 48 882 48 882 48 881 48 883 48 882 48 883 48 884 48 884 48 883 48 885 48 884 48 885 48 886 48 886 48 885 48 887 48 886 48 887 48 888 48 888 48 887 48 889 48 888 2467 889 2467 890 2467 890 48 889 48 891 48 890 2468 891 2468 892 2468 892 48 891 48 893 48 892 2469 893 2469 894 2469 224 2470 233 2471 477 2472 477 2473 233 2474 683 2475 477 2473 683 2475 474 2476 253 2477 632 2478 257 2479 257 2480 632 2481 629 2482 257 2483 629 2484 258 2485 131 2486 179 2487 282 2488 282 2488 179 2487 144 2489 180 2490 179 2491 117 2492 117 2493 179 2494 181 2495 152 2496 154 2497 585 2498 585 2499 154 2500 227 2501 585 2499 227 2501 192 2502 209 2503 300 2504 478 2505 478 2506 300 2507 223 2508 478 2506 223 2508 225 2509 694 2510 392 2511 244 2512 244 2513 392 2514 391 2515 636 2516 679 1350 895 2517 895 2517 679 1350 677 1349 895 2518 677 2519 205 2520 636 2521 895 2522 896 2523 896 2523 895 2522 897 2524 897 2524 895 2522 205 2525 897 2524 205 2525 207 2526 896 2523 897 2524 898 2527 898 2527 897 2524 899 2528 899 2528 897 2524 207 2529 899 2530 207 2531 900 2532 900 2532 207 2531 823 2533 896 2523 898 2534 436 2535 896 2523 436 2535 637 2536 637 2537 436 2538 445 2539 896 2523 637 2536 636 2521 215 2540 217 2541 202 2542 202 2543 217 2544 203 2545 356 2546 236 2547 901 2548 901 2549 236 2550 234 2551 780 2552 841 2553 244 2554 244 2555 841 2556 248 2557 64 2558 66 2559 296 2560 296 2561 66 2562 294 2563 191 2564 226 2565 601 2566 601 2567 226 2568 572 2569 601 2567 572 2569 602 2570 901 2571 234 2572 902 2573 902 2574 234 2575 229 2576 902 2577 229 2578 228 2579 242 2580 130 2581 285 2582 285 2583 130 2584 132 2585 785 2586 781 2587 627 2588 627 2588 781 2587 778 2589 37 2590 903 2591 38 2592 38 2593 903 2594 237 2595 288 2596 291 2597 247 2598 247 2599 291 2600 245 2601 205 2602 283 2603 271 2604 271 2605 283 2606 133 2607 271 2605 133 2607 135 2608 904 2609 905 2610 837 2611 837 2612 905 2613 838 2614 360 2615 359 2616 906 2617 906 2617 359 2616 907 2618 907 2618 359 2616 908 2619 908 2620 359 2621 909 2622 909 2622 359 2621 846 2623 846 2623 359 2621 358 2624 909 2622 846 2623 910 2625 910 2625 846 2623 911 2626 911 2626 846 2623 845 2627 911 2626 845 2627 912 2628 912 2628 845 2627 913 2629 913 2629 845 2627 844 2630 913 2629 844 2630 914 2631 914 2631 844 2630 358 2632 914 2631 358 2632 360 2615 914 2631 360 2615 915 2633 915 2633 360 2615 916 2634 916 2634 360 2615 917 2635 917 2635 360 2615 918 2636 918 2636 360 2615 906 2617 918 2637 906 2617 907 2618 918 2638 907 2639 919 2640 920 2641 908 2642 921 2643 921 2643 908 2642 909 2622 921 2643 909 2622 922 2644 922 2644 909 2622 910 2625 922 2644 910 2625 923 2645 923 2645 910 2625 924 2646 924 2646 910 2625 925 2647 925 2647 910 2625 911 2626 925 2647 911 2626 912 2628 925 2647 912 2628 926 2648 926 2648 912 2628 913 2629 926 2648 913 2629 927 2649 927 2649 913 2629 928 2650 928 2650 913 2629 914 2631 928 2650 914 2631 915 2633 928 2650 915 2633 929 2651 929 2651 915 2633 930 2652 930 2652 915 2633 916 2634 930 2652 916 2634 839 2653 839 2654 916 2634 917 2635 839 2655 917 2635 837 2656 837 2656 917 2635 918 2636 837 2656 918 2636 904 2657 904 2657 918 2636 931 2658 931 2658 918 2636 932 2659 932 2659 918 2636 933 2660 934 2661 918 2638 935 2662 935 2662 918 2638 919 2640 935 2662 919 2640 936 2663 936 2663 919 2640 907 2664 922 2644 920 2641 921 2643 937 2665 922 2666 923 2667 937 2668 923 2669 938 2670 938 2671 923 2645 939 2672 939 2672 923 2645 924 2646 939 2672 924 2646 940 2673 940 2673 924 2646 925 2647 940 2673 925 2647 926 2648 940 2673 926 2648 427 2674 427 2674 926 2648 430 2675 940 2673 427 2674 941 2676 941 2676 427 2674 942 2677 942 2677 427 2674 426 2678 942 2677 426 2678 129 2679 129 2679 426 2678 425 2680 129 2681 425 2682 836 2683 942 2677 129 2679 128 2684 942 2677 128 2684 941 2676 940 2673 941 2676 939 2672 939 2672 941 2676 128 2685 939 2672 128 2685 943 2686 943 2686 128 2685 127 2687 943 2688 127 2689 772 2690 943 2691 772 2692 851 2693 851 2694 772 2695 944 2696 851 2697 944 2698 830 2699 943 2691 851 2693 522 2700 943 2701 522 2702 521 2703 943 2686 521 2704 938 2671 938 2671 521 2704 937 2705 937 2706 521 2707 945 2708 943 2686 938 2671 939 2672 430 2709 926 2648 927 2649 430 2710 927 2649 946 2711 946 2711 927 2649 947 2712 947 2712 927 2649 928 2650 947 2712 928 2650 948 2713 948 2713 928 2650 834 2714 834 2714 928 2650 172 2715 172 2716 928 2650 949 2717 949 2717 928 2650 929 2651 949 2717 929 2651 950 2718 950 2718 929 2651 951 2719 951 2719 929 2651 840 2049 840 2049 929 2651 930 2652 840 2049 930 2652 839 2047 905 2720 904 2721 952 2722 952 2722 904 2721 953 2723 953 2723 904 2721 931 2658 953 2723 931 2658 954 2724 954 2724 931 2658 932 2659 954 2724 932 2659 955 2725 955 2725 932 2659 956 2726 956 2726 932 2659 957 2727 957 2727 932 2659 958 2728 958 2728 932 2659 933 2729 958 2728 933 2729 959 2730 918 2731 934 2732 933 2733 933 2734 934 2661 960 2735 960 2735 934 2661 961 2736 961 2736 934 2661 935 2662 961 2736 935 2662 962 2737 962 2737 935 2662 146 2738 146 2739 935 2662 963 2740 963 2740 935 2662 936 2663 963 2740 936 2663 964 2741 964 2741 936 2663 965 2742 965 2742 936 2663 907 2664 965 2743 907 2744 908 2745 965 2746 908 2642 920 2641 965 2746 920 2641 922 2747 964 2741 965 2742 922 2748 963 2740 964 2741 243 2749 243 2749 964 2741 966 2750 966 2750 964 2741 967 2751 967 2751 964 2741 922 2748 967 2752 922 2753 937 2754 967 2751 937 2755 968 2756 968 2756 937 2755 509 2757 509 2758 937 2759 945 2760 509 2758 945 2760 510 2761 510 2761 945 2760 853 2762 853 2763 945 2764 521 2765 853 2766 521 2767 523 2768 853 2769 523 2770 852 2771 852 2771 523 2770 831 2772 968 2756 509 2757 969 2773 969 2773 509 2757 508 2774 969 2773 508 2774 520 2775 969 2773 520 2776 338 2777 968 2756 969 2773 696 2778 696 2778 969 2773 338 2777 968 2756 696 2778 695 2779 968 2756 695 2780 966 2750 966 2750 695 2780 243 2749 968 2756 966 2750 967 2751 146 2781 963 2782 970 2783 970 2783 963 2782 243 2784 970 2785 243 2786 242 2787 970 2785 242 2787 290 2788 970 2785 290 2788 146 2789 962 2790 146 2791 971 2792 971 2792 146 2791 145 2793 971 2792 145 2793 180 2794 971 2792 180 2794 117 2795 971 2792 117 2795 972 2796 972 2796 117 2795 973 2797 973 2797 117 2795 118 2798 973 2799 118 2800 974 2801 974 2802 118 2803 975 2804 975 2805 118 2806 976 2807 976 2808 118 2809 120 2810 976 2808 120 2810 627 2811 627 2811 120 2810 785 2812 785 2812 120 2810 286 2813 785 2812 286 2813 784 2814 976 2808 627 2811 977 2815 977 2815 627 2811 626 2816 977 2817 626 2818 978 2819 978 2820 626 2821 416 2822 978 2823 416 2824 979 2825 979 2826 416 2827 980 2828 980 2829 416 2830 334 2831 980 2829 334 2831 498 2832 498 2832 334 2831 507 2833 498 2832 507 2833 800 2834 980 2829 498 2832 981 2835 981 2835 498 2832 644 2836 981 2837 644 2838 982 2839 982 2840 644 2841 983 2842 983 2843 644 2844 123 2845 983 2846 123 2847 984 2848 984 2848 123 2847 843 2849 984 2850 843 2851 985 2852 985 2853 843 2854 986 2855 986 2855 843 2854 66 2856 986 2855 66 2856 987 2857 987 2857 66 2856 763 2858 763 2858 66 2856 65 2859 763 2858 65 2859 762 2860 987 2857 763 2858 988 2861 988 2861 763 2858 267 2862 267 2862 763 2858 766 2863 766 2863 763 2858 765 2864 766 2863 765 2864 764 2865 988 2861 267 2862 265 2866 988 2867 265 2868 989 2869 989 2870 265 2871 990 2872 990 2873 265 2874 252 2875 990 2876 252 2877 991 2878 991 2879 252 2880 254 2881 991 2882 254 2883 992 2884 992 2884 254 2883 993 2885 993 2886 254 2887 255 2888 993 2885 255 2889 994 2890 994 2890 255 2889 259 2891 994 2890 259 2891 995 2892 995 2892 259 2891 351 2893 351 2894 259 2895 264 2896 351 2897 264 2898 341 2899 341 2900 264 2901 342 2902 994 2890 995 2892 996 2903 996 2903 995 2892 997 2904 997 2904 995 2892 351 2905 997 2906 351 2907 350 2908 997 2906 350 2908 414 2909 414 2909 350 2908 415 2910 415 2910 350 2908 341 2911 415 2910 341 2911 413 2912 413 2913 341 2914 343 2915 413 2913 343 2915 998 2916 998 2916 343 2915 999 2917 413 2918 998 2919 1000 2920 1000 2921 998 2922 313 2923 1000 2921 313 2923 1001 2924 1000 2921 1001 2924 1002 2925 1000 2926 1002 2927 1003 2928 1003 2929 1002 2930 1004 2931 1003 2932 1004 2933 1005 2934 1005 2934 1004 2933 1006 2935 1005 2934 1006 2935 1007 2936 1005 2937 1007 2938 1008 2939 1008 2940 1007 2941 1009 2942 1009 2942 1007 2941 1010 2943 1009 2942 1010 2943 959 2944 959 2945 1010 2946 1011 2947 1011 2947 1010 2946 1012 2948 1012 2948 1010 2946 1013 2949 1013 2949 1010 2946 113 2950 1013 2949 113 2950 860 2951 860 2951 113 2950 112 2952 1013 2949 860 2951 58 2953 1013 2949 58 2953 1012 2948 1012 2954 58 2955 57 2956 1012 2957 57 2958 553 2959 1011 2947 1012 2948 1014 2960 1014 2960 1012 2948 553 2961 1014 2960 553 2962 957 2727 957 2963 553 2964 555 2965 1014 2960 957 2727 958 2728 1014 2960 958 2728 1015 2966 1015 2966 958 2728 959 2967 1015 2966 959 2945 1011 2947 1015 2966 1011 2947 1014 2960 413 2918 1000 2920 1016 2968 1016 2968 1000 2920 1003 2969 1016 2968 1003 2969 1017 2970 1017 2971 1003 2972 1005 2973 1017 2971 1005 2973 1008 2974 1017 2971 1008 2974 1018 2975 1018 2975 1008 2974 1009 2976 1018 2975 1009 2976 1019 2977 1019 2977 1009 2976 959 2978 1019 2977 959 2978 1020 2979 1020 2979 959 2978 960 2980 960 2735 959 2981 933 2734 1020 2979 960 2980 961 2982 972 2983 961 2984 962 2985 972 2796 962 2790 971 2792 972 2986 973 2799 974 2801 972 2987 974 2988 1021 2989 1022 2990 979 2991 980 2829 1022 2990 980 2829 981 2835 1022 2992 981 2993 982 2994 1023 2995 983 2996 984 2997 1023 2995 984 2997 1024 2998 1024 2998 984 2997 985 2999 857 3000 985 3001 986 3002 857 3003 986 2855 987 2857 857 2254 987 3004 859 2255 859 3005 987 2857 988 2861 859 3006 988 2867 989 2869 991 3007 992 2884 1025 3008 1025 3008 992 2884 1026 3009 1026 3009 992 2884 993 2885 1026 3009 993 2885 1027 3010 1027 3010 993 2885 994 2890 1027 3010 994 2890 996 2903 414 3011 413 2918 1016 2968 1028 3012 1020 2979 1021 3013 1021 3013 1020 2979 961 2982 1029 3014 1028 3012 974 3015 974 3015 1028 3012 1021 3013 1029 3014 974 3015 975 3016 1029 3014 975 3016 1030 3017 1030 3017 975 3016 1031 3018 1030 3017 1031 3018 1032 3019 1032 3019 1031 3018 1033 3020 1033 3020 1031 3018 976 3021 976 3021 1031 3018 975 3022 1033 3020 976 3021 977 3023 1033 3020 977 3023 1034 3024 1034 3024 977 3023 978 3025 1033 3020 1034 3024 1035 3026 1035 3026 1034 3024 1036 3027 1036 3027 1034 3024 978 3028 1036 3027 978 3028 1037 3029 1037 3030 978 3031 979 3032 1037 3033 979 3034 1038 3035 1038 3035 979 3034 1022 3036 1033 3020 1035 3026 1032 3019 990 3037 991 3038 1039 3039 1039 3040 991 3041 1025 3042 990 3043 1039 3044 1040 3045 990 3043 1040 3045 989 3046 989 3046 1040 3045 1041 3047 989 3046 1041 3047 859 3048 859 3049 1041 3050 858 3051 983 3052 1023 2995 1042 3053 1042 3053 1023 2995 1024 2998 1042 3053 1024 2998 1043 3054 1043 3054 1024 2998 985 3055 1043 3056 985 3057 856 3058 856 3059 985 3060 857 3061 983 3052 1042 3053 1044 3062 983 3052 1044 3062 982 3063 982 3064 1044 3065 1045 3066 982 3067 1045 3068 1022 3069 1022 3070 1045 3071 1038 3072 961 3073 972 2987 1021 2989 956 2726 957 2727 555 3074 955 2725 956 2726 1046 3075 1046 3075 956 2726 1047 3076 1047 3076 956 2726 84 3077 84 3077 956 2726 555 3078 1047 3079 84 3080 556 3081 1046 3075 1047 3076 1048 3082 1048 3082 1047 3076 556 3083 1048 3082 556 3083 1049 3084 1049 3084 556 3085 79 3086 1049 3084 79 3086 950 2718 950 3087 79 3088 104 3089 950 3090 104 3091 820 3092 950 3090 820 3092 949 3093 949 3094 820 3095 165 3096 949 3094 165 3096 175 3097 175 3097 165 3096 92 3098 175 3097 92 3098 1050 3099 1050 3099 92 3098 95 3100 1050 3099 95 3100 103 2421 103 2421 95 3100 102 3101 1050 3099 103 2421 169 2423 175 3097 1050 3099 177 3102 177 3103 1050 3104 169 3105 949 3094 175 3097 172 3106 1049 3084 950 2718 1051 3107 1051 3107 950 2718 951 2719 1051 3107 951 2719 1046 3075 1046 3075 951 2719 955 2725 955 2725 951 2719 954 2724 954 2724 951 2719 905 3108 905 3108 951 2719 838 3109 838 3109 951 2719 840 2049 905 2720 952 2722 954 2724 954 2724 952 2722 953 2723 1051 3107 1046 3075 1048 3082 1051 3107 1048 3082 1049 3084 948 2713 834 2714 1052 3110 1052 3110 834 2714 1053 3111 1053 3111 834 2714 574 3112 574 3113 834 3114 575 3115 575 3115 834 3114 293 3116 1053 3111 574 3112 1054 3117 1054 3118 574 3119 1055 3120 1054 3118 1055 3120 1056 3121 1053 3111 1054 3117 1052 3110 1052 3110 1054 3117 1056 3122 1052 3123 1056 3124 1057 3125 1057 3126 1056 3127 1058 3128 1057 3129 1058 3130 1059 3131 1059 3132 1058 3133 1060 3134 1060 3134 1058 3133 1061 3135 1060 3134 1061 3135 1062 3136 1062 3136 1061 3135 1063 3137 1062 3138 1063 3139 1064 3140 1062 3138 1064 3140 1065 3141 1065 3141 1064 3140 1066 3142 1066 3142 1064 3140 1067 3143 1067 3144 1064 3145 1068 3146 1068 3146 1064 3145 1063 3147 1068 3148 1063 3149 1069 3150 1069 3151 1063 3152 1061 3153 1068 3148 1069 3150 1070 3154 1070 3154 1069 3150 1071 3155 1070 3154 1071 3155 1072 3156 1072 3156 1071 3155 1073 3157 1073 3157 1071 3155 1074 3158 1074 3158 1071 3155 1075 3159 1075 3159 1071 3155 1076 3160 1075 3159 1076 3160 1056 3161 1056 3162 1076 3163 1058 3164 1075 3165 1056 3166 579 3167 579 3168 1056 3169 1055 3170 579 3168 1055 3170 573 3171 573 3172 1055 3173 574 3174 1075 3159 579 3175 1077 3176 1077 3176 579 3175 577 3177 1077 3176 577 3178 1078 3179 1078 3179 577 3178 578 3180 1078 3179 578 3180 740 3181 740 3181 578 3180 742 3182 742 3182 578 3180 171 3183 742 3182 171 3183 743 3184 743 3184 171 3183 170 3185 743 3184 170 3185 745 3186 745 3186 170 3185 558 3187 745 3186 558 3187 747 3188 747 3188 558 3187 55 3189 747 3188 55 3189 54 3190 1078 3179 740 3181 1079 3191 1079 3191 740 3181 738 3192 1079 3191 738 3192 1080 3193 1080 3193 738 3192 736 3194 1080 3193 736 3194 308 3195 308 3195 736 3194 1081 3196 1081 3196 736 3194 319 3197 1081 3196 319 3197 318 3198 1081 3196 318 3198 307 3199 307 3199 318 3198 355 3200 1081 3196 307 3199 308 3201 1080 3193 308 3195 1082 3202 1080 3193 1082 3202 1072 3156 1072 3156 1082 3202 1070 3154 1070 3154 1082 3202 1083 3203 1083 3203 1082 3202 1084 3204 1070 3154 1083 3203 1068 3148 1080 3193 1072 3156 1073 3157 1080 3193 1073 3157 1079 3191 1079 3191 1073 3157 1074 3158 1079 3191 1074 3158 1078 3179 1078 3179 1074 3158 1075 3159 1078 3179 1075 3159 1077 3176 1067 3144 1068 3146 1083 3205 1067 3144 1083 3205 686 3206 686 3207 1083 3208 1084 3209 686 3210 1084 3211 304 3212 1066 3142 1067 3143 1085 3213 1066 3142 1085 3213 1086 3214 1086 3214 1085 3213 687 3215 687 3215 1085 3213 1067 3216 687 3217 1067 3218 686 3219 1086 3220 687 3221 393 3222 1086 3223 393 3224 685 3225 1086 3223 685 3225 395 3226 1066 3142 1086 3214 1065 3141 1065 3141 1086 3214 1087 3227 1087 3227 1086 3214 1088 3228 1088 3228 1086 3214 395 3229 1087 3227 1088 3228 1089 3230 1089 3230 1088 3228 1090 3231 1090 3231 1088 3228 397 3232 397 3232 1088 3228 395 3233 1090 3231 397 3232 1091 3234 1091 3234 397 3232 1092 3235 1092 3236 397 3237 1093 3238 1093 3238 397 3237 1094 3239 1094 3239 397 3237 1095 3240 1095 3240 397 3237 396 3241 1094 3239 1095 3240 1096 3242 1096 3242 1095 3240 1097 3243 1097 3243 1095 3240 1098 3244 1098 3244 1095 3240 396 3245 1097 3243 1098 3244 1099 3246 1099 3246 1098 3244 1100 3247 1100 3247 1098 3244 365 3248 365 3248 1098 3244 366 3249 366 3249 1098 3244 396 3250 366 3251 396 3252 409 3253 366 3251 409 3253 402 3254 402 3255 409 3256 405 3257 405 3258 409 3259 349 3260 349 3260 409 3259 301 3261 349 3262 301 3263 303 3264 1100 3265 365 3266 901 3267 901 3268 365 3269 356 3270 356 3271 365 3272 1101 3273 356 3274 1101 3275 357 3276 357 3276 1101 3275 371 3277 357 3276 371 3277 775 3278 775 3278 371 3277 406 3279 775 3278 406 3279 688 3280 688 3280 406 3279 405 3281 775 3282 688 3283 689 72 357 3276 775 3278 1102 3284 1102 3284 775 3278 212 3285 1100 3247 901 3286 1103 3287 1103 3287 901 3286 902 3288 1103 3289 902 3290 1104 3291 1104 3291 902 3290 246 3292 246 3292 902 3290 247 3293 247 3293 902 3290 228 3294 247 3293 228 3294 1105 3295 1105 3295 228 3294 212 3296 247 3293 1105 3295 288 3297 288 3297 1105 3295 289 3298 289 3298 1105 3295 212 3299 289 3298 212 3299 622 3300 622 3301 212 3302 619 3303 289 3304 622 3305 561 3306 561 3306 622 3305 163 3307 561 3308 163 3309 162 3310 289 3311 561 3312 150 3313 1103 3287 1104 3314 1106 3315 1106 3315 1104 3316 1107 3317 1107 3317 1104 3316 1108 3318 1107 3317 1108 3318 1109 3319 1109 3319 1108 3318 691 3320 691 3320 1108 3318 1110 3321 1110 3321 1108 3318 563 3322 563 3323 1108 3318 1104 3316 563 3324 1104 3325 564 3326 564 3327 1104 3328 246 3329 1110 3321 563 3322 184 3330 691 3320 1110 3321 1001 3331 1001 3332 1110 3333 1002 3334 1002 3334 1110 3333 560 3335 560 3335 1110 3333 184 3336 1002 3337 560 3338 1111 3339 1111 3339 560 3338 866 3340 866 3341 560 3342 110 3343 1111 3339 866 3340 1112 3344 1112 3344 866 3340 867 3345 1112 3344 867 3345 188 3346 1112 3344 188 3346 1113 3347 1113 3347 188 3346 187 3348 1113 3349 187 3350 1114 3351 1114 3352 187 3353 583 3354 1114 3352 583 3354 111 3355 111 3355 583 3354 112 3356 1113 3349 1114 3351 1006 3357 1006 3357 1114 3351 1007 3358 1007 3358 1114 3351 111 3359 1007 3360 111 3361 113 3362 1007 3363 113 3364 1010 3365 1113 3349 1006 3357 1004 3366 1113 3349 1004 3366 1002 3367 1113 3347 1002 3368 1112 3344 1112 3344 1002 3369 1111 3339 691 1411 1001 3370 313 1412 1109 3319 691 3320 353 3371 353 3372 691 1411 312 1410 1109 3319 353 3371 352 3373 1109 3319 352 3374 1107 3317 1107 3317 352 3374 1115 3375 1115 3376 352 3377 354 3378 1107 3317 1115 3375 1116 3379 1107 3317 1116 3379 1096 3242 1096 3242 1116 3379 1094 3239 1094 3239 1116 3379 1117 3380 1117 3380 1116 3379 1118 3381 1118 3381 1116 3379 1119 3382 1119 3382 1116 3379 1115 3383 1119 3382 1115 3383 1120 3384 1120 3385 1115 3386 354 3387 1118 3381 1119 3382 1120 3384 1118 3381 1120 3384 1117 3380 1117 3380 1120 3388 1121 3389 1121 3390 1120 3391 354 3392 1121 3389 354 3393 999 3394 999 3394 354 3393 313 3395 999 3394 313 3395 998 3396 1121 3389 999 3394 1122 3397 1121 3389 1122 3397 850 3398 850 3398 1122 3397 490 3399 490 789 1122 3400 491 787 491 787 1122 3400 1123 3401 1123 3402 1122 3403 999 3404 1123 3405 999 3406 1124 3407 1123 3405 1124 3407 1125 3408 1125 3408 1124 3407 1126 3409 1126 3409 1124 3407 1127 3410 1127 3410 1124 3407 999 3411 1127 3412 999 3413 503 3414 503 3414 999 3413 343 3415 1125 3408 1126 3409 798 3416 798 3417 1126 3409 1127 3410 798 3418 1127 3419 503 3420 798 3421 503 3422 483 3423 1125 3424 798 3425 799 3426 1125 3424 799 3426 1123 3427 1123 3428 799 3429 481 3430 491 3431 1123 3432 481 3433 491 3434 481 3435 454 3436 850 3398 490 3399 849 3437 849 3437 490 3399 439 3438 849 3437 439 3438 1128 3439 1128 3439 439 3438 440 3440 1128 3439 440 3440 237 3441 237 3441 440 3440 835 3442 835 3442 440 3440 434 3443 434 3443 440 3440 435 3444 835 3442 434 3443 436 3445 835 3446 436 3447 1129 3448 835 3446 1129 3448 198 3449 198 3450 1129 3451 1130 3452 1130 3452 1129 3451 1131 3453 1130 3454 1131 3455 1132 3456 1130 3454 1132 3456 198 3457 198 3458 1132 3459 803 3460 198 3458 803 3460 196 3461 835 3446 198 3449 197 3462 1128 3439 237 3441 903 3463 1128 3439 903 3463 1133 3464 1133 3464 903 3463 37 3465 1133 3464 37 3465 1134 3466 1134 3467 37 3468 1135 3469 1135 3469 37 3468 36 3470 1135 3469 36 3470 35 3471 1135 3469 35 3471 899 3472 899 3472 35 3471 1129 3473 1129 3474 35 3475 1131 3476 899 3477 1129 3478 898 3479 898 3480 1129 3481 436 3482 1135 3469 899 3472 900 3483 1135 3469 900 3483 1136 3484 1136 3484 900 3483 854 3485 854 3485 900 3483 700 3486 700 3486 900 3483 823 3487 700 3486 823 3487 705 3488 705 3489 823 3490 822 3491 705 3489 822 3491 708 3492 708 3492 822 3491 824 3493 708 3492 824 3493 709 3494 709 3494 824 3493 826 3495 709 3494 826 3495 711 3496 711 3496 826 3495 827 3497 711 3496 827 3497 712 3498 712 3498 827 3497 828 3499 712 3498 828 3499 713 3500 713 3500 828 3499 830 3501 854 3485 700 3486 699 3502 854 3485 699 3502 855 3503 855 3503 699 3502 722 3504 855 3503 722 3504 1 3505 1 3506 722 3507 721 3508 1 861 721 3509 240 862 240 3510 721 3511 773 3512 773 3512 721 3511 720 3513 773 3512 720 3513 772 3514 772 2695 720 3515 944 2696 944 2696 720 3515 717 3516 944 2696 717 3516 713 3517 944 2696 713 3517 830 3518 1136 3484 854 3485 0 3519 1135 3469 1136 3484 1137 3520 1135 3469 1137 3520 525 3521 525 3522 1137 3523 2 3524 1135 3469 525 3521 1134 3467 1134 3467 525 3521 1138 3525 1138 3526 525 3527 524 3528 1138 3529 524 3530 1139 3531 1133 3464 1134 3466 1140 3532 1140 3532 1134 3466 1138 3533 1133 3464 1140 3532 1141 3534 1141 3534 1140 3532 1091 3535 1091 3535 1140 3532 1138 3536 1141 3534 1091 3535 1092 3537 847 3538 1092 3539 848 3540 848 3541 1092 3542 1093 3238 848 3541 1093 3238 1142 3543 1142 3543 1093 3238 1121 3389 1121 3389 1093 3238 1094 3239 1121 3389 1094 3239 1117 3380 1142 3543 1121 3389 850 3398 1142 3543 850 3398 848 3541 847 3544 849 3437 1141 3534 1141 3534 849 3437 1128 3439 1141 3534 1128 3439 1133 3464 847 3544 1141 3534 1092 3545 1107 3317 1096 3242 1097 3243 1107 3317 1097 3243 1106 3315 1106 3315 1097 3243 1099 3246 1106 3315 1099 3246 1143 3546 1143 3546 1099 3246 1100 3247 1143 3546 1100 3247 1103 3287 1143 3546 1103 3287 1106 3315 1090 3231 1091 3234 1144 3547 1144 3547 1091 3234 1139 3548 1139 3549 1091 3550 1138 3551 1144 3547 1139 3552 664 3553 664 3553 1139 3552 662 3554 662 3554 1139 3552 524 3555 662 3556 524 3557 660 3558 660 3558 524 3557 526 3559 660 3560 526 3561 659 3562 659 3562 526 3561 241 3563 659 3564 241 3565 665 3566 665 3566 241 3565 842 3567 665 3566 842 3567 666 3568 666 3569 842 3570 836 3571 666 3569 836 3571 668 3572 668 3572 836 3571 425 3573 668 3572 425 3573 670 3574 670 3575 425 3576 430 3577 670 3578 430 3579 672 3580 672 3580 430 3579 946 2711 672 3580 946 2711 673 3581 673 3581 946 2711 1145 3582 1145 3582 946 2711 1146 3583 1146 3583 946 2711 947 2712 1146 3583 947 2712 948 2713 1146 3583 948 2713 1147 3584 1147 3585 948 2713 1052 3110 1147 3586 1052 3587 1057 3588 1062 3138 1065 3141 1148 3589 1148 3589 1065 3141 1149 3590 1149 3591 1065 3141 1087 3227 1149 3592 1087 3227 1089 3230 1149 3593 1089 3230 1150 3594 1150 3594 1089 3230 1090 3231 1150 3594 1090 3231 1144 3547 1150 3594 1144 3547 1151 3595 1151 3595 1144 3547 663 3596 663 3596 1144 3547 664 3553 671 3597 673 3581 1145 3582 671 3597 1145 3582 1152 3598 1152 3598 1145 3582 1147 3599 1147 3600 1145 3582 1146 3583 1151 3595 1149 3601 1150 3594 1149 3602 1151 3595 1153 3603 1153 3603 1151 3595 661 3604 661 3604 1151 3595 663 3596 669 3605 671 3597 1152 3598 669 3605 1152 3598 1154 3606 669 3607 1154 3608 667 3609 667 3609 1154 3608 1155 3610 667 3609 1155 3610 657 3611 657 3612 1155 3613 1148 3614 657 3615 1148 3616 658 3617 658 3618 1148 3619 1153 3603 658 3618 1153 3603 661 3604 1152 3620 1147 3621 1154 3622 1154 3623 1147 3624 1059 3625 1059 3131 1147 3626 1057 3129 1060 3627 1062 3628 1148 3629 1060 3630 1148 3631 1155 3632 1060 3633 1155 3634 1154 3635 1060 3636 1154 3623 1059 3625 1153 3637 1148 3638 1149 3639 245 72 291 3640 790 3641 790 3641 291 3640 287 3642 790 3641 287 3642 832 3643 832 3643 287 3642 149 3644 881 3645 879 3646 1156 3647 1156 3647 879 3646 1157 3648 1157 3648 879 3646 877 3649 1157 3648 877 3649 1158 3650 1158 3650 877 3649 875 3651 1158 3650 875 3651 1159 3652 1159 3652 875 3651 873 3653 1159 3652 873 3653 1160 3654 1160 3654 873 3653 871 3655 1160 3654 871 3655 368 3656 368 3656 871 3655 869 3657 368 3656 869 3657 193 3658 193 3658 869 3657 868 3659 193 3658 868 3659 219 3660 219 3660 868 3659 870 3661 219 3660 870 3661 178 3662 178 3662 870 3661 872 3663 178 3662 872 3663 100 3664 100 3664 872 3663 874 3665 100 3664 874 3665 73 3666 73 3666 874 3665 876 3667 73 3666 876 3667 40 3668 40 3668 876 3667 878 3669 40 3668 878 3669 22 3670 22 3670 878 3669 880 3671 22 3670 880 3671 11 3672 11 3672 880 3671 882 3673 11 3672 882 3673 9 3674 9 3674 882 3673 884 3675 9 3674 884 3675 7 3676 7 3676 884 3675 886 3677 7 3676 886 3677 4 3678 4 3678 886 3677 888 3679 4 3678 888 3679 5 3680 5 3680 888 3679 890 3681 5 3680 890 3681 1161 3682 1161 3682 890 3681 892 3683 1161 3682 892 3683 1162 3684 1162 3684 892 3683 894 3685 1162 3684 894 3685 1163 3686 1163 3686 894 3685 893 3687 1163 3686 893 3687 1164 3688 1164 3688 893 3687 891 3689 1164 3688 891 3689 20 3690 20 3690 891 3689 889 3691 20 3690 889 3691 21 3692 21 3692 889 3691 887 3693 21 3692 887 3693 1165 3694 1165 3694 887 3693 1166 3695 1166 3695 887 3693 885 3696 1166 3695 885 3696 1167 3697 1167 3697 885 3696 883 3698 1167 3697 883 3698 1168 3699 1168 3699 883 3698 881 3645 1168 3699 881 3645 1156 3647 1168 3699 1156 3647 1169 3700 1169 3700 1156 3647 1170 3701 1170 3701 1156 3647 1157 3648 1170 3701 1157 3648 1171 3702 1171 3702 1157 3648 1158 3650 1171 3702 1158 3650 1172 3703 1172 3703 1158 3650 1159 3652 1172 3703 1159 3652 1173 3704 1173 3704 1159 3652 1160 3654 1173 3704 1160 3654 1174 3705 1174 3705 1160 3654 368 3656 1174 3705 368 3656 1175 3706 1175 3706 368 3656 195 3707 3 3708 5 3680 1176 3709 1176 3709 5 3680 1177 3710 1177 3710 5 3680 1161 3682 1177 3710 1161 3682 1178 3711 1178 3711 1161 3682 1162 3684 1178 3711 1162 3684 1179 3712 1179 3712 1162 3684 1163 3686 1179 3712 1163 3686 1180 3713 1180 3713 1163 3686 1164 3688 1180 3713 1164 3688 1181 3714 1181 3714 1164 3688 20 3690 1181 3714 20 3690 1182 3715 1182 3715 20 3690 19 3716 19 3716 21 3692 1182 3715 1182 3715 21 3692 1183 3717 1183 3717 21 3692 1165 3694 1183 3717 1165 3694 1184 3718 1184 3718 1165 3694 1166 3695 1184 3718 1166 3695 1185 3719 1185 3719 1166 3695 1167 3697 1185 3719 1167 3697 1186 3720 1186 3720 1167 3697 1168 3699 1186 3720 1168 3699 1169 3700 1186 3720 1169 3700 757 3721 757 3721 1169 3700 761 3722 761 3722 1169 3700 1170 3701 761 3722 1170 3701 760 3723 760 3723 1170 3701 1171 3702 760 3723 1171 3702 756 3724 756 3724 1171 3702 1172 3703 756 3724 1172 3703 737 3725 737 3725 1172 3703 1173 3704 737 3725 1173 3704 735 3726 735 3726 1173 3704 1174 3705 735 3726 1174 3705 734 3727 734 3727 1174 3705 1175 3706 734 3727 1175 3706 733 3728 733 3728 1175 3706 1187 3729 1187 3729 1175 3706 194 3730 194 3730 1175 3706 195 3707 6 3731 3 3708 1188 3732 1188 3732 3 3708 1176 3709 1188 3732 1176 3709 754 3733 754 3733 1176 3709 753 3734 753 3734 1176 3709 1177 3710 753 3734 1177 3710 752 3735 752 3735 1177 3710 1178 3711 752 3735 1178 3711 751 3736 751 3736 1178 3711 1179 3712 751 3736 1179 3712 750 3737 750 3737 1179 3712 1180 3713 750 3737 1180 3713 749 3738 749 3738 1180 3713 1181 3714 749 3738 1181 3714 748 3739 748 3739 1181 3714 1182 3715 748 3739 1182 3715 746 3740 746 3740 1182 3715 1183 3717 746 3740 1183 3717 744 3741 744 3741 1183 3717 1184 3718 744 3741 1184 3718 741 3742 741 3742 1184 3718 1185 3719 741 3742 1185 3719 739 3743 739 3743 1185 3719 1186 3720 739 3743 1186 3720 757 3721 732 3744 733 3728 1187 3729 732 3744 1187 3729 1189 3745 1189 3745 1187 3729 182 3746 182 3746 1187 3729 194 3730 1189 3745 182 3746 101 3747 1189 3745 101 3747 1190 3748 1190 3748 101 3747 74 3749 1190 3748 74 3749 1191 3750 1191 3750 74 3749 69 3751 1191 3750 69 3751 1192 3752 1192 3752 69 3751 25 3753 1192 3752 25 3753 1193 3754 1193 3754 25 3753 12 3755 1193 3754 12 3755 1194 3756 1194 3756 12 3755 10 3757 1194 3756 10 3757 1195 3758 1195 3758 10 3757 8 3759 1195 3758 8 3759 1196 3760 1196 3760 8 3759 6 3731 1196 3760 6 3731 1188 3732 1196 3760 1188 3732 758 3761 758 3761 1188 3732 754 3733 730 3762 732 3744 1189 3745 730 3762 1189 3745 1190 3748 730 3762 1190 3748 729 3763 729 3763 1190 3748 1191 3750 729 3764 1191 3750 728 3765 728 3765 1191 3750 1192 3752 728 3765 1192 3752 727 3766 727 3766 1192 3752 1193 3754 727 3766 1193 3754 726 3767 726 3767 1193 3754 1194 3756 726 3767 1194 3756 755 3768 755 3768 1194 3756 1195 3758 755 3768 1195 3758 759 3769 759 3769 1195 3758 1196 3760 759 3769 1196 3760 758 3761 803 3770 1132 3771 802 3772 802 3772 1132 3771 1131 3773 802 3774 1131 3775 801 3776 801 3776 1131 3775 35 3777 801 3778 35 3779 34 3780 217 3781 281 3782 203 3783 203 3784 281 3785 789 3786 203 3784 789 3786 208 3787 204 3788 203 3789 210 3790 210 3790 203 3789 208 3791 381 3792 793 3793 383 3794 383 3794 793 3793 333 3795 383 3796 333 3797 339 3798 304 3799 1084 3800 308 3801 308 3802 1084 3803 1082 3804 353 3372 312 1410 313 3805 353 3806 313 3807 354 3808 317 3809 316 3810 496 3811 496 3811 316 3810 516 3812 333 3813 337 3814 330 3815 330 3815 337 3814 331 3816 795 3817 334 3818 791 3819 791 3819 334 3818 416 3820 791 3821 416 3822 792 3823 792 3823 416 3822 418 3824 792 3825 418 3826 794 3827 321 3828 344 3829 318 3830 318 3831 344 546 355 545 212 3832 214 3833 1102 3834 1102 3835 214 3836 235 3837 1102 3835 235 3837 357 3838 212 3839 775 3840 619 3841 619 3841 775 3840 731 3842 619 3843 731 3844 620 3845 365 3846 364 3847 1101 3848 1101 3849 364 3850 372 3851 1101 3852 372 3853 371 3854 370 3855 362 3856 417 3857 417 3858 362 3859 361 3860 697 3861 375 3862 692 3863 692 3864 375 3865 374 3866 402 3867 404 3868 366 3869 366 3870 404 3871 364 3872 793 3873 420 3874 333 3875 333 3876 420 3877 696 3878 333 3876 696 3878 338 3879 410 3880 412 3881 396 3882 396 3883 412 3884 408 3885 1043 894 856 894 1042 894 1042 894 856 894 858 894 1042 894 858 894 1044 894 1044 894 858 894 1041 894 1044 894 1041 894 1045 894 1045 894 1041 894 1040 894 1045 894 1040 894 1038 894 1038 894 1040 894 1039 894 1038 894 1039 894 1037 894 1037 894 1039 894 1025 894 1037 894 1025 894 1036 894 1036 894 1025 894 1026 894 1036 894 1026 894 1035 894 1035 894 1026 894 1027 894 1035 894 1027 894 1032 894 1032 894 1027 894 996 894 1032 894 996 894 1030 894 1030 894 996 894 997 894 1030 894 997 894 1029 894 1029 894 997 894 414 894 1029 894 414 894 1028 894 1028 894 414 894 1016 894 1028 894 1016 894 1020 894 1020 894 1016 894 1017 894 1020 894 1017 894 1019 894 1019 894 1017 894 1018 894 438 3886 445 3887 435 3888 435 3889 445 3890 436 3891 455 3892 457 3893 592 3894 592 3895 457 3896 429 3897 592 3895 429 3897 428 3898 813 3899 819 3900 710 3901 710 3901 819 3900 707 3902 707 3902 819 3900 814 3903 707 3902 814 3903 706 3904 706 3904 814 3903 815 3905 706 3904 815 3905 704 3906 704 3906 815 3905 816 3907 704 3906 816 3907 703 3908 703 3908 816 3907 807 3909 703 3908 807 3909 702 3910 702 3910 807 3909 809 3911 702 3910 809 3911 701 3912 701 3912 809 3911 817 3913 701 3912 817 3913 719 3914 719 3914 817 3913 810 3915 719 3914 810 3915 718 3916 718 3916 810 3915 811 3917 718 3916 811 3917 716 3918 716 3918 811 3917 818 3919 716 3918 818 3919 715 3920 715 3920 818 3919 812 3921 715 3920 812 3921 714 3922 714 3922 812 3921 813 3899 714 3922 813 3899 710 3901 261 3923 472 3924 260 3925 260 3926 472 3927 461 3928 260 3929 461 3930 646 3931 504 3932 506 3933 596 3934 596 3935 506 3936 567 3937 596 3935 567 3937 595 3938 643 3939 495 3940 502 3941 502 3941 495 3940 798 3942 502 3943 798 3944 483 3945 643 3939 502 3941 482 3946 1197 3947 511 3948 331 3949 331 3949 511 3948 501 3950 1197 3947 331 3949 338 3951 338 3951 331 3949 337 3952 1197 3947 338 3951 520 3953 650 3954 467 3955 519 3956 519 3957 467 3958 469 3959 1071 3960 1069 3961 1076 3962 1076 3963 1069 3151 1061 3153 1076 3963 1061 3153 1058 3964 511 3965 1197 3966 512 3967 512 3968 1197 3969 520 3970 513 3971 829 3972 511 3973 511 3974 829 3975 825 3976 511 3974 825 3976 501 3977 501 3977 825 3976 653 3978 501 3977 653 3978 134 3979</p>
        </triangles>
      </mesh>
    </geometry>
  </library_geometries>
  <library_visual_scenes>
    <visual_scene id="Scene" name="Scene">
      <node id="mh00400-j00_lk4" name="mh00400-j00_lk4" type="NODE">
        <matrix sid="transform">1 0 0 -2.005 0 1 0 0 0 0 1 -2.2 0 0 0 1</matrix>
        <instance_geometry url="#polygons_005-mesh" name="mh00400-j00_lk4">
          <bind_material>
            <technique_common>
              <instance_material symbol="Surface_1_008-material" target="#Surface_1_008-material"/>
            </technique_common>
          </bind_material>
        </instance_geometry>
      </node>
    </visual_scene>
  </library_visual_scenes>
  <scene>
    <instance_visual_scene url="#Scene"/>
  </scene>
</COLLADA>