<?xml version="1.0" encoding="utf-8"?>
<COLLADA xmlns="http://www.collada.org/2005/11/COLLADASchema" version="1.4.1" xmlns:xsi="http://www.w3.org/2001/XMLSchema-instance">
  <asset>
    <contributor>
      <author>Blender User</author>
      <authoring_tool>Blender 4.2.0 commit date:2024-07-16, commit time:06:20, hash:a51f293548ad</authoring_tool>
    </contributor>
    <created>2025-08-13T11:40:35</created>
    <modified>2025-08-13T11:40:35</modified>
    <unit name="meter" meter="1"/>
    <up_axis>Z_UP</up_axis>
  </asset>
  <library_effects>
    <effect id="Surface_1_005-effect">
      <profile_COMMON>
        <technique sid="common">
          <lambert>
            <emission>
              <color sid="emission">0 0 0 1</color>
            </emission>
            <diffuse>
              <color sid="diffuse">0 0.200784 0.4 1</color>
            </diffuse>
            <index_of_refraction>
              <float sid="ior">1</float>
            </index_of_refraction>
          </lambert>
        </technique>
      </profile_COMMON>
    </effect>
  </library_effects>
  <library_images/>
  <library_materials>
    <material id="Surface_1_005-material" name="Surface_1.005">
      <instance_effect url="#Surface_1_005-effect"/>
    </material>
  </library_materials>
  <library_geometries>
    <geometry id="polygons_003-mesh" name="polygons.003">
      <mesh>
        <source id="polygons_003-mesh-positions">
          <float_array id="polygons_003-mesh-positions-array" count="2568">-0.143708 -0.172326 0.918162 -0.1474699 -0.172326 0.899976 -0.152362 -0.172326 0.935987 -0.157629 -0.172535 0.876118 -0.144084 -0.172535 0.855771 -0.143708 -0.172326 0.88179 -0.133549 -0.172326 0.866395 -0.112102 -0.172326 0.838125 -0.118122 -0.172326 0.856131 -0.100062 -0.172326 0.85253 -0.08200198 -0.172326 0.856131 -0.07598096 -0.172535 0.842267 -0.06657499 -0.172326 0.866395 -0.05603998 -0.172326 0.88179 -0.055664 -0.172535 0.855771 -0.05265396 -0.172326 0.899976 -0.04211795 -0.172535 0.923923 -0.055664 -0.172535 0.94418 -0.05603998 -0.172326 0.918162 -0.06657499 -0.172326 0.933556 -0.08764499 -0.172326 0.961826 -0.08200198 -0.172326 0.94391 -0.100062 -0.172326 0.947511 -0.118122 -0.172326 0.94391 -0.123766 -0.172535 0.957774 -0.133549 -0.172326 0.933556 -0.16252 -0.172535 0.899976 -0.04211795 -0.172535 0.876118 -0.03760296 -0.172535 0.899976 -0.06130695 -0.007954955 0.930496 -0.06695097 -0.01067399 0.933106 -0.05829697 -0.01067399 0.931396 -0.06920897 -0.007954955 0.939859 -0.06845599 -0.01046496 0.941749 -0.06093096 -0.008791983 0.949492 -0.05039596 -0.008373975 0.939318 -1.009474 -0.04768896 0.802564 -1.009097 -0.05709898 0.798242 -1.004959 -0.04998898 0.806525 -0.05039596 -0.008373975 0.861173 -0.03534597 -0.007745981 0.905647 -0.04098999 -0.01381099 0.875488 -0.135806 -0.01820194 0.956874 -0.133549 -0.02154797 0.991986 -0.137311 -0.01903897 0.97407 0.172724 -0.05207997 0.748906 0.126444 -0.05019795 0.75908 0.214112 -0.05207997 0.746025 -0.104953 -0.03848695 0.988925 -0.108716 -0.03535097 0.986674 -0.118875 -0.04643398 0.990635 -0.108339 -0.03911495 1.001889 0.06097596 -0.03472298 0.9431 -0.115112 -0.03221398 0.986584 -0.121885 -0.03200495 0.990095 -1.00383 -0.05145299 0.803554 -0.537272 -0.46008 0.750347 -0.518835 -0.452133 0.757189 -0.526737 -0.45778 0.754308 -0.034217 -0.02823996 0.919242 -0.027821 -0.03200495 0.9142 -0.007126986 -0.03242295 0.871796 -0.858595 -0.131547 0.995497 -0.87214 -0.131547 0.994056 -0.889072 -0.133848 0.989825 0.299522 -0.04894399 0.751247 0.336396 -0.04894399 0.757819 0.263026 -0.04894399 0.748996 0.08656096 -0.08052098 0.936617 0.080917 -0.07027399 0.938058 -0.505666 -0.243428 0.743865 -0.507548 -0.249911 0.749086 -0.511686 -0.332097 0.733421 0.07264 -0.104989 0.934187 0.07038199 -0.112099 0.938778 0.08166998 -0.09787797 0.936527 0.07753098 -0.09683299 0.933737 0.08054095 -0.08993196 0.935627 -7.3e-4 -0.097669 0.856131 -3.54e-4 -0.08470398 0.855591 0.07753098 -0.08323997 0.933737 0.08166998 -0.08198499 0.936527 0.08806598 -0.08993196 0.936347 0.08656096 -0.09955096 0.936617 0.08204597 -0.108125 0.937788 0.07527399 -0.113981 0.939588 0.06135195 -0.116909 0.94319 0.05232197 -0.115027 0.94328 0.05269795 -0.117954 0.94535 -0.09027898 -0.11649 0.981812 0.09897798 -0.145349 0.933647 -0.09027898 -0.1355209 0.981902 -0.112478 -0.144722 0.987574 0.08656096 -0.122346 0.936617 0.091829 -0.04977995 0.934907 0.123811 -0.110008 0.931666 0.135098 -0.05082595 0.930586 0.144129 -0.09536898 0.931306 0.203577 -0.09662395 0.938328 0.2032009 -0.05124396 0.938778 0.251362 -0.094742 0.958675 0.251362 -0.05061697 0.958675 0.349188 -0.09516 1.014943 0.337524 -0.05061697 1.008281 0.364991 -0.067137 1.021335 0.383804 -0.09850597 1.028898 0.393587 -0.06734597 1.032769 0.403369 -0.09327799 1.03655 0.403369 -0.075293 1.03646 0.377408 -0.05040699 1.022776 0.392458 -0.06337296 1.024936 0.420301 -0.05061697 1.023316 0.407132 -0.07194697 1.025747 0.45153 -0.09495097 1.013773 0.411647 -0.09536898 1.023496 0.46056 -0.05061697 1.009451 0.487651 -0.09495097 0.989015 0.493671 -0.05061697 0.982893 0.513236 -0.09495097 0.953183 0.51587 -0.05061697 0.946881 0.524524 -0.09495097 0.910959 0.5249 -0.05082595 0.905107 0.520385 -0.09536898 0.865584 0.519632 -0.04998898 0.862974 0.501948 -0.094742 0.827592 0.500067 -0.05082595 0.825161 0.46959 -0.094742 0.796262 0.469214 -0.05061697 0.795992 0.429707 -0.09536898 0.778436 0.43046 -0.05061697 0.778796 0.372892 -0.09620499 0.764391 0.372892 -0.05207997 0.764391 0.368001 -0.04915297 0.767272 0.504582 -0.04873394 0.965157 0.07000595 -0.06860095 0.938418 0.06774896 -0.06400001 0.941479 0.05269795 -0.06316399 0.94535 -0.09027898 -0.04434299 0.981902 -0.08990299 -0.06504595 0.980642 0.07226395 -0.07487499 0.934367 -0.007126986 -0.07006496 0.859733 -0.008254945 -0.110008 0.859733 0.06323295 -0.06650996 0.939408 -0.87816 -0.04998898 0.991535 -0.858595 -0.04852497 0.995497 -0.858219 -0.04496997 0.996937 0.1730999 -0.04894399 0.751877 0.214112 -0.04977995 0.746836 0.132841 -0.04894399 0.76034 -0.533509 -0.240082 0.91474 -0.471051 -0.2398729 0.740174 -0.503033 -0.2444739 0.82246 -0.865744 -0.04496997 0.997117 -0.467288 -0.2367359 0.738823 0.101235 -0.145977 0.931036 -0.001105964 -0.07801198 0.797342 7.75e-4 -0.09014099 0.800043 -0.007878959 -0.07027399 0.801664 -0.534262 -0.165634 0.921763 -0.53539 -0.233599 0.921223 -0.536143 -0.199721 0.921583 -0.447723 -0.034096 0.714335 -0.435306 -0.05730795 0.684085 -0.442455 -0.05814498 0.69912 -0.13844 -0.007954955 0.869456 -0.141826 -0.01067399 0.868555 -0.149728 -0.008373975 0.860633 -0.116993 -0.149532 0.973079 -0.112855 -0.147859 0.985683 -0.111726 -0.148068 0.978931 -0.131667 -0.01046496 0.858292 -0.130539 -0.007954955 0.860183 -0.1391929 -0.008791983 0.850369 -0.133172 -0.01067399 0.866935 -0.518459 -0.120045 0.923923 -0.450357 -0.119209 0.734142 -0.456377 -0.115654 0.737473 -0.01878994 -0.06400001 0.802474 -0.471803 -0.162079 0.765472 -0.461644 -0.162707 0.738553 -0.45901 -0.15957 0.736662 -0.433801 -0.120045 0.685346 -0.528242 -0.162079 0.920592 -0.466159 -0.166889 0.737023 -0.571135 -0.234227 0.960475 -0.577531 -0.221052 0.959305 -0.579789 -0.242592 0.954803 -0.454495 -0.150996 0.732971 -0.453367 -0.161034 0.734592 -0.06958496 -0.115027 0.919602 -0.08200198 -0.109798 0.928425 -0.09667599 -0.115027 0.935537 0.06511497 -0.147859 0.941569 -0.07108998 -0.07006496 0.88278 -0.08087295 -0.06504595 0.870176 -0.06469398 -0.06504595 0.896014 -0.06657499 -0.110008 0.903757 -0.066199 -0.115027 0.888722 -0.08877396 -0.06504595 0.933647 -0.09667599 -0.07006496 0.932836 -0.06996095 -0.07090097 0.916541 -0.063941 -0.02844899 0.842897 -0.08011996 -0.03179496 0.831643 -0.08689296 -0.02092099 0.835965 -0.110973 -0.03158599 0.833624 -0.110597 -0.02635794 0.836415 -0.121132 -0.02552199 0.838756 -0.129034 -0.02573096 0.835154 -0.128657 -0.01757496 0.842537 -0.06356495 -0.022385 0.847759 -0.04776197 -0.02196699 0.863424 -0.05679196 -0.01004695 0.8528 -0.07936799 -0.007954955 0.840646 -0.110221 -0.007954955 0.837675 -0.03948497 -0.02196699 0.877918 -0.036475 -0.02196699 0.894484 -0.04098999 -0.01381099 0.924103 -0.03760296 -0.02196699 0.9142 -0.044752 -0.02196699 0.931936 -0.05491095 -0.01088297 0.94517 -0.05641597 -0.02196699 0.946791 -0.07560497 -0.01381099 0.958855 -0.09253698 -0.007954955 0.963266 -0.07221895 -0.02196699 0.957594 -0.09027898 -0.02196699 0.963176 -0.110973 -0.02363997 0.963266 -0.125647 -0.01736599 0.958585 -0.118122 -0.03033196 0.965337 -0.09516996 -0.03137695 0.969298 -0.05829697 -0.02928596 0.953093 -0.03797996 -0.02886795 0.871976 -0.467288 0.04014295 0.739543 -0.466159 -0.01297396 0.736842 -0.466536 -0.01339298 0.733601 -0.466536 0.03763395 0.733691 -0.469922 0.04516196 0.739723 -0.505666 0.04955399 0.830113 -0.532004 0.04181599 0.917171 -0.533509 -0.01192897 0.921042 -0.53539 0.03888797 0.921313 -0.528618 -0.01820194 0.923383 -0.119251 -0.134266 0.989465 -0.104953 -0.141376 0.988204 -0.112478 -0.137821 0.998918 -0.143331 -0.01088297 0.946611 -0.159887 -0.01883 0.929595 -0.163649 -0.009836971 0.911679 -0.149728 -0.008373975 0.938958 -0.246049 -0.02029395 1.00738 -0.220088 -0.02112996 1.011342 -0.1967599 -0.01883 1.008281 -0.37661 -0.01903897 0.969568 -0.175689 -0.01903897 0.85352 -0.165907 -0.01903897 0.891783 -0.153114 -0.01883 0.861083 -0.229118 -0.01903897 0.860453 -0.331836 -0.01883 0.802384 -0.230623 -0.02092099 0.857122 -0.206166 -0.02050298 0.858382 -0.349144 -0.01903897 0.781407 -0.346134 -0.02050298 0.780417 -0.402196 -0.01883 0.673552 -0.387146 -0.02029395 0.670581 -0.392789 -0.02050298 0.66788 -0.435683 -0.01987498 0.684625 -0.448099 -0.01903897 0.725139 -0.456377 -0.02154797 0.737023 -0.473308 -0.01903897 0.784558 -0.52335 -0.01903897 0.922573 -0.51131 -0.02112996 0.930315 -0.460515 -0.01841199 0.738733 -0.570006 -0.130083 0.956694 -0.580918 -0.132384 0.958405 -0.571511 -0.132175 0.961015 -0.388651 -0.03953295 0.66788 -0.05829697 -0.01067399 0.868375 -0.06168395 -0.007954955 0.869096 -0.55458 -0.130083 0.91438 -0.554203 -0.234018 0.91384 -0.568501 -0.239664 0.951742 -0.552322 -0.2398729 0.907628 -0.554203 -0.08888596 0.9142 -0.55458 -0.04998898 0.91438 -0.06695097 -0.01067399 0.867295 -0.06883299 -0.008373975 0.859282 -0.12038 -0.007954955 0.959395 -0.130915 -0.008373975 0.940669 -0.138064 -0.007954955 0.930946 -0.15951 -0.007954955 0.879539 -0.133172 -0.01067399 0.932656 -0.141826 -0.01067399 0.931666 -0.507924 -0.05145299 0.786179 -0.508676 -0.05040699 0.788879 -0.757006 -0.04998898 0.798423 -0.581294 -0.04998898 0.953363 -0.570759 -0.04894399 0.960025 -0.582046 -0.04747998 0.958135 -1.004959 -0.05019795 0.905737 -0.963194 -0.04873394 0.960205 -1.015494 -0.04706096 0.848119 -1.011355 -0.04810696 0.907178 -0.994047 -0.04706096 0.936437 -0.974858 -0.04496997 0.954533 -1.01587 -0.04517894 0.888002 -0.547431 -0.141794 0.921853 -0.541411 -0.154133 0.919422 -0.531628 -0.147441 0.928965 -0.524855 -0.144722 0.925724 -0.454119 -0.05981796 0.733151 -0.457505 -0.06274598 0.736752 -0.454119 -0.06190896 0.737653 -0.458258 -0.06755596 0.738913 -0.460892 -0.07006496 0.735672 -0.460892 -0.110008 0.735672 -0.458634 -0.110008 0.738373 -0.463526 -0.156642 0.732881 -0.466536 -0.163334 0.733781 -0.463149 -0.02405798 0.734142 -0.43493 -0.06023597 0.685706 -0.392413 -0.06023597 0.66851 -0.137311 -0.161034 0.841276 -0.210305 -0.161034 0.861083 -0.188106 -0.159361 0.853791 -0.239653 -0.060027 0.855681 -0.281794 -0.05730795 0.830653 -0.222721 -0.05835396 0.858742 -0.230247 -0.159152 0.857392 -0.239653 -0.161034 0.855681 -0.01841396 -0.116281 0.802564 -0.174937 -0.120045 0.849469 -0.169669 -0.115027 0.849649 -0.1113499 -0.149114 0.834794 -0.12941 -0.160615 0.840016 -0.124895 -0.151205 0.834344 -0.166283 -0.16417 0.91204 -0.164402 -0.172535 0.888002 -0.1542429 -0.172326 0.936707 -0.174561 -0.161034 0.892683 -0.161015 -0.163543 0.869996 -0.144084 -0.1660529 0.85343 -0.157629 -0.180482 0.876118 -0.13242 -0.180482 0.845508 -0.1455889 -0.161034 0.847939 -0.524479 -0.118582 0.925364 -0.525608 -0.114399 0.925634 -0.498517 0.04411596 0.76097 -0.552322 0.04495298 0.907628 -0.489111 0.04495298 0.733962 -0.547054 -0.03555995 0.921583 -0.540658 -0.02803099 0.919872 -0.332588 -0.060027 0.803914 -0.534262 0.04495298 0.91375 -0.337103 -0.05856299 0.795632 -7.3e-4 -0.101433 0.797252 -0.529747 -0.03242295 0.928875 -0.52636 -0.03179496 0.925454 -0.08802199 -0.154551 0.963446 -0.07409995 -0.148068 0.967408 -0.115112 -0.15225 0.964167 -0.583928 0.046835 0.958405 -0.588443 0.05185395 0.957594 -0.589195 0.05499094 0.956244 -0.584304 0.05499094 0.954083 -0.580918 0.05499094 0.949762 -0.598978 0.05499094 0.960475 -0.144836 -0.01130098 0.855591 -0.132044 -0.158733 0.993066 -0.06770396 -0.180482 0.954533 -0.121508 -0.114817 0.989015 -0.168917 -0.114817 1.000088 -0.182838 -0.121509 1.00567 -0.008254945 -0.110008 0.801033 0.203577 -0.04894399 0.936707 0.347683 -0.04894399 1.007741 -0.133549 -0.110008 0.896284 -0.130539 -0.115027 0.880439 -0.133549 -0.115027 0.911319 -0.118122 -0.109798 0.871526 -0.103448 -0.115027 0.864414 -0.05491095 -0.150368 0.849919 -0.04926699 -0.15706 0.861173 -0.06168395 -0.154133 0.848569 0.419924 -0.103943 1.013232 0.380041 -0.103943 1.013232 0.342416 -0.103943 0.999548 0.45755 -0.103943 0.999548 0.311939 -0.103943 0.97389 0.488027 -0.103943 0.97389 0.291997 -0.103943 0.939318 0.507969 -0.103943 0.939318 0.284848 -0.103943 0.899976 0.515117 -0.103943 0.899976 0.291997 -0.103943 0.860633 0.507969 -0.103943 0.860633 0.311939 -0.103943 0.826061 0.488027 -0.103943 0.826061 0.342416 -0.103943 0.800403 0.45755 -0.103943 0.800403 0.380041 -0.103943 0.786719 0.419924 -0.103943 0.786719 -0.15048 -0.1660529 0.942379 -0.210305 -0.060027 0.861713 -0.1561239 -0.161243 0.94481 -0.188482 -0.05793595 0.85361 -0.537272 0.395025 0.750347 -0.530499 0.387079 0.731711 -0.533509 0.392725 0.739633 -0.1775709 -0.06065398 0.85217 -0.102319 -0.06504595 0.829483 -0.105329 -0.034096 0.828582 0.05608499 -0.03430497 0.780147 0.09446299 -0.1461859 0.768623 0.128702 -0.103943 0.758179 0.147139 -0.09495097 0.753408 0.197933 -0.094114 0.746115 0.276947 -0.05103498 0.746025 0.276947 -0.09306895 0.745845 0.322474 -0.05040699 0.752237 0.329623 -0.09662395 0.754308 0.364239 -0.09641498 0.767813 -0.104953 -0.146395 0.828402 -0.209552 -0.121928 0.859642 -0.232504 -0.121509 0.855951 -0.331836 -0.161034 0.802204 -0.331836 -0.119836 0.802744 -0.346134 -0.159361 0.780327 -0.346134 -0.121509 0.780417 -0.386769 -0.15957 0.671121 -0.387146 -0.1213 0.670581 -0.388274 -0.138657 0.66824 -0.169293 -0.06504595 0.85082 -0.139945 -0.171908 0.890883 -0.139945 -0.171908 0.909159 -0.132044 -0.172326 0.925544 -0.132044 -0.172326 0.874407 -0.117746 -0.172535 0.936978 -0.117746 -0.172326 0.863064 -0.100062 -0.172535 0.941029 -0.100062 -0.172535 0.859012 -0.08237797 -0.172326 0.936978 -0.08237797 -0.172535 0.863064 -0.06808 -0.172326 0.925544 -0.06808 -0.172326 0.874407 -0.06017899 -0.171908 0.909069 -0.06017899 -0.171908 0.890883 -0.07108998 -0.03200495 0.967948 -0.05190098 -0.03200495 0.955884 0.05382698 -0.03200495 0.942019 -0.03685098 -0.03200495 0.938328 0.05232197 -0.03200495 0.784648 0.100483 -0.04266995 0.909429 0.102364 -0.043715 0.770063 0.140366 -0.04957097 0.928695 0.214112 -0.04894399 0.748996 0.475987 -0.04894399 0.805355 -0.02217698 -0.03200495 0.805265 -1.001196 -0.125692 0.797522 -0.999691 -0.125483 0.800493 -0.996681 -0.125064 0.801844 -1.000443 -0.09014099 0.801934 -1.003453 -0.05417197 0.802384 -0.507171 -0.125064 0.784738 -0.996305 -0.127574 0.802924 -0.5083 -0.129456 0.787439 -0.996305 -0.129665 0.805895 -0.507171 -0.05500799 0.784738 -1.001196 -0.131965 0.802654 -0.120003 -0.06483697 0.989465 -0.180581 -0.05939996 1.0054 -0.217078 -0.06023597 1.010982 -0.246049 -0.05856299 1.00738 -0.509429 -0.05835396 0.930856 -0.554203 0.03930699 0.91357 -0.521845 -0.06149095 0.925454 -0.376987 -0.060027 0.970379 -0.169669 -0.06504595 0.998738 -0.127529 -0.02426695 0.977761 -0.507171 -0.2405 0.727029 -0.527113 -0.2359 0.711634 -0.504914 -0.237991 0.722618 -0.492121 -0.240082 0.738013 -0.486853 -0.234227 0.726219 -0.466912 -0.233599 0.733421 -0.50228 -0.2409189 0.763131 -0.516954 -0.24531 0.72838 -0.525232 -0.241337 0.717486 -0.392037 -0.159988 0.66788 -0.436059 -0.161034 0.686156 -0.436811 -0.151414 0.684535 -0.392413 -0.119836 0.66806 -0.43493 -0.122555 0.683995 -0.442079 -0.121928 0.69912 -0.509429 -0.121509 0.930856 -0.518083 -0.158942 0.927345 -0.341995 -0.161034 0.980732 -0.246049 -0.121509 1.00738 -0.220088 -0.1578969 1.011342 -0.217078 -0.120255 1.011162 -0.202027 -0.161034 1.009451 -0.37661 -0.120045 0.970108 -0.08877396 -0.115027 0.978391 -0.105329 -0.114817 0.997657 -0.09855699 -0.116281 1.003419 -0.567372 0.04390698 0.949672 -0.57264 0.04453498 0.961286 -0.04249495 -0.180482 0.923833 -0.03760296 -0.180064 0.900066 -0.04249495 -0.180482 0.876298 -0.05980199 -0.180482 0.85208 -0.07598096 -0.179436 0.842267 -0.100062 -0.180482 0.837855 0.09634399 -0.148068 0.771504 -0.08087295 -0.148277 0.834254 0.01544898 -0.147859 0.858832 -0.09516996 -0.04643398 0.994326 -0.09893298 -0.05082595 1.003509 -0.941371 -0.131547 0.968938 -0.952283 -0.130083 0.960025 -0.971848 -0.132384 0.954263 -0.999691 -0.129456 0.899165 -0.763026 -0.129874 0.980912 -0.752867 -0.130083 0.798332 -1.000067 -0.133429 0.916901 -1.008721 -0.132802 0.884941 -0.985769 -0.135311 0.939318 -0.558718 -0.2327629 0.700471 -0.559847 -0.06567299 0.69867 -0.558342 0.03784298 0.700471 -0.518459 0.04035198 0.714785 -0.486853 0.038679 0.726219 -0.481962 -0.09683299 0.72811 -0.103448 -0.06504595 0.865044 -0.027821 -0.06483697 0.825341 -0.124895 -0.06504595 0.874587 -0.1350539 -0.06504595 0.895654 -0.130162 -0.06504595 0.918522 -0.112102 -0.06504595 0.933016 -0.116241 -0.06504595 0.996847 -0.09742796 -0.06504595 0.990905 -0.07033801 -0.06504595 0.919062 -0.01465195 -0.06504595 0.875578 -0.178699 -0.060027 0.965517 -0.09855699 -0.06379097 1.003149 0.05194598 -0.06504595 0.942379 -0.515825 -0.060027 0.925274 -0.430791 -0.060027 0.686246 -0.450357 -0.06086397 0.734142 -0.527865 -0.06755596 0.928695 -0.475942 -0.08867698 0.785548 -0.527865 -0.110008 0.929325 -0.346134 -0.060027 0.780597 -0.387146 -0.05856299 0.670581 -0.100062 -0.180482 0.962186 -0.132796 -0.180482 0.953813 -0.157629 -0.180482 0.923653 -0.16252 -0.180064 0.899886 -0.135806 -0.162288 0.843437 -0.134301 -0.1660529 0.845508 -0.129786 -0.165216 0.842807 -0.1455889 -0.171908 0.854421 -0.124519 -0.171908 0.840376 -0.110973 -0.153087 0.836415 -0.09516996 -0.153087 0.836325 -0.100062 -0.171908 0.835515 -0.07522898 -0.171908 0.840376 -0.07598096 -0.153087 0.840826 -0.05453497 -0.171908 0.854421 -0.04023694 -0.171908 0.875308 -0.04061299 -0.1578969 0.875578 -0.036475 -0.1578969 0.894844 -0.03534597 -0.171908 0.899976 -0.03948497 -0.154969 0.921943 -0.04550498 -0.1721169 0.936347 -0.05716896 -0.154969 0.949762 -0.07522898 -0.171908 0.959575 -0.100062 -0.171908 0.964527 -0.127152 -0.171908 0.958855 -0.131667 -0.160825 0.962726 -0.349144 -0.161034 0.781407 -0.398057 -0.161034 0.672472 -0.52335 -0.161034 0.922573 -0.09554696 -0.07006496 0.866665 -0.118498 -0.07006496 0.928065 -0.131291 -0.07006496 0.910509 -0.11737 -0.07006496 0.871796 -0.131291 -0.07027399 0.888092 -0.486101 -0.162916 0.726399 -0.48422 -0.159988 0.721808 -0.464278 -0.1578969 0.72901 0.101988 -0.144931 0.768263 -0.485725 -0.01757496 0.726309 -0.116993 -0.121091 0.997297 -0.09968596 -0.137403 1.002879 -0.48422 -0.02008497 0.721808 -0.465031 -0.02175694 0.72865 -0.531628 -0.235272 0.916541 -0.532757 -0.16898 0.919062 -0.1113499 -0.109798 0.931306 -0.1282809 -0.110008 0.917171 -0.07184296 -0.110008 0.88278 -0.08877396 -0.109798 0.868645 -0.118875 -0.115027 0.929505 -0.09667599 -0.115027 0.829213 -0.08087295 -0.115027 0.870536 -0.02518695 -0.115027 0.807606 -0.176066 -0.1196269 0.951923 -0.01954299 -0.114817 0.864234 0.06737196 -0.110008 0.937068 0.06022298 -0.113981 0.940669 -0.207671 -0.120045 0.861803 -0.239653 -0.120045 0.855681 -0.349144 -0.120045 0.781407 -0.09215998 -0.132802 0.986584 -0.432673 -0.03953295 0.683185 -0.03007799 -0.148068 0.887101 0.09483897 -0.148068 0.931756 -0.527113 -0.457152 0.738553 -0.512815 -0.44565 0.739003 0.380041 -0.09704196 0.785548 0.342039 -0.09662395 0.799053 0.31081 -0.09662395 0.825161 0.255877 -0.09641498 0.747376 0.290869 -0.09683299 0.860003 0.279957 -0.09641498 0.899976 0.284472 -0.09892398 0.900066 0.290492 -0.09662395 0.939588 0.252867 -0.09641498 0.956064 0.31081 -0.09683299 0.97461 0.342416 -0.098715 0.999818 0.385685 -0.09683299 1.015843 0.419924 -0.098715 1.013593 0.45755 -0.09787797 1.000898 0.488403 -0.09787797 0.97542 0.508721 -0.09787797 0.940759 0.515494 -0.09829699 0.900696 0.508345 -0.09892398 0.860633 0.489156 -0.09850597 0.826422 0.457926 -0.09850597 0.800133 0.420301 -0.098715 0.786449 0.150901 -0.09641498 0.755749 0.152782 -0.09662395 0.903667 0.13999 -0.09850597 0.75863 0.1369799 -0.09996998 0.928965 0.115157 -0.125274 0.874497 0.130583 -0.1043609 0.76151 -0.865744 -0.135102 0.997117 -0.705082 -0.141167 0.97569 -0.15951 -0.01401996 0.876568 -0.565867 0.04599797 0.702991 -0.453743 -0.120045 0.732971 -0.03685098 -0.148068 0.935177 -0.527865 0.376413 0.724328 -0.515825 0.38666 0.739993 -0.516954 0.364912 0.72829 -0.510181 0.364912 0.737743 -0.516954 0.05499094 0.72829 -0.510181 0.05499094 0.737743 -0.507548 0.364912 0.749086 -0.51131 0.376413 0.75989 -0.521845 0.390843 0.755839 -0.577155 0.376413 0.940219 -0.583175 0.386242 0.938058 -0.594087 0.393143 0.937608 -0.580918 0.37725 0.706052 -0.527113 0.364912 0.722168 -0.527113 0.05499094 0.722168 -0.518083 0.04808998 0.723608 -0.503409 0.04620796 0.746386 -0.507548 0.05499094 0.749086 -0.509053 0.364912 0.76061 -0.574897 0.364912 0.941029 -0.584304 0.364912 0.954083 -0.586938 0.381851 0.950842 -0.600107 0.386242 0.951742 -0.731796 0.390843 0.966237 -0.603117 0.395025 0.930766 -0.648267 0.395025 0.748186 -0.581294 0.38687 0.713255 -0.71938 0.381432 0.738913 -0.588066 0.364912 0.705152 -0.575274 0.365121 0.704612 -0.575274 0.05499094 0.704702 -0.509053 0.05499094 0.76061 -0.574897 0.05499094 0.941029 -0.598978 0.364912 0.960475 -0.598978 0.376413 0.958225 -0.858595 0.376413 0.994686 -0.859724 0.386242 0.988294 -0.868754 0.390006 0.984063 -0.86311 0.395025 0.967047 -0.741955 0.395025 0.76097 -0.687398 0.392098 0.745755 -0.579036 0.392725 0.723158 -0.738193 0.392725 0.750167 -0.733678 0.381432 0.737113 -0.723519 0.364912 0.734502 -0.714865 0.364912 0.733871 -0.588066 0.05499094 0.705152 -0.507171 0.049344 0.76142 -0.573016 0.04997199 0.941749 -0.576779 0.04662597 0.951832 -0.567749 0.045789 0.94355 -0.50228 0.04599797 0.763131 -0.861981 0.365121 0.997477 -0.873645 0.365121 0.995227 -0.890953 0.375368 0.986404 -0.89923 0.39147 0.963446 -0.908637 0.39628 0.892413 -0.897725 0.395025 0.704342 -0.897349 0.392516 0.689037 -0.887943 0.375577 0.678143 -0.731796 0.364912 0.732791 -0.731796 -0.429966 0.732791 -0.723519 -0.429966 0.734502 -0.714865 -0.429966 0.733871 -0.588066 -0.429966 0.705152 -0.588066 -0.249911 0.705152 -0.570006 -0.24301 0.703352 -0.577908 -0.286717 0.704072 -0.573016 -0.437495 0.705782 -0.527113 -0.436658 0.722078 -0.527113 -0.247402 0.722168 -0.516954 -0.429966 0.72829 -0.507548 -0.429966 0.749086 -0.509053 -0.249911 0.76061 -0.507171 -0.244265 0.76142 -0.509053 -0.429966 0.76061 -0.574897 -0.249911 0.941029 -0.573016 -0.244892 0.941749 -0.567749 -0.2409189 0.94355 -0.580918 -0.249911 0.949762 -0.584304 -0.249911 0.954083 -0.574897 -0.429966 0.941029 -0.584304 -0.429966 0.954083 -0.598978 -0.249911 0.960475 -0.598978 -0.340043 0.960475 -0.861981 -0.374339 0.997477 -0.586185 -0.239246 0.958675 -0.589195 -0.249911 0.956244 -0.88117 -0.34548 0.992436 -0.918796 -0.239037 0.978751 -0.942124 -0.135102 0.970198 -0.936104 -0.285671 0.967317 -0.972224 -0.241128 0.936257 -0.984264 -0.247192 0.905737 -1.007216 -0.136148 0.85064 -0.971848 -0.230463 0.702721 -0.992542 -0.115863 0.706052 -0.999315 -9e-6 0.707133 -1.015117 0.06523799 0.861803 -1.013236 0.066702 0.895024 -1.00082 0.06502896 0.925904 -0.978997 0.06293696 0.950842 -0.951154 -0.04496997 0.966957 -0.892082 -0.04538798 0.988654 -0.950025 0.06063699 0.967227 -0.936856 0.165199 0.972089 -0.911271 0.26746 0.981452 -0.938737 0.277916 0.965607 -0.918796 0.376622 0.962906 -0.926321 0.39147 0.924914 -0.928202 0.392934 0.889532 -0.910518 0.392516 0.703171 -0.902617 0.378714 0.676523 -0.887567 0.364912 0.676163 -0.89622 0.340026 0.672922 -0.889448 -0.3551 0.675352 -0.859347 -0.43624 0.686516 -0.732549 -0.441468 0.734952 -0.719756 -0.441259 0.736933 -0.587314 -0.441468 0.707403 -0.57866 -0.456107 0.717486 -0.51131 -0.441468 0.75989 -0.577155 -0.441468 0.940219 -0.591076 -0.449415 0.952463 -0.598978 -0.441468 0.958225 -0.598978 -0.429966 0.960475 -0.850317 -0.429966 0.995857 -0.861981 -0.432685 0.994956 -0.874774 -0.396506 0.993516 -0.87214 -0.434776 0.989825 -0.896597 -0.442305 0.963626 -0.937609 -0.348199 0.948951 -0.94852 -0.356773 0.918702 -0.989156 -0.232972 0.871256 -0.972977 -0.294245 0.877108 -0.937232 -0.34318 0.693808 -0.93347 -0.340671 0.683995 -0.968085 -0.230044 0.690838 -0.988779 -0.115863 0.694439 -0.995552 -9e-6 0.695699 -0.992542 0.115846 0.706052 -1.001196 0.177328 0.866845 -0.998562 0.1819289 0.900336 -0.986522 0.177537 0.931036 -0.965075 0.171682 0.955884 -0.959055 0.287118 0.941119 -0.933094 0.377668 0.940219 -0.941371 0.378295 0.91474 -0.939866 0.38206 0.888272 -0.929707 0.378714 0.745935 -0.918796 0.379759 0.686966 -0.919925 0.340235 0.671481 -0.906756 0.332916 0.670131 -0.906756 -0.332933 0.670131 -0.912399 -0.337534 0.670851 -0.873645 -0.437076 0.684986 -0.873645 -0.456734 0.696239 -0.730291 -0.454852 0.746476 -0.681002 -0.455479 0.738913 -0.581294 -0.46008 0.734412 -0.583175 -0.451297 0.938058 -0.728034 -0.457571 0.963716 -0.854832 -0.44565 0.992796 -0.86612 -0.454015 0.982082 -0.891329 -0.45778 0.94301 -0.909766 -0.44586 0.928605 -0.947391 -0.365974 0.886471 -0.91842 -0.393788 0.704252 -0.896597 -0.443141 0.712174 -0.890577 -0.44335 0.696689 -0.929331 -0.342344 0.680394 -0.926697 -0.337534 0.676073 -0.959432 -0.227744 0.681294 -0.980126 -0.114608 0.684896 -0.986898 -9e-6 0.686066 -0.988779 0.115846 0.694439 -0.971848 0.230445 0.702721 -0.978621 0.275407 0.875127 -0.970719 0.297992 0.878008 -0.970719 0.294228 0.910599 -0.943253 0.376622 0.888002 -0.934975 0.351319 0.69822 -0.935727 0.34149 0.687056 -0.968085 0.230027 0.690838 -0.959432 0.2277269 0.681294 -0.926697 0.337516 0.676073 -0.961313 0.1401039 0.678413 -0.914281 0.332916 0.670491 -0.914281 -0.332933 0.670491 -0.922558 -0.340671 0.674182 -0.872893 -0.459871 0.714245 -0.721261 -0.459871 0.763311 -0.854456 -0.46008 0.966147 -0.603117 -0.46008 0.930766 -0.594087 -0.457989 0.937518 -0.880418 -0.46008 0.931126 -0.900359 -0.455898 0.900156 -0.910894 -0.445441 0.899255 -0.904874 -0.443559 0.807516 -0.884556 -0.455479 0.713255 -0.890577 -0.449833 0.712715 -0.87816 -0.46008 0.810036 -0.886061 -0.46008 0.901416 -0.958679 -0.167935 0.677783 -0.980126 0.114591 0.684896</float_array>
          <technique_common>
            <accessor source="#polygons_003-mesh-positions-array" count="856" stride="3">
              <param name="X" type="float"/>
              <param name="Y" type="float"/>
              <param name="Z" type="float"/>
            </accessor>
          </technique_common>
        </source>
        <source id="polygons_003-mesh-normals">
          <float_array id="polygons_003-mesh-normals-array" count="7149">-0.009444832 0.9999213 0.008271038 -0.01499342 0.9998806 -0.003754854 -0.005539238 0.9999846 -4.91336e-4 -0.01179492 0.9999249 -0.003333508 -0.01688349 0.9998308 -0.007312119 -0.02411389 0.9996797 -0.007686018 -0.007746458 0.9999551 -0.005482852 -8.328e-4 0.9999912 -0.004102826 0 1 0 -8.14893e-4 0.9999913 -0.004090189 -7.78037e-4 0.9999912 -0.004122257 0.004979908 0.9999566 -0.007887959 0.01241582 0.9998393 -0.01294267 0.01861488 0.9997 -0.01592218 0.02494001 0.9996188 -0.01183807 0.02036362 0.9997767 -0.005652964 0.0310288 0.9995184 -4.80612e-4 0.01100808 0.9999393 -4.6591e-4 0.01760739 0.9998189 0.007218301 0.02575683 0.999639 0.007662236 0.00759536 0.9999564 0.005425989 8.15284e-4 0.9999913 0.004091084 7.81811e-4 0.9999916 0.00404787 7.97123e-4 0.9999914 0.004085183 0 1 -2.17787e-6 -0.005050182 0.9999551 0.008028507 -0.01085633 0.9998666 0.0122106 -0.02084052 0.9996375 0.01705026 -0.01191461 0.999926 -0.002442538 0.1706209 0.4746912 0.8634563 0.9105467 0.3855326 0.1492294 0.719281 -0.2671151 -0.6413145 0.5493073 -0.6952249 0.4635989 -0.5822352 -0.4126701 0.7005038 -0.7115612 -0.3165987 0.6272528 -0.6163714 -0.170116 0.7688608 0.7502099 0.6068856 -0.2624406 0.9472219 0.3127447 -0.07043725 0.890164 0.2267976 -0.3951847 -0.2928228 -0.9534494 -0.07203584 -0.01818495 0.9651004 -0.261248 2.43057e-5 0.9140832 -0.4055269 -0.1497675 0.4516199 0.8795506 0.1976819 0.3660659 0.9093502 -0.273609 0.1700031 0.946698 -0.5020217 0.8602169 -0.08944976 0.2474302 0.1815227 0.9517499 0.300834 0.5758506 0.7601941 0.2593265 0.4656829 0.8461024 0.1977468 0.3659582 0.9093794 0.1880509 0.2415202 0.9520005 -0.08041101 0.1789727 0.9805626 0.3680573 0.4004902 0.8391315 0.2536768 0.5537765 0.7930823 0.2872377 0.869454 0.4019258 0.3290286 -0.7914871 0.5150615 0.1031813 -0.7971838 0.5948544 0.09143507 -0.9427164 0.32082 0.3559547 -0.0214377 -0.9342573 0.3009468 0.5758268 0.7601675 0.2797064 0.09848439 0.955021 0.3193336 0.3010818 0.898541 0.6681942 0.674242 0.3145064 0.6384891 0.7196932 0.272715 0.311809 0.9474439 0.07159179 -0.07288545 -0.7244616 0.6854511 -0.07288539 -0.7244616 0.6854511 -0.07288539 -0.7244616 0.685451 0 -1 0 -0.1202747 0.07294601 -0.990057 -0.1203128 0.07291406 -0.9900549 -0.1202754 0.07294541 -0.9900571 0.9752058 -0.1591438 0.1537752 0.9892846 -0.1322327 0.06189149 0.9748991 -0.03933119 -0.2191462 -0.4673401 0.545385 0.6958077 -0.08239215 0.5582602 0.8255649 -0.5583135 0.3118132 0.7688035 -0.4673384 0.5452905 0.6958831 -0.3025143 0.2082479 0.9301173 -0.6064404 0.2887899 0.7408309 -0.5087285 0.006670951 0.8609012 -0.6839732 0.2396027 0.6890364 -0.6810744 -0.2508826 0.6878922 -0.6398705 -0.3243446 0.6966825 -0.1778741 -0.1493172 0.9726589 0.07692146 0.001923739 0.9970353 -0.2295375 0.1260726 0.9651002 0.1279475 0.04521489 0.9907498 0.02820515 0.4256159 0.9044643 0.1316985 0.1128896 0.9848409 0.1317087 0.1129056 0.9848377 -0.0526992 0.4562962 0.8882661 0.1451727 0.238346 0.9602688 0.1738884 0.3561367 0.918112 0.1445399 0.6666505 0.7312218 0.2170723 0.3062454 0.9268729 0.3195008 0.4657926 0.8252009 0.2438527 0.2054458 0.9478017 0.2671632 -0.0869823 0.9597176 0.2471833 0.002410173 0.9689658 0.260307 -0.2055711 0.9433879 0.2418099 0 0.9703238 0.2670966 -0.08697831 0.9597366 0.1789218 -0.05288285 0.9824411 0.221243 -0.1069377 0.9693378 -0.02301388 0.05944871 0.9979661 -0.02311873 0.05947166 0.9979623 0.06447756 0.003324508 0.9979137 -0.05614328 0.004762172 0.9984115 -0.2112343 -0.01041418 0.97738 -0.2738579 0.2840876 0.9188559 -0.3141111 0.1702582 0.9339948 -0.2114127 -0.01042854 0.9773412 -0.4246494 -0.00413376 0.9053484 -0.2739505 0.2841038 0.9188233 -0.4246581 -0.004129886 0.9053445 -0.4462686 0.003720581 0.8948914 -0.4476701 0.006357491 0.8941762 -0.419581 0.06593596 0.9053201 -0.3285009 0.04246592 0.9435486 -0.3695119 -3.48286e-4 0.9292261 -0.3616538 0.001469373 0.9323114 -0.356839 0.001597583 0.9341647 -0.3496992 0.00468868 0.9368503 -0.1621888 0.1127515 0.9802969 -0.04517835 0.09088611 0.9948361 0.1428693 0.06246823 0.9877683 0.1636837 0.007412493 0.9864851 0.3461588 -0.02403122 0.9378681 0.2370578 -0.04755479 0.970331 0.5111209 0.004670381 0.8594963 0.6758567 -0.01424765 0.7368953 0.7933588 0.006643593 0.608718 0.8877548 -0.009084045 0.4602272 0.9230667 0.008310198 0.3845502 0.991776 -0.007264018 0.12778 0.9999953 0.002861976 -0.001128494 0.9754741 -0.007226347 -0.2199955 0.9387531 0.003956198 -0.3445679 0.8383025 -0.002561748 -0.5451996 0.7661142 0.001362621 -0.6427029 0.6047687 -0.003598928 -0.7963931 0.5066753 -5.45356e-5 -0.8621371 0.3524192 7.36343e-4 -0.935842 0.2971072 0.001440882 -0.9548431 -0.1045626 0.005978226 -0.9945003 -0.1430594 1.31072e-6 -0.9897142 -0.439077 0.009370386 -0.8984006 0.8512187 0.009983897 0.5247163 0.1789097 -0.05294936 0.9824397 -0.009438931 -0.06847476 0.9976083 0.2266532 -0.05336391 0.9725126 0.130829 -0.03476691 0.9907952 0.2295085 0.02240949 0.9730487 0.05847281 -0.21363 0.9751632 -0.06223636 -0.4536833 0.8889871 0.1670095 -0.2728196 0.9474584 0.2295097 0.0224123 0.9730483 0.238288 -0.1332257 0.9620135 0.2459259 -0.01814621 0.9691188 0.1533616 0.262534 0.9526574 0.2405591 -0.05461013 0.969097 0.2033073 -0.4113438 0.888517 -0.1957987 -0.4925338 0.847982 -0.639928 -0.3244635 0.6965742 -0.5432631 -0.715992 0.4384298 -0.6360315 -0.5603514 0.5305378 -0.8084744 -0.3254671 0.4903475 -0.6399046 -0.3244981 0.6965796 -0.5358642 -0.5798454 0.613701 -0.6449257 -0.6936514 0.3208094 -0.606451 0.2888584 0.7407956 -0.8207151 0.3570361 0.4460404 -0.5421084 0.7593041 0.3599668 -0.561931 0.7173534 0.4118711 -0.06224632 -0.4537386 0.8889582 -0.1688761 -0.7578437 0.6302014 -0.4624456 -0.5851661 0.6661266 -0.145681 -0.5773431 0.8034003 -0.01752328 -0.3738783 0.9273123 0.07356548 -0.1968625 0.9776673 -0.04774475 -0.9726949 -0.2271236 -0.8316048 0.4692949 -0.2969779 -0.1426944 -0.5569162 0.8182193 -0.08767956 -0.852306 0.5156424 -0.006595611 -0.5170145 0.8559513 0.4268394 -0.901729 -0.06850671 0.8165874 -0.5633134 0.1259497 0.7797757 -0.5626836 0.274476 -0.2059955 0.01520919 -0.9784348 0.5741537 -0.4336073 0.6945015 0.2671145 -0.08700823 0.9597289 0.7170156 -0.563899 0.4097641 -0.4441149 -0.09136122 -0.8912997 -0.9182742 -0.1026024 -0.3824203 -0.8224458 -0.5201289 -0.2303237 -0.06888663 0.009069085 -0.9975833 -0.9275587 0.02299416 -0.3729695 -0.7412773 -0.0557956 -0.6688758 -0.9133116 -0.09188169 -0.3967616 0.5560158 -0.4643788 -0.6893466 -0.7321976 -0.1681835 0.6600008 -0.8602375 0.4908849 -0.1379261 -0.8603995 0.4905925 -0.1379558 0.1541925 0.9846294 0.08203399 0.5812528 0.7856104 0.2120414 0.7290781 0.6309545 0.2652199 -0.3159023 -0.8765197 0.3632068 -0.3325532 -0.6647473 0.668969 0.8117344 -0.4900091 0.3177707 0.7343156 -0.6664954 0.1287036 0.7854984 -0.6142923 0.07508277 0.7160579 -0.6501549 0.2540863 0.4659604 -0.8440967 0.2652955 0.7162526 -0.6885038 0.1137747 0.7342241 -0.6666002 0.128683 -0.1608906 0.4851692 -0.8594912 0.8246109 0.4795866 0.300023 0.8246109 0.4795866 0.3000229 0.8246759 0.4794604 0.300046 -0.5732828 -0.6578379 -0.488463 0.2602893 -0.2057594 0.9433518 0.3379647 -0.4064717 0.8488585 0.2687063 -0.1541069 0.9508144 -0.3226918 -0.07284533 0.9436967 -0.2509888 -0.03482079 0.9673636 -0.4461223 -0.1380527 0.8842604 -0.5498797 -0.06877642 -0.8324074 -0.6678664 -0.03931939 -0.743242 -0.3810072 -0.1889689 -0.9050549 0.4918119 -0.2429403 0.8361226 0.3380165 -0.4063352 0.8489032 0.2545037 -0.359353 0.897827 0.2671331 -0.08710342 0.959715 0.8073969 0.3041567 -0.5055682 0.9638972 -0.2444003 0.1056916 0.4943274 -0.4964089 0.7135956 0.09972375 -0.6520037 0.7516291 0.5992782 -0.6287094 0.4955707 0.522046 0.4699573 -0.7117641 0.4184062 0.5083739 -0.7526568 0.2625271 0.4787384 -0.8377882 0.1623152 0.3795426 -0.9108245 0.1301259 0.3280693 -0.9356483 0.2623969 0.4786839 -0.8378602 -0.06382656 0.6025062 -0.795558 -0.1403957 0.4978506 -0.8558235 0.02337831 0.5853954 -0.8104109 0.02349174 0.5854935 -0.8103367 -4.7937e-4 0.7748802 -0.632108 0.1050662 0.8089069 -0.5784728 -7.58678e-4 0.565294 -0.8248891 0.08732342 0.3577076 -0.9297419 0.1301408 0.3280624 -0.9356487 0.02338391 0.5853977 -0.810409 -0.2884676 0.2773112 -0.9164524 0.5706479 0.2735213 -0.7743043 0.7723121 0.2194874 -0.5961202 0.6706301 0.008298099 -0.7417455 0.1302944 0.3280211 -0.9356418 0.6705745 0.00829035 -0.741796 0.1613823 0.2993982 -0.9403811 0.2922009 0.1702121 -0.941088 0.2920626 0.1702975 -0.9411154 0.1301967 0.3280195 -0.935656 -0.1620901 0.1490533 -0.9754537 -0.1621824 0.1489247 -0.9754581 0.05460506 0.260061 -0.964047 -0.4061774 0.09402918 -0.9089436 0.8848893 0.1516345 -0.4404293 0.8832445 0.02932178 -0.4679953 0.6706928 0.008247137 -0.7416894 0.7999778 -0.1474252 -0.5816369 0.9270287 0.2197725 -0.3038389 0.9792041 0.2025458 -0.01160591 0.9832761 0.1810717 -0.01952511 0.9932333 0.1112375 -0.03337663 0.99476 0.08567357 0.05579066 0.9270495 0.06436759 0.3693727 0.9832541 0.1812003 -0.01943367 0.9270092 0.06453657 0.3694443 0.9088094 0.3650196 0.2020547 0.847286 0.1543319 0.5082207 0.7239546 -0.0193426 0.6895763 0.8628885 0.1168997 0.491689 0.979193 0.202606 -0.01148951 0.6774389 0.1690695 0.7158857 0.4671808 0.0935738 0.8791963 0.483298 0.1837704 0.8559507 0.0978651 0.1147705 0.9885597 0.3846425 0.2048866 0.9000399 0.1374601 0.2666783 0.9539326 -0.1004097 0.3314211 0.9381247 -0.2270215 0.3381672 0.913293 -0.1452602 0.3985921 0.9055517 -0.395442 0.453384 0.7987921 0.1233917 0.4102862 0.9035706 0.1134312 0.5653352 0.8170248 0.1236005 0.4102628 0.9035527 0.5702458 0.329425 0.7525284 0.4540277 0.6925781 0.5605306 0.6774805 0.1690945 0.7158403 0.5703884 0.3294855 0.7523939 0.8351982 0.4570631 0.305839 0.8614904 0.3986839 0.3144608 0.7855404 0.5387323 0.3044567 0.9627068 0.2623798 -0.06597554 0.888978 0.3004945 -0.345574 0.8920686 0.3290163 0.3097774 0.95587 0.2514122 0.1520019 0.9753057 0.1927731 0.1077833 0.9601147 0.2627182 -0.09570288 0.9558319 0.2515532 0.1520082 0.9921702 0.1066512 -0.0649929 0.9703087 0.2409161 0.02145779 0.8812171 0.4582688 0.1159586 0.7719857 0.5654961 0.2902625 0.8746408 0.2716219 0.4015282 0.9558551 0.251397 0.1521211 0.8966485 0.1388843 0.420396 0.958331 0.1817653 0.2203707 0.8630292 0.2409738 0.4439733 0.765283 0.0248993 0.6432123 0.8632168 0.4542174 0.2203261 0.8630111 0.2410919 0.4439443 0.4402952 0.8852934 0.1496527 0.2180804 -0.9658125 -0.1401689 0.2408513 -0.9704608 -0.01401507 0.3692843 -0.9044712 0.2134507 -0.4463785 -0.8946895 -0.01664316 -0.2588812 -0.9563593 0.1354899 -0.258904 -0.9563483 0.1355241 -0.6747208 0.3166406 0.6667013 -0.8697734 0.2182915 0.4425417 -0.4902667 0.2744822 0.827223 -0.8697857 0.2184054 0.4424612 -0.5690969 0.4440849 0.6920387 -0.9163047 0.3693067 0.1549139 -0.7005627 -0.5978662 0.389574 -0.8850744 -0.3660645 0.2874721 -0.03365135 0.9583141 0.283728 -0.03460341 0.9076633 0.4182701 -0.003431856 0.9957416 0.09212499 -0.0194683 0.9978907 0.06192904 -0.02869385 0.9944322 -0.1013966 -0.005181729 0.9999863 -8.07511e-4 -0.01289868 0.9998986 -0.006044685 0.2213599 0.9625332 0.1566193 0.3506231 0.9340876 0.06740766 -0.01612544 0.99966 0.02049165 -0.02212327 0.9990165 0.03842848 0.08885425 0.9555104 -0.2812559 0.1722925 0.9586734 -0.2264081 0.2788637 0.8729935 -0.4001469 0.08888614 0.9554595 -0.2814186 0.1704347 0.8229394 -0.541962 -0.06343555 0.8228025 -0.5647762 0.1828729 0.9755332 -0.1220356 0.2742645 0.9462546 -0.1714106 0.03909152 0.9872888 -0.1540545 0.07394003 0.9907703 -0.1136096 -0.08482843 0.9087061 -0.4087267 -0.2693834 0.9211106 -0.281048 -0.2393606 0.966217 -0.0955578 -0.5496804 0.807958 -0.2122622 -0.2089446 0.973905 -0.08860778 0.04671549 0.9989079 -8.30232e-4 0.06907665 0.9898595 0.1241236 0.004940867 0.9672927 0.2536145 0.4401538 0.8853721 0.149603 0.5105777 0.8567507 0.07272303 0.2101609 0.975513 0.06486028 0.6304209 0.7671469 0.118555 0.7855425 0.6085298 -0.1123151 0.5105802 0.8567583 0.07261621 0.8711622 0.4765012 -0.1184191 0.8228368 0.5657075 0.05398952 0.700905 0.7049139 0.1087592 -0.0866968 0.879873 0.4672338 -0.2416791 0.4042507 0.882141 -0.3544577 0.7733089 0.5256931 -0.04387813 0.9899984 0.1340823 -0.01564133 0.8157411 0.5782056 -0.1298423 0.9096149 0.3946414 0.4398953 -0.006061315 -0.8980286 0.1819412 0.03958892 -0.9825122 0.7896252 0.03279006 -0.6127128 -0.521702 -0.4592212 -0.7189874 0.7734056 0.008305728 0.6338571 0.9390468 0.03149634 0.3423438 0.9397429 0.01161664 0.3416848 0.8948822 -0.03172814 0.4451734 0.9390759 -0.04508483 0.34074 0.9365791 -0.07779794 0.341712 0.9368334 -0.06388157 0.3438931 0.5183812 -9.94777e-4 0.8551491 0.7434448 -4.95345e-4 0.6687972 0.1142799 0.3851761 -0.9157399 -0.0313273 0.9605817 0.2762272 -0.03372782 0.9621915 0.2702776 -0.009282529 0.9975484 0.06936186 0.01536935 0.9998774 0.003000676 0.06864899 0.9894152 -0.1278467 0.04089963 0.9990921 -0.01193004 0.0222308 0.9997115 0.009102106 0.01167136 0.9998643 0.0116313 -0.011873 0.9998721 -0.01071828 -0.05348318 0.9983882 0.01899319 -0.02251845 0.9997128 -0.008211612 -0.08771824 0.9863482 0.1393654 -0.02604079 0.9994083 0.02247631 0.009257793 0.9999558 0.001700103 -0.004711389 0.999989 -4.47379e-5 0.03002375 0.9990257 -0.03234755 -0.02388185 0.9992257 -0.03126686 -0.06544703 0.9976972 0.01780486 -0.1727877 0.9843233 0.0353868 -0.1266154 0.922066 0.3657361 -0.02388501 0.9992263 -0.03124755 0.02828502 0.960641 -0.2763492 0.03088921 0.9623476 -0.2700612 0.07816332 0.9880251 -0.13303 -0.008889615 0.9999591 -0.001696348 0.005525946 0.9999848 4.21964e-5 -0.03290116 0.9993823 0.01235514 -0.009278774 0.9975475 0.06937634 -0.0416913 0.9991306 0 0.1206883 -0.8856034 0.4484875 0.01276421 -0.9311918 0.3643063 0.009346365 -0.9744914 0.2242304 -6.61117e-4 -0.7440905 0.6680786 0.009326219 -0.9745329 0.2240512 -0.06101727 -0.9754771 0.2114744 0.001745998 -0.9983894 0.0567072 -0.008306443 -0.9862818 0.1648613 0.03975147 -0.9988383 0.02723997 -0.06069999 -0.9669235 0.2477391 0.008105337 -0.8388097 0.5443645 -0.05625402 -0.8961175 0.4402374 0.01289647 -0.9709882 0.2387793 -0.03202545 -0.9261062 0.3759015 0.03150451 -0.9780788 0.2058383 0.01290911 -0.9710183 0.2386566 -0.1533569 -0.9864121 0.0589317 -0.1063984 -0.9884247 0.1081484 -0.140008 -0.9800436 0.1411108 -0.1534891 -0.9863885 0.05898308 -0.4152625 -0.9096981 -0.002540349 -0.4107989 -0.9084627 0.07707065 -0.3260307 -0.8857257 0.3304452 -0.2509037 -0.9239794 0.2886338 -0.6470422 -0.5072393 0.5692492 -0.383851 -0.5756998 0.7219614 -0.5527996 -0.1900602 0.8113506 -0.632056 -0.7743191 0.03058099 -0.4229735 -0.9051013 -0.04341703 -0.6760238 -0.1895325 -0.7120879 -0.5776182 -0.004352986 -0.8162955 0.4366591 -0.8831014 0.1716416 -0.5467659 -0.7512713 0.3696467 0.5211128 -0.7800753 -0.3463004 -0.1047833 0.3875043 0.9158934 -0.426633 -0.4624756 -0.7772392 -0.4371176 -0.7349489 -0.5184385 -0.05259776 -0.4819682 -0.8746086 0.3252792 -0.4932664 -0.8067724 0.3406821 -0.6774148 -0.6519548 0.7150318 -0.1984923 -0.6703211 0.5395907 -0.5848588 -0.6056253 0.8054496 -0.2921605 -0.5156483 0.6988794 -0.06862825 -0.7119395 0.6417295 -0.05802619 -0.7647328 0.7150669 -0.1984301 -0.6703022 0.683436 0.06581687 -0.7270375 0.7527431 0.1936143 -0.629199 0.4167152 0.4070966 -0.812786 0.729906 -0.06525975 -0.6804252 0.5218516 -0.2239555 -0.823113 0.5651609 0.1964156 -0.8012579 0.6307396 -0.07855993 -0.7720077 0.521781 -0.2240698 -0.8231266 0.3909941 -0.5195301 -0.7597449 0.7863187 0.06544107 -0.6143456 -0.8686282 -0.3812313 -0.3164615 -0.927576 0.02296346 -0.3729285 -0.8885854 -0.2583028 -0.3790723 -0.559405 -0.7029327 -0.4392628 -0.8604081 -0.3675239 -0.3530218 -0.6503841 -0.545013 -0.5291138 -0.6504594 -0.5449135 -0.5291237 -0.8885317 -0.2584134 -0.3791227 -0.8102459 -0.2060949 -0.5486588 -0.6503438 -0.5449855 -0.5291917 -0.4806032 -0.1776171 -0.8587625 -0.2577203 -0.1813005 -0.9490576 0.5004803 -0.5065268 0.7021042 -0.1901172 -0.8592819 -0.4748579 -0.02392625 -0.5982378 -0.8009614 -0.2090047 -0.3513494 -0.9126175 0.1641865 -0.9338912 -0.3176317 0.2784795 -0.8185678 -0.5023906 0.05784195 -0.9312242 -0.3598277 0.1873593 0.01597994 -0.9821615 -0.0162124 -0.3229172 -0.9462884 0.1810152 -0.01061671 -0.983423 -0.04296958 -0.9801866 -0.1933597 0.1116235 -0.9186951 -0.3788662 -0.1275453 -0.8089573 -0.5738645 -0.319597 0.147762 -0.9359617 -0.2882987 0.2425442 -0.9263132 -0.2786396 0.3249426 -0.9037545 0.05561262 -0.6938447 -0.7179741 -0.1478415 -0.4994426 -0.8536393 -0.1539753 -0.3688285 -0.9166554 -0.6486613 -0.7404184 0.1761226 -0.6909195 -0.7061241 -0.1549808 -0.7216751 -0.5004122 0.4783018 -0.2269948 -0.1940393 -0.95437 -0.2023692 -0.2063148 -0.9573301 -0.2255898 -0.4875825 -0.8434292 -0.05311846 -0.9985408 -0.00973612 -0.3324763 -0.902513 -0.2737334 -0.5478484 -0.8272278 0.1247252 -0.1481912 0.7031047 -0.6954733 -0.1232665 0.4297897 -0.8944754 -0.9712572 -0.06014436 0.2303089 -0.8813055 0.08230018 -0.4653252 -0.9418005 0.1366401 -0.3071504 -0.6033456 -0.519688 -0.6048954 -0.6908329 -0.7061745 -0.1551374 -0.432299 -0.8188684 -0.3775875 -0.8772035 -0.1025614 -0.4690364 -0.794689 -0.1508675 -0.5879697 -0.5024325 -0.3106644 -0.8068763 -0.7839464 0.357436 -0.5076099 -0.8812567 0.08238166 -0.4654029 0.2460205 0.006019413 0.969246 0.2328062 6.25513e-5 0.9725232 0.7290778 0.630952 0.2652266 0.8734976 0.3738917 0.3117805 0.1873733 0.9811553 0.0471763 -0.8483225 -0.4301261 -0.3087726 -0.5775465 -0.004196643 -0.8163471 -0.4471909 0.1811824 -0.8758957 -0.4471909 0.1811824 -0.8758957 0.2859355 -0.5822802 -0.7610458 0.5584322 -0.5890687 -0.5840819 0.4344967 -0.4324379 -0.7900698 -0.8438982 -0.436079 -0.3125237 0.1937653 -0.9425179 -0.2722407 0.2785403 -0.818571 -0.5023514 0.1380118 -0.9630722 -0.2311813 -0.9888822 0.007149398 0.1485295 -0.8521793 -0.01569086 0.5230146 0.1304751 0.9441782 0.302496 0.1841972 -0.2735332 0.944061 0.2473357 -0.7036831 0.6660745 0.06976848 -0.5164065 0.8534967 -0.3388345 -0.4392896 -0.8319951 -0.3392179 -0.4394481 -0.8317551 -0.3391029 -0.4394006 -0.8318272 -0.5363979 0.1035249 -0.8375918 -0.1622444 0.1490914 -0.9754223 -0.3797995 0.1990795 -0.9033935 0.5166578 0.115463 0.8483709 0.3589411 0.4437348 0.8211339 0.494198 0.4989269 0.7119272 0.6148757 -0.08596026 0.7839252 0.743343 -0.3288595 0.5824884 0.3589573 0.4437213 0.8211341 0.265584 0.115944 0.9570906 0.3176082 0.2792446 0.9061719 -0.1246967 0.9401988 0.3169812 -0.002115726 0.9828747 0.1842634 -0.08775746 0.9863201 0.13954 0.3381201 -0.4064282 0.8488175 0.3065463 -0.3391194 0.8893972 0.4729629 -0.3804126 0.7947278 0.2009885 0.1047476 0.9739773 0.3587555 0.04344499 0.9324201 0.6734295 0.1732553 0.7186622 0.03936755 0.3656572 0.9299167 0.2153905 0.3211644 0.9222041 0.2282181 0.06340152 0.9715436 -0.389458 0.06714618 -0.9185935 -0.5554437 0.4044697 -0.726558 -0.7075839 0.003340542 -0.7066216 -0.2149015 0.5457315 0.8099349 -0.1285565 -0.1336458 -0.9826557 -0.1096345 -0.5235921 -0.8448857 -0.3367726 -0.647929 0.6832074 -0.4502224 -0.170292 0.8765274 -0.9557402 -0.2790734 -0.09315991 -0.4929677 -0.2499054 -0.8333849 0.467517 -0.617403 -0.6326465 0.7611722 -0.2284052 -0.6069992 0.5550483 -0.2139505 -0.8038324 0 -1 -1.18226e-6 0 -1 2.29476e-7 0 -1 -4.98928e-7 0 -1 2.05517e-7 0 -1 -1.92752e-7 0 -1 3.1183e-7 0 -1 5.91132e-7 -0.7713171 -0.1049412 0.6277399 -0.7212858 -0.2343723 0.6517795 -0.9712275 -0.06017631 0.2304258 0.1362965 -0.04219841 -0.9897691 -0.02460938 -0.4120833 -0.9108138 0.3205917 -0.3482721 -0.8808676 -0.904762 -0.3550183 0.2353036 -0.6338592 -0.6718045 0.3832771 -0.8629474 -0.4039179 0.3035988 -0.06507039 -0.9668948 -0.2467396 0.05768859 -0.931235 -0.3598241 -0.1869865 -0.7377173 -0.6486981 0.9457019 0.0545485 0.3204256 -0.267929 -0.496042 -0.8259276 -0.0327726 -0.6343287 -0.7723686 -0.2495161 -0.3453025 -0.9047144 -0.2795332 -0.443424 -0.8516081 -0.2795302 -0.4434143 -0.8516141 -0.2660102 -0.2369492 -0.9343948 -0.2887562 -0.1013266 -0.9520257 -0.282358 0.1426228 -0.9486478 -0.2691426 0.2178726 -0.9381331 -0.1285538 -0.133491 -0.9826771 -0.2851833 0.09872949 -0.9533745 -0.4439815 -0.09126275 -0.8913763 -0.3893623 0.06705737 -0.9186406 -0.24452 -0.03817355 -0.9688926 -0.2351778 0.08616638 -0.9681255 -0.2022541 -0.03965014 -0.9785302 -0.1771512 0.01992672 -0.983982 -0.2118251 0.02383071 -0.977017 -0.04316437 -0.08588379 -0.9953697 -0.05252766 0.1734748 -0.9834366 0.03194636 0.08567494 -0.9958109 0.07441329 -0.11246 -0.990866 0.2581385 0.005110561 -0.9660945 0.07498669 -0.2443938 -0.9667723 0.2581139 0.005106806 -0.966101 0.2105063 -0.2601156 -0.9423519 0.2619278 -0.002717077 -0.9650837 0.2582856 0.005140244 -0.9660549 0.1714117 0.005503833 -0.9851841 0.3286123 -0.006078362 -0.9444454 -0.04321914 -0.007972776 -0.9990338 0.1713421 0.005512475 -0.9851962 -0.2096748 -0.005358159 -0.9777566 -0.104759 0.005986452 -0.9944797 -0.319599 0.1476022 -0.9359862 -0.2857398 -0.001111924 -0.9583066 -0.2881416 0.07847863 -0.9543666 -0.07049083 0.02277565 -0.9972525 -0.02156043 0.2031503 -0.9789102 -0.2280716 -0.04156368 -0.9727569 0.1872737 0.01604062 -0.9821768 -0.07028096 0.02278256 -0.9972671 0.1874561 0.01596802 -0.9821432 0.3315289 0.1503682 -0.931385 0.6124616 0.004707813 -0.7904863 0.7379442 0.006294965 -0.6748324 0.8768299 0.002915203 -0.4807919 0.9099435 0.002138197 -0.4147268 0.8554278 -0.01844769 -0.5175937 0.8035165 0.03424906 -0.5942964 0.6506679 0.005004405 -0.7593461 -0.2923665 -0.2689751 -0.9177005 0.0528298 0.9986036 0 0.04013997 0.9991942 -1.0673e-6 0.0528298 0.9986036 0 0.04013001 0.9991946 -7.36676e-7 0.02326917 0.9997289 9.42027e-4 0.005411803 0.9999836 0.001885235 0.0232495 0.9997293 9.40926e-4 0.005396425 0.9999837 0.001888096 0.004499614 0.9999881 0.001880347 -2.30015e-4 0.9999996 9.43228e-4 2.7783e-4 0.9999995 -9.45956e-4 -0.004560172 0.9999879 -0.001867711 -0.00539875 0.9999837 -0.00188905 -0.02326744 0.9997289 -9.40399e-4 -0.005411922 0.9999837 -0.00188601 -0.02325773 0.9997291 -9.42725e-4 -0.04013532 0.9991943 0 -0.05282986 0.9986035 0 -0.04013967 0.9991941 0 -0.0528295 0.9986035 0 0.2503311 0.9396652 0.2331604 0.06069809 0.9886657 0.1373171 0.03299897 0.991442 0.1263089 0.01534527 0.9462062 0.3232001 0.06069749 0.9886642 0.137328 0.206983 0.9426851 0.2617309 0.2753109 0.8879308 0.3684875 0.1312219 0.9791573 0.1550224 0.08337074 0.9917879 0.09698611 0.24554 0.95837 0.14573 0.2214751 0.9719198 0.07950299 0.04570925 0.9987114 -0.02205157 0.05784106 0.9884201 -0.1402862 0.1887598 0.9764201 0.1047552 0.2517025 0.9203969 0.2991912 0.2558997 0.846274 0.4672642 0.08334285 0.9917974 0.09691178 0.2464357 0.8576054 0.4514226 0.03323549 0.9521874 0.3037016 0.1310168 0.9682008 -0.2131243 0.0363202 0.9884364 0.1472224 0.003303527 0.9052591 0.4248473 -0.08055567 0.9401346 0.3311461 -0.1494739 0.7636352 0.6281073 -0.05495935 0.404766 0.9127672 -0.237312 0.3595182 0.9024576 -0.149598 0.7636341 0.6280792 -0.2738972 0.284221 0.9188029 -0.4182378 0.3736367 0.8279328 0.0131663 0.9596861 -0.2807655 -0.008789837 0.9959025 -0.09000551 -0.01855242 0.9939264 0.1084715 -0.00195676 0.9749067 -0.2226056 -0.02370756 0.9973941 0.06814044 0.01802986 0.9603092 -0.2783547 0 1 0 0.01651531 0.9928089 -0.1185659 0.04756188 0.9801959 -0.192234 0.115983 0.9830011 -0.1423267 0.08373951 0.9951445 0.05172288 0.01273006 0.9976015 0.06803953 -0.06567591 0.9722573 0.2245045 -0.1391535 0.9428091 0.3028983 -0.2268831 0.8434661 0.486918 0.09268885 0.9866313 0.1340426 0.162348 0.9657509 0.2024065 0.1053833 0.9937634 -0.03645294 0.1773705 0.9838072 0.0257557 0.2369409 0.9704172 0.04636323 0.3078848 0.9067461 -0.2881295 0.2788187 0.8900264 -0.3607121 0.09907454 0.9356756 -0.3386672 0.1278258 0.7959741 -0.5916805 0.01426583 0.7917603 -0.6106653 0.01990669 0.8897622 -0.45599 0.01805579 0.9602895 -0.2784206 0.04380315 0.9208126 -0.3875377 0.01655316 0.9927892 -0.1187252 0.01988971 0.8897843 -0.4559478 -0.02820849 0.913371 -0.4061501 -0.07446086 0.5402864 -0.8381803 0.02706861 0.2483435 -0.9682937 -0.05255848 0.1736586 -0.9834025 -0.02823817 0.840221 -0.5415084 1.04569e-4 0.9140712 -0.4055538 -0.03782069 0.855891 -0.5157716 -0.1228073 0.9004721 -0.4172151 -0.1928644 0.7358285 -0.6491224 -0.2054976 0.4263211 -0.8809207 -0.2751132 0.2869477 -0.9175913 0.002013862 0.999997 -0.001447439 -0.08869522 0.9483776 -0.3044884 0.08870601 0.9384105 -0.3339418 0.2456453 0.9583402 0.1457481 0.3449577 0.927401 0.1446779 0.6226822 0.7397976 0.2548852 0.5743946 0.7957123 0.1921274 -0.7925038 -0.1486717 0.5914681 -0.9938223 -0.04024547 0.1034295 -0.6932943 0.1552677 0.7037293 -0.6162713 -0.1700016 0.7689663 -0.693175 0.1553204 0.7038353 -0.3121001 0.1441122 0.9390556 -0.6162874 -0.1700224 0.7689488 -0.3659126 0.09717106 0.9255624 -0.5186685 -0.05620133 0.8531262 -0.1819106 -0.1918343 0.9644212 -0.3119585 0.1440348 0.9391145 0.03448349 0.2352111 0.9713325 0.03391796 0.2353709 0.9713136 -0.2583723 0.1786205 0.9493886 -0.06775665 0.5372766 0.84068 0.0339142 0.2353985 0.9713071 -0.186396 0.5824148 0.791233 0.02147948 0.7969821 0.6036211 0.01591587 0.8841172 0.4669941 -0.1864395 0.5824713 0.7911812 -0.1493465 0.9679964 0.2016897 0.03458416 -0.1880475 0.9815509 0.03231167 -0.3804714 0.9242281 -0.004344403 -0.6766736 0.7362704 -0.1237235 -0.6073449 0.7847449 -0.6403469 0.6520394 0.4059562 -0.2669809 0.8960137 0.3547966 -0.2422323 0.6220899 0.7445319 -0.5861747 0.4437891 0.6778278 -0.1865513 0.5823466 0.7912467 -0.8733096 0.3090768 0.376566 0.05462461 -0.1741247 0.9832074 0.1364222 0.1023989 0.9853444 0.2796573 0.09832173 0.9550522 0.1946382 -0.1213138 0.9733443 0.1916865 0.006748795 0.981433 0.04421025 -0.01213705 0.9989486 -0.0416131 -0.006132721 0.9991151 -0.2086234 -0.02236843 0.9777402 -0.2366403 0.138833 0.9616272 -0.3025847 -0.01851975 0.9529426 -0.2781335 -0.06857329 0.9580917 -0.284646 0.1250547 0.950441 -0.2929146 0.07452636 0.9532297 -0.1094005 0.05921375 0.9922325 -0.2815725 0.0537303 0.9580345 -0.2929235 0.07455044 0.9532251 -0.3364209 0.1160644 0.9345321 -0.2415113 0.03673964 0.9697023 -0.3020488 0.003246426 0.953287 -0.3724917 0.004100322 0.9280265 -0.380397 0.009995222 0.9247692 -0.5035417 -0.001951515 0.8639687 -0.284685 0.1250533 0.9504295 -0.2816208 0.05365937 0.9580242 -0.3857753 -0.05865305 0.9207265 -0.2347572 0.5382133 0.8094539 0.1945071 -0.214567 0.9571458 0.1945957 -0.1213904 0.9733431 0.1459797 -0.623831 0.7678052 0.3901267 0.9201036 0.03479504 0.2901844 0.9558667 0.04595506 0.5295287 0.8477689 0.02978777 0.3507993 0.9340212 0.06741118 0.2504857 0.93963 0.2331361 0.2576463 0.9543851 0.1508895 0.3899816 0.9201639 0.03482246 0.2917132 -0.8641595 -0.4100388 0.2637394 -0.6812252 -0.6829157 0.2420523 -0.8528748 -0.4626182 0.2068384 -0.9691917 -0.1337358 0.2087416 -0.8303622 -0.5166484 0.1503803 -0.9721381 -0.1798146 0.2086783 -0.8303417 -0.516707 0.2068836 -0.9051848 -0.3712677 0.3675177 -0.7828353 -0.5020954 0.3194987 -0.9107738 -0.2615565 0.3676469 -0.7828322 -0.5020055 0.6154438 -0.7816899 -0.100945 0.3584697 -0.9306361 -0.07359313 0.4444172 -0.8863618 0.1298317 0.4188264 -0.7871171 -0.4528039 0.3443185 -0.6715124 -0.6561371 0.3020754 -0.5129464 -0.8035151 -0.2241088 -0.06029838 -0.972697 -0.3732901 -0.1824446 -0.9095981 -0.5234866 -0.0332424 -0.8513852 -0.2513408 0.1493668 -0.956304 -0.5793538 0.225373 -0.7832983 -0.7364324 0.2193837 -0.6399517 -0.7020493 -0.0462169 -0.7106271 -0.9111848 0.1587872 -0.3801697 0.520101 0.005188882 -0.854089 0.8553717 -0.01846152 -0.5176858 0.3062413 -0.03795373 -0.9511971 0.3567646 0.00578314 -0.9341765 -0.03459107 -0.06886678 -0.997026 -0.1097701 0.1431477 -0.9835951 0.5200509 0.005281209 -0.854119 0.2640663 0.04884809 -0.9632668 0.8034538 0.03425019 -0.5943812 -0.2933927 -0.08072668 0.9525776 -0.0559206 0.009337067 0.9983916 -0.3175011 -0.01897448 0.948068 -0.2933615 -0.08075827 0.9525845 -0.1335735 -0.0293461 0.9906044 -0.3064695 -0.02641373 0.951514 -0.3064774 -0.02641481 0.9515114 -0.3174946 -0.01901304 0.9480695 -0.3782717 -0.09469795 0.9208381 -0.3395523 -0.007548987 0.9405569 -0.3612799 -0.005623996 0.9324405 -0.5035541 -0.001962125 0.8639616 -0.3395544 -0.007551968 0.9405562 -0.3612114 -0.005568504 0.9324674 -0.3652923 -0.00133419 0.9308919 -0.2704665 -0.0198785 0.9625242 -0.2306265 -0.1069707 0.9671446 -0.09028971 -0.01860308 0.9957419 0.04450929 0.009702384 0.9989619 0.163935 -0.001420021 0.9864702 0.2282046 0.06328248 0.9715545 0.3572435 -0.1666549 0.919023 0.2602478 -0.2056033 0.9433972 0.1678488 -0.04889202 0.9845996 -0.0025177 -0.1795511 0.9837455 0.2381978 0.1883203 0.952784 -0.255919 -0.3982756 0.8808417 0.08478403 0.838475 0.5383042 0.1310953 0.9765264 0.1709097 0.2957342 0.8235502 0.4840521 0.5985451 0.6172573 0.5106244 0.3792997 0.7785427 0.500003 0.4232236 0.8505583 0.312142 0.3164557 0.8782981 0.3583968 0.1715387 0.9774284 0.1233209 0.1666246 0.9845234 0.05431395 0.9310278 0.01956802 0.3644235 0.9108806 0.01276457 0.4124726 0.9317036 0.005241394 0.3631817 0.9410024 0.01500856 0.3380669 0.7435333 -5.16116e-4 0.6686989 0.9403315 0.04207432 0.3376484 0.7895166 -0.1877145 0.5843175 0.4991412 -0.3250409 0.8032475 0.8728927 -0.1442958 0.4660869 0.7150899 0.001316666 0.6990313 0.872977 -0.144168 0.4659686 0.9471329 -0.03122425 0.3193188 0.9979066 -0.01655304 0.062518 0.9975074 -0.01723223 -0.06842654 0.943551 -0.0356298 -0.3293056 0.8897524 -0.09387528 -0.4466856 0.7369409 -0.03542059 -0.6750285 0.6483123 -0.01782202 -0.7611659 0.4258756 0.04124116 -0.9038414 0.2897008 0.06797754 -0.9547003 0.02527362 -0.03287667 -0.9991399 -0.1994839 0.1040674 -0.9743595 -0.5125185 -0.07549256 -0.8553513 -0.1995334 0.1042066 -0.9743344 -0.358392 0.0489695 -0.9322861 -0.6709548 0.2018335 -0.7135006 -0.003189325 -0.9497584 -0.3129679 -0.01844936 -0.8425061 -0.5383708 0.03997749 -0.9774425 -0.207384 -0.003142833 -0.9498072 -0.3128203 0.1076093 -0.9777966 -0.1798167 0.04022502 -0.9567394 -0.2881524 0.01949304 -0.9990465 -0.03906661 0.1023212 -0.9222189 -0.3728846 0.01952666 -0.9990425 -0.03915274 0.260331 -0.8711966 -0.4162263 -0.003121018 -0.9497876 -0.3128798 0.1023193 -0.9221802 -0.3729806 0.1008636 -0.854485 -0.5095901 0.1434696 -0.8054012 -0.5751049 0.3612057 0.6924878 0.6244928 0.5076312 0.8146378 0.2804923 0.4810007 0.8136231 0.3265823 0.5638718 0.7464314 0.3533962 0.6036894 0.7084373 0.3656169 0.8217374 0.4083296 0.3975105 0.6037331 0.7083225 0.365767 0.8173643 0.3121861 0.4842059 -0.2232798 0.8180471 0.5300425 -0.07922381 0.9853377 0.1511061 -0.3676834 0.8209071 0.4369447 -0.3363046 0.8889138 0.3110169 -0.07915866 0.9853621 0.1509824 -0.2972854 0.9515239 0.07889151 -0.06390744 0.9866768 0.149616 -0.006572842 0.998819 0.04813933 0.008930623 0.9884699 0.1511539 -0.079167 0.9853494 0.1510606 -0.08870679 0.971818 0.2184054 -0.006569147 0.9988194 0.04813313 -0.08867239 0.9718402 0.2183207 -0.09898173 0.9580888 0.2688281 0.008931577 0.9884729 0.151134 -0.09899371 0.9580941 0.2688045 -0.03229779 0.8437656 0.5357392 0.002276957 0.9981094 0.06142139 -0.04382169 0.9900249 0.1339048 -0.001054763 0.9999979 0.001802027 0.01035833 0.9528103 0.3033896 0.002286851 0.9981049 0.06149411 -0.5070147 0.8152838 0.2797296 -0.6397932 0.768141 0.02498519 -0.4490743 0.8902837 0.07567888 -0.2973078 0.9515212 0.07883936 -0.4676552 0.8717545 0.1460918 -0.6102678 0.7868123 0.09219437 -0.2973432 0.9515111 0.07882809 -0.149356 0.9680125 0.2016053 -0.3678457 0.8208208 0.4369701 -0.5071375 0.8151766 0.2798194 -0.6167967 0.6473585 0.4477599 0.5904307 -8.04381e-4 -0.8070881 0.7977679 -0.001108705 -0.6029636 0.4359487 0.1046687 -0.8938643 0.3183032 -0.1441418 -0.9369665 0.3215315 0.09382641 -0.9422389 0.322457 -0.4307349 -0.8429051 0.3453008 -0.1162335 -0.9312664 0.3240693 0.1714277 -0.9303718 0.3520791 0.1422879 -0.9250917 0.3606087 0 -0.9327172 0.3020663 -0.5129537 -0.8035139 0.321621 -0.4133189 -0.8518963 0.2420758 -0.8528329 -0.4626829 0.138169 -0.9679528 -0.2097067 9.40056e-4 -0.9999994 -6.61626e-4 -0.1032181 -0.994556 -0.01430523 9.01482e-4 -0.9999588 -0.009036839 0 -1 0 -0.1198641 -0.9927904 -3.10821e-4 0 -1 0 -0.2080328 -0.9781216 -6.92349e-4 0 -1 0 0.001697599 -0.9999949 0.002722144 -0.008374452 -0.9999636 -0.001658022 -0.007535457 -0.9999689 -0.002341032 0.00105226 -0.9995288 0.03067827 0.03596949 -0.9986257 0.03811681 0.01327776 -0.9999016 0.004536032 0.2407878 -0.9704763 -0.01404422 0.05834531 -0.9903408 0.1257814 -0.1546211 -0.9849669 0.07702249 -0.4584791 -0.8559675 0.2389914 -0.289983 -0.9398076 0.1807529 -0.1033414 -0.9945437 -0.01426893 -0.3972285 -0.9029462 0.1640052 -0.7380796 -0.6476677 -0.1891167 -0.2589862 -0.95608 -0.1372488 -0.3325339 -0.9430903 0.00142765 -0.137995 -0.990432 0.001407206 -0.2261697 -0.9740768 0.004654765 0.09514105 -0.9893501 0.1101576 0.01846116 -0.8532145 0.5212336 -0.0278052 -0.9588971 0.2823888 -0.2899069 -0.9398133 0.180845 -0.2147536 -0.9315907 0.293291 -0.1878784 -0.8873648 0.4210527 -0.4596102 -0.8554918 0.2385209 -0.5358081 -0.5799679 0.6136344 -0.1876761 -0.8873991 0.4210709 -0.04425525 -0.9284594 0.3687882 -0.2148795 -0.9315716 0.2932598 -0.5740731 -0.7919328 0.2080448 -0.0149526 -0.9960129 -0.08794754 0.04283934 -0.9967926 0.06759679 -0.06171143 -0.9757686 0.2099223 -0.02604246 -0.989933 0.1391214 -0.1020563 -0.9120225 0.3972398 0.05105471 -0.9712321 0.2325975 0.4097697 -0.9021345 0.1350641 0.05780726 -0.9978897 0.02957206 0.1024283 -0.9924046 -0.06813049 0.1829552 -0.981441 0.0574553 0.4098401 -0.9020981 0.1350923 0.612627 -0.7859414 0.08357214 0.6689034 -0.7021338 0.2440828 0.4098274 -0.9021062 0.1350784 0.8966473 -0.2987039 0.3268022 0.6689032 -0.7021384 0.2440698 0.8786153 -0.2354581 0.4154451 0.9585213 -0.24139 0.1515516 0.9206165 -0.1925826 0.3396722 0.8786725 -0.2352674 0.4154322 0.937506 0.03138989 0.3465504 0.8420607 0.0744093 0.5342257 0.8971568 0.3039909 0.3204674 0.8971419 0.304043 0.3204596 0.90254 0.1035707 0.417965 0.866433 0.1180242 0.4851435 0.9340462 0.1046696 0.3414703 0.9260072 0.1827783 0.330307 0.9340305 0.1048299 0.3414642 0.8971285 0.3040657 0.3204754 0.729188 0.630798 0.2652904 -0.1457039 -0.9567874 -0.2516512 -0.2047669 -0.9096532 -0.3613885 -0.001477479 -0.9900616 -0.1406266 0.09176504 -0.9030919 -0.4195286 -0.003196418 -0.9717792 -0.2358709 0.2506355 -0.8695496 -0.4255177 0.5395242 -0.5849059 -0.6056392 -0.003252565 -0.9718117 -0.235736 0.04244059 -0.9972419 0.06089019 0.1304481 -0.9913351 -0.01542699 0.117344 -0.9919673 -0.04723644 0.3502196 -0.9257069 -0.142874 0.04893904 -0.9964307 -0.06878089 0.05307328 -0.99096 -0.123213 -0.53672 0.1845207 0.8233371 -0.5037 -0.00195086 0.8638765 -0.4549152 -0.06140643 0.8884152 -0.3685148 0.1743981 0.9131167 -0.07808393 0.02095252 0.9967266 -0.3210476 -0.002674281 0.9470594 -0.4548461 -0.06133097 0.8884558 -0.3885473 0.02261513 0.9211513 -0.4575969 -0.1853181 0.8696334 -0.4576568 -0.1855046 0.8695622 -0.4549119 -0.06151306 0.8884094 -0.3783217 -0.09479439 0.9208077 -0.3363859 0.1161382 0.9345355 0.08708238 -0.9652327 -0.2464603 0.02189588 -0.9978377 -0.06197202 0.02189671 -0.9978373 -0.06197953 0 -1 0 0 -1 0 0.02844077 -0.9995955 7.16187e-7 0.04261976 -0.9990914 2.29292e-6 0.08513665 -0.9963693 0 0 -1 0 0 -1 0 -0.02841418 -0.9995963 -4.79165e-7 -0.04262328 -0.9990912 -8.08388e-7 -0.08515411 -0.9963679 0 0.08666706 -0.9849721 -0.1493951 -0.006356358 -0.9979773 -0.06325298 -0.03164952 -0.9924251 0.1187045 -0.05302071 -0.9985464 -0.009688138 -0.06695902 -0.9942811 -0.08319586 -0.1336875 -0.9536933 -0.2694377 -0.06704831 -0.9942656 -0.08330959 -0.154624 -0.9094366 -0.3860269 -0.3324383 -0.9024996 -0.2738234 -0.2941723 -0.7550175 -0.586013 -0.1444875 -0.5601378 -0.8157015 -0.391131 -0.6747472 -0.6258856 -0.2256792 -0.4875905 -0.8434005 -0.4585226 -0.4114912 -0.787675 -0.5206569 -0.3493703 -0.7790102 -0.537646 -0.1919923 -0.8210211 -0.6416296 -0.110629 -0.7589946 -0.5207924 -0.3492469 -0.778975 -0.4186183 -0.1625544 -0.8934958 -0.3076195 -0.3867543 -0.8693627 -0.4184264 -0.162495 -0.8935965 -0.2486553 -0.4165545 -0.8744444 -0.06621575 -0.2137778 -0.9746357 -0.06615555 -0.2139818 -0.974595 -0.2255055 -0.4875364 -0.8434783 0.02716881 -0.4393407 -0.8979096 0.1358728 -0.5385043 -0.8315959 0.1201016 -0.2245552 -0.9670319 0.1046877 -0.07995957 -0.9912855 -0.002757012 -0.009852647 -0.9999477 0.370531 0.004649221 -0.9288085 0.3924537 -0.2496655 -0.8852386 0.5550795 -0.2138333 -0.8038421 0.7103335 -0.007370412 -0.7038267 0.7826233 -0.184376 -0.5945639 0.9260933 0.008929371 -0.3771888 0.9261331 0.008942842 -0.3770909 0.8173652 -0.08715158 -0.5694898 0.9025674 -0.22278 -0.3684309 0.977824 -0.1976802 -0.0691592 0.9983239 0.003780484 0.05775254 0.9983149 0.003802418 0.05790525 0.9960282 -0.07866787 -0.04170501 0.952728 -0.1786409 0.2457574 0.8350182 -0.05387091 0.5475788 0.8349957 -0.05372554 0.5476276 0.9588176 -0.07857513 0.2729372 0.6419202 -0.06735152 0.7638078 0.83494 -0.05388027 0.5476972 0.5954703 -0.2373778 0.7675071 0.4112329 -0.05950063 0.9095863 0.4111006 -0.059372 0.9096546 0.6418201 -0.06739836 0.7638878 0.1595728 -0.1120808 0.980803 0.007479965 -0.05786472 0.9982964 -0.03028255 -0.2285327 0.9730651 -0.3481528 -0.322746 0.8801276 -0.3237037 -0.5412011 0.7760911 -0.6585901 -0.4787967 0.5805281 -0.5580725 -0.6004278 0.5727491 -0.1988027 -0.8255353 0.5281752 -0.4065943 -0.8792458 0.2482097 -0.64854 -0.7405098 0.176185 -0.8134234 -0.3032946 0.4963414 -0.009792327 -0.9932917 0.1152205 -0.254965 -0.9426847 0.2152638 0.1438271 -0.9630955 0.2275104 0.3817723 -0.9237257 0.03131818 0.4511984 -0.8663737 0.2140488 0.2733271 -0.9535024 0.126987 0.3304343 -0.9295825 0.1633699 0.1659871 -0.821415 0.5456426 0.06057912 -0.9412106 0.3323446 -0.09981942 -0.8679642 0.4864918 0.1619622 -0.9677512 -0.1929401 0.1911418 -0.9756006 -0.1080204 0.01460146 -0.9971079 -0.07458382 0.03710776 -0.983875 0.174966 -0.05876612 -0.8888421 0.4544296 -0.04386377 -0.9981257 -0.04267537 0.003888845 -0.9993878 -0.03477156 0.00387597 -0.9993882 -0.03476148 0.03717714 -0.9838771 0.1749395 0.4500098 -0.8823897 0.137403 0.3860088 -0.886096 0.2565761 0.03713756 -0.9838522 0.1750882 0.1231693 -0.9656016 0.2290039 0.4501047 -0.8823524 0.137332 0.2738586 -0.9611523 0.03446608 0.4475886 -0.849727 -0.278619 -0.3204907 -0.9207501 -0.2224974 -0.07224929 -0.9770025 -0.200615 -0.01061517 -0.9718786 -0.2352432 0.2287607 -0.9687879 -0.09549182 0.4058082 -0.8828422 -0.2364518 0.1117708 -0.9186502 -0.3789317 0.1382542 -0.9679321 -0.2097457 0.2180233 -0.9658163 -0.1402313 0.04326277 -0.9500865 -0.3089724 0.1016022 -0.9828048 -0.1541806 0.2179962 -0.9658266 -0.1402025 0 -1 0 -0.02273058 -0.9996742 -0.01161652 0.3360744 -0.9412019 -0.03454226 0.008604586 -0.9999583 0.003095507 0.01296252 -0.9999052 0.004661858 0.0259177 -0.9996207 0.009320318 0.1634739 -0.8607815 -0.4820078 0.2375437 -0.7861802 -0.5705205 0.3815184 -0.6298114 -0.6765956 0.3909378 -0.5196763 -0.7596739 0.2984919 -0.5737285 -0.7627176 0.3505926 -0.2487124 -0.9028993 0.9529784 -0.1392409 0.2691546 0.9995106 -0.00966227 -0.02975541 0.9765487 -0.1564916 0.1478618 0.9565235 -0.2792546 0.08414155 0.9995069 -0.009662449 -0.02987754 0.9731693 -0.2144841 -0.08329451 -0.9226334 0 -0.385678 -0.9312341 -2.56524e-4 -0.3644216 -0.9067582 -0.001548767 -0.4216483 -0.9311412 -0.001405656 -0.3646562 -0.9479627 6.92803e-4 -0.3183809 -0.9392727 6.02962e-4 -0.3431713 -0.9391495 0 -0.3435087 -0.2021514 -0.03975993 -0.9785469 0.05200272 -0.5508727 -0.8329676 -0.205026 -0.156271 -0.9662007 -0.01570534 -0.6823402 -0.7308661 0.2292726 -0.7524452 -0.6174628 0.1076498 -0.9777733 -0.1799197 0.2882236 0.2762306 -0.9168554 0.3520926 0.1422811 -0.9250875 0.3258796 0.154866 -0.9326409 0.3380662 0.3623248 -0.8685805 -0.5325706 0.3230468 0.7823103 -0.508838 -0.06171339 0.8586475 -0.3558768 0.2416763 0.9027426 -0.3061261 -0.001095592 0.9519904 -0.5088278 -0.0616945 0.8586549 -0.2955196 -0.008627533 0.9552978 -0.3773435 0.4687383 0.7986841 -0.3782668 0.369975 0.8485475 -0.3743132 0.6584386 0.6529535 -0.07908493 0.5114124 0.8556887 0.2251611 0.8812322 -0.415611 0.2207859 0.7309269 -0.6457549 0.2207522 0.7309342 -0.6457582 0.2809765 0.5193346 -0.8070589 0.287445 0.5210681 -0.8036563 0.3258153 0.1550327 -0.9326357 -0.8561499 -0.1343405 -0.498959 -0.5122779 -0.4668182 -0.7208691 -0.7010481 -0.2900792 -0.651449 -0.630097 -0.3921379 -0.6702281 -0.7145074 -0.1702038 -0.6786088 -0.4585384 -0.4114065 -0.7877101 -0.6417024 -0.1105542 -0.7589439 -0.7497625 -0.02871668 -0.6610836 -0.7002632 0.01303553 -0.7137657 -0.9417429 0.1366433 -0.3073257 0.1491715 0.9638209 -0.2209008 0.1267995 0.9709712 0.2028226 0.05546402 0.9766578 -0.2075174 0.05546629 0.9766622 -0.2074956 0.1267954 0.9709789 0.2027878 0.06562107 0.8831095 0.4645553 0.02525198 0.01537489 0.999563 -0.2417884 3.57511e-4 0.970329 -0.4317668 0.1468173 0.8899562 -0.7011837 0.0330407 0.7122147 -0.6658397 -0.006596982 0.7460657 -0.6969952 0.03390324 0.7162739 -0.5874189 0.149158 0.7954187 -0.6044446 -3.71084e-4 0.7966471 -0.5484377 0.004549801 0.8361791 -0.5483182 0.004504382 0.8362576 -0.4774936 -0.009450078 0.8785845 -0.3099825 -0.06702733 0.9483767 -0.310007 -0.06698828 0.9483714 -0.6043302 -4.20921e-4 0.7967339 -0.3332268 -0.03582531 0.9421659 0.4339678 0.8796921 0.1944576 0.1532216 0.9875703 0.0350455 0.1139817 0.9919731 -0.05475097 0.1135299 0.9897097 -0.08709597 0.9260207 -0.2654675 0.268352 0.8180317 -0.2535072 0.5162928 0.7798327 -0.5625906 0.2745047 0.7371808 -0.4700458 0.4854085 0.712749 -0.2407026 0.6588255 0.7127985 -0.2405179 0.6588395 0.8180427 -0.2533413 0.5163568 0.7752224 -0.01832973 0.6314224 0.8211904 -0.1936083 0.5368074 0.6668363 -0.2629121 0.6972852 0.6667183 -0.263014 0.6973595 0.7280356 -0.2893416 0.6214866 0.5095841 -0.7360636 0.4455721 0.4349068 -0.4092378 -0.8021101 0.3464092 8.457e-4 -0.9380832 0.3463842 8.38119e-4 -0.9380924 0.3452942 -0.1162177 -0.9312709 0.01768803 0.9843102 0.1755587 0.1343214 0.9671387 0.2158716 -0.1765878 0.8560214 0.485844 0.03501659 0.9334813 0.3569126 0.1342391 0.9671647 0.2158066 -0.003055274 0.9999772 -0.006018996 -0.1491583 0.9846929 -0.09017658 0.1486194 0.9847778 0.09013932 0.2891683 0.9566894 0.03357446 0.1342859 0.9671388 0.2158932 0.1208387 0.9900246 0.0724526 -0.134672 0.9670982 -0.2158346 0.003053605 0.9999772 0.006024479 -0.03501647 0.9334819 -0.356911 -0.1347606 0.9670719 -0.2158972 0.1729338 0.8599025 -0.4802727 -0.01754814 0.9838425 -0.1781742 -0.2969037 0.9543643 -0.03220373 -0.1347499 0.9670782 -0.2158759 -0.1457011 0.985162 -0.0907039 0.5130099 -0.5327442 -0.6730562 0.5921639 -0.3399577 -0.7305963 0.6348894 -0.6413123 -0.4308528 0.8115038 -0.5757234 -0.1000207 0.74901 -0.6351628 -0.1885536 0.7342858 -0.6665612 0.1285328 0.8180965 -0.253363 0.516261 0.9529399 -0.1392203 0.2693014 0.8755797 -0.1331686 0.464356 0.8755633 -0.1331857 0.4643817 0.9260499 -0.2653181 0.2683991 0.9765257 -0.1565064 0.1479974 0.8211913 -0.1937049 0.5367712 0.9206734 -0.3735957 0.1130789 0.5449221 -0.8029229 0.2416089 0.2787848 0.2731106 -0.9207006 0.3505976 -0.2486302 -0.9029199 0.3377108 -3.24892e-4 -0.9412499 0.3493586 -0.3761268 -0.8581825 -0.2513201 0.1494591 -0.956295 -0.5178377 0.4010695 -0.755637 -0.5790109 0.6553801 -0.4849984 -0.5029416 0.7675145 -0.3974561 -0.71241 0.4142535 -0.5664503 -0.8809367 0.2979077 -0.3676977 0.1207787 0.9900323 0.07244718 0.01761168 0.984326 0.1754771 0.04673761 0.9988151 0.01356619 0.001538693 0.9999938 -0.003212571 0.002527177 0.9999911 -0.003402471 0.001565814 0.9999939 -0.003136396 0.002517104 0.9999911 -0.003402531 0.003779828 0.9999915 -0.001708149 0.001579105 0.9999938 -0.003144562 0.003761291 0.9999915 -0.001737534 -0.2069397 0.9783393 -0.005325675 -0.1456402 0.9851716 -0.09069693 -0.2335176 0.9712268 -0.04677551 -0.01750522 0.9838508 -0.1781327 -0.03168278 0.9936451 -0.1080086 0 1 5.47723e-7 0 1 4.12216e-7 -0.114969 0.9920397 -0.05137664 0.02444982 0.9957551 0.08873605 -0.2055145 0.9786185 0.008351743 -0.2493449 0.9684137 0.001406073 -0.2203508 0.8496676 -0.4790728 -0.1632878 0.9761414 -0.1431266 -0.6096106 0.7927011 1.91852e-5 -0.1150743 0.9920266 -0.0513904 -0.4547523 0.8696483 0.1921253 -0.4850199 0.8358563 0.2570996 -0.1561284 0.9842253 0.08321321 -0.05877804 0.9970058 0.05024677 -0.9008914 0.4027046 0.1619372 -0.7340183 0.6790373 0.01119899 -0.514851 0.7967461 0.3164238 -0.4672515 0.545473 0.6957983 -0.5147926 0.7967741 0.3164487 -0.2258999 0.7496961 0.6220329 -0.2003147 0.9488176 0.2441708 -0.2448534 0.9649532 0.09440499 -0.1129722 0.9902375 -0.08165156 -0.2314842 0.9134752 -0.3346314 -0.05275535 0.4563269 0.888247 -0.1809967 0.9058641 0.3829498 -0.5553506 0.4045867 -0.7265642 -0.2933961 0.3920689 -0.871895 -0.2910138 0.7606462 -0.5802831 -0.01413601 0.9916135 0.1284644 -0.2053502 0.9786525 0.008399128 -0.1669703 0.9859561 0.003418326 -0.01417338 0.9916059 0.1285185 -0.2491661 0.9684599 0.00138539 -0.04037332 0.9896407 0.1377733 -0.04248499 0.9927771 -0.1122003 0.1541604 0.9846388 0.08198201 0.06838279 0.9908337 -0.1165006 0.1378229 0.9770147 -0.162626 0.1487566 0.9848148 -0.08950626 0.3516824 0.9178194 -0.1841929 0.2396408 0.9667931 -0.08878833 0.3174557 0.9410593 -0.1167451 -0.2067212 0.9746742 -0.08530277 -0.0404281 0.9896128 0.1379572 0.08832055 0.9942114 0.06118309 0.05518114 0.9890307 0.1370161 0.05530565 0.989048 0.1368411 0.154252 0.9846287 0.08193004 0.2177287 0.972876 -0.07814592 -0.08385413 0.9400194 0.3306541 0.9282658 0.001759171 0.3719135 0.873139 0.2069326 0.4413698 0.925428 -0.02014905 0.3783876 0.9238372 -0.03110903 0.3815195 0.8709802 -0.1868816 0.4543886 0.923834 -0.03111904 0.3815267 0.9125095 -0.05912286 0.4047607 0.7049815 0.08431988 0.7041954 0.8419606 0.07438516 0.5343868 0.61548 -0.02833938 0.7876429 0.3464474 -0.03012984 0.9375854 0.8067268 0.03193014 0.5900613 0.4484758 -0.05366331 0.8921825 0.5071087 -0.7539712 0.4175744 0.4715455 -0.8123435 0.3431367 0.37489 -0.8910558 0.2558853 0.7332254 -0.568529 0.3730355 -0.4956519 -0.09009599 -0.8638357 -0.3719236 0.01106607 -0.9281974 -0.3683054 0.009441614 -0.929657 -0.2879355 -0.003992974 -0.9576416 -0.3614366 -0.1259448 -0.9238514 -0.2879409 -0.003987252 -0.9576399 -0.0950722 -0.1670156 -0.9813599 -0.09495627 -0.1669765 -0.9813778 -0.1504884 0.01618486 -0.9884794 0.2551111 -0.007767081 -0.9668806 -0.009479224 -0.04678243 -0.9988602 0.4398645 -0.006214082 -0.8980427 0.6688818 -0.05232292 -0.7415251 -0.03847408 0.7698512 -0.6370628 0.0111491 0.9479672 -0.3181731 -0.3423772 0.8378154 -0.4252568 -0.3246766 0.9243307 -0.2004938 -0.3247627 0.9242941 -0.2005234 -0.2982825 0.9544624 -0.005410313 -0.2336112 0.971203 -0.04680532 0.01153409 0.9811888 0.1927061 -0.2204275 0.7589643 0.6126868 -0.08768439 0.8670557 0.4904343 -0.05894201 0.7830461 0.6191646 -0.5364984 0.1033951 -0.8375435 -0.4062439 0.09404164 -0.9089125 -0.7307585 0.04577636 -0.6810996 -0.7307411 0.04589396 -0.6811104 -0.3798681 0.1989754 -0.9033876 -0.7947707 0.2038004 -0.5716686 -0.2157559 0.4375177 -0.872942 -0.06863701 0.5301483 -0.8451223 -0.1637163 0.7173027 -0.6772545 -0.05418968 0.9783685 -0.199646 0.1049007 0.8089497 -0.5784431 -0.06354874 0.8227269 -0.5648736 0.9544175 -0.2767527 -0.1117829 0.9025149 -0.222944 -0.3684604 0.8714305 -0.4480748 -0.199595 0.7826508 -0.1844657 -0.5945 0.5388874 -0.4824668 -0.690526 0.8471805 0.113426 0.5190567 0.9017013 0.0579496 0.4284583 0.9016839 0.05797004 0.4284924 0.9433248 0.001662313 0.3318668 -0.04652291 0.9707734 -0.2354456 -0.0841577 0.9864265 -0.1409982 -0.03290373 0.9993821 0.01235955 -0.02588689 0.9996649 9.52594e-5 0.02474772 0.999401 0.02419537 0.07818984 0.9880004 -0.1331977 0.2631617 -0.5266168 0.8083446 0.3753237 -0.6643152 0.6463882 0.2367812 -0.5928127 0.7697452 0.09130662 -0.960894 0.2614306 0.3286488 -0.8902398 0.3153779 0.1894512 -0.7612916 0.6201158 -0.5690447 0.4439285 0.6921819 -0.2271179 0.3381162 0.913288 -0.3249976 0.1009635 0.9403101 -0.3248899 0.1008933 0.9403548 -0.2320969 0.2466225 0.9409084 0.09774005 0.1147376 0.9885759 -0.1939158 0.3742328 -0.9068332 -0.0482971 0.7382595 -0.6727855 0.8174387 0.3120534 0.4841662 0.928093 0.008155703 0.372259 0.8906111 0.1528066 0.4283246 0.9321504 -0.002395331 0.3620633 0.9307862 -0.005340099 0.365525 0.1173408 -0.9921646 -0.0429039 0.3646693 -0.9291569 -0.06069469 0.664996 -0.7332839 0.141686 0.6650403 -0.7332573 0.1416163 0.413319 -0.8797462 -0.2349771 0.773029 -0.60494 -0.1909816 -0.008208394 -0.9858538 -0.1674067 0.003516912 -0.9999822 -0.004816651 0.01141834 -0.9996933 -0.02198076 0.01836103 -0.9998112 0.006354749 0.01778501 -0.9827048 -0.1843233 2.93009e-5 -0.9999983 -0.00185585 -0.00264281 -0.9877938 -0.1557457 -0.172167 -0.9841689 -0.04207533 -0.2058223 -0.9785893 5.20519e-4 -0.4858001 -0.8740687 0.001493513 -0.1707863 -0.9844674 0.04069405 -0.06463885 -0.9881564 0.1391716 -0.1268609 -0.9813567 0.1443791 -0.144755 -0.9694362 0.1980897 -0.1953919 -0.9316151 0.3064562 -0.009275555 -0.9970581 0.07608789 0.06927162 -0.9975962 0.00181967 0.09225612 -0.9689136 0.229555 0.06778359 -0.9266579 0.3697438 0.1585718 -0.9386716 0.3061876 0.1425934 -0.9486365 0.2824108 0.2321602 -0.9404302 0.2483801 0.2407614 -0.9515205 0.1914234 0.2974715 -0.9428402 0.1502108 0.2920189 -0.9514453 0.09734874 0.3369072 -0.9405924 0.04218685 0.3197644 -0.9474957 -0.001655399 0.3306341 -0.9375298 -0.1082548 0.3278588 -0.9364361 -0.1248845 0.2907456 -0.927913 -0.2333335 0.2940438 -0.9273748 -0.2313317 0.2298125 -0.9230129 -0.308599 0.1666991 -0.9395807 -0.2989975 0.07080274 -0.9578642 -0.2783583 0.03862017 -0.9374005 -0.3461053 0.04275417 -0.9618304 -0.270286 0.1442504 -0.9888508 0.03696137 -0.04704594 -0.9906538 0.1280304 -0.2041733 -0.873461 0.4420173 0.1565244 -0.9549273 0.252218 -0.00226736 -0.9720064 -0.2349432 0.09936535 -0.9283304 -0.3582309 0.3104308 -0.9371945 -0.1590579 0.5439692 -0.8388878 0.01910531 0.3631671 -0.9315569 0.01764547 0.6943473 -0.719437 -0.0170955 0.5440256 -0.8388495 0.01917582 0.7180306 -0.677079 0.1612331 0.7027816 -0.7113349 -0.01003509 0.7875283 -0.6158555 0.02283465 0.7181258 -0.6769816 0.1612184 0.6759042 -0.7227298 0.1442749 0.7361537 -0.6768116 -0.001971364 0.5895764 -0.7977399 -0.126534 0.4736615 -0.8698988 -0.1375532 0.5897177 -0.7984839 -0.121065 0.544067 -0.8388239 0.01912409 0.7875105 -0.6158784 0.02282756 0.3543774 -0.9184929 -0.1754638 0.3693804 -0.9288101 -0.02949702 0.3197495 -0.9300141 -0.1812021 0.4720275 -0.8700732 -0.1419954 -0.002686858 -0.9877645 -0.1559301 0.09932154 -0.9283745 -0.3581286 -0.03058224 -0.9463787 -0.3216086 0.04115825 0.6009839 0.7982007 0.05122107 0.3350423 0.9408099 0.05655831 0.8170728 0.5737537 0.116571 0.429791 0.895372 0.02435034 0.157129 0.9872779 0.1233307 0.1451218 0.9816972 -0.6101408 -0.01096719 0.7922171 -0.5108628 -0.004725337 0.8596493 -0.4774636 -0.002464711 0.8786482 -0.4065202 0.001811385 0.9136401 -0.4093408 0.002012729 0.9123795 -0.9483872 0 -0.3171148 -0.9375945 0.001082658 -0.347729 -0.9376064 0.001080572 -0.3476968 -0.9258225 0.002161443 -0.3779526 -0.0431447 -0.08597129 -0.995363 0.07491743 -0.244559 -0.966736 0.009389817 -0.6961408 -0.7178439 -0.0022614 -0.9720314 -0.2348402 0.07845246 -0.4098469 -0.9087744 0.05468547 -0.9102008 -0.4105413 -0.300493 0.2480617 0.9209612 -0.1235328 0.3063523 0.9438686 0.04103571 0.6009584 0.7982263 0.04935812 0.4277542 0.9025465 -0.05683279 0.23001 0.9715274 0.1362236 0.04876387 0.9894773 0.02433729 0.1570406 0.9872923 -0.8832417 0.4686559 0.01567876 -0.9009037 0.4026761 0.16194 -0.9708364 0.1502956 0.1867836 -0.9983597 -0.05219811 -0.02352035 -0.9442247 0.32929 0.002782464 -0.9624888 -0.2712971 0.003670096 -0.9824759 0.1807584 -0.04547113 -0.9450724 0.1437935 -0.2935334 -0.9056417 0.1839428 -0.3820709 -0.8458451 -0.03637796 -0.5321871 -0.9176819 1.94162e-4 -0.3973157 -0.845818 -0.03657662 -0.5322162 -0.6862438 -0.1058214 -0.7196328 0.04443866 0.9703935 0.2374063 0.0830115 0.9863813 0.1419903 0.03004777 0.999027 -0.03228503 0.01312261 0.9991547 -0.03895801 0.03004026 0.9990241 -0.03238075 0.08379018 0.9715424 -0.2215504 0.04083591 0.8808081 -0.4717093 -0.191972 0.003910779 -0.9813926 -0.03930878 0.1841202 -0.9821175 0.2067344 0.1098064 -0.9722158 0.3215296 0.09389972 -0.9422322 0.07586485 0.3451585 -0.9354733 0.3122528 0.4152951 -0.8544169 -0.9112051 0.1587851 -0.380122 -0.9280225 -0.02590149 -0.3716229 -0.8984097 -0.03191173 -0.4379973 -0.9308822 -0.1440964 -0.3357003 -0.9298345 -0.158141 -0.3322639 -0.9045909 0.02198773 -0.4257134 -0.9045243 0.02199745 -0.4258545 -0.8506214 -0.05645483 -0.5227391 -0.7797093 0.03810328 -0.6249814 -0.5500201 -0.06867808 -0.8323228 0.8867622 -0.3520123 -0.2995667 0.9716002 -0.1409044 -0.1901026 0.9696871 -0.213195 -0.1193944 0.8431451 -0.08664286 -0.5306594 0.9716191 -0.1407209 -0.1901422 0.9178361 0.07766455 -0.3892881 0.9529871 0.1475715 -0.2646473 0.9201189 0.3856374 -0.06830155 -0.9025201 -0.09501612 0.4200352 -0.8689578 -0.1342822 0.47632 -0.8689571 -0.1342779 0.4763224 -0.7304793 -0.09319847 0.6765457 -0.8689455 -0.134301 0.4763372 -0.5088989 -0.06173533 0.8586098 0.9778009 -0.1978384 -0.06903225 0.8714744 -0.4480459 -0.1994675 0.9142799 -0.3015006 0.2705362 0.8983659 -0.3886702 0.2046321 0.8714743 -0.4480631 -0.1994295 0.695562 -0.5895639 0.410619 0.7595868 -0.618809 0.200258 0.3774864 -0.8976263 0.2275328 0.4768182 -0.6812681 0.5554441 0.6027705 -0.3542329 0.7149733 0.6954911 -0.5895535 0.4107541 0.2967532 -0.5784401 0.759832 0.5251181 -0.5711242 0.6309264 0.1548043 -0.896628 0.4148423 0.1077743 -0.6765068 0.7285076 -0.04747557 -0.9700143 0.2383662 -0.1302066 -0.9303075 0.3428912 -0.2419912 -0.7310329 0.6379899 -0.2394108 -0.7203906 0.6509378 0.4124221 0.5981048 -0.6871525 -0.08276522 0.9084247 -0.4097737 -0.08227252 0.9085429 -0.4096109 -0.2653259 0.8927001 -0.3642647 -0.08566254 0.9077786 -0.4106095 -0.3351219 0.9296832 -0.1529141 -0.40641 0.8977048 -0.1701675 -0.3462976 0.8976978 -0.2724276 -0.6752056 0.6671792 -0.3145942 -0.9825355 -0.1821539 -0.03800195 -0.8860169 -0.3711631 0.2778705 -0.8225011 -0.5200895 -0.2302151 -0.6449193 -0.6936894 0.3207401 0.6218689 -0.7656731 -0.1643897 0.5624697 -0.8230913 0.07841283 0.1495224 -0.9807741 -0.1254006 0.5624615 -0.8230937 0.07844781 0.06267279 -0.9980249 0.004305183 0.0107128 -0.9998667 0.01232534 0.1309238 -0.9873536 0.08939766 0.04037892 -0.9939833 0.1018171 0.07313698 -0.9767116 0.2017063 0.1834245 -0.9824571 0.03366976 0.0479145 -0.9939994 -0.09833407 0.5557498 -0.769895 0.313694 0.267672 -0.94994 0.161139 0.3749422 -0.8910272 0.2559082 0.2158873 -0.9530703 0.2122495 0.2675141 -0.9499735 0.1612036 -0.2587435 -0.9563792 0.1356121 -0.2007963 0.9775511 -0.06383401 0.3303127 -0.9296405 0.1632857 -0.9287468 0.02785944 -0.3696666 -0.9294282 0.02469033 -0.3681761 -0.9275633 0.02299004 -0.3729582 -0.9282092 0.008800983 -0.3719546 -0.9055034 -0.09242051 -0.4141522 0.3270186 -0.2211239 -0.9187835 0.5831596 -0.001652896 -0.812356 0.3577038 0.01889991 -0.9336439 0.357708 0.0188995 -0.9336423 0.6416134 -0.05804008 -0.7648291 0.471327 0.0216813 -0.881692 0.3259108 0.1548776 -0.9326282 0.9705305 -0.03984171 0.2376622 0.8325871 -0.1730316 0.5261737 0.8325868 -0.1730305 0.5261747 0.7109243 -0.3698117 0.5981855 0.8324804 -0.1731158 0.526315 0.3365564 -0.3899754 0.8571166 0.1378993 0.9769814 -0.1627616 0.09526848 0.9472417 -0.3060344 0.1644827 0.7552553 -0.6344565 0.2978432 0.4089522 -0.8625819 0.183171 0.785353 -0.5913283 0.02601885 0.7174557 -0.6961181 0.1644486 0.7551476 -0.6345933 0.02604377 0.7174781 -0.696094 -0.05752581 0.5841806 -0.8095825 0.7719318 0.5655789 0.2902445 0.2684028 0.9076718 0.3226328 0.5539174 0.7183171 0.4209466 0.3904825 0.7923184 0.4687803 0.06563109 0.8830596 0.4646486 -0.05876857 0.7830504 0.6191756 0.001408278 -0.9996982 -0.02453064 -0.007872104 -0.9996964 -0.02335 -0.001642644 -0.9996969 -0.02456694 -0.001666069 -0.9996969 -0.02456665 -0.00790292 -0.9996965 -0.02333724 -0.01995968 -0.9995251 -0.02348053 -0.03262871 -0.9990924 -0.02738595 -0.03881323 -0.9990471 -0.01996654 -0.02482295 -0.9996423 -0.009960711 -0.03984141 -0.9991759 -0.007759153 -0.006326794 -0.9999799 4.46565e-4 0 -1 -2.07476e-7 -0.003563582 -0.9999226 0.01192873 -0.005273461 -0.9997584 0.02133929 -0.008809387 -0.999705 0.022637 -0.001582264 -0.9996938 0.02469718 0.001540541 -0.9996969 0.02457314 0.007894635 -0.9996979 0.02327823 0.00163722 -0.9996967 0.02457231 0.007900416 -0.9996979 0.02327567 0.01643764 -0.9996271 0.02180504 0.02976256 -0.9992198 0.02596223 0.02066355 -0.9996753 0.01491129 0.01519966 -0.9998811 0.002630412 0.03124904 -0.9994999 -0.004853129 0.01958185 -0.9997993 -0.004256427 0.02806776 -0.9995064 -0.0141133 0.04196196 -0.9990352 -0.01295912 0.01620727 -0.9996981 -0.01846528 0.009402453 -0.9997011 -0.02256971 0.009261012 -0.9997031 -0.02254235 0.02985394 -0.9995524 -0.00193721 0.0120303 -0.9999249 -0.002385437 0.7070399 0.03425914 0.7063434 0.8232125 -0.09588503 0.5595777 0.5734705 0.04995644 0.8177017 0.365277 0.08243954 0.9272414 0.3182911 0.02921837 0.9475427 0.42218 0.06418341 0.9042371 0.5923104 -0.002126574 -0.8057072 0.7896813 0.03275942 -0.6126421 0.8307039 -0.02659749 -0.5560789 0.9181328 -5.3407e-4 -0.3962725 0.7896821 0.03275978 -0.6126411 0.9088785 -0.001365303 -0.4170588 0.8766162 -0.0510798 -0.4784715 0.6971272 0.003941714 -0.7169367 0.7704984 -0.04343056 -0.6359608 0.7703931 -0.04336524 -0.6360927 0.6607372 0.1675677 -0.7316744 0.4798118 -0.08982586 -0.8727611 0.4797807 -0.08988088 -0.8727726 0.6969966 0.003941833 -0.7170636 0.3254804 -0.003027677 -0.945544 0.1362819 -0.04204034 -0.9897778 0.6719757 -0.3233172 -0.6662692 -0.6970371 0.1623203 -0.6984208 -0.7948185 0.2039083 -0.5715635 -0.9029623 0.2765086 -0.3289411 -0.905653 0.1838539 -0.3820868 -0.7948772 0.203782 -0.5715271 -0.9761623 0.1660922 -0.1397165 -0.9029952 0.2765248 -0.3288372 -0.9761522 0.16619 -0.1396707 -0.9529417 0.2919499 0.0816555 -0.9807199 0.1106995 0.161041 -0.976181 0.1660898 -0.1395883 -0.8698176 0.218273 0.4424642 0.1801111 0.8299319 -0.5279897 0.08880484 0.9383891 -0.3339757 0.05716037 0.9178379 -0.3928186 -0.04572486 0.8340914 -0.549728 -6.21786e-4 0.7748633 -0.6321288 -0.122838 0.9004685 -0.4172139 0.2215399 0.03400754 -0.9745582 0.0171656 -0.2826573 -0.9590675 -0.133714 -0.2246269 -0.9652271 -0.1337269 -0.2246984 -0.9652087 0.1538711 -0.4591376 -0.874938 -0.4210212 -0.4478083 -0.7888023 -0.6893631 -0.2644319 -0.6744289 -0.8311329 -0.4387765 -0.3416043 -0.9624553 -0.259582 -0.07935494 -0.8543451 -0.4606481 0.24062 -0.8118954 -0.2497842 0.5276681 -0.5239132 -0.4148498 0.7439184 -0.2973994 -0.2365818 0.9249771 0.05857509 -0.4890432 0.8702906 -0.2973487 -0.236488 0.9250174 -0.1046935 -0.3551406 0.928932 0.3022189 -0.2147673 0.9287297 0.2614526 0.04640269 -0.9641004 0.4204028 0.3296737 -0.8453265 0.5558422 0.2670809 -0.7872149 0.5559177 0.2671937 -0.7871235 0.2646616 0.4946526 -0.8278122 0.7242507 0.4681329 -0.5062733 0.8090408 0.400398 -0.4302728 0.809037 0.4005404 -0.4301474 0.724251 0.4682474 -0.5061669 0.6890935 0.7201433 0.08089452 0.3819379 -0.9236594 0.03125554 0.3304724 -0.9295892 0.1632546 0.1835713 -0.9824311 0.03362631 -0.7061364 0.7038384 -0.07735103 -0.8256094 0.3579643 0.4361547 -0.7394218 0.4339338 0.5147397 -0.5603828 0.2432921 0.7916946 -0.739324 0.4340717 0.5147639 -0.5603009 0.2434023 0.7917186 -0.2677986 0.4870917 0.8312795 -0.4237749 0.317846 0.848168 -0.5602307 0.2433134 0.7917956 -0.2619566 0.0449295 0.9640333 0.4384909 0.3929855 -0.8082625 0.7908335 0.3856632 -0.475233 0.6430965 0.1368081 -0.7534657 0.888381 0.1084977 -0.4461026 0.7036428 0.1449527 -0.6956117 0.9043064 0.1458165 -0.4012078 0.9874967 0.1376172 -0.07688814 0.8712083 0.3911619 -0.2966286 0.9058398 0.3730769 0.2006688 0.8060934 0.5877974 -0.06861376 0.591468 0.7930871 0.1455282 0.8144678 0.4000901 0.4202025 0.6450355 0.6897896 0.3288153 0.2667285 0.9194676 0.2888514 0.1541638 0.9840668 -0.08857828 0.466652 0.8394924 -0.2783675 0.1542144 0.9840483 -0.08869582 0.3217198 0.8570992 -0.40234 0.2780063 0.7244108 -0.6308261 0.2780362 0.7243393 -0.630895 0.5121055 0.6740621 -0.5323423 0.1152499 0.3786354 -0.9183423 0.4081262 0.1310059 -0.9034768 0.4267511 0.1168711 -0.8967857 0.4725263 0.5047627 -0.7224497 0.5751371 0.3269343 -0.7498875 0.9042724 0.1457995 -0.4012904 0.9306212 0.3465269 -0.1177423 0.8284264 0.5528199 -0.09000074 0.983808 0.1789472 -0.009995698 0.9691538 0.06742101 0.2370558 0.8893984 0.1221188 0.4405196 0.6880694 0.1142978 0.7165868 0.5180198 0.5078103 0.6883199 0.5204986 0.5600744 0.6445137 0.5179175 0.5079336 0.6883059 0.1638225 0.682047 0.712723 0.06031596 0.8987176 0.4343603 0.03763002 0.9955049 0.08691471 -0.01420718 0.9895278 -0.1436418 0.1028549 0.9358837 -0.3369609 0.04069668 0.7723707 -0.6338671 -0.08823347 0.4908283 -0.8667771 -0.1497505 0.1061307 -0.9830113 0.1525998 0.06130999 -0.9863845 0.1924526 0.1841542 -0.963872 0.1525013 0.4031026 -0.902359 0.9401437 0.2447465 0.237127 0.8713103 0.1800783 0.4564979 0.5791399 0.02381592 0.8148803 0.2989691 0.08588802 0.9503899 0.5171018 0.451193 0.7273449 0.2233021 0.3433598 0.912272 -0.04852801 0.4227848 0.9049299 -0.03065603 0.6147743 0.7881071 -0.138686 0.8728215 0.4679197 -0.1175432 0.9233608 0.3654974 -0.03019821 0.9923946 0.1193367 0.002205669 0.9920409 -0.1258975 -0.07116365 0.8895496 -0.4512618 0.01162391 0.9412008 -0.3376476 0.0644651 0.8948898 -0.4416068 0.2120435 0.5110743 -0.8329709 0.09801405 0.1304442 -0.986599 -0.1715931 0.05670869 -0.9835344 -0.1060311 0.03133451 -0.9938691 0.07574319 0.3450406 -0.9355266 0.03711003 0.2537749 -0.9665512 -0.1919128 0.003892779 -0.9814043 0.8825436 0.4590069 -0.1021243 0.7291927 0.6606686 0.1783114 0.7529689 0.5538603 0.3553544 0.598091 0.621513 0.5059732 0.5668659 0.6872531 0.4542534 0.8712963 0.1801719 0.4564876 0.641644 0.4679214 0.6077356 0.5980511 0.6214959 0.5060414 0.6415408 0.4678953 0.6078646 0.4942702 0.4989364 0.7118704 0.5238143 0.7400215 0.4218848 0.4942992 0.4990121 0.7117971 0.3882957 0.7304982 0.561782 0.5237547 0.740109 0.4218055 0.4633397 0.8562095 0.2285203 0.5148242 0.85324 0.08329236 0.3539423 0.9309684 0.0895701 0.1269438 0.9709544 0.2028124 0.2082712 0.9748572 0.07922446 0.3917822 0.9006769 0.1878501 0.3917284 0.9007152 0.187779 0.4436035 0.8243206 0.3517267 0.2286173 0.9668435 0.1137884 0.2285914 0.9668483 0.1138001 0.3737819 0.8735005 0.3119037 0.3824226 0.8379606 0.3893263 0.5556987 0.8313722 -0.004395663 0.3255463 0.9454144 0.01453095 0.3537531 0.9310398 0.08957481 0.1492182 0.9638205 -0.2208716 0.2365882 0.8455683 -0.4785816 0.3844248 0.6378619 -0.6673455 0.1492453 0.96377 -0.221073 0.2524824 0.7440028 -0.6186378 0.1193984 0.9317553 -0.342894 0.3298394 0.407561 -0.8515281 0.2280178 0.7349209 -0.6386699 0.3380832 0.3624613 -0.868517 0.2628628 0.6530149 -0.7102639 0.2087026 0.4859909 -0.8486791 0.6306262 0.7757746 0.02201253 0.2655599 0.1158031 0.9571142 0.07946902 -0.1075112 0.9910227 0.01111757 0.1146563 0.9933431 -0.3075203 0.07807362 0.9483333 -0.4072279 0.3774675 0.8316754 -0.1828734 0.6779605 0.711988 -0.283726 0.9071756 0.310696 -0.1282011 0.9905026 0.04969096 -0.03427821 0.9954109 -0.0893433 -0.03215378 0.8452416 -0.5334164 0.08627909 0.7856341 -0.612646 0.2653771 0.3849921 -0.8839435 0.2847334 0.1467542 -0.9473068 0.2767474 -0.05938601 -0.9591059 0.03788727 -0.07590419 -0.9963951 -0.1603081 -0.1211905 -0.979599 -0.1318686 -0.06837826 -0.9889061 -0.1482736 -0.003941535 -0.9889385 0.08238559 -0.2247433 -0.970929 0.04371404 -0.1302171 -0.9905214 -0.1918954 0.003899753 -0.9814078 0.1206302 -0.1827355 -0.9757336 0.1094377 -0.2980402 -0.9482592 0.1207095 -0.18287 -0.9756986 0.3020691 -0.5128808 -0.8035594 0.04377049 -0.1302112 -0.9905197 0.1525747 -0.01604336 -0.9881618 0.166625 -0.3378572 -0.9263308 0.4632948 -0.2197789 -0.8585192 0.4251141 -0.285833 -0.8588234 0.1094518 -0.2979138 -0.9482972 0.4250913 -0.2860109 -0.8587754 0.2219787 -0.4074785 -0.8858255 0.3443224 -0.6714814 -0.6561669 0.2936824 -0.4904013 -0.8205226 0.609285 -0.3695501 -0.7015728 0.6381257 -0.1268985 -0.7594026 0.7167208 -0.08822679 -0.6917567 0.8737476 -0.008867561 -0.4862989 0.9541444 -0.1119568 -0.2776228 0.716826 -0.08821141 -0.6916497 0.9251179 -0.02403283 -0.3789187 0.8559121 -0.3336278 -0.3951038 0.9942576 -0.09366047 -0.05176466 0.9892932 -0.1321972 0.06183117 0.967339 -0.1366863 0.2134765 0.8361632 -0.5176604 0.18127 0.8821874 -0.4367768 0.1759871 0.9892774 -0.1323158 0.06182777 0.9435584 -0.3217692 -0.07849937 0.8361224 -0.5177229 0.1812799 0.5227356 -0.851174 -0.04743939 0.4445733 -0.8862895 0.1297907 0.9569594 -0.1018061 0.27178 0.8903373 -0.1838544 0.41653 0.6842321 -0.6323738 0.3632217 0.7949634 -0.5722075 0.2015241 0.4445393 -0.8862919 0.1298904 0.4520704 -0.8606265 0.2344238 0.3213481 -0.9135673 0.2492595 0.1163923 -0.9643759 0.2375546 0.232774 -0.9687649 0.08550447 0.4445702 -0.8862727 0.1299158 0.227759 -0.969628 -0.08914774 0.1163942 -0.964371 0.2375733 0.2067493 -0.9692202 -0.1336678 -0.1301651 -0.9303575 0.342771 -0.1301553 -0.93036 0.3427681 0.2067769 -0.9692108 -0.1336935 0.3194103 -0.9108335 -0.2614562 0.5369807 -0.7144731 0.448531 0.4926831 -0.5480489 0.6759481 0.3213831 -0.913526 0.2493654 0.3476077 -0.7453404 0.5688907 0.4928302 -0.5479699 0.6759049 0.7413609 -0.4296725 0.5155246 0.6536605 -0.1691532 0.7376416 0.8429657 -0.1199083 0.5244339 0.6536234 -0.1689865 0.7377128 0.5322299 -0.1053028 0.8400254 0.3104445 -0.1040853 0.9448759 0.2455045 6.92583e-5 0.9693955 -0.0268405 -0.009347856 0.9995961 0.1910898 -0.09003025 0.9774351 0.503027 -0.4778409 0.7201611 0.3798599 -0.3171669 0.8689716 0.6535577 -0.1691287 0.7377383 -0.0343607 -0.05922907 0.9976529 -0.1214928 -0.07676494 0.9896195 0.007906377 0.04517966 0.9989477 -0.121565 -0.07671511 0.9896145 -0.2297567 -0.003168463 0.973243 -0.3225579 -0.07276487 0.9437488 -0.01005351 0.05823975 0.9982521 -0.05698204 0.2300195 0.9715164 -0.2984834 0.1435037 0.9435648 -0.31878 -0.0191645 0.9476351 -0.300585 0.247974 0.9209547 -0.4218087 -0.02425408 0.9063605 -0.3790351 0.2990365 0.8757337 -0.3467327 0.3800321 0.8575267 -0.3065759 0.3756879 0.8745684 -0.1685379 0.8711107 0.4612606 -0.3790271 0.2991441 0.8757005 -0.2941612 0.5513337 0.7807051 -0.3353006 0.5744804 0.74669 -0.5457764 0.3220561 0.7735685 -0.3957556 0.1844471 0.8996426 -0.5356017 0.05166757 0.8428888 -0.6215655 -0.1135887 0.7750833 -0.764057 -0.1150927 0.6347997 -0.831126 -0.1632003 0.531597 -0.9071488 -0.1493088 0.393431 -0.9518132 -0.2174637 0.2162433 -0.9984742 0.01128035 0.05405658 -0.9960238 -0.06938558 -0.05587613 -0.9960315 -0.06928527 -0.05586647 -0.9668706 0.2383153 0.09147113 -0.9168759 0.3886092 0.09122288 -0.9926577 0.1206475 0.008668303 -0.9571306 -0.2052115 -0.2044242 -0.9938365 -0.04030609 0.1032694 -0.9768058 -0.08349454 -0.1971779 -0.9972622 -0.05626654 0.04798144 -0.9893379 0.006500422 -0.1454935 -0.9761319 -0.007919788 -0.2170342 -0.9973435 0.05068045 -0.05232024 -0.997433 0.01194655 -0.07060205 -0.9956387 0.01104778 0.09263747 -0.9787857 0.06698447 0.1936277 -0.9273359 0.009614825 0.3741064 -0.8654531 0.05090099 0.4983977 -0.735943 -0.163538 0.6569957 -0.6343563 0.02655637 0.7725846 -0.5527865 -0.1899554 0.8113841 -0.4107225 -0.0986697 0.9064057 -0.4058673 -0.4274256 0.8078238 -0.3193107 -0.2513096 0.91372 -0.1457548 -0.5773742 0.8033647 -0.3193023 -0.2513191 0.9137204 -0.193293 -0.4768782 0.8574526 -0.1590421 -0.2272717 0.9607565 -0.1931237 -0.07684272 0.9781607 -0.4349614 0.009633362 0.9003976 -0.4329691 0.02110987 0.9011616 -0.4385266 0.03352063 0.898093 -0.6012664 0.09653425 0.7931961 -0.666326 0.4591485 0.5875309 -0.4086493 0.7943955 0.4493792 -0.3329778 0.8624344 0.3812252 -0.4071745 0.3776377 0.8316242 -0.1388329 0.8728048 0.4679073 -0.498151 0.8393077 0.2177345 -0.3330253 0.8624842 0.3810711 -0.4974771 0.867241 0.02024376 -0.460489 0.8781327 -0.1297418 -0.1450812 0.8991022 -0.4129973 0.01992762 0.4297618 -0.9027224 -0.01810055 0.327441 -0.9446983 0.2193091 0.09742593 -0.970779 0.2289993 0.06658512 -0.9711467 0.2096235 -0.06581795 -0.9755645 0.2463403 -0.2786401 -0.9282652 0.240804 -0.4494355 -0.8602448 -0.01748234 -0.3640769 -0.9312049 -0.1325586 -0.3986238 -0.9074841 0.0464636 -0.7931563 -0.6072431 0.049447 -0.8389781 -0.5419141 0.2920443 -0.7163375 -0.6336962 0.4432451 -0.6638948 -0.6023101 0.4633493 -0.2198317 -0.8584762 0.7800921 -0.3737177 -0.5017883 0.7729682 -0.2445542 -0.5854175 0.9091191 -0.3751502 -0.181011 0.9057686 -0.3912408 0.1628311 0.8250896 -0.3910343 0.4078229 0.5702849 -0.4614341 0.6795983 0.5743576 -0.3761078 0.7270876 0.2400557 -0.3611579 0.9010762 0.2437424 -0.1204573 0.9623304 0.06339907 -0.09125018 0.9938079 -0.2533589 -0.1769595 0.9510493 -0.3880412 -0.06632947 0.9192522 -0.5312767 -0.2697185 0.8031172 -0.7299759 -0.428978 0.5320837 -0.8266473 -0.2340911 0.5117183 -0.9245398 -0.3120502 0.2187488 -0.9713774 -0.2369419 0.0168721 -0.9561707 -0.2927476 -0.006028831 -0.8751655 -0.393885 -0.2809629 -0.847006 -0.3971759 -0.3533161 -0.7930445 -0.3293909 -0.5124278 -0.8193998 -0.1839196 -0.5429159 -0.8732224 -0.09998619 -0.4769544 -0.8650596 0.002692997 -0.5016619 -0.9714659 0.1044217 -0.2129559 -0.9856454 0.1666727 -0.02689808 -0.9563389 0.181231 0.2292846 -0.8390223 0.1239845 0.5297825 -0.6256042 0.06726229 0.7772358 -0.8098341 0.1850791 0.5566998 -0.8075264 0.4452562 0.3868439 -0.8208605 0.5562106 0.1296845 -0.7534831 0.6570715 -0.02280724 -0.8319319 0.5452645 -0.1028403 -0.7049914 0.5811569 -0.4065021 -0.6852646 0.5524899 -0.4745181 -0.6852334 0.552464 -0.4745934 -0.03227949 0.845179 -0.5335077 -0.2275077 0.5836714 -0.7794665 -0.6639853 0.5274345 -0.5300344 -0.1730613 0.3558242 -0.9183893 -0.2853928 0.1874598 -0.9398989 -0.1455204 0.1178096 -0.982316 -0.2223381 0.1681609 -0.9603582 0.03520411 0.07773053 -0.9963527 0.0989468 -0.06052482 -0.9932504 -0.1368928 -0.1218605 -0.9830619 -0.1262356 -0.2955354 -0.9469548 0.08911228 -0.6488804 -0.7556542 0.08622646 -0.7319906 -0.6758363 0.07313549 -0.7702382 -0.633549 -0.1245992 -0.7719501 -0.6233524 -0.1140878 -0.8181789 -0.5635312 0.04935669 -0.8389529 -0.5419613 -0.1062679 -0.8665196 -0.4876997 0.04939693 -0.8390218 -0.541851 -0.007155716 -0.9893394 -0.1454529 0.1172467 -0.9921721 -0.04298692 0.117211 -0.9921731 -0.04306215 0.04680949 -0.8834519 -0.4661776 0.3610797 -0.85426 -0.3739806 0.6650604 -0.7332199 0.1417154 0.6149024 -0.7278363 0.3035613 0.5121414 -0.5392019 0.66856 0.07439625 -0.8204626 0.566839 0.5120713 -0.5392066 0.66861 0.2399399 -0.3612902 0.901054 0.06761705 -0.8554913 0.5133835 -0.01081919 -0.4365491 0.8996154 -0.3931517 -0.5992131 0.6974062 -0.3294005 -0.6758281 0.6593571 -0.3931835 -0.5992184 0.6973837 -0.3152598 -0.7323061 0.6036052 -0.4469934 -0.8771936 0.1752948 -0.8181635 -0.5501931 0.1670211 -0.9211663 -0.387983 -0.03036457 -0.9172027 -0.3889255 -0.08646458 -0.5105452 -0.3517348 -0.7846186 -0.7570472 -0.4227023 -0.4981991 -0.7235956 -0.4947369 -0.4812951 -0.8078972 -0.5175322 -0.281891 -0.6578242 -0.4990783 -0.5640819 -0.6710093 -0.4012382 -0.6235018 -0.5535209 -0.1617472 -0.8169778 -0.5643261 -0.09722501 -0.819807 -0.6082755 -0.04980784 -0.7921617 -0.5488705 0.006090164 -0.8358852 -0.8603921 0.09513884 -0.5006736 -0.9544546 0.21464 -0.207235 -0.9614576 0.2746631 0.01263236 -0.950607 0.2832304 0.1269924 -0.9364944 0.2653301 0.2292992 -0.9166579 0.3990458 -0.02238333 -0.9271554 0.3331755 -0.1713969 -0.6853827 0.5523949 -0.4744583 -0.7829638 0.2998652 -0.5450216 -0.4890922 0.1897257 -0.8513478 -0.8537747 0.1895257 -0.4849215 -0.5784453 0.1140392 -0.8077105 -0.5211555 0.09509575 -0.8481472 -0.4020755 0.2115139 -0.8908407 -0.2855597 0.02070564 -0.9581372 -0.2308705 -0.01938301 -0.9727915 -0.2853404 0.1873516 -0.9399363 -0.1940981 -0.05417162 -0.9794853 -0.4555929 -0.2302056 -0.8599072 -0.1761813 -0.6686031 -0.7224473 -0.1784737 -0.9810416 -0.07552981 -0.2022866 -0.9016405 -0.3822624 0.009440958 -0.9929299 -0.1183265 -0.01213657 -0.8415155 -0.5400967 0.07311707 -0.7703685 -0.6333927 -0.1140642 -0.8182858 -0.5633807 -0.0336132 -0.9938433 0.1055731 0.08739626 -0.9903154 0.1078761 0.356072 -0.9254233 0.1296316 0.2676967 -0.9229989 0.2764269 0.5202227 -0.5885965 0.6188073 -0.03358626 -0.9938345 0.1056643 0.06758314 -0.8555869 0.5132287 -0.2100572 -0.8293005 0.5178194 -0.3151375 -0.7323254 0.6036455 -0.1694843 -0.8949398 0.4127445 -0.1216894 -0.9921717 0.02805542 -0.4073902 -0.9132353 0.005893766 -0.7616156 -0.6480043 -0.005673527 -0.8173328 -0.5719608 -0.06948471 -0.8324716 -0.5283986 -0.1666918 -0.5850821 -0.8017239 -0.122139 -0.2918372 -0.9140824 -0.281575 -0.4091487 -0.8274956 -0.3845106 -0.5851496 -0.8016578 -0.122249 -0.6436678 -0.7015262 -0.3058642 -0.3195537 -0.8649902 -0.3868817 -0.6436783 -0.7015293 -0.3058349 -0.6578711 -0.4992025 -0.5639171 -0.8078183 -0.5176782 -0.281849 -0.1318686 -0.9912113 -0.01053595 -0.1417819 -0.9898691 0.007558345 0.06037795 -0.8941403 0.4436977 0.06761801 -0.8555767 0.513241 0.3678606 -0.7293416 0.5768358 -0.3101791 -0.02186542 -0.9504267 -0.5954383 0.0630089 -0.8009265 0.1005519 0.1158635 0.9881625 -0.03900247 -0.1050854 0.9936982 -0.05293595 -0.4136708 0.9088863 0.009541094 -0.001526594 0.9999534 -0.03918617 -0.1050908 0.9936903 -0.2082163 -0.01220655 0.9780067 -0.1672322 -0.01666259 0.9857767 -0.7154715 0.03092062 -0.6979574 -0.87728 -0.1024466 -0.4689185 -0.9459949 8.15572e-4 -0.3241808 -0.9976735 -2.58681e-6 -0.06817358 -0.9933192 0.0712946 0.0907427 -0.9265405 -0.07556194 0.3685283 -0.8103285 0.02430015 0.585472 -0.5496993 -0.1220071 0.8264049 -0.3266667 0.1020054 0.939619 -0.04642879 -0.09777486 0.994125 0.2009249 0.1046194 0.9740042 0.5113126 -0.0892992 0.8547427 0.4767687 0.7774105 0.4102739 0.4679101 0.7980533 0.3796988 0.2649371 0.8633555 0.4294483 0.1472905 0.8904904 0.4305026 -0.1797829 0.866612 0.4654695 -0.005907416 -0.9996501 0.02578401 -0.00394231 -0.9998437 0.01723641 -0.003949165 -0.9998432 0.01726526 -0.005907237 -0.999648 0.02586358 -0.001964986 -0.9998523 0.01707375 -0.003933966 -0.9998445 0.01719611 -0.001969337 -0.999852 0.01709592 1.32807e-6 -0.9998568 0.0169214 -7.13463e-7 -0.9998568 0.0169261 -0.001965463 -0.9998518 0.01710891 0 -0.9998568 0.0169261 2.19559e-7 -0.9998568 0.01692622 -5.79427e-7 -0.9998568 0.01692622 0 -0.999964 0.008489787 0 -0.9999644 0.008437037 0 -0.9998569 0.0169214 -1.013e-5 -0.9999644 -0.008437037 0 -0.9998561 -0.01696932 -1.03393e-5 -0.9998557 -0.01698774 -1.13295e-5 -0.9999644 -0.008455455 -1.02192e-5 -0.9998557 -0.01698774 -1.02805e-5 -0.9998559 -0.01697295 -9.24194e-6 -0.999856 -0.01697295 0.001961886 -0.9998519 -0.01710301 0.001967847 -0.9998528 -0.01704722 -1.10948e-5 -0.9998561 -0.01696872 0.003937184 -0.9998453 -0.01714557 0.001974403 -0.9998524 -0.01707434 0.003951251 -0.9998442 -0.0172066 0.005907237 -0.9996534 -0.02565795 0.005907356 -0.9996501 -0.02578681 0.003947079 -0.9998445 -0.01718896 0.07647103 -0.5772937 -0.8129479 0.07895851 -0.8309212 -0.5507591 0.3186306 -0.5969856 -0.7362627 0.3531292 -0.3623124 -0.8625714 0.1097056 -0.7162018 -0.6892167 0.467459 -0.617377 -0.6327147 0.353136 -0.3622579 -0.8625916 0.5387822 -0.4824702 -0.6906058 0.5550337 -0.2140113 -0.8038263 0.4379511 -0.1486108 0.8866305 0.712221 -0.1936022 0.6747292 0.5316228 -0.2036188 0.8221415 0.7818228 -0.2116616 0.5864747 0.9001243 -0.1894549 0.3922795 0.9457621 -0.1592866 0.2831289 0.9935516 -0.0987401 0.05572849 0.9956701 -0.06860053 -0.0627309 0.9557939 -0.0611903 -0.2875999 0.915219 -0.0963571 -0.3912669 0.8008551 -0.09953337 -0.5905289 0.7257283 -0.1054721 -0.6798486 0.5489575 -0.07946902 -0.832064 0.4474153 -0.07616752 -0.891077 0.2304922 -0.06579756 -0.9708471 0.1204851 -0.09864652 -0.9878018 -0.1091626 -0.1273477 -0.9858328 -0.2208355 -0.1731879 -0.9598113 -0.4402102 -0.1745908 -0.8807571 -0.5388948 -0.1855247 -0.8216892 -0.7141944 -0.1867413 -0.674577 -0.7882722 -0.1892095 -0.585514 -0.9024752 -0.1822525 -0.3902852 -0.9495844 -0.1418384 -0.2795912 -0.9927752 -0.1072905 -0.05372262 -0.9910963 -0.1190474 0.05963152 -0.9464751 -0.1604448 0.2800756 -0.9013009 -0.1968079 0.3859062 -0.7882843 -0.1873041 0.5861101 -0.7145519 -0.136246 0.686187 -0.541182 -0.08988189 0.8360881 -0.4417234 -0.05390381 0.8955305 -0.2336097 -0.1582617 0.9593642 -0.09641534 -0.1656496 0.9814603 0.1370874 -0.1624961 0.9771398 0.2424784 -0.114333 0.9633961</float_array>
          <technique_common>
            <accessor source="#polygons_003-mesh-normals-array" count="2383" stride="3">
              <param name="X" type="float"/>
              <param name="Y" type="float"/>
              <param name="Z" type="float"/>
            </accessor>
          </technique_common>
        </source>
        <vertices id="polygons_003-mesh-vertices">
          <input semantic="POSITION" source="#polygons_003-mesh-positions"/>
        </vertices>
        <triangles material="Surface_1_005-material" count="1700">
          <input semantic="VERTEX" source="#polygons_003-mesh-vertices" offset="0"/>
          <input semantic="NORMAL" source="#polygons_003-mesh-normals" offset="1"/>
          <p>0 0 1 1 2 2 2 2 1 1 3 3 3 3 1 1 4 4 4 4 1 1 5 5 4 4 5 5 6 6 4 4 6 6 7 7 7 7 6 6 8 8 7 9 8 8 9 8 7 10 9 8 10 11 7 10 10 11 11 12 11 12 10 11 12 13 11 12 12 13 13 14 11 12 13 14 14 15 14 15 13 14 15 16 14 15 15 16 16 17 16 17 15 16 17 18 17 18 15 16 18 19 17 18 18 19 19 20 17 18 19 20 20 21 20 21 19 20 21 8 20 22 21 8 22 8 20 23 22 24 23 25 20 23 23 25 24 26 24 26 23 25 25 27 24 26 25 27 0 0 24 26 0 0 2 2 26 28 2 2 3 3 27 8 14 15 16 17 27 8 16 17 28 8 29 29 30 29 31 29 32 30 33 30 30 30 33 31 32 31 34 31 30 32 29 32 32 32 29 33 31 33 35 33 36 34 37 35 38 34 39 36 40 37 41 38 42 39 43 39 44 39 45 40 46 41 47 40 48 42 49 43 50 44 50 45 51 45 48 45 52 46 53 47 49 48 49 49 54 50 50 51 54 52 49 53 53 54 37 55 55 56 38 57 56 58 57 58 58 58 53 59 43 60 54 61 59 62 60 63 61 64 62 65 63 66 64 67 65 68 66 68 67 68 68 69 52 70 69 71 70 72 71 73 72 74 73 75 74 76 75 77 73 78 75 79 76 80 76 80 75 79 77 81 76 80 77 81 78 82 78 82 77 81 79 83 79 83 77 81 80 84 80 84 77 81 81 85 81 85 77 81 82 86 82 86 77 81 75 87 82 86 75 87 83 88 83 88 75 87 74 89 83 88 74 89 84 90 84 91 74 92 85 93 85 93 74 92 86 94 86 94 74 92 87 95 86 94 87 95 88 96 88 96 87 95 89 97 88 96 89 98 90 99 90 99 89 98 91 100 90 99 91 100 92 101 88 96 90 99 86 94 86 94 90 99 85 93 85 93 90 99 84 91 83 88 84 90 93 102 83 88 93 102 90 103 83 88 90 103 82 86 82 86 90 103 94 104 94 104 90 103 95 105 94 104 95 105 96 106 96 107 95 108 97 109 96 107 97 109 98 110 96 107 98 110 99 111 99 112 98 113 100 114 99 115 100 116 101 117 101 117 100 116 102 118 101 117 102 118 103 119 103 119 102 118 104 120 104 120 102 118 105 121 104 120 105 121 106 122 106 122 105 121 107 123 106 122 107 123 108 124 103 119 104 120 109 125 109 125 104 120 110 126 109 125 110 126 111 127 111 127 110 126 112 128 111 127 112 128 113 129 113 129 112 128 114 130 111 127 113 129 115 131 115 131 113 129 116 132 115 131 116 132 117 133 117 133 116 132 118 134 117 133 118 134 119 135 119 135 118 134 120 136 119 135 120 136 121 137 121 137 120 136 122 138 121 137 122 138 123 139 123 139 122 138 124 140 123 139 124 140 125 141 125 141 124 140 126 142 125 141 126 142 127 143 127 143 126 142 128 144 127 143 128 144 129 145 129 145 128 144 130 146 129 145 130 146 131 147 131 147 130 146 132 148 117 133 119 135 133 149 94 150 96 151 52 152 82 86 94 104 68 153 68 153 94 104 52 154 81 85 82 86 68 153 81 85 68 153 69 155 81 85 69 155 134 156 134 156 69 155 135 157 135 157 69 155 52 158 135 157 52 158 136 159 136 159 52 158 137 160 137 160 52 158 49 161 136 159 137 160 138 162 134 156 135 157 136 163 80 84 81 85 134 164 80 165 134 166 139 167 79 168 80 169 139 170 79 168 139 170 140 171 76 172 78 173 141 174 76 80 141 175 73 78 134 176 142 177 139 178 143 179 144 180 145 181 146 182 147 182 148 182 149 183 150 183 151 183 152 184 143 185 145 186 150 187 153 188 151 189 93 190 84 190 90 190 95 191 90 192 154 193 155 194 156 195 157 196 158 197 159 197 160 197 161 198 162 199 163 200 164 201 165 201 166 201 170 202 171 202 172 202 171 203 170 204 173 204 174 205 175 206 176 207 157 208 177 209 155 209 178 210 179 211 180 212 175 213 174 213 181 213 182 214 183 215 179 216 164 217 173 217 165 217 182 218 179 219 178 220 173 221 164 221 171 221 92 222 168 223 90 224 184 225 185 226 186 227 180 228 187 229 188 230 189 231 190 231 191 231 168 232 192 233 90 234 193 235 194 235 195 235 196 236 189 236 197 236 198 237 199 238 200 239 201 240 61 241 202 242 201 240 202 242 203 243 203 244 202 245 204 246 203 244 204 246 205 247 205 247 204 246 206 248 206 249 204 250 207 251 206 249 207 251 208 252 205 247 206 248 203 253 203 254 206 255 208 256 201 240 203 243 209 257 201 240 209 257 210 258 210 258 209 257 211 259 211 259 209 257 203 260 211 261 203 262 212 263 212 264 203 265 213 266 213 267 203 268 208 269 210 258 211 259 41 270 41 271 211 272 39 273 210 258 41 270 214 274 214 274 41 270 40 275 214 274 40 275 215 276 215 277 40 278 216 279 215 280 216 281 217 282 217 282 216 281 218 283 218 283 216 281 219 284 219 284 216 281 35 285 35 285 216 281 40 286 218 283 219 284 220 287 220 287 219 284 221 288 221 288 219 284 34 289 221 288 34 289 222 290 221 288 222 290 223 291 223 291 222 290 224 292 224 292 222 290 225 293 225 293 222 290 226 294 225 293 226 294 227 295 227 295 226 294 42 296 225 293 227 295 228 297 225 293 228 298 224 292 224 292 228 299 223 291 223 291 228 299 229 300 223 291 229 301 220 287 220 302 229 303 59 304 220 287 59 305 218 283 223 291 220 287 221 288 217 282 218 283 59 306 217 282 59 306 215 307 210 258 214 274 230 308 230 308 214 274 215 276 230 308 215 276 59 309 210 258 230 308 201 240 231 310 232 311 233 312 231 313 233 314 234 315 231 313 234 315 235 316 231 313 235 316 236 317 231 313 236 317 237 318 231 319 237 320 232 321 232 321 237 320 238 322 238 322 237 320 239 323 232 324 238 325 240 326 193 327 195 328 200 329 241 330 242 331 243 332 244 333 245 334 42 335 245 336 244 337 246 338 247 339 246 340 244 339 248 341 249 342 250 343 248 341 250 343 251 344 251 344 250 343 252 345 252 345 250 343 253 346 253 346 250 343 245 347 245 347 250 343 42 348 42 348 250 343 43 349 252 345 253 346 254 350 252 345 254 350 208 351 251 344 252 345 255 352 251 344 255 352 256 353 256 354 255 355 257 356 257 356 255 355 258 357 251 344 256 353 259 358 259 358 256 353 260 359 259 358 260 359 261 360 261 360 260 359 262 361 261 360 262 361 263 362 261 360 263 362 264 363 261 360 264 363 265 364 265 364 264 363 266 365 265 364 266 365 267 366 265 364 267 367 251 344 251 344 267 367 268 368 251 344 268 368 269 369 269 369 268 368 240 370 240 370 268 368 270 371 270 371 268 368 267 372 270 371 267 372 266 373 270 371 266 373 233 374 270 375 233 376 232 377 240 370 270 371 232 378 265 364 251 344 261 360 261 360 251 344 259 358 42 379 226 380 244 381 271 382 272 383 273 384 274 385 263 386 262 387 275 388 276 388 39 388 277 389 271 390 273 391 277 389 273 391 278 392 278 392 273 391 184 393 278 392 184 393 279 394 278 392 279 394 280 395 277 389 278 392 281 396 277 389 281 396 282 397 276 398 275 398 283 398 283 399 275 400 39 401 283 399 39 401 284 402 284 402 39 401 211 403 284 402 211 403 212 404 284 402 212 404 32 405 32 405 212 404 222 406 222 406 212 404 213 407 222 406 213 407 285 408 285 408 213 407 171 409 171 409 213 407 172 410 285 408 171 409 286 411 286 411 171 409 164 412 286 411 164 412 287 413 287 413 164 412 166 414 287 413 166 414 247 415 247 415 166 414 288 416 247 415 288 416 246 417 285 408 286 411 244 418 244 418 286 411 247 419 247 419 286 411 289 420 247 419 289 420 290 421 32 405 222 406 34 422 284 402 32 405 29 423 284 402 29 423 276 424 276 424 29 423 35 425 276 424 35 425 39 426 39 426 35 425 40 427 55 428 291 429 292 430 55 431 292 432 38 433 38 433 292 432 293 434 293 434 292 432 294 435 294 435 292 432 282 436 294 435 282 436 295 437 294 435 295 437 296 438 294 435 296 438 143 439 143 440 296 441 144 442 294 435 143 443 293 434 293 434 143 443 297 444 297 444 143 443 298 445 293 434 297 444 38 433 38 446 297 447 299 448 299 448 297 447 300 449 300 449 297 447 301 450 301 450 297 447 298 451 301 452 298 453 302 454 299 448 300 449 303 455 38 446 299 448 36 456 304 457 281 458 305 457 306 459 305 459 307 459 289 460 286 460 287 460 283 461 284 461 276 461 287 462 290 462 289 462 161 463 308 464 309 465 309 466 310 467 311 468 309 469 311 470 312 471 312 472 311 473 313 474 313 474 311 473 314 475 313 474 314 475 176 476 312 472 313 474 315 477 315 477 313 474 180 478 180 478 313 474 176 479 315 480 180 481 316 482 312 472 315 477 317 483 308 484 161 485 163 486 308 487 163 488 318 489 318 490 163 491 162 492 318 493 162 494 319 495 290 496 287 496 247 496 320 497 321 498 322 499 323 500 324 501 325 502 326 503 321 504 327 505 321 506 326 507 322 508 328 509 329 510 330 511 331 512 332 513 333 514 334 515 335 516 336 517 322 518 333 519 332 520 337 521 338 522 334 523 332 524 320 524 322 525 334 526 338 527 335 528 339 529 335 530 338 531 340 532 4 533 341 534 342 535 338 536 337 535 343 537 174 538 344 538 176 539 344 540 174 541 345 542 346 542 347 542 281 543 348 544 349 545 323 546 350 547 324 548 235 549 351 549 236 549 352 550 324 551 350 552 156 553 155 554 353 554 354 555 355 555 349 555 356 556 357 557 358 558 359 559 360 560 361 561 172 562 213 563 208 564 362 565 361 566 360 567 362 568 360 569 363 569 361 570 364 571 359 572 365 573 170 574 172 575 168 576 92 577 366 578 20 579 367 580 17 581 368 582 369 583 370 584 353 585 371 586 156 587 371 588 353 588 328 588 258 589 255 590 252 590 372 591 101 592 373 591 374 593 375 593 376 593 375 594 377 594 378 594 379 595 380 596 381 597 382 68 383 68 384 68 382 598 384 598 385 598 385 68 384 68 386 68 385 68 386 68 387 68 387 599 386 599 388 599 387 600 388 600 389 600 389 601 388 601 390 601 389 68 390 68 391 68 391 602 390 602 392 602 391 68 392 68 393 68 393 603 392 603 394 603 393 68 394 68 395 68 395 68 394 68 396 68 395 68 396 68 397 68 397 604 396 604 398 604 397 68 398 68 399 68 336 605 400 606 334 607 325 608 401 609 323 610 334 611 402 612 337 613 401 614 325 615 403 616 404 617 405 617 406 617 407 618 401 619 403 620 407 618 403 620 408 621 408 622 403 623 177 624 177 624 403 623 409 625 409 625 403 623 207 626 207 626 403 623 258 627 177 624 409 625 410 628 177 624 410 628 155 629 155 629 410 628 353 630 353 630 410 628 411 631 411 631 410 628 46 632 411 631 46 632 412 633 412 633 46 632 45 634 412 633 45 634 413 635 413 635 45 634 414 636 414 636 45 634 47 637 414 636 47 637 415 638 414 636 415 638 416 639 416 639 415 638 417 640 416 641 417 642 418 643 418 644 417 645 419 646 419 646 417 645 66 647 419 646 66 647 132 648 419 649 132 650 130 651 353 630 411 631 328 652 328 652 411 631 420 653 328 652 420 653 333 519 328 652 333 519 329 654 329 654 333 519 322 518 329 654 322 518 421 655 421 656 322 657 326 658 421 659 326 660 422 661 422 661 326 660 423 662 422 661 423 662 424 663 424 663 423 662 425 664 424 663 425 664 426 665 426 665 425 664 427 666 426 665 427 666 428 667 428 667 427 666 429 668 407 618 408 621 430 669 431 670 432 670 433 671 431 672 433 673 434 674 434 674 433 673 435 675 434 676 435 677 436 678 436 678 435 677 437 679 436 678 437 679 438 680 438 680 437 679 439 681 438 680 439 681 440 682 440 682 439 681 441 683 440 684 441 685 442 686 442 686 441 685 443 687 442 688 443 689 444 689 53 690 445 691 228 692 228 693 445 694 229 695 229 696 445 691 446 697 446 697 445 691 447 698 447 698 445 691 53 690 446 697 447 698 448 699 448 699 447 698 60 700 60 700 447 698 61 701 61 701 447 698 449 702 449 702 447 698 450 703 450 703 447 698 52 704 52 705 447 706 53 707 450 703 52 704 96 708 449 702 450 703 451 709 451 709 450 703 452 710 452 710 450 703 96 711 452 710 96 711 372 712 372 713 96 714 99 715 372 716 99 717 101 718 451 709 452 710 148 719 148 719 452 710 146 720 146 720 452 710 372 721 146 720 372 721 453 722 453 722 372 721 373 723 453 722 373 723 67 724 67 724 373 723 65 725 65 725 373 723 66 726 66 726 373 723 132 727 132 727 373 723 454 728 454 728 373 723 133 729 133 729 373 723 111 730 111 730 373 723 109 731 109 731 373 723 103 732 103 732 373 723 101 733 133 729 111 730 115 734 133 729 115 734 117 735 454 728 133 729 123 736 123 736 133 729 121 737 121 737 133 729 119 738 454 728 123 736 125 739 454 728 125 739 127 740 454 728 127 740 129 741 454 728 129 741 132 727 132 727 129 741 131 742 453 722 67 724 415 743 415 744 67 745 417 746 417 746 67 745 66 747 453 722 415 748 147 749 147 750 415 751 47 752 453 722 147 749 146 720 451 709 148 719 46 753 451 709 46 754 410 755 451 709 410 755 449 702 449 702 410 755 455 756 455 757 410 758 409 759 61 701 449 702 202 760 202 760 449 702 455 761 202 760 455 761 204 762 448 763 60 764 59 765 448 699 59 766 229 696 448 699 229 696 446 697 37 767 456 768 457 769 37 770 457 771 458 772 37 773 458 774 459 775 37 773 459 775 460 776 460 776 459 775 458 777 460 776 458 777 461 778 461 779 458 780 462 781 461 782 462 783 463 784 463 785 462 786 464 787 460 776 461 778 465 788 460 776 465 788 291 789 460 776 291 789 55 790 460 776 55 791 37 773 466 792 464 793 462 794 466 795 462 796 458 772 466 795 458 772 457 771 466 797 457 769 456 768 467 798 54 799 43 800 467 798 43 800 468 801 468 801 43 800 250 802 468 801 250 802 249 803 468 801 249 803 469 804 469 804 249 803 248 805 469 804 248 805 470 806 470 806 248 805 269 807 269 807 248 805 251 808 470 806 269 807 471 809 471 809 269 807 240 810 471 809 240 810 355 811 355 812 240 813 349 814 349 814 240 813 238 815 349 814 238 815 239 816 349 814 239 816 282 817 282 817 239 816 472 818 349 814 282 817 281 819 471 820 355 821 473 822 470 806 471 809 474 823 467 824 468 825 475 826 227 827 42 828 476 829 476 829 42 828 43 830 476 829 43 830 53 831 227 827 476 829 53 832 227 833 53 690 228 692 477 834 478 835 479 836 477 834 479 836 480 837 480 837 479 836 481 838 480 839 481 840 150 841 150 841 481 840 482 842 150 843 482 844 153 845 477 834 480 837 70 846 70 846 480 837 483 847 477 834 70 846 484 848 477 834 484 848 485 849 477 834 485 849 478 850 486 851 487 852 488 853 486 851 488 853 489 854 489 854 488 853 490 855 490 856 488 857 491 858 429 859 427 860 486 861 429 862 486 863 489 864 429 865 489 866 428 867 492 868 343 869 307 870 492 871 307 872 493 873 493 874 307 875 305 876 493 874 305 876 158 877 158 877 305 876 278 878 278 878 305 876 281 879 158 880 278 881 159 882 492 871 493 873 494 883 492 871 494 883 495 884 495 884 494 883 496 885 495 884 496 885 497 886 497 886 496 885 498 887 497 886 498 887 370 888 370 888 498 887 366 889 370 888 366 889 92 890 370 888 92 890 241 891 241 891 92 890 242 892 370 888 241 891 368 893 492 871 495 884 499 894 87 895 500 896 89 897 89 898 500 899 501 900 89 901 501 902 502 903 503 904 504 905 295 906 503 904 295 906 472 907 472 907 295 906 282 908 503 904 472 907 346 909 17 910 367 911 505 912 17 913 505 914 16 915 16 915 505 914 506 916 16 915 506 916 28 917 28 917 506 916 507 918 28 917 507 918 27 919 27 919 507 918 508 920 27 919 508 920 14 921 14 921 508 920 509 922 14 921 509 922 11 923 11 923 509 922 510 924 11 923 510 924 7 925 7 925 510 924 341 926 7 927 341 928 4 929 420 930 411 931 511 932 420 933 511 934 512 935 512 935 511 934 513 936 512 937 513 938 379 939 420 940 512 941 331 942 420 940 331 942 333 943 49 944 48 945 137 946 137 946 48 945 514 947 514 947 48 945 51 948 514 949 51 950 515 951 516 952 517 953 518 954 518 955 517 956 519 957 519 957 517 956 464 958 464 958 517 956 520 959 520 960 517 961 516 962 520 963 516 964 63 965 520 966 63 967 62 968 464 958 520 959 521 969 521 969 520 959 271 970 521 969 271 970 277 971 521 969 277 971 463 972 521 973 463 785 464 787 518 955 519 957 522 974 522 974 519 957 523 975 523 976 519 977 466 978 466 979 519 980 464 981 518 982 522 983 524 984 525 985 526 986 527 987 525 988 527 989 478 990 478 990 527 989 481 991 481 991 527 989 528 992 481 991 528 992 529 993 481 991 529 993 530 994 478 995 481 996 479 997 194 998 531 999 532 1000 532 1000 531 999 408 1001 408 1001 531 999 533 1002 408 1001 533 1002 430 1003 430 1003 533 1002 534 1004 430 1003 534 1004 475 1005 475 1005 534 1004 535 1006 475 1005 535 1006 536 1007 475 1005 536 1007 467 1008 467 1008 536 1007 198 1009 467 1008 198 1009 537 1010 537 1010 198 1009 538 1011 538 1011 198 1009 539 1012 538 1011 539 1012 532 1000 532 1000 539 1012 195 1013 532 1000 195 1013 194 998 538 1011 532 1000 138 1014 138 1014 532 1000 540 1015 540 1015 532 1000 140 1016 140 1017 532 1018 157 1019 157 1020 532 1000 177 1021 177 1021 532 1000 408 1001 407 1022 430 1003 475 1005 407 1022 475 1005 541 1023 541 1023 475 1005 468 1024 542 1025 537 1010 538 1011 542 1025 538 1011 138 1014 136 1026 138 1014 543 1027 543 1027 138 1014 540 1015 543 1027 540 1015 140 1028 543 1027 140 1028 142 1029 142 1030 140 1031 139 1032 136 1026 543 1027 142 1033 136 1034 142 1035 134 1036 401 1037 407 1022 541 1023 401 1037 541 1023 544 1038 544 1038 541 1023 474 1039 474 1039 541 1023 469 1040 469 1040 541 1023 468 1024 474 1039 469 1040 470 1041 544 1038 474 1039 471 1042 544 1038 471 1042 473 1043 544 1038 473 1043 545 1044 545 1044 473 1043 546 1045 546 1046 473 1047 310 1048 310 1049 473 1050 547 1051 310 1052 547 1053 311 1054 311 1055 547 1056 548 1057 548 1057 547 1056 549 1058 548 1057 549 1058 344 1059 344 1060 549 1061 343 1062 311 1055 548 1057 314 1063 314 1063 548 1057 344 1064 314 1065 344 1066 176 1067 545 1044 546 1045 308 1068 308 1069 546 1070 310 1071 308 1072 310 1073 309 1074 545 1044 308 1075 318 1076 545 1044 318 1076 319 1077 545 1044 319 1077 550 1078 550 1078 319 1077 551 1079 545 1044 550 1078 350 1080 545 1044 350 1080 544 1038 544 1038 350 1080 323 1081 544 1038 323 1081 401 1037 348 1082 281 1083 304 1084 348 1082 304 1084 354 1085 354 1085 304 1084 547 1086 547 1087 304 1088 549 1089 549 1089 304 1088 306 1090 306 1091 304 1092 305 1093 348 1082 354 1085 349 1094 509 1095 508 1096 510 1097 510 1097 508 1096 552 1098 552 1098 508 1096 367 1099 367 1099 508 1096 507 1100 367 1099 507 1100 505 1101 505 1101 507 1100 506 1102 510 1097 552 1098 553 1103 510 1097 553 1103 341 1104 341 1104 553 1103 554 1105 341 1104 554 1105 340 1106 340 1106 554 1105 555 1107 327 1108 321 1109 494 1110 494 1110 321 1109 337 1111 337 1111 321 1109 342 1112 342 1112 321 1109 320 1113 342 1114 320 1115 338 1116 338 1116 320 1115 556 1117 556 1117 320 1115 332 1118 556 1119 332 1120 557 1121 557 1121 332 1120 558 1122 557 1121 558 1122 559 1123 559 1124 558 1125 560 1126 560 1126 558 1125 332 1127 560 1128 332 1129 561 1130 561 1131 332 1132 331 1133 561 1131 331 1133 512 1134 561 1131 512 1134 562 1135 561 1130 562 1136 563 1137 563 1137 562 1136 564 1138 564 1138 562 1136 565 1139 564 1138 565 1139 381 1140 564 1138 381 1140 566 1141 566 1141 381 1140 380 1142 566 1141 380 1142 567 1143 567 1144 380 1145 568 1146 567 1144 568 1146 569 1147 567 1144 569 1147 570 1148 570 1149 569 1150 571 1151 570 1149 571 1151 572 1152 572 1153 571 1154 573 1155 572 1156 573 1157 574 1158 574 1159 573 1160 356 1161 574 1159 356 1161 575 1162 575 1162 356 1161 358 1163 575 1162 358 1163 576 1164 576 1164 358 1163 577 1165 576 1164 577 1165 400 1166 400 1167 577 1168 402 1169 400 1167 402 1169 334 1170 576 1164 400 1166 336 1171 561 1130 563 1137 560 1128 494 1110 337 1111 498 1172 498 1172 337 1111 402 1173 498 1172 402 1173 577 1174 498 1172 577 1174 366 1175 366 1176 577 1177 167 1178 167 1178 577 1177 358 1179 167 1178 358 1179 357 1180 494 1110 498 1172 496 1181 327 1108 494 1110 423 1182 423 1182 494 1110 578 1183 578 1183 494 1110 579 1184 579 1184 494 1110 580 1185 580 1185 494 1110 493 1186 579 1184 580 1185 188 1187 188 1187 580 1185 178 1188 178 1189 580 1190 182 1191 182 1192 580 1193 493 1194 182 1195 493 1196 158 1197 188 1187 178 1188 180 1198 579 1184 188 1187 487 1199 579 1184 487 1199 486 1200 579 1184 486 1200 427 1201 579 1184 427 1201 578 1183 578 1183 427 1201 425 1202 578 1183 425 1202 423 1182 327 1108 423 1182 326 1203 194 1204 193 1205 581 1206 581 1207 193 1208 582 1209 582 1209 193 1208 199 1210 199 1210 193 1208 200 1211 581 1207 582 1209 583 1212 581 1207 583 1212 584 1213 584 1213 583 1212 585 1214 586 1215 587 1216 316 1217 316 1218 587 1219 588 1220 153 1221 482 1222 183 1223 183 1224 482 1225 316 1226 461 1227 463 1228 465 1229 465 1229 463 1228 291 1230 291 1230 463 1228 292 1231 292 1231 463 1228 277 1232 292 1231 277 1232 282 1233 412 1234 589 1235 411 1236 411 1237 589 1238 511 1239 590 1240 529 1241 233 1242 233 1242 529 1241 234 1243 591 1244 243 1245 502 1246 502 1247 243 1248 592 1249 591 1250 502 1251 501 1252 591 1250 501 1252 368 1253 593 1254 590 1255 594 1256 594 1257 590 1258 233 1259 338 1260 556 1261 339 1262 339 1263 556 1119 557 1121 339 1264 557 1265 559 1266 339 1267 559 1268 335 1269 347 1270 346 1271 235 1272 235 1273 346 1274 351 1275 54 1276 467 1277 50 1278 50 1279 467 1280 537 1281 50 1282 537 1283 51 1284 51 1285 537 1286 515 1287 515 1288 537 1289 542 1290 59 1291 61 1292 230 1293 230 1293 61 1292 201 1294 153 1295 595 1296 151 1297 151 1297 595 1296 149 1298 149 1298 595 1296 159 1299 159 1300 595 1301 160 1302 160 1302 595 1301 596 1303 160 1302 596 1303 158 1304 158 1305 596 1306 182 1307 316 1308 482 1309 586 1310 586 1310 482 1309 481 1311 191 1312 190 1313 597 1314 597 1315 190 1316 598 1317 598 1317 190 1316 374 1318 374 1318 190 1316 196 1319 196 1320 190 1321 189 1322 374 1318 196 1319 377 1323 377 1323 196 1319 599 1324 377 1323 599 1324 600 1325 377 1326 600 1327 378 1328 374 1329 377 1330 375 1331 316 1332 180 1333 183 1334 183 1335 180 1336 179 1337 595 1338 153 1339 596 1340 596 1341 153 1342 183 1343 596 1344 183 1345 182 1346 594 1347 588 1348 593 1349 593 1349 588 1348 587 1350 489 1351 490 1352 181 1353 181 1354 490 1355 491 1356 189 1357 191 1358 501 1359 501 1359 191 1358 368 1360 368 1360 191 1358 601 1361 368 1362 601 1363 376 1364 368 1365 376 1366 369 1367 369 1367 376 1366 375 1368 369 1367 375 1368 330 1369 330 1369 375 1368 378 1370 330 1369 378 1370 602 1371 602 1371 378 1370 603 1372 602 1371 603 1372 197 1373 602 1371 197 1373 604 1374 604 1374 197 1373 189 1357 604 1374 189 1357 500 1375 500 1375 189 1357 501 1359 370 1376 369 1367 605 1377 605 1377 369 1367 330 1369 328 1378 330 1369 602 1371 328 1378 602 1371 604 1379 371 1380 604 1381 141 1382 141 1383 604 1374 606 1384 606 1384 604 1374 500 1375 606 1384 500 1375 87 1385 78 1386 371 1387 141 1388 73 1389 141 1390 607 1391 607 1391 141 1390 608 1392 608 1392 141 1390 606 1384 608 1392 606 1384 87 1385 608 1393 87 1394 74 1395 73 1389 607 1391 74 1396 74 1396 607 1391 608 1397 371 1398 328 1399 604 1400 497 1401 370 1402 605 1403 497 1404 605 1405 499 1406 499 1406 605 1405 609 1407 499 1406 609 1407 174 1408 174 1408 609 1407 610 1409 174 1408 610 1409 424 1410 174 1408 424 1410 611 1411 611 1411 424 1410 426 1412 611 1411 426 1412 489 1413 489 1413 426 1412 428 1414 611 1411 489 1413 181 1415 611 1411 181 1415 174 1408 499 1416 174 1417 492 1418 492 1419 174 1420 343 1421 497 1404 499 1406 495 1422 91 1423 89 1424 612 1425 612 1425 89 1424 502 1426 612 1427 502 1428 592 1429 343 1430 549 1431 307 1432 307 1433 549 1434 306 1435 92 1436 91 1437 242 1438 242 1438 91 1437 612 1439 162 1440 264 1441 613 1442 613 1442 264 1441 263 1443 613 1442 263 1443 162 1440 162 1444 263 1445 319 1446 319 1447 263 1448 274 1449 319 1450 274 1451 551 1452 421 1453 609 1454 329 1455 329 1456 609 1407 605 1405 329 1457 605 1458 330 1459 346 1460 472 1461 351 1462 351 1462 472 1461 239 1463 172 1464 208 1465 365 1466 365 1467 208 1468 254 1469 208 1470 207 1471 252 1472 252 1473 207 1474 258 1475 569 1476 568 1477 614 1478 614 1478 568 1477 380 1479 614 1478 380 1479 379 1480 114 1481 112 1482 107 1483 107 1483 112 1482 108 1484 31 1485 30 1486 35 1487 35 1487 30 1486 33 1488 35 1487 33 1488 219 1489 219 1489 33 1488 34 1490 615 1491 154 1492 192 1493 192 1494 154 1495 90 1496 244 1497 226 1498 285 1499 285 1500 226 1501 222 1502 47 752 46 1503 147 750 147 1504 46 753 148 719 515 1505 542 1506 514 1507 514 1507 542 1506 138 1508 514 1507 138 1508 137 1509 56 1510 616 1511 57 1512 57 1513 616 1514 617 1515 618 1516 619 1517 130 1518 130 1518 619 1517 419 1519 419 1519 619 1517 418 1520 418 1520 619 1517 620 1521 418 1520 620 1521 621 1522 621 1522 620 1521 622 1523 621 1522 622 1523 623 1524 623 1524 622 1523 624 1525 623 1524 624 1525 625 1526 623 1524 625 1526 626 1527 626 1527 625 1526 627 1528 626 1527 627 1528 102 1529 102 1529 627 1528 628 1530 102 1529 628 1530 629 1531 102 1529 629 1531 105 1532 105 1532 629 1531 114 1533 114 1533 629 1531 630 1534 114 1533 630 1534 631 1535 114 1533 631 1535 113 1536 113 1536 631 1535 116 1537 116 1537 631 1535 632 1538 116 1537 632 1538 118 1539 118 1539 632 1538 633 1540 118 1539 633 1540 120 1541 120 1541 633 1540 634 1542 120 1541 634 1542 122 1543 122 1543 634 1542 635 1544 122 1543 635 1544 636 1545 122 1543 636 1545 124 1546 124 1546 636 1545 126 1547 126 1547 636 1545 637 1548 126 1547 637 1548 128 1549 128 1549 637 1548 638 1550 128 1549 638 1550 618 1516 128 1549 618 1516 130 1518 639 1551 621 1522 640 1552 640 1552 621 1522 98 1553 98 1553 621 1522 626 1527 626 1527 621 1522 623 1524 98 1553 626 1527 100 1554 100 1554 626 1527 102 1529 107 1555 105 1532 114 1533 621 1556 639 1551 413 1557 413 1557 639 1551 641 1558 641 1558 639 1551 640 1552 641 1558 640 1552 642 1559 642 1559 640 1552 97 1560 97 1560 640 1552 98 1553 642 1559 97 1560 95 1561 642 1562 95 1563 643 1564 643 1565 95 1566 154 1567 643 1565 154 1567 589 1568 643 1565 589 1568 412 1569 641 1558 642 1559 644 1570 644 1571 642 1572 643 1573 644 1574 643 1575 412 1576 641 1558 644 1570 412 1577 641 1558 412 1577 413 1557 621 1578 413 1579 414 1580 62 1581 272 1582 520 1583 520 1584 272 1585 271 1586 529 1587 590 1588 530 1589 530 1589 590 1588 586 1590 530 1589 586 1590 481 1591 593 1592 587 1593 590 1594 590 1594 587 1593 586 1595 414 1596 416 1597 621 1598 621 1599 416 1600 418 1601 64 1602 645 1603 62 1604 62 1605 645 1606 646 1607 62 1605 646 1607 272 1608 371 1609 78 1610 156 1611 156 1612 78 1613 79 1614 246 1615 288 1616 647 1617 647 1617 288 1616 166 1618 647 1619 166 1620 365 1621 165 1622 173 1623 166 1624 166 1624 173 1623 170 1625 166 1626 170 1627 365 1628 526 1629 648 1630 527 1631 527 1632 648 1633 528 1634 491 1635 488 1636 187 1637 187 1637 488 1636 487 1638 187 1637 487 1638 188 1639 491 1635 187 1637 649 1640 649 1641 187 1642 176 1643 176 1643 187 1642 180 1644 316 1645 588 1646 315 1647 315 1648 588 1649 317 1650 317 1650 588 1649 594 1651 317 1650 594 1651 233 1652 368 1653 241 1654 591 1655 591 1656 241 1657 243 1658 569 1659 614 1660 571 1661 571 1662 614 1663 650 1664 571 1665 650 1666 573 1667 573 1668 650 1669 357 1670 573 1671 357 1672 356 1673 280 1674 149 1675 278 1676 278 1676 149 1675 159 1677 176 1678 175 1679 649 1680 649 1681 175 1682 181 1683 649 1684 181 1685 491 1686 156 1687 79 1688 157 1689 157 1689 79 1688 140 1690 589 1691 154 1692 511 1693 511 934 154 1694 615 1695 511 934 615 1695 513 936 513 936 615 1695 614 1696 614 1696 615 1695 650 1697 650 1697 615 1695 192 1698 650 1697 192 1698 357 1699 357 1699 192 1698 168 1700 513 936 614 1696 379 1701 612 1702 592 1703 242 1704 242 1705 592 1706 243 1707 169 1708 167 1708 168 1708 168 1700 167 1709 357 1699 309 1710 266 1711 161 1712 161 1712 266 1711 264 1713 161 1712 264 1713 162 1714 309 1715 312 1716 266 1717 266 1718 312 1719 317 1720 266 1718 317 1720 233 1721 195 1722 539 1723 200 1724 200 1725 539 1726 198 1727 424 1728 610 1729 422 1730 422 1731 610 1732 609 1733 422 1734 609 1735 421 1736 236 1737 351 1738 237 1739 237 1740 351 1741 239 1742 9 1743 8 1744 563 1745 563 1746 8 1747 560 1748 560 1748 8 1747 6 1749 560 1748 6 1749 5 1750 560 1748 5 1750 559 1751 559 1751 5 1750 1 1752 559 1751 1 1752 336 1753 336 1753 1 1752 0 1754 336 1753 0 1754 25 1755 336 1753 25 1755 576 1756 576 1756 25 1755 23 1757 576 1756 23 1757 22 1758 576 1756 22 1758 575 1759 575 1759 22 1758 21 1760 575 1761 21 1762 574 1763 574 1763 21 1762 19 1764 574 1763 19 1764 18 1765 574 1763 18 1765 572 1766 572 1766 18 1765 15 1767 572 1766 15 1767 567 1768 567 1768 15 1767 566 1769 566 1769 15 1767 13 1770 566 1769 13 1770 12 1771 566 1769 12 1771 564 1772 564 1772 12 1771 10 1773 564 1772 10 1773 9 1743 564 1772 9 1743 563 1745 335 1774 559 1751 336 1753 570 1775 572 1766 567 1768 354 1776 547 1777 355 1778 355 1779 547 1780 473 1781 274 1782 262 1783 551 1784 551 1785 262 1786 260 1787 551 1785 260 1787 550 1788 550 1788 260 1787 256 1789 550 1788 256 1789 352 1790 352 1791 256 1792 324 1793 324 1794 256 1795 257 1796 324 1794 257 1796 325 1797 325 1797 257 1796 258 627 325 1797 258 627 403 623 550 1788 352 1790 350 1798 365 1799 254 1800 647 1801 647 1802 254 1803 253 1804 647 1805 253 1806 246 1807 246 1808 253 1809 245 1810 207 1811 204 1812 409 1813 409 1814 204 1815 455 1816 194 1817 581 1818 531 1819 531 1820 581 1821 584 1822 531 1820 584 1822 533 1823 533 1823 584 1822 585 1824 533 1823 585 1824 534 1825 534 1825 585 1824 583 1826 534 1825 583 1826 535 1827 535 1827 583 1826 582 1828 535 1827 582 1828 536 1829 536 1829 582 1828 199 1830 536 1831 199 1832 198 1833 378 1834 600 1835 603 1836 603 1837 600 1838 599 1839 603 1837 599 1839 197 1840 197 1841 599 1842 196 1843 366 1844 167 1845 168 1846 374 1847 376 1848 598 1849 598 1849 376 1848 601 1850 598 1851 601 1852 597 1853 597 1854 601 1855 191 1856 651 1857 652 1858 653 1859 653 1859 652 1858 654 1860 653 1859 654 1860 655 1861 655 1861 654 1860 656 1862 656 1862 654 1860 657 1863 657 1863 654 1860 652 1864 657 1863 652 1864 658 1865 658 1865 652 1866 659 1867 658 1865 659 1867 660 1868 660 1868 659 1867 661 1869 661 1869 659 1867 662 1870 662 1870 659 1867 404 1871 404 1871 659 1867 652 1872 404 1873 652 1874 405 1875 405 1876 652 1877 651 1857 405 1876 651 1857 663 1878 663 1878 651 1857 664 1879 664 1879 651 1857 653 1859 664 1879 653 1859 665 1880 665 1880 653 1859 655 1861 665 1880 655 1861 666 1881 666 1881 655 1861 656 1862 666 1882 656 1883 667 1884 667 1885 656 1862 668 1886 668 1886 656 1862 657 1863 668 1886 657 1863 669 1887 669 1887 657 1863 658 1865 669 1887 658 1865 670 1888 670 1888 658 1865 660 1868 670 1888 660 1868 671 1889 671 1889 660 1868 672 1890 672 1890 660 1868 661 1869 672 1891 661 1869 662 1870 672 1892 662 1870 673 1893 673 1893 662 1870 674 1894 674 1894 662 1870 675 1895 675 1895 662 1870 404 1871 675 1895 404 1871 676 1896 676 1896 404 1871 406 1897 406 1897 405 1876 677 1898 677 1898 405 1876 663 1878 677 1898 663 1878 678 1899 678 1899 663 1878 679 1900 679 1900 663 1878 680 1901 680 1901 663 1878 664 1879 680 1901 664 1879 665 1880 680 1901 665 1880 681 1902 681 1902 665 1880 666 1881 681 1902 666 1881 648 1903 667 1885 668 1886 682 1904 682 1904 668 1886 669 1887 682 1904 669 1887 683 1905 683 1905 669 1887 670 1888 683 1905 670 1888 671 1889 683 1905 671 1889 362 1906 362 1906 671 1889 684 1907 684 1907 671 1889 672 1890 684 1907 672 1908 685 1909 685 1909 672 1892 673 1893 685 1909 673 1893 686 1910 686 1910 673 1893 687 1911 687 1911 673 1893 674 1894 687 1911 674 1894 688 1912 688 1913 674 1894 689 1914 689 1914 674 1894 675 1895 689 1914 675 1895 690 1915 690 1915 675 1895 676 1896 690 1915 676 1896 691 1916 691 1916 676 1896 692 1917 692 1917 676 1896 406 1897 692 1917 406 1897 677 1898 692 1917 677 1898 691 1916 691 1916 677 1898 678 1899 691 1916 678 1899 693 1918 693 1918 678 1899 694 1919 694 1919 678 1899 695 1920 695 1920 678 1899 696 1921 696 1921 678 1899 679 1900 696 1921 679 1900 697 1922 697 1922 679 1900 680 1901 697 1922 680 1901 681 1902 697 1922 681 1902 648 1923 697 1922 648 1924 526 1925 667 1926 682 1904 698 1927 698 1927 682 1904 699 1928 699 1928 682 1904 683 1905 699 1928 683 1905 700 1929 700 1930 683 1931 363 1932 700 1933 363 1934 360 1935 700 1936 360 1937 359 1938 699 1928 700 1939 701 1940 699 1928 701 1940 698 1927 698 1927 701 1940 702 1941 702 1941 701 1940 345 1942 345 1942 701 1940 346 1943 346 1944 701 1940 503 1945 503 1945 701 1940 700 1939 503 1946 700 1947 504 1948 504 1949 700 1950 359 1951 702 1941 345 1942 667 1952 667 1953 345 1954 347 1955 667 1953 347 1955 666 1956 666 1957 347 1958 529 1959 529 1959 347 1958 235 1960 529 1961 235 1962 234 1963 666 1957 529 1959 528 1964 666 1957 528 1964 648 1965 698 1927 702 1941 667 1966 364 1967 362 1906 684 1907 364 1967 684 1907 145 1968 145 1968 684 1907 703 1969 703 1969 684 1907 685 1909 703 1969 685 1909 686 1910 703 1969 686 1910 704 1970 704 1970 686 1910 705 1971 705 1971 686 1910 687 1911 705 1971 687 1911 688 1972 706 1973 688 1913 707 1974 707 1974 688 1913 689 1914 707 1974 689 1914 708 1975 708 1975 689 1914 690 1915 708 1975 690 1915 693 1918 693 1918 690 1915 691 1916 708 1975 693 1918 709 1976 709 1976 693 1918 694 1919 709 1977 694 1919 710 1978 710 1978 694 1919 711 1979 711 1979 694 1919 695 1920 711 1979 695 1920 712 1980 712 1980 695 1920 713 1981 713 1981 695 1920 696 1921 713 1981 696 1921 714 1982 714 1982 696 1921 715 1983 715 1983 696 1921 716 1984 716 1984 696 1921 526 1925 526 1925 696 1921 697 1922 716 1984 526 1925 717 1985 717 1986 526 1987 525 1988 717 1989 525 1990 478 1991 716 1984 717 1992 718 1993 716 1984 718 1993 715 1983 715 1983 718 1993 719 1994 719 1994 718 1993 720 1995 720 1995 718 1993 721 1996 721 1996 718 1993 717 1997 721 1998 717 1999 485 2000 485 849 717 2001 478 850 721 1998 485 2000 484 2002 721 1996 484 2003 720 1995 720 1995 484 2003 722 2004 722 2004 484 2003 72 2005 72 2005 484 2003 70 2006 722 2007 72 2008 617 2009 617 2009 72 2008 723 2010 723 2010 72 2008 71 2011 723 2010 71 2011 724 2012 724 2012 71 2011 725 2013 725 2014 71 2015 70 2016 725 2017 70 2018 483 2019 723 2010 724 2012 726 2020 726 2020 724 2012 727 2021 727 2021 724 2012 725 2013 727 2021 725 2013 728 2022 728 2022 725 2023 483 2024 728 2022 483 2024 729 2025 729 2025 483 2024 279 2026 279 2026 483 2024 280 2027 280 2028 483 2029 480 2030 280 2031 480 2032 149 2033 149 2034 480 2035 150 2036 729 2025 279 2026 186 2037 186 2038 279 2039 184 2040 729 2025 186 2041 728 2022 728 2022 186 2041 730 2042 730 2042 186 2041 731 2043 728 2022 730 2042 727 2021 726 2020 727 2021 732 2044 732 2044 727 2021 731 2045 732 2044 731 2045 733 2046 733 2046 731 2045 734 2047 733 2046 734 2047 735 2048 735 2048 734 2047 736 2049 736 2049 734 2047 737 2050 737 2050 734 2047 186 2051 186 2051 734 2047 738 2052 186 2051 738 2052 731 2053 737 2050 186 2051 185 2054 737 2050 185 2055 272 1608 272 2056 185 2057 273 2058 273 2058 185 2057 184 2059 737 2050 272 1608 646 1607 737 2050 646 1607 736 2049 736 2049 646 1607 645 2060 736 2049 645 2061 64 2062 736 2049 64 2062 739 2063 739 2063 64 2064 740 2065 740 2065 64 2064 741 2066 741 2067 64 2068 63 2069 741 2070 63 2071 516 2072 741 2070 516 2072 518 2073 741 2074 518 2075 740 2065 740 2065 518 2075 742 2076 742 2076 518 2075 524 2077 742 2076 524 2077 743 2078 743 2078 524 2077 522 2079 743 2078 522 2079 744 2080 744 2080 522 2079 523 2081 744 2080 523 2081 745 2082 745 2083 523 2084 466 2085 745 2082 466 2086 746 2087 746 2087 466 2086 456 2088 746 2087 456 2088 747 2089 747 2089 456 2088 37 2090 747 2089 37 2090 36 2091 747 2089 36 2091 748 2092 748 2092 36 2091 749 2093 749 2093 36 2091 299 2094 749 2093 299 2094 303 2095 749 2093 303 2095 750 2096 750 2096 303 2095 300 2097 750 2096 300 2097 751 2098 751 2098 300 2097 301 2099 751 2098 301 2099 752 2100 752 2100 301 2099 302 2101 752 2100 302 2101 753 2102 753 2102 302 2101 298 2103 753 2102 298 2103 754 2104 754 2104 298 2103 143 2105 754 2106 143 2107 152 2108 753 2102 754 2104 704 1970 704 1970 754 2104 152 2109 704 1970 152 2109 703 1969 703 1969 152 2109 145 1968 753 2102 704 1970 755 2110 755 2110 704 1970 756 2111 756 2111 704 1970 757 2112 757 2112 704 1970 705 1971 757 2112 705 1971 758 2113 758 2113 705 1971 759 2114 759 2114 705 1971 706 2115 706 2116 705 2117 688 2118 760 2119 706 2120 707 1974 760 2119 707 1974 761 2121 761 2121 707 1974 762 2122 762 2122 707 1974 708 1975 762 2122 708 1975 709 2123 763 2124 709 1977 710 1978 763 2125 710 1978 764 2126 764 2126 710 1978 711 1979 764 2126 711 1979 712 1980 764 2126 712 1980 765 2127 765 2127 712 1980 766 2128 766 2128 712 1980 767 2129 767 2129 712 1980 768 2130 768 2130 712 1980 769 2131 769 2131 712 1980 713 1981 769 2131 713 1981 714 1982 769 2131 714 1982 770 2132 770 2132 714 1982 715 1983 770 2132 715 1983 719 1994 770 2132 719 1994 771 2133 771 2134 719 1994 616 2135 616 2135 719 1994 720 1995 616 2136 720 2137 617 2138 617 2139 720 1995 722 2004 617 2140 723 2010 772 2141 772 2141 723 2010 726 2020 772 2141 726 2020 773 2142 773 2142 726 2020 732 2044 773 2142 732 2044 774 2143 774 2143 732 2044 733 2046 774 2144 733 2046 775 2145 775 2145 733 2046 776 2146 776 2146 733 2046 735 2048 776 2146 735 2048 777 2147 777 2147 735 2048 736 2049 777 2147 736 2049 778 2148 778 2148 736 2049 739 2063 778 2148 739 2063 779 2149 779 2149 739 2063 742 2076 742 2076 739 2063 740 2065 779 2149 742 2076 780 2150 780 2150 742 2076 781 2151 781 2151 742 2076 782 2152 782 2152 742 2076 743 2078 782 2152 743 2078 744 2080 782 2152 744 2080 783 2153 783 2153 744 2080 784 2154 784 2154 744 2080 745 2082 784 2154 745 2082 746 2087 784 2154 746 2087 785 2155 785 2155 746 2087 786 2156 786 2157 746 2087 787 2158 787 2158 746 2087 788 2159 788 2159 746 2087 789 2160 789 2160 746 2087 747 2089 789 2160 747 2089 748 2092 789 2160 748 2092 790 2161 790 2161 748 2092 791 2162 791 2162 748 2092 749 2093 791 2162 749 2093 792 2163 792 2163 749 2093 750 2096 792 2163 750 2096 793 2164 793 2164 750 2096 751 2098 793 2164 751 2098 794 2165 794 2165 751 2098 752 2100 794 2165 752 2100 795 2166 795 2166 752 2100 755 2110 755 2110 752 2100 753 2102 795 2166 755 2110 756 2111 756 2111 757 2112 758 2113 756 2111 758 2113 795 2166 795 2166 758 2113 796 2167 796 2167 758 2113 759 2114 796 2167 759 2114 797 2168 797 2168 759 2114 760 2119 760 2119 759 2114 706 2120 797 2168 760 2119 798 2169 798 2169 760 2119 761 2121 798 2169 761 2121 799 2170 799 2170 761 2121 762 2122 799 2170 762 2122 800 2171 800 2171 762 2122 801 2172 801 2173 762 2122 709 2123 801 2174 709 2175 763 2176 801 2177 763 2178 802 2179 802 2180 763 2125 764 2126 802 2180 764 2126 765 2127 802 2181 765 2127 803 2182 803 2182 765 2127 804 2183 804 2183 765 2127 766 2128 804 2183 766 2128 805 2184 805 2184 766 2128 806 2185 806 2185 766 2128 767 2129 806 2185 767 2129 807 2186 807 2186 767 2129 768 2130 807 2187 768 2130 808 2188 808 2188 768 2130 769 2131 808 2188 769 2131 809 2189 809 2190 769 2131 770 2132 770 2132 771 2191 809 2190 809 2192 771 2193 810 2194 810 2194 771 2193 56 2195 56 2196 771 2197 616 2198 617 2140 772 2141 57 2199 57 2199 772 2141 773 2142 57 2199 773 2142 811 2200 811 2200 773 2142 774 2201 812 2202 774 2203 775 2204 812 2205 775 2145 813 2206 813 2206 775 2145 776 2146 813 2206 776 2146 777 2147 813 2206 777 2147 778 2148 813 2206 778 2148 814 2207 814 2208 778 2148 780 2150 780 2150 778 2148 779 2149 814 2209 780 2150 781 2151 814 2210 781 2151 815 2211 815 2211 781 2151 816 2212 816 2212 781 2151 783 2153 783 2153 781 2151 782 2152 816 2212 783 2153 817 2213 817 2213 783 2153 785 2155 785 2155 783 2153 784 2154 817 2213 785 2155 786 2156 817 2213 786 2156 818 2214 818 2215 786 2216 819 2217 819 2218 786 2157 820 2219 820 2219 786 2157 821 2220 821 2220 786 2157 787 2158 821 2220 787 2158 822 2221 822 2221 787 2158 788 2159 822 2221 788 2159 823 2222 823 2222 788 2159 789 2160 823 2222 789 2160 824 2223 824 2223 789 2160 790 2161 824 2223 790 2161 825 2224 825 2224 790 2161 826 2225 826 2225 790 2161 791 2162 826 2225 791 2162 827 2226 827 2226 791 2162 792 2163 827 2226 792 2163 828 2227 828 2227 792 2163 793 2164 828 2227 793 2164 829 2228 829 2228 793 2164 830 2229 830 2229 793 2164 794 2165 830 2229 794 2165 796 2167 796 2167 794 2165 795 2166 830 2229 796 2167 797 2168 830 2229 797 2168 798 2169 830 2229 798 2169 831 2230 831 2230 798 2169 799 2170 831 2230 799 2170 800 2171 831 2230 800 2171 832 2231 832 2231 800 2171 801 2232 832 2231 801 2232 833 2233 833 2233 801 2232 802 2234 832 2231 833 2233 834 2235 834 2235 833 2233 835 2236 835 2236 833 2233 836 2237 836 2237 833 2233 802 2238 835 2236 836 2237 837 2239 837 2239 836 2237 838 2240 838 2240 836 2237 802 2241 838 2240 802 2241 803 2182 838 2240 803 2182 839 2242 839 2242 803 2182 804 2183 839 2242 804 2183 805 2184 839 2242 805 2184 822 2221 822 2221 805 2184 840 2243 840 2243 805 2184 806 2185 840 2243 806 2185 820 2219 820 2219 806 2185 807 2244 841 2245 807 2246 842 2247 842 2247 807 2248 808 2249 842 2247 808 2249 809 2250 842 2247 809 2250 810 2194 842 2247 810 2194 843 2251 843 2251 810 2194 56 2195 843 2251 56 2195 844 2252 844 2252 56 2195 58 2253 844 2252 58 2253 845 2254 845 2254 58 2253 811 2200 811 2200 58 2253 57 2199 845 2254 811 2200 774 2255 843 2256 812 2257 814 2258 814 2259 812 2205 813 2206 814 2260 815 2211 843 2251 843 2251 815 2211 846 2261 846 2261 815 2211 847 2262 847 2262 815 2211 848 2263 848 2263 815 2211 816 2212 848 2263 816 2212 817 2213 848 2263 817 2213 849 2264 849 2264 817 2213 819 2265 819 2265 817 2213 818 2214 849 2264 819 2265 850 2266 849 2264 850 2266 848 2263 848 2263 850 2266 847 2262 847 2262 850 2266 841 2245 841 2245 850 2266 807 2267 807 2268 850 2269 851 2270 807 2271 851 2272 820 2273 820 2273 851 2272 819 2274 847 2262 841 2245 852 2275 852 2275 841 2245 842 2247 852 2275 842 2247 853 2276 853 2276 842 2247 846 2261 846 2261 842 2247 843 2251 853 2276 846 2261 847 2262 853 2276 847 2262 852 2275 812 2277 843 2251 844 2252 812 2278 844 2252 845 2254 812 2278 845 2254 774 2279 840 2243 820 2219 821 2220 840 2243 821 2220 822 2221 839 2242 822 2221 823 2222 839 2242 823 2222 854 2280 854 2280 823 2222 824 2223 854 2280 824 2223 825 2224 854 2280 825 2224 837 2239 837 2239 825 2224 855 2281 855 2281 825 2224 826 2225 855 2281 826 2225 834 2235 834 2235 826 2225 827 2226 834 2235 827 2226 832 2231 832 2231 827 2226 828 2227 832 2231 828 2227 831 2230 831 2230 829 2228 830 2229 855 2281 834 2235 835 2236 855 2281 835 2236 837 2239 854 2280 837 2239 839 2242 839 2242 837 2239 838 2240 364 1967 145 1968 359 2282 359 2282 145 1968 296 2283 296 2284 145 181 144 180 359 2285 296 2286 504 2287 504 2287 296 2286 295 2288 4 2289 340 2290 3 2291 3 2291 340 2290 555 2292 3 2291 555 2292 26 2293 26 2293 555 2292 554 2294 26 2293 554 2294 2 2295 2 2295 554 2294 553 2296 2 2295 553 2296 24 2297 24 2297 553 2296 552 2298 24 2297 552 2298 20 2299 20 2299 552 2298 367 2300 108 2301 112 2302 106 2303 106 2303 112 2302 110 2304 106 2303 110 2304 104 2305 438 2306 440 2306 436 2307 436 2308 440 2309 442 2310 436 2311 442 2312 434 2313 434 2314 442 2315 444 2316 434 2317 444 2318 431 2319 431 2320 444 2321 443 2322 431 2320 443 2322 432 2323 432 2324 443 2325 441 2326 432 2327 441 2328 433 2329 433 2330 441 2331 439 2332 433 2333 439 2334 435 2335 435 2336 439 2337 437 2336 562 2338 512 2339 565 2340 565 2341 512 2342 379 2343 565 2344 379 2345 381 2346 385 2347 387 2348 631 2349 631 2349 387 2348 632 2350 632 2350 387 2348 389 2351 632 2350 389 2351 633 2352 633 2352 389 2351 391 2353 633 2352 391 2353 634 2354 634 2354 391 2353 393 2355 634 2354 393 2355 635 2356 635 2356 393 2355 395 2357 635 2356 395 2357 636 2358 636 2358 395 2357 397 2359 636 2358 397 2359 637 2360 637 2360 397 2359 399 2361 637 2360 399 2361 638 2362 638 2362 399 2361 398 2363 638 2362 398 2363 618 2364 618 2364 398 2363 396 2365 618 2364 396 2365 619 2366 619 2366 396 2365 394 2367 619 2366 394 2367 620 2368 620 2368 394 2367 392 2369 620 2368 392 2369 622 2370 622 2370 392 2369 390 2371 622 2370 390 2371 624 2372 624 2372 390 2371 388 2373 624 2372 388 2373 625 2374 625 2374 388 2373 386 2375 625 2374 386 2375 627 2376 627 2376 386 2375 384 2377 627 2376 384 2377 628 2378 628 2378 384 2377 383 2379 628 2378 383 2379 629 2380 629 2380 383 2379 382 2381 629 2380 382 2381 630 2382 630 2382 382 2381 385 2347 630 2382 385 2347 631 2349</p>
        </triangles>
      </mesh>
    </geometry>
  </library_geometries>
  <library_visual_scenes>
    <visual_scene id="Scene" name="Scene">
      <node id="mh00400-j00_lk2_1" name="mh00400-j00_lk2_1" type="NODE">
        <matrix sid="transform">1 0 0 -0.4 0 1 0 0 0 0 1 -0.9 0 0 0 1</matrix>
        <instance_geometry url="#polygons_003-mesh" name="mh00400-j00_lk2_1">
          <bind_material>
            <technique_common>
              <instance_material symbol="Surface_1_005-material" target="#Surface_1_005-material"/>
            </technique_common>
          </bind_material>
        </instance_geometry>
      </node>
    </visual_scene>
  </library_visual_scenes>
  <scene>
    <instance_visual_scene url="#Scene"/>
  </scene>
</COLLADA>