<?xml version="1.0" encoding="utf-8"?>
<COLLADA xmlns="http://www.collada.org/2005/11/COLLADASchema" version="1.4.1" xmlns:xsi="http://www.w3.org/2001/XMLSchema-instance">
  <asset>
    <contributor>
      <author>Blender User</author>
      <authoring_tool>Blender 4.2.0 commit date:2024-07-16, commit time:06:20, hash:a51f293548ad</authoring_tool>
    </contributor>
    <created>2025-08-13T11:40:13</created>
    <modified>2025-08-13T11:40:13</modified>
    <unit name="meter" meter="1"/>
    <up_axis>Z_UP</up_axis>
  </asset>
  <library_effects>
    <effect id="Surface_1_004-effect">
      <profile_COMMON>
        <technique sid="common">
          <lambert>
            <emission>
              <color sid="emission">0 0 0 1</color>
            </emission>
            <diffuse>
              <color sid="diffuse">0 0.200784 0.4 1</color>
            </diffuse>
            <index_of_refraction>
              <float sid="ior">1</float>
            </index_of_refraction>
          </lambert>
        </technique>
      </profile_COMMON>
    </effect>
  </library_effects>
  <library_images/>
  <library_materials>
    <material id="Surface_1_004-material" name="Surface_1.004">
      <instance_effect url="#Surface_1_004-effect"/>
    </material>
  </library_materials>
  <library_geometries>
    <geometry id="polygons_002-mesh" name="polygons.002">
      <mesh>
        <source id="polygons_002-mesh-positions">
          <float_array id="polygons_002-mesh-positions-array" count="3780">0.274007 0.150472 0.973517 0.285805 0.169859 0.991671 0.272872 0.148304 0.98843 0.283423 0.171899 1.006259 0.254607 0.147156 1.000424 0.269355 0.1754699 1.019551 0.315529 0.200597 1.018902 0.47152 0.213096 1.030573 0.435897 0.2153919 1.041271 0.484113 0.2153919 1.017281 0.36658 0.263858 1.083414 0.414002 0.269853 1.080172 0.353307 0.270235 1.074013 0.333227 0.108893 1.258794 0.335949 0.09996497 1.265602 0.335496 0.131978 1.247772 0.33334 0.116418 1.227349 0.325739 0.108893 1.221514 0.325966 0.119734 1.235453 0.332886 0.08720999 1.257822 0.336063 0.076752 1.247772 0.250183 -0.127062 0.991996 0.244056 -0.131781 0.989726 0.244964 -0.125404 0.991671 0.531874 -0.149 0.781928 0.50181 -0.147469 0.751455 0.546169 -0.1481069 0.796516 0.401182 0.213096 1.049699 0.334134 0.120499 1.244854 0.325852 0.11629 1.252635 0.325852 0.09996497 1.260091 0.231464 0.175598 0.786467 0.1713359 0.175088 0.794895 0.149214 0.176618 0.803648 0.332886 -0.05857199 1.61928 0.335722 -0.06150496 1.616363 0.333453 -0.06405597 1.626736 0.336403 -0.06507599 1.655264 0.335722 0.001373946 1.61766 0.308835 -0.05908197 1.619605 0.308608 -7.94e-4 1.61928 0.331298 -2.9e-5 1.619605 0.204463 0.176618 0.830231 0.1903949 0.1822299 0.824071 0.215014 0.182103 0.84028 0.559442 -0.133312 0.816939 0.536753 -0.1459389 0.782901 0.556039 -0.131654 0.810132 0.1758739 0.176491 0.82472 0.337651 -0.088162 1.582324 0.335722 -0.07349395 1.606313 0.335496 -0.07604497 1.603071 0.161806 0.182103 0.830231 0.151937 0.176491 0.840604 0.148647 0.181975 0.847412 0.221707 0.146646 0.803 0.235094 0.140651 0.817912 0.197543 0.140141 0.794571 0.220346 0.176491 0.85422 0.2208 0.181975 0.868808 0.463805 0.271766 1.068177 0.496025 0.277505 1.052617 0.436918 0.277505 1.076282 0.529265 0.277505 1.025386 0.516332 0.26845 1.040622 0.539362 0.268067 1.01404 0.549118 -0.123874 0.807862 0.555018 -0.125404 0.808511 0.557967 -0.11992 0.81467 0.249275 0.142054 0.842874 0.2448509 0.146773 0.827313 0.259258 0.147921 0.866863 0.549799 -0.133567 0.812725 0.253359 0.222406 0.784846 0.256763 0.180572 0.77739 0.251884 0.1807 0.808186 0.56103 -0.149 0.82634 0.571127 -0.1481069 0.847088 0.335382 0.07547599 1.60372 0.335609 0.07649695 1.357993 0.342643 0.07840996 1.492527 0.162374 0.1822299 0.894094 0.151937 0.176491 0.882747 0.1758739 0.176618 0.899281 0.146037 0.181975 0.86978 0.170882 0.25391 0.834769 0.1605589 0.259522 0.843522 0.183362 0.259394 0.832176 0.1544319 0.253782 0.854868 0.575552 -0.149 0.877561 0.579069 -0.1481069 0.902847 0.56398 0.05608999 0.892149 0.568064 0.047544 0.914193 0.56398 0.045376 0.930402 0.568518 0.009663999 0.948556 0.579976 0.01999497 0.948556 0.578161 -0.009721994 0.951473 0.196635 0.25391 0.835417 0.206278 0.259522 0.843522 0.513155 0.212968 0.803 0.522798 0.210162 0.814994 0.516445 0.213989 0.811104 0.527563 0.202637 0.827961 0.562165 -0.127317 0.821802 0.549913 -0.131016 0.820829 0.549572 -0.121706 0.819857 0.529605 0.201872 0.826016 0.533576 -0.102702 0.821802 0.527109 -0.103467 0.821478 0.548324 -0.09351795 0.829582 0.345139 0.212968 1.038677 0.333 0.21029 1.032518 0.320294 -0.104487 1.073688 0.296696 -0.10589 1.048727 0.324945 -0.106018 1.09087 0.183362 0.259394 0.8915 0.1700879 0.25391 0.888258 0.195841 0.25391 0.888907 0.578955 -0.1459389 0.880478 0.19119 0.182103 0.899281 0.204463 0.176491 0.893121 0.565228 -0.1459389 0.82861 0.217963 0.176491 0.876264 0.314281 0.187587 1.127178 0.305886 0.193964 1.116804 0.299646 0.194092 1.079199 0.324605 0.169221 1.161541 0.363744 0.224957 1.039325 0.3465 0.215647 1.034463 0.359887 0.228018 1.034787 0.394829 0.22687 1.043864 0.329369 0.226615 1.026034 0.183362 0.28554 0.832176 0.171563 0.291662 0.838011 0.19448 0.29179 0.837687 0.1564739 0.291662 0.859407 0.210135 0.291662 0.863945 0.172244 0.29179 0.885989 0.19516 0.291662 0.885341 0.206278 0.28554 0.843522 0.546282 0.247277 0.811104 0.558421 0.250211 0.814994 0.552976 0.250338 0.805269 0.33334 0.100347 1.21892 0.336176 0.124581 1.219893 0.335949 0.08708298 1.218596 0.160332 0.259522 0.87983 0.265498 0.2286559 0.838983 0.267427 0.182996 0.841901 0.269242 0.22483 0.838983 0.1605589 0.28554 0.843522 0.364425 0.167945 1.129447 0.357618 0.152258 1.137552 0.338218 0.173685 1.132365 0.544807 0.204805 0.911924 0.545828 0.201617 0.899929 0.541404 0.205316 0.938506 0.261754 0.146773 0.949852 0.253926 0.147411 0.887934 0.255174 0.1532779 0.912896 0.336063 -0.104615 1.123936 0.346613 0.184143 1.119398 0.333113 0.08376699 1.226701 0.25404 0.277505 0.77739 0.258464 0.255185 0.777065 0.25404 0.28554 0.77739 0.325852 0.09129196 1.221838 0.315869 -0.109461 1.076282 0.331865 0.277505 1.066556 0.305432 0.27572 1.053914 0.238951 0.141927 0.902198 0.251771 0.145498 0.873995 0.286032 0.277505 1.039325 0.563526 -0.06507599 0.836066 0.560577 -0.09211498 0.82472 0.325852 0.07879298 1.238695 0.325966 0.08759295 1.255552 0.32347 0.1724089 1.15376 0.342416 -0.07846796 1.478263 0.335609 -0.076173 1.356048 0.329142 -0.109461 1.112266 0.557287 -0.149 0.980973 0.569312 -0.1481069 0.958605 0.542765 -0.1481069 1.008204 0.404926 -0.1352249 2.046223 0.405039 -0.1419849 2.046871 0.415817 -0.140199 2.04752 0.471974 -0.145556 1.065908 0.451099 -0.1481069 1.071743 0.507823 -0.147979 1.04354 0.37645 -0.145684 2.03974 0.370211 -0.138414 2.036498 0.374749 -0.143515 2.039091 0.427842 -0.145556 1.077903 0.183362 0.28554 0.8915 0.206051 0.28554 0.87983 0.429771 -0.1472139 2.031959 0.449057 -0.207032 2.019965 0.474016 -0.208052 1.994354 0.405039 -0.178335 2.037146 0.418426 -0.149127 2.03358 0.416611 -0.149127 2.034877 0.37282 -0.146449 2.037146 0.370891 -0.144026 2.037794 0.2230679 0.180445 0.964116 0.226812 0.180445 0.970276 0.222501 0.185164 0.956336 0.36919 -0.150658 2.03747 0.365673 -0.144663 2.04363 0.361135 -0.150913 2.04752 0.358752 -0.138031 2.046223 0.336176 0.1680729 1.82643 0.328235 0.138738 1.897749 0.336063 0.180827 1.874409 0.558875 -0.1459389 0.984539 0.314735 0.148686 1.955453 0.319726 0.156339 1.95675 0.319499 0.146263 1.950915 0.321882 0.197535 1.914283 0.314621 0.156849 1.955453 0.428636 -0.208052 2.030663 0.368622 -0.1539739 2.034553 0.367488 -0.153719 2.037146 0.346273 -0.15576 2.021585 0.328008 -0.1570349 1.9963 0.346954 -0.158055 2.017047 0.371005 -0.157673 2.030663 0.321995 -0.1548669 2.005377 0.483545 -0.149 1.055859 0.314735 0.159528 1.9467 0.319613 0.15264 1.94281 0.319159 0.1594 1.947673 0.344344 0.191031 1.87765 0.358072 0.191413 1.86987 0.354214 0.188097 1.862414 0.338445 -0.093391 1.157975 0.336063 -0.102957 1.14598 0.33663 -0.08076399 1.175156 0.314735 0.148176 1.94508 0.425006 -0.145556 1.111941 0.429204 -0.155122 1.113562 0.375429 -0.155122 1.184233 0.482638 -0.2038429 1.972311 0.484793 -0.208052 1.942486 0.370438 0.210928 0.753725 0.35966 0.206974 0.760208 0.351719 0.197535 0.756642 0.483772 -0.197594 1.930816 0.477306 -0.207925 1.913958 0.380988 0.214116 0.755021 0.324605 -0.141857 1.996624 0.324718 -0.15002 1.9963 0.312806 -0.138796 2.014778 0.325058 -0.140965 1.991437 0.325852 -0.140837 1.99403 0.328008 -0.137904 1.998569 0.203555 0.1748329 0.950177 0.461196 0.169221 1.868573 0.470839 0.157742 1.823189 0.4452 0.155064 1.865007 0.209455 0.254037 0.849357 0.212291 0.253782 0.868808 0.157155 0.254037 0.874319 0.5768 -0.1459389 0.933968 0.377358 0.187842 1.853337 0.378719 0.190648 1.86209 0.380875 0.1889899 1.857876 0.332092 -0.131909 1.997596 0.331071 -0.135353 1.998569 0.574304 -0.149 0.930726 0.380648 0.212968 0.752428 0.483432 0.213351 0.781604 0.255855 0.18019 0.910951 0.253246 0.179679 0.906737 0.253019 0.188225 0.910951 0.477079 0.1898829 1.89937 0.46131 0.198938 1.890293 0.482751 0.199066 1.923684 0.269015 0.252507 0.852923 0.264817 0.257226 0.882423 0.258691 0.257991 0.830879 0.351151 -0.130378 2.012184 0.321768 -0.129868 1.953184 0.379627 0.133381 2.031311 0.380081 0.137463 2.034877 0.37974 0.158507 2.034229 0.418426 0.130065 2.035201 0.381782 0.130065 2.035201 0.381215 0.1301929 2.026772 0.418766 0.1301929 2.026772 0.337311 0.129682 1.964854 0.463805 0.1299369 1.99403 0.411165 0.1299369 1.842639 0.515197 0.1299369 1.816381 0.420355 0.125218 1.825782 0.48139 0.117056 1.805359 0.327781 0.13134 1.985926 0.35308 0.132616 2.018344 0.319159 0.131723 1.933085 0.339126 0.131978 1.861442 0.362723 0.129682 1.825782 0.341054 0.1301929 1.786232 0.385753 0.125473 1.821244 0.316663 0.136952 1.969717 0.471066 0.136952 1.997596 0.503058 0.132871 1.900667 0.533576 0.129045 1.798551 0.446788 0.132743 2.018344 0.496592 0.183378 1.908447 0.521891 0.172154 1.838101 0.505895 0.185546 1.864683 0.206165 0.259522 0.880154 0.229081 0.1787869 0.930726 0.235888 0.185036 0.927808 0.477646 0.1895 1.853661 0.462784 0.1831229 1.867601 0.462444 0.18797 1.87765 0.444519 -0.167366 1.875057 0.440435 -0.154612 1.864359 0.453368 -0.154357 1.861442 0.160445 0.28554 0.880154 0.256536 0.224957 0.913869 0.335949 -0.07540696 1.234805 0.333227 -0.08357 1.252959 0.335949 -0.08522796 1.260415 0.333227 -0.100151 1.261063 0.568178 -0.01890599 0.945314 0.335836 0.006219983 1.731446 0.336063 0.02471399 1.724638 0.331979 0.01718896 1.728204 0.325852 -0.091223 1.258146 0.333 -0.07948899 1.235778 0.574871 0.05098795 0.86589 0.57385 0.06017094 0.852599 0.579182 0.05494195 0.880154 0.408783 -0.189686 1.864683 0.377925 -0.207032 1.867277 0.399821 -0.197466 1.864359 0.331865 0.01820999 1.701622 0.335949 0.01387298 1.691896 0.377812 -0.197466 1.867601 0.365559 -0.1905789 1.86598 0.314735 -0.155632 1.956102 0.320861 -0.145556 1.954156 0.320407 -0.158693 1.953832 0.563526 0.05098795 0.863945 0.335609 -0.113925 1.258146 0.314735 -0.146194 1.952211 0.565795 0.06080895 0.841253 0.578501 -0.03637897 0.936237 0.579976 -0.01150798 0.954391 0.579976 -0.04556196 0.930402 0.325966 -0.08420795 1.227349 0.325966 -0.08012598 1.24453 0.498634 -0.160606 1.757056 0.478327 -0.155887 1.787529 0.501243 -0.153464 1.738578 0.2308959 0.277505 0.961523 0.221026 0.277505 0.965089 0.236569 0.277505 0.981622 0.262095 0.277505 0.784197 0.28399 0.277633 0.761505 0.221707 0.277505 0.924891 0.226926 0.277505 0.85033 0.241107 0.277505 0.815643 0.250183 0.277505 0.999776 0.340487 0.277505 0.73006 0.383598 0.277505 1.079199 0.3929 0.277505 0.72001 0.445881 0.277505 0.725845 0.49489 0.277505 0.746917 0.535618 0.277505 0.781604 0.56035 0.277505 0.981946 0.56432 0.277505 0.826665 0.577254 0.277505 0.931374 0.578615 0.277505 0.877885 0.220459 0.277505 0.887286 0.317457 -0.134587 1.928546 0.33992 -0.129996 1.881541 0.335382 -0.136756 1.861442 0.334701 -0.05971896 1.664989 0.308949 -0.05602097 1.664989 0.308835 -0.063546 1.659478 0.490579 -0.21443 1.162189 0.479121 -0.213919 1.219569 0.480369 -0.216598 1.209195 0.576459 -0.04721999 0.914841 0.308722 -2.84e-4 1.664017 0.308949 -0.063928 1.627061 0.2308959 0.28554 0.961523 0.221707 0.28554 0.924891 0.220459 0.28554 0.887286 0.226926 0.28554 0.85033 0.241107 0.28554 0.815643 0.262095 0.28554 0.784197 0.335836 0.07356297 1.606637 0.340828 -0.005640983 1.60761 0.33629 -0.104997 1.736633 0.335609 -0.141475 1.772941 0.336176 -0.115711 1.743116 0.526202 -0.149 1.024089 0.526883 -0.143388 1.028952 0.337765 0.090909 1.543423 0.51463 -0.145556 1.040946 0.579522 -0.05602097 0.879182 0.339353 -0.132929 1.819947 0.376791 -0.154994 1.187475 0.375997 -0.15053 1.183909 0.382463 -0.145429 1.167052 0.37577 -0.15053 1.186502 0.357164 -0.197466 1.876029 0.377018 -0.2145569 1.186502 0.335949 -0.01622694 1.729825 0.331752 -0.01775795 1.727232 0.335949 -0.02388 1.710699 0.454049 0.228018 0.769933 0.421489 0.226615 0.757615 0.483772 0.2264879 0.782576 0.452574 0.224957 0.766043 0.331979 -0.01571696 1.697407 0.331865 -0.005257964 1.689627 0.44815 -0.145811 1.107727 0.507937 -0.145556 1.144683 0.504079 -0.150785 1.150195 0.504874 -0.150403 1.183585 0.509865 -0.145684 1.176777 0.354441 -0.08905398 1.142738 0.339012 -0.101299 1.138848 0.358072 -0.100533 1.129447 0.395056 -0.1419849 2.034877 0.382123 -0.141857 2.035201 0.381896 -0.148872 2.034877 0.41922 -0.147342 2.034877 0.430225 -0.1419849 2.034877 0.405039 -0.1419849 2.034877 0.405153 -0.130123 2.035849 0.395056 -0.129996 2.034877 0.410031 -0.215067 1.206277 0.412413 -0.215833 1.206277 0.414682 -0.215195 1.209843 0.418313 -0.215067 1.212437 0.424439 -0.213792 1.219893 0.394489 -0.21494 1.195904 0.413094 -0.215195 1.140145 0.429658 -0.21443 1.113238 0.504987 -0.214174 1.183261 0.50442 -0.2145569 1.150843 0.479461 -0.215705 1.139497 0.445881 -0.2145569 1.110969 0.437826 -0.21494 1.114535 0.374068 -0.14951 2.032932 0.371345 -0.150913 2.034229 0.372593 -0.149127 2.033904 0.375997 -0.147342 2.034877 0.376904 -0.149127 2.032284 0.498861 0.161186 1.754138 0.482524 0.1702409 1.799848 0.328235 -0.136373 1.995003 0.317571 -0.135863 1.972959 0.27083 0.228018 0.851302 0.268788 0.227508 0.840928 0.272192 0.228018 0.839956 0.28399 0.228018 0.980001 0.350471 0.228018 0.768961 0.332546 0.226615 0.772527 0.296129 0.2264879 0.800082 0.271057 0.227126 0.838011 0.375883 0.227126 0.758263 0.522458 0.228018 0.968655 0.53471 0.228401 0.849681 0.516332 0.226615 0.814994 0.515084 0.226743 0.986485 0.536526 0.226615 0.945638 0.544013 0.22636 0.900577 0.482184 0.226743 1.018254 0.446448 0.228018 1.035435 0.268334 0.226233 0.958605 0.293179 0.226743 0.997182 0.255515 0.226233 0.912248 0.252678 0.228018 0.910951 0.257216 0.228018 0.909654 0.26391 0.227891 0.891176 0.259258 0.228018 0.912896 0.257557 0.227126 0.914193 0.469478 -0.1927469 1.896777 0.436011 -0.208052 1.872463 0.44883 -0.190962 1.875705 0.460515 -0.20767 1.889645 0.400388 -0.208052 1.864683 0.400501 -0.160606 1.860793 0.390064 -0.181523 1.860469 0.388249 -0.191344 1.86209 0.384505 0.209652 2.034553 0.405266 0.206336 2.035525 0.436124 0.209525 2.027421 0.460629 0.208887 2.010239 0.477419 0.209142 1.98625 0.484793 0.209525 1.957398 0.482184 0.209525 1.927898 0.469818 0.209525 1.901315 0.351038 0.209525 2.019965 0.42875 0.209525 1.869222 0.33005 0.209525 1.998893 0.315642 0.209525 1.965503 0.449057 0.208504 1.87992 0.39256 0.209525 1.865332 0.363858 0.209525 1.872788 0.322449 0.209269 1.913958 0.314848 0.208504 1.942486 0.33958 0.209142 1.889645 0.424099 -0.148362 1.219893 0.373387 -0.145684 1.187799 0.478781 -0.148745 1.219893 0.255401 -0.109461 0.792626 0.227493 -0.109461 0.951149 0.2291949 -0.105635 0.951149 0.250183 -0.105763 0.997506 0.249162 -0.109461 0.998155 0.331979 -0.07438695 1.604368 0.331865 -0.07400399 1.355399 0.276616 0.147028 0.821802 0.303276 0.147028 0.786791 0.31065 0.1493239 0.785494 0.322336 0.158507 0.776093 0.315415 0.151747 0.77739 0.268221 0.232482 0.869132 0.253473 0.252634 0.909654 0.2324849 0.2495729 0.932023 0.223749 0.250211 0.954067 0.22409 0.255313 0.967034 0.229535 0.257226 0.93105 0.487403 0.176873 1.799199 0.517693 0.153788 1.723342 0.57022 0.04971295 0.888258 0.58009 0.05149799 0.910951 0.579976 0.03708595 0.937209 0.568064 0.03453499 0.93494 0.250636 -0.13446 0.983891 0.250296 -0.124001 0.977407 0.239745 -0.133312 0.981946 0.238157 -0.125277 0.97838 0.579976 0.154043 0.899929 0.578501 0.176618 0.916462 0.578728 0.174705 0.91711 0.577367 0.195367 0.934616 0.577027 0.199066 0.932671 0.573396 0.212713 0.945638 0.572148 0.2188349 0.959578 0.564661 0.237967 0.976111 0.56103 0.240518 0.988105 0.538 0.2622 1.020523 0.568291 0.231845 0.963792 0.559215 0.249446 0.984539 0.331865 0.07407397 1.604368 0.331979 0.07445597 1.355724 0.56398 0.01093995 0.955039 0.56398 -0.03051197 0.945314 0.568631 -0.03484898 0.93494 0.554677 0.261562 0.808186 0.558535 0.259649 0.814994 0.546849 0.26169 0.807862 0.546736 0.257991 0.816939 0.154546 0.28554 0.861676 0.479121 -0.2302449 1.208871 0.480482 -0.2305 1.141117 0.367488 -0.143515 2.040064 0.374635 -0.147087 2.034553 0.212177 0.28554 0.861676 0.414796 -0.2302449 1.140145 0.413661 -0.230372 1.208222 0.442023 0.198173 1.875381 0.452801 0.192689 1.878299 0.221026 0.28554 0.965089 0.32018 -0.15627 1.944431 0.320067 -0.148617 1.944431 0.325852 -0.108569 1.25847 0.314848 -0.148362 1.944431 0.325966 -0.095559 1.220541 0.332659 -0.09581398 1.217948 0.325966 -0.119665 1.24453 0.334134 -0.12043 1.24064 0.335949 -0.09568697 1.216003 0.335609 2.26e-4 1.664665 0.351265 -0.208052 1.880244 0.326079 -0.208052 1.906502 0.39256 -0.208052 2.034877 0.314848 -0.208052 1.957398 0.317457 -0.207032 1.927898 0.339466 -0.207415 2.010239 0.322449 -0.20767 1.98625 0.363858 -0.208052 2.027421 0.258691 -0.104615 0.794247 0.292953 -0.107293 0.755021 0.258691 -0.10436 1.003018 0.193345 0.146773 0.932023 0.2234089 0.146901 0.920028 0.220005 0.147794 0.96444 0.1861979 0.149579 0.93883 0.172811 0.149069 0.931698 0.395056 -0.131271 2.043954 0.395056 -0.1419849 2.046871 0.370891 -0.143005 2.037794 0.446221 -0.139179 2.023531 0.376223 -0.1419849 2.040064 0.574871 -0.04926097 0.882423 0.571921 -0.05614799 0.851626 0.564207 -0.05079096 0.864594 0.415703 -0.217746 1.208871 0.412981 -0.218001 1.205305 0.485814 -0.196063 1.952211 0.327668 0.13861 1.998245 0.31394 -0.15104 2.014129 0.347521 -0.137011 2.017047 0.446108 -0.1548669 1.110645 0.319726 -0.15053 2.003756 0.325512 -0.15002 1.992085 0.556606 -0.06214296 0.849357 0.437372 -0.15053 1.111617 0.379967 0.132999 2.034877 0.449738 0.188607 1.876029 0.412073 -0.215833 1.204656 0.420014 0.132999 2.034877 0.419901 0.132999 2.033256 0.421262 0.136825 2.032932 0.565568 0.08223599 0.828934 0.314735 -0.157673 1.944755 0.418199 -0.218001 1.209519 0.418086 -0.21596 1.210492 0.565795 -0.05168396 0.909654 0.336517 -0.01673698 1.684764 0.250069 -0.120685 0.987457 0.242014 -0.11992 0.985512 0.139571 0.28554 0.809159 0.12278 0.28554 0.830879 0.218417 0.28554 0.78906 0.171563 0.28554 0.794571 0.116541 0.285796 0.878533 0.191416 0.28554 0.942072 0.149554 0.28554 0.920676 0.129474 0.28554 0.903171 0.14581 0.176491 0.861676 0.247346 0.125729 0.862 0.2424679 0.125473 0.886313 0.242355 0.125473 0.837363 0.228514 0.125473 0.907061 0.228514 0.125473 0.816615 0.207753 0.125473 0.920676 0.207866 0.125473 0.803 0.183362 0.125473 0.925539 0.183362 0.125473 0.797813 0.158857 0.125473 0.920676 0.1589699 0.125473 0.802675 0.138096 0.125473 0.906737 0.138209 0.125473 0.816615 0.124255 0.125473 0.886313 0.124255 0.125473 0.837363 0.119263 0.125729 0.861676 0.154319 0.259522 0.861676 0.122553 0.259394 0.893445 0.116654 0.259394 0.857462 0.239405 0.259522 0.90933 0.252338 0.259649 0.83639 0.212291 0.259522 0.861676 0.12607 0.261307 0.823423 0.149327 0.259394 0.803648 0.148873 0.260925 0.921 0.17803 0.259394 0.933968 0.218644 0.259522 0.935588 0.216488 0.259522 0.945638 0.214446 0.259522 0.955363 0.248594 0.256588 0.801379 0.19153 0.260159 0.792626 0.241787 0.259522 0.804296 0.2445099 0.259522 0.784521 0.243149 0.259522 0.794571 0.335836 0.07445597 1.354751 0.209908 0.181975 0.888258 0.282175 0.194474 1.052941 0.284784 0.192816 1.050023 0.27707 0.187587 1.032842 0.27083 0.187204 1.030897 0.257103 0.1613129 1.008529 0.2076399 0.140524 0.920352 0.183362 0.140524 0.925215 0.159084 0.140524 0.920352 0.138436 0.140524 0.906737 0.124709 0.140524 0.885989 0.11949 0.1403959 0.862 0.124255 0.140269 0.837363 0.138096 0.1403959 0.816615 0.158857 0.140269 0.802675 0.183362 0.1403959 0.797813 0.207753 0.140269 0.802675 0.228514 0.1403959 0.816615 0.242355 0.140269 0.837363 0.247233 0.1403959 0.861676 0.242014 0.140524 0.885989 0.228287 0.140524 0.906737 0.317571 0.19524 1.025386 0.253926 0.249318 0.812725 0.2470059 0.140651 0.885341 0.251204 0.140779 0.862 0.255628 0.176491 0.888583 0.264137 0.176746 0.851951 0.145243 0.176491 0.918083 0.116427 0.176491 0.876264 0.119944 0.176236 0.840928 0.246325 0.176491 0.818884 0.252111 0.177129 0.899605 0.255742 0.175853 0.899929 0.128907 0.1748329 0.902522 0.13231 0.1748329 0.816939 0.2424679 0.176491 0.799434 0.2445099 0.176491 0.784521 0.227833 0.176491 0.923918 0.2176229 0.176491 0.940451 0.214446 0.176491 0.955363 0.262435 0.1911579 0.832176 0.12278 0.140524 0.830879 0.11586 0.140524 0.870104 0.123688 0.140524 0.894418 0.1399109 0.140524 0.914193 0.172924 0.140141 0.929753 0.209682 0.140651 0.924566 0.160899 0.140524 0.797489 0.1386629 0.140524 0.810456 0.181206 0.142054 0.793923 0.1580629 0.142054 0.924891 0.56103 0.10022 0.825044 0.555585 0.164757 0.827637 0.56398 0.18121 0.825368 0.540837 0.19001 0.830879 0.554677 0.209652 0.807538 0.546849 0.255058 0.803 0.551955 0.256588 0.803648 0.336063 -0.03140497 1.353454 0.246893 0.261307 0.780631 0.384732 -0.1419849 2.046547 0.38598 -0.133184 2.045575 0.406628 0.1114439 1.815732 0.387455 0.116673 1.808925 0.394262 0.156339 1.79304 0.383824 0.168838 1.783314 0.389157 0.161568 1.845557 0.385186 0.18121 1.842639 0.388816 0.181593 1.859172 0.485587 0.194474 1.935354 0.461536 -0.185605 1.870843 0.460969 -0.166346 1.86598 0.549913 0.171262 0.8325 0.549459 0.100092 0.831203 0.552408 0.08045095 0.831851 0.55706 0.06055396 0.852275 0.387795 -0.117114 1.809249 0.407081 -0.116221 1.818326 0.406968 -0.100023 1.812491 0.414569 -0.100151 1.813787 0.325966 -0.108696 1.221838 0.325966 -0.118007 1.231239 0.215241 0.26118 0.959902 0.335609 -0.117242 1.226701 0.566589 0.213989 1.147601 0.566589 0.131085 1.328493 0.576573 0.113357 1.320388 0.576573 0.089634 1.391059 0.579976 0.06846195 1.38652 0.55116 0.228018 1.154085 0.55116 0.145115 1.334976 0.566589 0.108765 1.395273 0.55116 0.123815 1.398515 0.566816 0.098944 1.519758 0.55116 0.116673 1.46562 0.55116 0.116673 1.571302 0.530513 0.125091 1.521703 0.535391 0.1247079 1.575192 0.509979 0.1299369 1.573895 0.514517 0.131978 1.605989 0.579976 0.135167 1.220865 0.58043 0.191031 1.012743 0.575325 0.198428 1.140469 0.574644 0.220493 1.078227 0.575665 0.08172595 1.519433 0.509979 0.240262 1.159596 0.536753 0.256205 1.093787 0.509979 0.258374 1.108051 0.471293 0.265261 1.072067 0.430338 0.263603 1.083414 0.574077 0.208377 0.948556 0.574644 0.223299 1.012094 0.559442 0.246767 1.046133 0.559442 0.239242 1.099623 0.53403 0.236054 1.157651 0.531647 0.154171 1.33919 0.509979 0.157232 1.340487 0.531647 0.133509 1.400784 0.579976 -0.07476997 1.289591 0.579976 -0.07553499 0.899929 0.576913 -0.09568697 1.294778 0.575552 -0.100023 0.940775 0.566589 -0.116604 1.279866 0.566476 -0.115456 0.968331 0.55116 -0.132164 1.279866 0.548665 -0.1339499 1.002045 0.531647 -0.142112 1.279866 0.579976 -0.05640298 1.436768 0.575438 -0.07808595 1.431581 0.566703 -0.106528 1.344053 0.551614 -0.121578 1.347295 0.532782 -0.131399 1.349564 0.509865 -0.143515 1.30969 0.509979 -0.145556 1.279866 0.404812 -0.1459389 1.261712 0.423304 -0.145556 1.224756 0.579976 0.059789 1.519109 0.576913 0.079813 1.575516 0.564888 0.102898 1.575192 0.56069 0.11425 1.628357 0.539589 0.127004 1.620901 0.545375 0.144605 1.706484 0.529492 0.147411 1.700325 0.531874 0.168711 1.775858 0.507596 0.181848 1.809897 0.381102 0.190903 1.266899 0.38598 0.157232 1.340487 0.318592 0.261052 1.09865 0.303617 0.267939 1.057155 0.55116 0.116673 1.574868 0.558875 0.2210029 1.150843 0.579976 0.06004399 1.576165 0.571354 0.10073 1.649429 0.553543 0.13759 1.710374 0.548438 0.148304 1.741496 0.509979 0.136952 1.401433 0.38598 0.136952 1.401433 0.369757 0.154681 1.33919 0.36953 0.1724089 1.300289 0.366467 0.194474 1.251987 0.351832 0.167818 1.284404 0.352626 0.186312 1.249717 0.33992 0.15264 1.276624 0.344912 0.1791689 1.246475 0.339126 0.169603 1.24064 0.338218 0.190776 1.216651 0.334134 0.17394 1.214382 0.331185 0.201617 1.187475 0.328916 0.156722 1.178074 0.330163 0.152895 1.179046 0.340714 0.24039 1.158947 0.306793 0.25391 1.106755 0.333567 0.226615 1.176453 0.287394 0.262583 1.049051 0.290684 0.26896 1.044188 0.266519 0.252252 1.023117 0.575438 -0.1010439 0.940127 0.568518 -0.07961601 0.835417 0.555471 -0.106528 0.807862 0.509979 0.1299369 1.46562 0.38598 0.1299369 1.46562 0.38598 0.1299369 1.571302 0.384505 0.132616 1.620901 0.362837 0.125346 1.571302 0.3659 0.128917 1.62317 0.348088 0.113229 1.598209 0.354101 0.137845 1.685737 0.354328 0.146518 1.335624 0.345592 0.138483 1.331734 0.339466 0.1277689 1.326872 0.345592 0.116801 1.397218 0.352286 0.215647 1.20725 0.360681 0.221514 1.200118 0.42546 0.240262 1.159596 0.281835 0.254675 1.050996 0.280814 0.20455 1.053914 0.250183 0.215264 0.999776 0.17145 0.144733 0.929429 0.279906 0.247277 1.051644 0.301348 0.240135 1.105458 0.308381 0.192944 1.066556 0.305886 0.193071 1.03738 0.318819 0.192434 1.093463 0.320294 0.198556 1.058776 0.325626 0.1957499 1.085035 0.331298 0.201107 1.082441 0.335269 0.1957499 1.099298 0.334248 0.210928 1.062342 0.362042 0.208249 1.110645 0.347067 0.212968 1.054238 0.381669 0.215519 1.042892 0.527904 0.211183 0.968979 0.513949 0.212203 1.099947 0.51134 0.213096 0.993292 0.431926 0.213096 1.090546 0.531194 0.209652 1.089897 0.552522 0.192944 0.899929 0.546169 0.200724 1.089897 0.55445 0.192434 1.089897 0.556379 0.173047 1.117128 0.56069 0.18019 1.089897 0.562165 0.162971 1.101568 0.56398 0.162971 1.089897 0.563753 -0.084463 1.096057 0.563867 -0.08879899 0.899929 0.559215 0.184271 0.899929 0.539362 0.204168 0.861676 0.526656 0.205443 0.831527 0.321315 0.160803 0.779335 0.36658 0.214754 0.759884 0.381215 0.217177 0.756966 0.434876 0.213223 0.757939 0.509412 0.2179419 0.806241 0.519395 0.214754 0.819533 0.278545 0.152002 0.822774 0.27049 0.152002 0.963144 0.279566 0.167435 0.978704 0.29057 0.183378 0.993616 0.300894 0.193837 1.004314 0.312239 0.153405 0.785494 0.299079 0.153023 0.752752 0.318592 0.172154 0.747565 0.321768 0.157487 0.773175 0.28762 0.146773 0.76345 0.230329 0.148941 0.787115 0.1952739 0.144733 0.794247 0.355349 0.212203 0.730708 0.326647 0.195367 0.734922 0.403905 0.215647 0.72001 0.397438 0.2123309 0.730708 0.35671 0.214754 0.725197 0.480369 0.215264 0.738812 0.443158 0.2157739 0.725197 0.51463 0.212841 0.773175 0.541404 0.215902 0.788736 0.513723 0.215519 0.760532 0.527336 0.20302 0.831203 0.541404 0.201617 0.864269 0.554337 0.184271 0.861027 0.528357 0.201234 0.829906 0.556833 0.163226 0.849681 0.562846 0.168328 0.899929 0.557514 -0.09007495 0.853571 0.555812 -0.101554 0.899929 0.561711 -0.09326297 1.089897 0.558194 -0.09861999 1.089897 0.551728 -0.104232 1.100595 0.552749 -0.102319 1.089897 0.559669 -0.09568697 1.103513 0.541517 -0.09300798 1.128799 0.524954 -0.101426 1.123288 0.516899 -0.08956497 1.135931 0.513949 -0.101171 1.122964 0.513949 -0.09568697 1.131068 0.551955 -0.08216696 1.122639 0.556833 -0.08433496 1.115832 0.517807 -0.07451397 1.139821 0.530173 -0.074642 1.137552 0.543446 -0.07795798 1.130744 0.529492 0.162971 1.137552 0.542198 0.162971 1.131068 0.513949 0.162971 1.140145 0.533916 0.1831229 1.132365 0.446448 0.162971 1.140145 0.513949 -0.08765095 1.136579 0.380988 -0.09568697 1.131068 0.380988 -0.08765095 1.136579 0.373614 -0.07438695 1.140145 0.546736 -0.101809 0.853247 0.541177 -0.104487 0.877885 0.53403 -0.104615 1.106106 0.517466 -0.104487 0.816615 0.550934 -0.103084 0.811104 0.533236 -0.104487 0.79684 0.514744 -0.106783 0.761181 0.452461 -0.10436 0.732977 0.468911 -0.107038 0.733625 0.393808 -0.104615 0.722603 0.429317 -0.109461 0.722279 0.380194 -0.109461 0.720982 0.33992 -0.107293 0.729735 0.31326 -0.104487 0.747889 0.369757 -0.104487 1.111617 0.380988 -0.101171 1.122964 0.354555 -0.07451397 1.148574 0.344571 -0.07451397 1.158623 0.335949 -0.124511 1.192014 0.335949 -0.125532 1.151167 0.33958 -0.135098 1.179695 0.330844 -0.125532 1.113887 0.334475 -0.139944 1.106755 0.322222 -0.125532 1.088276 0.312806 -0.132547 1.068826 0.308268 -0.125532 1.06526 0.278772 -0.109461 1.032194 0.289663 -0.130634 1.043216 0.289663 -0.147342 1.042243 0.319613 -0.14326 1.063315 0.259599 -0.149 1.012419 0.241674 -0.1459389 0.985836 0.2276059 -0.147469 0.950177 0.447582 -0.148872 0.726494 0.393354 -0.148362 0.72001 0.342983 -0.147342 0.729411 0.293974 -0.1472139 0.754697 0.254947 -0.147597 0.793274 0.240653 -0.149 0.872698 0.565568 -0.118389 0.968979 0.577707 -0.08803397 0.920352 0.55116 -0.11163 1.420235 0.565115 -0.09581398 1.492851 0.55116 -0.11163 1.565791 0.553089 -0.1097159 1.575192 0.532895 -0.121068 1.574868 0.568518 -0.092498 1.575516 0.565115 -0.101171 1.694814 0.575665 -0.08191198 1.631275 0.571354 -0.08382499 1.66888 0.575438 -0.07094299 1.641973 0.578728 -0.05997496 1.609879 0.561825 0.112209 1.707781 0.571354 0.08835798 1.66888 0.577594 0.07050198 1.625764 0.579182 -0.06035697 1.57584 0.576573 -0.07668298 1.57584 0.520189 0.134402 1.637758 0.380875 0.13759 1.658182 0.37577 0.143074 1.684116 0.362837 0.1256009 1.46562 0.36295 0.1323609 1.40046 0.321882 0.199194 1.157326 0.321995 0.222406 1.157651 0.326306 0.212713 1.171914 0.336063 0.126621 1.177425 0.334928 0.1493239 1.163162 0.3271 0.1889899 1.110321 0.336063 0.120244 1.300937 0.344571 0.12305 1.158623 0.354555 0.12305 1.148574 0.367034 0.12305 1.14209 0.397325 0.122795 1.139497 0.415136 0.162971 1.140145 0.2382709 -0.109461 0.974814 0.312239 -0.149 0.745944 0.531647 -0.121578 1.565791 0.531647 -0.121578 1.420235 0.510319 -0.1250219 1.57422 0.509979 -0.1250219 1.420235 0.385867 -0.124894 1.408565 0.537206 -0.125787 1.635165 0.554224 3.53e-4 1.73793 0.558648 -0.118389 1.720748 0.548778 -0.100023 1.75349 0.539362 -0.125149 1.783963 0.541858 -0.110227 1.770996 0.533463 -0.12821 1.797903 0.535958 0.141161 1.798875 0.558081 0.129172 1.715237 0.345592 0.109403 1.46562 0.336176 0.09690397 1.39268 0.321882 0.175981 1.157326 0.310991 0.192179 1.129771 0.341281 -0.134842 1.241289 0.339466 -0.108441 1.316498 0.336063 -0.09288096 1.312932 0.354555 -0.149127 1.072067 0.343891 -0.145301 1.083738 0.34684 -0.143388 1.169969 0.410258 -0.1472139 1.076606 0.490919 -0.149 0.748213 0.509979 -0.1271899 1.390086 0.415477 -0.137011 1.342432 0.38303 -0.1450459 1.297696 0.553543 -0.114563 1.622522 0.566249 -0.104232 1.639704 0.548324 -0.137011 1.754787 0.530513 -0.136628 1.813463 0.523593 -0.131909 1.823837 0.540496 -0.100023 1.770023 0.540496 0.09996497 1.770023 0.531988 0.09996497 1.780073 0.541858 0.110168 1.770672 0.548778 0.09996497 1.75349 0.539475 0.125091 1.783963 0.503172 0.153533 1.728528 0.500676 0.153023 1.725935 0.450986 0.15264 1.821568 0.402543 0.153023 1.779749 0.405947 0.153023 1.844584 0.398573 0.154426 1.844584 0.405607 0.1545529 1.85204 0.398346 0.1613129 1.859821 0.436578 0.166287 1.872139 0.386207 0.153023 1.726907 0.380534 0.15264 1.720424 0.446561 0.151747 1.717182 0.369076 0.15991 1.739226 0.350357 0.171006 1.776507 0.360908 -0.1437709 1.273382 0.371005 -0.1284649 1.369663 0.352853 -0.125277 1.334328 0.35603 -0.145556 1.151167 0.54129 -0.143388 1.705512 0.549345 -0.139307 1.707457 0.541971 -0.1530809 1.74182 0.555358 -0.133312 1.711347 0.5439 -0.15104 1.764188 0.558535 -0.125914 1.715885 0.496705 -0.181268 1.909096 0.50839 -0.185095 1.849771 0.516105 -0.17808 1.853013 0.531534 -0.157545 1.810545 0.495004 -0.174126 1.930816 0.520529 -0.165708 1.847178 0.484907 -0.188156 1.90326 0.486835 -0.1905789 1.923684 0.46857 -0.187518 1.877002 0.502037 -0.185732 1.83648 0.524046 -0.174508 1.802441 0.48173 -0.135353 1.97458 0.473789 -0.187518 1.863387 0.483205 -0.1847119 1.83032 0.492394 -0.1764219 1.798227 0.470726 -0.136245 1.998245 0.470385 -0.129868 1.979442 0.428863 -0.131271 2.033256 0.531988 -0.100023 1.780073 0.517807 -0.112395 1.793688 0.376223 0.183378 1.817029 0.340147 0.107617 1.652671 0.371005 -0.122726 1.420235 0.357504 -0.116094 1.420235 0.3465 -0.105763 1.420235 0.33697 -0.08739596 1.407268 0.513382 -0.126935 1.606637 0.521097 -0.1315259 1.643594 0.385867 -0.124894 1.578434 0.384051 -0.129231 1.624143 0.371005 -0.122598 1.583297 0.35603 -0.124001 1.645539 0.380534 -0.134587 1.663044 0.532328 -0.144791 1.705188 0.529378 -0.139179 1.683143 0.521664 -0.151423 1.725287 0.357618 -0.115966 1.583621 0.346613 -0.105635 1.583945 0.51792 -0.1705549 1.7791 0.502151 -0.170937 1.780721 0.488197 -0.174636 1.797578 0.456318 -0.152188 1.735012 0.484113 -0.170172 1.797903 0.37316 -0.152061 1.728853 0.478327 -0.16405 1.80698 0.453935 -0.151933 1.825782 0.401069 -0.152443 1.769051 0.383257 -0.1578 1.754138 0.377585 -0.175911 1.798227 0.405947 -0.152443 1.844584 0.405607 -0.1539739 1.85204 0.398573 -0.1539739 1.844584 0.390858 -0.160606 1.851716 0.393808 -0.15576 1.792716 0.386093 -0.169789 1.83648 0.385867 -0.168769 1.80082 0.383257 -0.172978 1.799199 0.383598 -0.185222 1.852365 0.369643 -0.181778 1.81087 0.377471 -0.187263 1.853661 0.351946 -0.185605 1.835183 0.357391 -0.188156 1.8582 0.34026 -0.181396 1.863062 0.344571 -0.189814 1.878623 0.326079 -0.197466 1.906826 0.380194 -0.188156 1.857227 0.345139 -0.16558 1.772941 0.327781 -0.171447 1.900019 0.340374 -0.197466 1.888673 0.351151 -0.197466 2.02191 0.335949 -0.169917 1.838749 0.338899 -0.14122 1.739226 0.336063 -0.09058499 1.666934 0.33958 -0.102446 1.649105 0.338332 -0.128593 1.772617 0.339807 -0.117752 1.753166 0.37316 -0.129103 1.821892 0.40606 -0.129486 1.836156 0.505895 -0.129868 1.820919 0.37974 -0.129996 2.030338 0.462557 -0.121068 1.81476 0.339353 -0.102829 1.743765 0.393921 -0.100023 1.807304 0.401636 -0.100023 1.812166 0.401636 0.09996497 1.812166 0.393921 0.100092 1.807304 0.410712 0.09996497 1.813139 0.529719 -0.1241289 1.797254 0.503853 -0.100023 1.794661 0.503853 0.09996497 1.794661 0.521097 -0.100023 1.787853 0.521097 0.09996497 1.787853 0.525181 0.113484 1.789474 0.337538 0.12305 1.758353 0.337538 0.109658 1.743116 0.339239 0.102388 1.743765 0.336063 0.137845 1.841342 0.336176 0.136187 1.777479 0.335949 0.127514 1.733391 0.336063 0.110168 1.736633 0.335949 0.09996497 1.729177 0.314961 0.140013 1.940865 0.338332 0.147283 1.74571 0.341054 0.178659 1.825134 0.350924 0.187842 1.848475 0.33629 0.09129196 1.652995 0.335949 -0.05959194 1.729177 0.352626 -0.137266 1.697407 0.368169 -0.147087 1.709078 0.357051 -0.145556 1.192014 0.481503 -0.145556 1.223459 0.488991 0.1569769 1.762891 0.444065 0.153023 1.725935 0.529719 0.124198 1.797254 0.481844 0.140013 1.97458 0.484226 0.194092 1.966799 0.495004 0.17496 1.930167 0.484453 0.1988109 1.965178 0.481844 0.196898 1.97458 0.460629 0.163099 2.011212 0.440549 0.165139 2.026772 0.420355 0.150472 2.034553 0.424552 0.184781 1.867925 0.400728 0.198938 1.864359 0.379967 0.198938 1.866953 0.360341 0.198938 1.874084 0.337651 0.199321 1.890618 0.391879 0.1942189 1.862738 0.359206 0.19524 1.872139 0.371345 0.187842 1.854958 0.356143 0.189755 1.86598 0.328462 0.197791 1.902936 0.355916 0.140013 2.023206 0.350017 0.1942189 1.112914 0.395056 0.188097 1.133661 0.405833 0.2064639 1.117453 0.519735 0.202255 1.121018 0.539929 0.2025099 1.108376 0.353193 0.212968 1.071419 0.360681 0.212968 1.083414 0.370778 0.213096 1.092167 0.386093 0.212968 1.09476 0.513949 0.1911579 1.131068 0.41525 0.175343 1.1382 0.392673 0.16718 1.137876 0.385186 0.144733 1.136903 0.560917 -0.084463 1.107403 0.513949 0.178404 1.137552 0.361702 0.184781 1.123936 0.379854 0.161696 1.133661 0.371912 0.174067 1.130095 0.555245 0.254165 0.991347 0.291478 0.154171 0.756318 0.197316 0.148814 0.792626 0.293293 0.216029 0.755021</float_array>
          <technique_common>
            <accessor source="#polygons_002-mesh-positions-array" count="1260" stride="3">
              <param name="X" type="float"/>
              <param name="Y" type="float"/>
              <param name="Z" type="float"/>
            </accessor>
          </technique_common>
        </source>
        <source id="polygons_002-mesh-normals">
          <float_array id="polygons_002-mesh-normals-array" count="10614">0.8022912 -0.558916 -0.2096233 0.8912562 -0.4017086 -0.2104584 0.6926699 -0.6952512 0.1919226 0.6926023 -0.6952749 0.1920805 0.892485 -0.4317871 -0.1305004 0.4965896 -0.7277147 0.473107 0.4356119 -0.6533293 0.6191956 0.2195693 -0.625788 0.7484508 0.4964461 -0.7277536 0.4731976 0.1001634 -0.6831567 0.7233701 0.566824 -0.8165695 -0.109201 0.4965347 -0.7277626 0.473091 0.7771204 -0.6141108 0.1376666 -0.0516445 -0.9932548 -0.103817 -0.08227884 -0.9480314 -0.3073543 -0.1527311 -0.9393857 -0.3069652 -0.06202435 0.8565965 0.5122456 0.03442472 0.5904086 0.80637 -0.227692 0.5268901 0.818867 -0.6412971 0.2877146 0.7113075 -0.7753021 0.2160709 0.5934813 -0.8071224 0.2915169 0.5133923 0.03298479 0.7899664 -0.6122624 -0.04541712 0.6404327 -0.7666704 -0.06546902 0.901256 -0.4283126 0.3589423 -0.3084707 0.8809123 0.4562051 -0.5406526 0.7068039 -0.07997614 0.5144044 -0.8538104 -0.07998448 0.5143959 -0.8538146 0.1449651 0.269715 -0.9519658 0.7122902 0.04310798 -0.7005601 0.5855807 -0.002609729 -0.8106099 0.8127089 0.1789741 -0.5545023 -0.2704967 0.03073781 -0.9622301 -0.2414739 0.3912419 -0.8880428 -0.8104934 -0.3527634 0.4676095 -0.9662338 0.08594101 0.2429127 -0.8902423 0.1876311 0.4150459 -0.154357 0.9613311 -0.2280713 -0.06572914 0.9975469 -0.02407991 -0.06531691 0.9013073 -0.4282277 -0.1140869 0.4196963 0.9004661 -0.05729162 0.6044773 0.7945596 -0.1477431 0.005752384 0.9890092 -0.04037469 0.9915232 -0.1234973 -0.04881149 0.9556565 -0.2904101 -0.04291111 0.9961856 -0.07597947 -0.1476237 0.005734205 0.989027 0.1356626 -0.3330169 0.9331106 -0.05152326 0.185068 0.9813742 -0.8083924 -0.2528894 -0.5315533 -0.9810644 -0.08132517 -0.1757808 -0.8172872 -0.492105 -0.2997907 0.1687238 -0.9849257 -0.0381295 0.1435124 -0.9305261 -0.3369351 0.5443797 -0.8344057 -0.08612793 -0.8854776 0.004581332 -0.4646596 -0.9530506 -0.1287543 -0.2740752 -0.5483387 -0.1380404 -0.8247846 -0.01340109 -0.005626678 -0.9998944 3.44867e-4 1.44463e-4 -1 -0.2930074 0.002374053 -0.9561073 -0.135877 -0.001847207 -0.990724 3.77577e-4 1.59618e-4 -1 -0.1978101 6.91377e-5 -0.9802404 -0.2931359 0.002366483 -0.9560679 -0.1979944 8.03582e-5 -0.9802032 -0.5651965 0.004440963 -0.8249444 0.4997519 0.4232371 -0.7557239 0.1628955 0.4364754 -0.8848472 0.7451476 0.4419106 -0.4994699 0.8623486 -0.1184191 -0.4922723 0.7969219 -0.111453 -0.593712 0.8391727 -0.1231147 -0.5297471 0.1647554 -0.5122075 -0.8429112 0.4678708 -0.5392745 -0.7001999 -0.1672298 -0.532471 -0.8297644 0.6735144 -0.5633134 -0.4785985 0.3840304 -0.8825141 -0.2714585 0.3001602 -0.8607676 -0.4110754 0.6900088 -0.5915122 0.4171347 0.6900777 -0.5914521 0.4171058 0.6900088 -0.5915122 0.4171346 -0.1953795 0.3927223 -0.8986636 -0.5095474 0.3493639 -0.7863247 0.1627339 0.4365245 -0.8848525 -0.8929224 0.02247375 -0.4496495 -0.9363572 0.08774691 -0.3399058 -0.5096904 0.3493412 -0.786242 0.3540826 -0.8131063 -0.4620431 0.5443618 -0.6695432 -0.5053536 0.1739628 -0.7267263 -0.6645343 -0.4808104 -0.4937533 -0.7245889 -0.1673762 -0.5324324 -0.8297597 -0.7555831 -0.3826482 -0.5316716 0.8965684 0.4046685 -0.180024 0.7452673 0.4418644 -0.499332 0.93184 0.326415 0.1585171 0.3132023 0.392578 0.8647468 0.4799305 0.2126616 0.8511416 0.2203842 0.1728355 0.9599786 0.7324379 0.1516277 0.6637348 0.645842 0.1873834 0.7401187 0.7843937 0.2601189 0.5630852 -0.249261 -0.6609261 0.7078458 0.8555809 -0.4160504 -0.3080314 0.8195551 -0.308296 -0.4829938 0.950783 -0.2933927 0.09966182 -0.02838122 0.9995872 0.004462003 -0.02840411 0.9995867 0.004450917 -0.1594701 0.9378697 0.3081718 -0.9859561 -0.04395103 -0.1611174 -0.9433696 -0.01771676 -0.33127 -0.9851988 -0.01905232 0.1703535 0.8877279 0.1414752 -0.4380915 0.8127796 0.179005 -0.5543884 0.9358821 0.2191573 -0.2758528 0.3264138 -0.9452201 -0.003625869 -0.4854731 -0.5145605 0.7067838 -0.7297034 -0.4551368 0.5102779 -0.1624892 -0.5407554 0.8253368 -0.7681065 0.3844349 0.5120764 -0.4957357 0.4412105 0.7480505 -0.9251015 0.3149506 0.2121168 0.7182164 -0.5054554 -0.478205 0.8711045 -0.4488995 -0.199164 0.4680145 -0.5392932 -0.7000895 -0.3824379 0.5041944 -0.7742927 -0.6790507 0.4536561 -0.5771363 -0.7095276 -0.3954817 -0.5832365 0.9856978 0.09321355 -0.1403965 0.9359341 0.2191444 -0.2756868 0.9756755 0.2180345 0.02276396 -0.7189643 -0.6913334 -0.07175308 -0.3156563 -0.8989356 -0.3037698 -0.6618761 -0.6211645 -0.4196128 0.3277404 -0.1542103 -0.9320973 0.2584019 -0.367801 -0.893281 0.2204142 0.1707872 -0.9603382 0.3886619 0.4736031 -0.7903431 0.022228 -0.4682438 -0.8833197 0.3936424 -0.4035161 -0.8259664 -0.2279295 -0.9637557 0.1386476 -0.6185638 -0.7845318 0.0434615 -0.6828613 -0.6266785 0.3754658 -0.4729421 -0.8175196 -0.3286145 -0.220474 -0.9683055 -0.1173697 -0.2632793 -0.8962141 -0.3570496 0.4647886 -0.1505126 -0.8725352 0.1085274 -0.09929174 -0.9891224 -0.3583659 -0.9057668 -0.2261869 -0.4602685 -0.7690692 -0.4434924 -0.7311711 -0.666269 -0.1465421 -0.1489068 0.9133701 -0.3789217 -0.04488849 0.6866988 -0.725555 -0.3779781 0.6420384 -0.6670228 -0.2464375 -0.6117577 0.7516789 -0.1311523 0.9854217 0.1083661 -0.4735099 0.7825866 0.4041618 -0.5846297 0.7805126 0.2213781 -0.02226221 -0.4682982 0.88329 -0.3961235 -0.3874589 0.8324432 0.5746544 -0.814293 -0.08184963 0.4584772 -0.8886771 0.007201492 0.4497038 -0.8823993 -0.1383406 -0.1572836 0.4391888 0.8845198 0.1781499 0.3664125 0.9132385 -0.4955927 0.4412289 0.7481344 0.1799705 -0.5025395 0.845615 -0.1623231 -0.5406814 0.8254179 0.5018425 -0.3826027 0.7757379 0.2983497 -0.9411512 0.1588143 0.5384101 -0.7996945 -0.2657126 0.4496785 -0.882394 -0.1384568 0.3840901 -0.8825105 -0.2713856 -0.2323668 -0.7402118 -0.6309455 0.9488209 -0.0728712 0.3072928 0.8991983 -0.1244713 0.4194633 0.8711671 -0.4488532 -0.1989949 -0.4535651 -0.8690275 -0.1976611 -0.7587438 -0.614321 0.216605 -0.2287896 -0.9726413 0.04030221 -0.3902172 -0.8556279 -0.3400464 -0.08367943 -0.9712719 -0.2227751 -0.3343302 -0.8909978 -0.3071583 0.6389924 -0.7006539 -0.3174476 0.3207663 -0.8926915 -0.3165611 0.3996811 -0.8459711 -0.3529703 0.2483509 0.3142731 -0.9162719 0.05782055 0.008740067 -0.9982888 0.421889 0.1207722 -0.8985676 -0.01419246 0.6753965 -0.7373182 -0.3212839 0.7226704 -0.6119838 0.2943661 0.7652053 -0.5725467 0.3205957 -0.8927155 -0.3166661 0.09585028 -0.9614083 -0.2578893 0.05916911 -0.9598428 -0.2742277 0.1972916 0.9733148 -0.1171937 -0.00564152 0.9999762 -0.003978848 -0.1493869 0.985052 0.08576869 0.1495296 0.9849889 -0.08624291 -0.1970683 0.9734426 0.1165065 0.005698323 0.9999759 0.003985941 0.4437066 9.09068e-4 -0.8961717 -0.2828229 0.9438653 0.1706737 0.02267229 0.01280325 -0.999661 0.05000019 0.03422188 -0.9981628 -0.3922148 0.4886112 0.7793757 -0.7113737 0.387082 0.5866133 -0.1584373 0.4403992 -0.8837117 -0.04531836 0.6403397 -0.7667538 -0.02728998 0.164849 -0.9859412 0.06796991 0.0664885 0.9954695 -0.4454721 -0.005229115 -0.8952805 -0.01261317 -0.3910763 -0.9202718 -0.4246542 -0.3355186 -0.8408901 -0.3600568 -0.7140619 -0.6003956 -0.9981201 0.01296627 -0.05990296 -0.9770482 0.170011 -0.1283474 0.948208 0.2953839 -0.1168334 0.99448 0.04631781 -0.09415006 -0.7172508 0.6893159 0.1019553 -0.7222149 0.5754238 0.3837878 -0.8424403 0.4086151 0.3511813 0.1870819 -0.6116375 -0.7687001 -0.996432 -0.03299266 -0.07768404 -0.9067406 -0.1689153 -0.3863794 -0.9490475 -0.02374207 -0.3142375 0.07326722 0 0.9973124 -0.2130239 -0.4335128 -0.8756071 -0.04575175 -0.1420174 -0.9888064 -0.033275 -0.7627957 -0.6457829 0.02258586 0.01278215 -0.9996632 -0.09572231 -0.2326732 -0.9678328 -0.06862711 0.2333205 -0.9699752 -0.8513914 -0.0777834 0.5187317 -0.8898806 0.1397153 0.4342721 -0.7862878 0.0729556 0.6135381 -0.3278892 0.001778662 0.9447146 -0.454481 0.0982815 0.8853179 -0.2748389 0.04213488 0.9605666 0.3647895 -0.928505 0.06933349 0.3023944 -0.9127784 0.2745784 0.5192066 -0.8494967 0.09370183 0.7085162 -0.7039346 -0.04980856 0.3648621 -0.9284739 0.06936901 0.5985468 -0.7987789 0.06077957 0.3590235 -0.9298421 0.08059793 0.4845052 -0.8635059 0.1400439 0.51923 -0.8494815 0.09370923 0.4041176 -0.9033738 -0.1435434 -0.424906 0.582686 0.6927712 -0.1170935 0.9390732 0.3231574 -0.07557386 0.9892731 0.1250095 -0.3780875 0.6419263 -0.6670686 -0.4376751 0.6903221 -0.5761042 -0.2846564 0.7408368 -0.6083844 -0.9999903 -0.0013628 0.004214644 -0.9999672 -0.006507754 -0.004826486 -0.9999962 -8.9536e-4 0.002649068 -0.9999907 -0.004096388 -0.001391351 -0.9999936 -0.001948416 -0.002986192 -0.999995 -0.001104772 0.002970516 -0.9999889 0.00305432 0.003575742 -0.999996 -8.69775e-4 0.002697169 -0.9999889 0.003056287 0.003599882 -0.9999902 -0.001352965 0.004229962 -0.9999244 -0.005111336 -0.01118665 -0.4038653 -0.8824485 -0.2412001 -0.7420884 -0.6209154 -0.252525 -0.789267 -0.5939393 -0.1558648 0.3249832 0.9457198 -3.41399e-4 -0.6696645 0.7031285 0.2390815 -0.7435514 0.500465 0.4434707 -0.7924987 0.5867919 0.1661965 0.8804339 -0.05268573 0.4712329 0.9273213 0.1888993 0.323098 0.7654643 -0.2563829 0.5901968 0.09094059 0.4329199 0.8968335 -0.07533228 0.09390509 0.9927271 0.2687334 0.4154499 0.8690131 0.1917324 -0.9182793 0.3464128 0.08904516 -0.9342947 0.3452022 0.424737 -0.7529184 0.5027052 0.7776264 0.4940155 -0.3889036 0.7776362 0.4940354 -0.3888587 0.7776265 0.4940161 -0.3889027 0.3504207 0.1435366 0.9255284 0.3727717 -0.1995533 0.9062119 0.2617982 0.06088477 0.9632003 0.45735 0.01318174 0.8891891 0.5867915 -0.7933668 0.1620026 0.2807241 -0.9558263 -0.08712208 0.73915 -0.6550863 -0.1565858 0.4631678 -0.1822021 0.8673396 0.598592 0.03250139 0.8003945 0.7407825 -0.01126122 0.6716507 0.2455909 -0.05509978 0.9678063 0.3152067 -0.2178028 0.9236919 0.2007421 -0.03058242 0.9791666 -0.2046976 -0.4991661 0.8419811 -0.373359 -0.1349185 0.9178236 -0.2378942 -0.4231699 0.8742619 -0.5497498 -0.1450476 0.8226399 -0.3734519 -0.1348385 0.9177975 -0.3996207 -0.3094068 0.8628852 -0.5047751 0.8394847 0.2011657 -0.7860268 0.2822617 0.5499911 -0.8737547 0.4649903 0.1426075 0.708696 -0.4163787 0.5695427 0.7127555 0.01765841 0.7011904 0.6514458 -7.33778e-4 0.7586948 0.7021806 0.1388779 0.6983232 0.5546997 0.2711986 0.7866128 0.651355 -6.09815e-4 0.7587729 -0.9856785 0.1534648 -0.0699045 -0.9726215 -0.04221886 -0.2285283 -0.9381023 0.2475926 -0.2422028 0.7070107 -0.5342724 0.4633454 0.4908493 -0.7671566 0.4129622 0.4320731 -0.8893784 0.1493946 -0.4882451 0.4455596 -0.7503955 -0.8498998 0.3947027 -0.3491132 -0.9665873 -0.1392284 -0.2152316 -0.9119008 0.119624 -0.3925904 0.2465604 0.003444433 -0.9691213 0.1409454 -0.9742196 0.1761552 0.03547364 -0.998387 0.04432731 0.1799179 -0.9813002 0.06840807 -0.1316241 -0.9257889 0.3543868 0.01812165 -0.994234 0.1056908 -0.2139836 -0.9200969 0.3280746 -0.28868 -0.9228172 0.2550925 -0.3286303 -0.8617013 0.3866174 -0.2140481 -0.9200478 0.32817 -0.2461634 -0.8332447 0.4950827 -0.2951296 -0.8487417 0.4387895 -0.08572256 -0.7251377 0.6832474 -0.1317085 -0.9257254 0.3545216 -0.1333796 -0.9802849 0.1457786 0.4334883 0.2240591 0.8728605 0.470665 -0.1166533 0.8745664 0.3505387 0.143634 0.9254685 -0.1907236 -0.581664 0.7907537 -0.4453688 0.7390457 -0.5054286 -0.3016776 0.7582692 -0.5779435 -0.2651975 0.9345917 -0.237084 -0.4998395 0.6499466 -0.5724771 -0.4403275 0.8614253 -0.2530969 -0.1618313 0.7869227 -0.5954523 0.4188181 0.9069748 -0.04458975 -0.6264527 -0.3911511 -0.6742091 -0.8004717 -0.13903 -0.583023 -0.9015657 -0.08268123 -0.4246683 -0.3995939 0.723158 0.5633536 0.5081485 -0.1216704 0.8526322 0.9447406 -0.2603437 0.1992145 0.4511011 -0.8758818 0.1712864 0.9317421 -0.363109 -0.002925097 0.337179 -0.9049845 0.2594487 0.5429136 -0.5910446 0.5965829 0.742321 -0.6486625 0.1679186 0.9331768 -0.2651771 -0.2426153 0.9612708 -0.2742562 -0.02723753 0.9072144 -0.1213615 -0.4027822 0.1686927 -0.9561064 0.2395901 0.5838602 -0.8020253 0.1259479 0.3221435 -0.9412666 0.1011973 -0.9256733 0.3037678 0.225509 -0.7172339 0.689324 0.1020198 -0.6697412 0.7030537 0.2390864 -0.7443132 0.3815745 -0.5480865 -0.8627142 -0.1910378 -0.4682188 -0.8177713 0.1811402 -0.5462952 -0.9160095 0.2532159 0.3111404 -0.8670479 0.4889342 0.09576725 -0.7870689 0.5604924 0.2576256 -0.5046822 0.8395411 0.2011634 -0.2083118 0.9705824 0.120732 -0.5703032 0.7447109 0.3466413 -0.8415513 0.4534842 -0.2935023 -0.7090044 0.6585528 -0.2522322 -0.2877506 0.9445015 -0.1584824 -0.005188643 -0.999974 -0.005009591 -0.02019476 -0.9997445 -0.01016122 -0.003459692 -0.9999885 -0.003342509 -0.005206227 -0.999974 -0.005016684 -0.003443181 -0.9999886 -0.003328859 0.003160178 -0.999995 4.69564e-5 -0.003145277 -0.9999951 -4.64696e-5 0.00345087 -0.9999886 0.003322601 0.00527656 -0.9999734 0.005056262 0.003553748 -0.999988 0.003385245 0.005323529 -0.999973 0.005073368 0.02031695 -0.999741 0.01026153 0.5609734 -0.8219932 0.0981636 0.4320977 -0.8893819 0.1493032 0.4584286 -0.8887014 0.007290422 0.2084347 0.942868 -0.2599133 -0.1574773 0.7962482 -0.5841146 0.1763672 0.8505953 -0.4953609 0.2807465 -0.3371065 -0.8986326 0.9774092 0.1241679 0.1710371 0.9756752 0.2180216 0.02290213 0.9273493 0.1889492 0.3229883 0.2729468 -0.9415271 0.1975519 0.1038743 -0.9611041 0.2559084 0.1754095 -0.8420343 0.5101076 -0.19475 -0.9781633 0.07258999 -0.4486731 -0.8871075 0.1083176 -0.05603379 -0.9959751 0.06995606 0.9228787 0.2408508 -0.300476 0.5421489 0.7157408 -0.4402154 0.7147551 0.0872479 -0.6939114 0.4949844 0.7996246 -0.3399871 0.6250252 0.4756883 -0.6189218 0.8916422 0.3801065 -0.2459542 -0.7817619 -0.5830905 0.2210295 -0.35201 -0.9294754 -0.1102924 -0.5170416 -0.8432636 0.1468825 -0.2304941 0.9374396 0.2609204 -0.3216614 0.9464563 0.0274704 -0.3894277 0.8786654 0.2762123 -0.9630107 -0.254539 0.08843255 -0.9901506 -0.01174831 0.1395123 0.02441191 0.6852518 0.727897 0.3282777 0.7247946 0.6057281 -0.2888982 0.7715212 0.5668271 0 -0.9998847 -0.01518374 0 -0.9998848 -0.01518267 -0.06878685 -0.9906969 0.1174228 0.03866547 -0.9977211 0.05529654 0.08704084 -0.9791603 0.1834915 -0.06876498 -0.9906992 0.1174164 -0.05327486 -0.9984663 0.01506447 0.2254338 -0.9634612 0.1446452 -0.01060885 -0.9888089 0.1488105 0.102344 -0.963415 0.247704 0.1725122 -0.9358248 0.3073621 0.03630465 -0.8163358 0.5764355 0.2013354 -0.5528116 0.8086182 -0.3218093 -0.9339376 0.1555615 -0.2306902 -0.9304224 0.284774 -0.2570748 -0.9660567 0.02543979 -0.2606262 -0.9649648 -0.03028142 -0.09378445 -0.9923045 0.08084815 -0.1812942 -0.9754039 0.1253777 -0.09379649 -0.9923018 0.08086621 -0.3509024 -0.9307847 0.1025052 -0.2657583 -0.909461 0.3197708 -0.7555971 -0.6394298 0.1421355 -0.4477958 -0.8938778 0.02148622 -0.4254571 -0.8833405 0.1967125 -0.2511864 -0.876672 0.4103068 0.6315389 -0.7065068 0.3193851 0.2255479 -0.9634312 0.1446674 0.6649252 -0.7114486 0.2274104 0.4247392 -0.8905082 0.1630696 0.2255151 -0.9634385 0.1446697 0.1725547 -0.9358751 0.3071853 0.2890524 -0.9502062 0.1164336 0.1023074 -0.9634133 0.247726 -0.01714861 -0.9993305 0.03231626 0.3169635 -0.8333225 0.4528885 0.4973372 -0.5177825 0.6961014 0.2254805 -0.9634422 0.144699 0.6716056 -0.5894011 0.4489458 -0.5591293 0.7891297 -0.2542617 -0.4733048 0.8808152 -0.01213049 -0.670058 0.7279706 0.1451937 0.7356979 0.6729688 0.07656258 0.8853778 0.4226781 0.1935183 0.6638574 0.7438365 0.0774641 0.3824412 0.5041478 0.7743216 0.6771486 0.4643484 0.5708331 -0.4404854 0.8514201 -0.2847044 -0.9173656 0.3423001 -0.2031533 -0.758172 0.1929967 -0.6228383 -0.9815099 -0.09053343 -0.168648 -0.9227255 -0.3557018 -0.1485061 0.7094961 -0.3955909 0.5832008 -0.3792259 0.8953248 -0.2336263 -0.7415192 0.5315076 -0.4094498 -0.3967346 0.8971592 -0.1941832 -0.2254899 -0.5055876 -0.8327878 0.05049854 -0.8688356 -0.4925187 -0.2192446 -0.8670735 -0.4473426 -0.3597222 -0.7884278 0.4989806 -0.06882995 -0.9906835 0.1175102 -0.322156 -0.6402688 0.6973317 0.2568207 0.9554316 -0.1455806 -0.1321491 0.9817706 -0.1366132 0.009293735 0.9510681 -0.3088417 -0.4436857 9.41814e-4 0.896182 0.1740103 0.06141608 -0.9828268 0.2982993 0.03279846 -0.9539087 -0.6019337 0.7581966 0.2506272 -0.3593005 0.8625972 0.356131 -0.3810027 0.8632737 0.3310524 -0.9974394 0.03287303 0.06351381 -0.8732292 0.4046869 0.271476 -0.9099074 0.1821468 0.372681 0.5256158 0.1406782 -0.83901 0.2509669 0.3895058 -0.8861721 0.327894 -0.1541657 -0.9320508 0.1841239 0.3375576 0.9231215 -0.1889067 0.4312989 0.8822107 0.08755153 0.04366642 0.9952026 -0.0887528 0.6160307 0.7827063 -0.9326198 0.3608489 0.00293821 -0.6840722 0.7033733 -0.1931615 -0.6551901 0.6451296 0.393108 0.8275523 -0.4900098 -0.2739484 0.8968232 -0.2394877 -0.3719593 0.9791554 -0.1635506 -0.1204398 0.2729722 -0.3517793 0.895398 0.2492249 0.9191026 -0.3051844 -0.03681284 -0.2741624 -0.9609786 -0.288627 -0.2540982 -0.9231081 -0.2605987 -0.5586807 -0.7873781 -0.3548156 0.03530818 -0.9342694 -0.9212689 -0.3798471 0.08354592 -0.9238365 -0.3679295 -0.1056128 -0.9879557 -0.1331406 0.07884871 0.2421942 0.05099052 0.968887 0.2634015 -0.1560786 0.9519764 0.5818924 -0.07094937 0.8101652 0.3161866 -0.3615978 -0.8770822 -0.07995373 -0.9678829 -0.2383486 -0.1141479 -0.794319 -0.5966805 0.2414387 -0.93779 -0.2495142 0.3660393 0.5857197 -0.7231513 0.6522876 0.4212658 -0.6301239 0.390913 0.766214 -0.5100033 -0.4922049 0.8427086 -0.2181206 -0.349638 0.7537642 -0.5564106 -0.08507031 0.9963659 0.004253745 -0.5616146 -0.7332092 -0.383397 -0.5258326 -0.825639 -0.2045005 -0.2966252 -0.9011326 -0.3161863 0 1 4.26027e-6 -0.001979947 0.9999977 8.95628e-4 -0.001511156 0.9999983 0.001091063 -0.002625763 0.9999917 0.00310415 0 1 -2.65689e-7 0 1 0 -0.00200802 0.9999976 9.11252e-4 -0.001964867 0.9999977 9.00852e-4 0 1 -2.27168e-7 -0.07550328 0.9892914 0.1249076 -0.001396179 0.9999986 9.86209e-4 -0.073547 0.98945 0.1248186 7.64864e-4 0.9999998 1.99988e-5 6.70907e-4 0.9999998 1.75827e-5 -0.07357317 0.9894486 0.1248148 7.66751e-4 0.9999998 2.00413e-5 0 1 0 0 1 0 0 1 0 0 1 0 0 1 0 0 1 -3.48825e-7 -0.714213 0.6969907 -0.0640605 -0.2404299 0.9698567 -0.03964358 -0.7352991 0.6736793 -0.07410502 -0.02137595 -0.5364748 0.8436456 -0.03776419 -0.1974564 0.9795841 -0.03011357 -0.7492824 0.6615657 0.9356088 -0.2978822 0.1894798 0.8796288 -0.102408 0.464506 0.9917695 -0.1091086 0.06699687 0.9966856 0.06333357 -0.05105745 0.877083 0.4525001 -0.1611503 0.9065711 0.2721475 -0.3225904 -0.9999891 -0.003880202 0.002592265 -0.9999842 -0.005552887 9.4309e-4 -0.9995911 -0.02841603 -0.003180325 -0.9999741 -0.007155478 -8.00021e-4 -0.9999842 -0.005550801 9.388e-4 -0.9999854 0.004963397 0.002164125 -0.9999843 -0.005526125 9.76421e-4 -0.9999853 0.00496608 0.002164065 -0.999988 -0.004024982 0.002783119 0.969949 0 -0.2433086 0.9699488 0 -0.2433089 0.9847218 0 -0.1741347 0.9946051 0 -0.1037341 0.9993693 0 0.03551059 0.9945402 0 0.1043549 0.9702045 0 0.2422878 0.9503111 0 0.3113017 0.8983499 0 0.4392806 0.8669135 0 0.4984586 0.8317564 0 0.5551409 0.8669002 -5.81704e-6 0.498482 0.8317583 0 0.5551381 0.2214652 0.001976907 -0.9751663 0.9997868 0.001819312 0.02057141 0.5982882 -0.5382796 0.5935541 0.6819849 -0.526228 0.5079181 0.4734209 -0.6832394 0.5559287 0.4248903 -0.7528036 0.5027475 0.606445 -0.6550083 0.4507645 0.5991949 -0.6995086 0.389427 0.8889877 0.4339695 0.1461902 0.500676 -0.5656319 0.6552741 0.4581168 -0.6988689 0.5492826 0.3517972 -0.4569869 0.8169466 -0.9915707 -0.06109106 0.1142609 -0.9998015 6.91488e-4 0.01991617 -0.9973151 0.04547464 0.05740094 0.672365 0.7221542 -0.1625385 0.3587226 0.8674508 -0.3447424 0.3909576 0.7663078 -0.509828 -0.8893359 0.4572361 -0.004094839 -0.9279656 0.356153 -0.1097039 -0.5880681 0.802707 -0.09918409 0.03340107 -0.9991188 0.02542102 -0.2878039 -0.8832146 -0.3702714 -0.8305848 -0.4571465 -0.3180351 -0.4354163 -0.8649625 -0.2495051 -0.9015513 -0.08256751 -0.424721 -0.9496848 -0.1077793 -0.2940791 -0.7999907 -0.1798172 -0.572434 -0.8884379 -0.2032671 0.4115346 -0.9876297 -0.004229485 0.1567471 -0.9130442 -0.124176 0.3884981 -0.3211433 -0.3245525 -0.8896812 -0.4618877 -0.3971546 -0.7930499 -0.2216833 -0.7459963 -0.6279699 0.7213702 0.0140596 -0.692407 0.7210383 0.01405227 -0.6927527 0.7210383 0.01405221 -0.6927528 0.1085157 -0.9229516 0.3693029 -0.3369809 0.4193608 0.8429594 -0.1592149 0.01568597 0.9871193 -0.5684864 0.04648202 0.8213785 -0.1477169 -0.9196464 0.3639097 -0.1143089 -0.9750172 0.1904604 -0.07920956 -0.9642437 0.2529034 0.8332592 -0.3241057 -0.4479227 0.1308643 -0.920491 -0.3681997 0.1959345 -0.9748014 -0.1066393 0.6329929 -0.6837183 -0.3631107 0.6813368 -0.731928 -0.00784862 0.6260437 -0.7529994 -0.202636 0.3620002 -0.9309967 0.04691433 0.6736555 -0.7337504 0.08831143 0.8617312 -0.4873754 -0.1410124 0.5861508 -0.7515044 -0.302768 -0.6792595 0.567316 -0.4655739 -0.5010291 0.5327754 -0.6819974 -0.5233358 0.7911598 -0.3165218 -0.2767152 0.9530342 -0.1231039 -0.4244074 0.8435369 -0.329126 -0.1530561 0.8450741 -0.512273 -0.5233216 0.7911363 -0.3166036 -0.4699191 0.4824224 -0.739219 -0.01786649 -0.03222411 0.999321 0.3491944 -0.05453586 0.935462 0.1050226 -0.03851932 0.9937236 0.1193009 -0.2969913 0.9473984 0.2169097 -0.2370691 0.946968 0 -0.0273543 0.9996258 -0.04802262 -0.04094535 0.9980067 -0.01789182 -0.0322014 0.9993213 -0.04805356 -0.04092252 0.9980062 -0.09585493 0 0.9953953 -0.1452615 -0.9865859 0.0744816 -0.588625 -0.6332631 0.5024924 -0.3007739 -0.8134968 0.497753 -0.1230795 -0.9321747 0.3404435 -0.1123993 -0.9539029 0.2782728 -0.3007815 -0.8134772 0.4977805 -0.1134621 -0.9926361 0.04242676 -0.1976919 -0.9390943 0.2811051 -0.1133735 -0.9926499 0.04233962 -0.1451532 -0.9866138 0.07432276 -0.0360915 -0.9987425 0.03480046 -0.09037095 -0.9953773 -0.03251367 -0.1115514 -0.9837379 -0.1407695 0.00143963 -0.9914076 0.1308012 0.03220468 -0.9768745 0.2113745 0.002287626 -0.9999418 0.01055294 0.04348272 -0.9989753 0.01255595 0.05405908 -0.9973982 -0.0476911 0.07440501 -0.9959669 -0.05013793 0.04242259 -0.9953029 -0.08702063 -0.003552198 -0.9982077 -0.05973988 0.001443743 -0.9914247 0.1306713 0.03225803 -0.9768918 0.211286 0.6200478 -0.4846099 0.617004 0.398108 -0.4736588 0.7855938 0.692349 -0.4796043 0.5391035 0.522112 -0.6065273 0.5996029 0.7086884 -0.4164451 0.5695034 0.7220715 -0.5288276 0.4460428 0.7139593 -0.1653167 0.6803914 0.5112961 -0.6064677 0.6089117 0.269835 -0.6987782 0.6624939 0.5219431 -0.6066118 0.5996645 -0.06773996 -0.8878216 0.4551749 -0.03597712 -0.3320116 0.9425889 0.3979693 -0.4736592 0.7856637 0.01897293 -0.3722678 0.9279315 0.4089188 -0.3836393 0.8280135 -0.7917585 0.3175793 -0.5217872 -0.826247 0.3432875 -0.4466204 -0.886201 0.3353008 -0.3197208 -0.7866355 0.4971104 -0.3661776 -0.8861737 0.3352896 -0.3198083 -0.8547598 0.3820825 -0.3512814 -0.854783 0.3820656 -0.3512437 -0.837514 0.4579973 -0.2980081 -0.7991517 0.4248847 -0.4252406 -0.6336783 0.7637585 0.1229832 -0.7152533 0.6024044 0.3542906 -0.7737202 0.5546365 0.3061625 -0.9186251 0.2971746 0.2604137 -0.9159803 0.2532637 0.3111875 -0.7792086 0.611527 0.137364 -0.6286507 0.6283369 0.4582479 -0.7618432 0.5813901 0.2856231 -0.5508698 0.7344278 0.3964321 -0.3217776 0.946416 0.02749615 -0.9186497 0.2972004 0.2602974 -0.4757702 0.8787224 0.0385946 -0.9445935 0.2897833 -0.1541718 -0.5832187 0.8078373 -0.08517706 -0.3217676 0.9464227 0.02738237 -0.2404311 0.9698584 -0.03959572 -0.1411262 -0.9881556 0.06026619 -0.1233271 -0.9896812 0.07294982 0.1123297 -0.9913846 0.06736922 0.1433969 -0.9865004 -0.07908505 0.04265898 -0.994605 0.09455829 0.03217774 -0.9970877 -0.06914365 0.1327235 -0.9462847 0.2948385 0.169848 -0.9739616 0.1501681 0.3481899 -0.8998224 0.2628378 0.1124379 -0.9913672 0.06744575 0.5878371 -0.7029478 0.4003899 -0.01599502 -0.9984903 0.05254852 0.05029267 -0.9727334 0.2264075 -0.07914632 -0.9642816 0.2527784 -0.14427 -0.9857965 -0.08597427 -0.08827215 -0.9955279 0.03364628 -0.09920829 -0.9896678 0.1035156 -0.11428 -0.9750493 0.190313 -0.5740736 -0.7527828 -0.3221147 -0.1443399 -0.9857823 -0.08601969 -0.4738135 -0.8530335 -0.2187117 -0.2716643 -0.9564598 -0.1066924 -0.1300144 -0.9913831 -0.01599156 -0.3342685 -0.920126 -0.2040415 -0.09587341 -0.9900184 -0.103305 -0.0154947 -0.9989227 -0.04374551 0.05909347 -0.9598862 -0.2740921 0.6089705 -0.7563742 -0.2388575 0.143437 -0.9864919 -0.07911801 0.4824795 -0.8202103 -0.3073575 0.258527 -0.9445204 -0.202596 0.09583556 -0.9614565 -0.2577151 -0.1816216 -0.7504336 -0.6355022 -0.0960735 -0.9368713 -0.3362173 -0.06594651 -0.9731308 -0.2206073 -8.22308e-4 -0.999993 0.003658235 0.121839 -0.9915614 -0.04428517 0.5366685 -0.8289855 -0.1573854 0.2923029 -0.9505978 -0.1045124 0.1435013 -0.9864829 -0.07911288 0.4093641 -0.8839877 -0.225803 0.7351161 -0.377119 -0.56337 0.4024655 -0.08167058 -0.9117848 0.398542 -0.4545525 -0.7965841 0.7665843 -0.243815 -0.5940563 0.7046765 -0.0866822 -0.704214 0.7662819 -0.126235 -0.6299816 0.7045829 -0.08656221 -0.7043224 0.402568 -0.08157473 -0.9117481 0.1726343 -0.05111706 -0.9836587 0.05087268 -0.02324974 -0.9984346 -0.2346383 0.03656566 -0.9713948 0.402401 -0.08160763 -0.9118189 0.2513318 -0.1629825 -0.9540802 0.4024149 -0.08160811 -0.9118127 0.1062244 -0.1593647 -0.9814883 0.04179316 -0.1988905 -0.9791303 0.06098407 -0.8066816 -0.5878316 0.07836502 -0.3319038 -0.9400526 0.3564832 -0.5612481 -0.7469407 0.3430872 -0.2736089 -0.8985707 0.2834073 -0.1849451 -0.9409973 -0.03667998 -0.2740513 -0.9610154 -0.03040844 -0.3974422 -0.9171233 0.01938319 0.9907899 0.1340143 0.09098231 0.7587355 0.6450138 0.04945069 0.9807075 0.1891228 0.06551557 0.9962538 0.05644595 0.04783934 0.9981049 0.03870612 0.01133269 0.9999073 0.007563769 9.58288e-4 0.9999996 -3.13114e-4 0.03714358 0.9981144 -0.04886949 -0.001142561 0.9999987 -0.001143693 0.03004497 0.998809 -0.03844577 -0.04873877 0.9987763 -0.008398175 0.1496663 0.9700085 -0.1915293 0 1 0 -0.01689344 0.9997746 -0.01286351 -0.09399086 0.9952663 -0.02471554 -0.2300207 0.9725487 -0.03520792 -0.03794056 0.9987691 -0.03195089 -0.3203448 -0.4769886 0.8184505 -0.4230598 -0.6674178 0.612841 -0.6956105 -0.2037302 0.6889268 -0.6956179 -0.2035999 0.6889579 -0.5718789 -0.00703454 0.8203079 -0.4326092 -0.1206569 0.8934715 -0.4324502 -0.1206771 0.8935457 -0.5718933 -0.0070194 0.820298 -0.1982605 -0.003353416 0.9801437 0.002619802 -0.002188384 0.9999942 0.00591433 -0.00494045 0.9999703 -0.9143577 0.2479176 -0.3201361 -0.9568516 0.1450018 0.2518129 -0.8806467 0.4729844 0.02733355 -0.7345466 0.4956431 0.4634427 -0.8122537 0.3334129 0.4786229 -0.9568251 0.1449999 0.251914 -0.8158379 0.2049454 0.5407459 -0.7344818 0.4956611 0.4635263 -0.8157686 0.2049582 0.5408455 -0.6500333 0.5335001 0.5411419 -0.3323442 -0.9182102 0.2154937 -0.3017143 -0.8956077 0.3268874 -0.1367418 -0.7738487 0.6184334 -0.4367806 -0.899567 0.001435041 -0.4410269 -0.8974785 0.005262911 -0.4368103 -0.8995526 0.001444578 -0.4410461 -0.8974692 0.005267083 -0.502486 -0.8645058 0.01173639 0.3643122 -0.9012011 0.234762 0.1373944 -0.9901636 -0.02643734 0.5544645 -0.798918 0.2330223 0.7750907 -0.5882456 0.2306545 0.6404055 -0.650581 0.4081977 0.4910526 -0.8643442 -0.1085196 0.4792743 -0.8614019 -0.1681754 0.4534396 -0.8836148 0.1166935 0.1373332 -0.9901695 -0.02653503 0.8118698 -0.007328748 0.5837928 0.8939063 -0.003720283 0.4482385 0.8116054 -0.01586228 0.5839907 0.8795559 -0.1023038 0.464667 0.9821395 0.001939296 0.1881444 0.9755926 -0.2172704 -0.03182041 0.9998328 0.005166471 -0.01754891 -0.9798625 0.1051926 -0.1697173 -0.9479666 -0.002855896 -0.3183572 -0.9939535 0.02819007 -0.1061224 -0.7075027 0.1500834 -0.6905903 -0.7581719 0.1929333 -0.622858 -0.7596208 -0.006738483 -0.6503314 -0.7898975 -0.08946192 -0.6066783 -0.968044 -0.06199938 -0.2429959 -0.9826338 -0.07463485 0.169884 -0.9453561 0.006024301 0.3259842 -0.4968786 0.7874494 -0.3647401 -0.758112 0.1930868 -0.6228835 -0.5916126 0.579823 -0.5601785 -0.6745976 0.3565831 -0.6463488 -0.8458392 -0.1496847 -0.5120064 -0.9747588 0.0607261 -0.2148439 -0.9948166 -0.002055644 -0.1016655 -0.9969797 0.05904281 -0.05045235 -0.8623617 0.1144605 0.4931848 -0.9948361 -0.002016484 -0.101475 -0.9948365 -0.002064526 -0.1014699 -0.9098606 0.01033937 0.4147852 -0.9096623 -0.06002146 0.4109891 -0.9946773 0.09583967 -0.03784137 -0.9845274 0.1703244 -0.04117542 -0.9224908 0.3668649 -0.1200872 -0.4572783 0.8211424 -0.3414991 -0.6674286 0.605659 -0.4332625 -0.3792146 0.8953362 -0.2336012 -0.05135774 0.9711793 -0.2327516 -0.4712001 0.8214392 -0.3212602 -0.4571262 0.8211993 -0.3415663 -0.6201404 0.7006837 -0.3528006 -0.6513934 0.6774944 -0.3415964 -0.854705 0.3822207 -0.3512646 -0.7415533 0.5314402 -0.4094753 0.1511667 -0.9872447 -0.04996705 -0.0799703 -0.9679257 -0.2381695 0.09602838 -0.9831341 -0.1556473 0.06957429 -0.9548438 -0.2888475 0.2096312 -0.9345297 -0.2875916 0.1512223 -0.9872373 -0.04994291 0.3957632 -0.9027031 -0.1688164 0.0696159 -0.9547987 -0.2889865 0.2261946 -0.9562566 -0.1854972 0.2374399 -0.7557013 -0.6103588 0.2096201 -0.9344788 -0.2877654 0.2374886 -0.7556138 -0.6104483 0.3185506 -0.6098011 -0.7257191 0.4200181 -0.3157778 -0.8508051 0.3278579 -0.1543262 -0.9320368 -0.06587755 0.99754 -0.02396315 -0.04511523 0.8979654 0.4377476 0.03401029 0.9754956 0.2173749 -0.04497569 0.8979206 0.4378536 -0.1514482 0.7679311 0.6223707 -0.05715489 0.6045463 0.7945169 -0.09629857 0.5221932 0.847373 -0.03335791 0.4682165 0.8829839 -0.03329771 0.4681648 0.8830137 0.02992212 0.410403 0.9114133 -0.08004635 0.5144989 -0.8537467 -0.07754701 0.870043 -0.4868385 -8.55848e-4 0.7152791 -0.6988385 -0.0774362 0.8701105 -0.4867354 -0.07745504 0.8701179 -0.4867194 0.1484255 0.9514977 -0.2694849 0.9995329 0.0296899 -0.00724852 0.9947555 0.09488391 -0.03819096 0.9936808 0.1019154 -0.04703098 0.9879072 0.1550062 -0.003529191 0.9885491 0.06818646 0.134616 0.9755882 0.207814 0.07100188 0.9433529 0.3317381 -0.005918979 0.9366632 0.2925366 0.1925736 0.8635181 0.5012847 0.0552296 0.8257364 0.5632169 0.03076118 0.9366604 0.292577 0.1925253 0.730762 0.6304828 0.2616838 0.9612993 0.1120011 0.2517133 0.9099757 0.2344907 0.341992 0.8272979 0.3813863 0.4124595 0.8155449 0.4792884 0.3242982 0.9099682 0.2345533 0.3419688 0.8021587 0.3717648 0.4672607 0.7307224 0.6304526 0.2618669 0.8020608 0.3718683 0.4673463 0.5988949 0.4537573 0.6598706 0.9991146 0.0340178 -0.02475559 0.9985544 0.04041069 -0.03544038 0.9985544 0.04041069 -0.0354405 0.9985535 0.04042166 -0.03545558 0.9985536 0.04042077 -0.03545606 0.9978285 0.0469014 -0.04624634 -0.9999996 -7.68189e-4 -4.59641e-4 -1 1.33954e-5 8.04962e-6 -1 1.3424e-5 8.00236e-6 -1 2.67864e-5 1.59665e-5 -1 2.6777e-5 1.59818e-5 -0.9999997 7.67234e-4 4.59044e-4 -0.8169994 -0.5547687 -0.1573014 -0.7561156 -0.4184872 -0.5031478 -0.8764651 -0.3989391 -0.2695488 -0.6618753 -0.6210649 -0.4197614 -0.7560035 -0.4185372 -0.5032745 -0.7129073 -0.1362693 -0.687891 -0.7560803 -0.4184384 -0.5032416 -0.8243007 -0.1106601 -0.5552322 -0.8708187 -0.09547615 -0.482244 -0.7379461 0.1927046 -0.6467616 -0.7128774 -0.1361296 -0.6879495 -0.5761467 0.2929798 -0.763032 -0.6097604 0.4598094 -0.6455754 -0.9248396 0.2217945 -0.3089969 -0.7379464 0.1927956 -0.6467341 -0.623394 0.581561 -0.5226536 -0.02830368 0.99959 0.004329979 -0.01839023 0.8406963 -0.5411947 -0.07321733 0.9589062 -0.2741134 -0.01848083 0.8406107 -0.5413244 -0.0184592 0.8406062 -0.5413321 -0.1412445 0.6615656 -0.7364653 -0.004654765 -0.9633873 -0.268073 0.03174018 -0.945976 -0.3226795 0.03175705 -0.9459657 -0.3227083 0.06792628 -0.9242148 -0.3757831 0.165785 0.4662371 -0.8689869 0.001507043 0.2446693 -0.9696055 0.00148648 0.2446426 -0.9696122 -0.1629194 0.001967191 -0.9866375 0.6454524 0 -0.7638005 0.6454578 0 -0.763796 -0.9552351 0.2954787 -0.01478099 -0.7454851 0.5869191 0.3158765 -0.8694524 0.4814262 0.1108213 -0.3895721 0.9202772 0.03637981 -0.4093127 0.8962666 0.1707903 -0.1466646 0.9455174 0.2906655 0.995594 -0.09153509 0.02034348 0.9999188 -0.01205301 0.004134595 0.9917842 -0.1090213 0.06692224 0.9917919 -0.1089575 0.06691139 0.9999191 -0.01203238 0.004122376 0.9976438 0.06752526 -0.01213204 0.8972858 -0.2060899 0.3903911 0.8062747 0.08296293 0.5856949 0.7127304 0.01771789 0.7012143 0.7048566 0.2356328 0.6690698 0.7144644 0.1635034 0.6802995 0.5547821 0.271331 0.7865091 0.5219585 -0.6065445 0.5997192 0.3979561 -0.4737498 0.7856159 0.2980091 -0.5778991 0.7597521 -0.0775097 -0.4578423 0.8856482 -0.0211091 -0.9559264 -0.2928465 0.01115113 -0.9515035 -0.3074361 0.01113325 -0.9515057 -0.30743 0.04338514 -0.9458574 -0.3216701 0.1497992 0.9439329 -0.2941954 0.3883931 0.9207413 -0.03723406 0.3241448 0.9357327 -0.1390488 0.7401966 0.5927246 -0.3174691 0.8641036 0.4909952 -0.1106749 0.9502328 0.311146 0.01568454 0.01428574 -0.1078559 -0.994064 0.00226283 -0.05458939 -0.9985064 0.002264261 -0.05458939 -0.9985064 0.002257227 -0.05458509 -0.9985066 0.002263963 -0.05458348 -0.9985067 -0.009768545 -0.001104891 -0.9999517 0.00195831 -0.9999964 -0.001833319 -9.8198e-4 -0.9999991 9.17981e-4 -9.81757e-4 -0.9999991 9.18217e-4 -0.001032054 -0.999999 9.65024e-4 -0.001031935 -0.999999 9.6515e-4 -0.003936588 -0.9999855 0.003684341 0.3982965 0.2521539 -0.8819174 0.6395528 0.3738054 -0.6717453 0.3638055 0.6432769 -0.6736767 0.4742948 0.6216179 -0.6234065 0.688493 0.2953248 -0.6623902 0.6620574 0.6300375 -0.4058728 0.339802 0 0.9404971 0.3398038 0 0.9404965 -0.9996844 -0.0147587 0.02033424 -0.9989135 0.008935987 0.04573911 -0.998914 0.008927404 0.04573005 -0.9969327 0.03270441 0.07110333 -0.09340989 0.2387183 0.9665858 -0.2228801 -0.1033752 0.9693493 -0.09425854 0.08128893 0.9922236 0.08749186 0.04354184 0.9952132 -0.294745 -0.3348883 0.8949722 0.04413527 -0.3960843 0.9171529 0.01502448 -0.9631332 0.2686054 -0.01580393 -0.9580433 0.2861876 -0.01578903 -0.9580463 0.2861784 -0.04649728 -0.9517412 0.303359 -0.3463281 0.2092691 -0.9144744 -0.1272475 0.7744287 -0.6197324 -0.2090719 0.4980754 -0.841552 -0.1360961 0.6624946 -0.7365995 0.003645241 0.6306875 -0.7760283 -0.04594451 0.7371922 -0.6741194 -0.2502373 -0.5057064 0.8256163 -0.1583394 -0.8647145 0.4766527 -0.3754908 -0.6826844 0.6268562 -0.1581753 -0.8647978 0.4765557 -0.1623472 -0.9450366 0.2838119 -0.03595334 -0.9993512 -0.002135097 -0.9724783 0.222994 -0.06752568 -0.9559569 0.2099052 -0.2051494 -0.6229137 0.7165652 -0.3138677 -0.3369491 0.7657952 -0.5477438 -0.5938959 0.5766965 -0.5609893 -0.1361893 0.6625126 -0.7365661 -0.0244081 0.01733231 0.9995519 -0.03776109 -0.1973695 0.9796018 -0.011846 0.01137685 0.9998651 -0.04404342 -0.3068268 0.9507458 0.03541088 -0.9983925 0.04425787 0.03540861 -0.9983925 0.04425972 -0.01747035 -0.9983251 -0.0551548 -0.06356388 -0.9978793 -0.01402753 0 -1 0 -0.07119619 -0.9974247 -0.008678436 -0.2525936 -0.9659658 -0.05573707 -0.06690019 -0.9960698 0.05804616 -0.04868012 -0.9980257 0.03968495 -0.03246587 -0.9991224 0.02646714 0.003314077 -0.9999919 -0.002308845 -0.01746559 -0.9983261 -0.05513745 -0.06953758 -0.9731289 -0.21951 0.04440456 -0.9981665 -0.04113441 0.02738445 -0.9993324 -0.02418345 0.01824432 -0.9997039 -0.01610857 -0.7638634 0.6433722 0.05084329 -0.5686635 0.7494149 -0.3391153 -0.9268324 0.2858971 -0.2434022 -0.8033647 0.4218643 -0.4202805 -0.5686103 0.74939 -0.3392597 -0.5701265 0.4321081 -0.6987406 -0.1477842 0.005699694 0.9890033 -0.2711325 -0.639925 0.7190154 -0.2433841 -0.5419023 0.8044291 -0.3821058 -0.654681 0.6522178 -0.271126 -0.6400834 0.7188768 -0.3941978 -0.778903 0.4877688 -0.5714792 -0.5267955 0.6292043 -0.3943268 -0.7788212 0.487795 -0.5724301 -0.651873 0.4973786 0.5175742 -0.2464184 -0.819387 0.8194794 -0.3084064 -0.4830519 0.6500359 -0.4710974 -0.5962555 0.6088855 -0.7599061 -0.2275992 -0.3844275 0.9230383 -0.0146991 -0.2940281 0.9308379 0.2169986 -0.1742328 0.9754109 0.1349684 -0.1742695 0.975397 0.1350221 -0.5901074 0.69981 0.4025411 -0.5256429 0.7184183 0.4556035 -0.3048893 0.9226383 0.2361806 -0.5257052 0.7183503 0.4556391 -0.5795797 0.7496426 0.3195676 0.8181857 -0.2536299 -0.5159885 0.9786886 0.02743005 -0.2035099 0.7551568 0.080558 -0.6505756 0.755176 0.08065026 -0.6505421 0.9370563 0.1258475 -0.3257116 0.7680451 0.3899676 -0.5079686 -0.07959419 -0.9887607 0.1265587 0.003337204 -0.9999577 -0.008571326 0.08449935 -0.996388 -0.008420765 0.3647056 -0.9285382 0.06933122 0.268301 -0.9625395 -0.03914475 0.02584385 -0.9996031 0.01121491 -0.07684743 -0.9939052 0.07903873 -0.04200899 -0.9620575 0.2695935 -0.07693618 -0.993892 0.07911795 -0.153597 -0.9599296 0.2343999 -0.1111019 -0.9544818 0.2768048 -0.999804 0.01096183 -0.01648855 -0.9999616 -0.002889335 -0.008274435 -0.9999619 -0.003026068 -0.008189678 -0.9998602 -0.01672214 0 1 0 0 0.1391847 -0.9461515 0.2922756 0.07057231 -0.986435 0.148208 0.1390979 -0.8980888 0.417239 0.07049292 -0.9864649 0.1480462 0.07050389 -0.9864649 0.148041 -0.7781569 0.4789383 -0.4063129 -0.6086212 0.7173054 -0.3391951 -0.9096605 0.4143118 -0.02938395 -0.5233618 0.7911713 -0.3164496 -0.3733295 -0.13473 0.9178633 -0.5243958 0.114224 0.8437785 -0.284277 0.2212315 0.9328684 0.4968742 0.3031488 0.8131525 0.5554935 0.3334038 0.7617539 0.4834427 0.5637199 0.6697037 0.6197624 -0.02900236 0.7842534 0.2970163 -0.2847884 0.9114148 0.6179344 -0.1362195 0.7743393 0.6060712 -0.2545176 0.7535906 0.4685283 -0.4491676 0.760743 0.4337149 -0.2543009 0.8644203 0.6574988 -0.02562034 0.7530199 0.1727229 -0.00673753 0.9849475 0.646683 -0.04100787 0.7616559 0.349248 -0.05851686 0.9352014 0.2946519 0.94736 -0.1252574 0.3223823 0.8899223 -0.3226578 -0.1242139 0.9531596 -0.2757858 -0.1242907 0.9531236 -0.2758755 0.06724417 0.9356358 -0.3465023 -0.4376323 0.6904155 -0.5760247 -0.9984278 -0.0363633 -0.04265791 -0.9996819 -0.02393031 0.007976531 -0.9996818 -0.02391576 0.008033514 -0.9982218 -0.01139348 0.05851197 -0.6591284 -0.2235704 0.7180293 -0.8972855 -0.1420748 0.4179635 -0.8909637 -0.02324396 0.4534794 -0.9788295 -0.02478623 0.2031716 -0.9264966 -0.213245 0.3100493 -0.981999 -0.1884207 -0.01325392 -0.9788303 -0.02483433 0.2031617 -0.9819883 -0.1884751 -0.01326888 -0.9935262 -0.1123586 -0.01677387 0.9495777 -0.2127085 0.2303416 0.9612765 -0.2742507 -0.02709555 0.9667924 -0.2548121 0.01958066 0.9668003 -0.2547881 0.01949977 0.989196 -0.1195675 -0.08482325 0.9677039 -0.1529211 -0.2004106 -0.9599111 -0.2402781 0.1443514 -0.6203171 -0.7300965 0.2866461 -0.7892085 -0.2307888 0.5691102 -0.6653407 -0.5366625 0.518956 -0.4254294 -0.8833289 0.1968245 -0.3598673 -0.7883732 0.4989622 -0.5644122 -0.02132296 0.8252177 -0.569988 -0.05886745 0.8195416 -0.5699822 -0.05883598 0.8195478 -0.5747133 -0.0963006 0.812669 0.047495 0.9987331 0.01663118 -0.03774935 0.9980641 0.04942947 -0.03621488 0.9985046 0.04095363 -0.03629648 0.9984998 0.04099529 -0.2809518 0.9015896 0.3289411 -0.4462026 0.8941324 -0.03782397 -0.03621917 0.9985051 0.0409379 -0.2694483 0.9536253 0.1341509 -0.03305244 0.9991658 0.02398622 0.5629547 -0.005387961 -0.8264703 0.3503651 -0.005982637 -0.9365941 0.5647737 -0.1278695 -0.8152792 0.2309589 -0.1053844 -0.9672394 0.5344272 -0.3127875 -0.7852079 0.5624115 -0.1895864 -0.8048294 0.2527108 -0.5511125 -0.7952437 -0.8309994 -0.2367314 -0.5033868 -0.8477577 -0.00477004 -0.5303623 -0.8310265 -0.2366842 -0.5033643 -0.8708705 -0.05476307 -0.4884523 -0.7571775 -0.5357981 -0.3736345 -0.8178075 -0.4447568 -0.3652156 -0.9662312 -0.1512331 0.2086286 -0.4866595 0.6968356 -0.5268612 -0.7035987 0.6454012 -0.2973319 -0.4377533 0.6903542 -0.5760063 -0.2972472 0.9276973 -0.22588 -0.1742689 -0.1693399 -0.9700281 0.02113264 -0.07281333 -0.9971218 -0.1629656 -0.004168212 -0.9866231 0.3502705 -0.006014883 -0.9366293 -0.1736935 -0.1057586 -0.9791046 -0.1414835 -0.2900508 -0.9464951 -0.1742736 -0.1694145 -0.9700142 -0.1743147 -0.1694759 -0.9699961 -0.4249602 -0.4616893 -0.7786217 0.1286385 -0.4879484 -0.8633415 -0.1743167 -0.169465 -0.9699977 -0.2004927 -0.3085983 -0.9298224 -0.1627123 -0.08991575 -0.982568 -0.1743135 -0.1693291 -0.970022 -0.3447566 -0.004107236 -0.9386832 -0.5353286 -0.05605363 -0.8427819 -0.6896504 -0.1079116 -0.7160569 -0.5578824 2.59645e-4 -0.8299201 -0.8139128 0.001645743 -0.5809848 -0.689627 -0.1078786 -0.7160844 -0.8139201 0.001665532 -0.5809744 -0.8157011 0.006340682 -0.5784388 -0.9629681 -0.2547119 0.08839941 -0.8639972 -0.501848 0.04071086 -0.8640436 -0.5017711 0.04067671 -0.851813 -0.5215132 0.04938238 -0.5252153 0.222772 -0.8212926 -0.3322429 0.3046159 -0.8926499 -0.7490046 0.2710811 -0.604572 -0.4668482 0.6697578 -0.5774749 -0.06706368 0.2753267 -0.9590088 0.2687932 0.6183798 -0.7384827 -0.3612564 -0.9323469 -0.01493501 -0.9203652 -0.3906257 -0.01842814 -0.9819701 -0.1885706 -0.0132721 -0.9297652 -0.3136897 0.1927057 0.07827085 0.7783561 -0.6229248 0.3536393 0.7137669 -0.6045462 0.2315976 0.9376591 -0.2591488 0.231598 0.9376596 -0.2591463 0.4846878 0.6983531 -0.5266696 0.4040337 0.8663251 -0.2936621 -0.6700793 -0.01628929 0.7421108 -0.5919247 -0.04066014 0.804967 -0.8279052 -0.02312028 0.5603915 -0.7339082 -0.02474474 0.6787977 -0.5918071 -0.04068768 0.8050521 -0.507336 -0.0646094 0.8593229 0.8749498 -0.480357 -0.06099241 0.8891031 -0.4574357 -0.01575583 0.9083375 -0.4178973 -0.01687538 0.9226749 -0.3855412 0.005409061 0.941484 -0.3365122 -0.01917171 0.8567709 -0.08140641 -0.5092313 0.8967838 -0.2394523 -0.3720773 0.7048168 -0.4748295 -0.5270392 0.5280952 -0.6725907 -0.5183988 0.8600429 -0.2985468 -0.4137586 0.6031108 -0.7503183 -0.2707025 0.001761078 0.03475731 0.9993943 0.03047186 0.01784253 0.9993764 0.03045487 0.01785165 0.9993768 0.05915439 8.73758e-4 0.9982486 -0.03353214 0.9993737 -0.01130729 -0.02622956 0.9996271 -0.007591724 -0.1161245 0.9932315 0.002499043 -0.1162366 0.9932184 0.002518057 -0.02622067 0.9996275 -0.007587313 -0.1574679 0.9874789 0.009464502 -0.2931584 0.9557958 0.0226382 -0.13237 -0.2449977 0.9604449 0.007277131 -0.5064264 0.8622525 -0.1395887 -0.7018935 0.6984702 -0.1395611 -0.7020335 0.6983349 0.03058439 -0.9262234 0.3757324 -0.3387408 -0.7526348 0.5646197 -0.5110307 -0.3630619 0.7791236 -0.6538261 -0.3337725 0.6790488 -0.3387551 -0.7526354 0.5646105 -0.5886939 -0.6331673 0.5025323 -0.5868235 -0.2735952 0.7620918 -0.5887032 -0.6331551 0.502537 -0.9264233 -0.2133375 0.3102051 -0.5456532 -0.2120366 0.8107423 -0.3811005 -0.004311919 0.9245235 -0.1324241 -0.244793 0.9604897 -0.1323221 -0.2448437 0.9604908 -0.1320343 -0.05531048 0.9897008 -0.001945674 -0.06254333 0.9980404 -0.1323411 -0.2447912 0.9605016 -0.001943707 -0.06252658 0.9980415 0.01030117 -0.2319049 0.972684 -0.1242877 0.9531822 -0.2756745 -0.2586729 0.9260598 -0.2747754 -0.103129 0.9909047 -0.0864427 -0.1031761 0.9908941 -0.08650791 -0.4032637 0.8879922 -0.2210164 -0.09077322 0.9255912 -0.3674795 -0.9844431 0.1503429 -0.09093326 -0.9160879 0.1194284 -0.3827793 -0.9119589 0.02772378 -0.4093438 -0.6735619 0.2272208 -0.7033385 -0.6735609 0.2272289 -0.7033369 -0.4335355 0.1968443 -0.8793744 -0.9991029 -0.03491383 -0.02396905 -0.999185 -0.03687131 -0.01642674 -0.9991803 -0.03674924 -0.01698333 -0.9992071 -0.03857898 -0.009839177 -0.1328909 -0.5763205 -0.8063465 -0.017847 -0.6551692 -0.7552714 -0.01785409 -0.6551658 -0.7552741 0.09766894 -0.7195868 -0.6874995 0.1307898 -0.8253744 0.5492277 -0.0164318 -0.8996631 0.4362756 -0.01645439 -0.8996728 0.4362549 -0.1629401 -0.9380407 0.3058267 0 1 1.11904e-6 0 1 -8.04865e-7 4.26202e-4 0.9999991 -0.001273572 0 1 1.4488e-4 0 1 -5.65126e-6 0.004751741 0.9999876 -0.001556396 0.003195762 0.9999946 -8.37999e-4 4.29543e-4 0.9999991 -0.00128293 4.25074e-4 0.9999991 -0.001270532 0.003198027 0.9999945 -8.42127e-4 0 1 2.59804e-6 4.26037e-4 0.9999991 -0.001272857 0 1 -9.00658e-7 0.1480742 0.9851124 -0.08733707 0 1 1.14587e-6 0.1480734 0.9851126 -0.08733648 0 1 -1.39135e-6 0.1480772 0.9851123 -0.08733278 0 1 3.52331e-6 0.003184735 0.9999946 -8.48458e-4 0.004751682 0.9999875 -0.001556336 0.006885766 0.9999762 3.90615e-4 0 1 -5.59741e-6 0 1 4.94369e-7 6.69437e-4 0.9999951 0.003092288 6.67677e-4 0.9999951 0.003083586 0 1 -9.04741e-6 0.002089202 0.9999976 -8.52539e-4 6.70711e-4 0.999995 0.003097832 0.002073168 0.9999975 -8.45628e-4 0.004750907 0.9999875 -0.001554667 -0.1951164 0.9743779 0.1118806 0.004701614 0.9999879 -0.001542985 -0.1951351 0.9743747 0.1118772 0.006890892 0.9999762 4.03016e-4 0.002041757 0.9999976 -8.33028e-4 -0.729837 -0.4550893 0.5101291 -0.9940431 -0.07530146 0.07879149 -0.9906885 -0.1289725 -0.0436173 -0.9906994 -0.1288486 -0.04373705 -0.9662768 0.08892458 0.2416641 -0.9364106 0.08761686 -0.339792 -0.7987335 -0.1650578 -0.5786023 0.05181407 -0.9986568 -1.19759e-4 0.02578902 -0.9996674 -5.88717e-5 0.01721847 -0.9998518 -4.01021e-5 0 -1 0 0 -1 0 0 -1 1.89958e-7 0 -1 -1.37194e-7 -0.01698881 -0.9998557 1.63913e-7 -0.02549165 -0.999675 -1.06264e-6 -0.05121487 -0.9986877 0 0.3589508 0.00563538 0.9333395 0.645762 0.1873772 0.74019 0.4799638 0.212484 0.851167 0.4800052 0.212642 0.8511043 0.6053674 0.3138695 0.731448 0.7772437 0.293267 0.5566748 -0.04322963 0.2441954 0.9687621 0.09065872 0.352319 0.9314787 0.09064608 0.352336 0.9314734 0.0907827 0.3524262 0.9314259 0.09077948 0.3524292 0.9314251 0.221688 0.4496753 0.8652437 -0.3511986 0.3197551 0.8800092 -0.2555031 0.2763148 0.9264818 -0.09595882 0.1180086 0.9883652 -0.09587168 0.1178803 0.9883891 -0.2747589 0.04210704 0.9605908 0.05090934 0.07759559 0.9956843 -0.0958243 0.1180232 0.9883766 0.05067634 0.3352234 0.9407748 0.2203176 0.1728018 0.9599999 0.2203833 0.1726619 0.9600099 0.05096638 0.07761347 0.99568 0.3589008 0.005604743 0.9333589 0.003245711 -0.9999948 1.04716e-4 -0.02059477 -0.9993744 0.02875465 -0.03925645 -0.9989234 -0.02471929 0.002942979 -0.9999945 -0.001587629 -0.09482079 -0.993417 -0.06427788 0.001147627 -0.9999961 -0.002582728 0.001318752 -0.9999828 -0.00571233 0.001321434 -0.9999984 0.00126785 -0.08602225 -0.9960535 0.02185696 0.00309652 -0.9999929 0.002157211 0.003353059 -0.9999943 2.69181e-4 -0.1667681 -0.9807834 -0.1012541 -0.02667593 -0.9992929 -0.02649998 0.001012563 -0.999996 0.002649068 -0.1309095 -0.9750611 0.1792165 -0.06827801 -0.9914366 0.1113182 -0.1295406 -0.9891021 -0.06997328 -0.3103989 -0.9354201 -0.1692389 -0.2245202 -0.9733052 -0.04762053 -0.3033423 -0.9450139 0.1221975 -0.3518521 -0.9295327 -0.1103142 -0.3264586 -0.9434202 0.05816614 -0.3398936 -0.9404501 0.005111992 -0.03098684 -0.9836677 -0.1773075 -0.158252 -0.9873988 -1.10072e-5 -0.2183744 -0.9636405 -0.1539795 -0.9905491 -0.09960848 -0.09429115 -0.6247907 -0.6554523 -0.4242864 -0.8458062 -0.1498892 -0.5120012 -0.7739054 -0.2272799 -0.5911129 -0.5872897 -0.6161661 -0.5248146 -0.4557389 -0.847832 -0.2710773 -0.4460946 -0.8204126 -0.3576629 -0.3398738 -0.9404574 0.005090653 -0.2881389 -0.9234888 -0.2532677 -0.288143 -0.9234961 -0.2532364 -0.4169355 -0.9071228 -0.05738556 0.001305937 -0.9999984 0.001233041 -0.1875343 -0.9805529 0.05785268 -0.5294202 -0.8374812 0.1354244 -0.007146 0.9995731 -0.02833366 -0.1875612 0.9821563 -0.01378107 -0.2503497 0.9681133 -0.009049177 -0.3661574 0.9305526 7.9579e-4 -0.2503525 0.9681125 -0.009050965 -0.3662045 0.9305342 7.90566e-4 -0.3702381 0.9289368 3.34194e-4 -0.002074837 0.9999376 0.01098644 -0.001666069 0.9999597 0.00881958 -0.001572966 0.9999713 0.00742644 -0.001531898 0.9999721 0.007316172 -0.001647889 0.9999607 0.008721947 -8.85154e-4 0.9999925 0.003797411 -0.001577436 0.9999706 0.007502138 -8.82558e-4 0.9999926 0.003754973 -4.61605e-4 0.9999987 0.00155735 -4.63049e-4 0.9999987 0.001562535 -8.75595e-4 0.9999927 0.003733038 0.001252472 0.9999899 -0.004329204 0.002998054 0.9999812 -0.005353748 0.002919316 0.9999813 -0.005394876 0.001260697 0.9999898 -0.004360973 0.004376053 0.9999579 -0.008069932 0.002922534 0.9999814 -0.005371451 0.004377305 0.999958 -0.008058369 0.004976391 0.9999827 -0.003157258 -0.3065823 -0.9446856 -0.1165186 -0.1505912 -0.9611142 0.2314776 -0.1552981 -0.9878656 0.002011179 -0.08852952 -0.9730882 0.2127488 0.07255715 -0.9103221 0.4074913 -0.01791793 -0.7969962 0.6037185 0.05155009 -0.881091 0.4701291 -0.01795417 -0.7969045 0.6038386 0.1001149 -0.6831352 0.7233971 -0.04091864 -0.5915148 0.8052552 0.1000841 -0.6830974 0.7234371 -0.6197249 -0.2140194 0.7550741 -0.2024469 -0.5208821 0.829275 0.654053 0.0247339 0.7560443 0.4387245 0.02406436 0.8982995 0.3185562 0.02231466 0.9476414 0.06626754 0.02199286 0.9975596 -0.06628578 0.02247971 0.9975475 -0.3190075 0.0242151 0.9474429 -0.4415899 0.02134156 0.8969632 -0.6588239 0.01958763 0.7520422 -0.7521553 0.02321779 0.6585769 -0.8932365 0.0304442 0.4485554 -0.9437804 0.02773892 0.3294071 -0.99695 0.02176898 0.07494497 -0.9978173 0.01023232 -0.06523871 -0.9471157 0.006568908 -0.3208252 -0.8953189 -0.002138137 -0.4454205 -0.7523117 -0.003573954 -0.6587978 -0.6592177 -0.005021095 -0.7519355 -0.444271 -0.003403604 -0.8958861 -0.6591041 -0.005012512 -0.7520352 -0.4441211 -0.003396153 -0.8959604 -0.3214374 -0.001956403 -0.9469289 -0.06600719 -5.02224e-4 -0.997819 0.07025289 -0.006732523 -0.9975066 0.325451 -0.01144325 -0.9454897 0.4453753 -0.01143592 -0.895271 0.6580367 -0.004717588 -0.7529711 0.7513293 0 -0.6599275 0.8965331 -1.49856e-7 -0.4429767 0.9466828 0.001080155 -0.3221657 0.9979984 0.005228638 -0.06302303 0.997363 0.01668995 0.07062882 0.9454327 0.02811747 0.3246019 0.896003 0.03231793 0.4428707 0.7509896 0.02979379 0.6596418 0.6541635 0.02474826 0.7559483 0.438859 0.02407008 0.8982336 0.1783167 0.3663339 0.9132375 0.6557656 0.01808911 0.7547478 0.7362928 0.08483797 0.6713237 0.7363681 0.0847333 0.6712544 0.5232412 -0.170708 0.8349117 0.8991693 -0.1243405 0.419564 0.9843507 0.09822833 0.146304 0.6534844 -0.4695284 -0.5937182 0.6756066 -0.3825864 -0.6302248 0.7151305 -0.5693463 -0.4055038 0.7184161 -0.6658962 -0.2011482 -0.7303948 7.69198e-5 -0.6830252 -0.985931 -0.04395204 -0.1612707 -0.9879332 -0.1342421 0.07724839 -0.9879204 -0.1342845 0.0773369 -0.9957276 -0.05909579 -0.07095283 -0.9462515 -0.1052691 0.305821 -0.9149751 -0.2137229 0.342262 0.8260888 -0.04489892 0.5617487 0.9306861 -0.2037848 0.3038015 0.9803619 -0.09638023 0.1720509 0.7797622 -0.6105415 0.138601 0.9306678 -0.2039626 0.3037378 0.8544839 -0.5192934 -0.01384836 0.9803835 -0.0963667 0.1719359 0.9796617 -0.1981475 0.03163349 0.9751645 -0.05407494 -0.2147793 0 1 1.20962e-6 -8.1956e-4 0.999504 -0.03148066 -0.003643572 0.9999815 0.004877209 -0.2088669 0.973754 0.09043091 -0.00195384 0.9999845 -0.00522226 -0.001561999 0.9998437 -0.01761102 -0.001540482 0.9999667 -0.00802505 -0.04542511 0.9979082 0.04599684 -0.001980066 0.999998 -3.72979e-4 -0.07121431 0.9963769 0.04649478 -0.004024684 0.9999861 -0.003414273 -0.0662266 0.9966915 -0.04711711 -0.005168259 0.9999853 0.001707077 -0.0428884 0.9961944 -0.07587772 4.31978e-4 0.9999969 -0.002472519 -0.1410049 0.9890397 0.04379659 -7.08133e-4 0.999505 -0.03145331 0.09112042 0.9808816 -0.1719548 0.3563314 0.9073845 -0.2228932 -0.2780164 0.9412797 0.1915712 -0.2429143 0.9530193 -0.1809613 -0.1876811 0.9822073 -0.006682574 -0.4433845 0.8924216 0.08363044 -0.6385709 0.7296223 0.244701 -0.01802062 0.9878587 0.1543074 -0.200396 0.9739992 0.1056751 -0.1741245 0.9533784 0.2464759 -0.02647769 0.9988325 0.04040569 0.6363435 0.6130579 -0.4682169 0.3462666 0.8330637 -0.431398 -0.06864279 0.8805873 -0.4688861 0.0910722 0.9808778 -0.1720023 -0.3899338 0.8836005 -0.2592334 -0.2658543 0.9498282 -0.1647669 -0.3899185 0.8836141 -0.2592103 -0.178133 0.9761906 -0.1237765 -0.1601883 0.9862833 -0.03981441 -0.1539208 0.9725041 -0.1747688 -0.02448576 0.9897871 -0.1404349 -0.1159096 0.9430468 -0.311814 -0.3797168 0.9248015 0.02360934 -0.337276 0.9212921 -0.1935611 -0.1540218 0.9725129 -0.1746313 -0.1354904 0.9900922 -0.03687453 -0.9075227 -0.01477092 0.4197432 -0.9462732 -0.1051655 0.3057898 -0.8994045 -0.03048056 0.4360533 -0.9079396 -0.1107178 0.4042121 -0.9079483 -0.1107804 0.4041755 -0.982598 -0.07465881 0.1700799 -0.9462358 -0.1053079 0.3058563 -0.9567789 -0.2452296 0.156322 -0.8531975 -0.4498097 0.2640558 -0.02951407 -0.9992358 -0.02563053 -0.07116615 -0.9971982 -0.02304685 -0.05759179 -0.9981409 -0.01995033 -0.05958747 -0.9982076 -0.005567908 -0.02452343 -0.9996992 -5.03982e-4 -0.005206525 -0.9999823 0.002901375 0 -1 -9.39746e-7 0 -1 2.72332e-6 -0.07077354 -0.9877759 0.1388886 0.01209515 -0.9989191 -0.04488223 0.008254945 -0.999636 -0.02568614 0.01209801 -0.9989187 -0.04488974 0.01306778 -0.9974153 -0.07065457 0.006672382 -0.9993361 -0.03581905 0.01905721 -0.9997155 -0.01434826 0.1249616 -0.9769684 0.1729663 0.2442859 -0.9526418 0.181102 0.3023066 -0.9128006 0.2746012 0.1250526 -0.9769352 0.1730882 0.1830156 -0.9573064 0.2237631 0.08750438 -0.9947792 0.05251038 0.02746051 -0.9995124 0.01486408 0.07304775 -0.9973246 0.002806901 0.1715084 -0.9846376 -0.03277039 0.3000386 -0.9429158 -0.1445226 0.3715416 -0.9283012 0.01461732 0.3001121 -0.942882 -0.144591 0.4040486 -0.9033964 -0.1435959 0.5235657 -0.8313196 -0.1865121 0.3001609 -0.9428574 -0.1446499 0.189163 -0.9746935 -0.1191219 0.3040451 -0.9495708 -0.07662856 0.1890125 -0.9747314 -0.1190511 0.03364068 -0.9993603 -0.01214182 0.1329641 -0.9752719 -0.176537 0.1889825 -0.9747348 -0.1190705 0.01953047 -0.999696 -0.01505124 0.03364574 -0.9993599 -0.01216143 0.01951456 -0.9996967 -0.01503032 -0.01604014 -0.9876348 -0.1559497 -0.007508158 -0.9999239 0.009794533 -0.02864009 -0.9811105 -0.1913166 -0.02114069 -0.998727 -0.0457977 -0.02955669 -0.9988929 -0.03659778 0.02450466 -0.4878802 -0.8725666 0.07367807 -0.9612972 -0.2654795 -0.02864593 -0.9810934 -0.1914032 -0.2647292 -0.5845456 0.7669583 -0.1037291 -0.971385 0.2136623 -0.09014129 -0.7025984 0.7058541 -0.3550477 -0.08600705 -0.9308835 -0.4145557 0.003777921 -0.9100162 -0.3195679 -0.2015517 -0.9258797 -0.3375232 -0.4212424 -0.8418034 -0.3195723 -0.2016575 -0.9258552 -0.5254028 -0.5138272 -0.678184 -0.2429331 -0.7881115 -0.5655652 -0.4602195 -0.7690309 -0.4436097 -0.111458 -0.8655456 -0.4882706 -0.4601558 -0.7690959 -0.4435631 -0.2632054 -0.8962545 -0.3570024 0.07460725 -0.5896031 0.80424 0.01644361 -0.6269461 0.7788892 0.01645785 -0.626937 0.7788961 -0.04183787 -0.6608074 0.7493886 0.1370925 -0.05866152 -0.9888198 -0.1580273 -0.0294981 -0.986994 -0.1880878 -0.01545637 -0.9820306 -0.34395 0.006861627 -0.9389629 -0.1880041 -0.01547086 -0.9820464 -0.3438152 0.006866872 -0.9390123 -0.2445772 0.01135438 -0.9695634 -0.1868615 0.2179096 0.9579135 0.0477823 0.4825845 0.8745451 0.04778295 0.4825896 0.8745422 0.04786837 0.4826747 0.8744906 0.04786878 0.4826774 0.8744891 0.2763597 0.6835078 0.6756052 0.9987063 -0.03006434 0.04101091 0.9992097 -0.0351541 0.01855379 0.9992094 -0.03514868 0.01858025 0.9991845 -0.04018741 -0.003939867 -0.9552622 0.295383 -0.01493281 -0.8757325 0.4546914 -0.162322 -0.8031028 0.4568263 -0.3825385 -0.8030176 0.4569483 -0.3825718 -0.7808923 0.6068807 -0.1479972 -0.321448 0.7226941 -0.6118697 0.1450519 -0.9324989 -0.3307657 0.124152 -0.9361264 -0.3290195 0.003233492 -0.8223206 -0.5690153 -0.05192863 -0.9067121 -0.418541 0.1241294 -0.936129 -0.3290203 -0.153997 -0.8762432 -0.4565991 0.003141164 -0.8222547 -0.569111 -0.1541616 -0.8761793 -0.4566661 -0.1270007 -0.6219043 -0.7727263 -0.5843944 -0.3187003 -0.7462663 -0.3538073 -0.8812074 -0.313519 -0.3410685 -0.4425687 -0.8293403 -0.3065155 -0.7799099 -0.5457005 -0.288052 -0.9234825 -0.2533896 -0.03100705 -0.9836418 -0.1774473 -0.6791535 0.4536203 -0.5770435 -0.9923426 0.08579725 -0.08885377 -0.9891942 0.1379877 0.049542 -0.9892069 0.1378635 0.04963368 -0.9923664 0.08566516 -0.08871626 -0.9187565 -0.0720449 0.388196 -0.7470499 0.1722795 0.6420562 -0.861487 -0.01117175 0.5076568 -0.9187157 -0.07214438 0.388274 -0.3962827 -0.3874135 0.8323885 0.01041936 -0.9998523 -0.01367616 -4.80273e-5 -0.9999369 -0.0112369 4.34729e-5 -0.9999719 -0.007495462 -0.005127191 -0.9999766 -0.004535555 -0.5497549 -0.1450324 0.8226392 -0.5733864 -0.163886 0.8027263 -0.5245006 0.1140958 0.8437307 -0.4062657 0.02139717 0.9135044 -0.3215421 0.3692331 0.871939 -0.2668343 0.2744879 0.9238268 -0.4061064 0.02139985 0.9135752 0.04278385 0.1886849 0.9811053 0.1161643 0.2609246 0.9583446 0.4834475 0.5638424 0.6695972 0.5725802 0.4361876 0.6941847 0.5693733 0.5889189 0.5735754 0.5694618 0.588766 0.5736445 0.7048817 0.2356362 0.6690422 0.6739913 0.3647183 0.64243 0.3284311 0.7248103 0.6056262 0.8002234 0.4610955 0.3834497 0.7790895 0.6090856 0.1484405 0.8712491 0.4631511 0.1625302 0.8003221 0.4609319 0.3834404 0.9502475 0.3110927 0.01585048 -0.1231645 -0.4670935 0.8755878 -0.189777 -0.4106033 0.8918462 0.03628695 -0.8162792 0.5765168 -0.2631606 -0.8462266 0.4633002 -0.1781269 -0.5203806 0.8351497 -0.2513556 -0.8765981 0.4103612 -0.6017602 -0.49235 0.6288691 -0.1434645 -0.6141537 0.7760369 -0.3184112 -0.7270886 0.6082406 -0.06787753 -0.8878145 0.4551684 -0.06785809 -0.8878724 0.4550582 -0.2280389 -0.8789799 0.4187992 -0.1357454 -0.9337942 0.3310612 0.09734791 -0.8721727 0.4794145 -0.07769471 -0.4578164 0.8856453 -0.1377962 -0.03921657 0.989684 -0.08376049 -0.1449385 0.985889 -0.05796444 -0.05504602 0.9968 0.2006464 -0.03061777 0.9791852 0.5172721 0.854998 -0.03752499 0.6787685 0.7160624 -0.1628745 0.7832276 0.5731157 -0.2410252 0.8730247 0.4577358 -0.1682434 0.8282472 0.5531516 -0.0896095 0.8570786 0.4898864 -0.1594609 0.7869246 0.4793462 -0.3885576 -0.7867075 0.2625355 -0.5587188 -0.6264007 0.7794356 -0.01011198 -0.7668017 0.5015918 -0.4005258 -0.652591 0.7020252 -0.2851066 -0.7051087 0.6963503 0.1338579 -0.8669769 0.489079 0.09567147 -0.5545839 0.02078127 0.8318683 -0.5660791 -0.07456624 0.8209717 -0.5658951 0.02405989 0.8241261 -0.5659154 0.02404463 0.8241127 -0.5043473 -0.3334006 0.7965412 -0.5716238 0.02586191 0.8201082 -0.5490311 0.2199155 0.8063511 0.009508967 -0.9997974 -0.01774638 0.01818341 -0.9994981 -0.02594208 0.01818877 -0.999498 -0.02594733 0.02684688 -0.9990562 -0.03414744 0.3937978 -0.403448 -0.8259255 0.8628091 -0.03672474 -0.504194 0.9178778 -0.08753442 -0.3870894 0.9179317 -0.0874384 -0.3869833 0.8628795 -0.03653562 -0.5040876 0.9885095 0.1402748 -0.05631905 0.991938 0.09872782 0.0794472 0.9919211 0.09883946 0.07951945 0.9885031 0.1403505 -0.05624437 0.6772825 0.4643146 0.5707017 -0.559153 -0.5471692 0.6228595 -0.5013867 -0.770679 0.393275 -0.7911703 -0.4607079 0.4022413 -0.4899806 -0.813812 0.312457 -0.2965979 -0.9117453 0.2841661 -0.1412962 -0.988129 0.06030374 -0.4571398 -0.8762258 0.1524855 0.07478278 0.9959412 -0.05008763 0.3389196 0.9187923 -0.2023714 0.5067299 0.8618417 0.0212984 0.5067948 0.8618058 0.02121061 0.4040258 0.8663619 -0.2935648 0.7103297 0.7003933 -0.06986469 0.9239253 -0.1445063 -0.3542315 0.7147832 0.08714717 -0.6938951 0.650112 -0.01675462 -0.7596537 0.649972 -0.01676249 -0.7597733 0.596787 0.0835728 -0.7980358 0.4176324 0.003578782 -0.9086091 -0.2552444 -0.2437708 -0.9356422 -0.1768297 -0.1193991 -0.9769725 -0.3799282 -0.3014907 -0.8745044 -0.5656686 -0.2691783 -0.7794628 -0.1768558 -0.1192958 -0.9769803 -0.2144097 -0.352098 -0.9110739 -0.5108187 -0.3977221 -0.7621559 -0.2256115 -0.5055399 -0.8327838 -0.5579587 -0.6356803 -0.5334722 0.9791653 -0.1635442 -0.1203687 0.8641493 -0.5018336 -0.03753983 0.7167831 -0.6610463 -0.2219004 0.3780413 -0.8980987 -0.2247298 -0.08491909 0.9963784 0.004340767 -0.1844542 0.9575824 0.2213881 -0.1860355 0.8959175 0.4033889 -0.2619235 0.8238908 0.5025934 -0.07913184 0.8970921 0.4346999 -0.08891218 0.6160942 0.7826383 -0.9920925 0.1254681 -0.00320971 -0.9844632 0.1502748 -0.090828 -0.9672065 0.2536128 0.01386195 -0.9859272 -0.1665114 -0.01487886 -0.9895374 -0.1406213 -0.03227174 -0.9859007 -0.1666675 -0.01490104 -0.9853018 -0.1702892 -0.01349437 -0.9853371 -0.1700876 -0.01345705 -0.9793577 -0.0348258 -0.1991124 -0.7664132 -0.2162082 -0.6048677 -0.5239986 -0.08855181 -0.8471034 -0.5281917 -0.0285657 -0.8486447 -0.3551202 -0.08609056 -0.9308481 -0.3621876 -0.3944972 -0.8445069 -0.1515598 -0.3764143 -0.9139704 -0.3009868 -0.7637596 -0.5710327 -0.6864916 -0.673117 -0.2750325 -0.2679837 -0.9456769 -0.1840652 -0.9212797 -0.3875207 -0.03273552 -0.8270508 -0.5563596 -0.08031976 -0.9677447 -0.2494773 0.0350908 0.03875488 0.9433984 -0.3293899 -0.01295608 0.7952026 -0.6062054 0.2046601 0.6291962 -0.7498175 0.2508818 0.3896441 -0.8861355 0.2045853 0.6290737 -0.7499408 0.053052 0.3628067 -0.9303531 0.22041 0.1709367 -0.9603125 -0.6097422 0.4598997 -0.6455283 -0.1956409 0.7502639 -0.631529 -0.2587265 0.9260027 -0.2749176 -0.2586602 0.9260171 -0.2749313 -0.4991136 0.4356267 0.7490761 -0.06082063 0.5721251 0.8179082 -0.217793 0.179387 0.9593678 0.03845572 0.08838295 0.9953441 -0.2278394 0.9415407 0.2481738 0.4181175 0.894045 -0.1608143 -1 0 0 -0.9999964 2.20208e-7 -0.002684533 -0.9999848 -5.28083e-5 -0.005512595 -0.9999847 -5.30001e-5 -0.005541205 -0.9999964 0 -0.002712368 -0.9999666 0 -0.00817722 -0.9999848 -5.28771e-5 -0.005530774 -0.9999639 -1.60096e-4 -0.008500993 -0.9999964 0 -0.002684533 -0.03006976 -0.7493982 0.6614364 -0.04031938 -0.8831494 0.4673561 -0.01153069 -0.9872168 0.1589657 0.1357744 -0.985682 0.09998154 -0.01443862 -0.9663975 0.2566462 -0.02449727 -0.9802059 -0.1964598 0.1433745 -0.9305627 -0.3368929 -0.001249611 -0.8222264 -0.5691593 0.009064137 -0.8052058 -0.5929262 -0.06835621 -0.9914114 0.111494 -0.3033035 -0.9450037 0.1223733 -0.4739145 -0.7971352 0.3741397 -0.5838635 -0.6091687 0.5366722 -0.3787348 -0.9129063 0.1521911 -0.800998 -0.2553907 0.541459 0.1585456 0.05791121 0.9856519 -0.09478497 0.02980935 0.9950515 -0.2246164 0.02621048 0.9740948 -0.4041523 0.00889492 0.9146484 -0.2246245 0.02623778 0.9740921 -0.4041872 0.008899211 0.914633 -0.4643978 0.0180217 0.8854433 -0.170167 -0.40303 -0.8992274 -0.1667537 -0.6658845 -0.7271803 -0.1549613 -0.9207164 -0.3581458 -0.1548694 -0.9207802 -0.3580214 -0.1537175 -0.8676087 -0.4728912 -0.03605145 -0.9993473 -0.002318739 -0.0389437 -0.9927756 0.1134902 -0.4575136 -0.389521 -0.7993464 -0.200783 -0.501555 -0.8415039 -0.2347532 -0.2929746 -0.9268532 -0.1700355 -0.4029353 -0.8992947 -0.2680382 -0.09575712 -0.9586377 -0.1702108 -0.4028864 -0.8992835 -0.3463594 0.2091016 -0.9145009 -0.9688006 -0.1000572 -0.2267468 -0.985401 -0.1512125 0.07822883 -0.9497248 -0.1077652 -0.293955 -0.9092501 -0.2440032 -0.3372338 -0.9853757 -0.1513782 0.07822734 -0.9220265 -0.301326 -0.243043 -0.7713146 -0.4635187 -0.4361472 0.8265041 0.5278991 0.1954831 0.8085352 0.5464572 0.2183014 0.9477217 0.2953407 0.1208205 0.9492233 0.3071512 0.0680679 0.9948411 0.09784042 0.02680504 0.6142886 0.7324045 0.2936549 0.5881428 0.7515351 0.2988029 0.8089272 0.5752081 0.1215418 0.5697788 0.8032883 0.1734367 0.7658236 0.6427043 0.02110671 0.5483967 0.8347668 0.04924899 0.567044 0.8236576 -0.007017195 0.2730373 0.9615763 0.02866703 0.3350993 0.9408934 -0.04927784 0.0910831 0.9953165 -0.03238958 0.2336359 0.9678049 -0.09363776 0.9981258 0.05703848 0.02217268 0.9963008 0.08585059 -0.003801107 0.9630227 0.2521997 0.09477651 0.8928637 0.4411977 0.09021699 0.92781 0.3728847 0.01121288 0.0862354 0.91887 0.3850211 0.3743194 0.906633 0.1946837 0.05139547 0.9682356 0.244701 0.2308265 0.9403545 0.2499052 0.1508167 0.8883592 0.433673 0.1508941 0.8882791 0.4338102 0.3937066 0.8209789 0.4135082 0.2561739 0.637502 0.7266129 0.07121932 0.8140851 0.5763622 0.03450185 0.5904268 0.8063535 0.1073161 0.6166647 0.7798769 0.05065619 0.3352676 0.9407601 -0.1183536 0.6145684 0.7799348 0.9718368 0.2309857 -0.04667991 0.943371 0.3316879 -0.005866229 0.9234726 0.3819398 -0.03633612 0.8257812 0.563158 0.03063863 0.7153435 0.69804 0.03199946 0.715315 0.6980713 0.03195279 0.7626803 0.6461947 -0.02740818 0.6750816 0.7075263 0.2089773 0.610525 0.7761842 0.1574724 0.3348609 0.8826046 0.3299658 0.9879088 0.1549949 -0.003564953 0.6716895 0.7147479 0.1948559 0.3833284 0.8616123 0.3326913 0.3130596 0.8830448 0.3496078 0.07716339 0.9338045 0.3493639 0.3223686 0.9265707 0.1937661 0.9995336 0.02967143 -0.007225811 0.9788408 -0.03764557 -0.2011312 0.9999964 -0.002665102 -5.77158e-4 0.9882813 -0.1494609 -0.03100693 0.979183 -0.1634191 -0.1203955 0.9834488 0.006693542 -0.1810631 0.9340681 -0.1329017 -0.3314424 0.9834164 0.006697952 -0.1812388 0.9787217 0.02746099 -0.2033469 0.9966934 0.06326729 -0.05098593 0.9965418 -0.08258146 0.009206354 0.9987136 -0.04768472 0.01724517 0.947599 -0.3180745 0.02974694 0.9521994 -0.3023192 0.04381072 0.8019419 -0.5954865 0.04780083 0.88466 -0.449091 0.1252769 0.5934792 -0.8024906 0.06157356 0.6717919 -0.7340184 0.09956294 0.5302757 -0.8478246 -0.001080155 0.3151338 -0.9473142 0.0573278 0.3623169 -0.9151439 0.1767433 0.9973488 -0.07268905 0.003424942 0.9357599 -0.3520205 0.02086186 0.7918911 -0.6057311 0.07744926 0.5946506 -0.7953262 0.1176726 0.2793845 -0.9503692 0.1369044 0.08360546 -0.9883319 0.1273199 0.06842505 -0.9975098 0.01709842 -0.01395857 -0.9997628 0.01672047 -0.05250561 -0.9856402 0.1604887 0.9932137 0.1162838 0.002194643 0.9435564 0.330741 -0.01766276 0.7873109 0.6158477 -0.02955305 0.7421907 0.6602327 -0.1150908 0.4070519 0.9038487 -0.1317824 0.5262664 0.8293786 -0.18755 0.08421432 0.9658329 -0.2451015 0.3749144 0.9120613 -0.1660832 0.295247 0.931694 -0.2116023 -0.0512681 0.9711951 -0.2327051 0.3748964 0.9120701 -0.1660749 -0.0512371 0.9711915 -0.2327273 0.1040118 0.9747203 -0.1977418 -0.2647986 0.9124442 -0.3119736 -0.1321595 0.9817478 -0.136767 -0.1629894 0.8862287 0.4336279 -0.0698142 0.9232608 0.3777772 0.08682906 0.8764398 0.4736182 -0.01388496 0.95423 0.2987514 -0.1801906 0.9433973 0.2784475 -0.3250742 0.8774693 0.3526678 0.9695299 0.1837148 -0.1620516 0.62317 0.7818628 -0.01870292 0.7593646 0.6214947 0.1926394 0.9964916 0.08231997 0.01509988 0.9529344 0.3022705 0.02342516 0.8047549 0.5881194 -0.08052998 0.8735045 0.4843591 0.0488488 0.8382126 0.5452414 0.01056867 0.5263315 0.829344 -0.1875198 0.4603815 0.8783152 -0.1288849 0.04288446 0.9841406 0.1721286 -0.09573489 0.9640243 0.2479758 -0.301854 0.8876391 0.3478235 -0.4063971 0.8277696 0.3868318 -0.4149235 0.7969976 0.4389004 -0.7030094 0.6429811 0.3038966 -0.6210798 0.6546231 0.4309625 -0.9122245 0.3616976 0.1924092 -0.8381052 0.420944 0.3469669 -0.9479314 0.2400351 0.2093068 -0.9420524 0.1778118 0.2844653 -0.9833211 0.09052401 0.1577502 -0.979313 -0.01028007 0.2020903 -0.9997938 -0.005185782 -0.01963531 -0.977541 -0.1367786 0.1603286 -0.9470356 -0.3116862 -0.07730215 -0.9094702 -0.4157637 0.00217384 -0.8071817 -0.5463054 -0.2236253 -0.1726008 0.8899424 0.4221511 -0.6683719 0.6195392 0.4116436 -0.6885885 0.5408667 0.4830209 -0.3884521 0.7039797 0.5945736 -0.5905859 0.722023 0.3604042 -0.6518835 0.3989183 0.6449125 -0.8352903 0.1921333 0.5151457 -0.6685036 0.1086465 0.7357303 -0.7875003 0.03360891 0.6153972 0.978207 -0.1237194 0.166747 0.9698131 0.1437278 0.1969904 0.9823124 0.1635962 -0.09109729 0.9186774 0.08703422 -0.3853012 0.8832575 0.09525334 -0.4591112 0.8703979 -0.05158597 -0.4896392 0.8393242 -0.03922051 -0.5422147 0.839326 -0.0392735 -0.5422081 0.7703622 -0.06584101 -0.634198 0.8442941 -0.1093308 -0.5246089 0.8570281 -0.03000622 -0.5143954 0.04226839 0.9976086 0.0546866 -0.08136057 0.9948137 0.06104409 -0.1149352 0.9931261 -0.0221458 -0.1015735 0.9910233 -0.08692407 -0.4435968 0.8959288 -0.02309793 -0.3121743 0.9394061 -0.1416456 -0.7513645 0.6568081 -0.06367665 -0.5009744 0.8269447 -0.2553181 -0.5940479 0.7455443 0.3021106 -0.7842131 0.5815061 0.2164723 -0.9184204 0.370267 0.1393068 -0.8041598 0.5817283 0.1221447 -0.3269115 0.8066048 0.4924609 -0.08084332 0.8934199 0.4418883 -6.26569e-4 0.9268791 0.3753596 -0.4492634 0.8119989 0.3725859 -0.7253297 0.5070883 0.4655731 -0.811486 0.4368113 0.3881835 -0.6684842 0.6194683 0.4115676 -0.1184844 0.6146112 0.7798812 -0.2277651 0.5268342 0.8188827 -0.4485258 0.609242 0.6539486 -0.448519 0.6092105 0.6539826 -0.2555717 0.2763858 0.9264416 -0.4860802 0.336533 0.8065183 -0.4486526 0.6092011 0.6538998 -0.4780765 0.477851 0.7369542 -0.6518864 0.3989069 0.6449167 -0.5082239 0.185168 0.8410835 -0.7928699 -0.02685624 0.6087989 -0.878356 -0.05682897 0.4746168 -0.9099625 -0.06631505 0.4093538 -0.8933364 -0.1611884 0.4194858 -0.9308891 -0.1614212 0.3277024 -0.6137247 0 0.7895202 -0.5884349 -0.02757811 0.8080741 -0.6544736 -0.01890093 0.7558487 -0.7381834 -0.1365627 0.660633 -0.6545645 -0.01893371 0.7557691 -0.8003344 -0.1251955 0.5863369 -0.7804468 -0.01015263 0.6251398 -0.7527813 -0.07567226 0.6539067 -0.7804583 -0.01014858 0.6251255 -0.7928347 -0.02688282 0.6088436 -0.801648 -0.004151523 0.5977818 -0.7527996 -0.07563817 0.6538897 -0.7875084 0.03356546 0.6153892 -0.3111659 -0.03524369 -0.9497019 -0.3571066 -0.1592146 -0.9203943 -0.2146459 0.01252561 -0.9766117 -0.2145621 0.01256841 -0.9766296 -0.2791182 0.006070196 -0.9602376 -0.1937544 -0.01651388 -0.9809111 -0.2627366 -0.03399026 -0.9642688 -0.446443 -0.05718171 -0.8929831 -0.631471 0.01171964 -0.7753109 -0.826449 -0.0173701 -0.5627437 -0.9374215 0.04516923 -0.3452547 -0.9963282 -0.02751529 -0.08107417 -0.9851812 0.009753763 0.1712391 -0.8899121 -0.04746651 0.4536559 -0.7639451 0.007632136 0.6452362 -0.6028361 -0.005201458 0.7978482 -0.7638813 0.007645487 0.6453115 -0.6027318 -0.005144774 0.7979273 -0.5102087 0.002825677 0.8600461 -0.4793955 0.006561696 0.8775746 -0.5884108 -0.02756434 0.8080922 -0.624115 -0.03921622 0.7803478 -0.6908946 -0.2506076 0.6781302 -0.5728317 -0.1509944 -0.8056454 -0.8622992 0.1144632 0.4932934 -0.6898258 -0.03926241 0.72291 -0.5820707 -0.001609265 0.8131366 -0.519464 -0.01312327 0.8543917 -0.5186746 -0.01370996 0.8548619 -0.3066484 -0.2219932 0.9255732 -0.1538413 -0.07658356 -0.9851233 -0.02954399 -0.1552941 -0.9874265 -0.2263697 0.002020418 -0.9740394 -0.3505644 8.5068e-4 -0.9365383 -0.5000428 0.01954251 -0.8657801 -0.6457973 -0.004214823 -0.7634973 -0.7770858 0.02110415 -0.6290409 -0.9053583 -1.26444e-4 -0.4246487 -0.9685719 0.0211302 -0.247835 -0.9998675 -0.01162976 0.01139634 -0.9757729 0.01050561 0.2185337 -0.8863736 -0.01156848 0.4628261 -0.7977787 0.009247064 0.6028796 -0.6639497 -0.008799493 0.7477256 -0.375494 -0.1093443 0.9203522 -0.3065457 -0.222096 0.9255826 -0.3743045 -0.2485888 0.8933643 -0.1857796 -0.2176406 0.9581851 0.0794627 -0.3125053 0.9465866 -0.1134223 -0.2242267 0.9679142 -0.001130104 -0.6080877 0.7938691 -0.1677287 -0.3766829 0.9110309 0.3403778 -0.4897422 0.8026804 -0.3754076 -0.1093804 0.9203831 0.07966554 -0.3125178 0.9465654 0.3404722 -0.4896246 0.8027119 0.5471034 -0.3366239 0.7663958 0.4608399 -0.774751 0.4328827 0.547211 -0.3364733 0.7663849 0.7512468 -0.2578765 0.6075592 0.7128018 -0.191421 0.6747382 -0.4943531 -0.3645916 0.7891058 -0.6899187 -0.03927803 0.7228205 -0.8069655 0.1421872 0.5732274 -0.9344848 -0.06131219 0.3506835 -0.9039563 0.1408689 0.4037563 -0.9118407 0.1169455 0.3935357 0.1349928 -0.9899653 -0.04178416 -0.1553435 -0.9878585 0.002011537 0.1531963 -0.9868681 0.05120795 0.1531195 -0.9868776 0.05125463 -0.07368487 -0.9971849 -0.0138871 0.1964169 -0.9647852 -0.1749572 0.5050452 -0.8582018 -0.09175527 0.4309684 -0.8724484 -0.2304347 0.561414 -0.7724595 -0.2968515 0.3967725 -0.8092406 -0.433245 0.3566786 -0.9225512 -0.1472404 0.2840081 -0.8264115 -0.4861928 0.5267555 -0.8435904 -0.104326 0.6104768 -0.7773647 -0.1517313 0.07006007 -0.9974095 -0.01630783 0.2011286 -0.944921 -0.258209 0.0142343 -0.9940817 -0.1076995 -0.08224922 -0.9480389 -0.3073389 0.01421862 -0.9940692 -0.1078159 0.07873839 -0.8689289 -0.4886338 0.1055353 -0.7339621 -0.6709411 0.07878094 -0.8688894 -0.4886972 0.2012029 -0.944868 -0.2583445 0.3995787 -0.8459693 -0.3530907 0.6988682 -0.5725557 -0.4286764 -0.292727 -0.9560779 -0.01502943 -0.1136661 -0.9761827 -0.1847906 -0.0442022 -0.9990125 -0.004489123 -0.002213597 -0.9965558 -0.08289587 -0.6517656 -0.7580131 0.02485716 -0.5149346 -0.8571058 -0.01456248 -0.3748738 -0.9244964 -0.06910973 -0.7765132 -0.6267341 0.06505113 -0.7649964 -0.6440256 0.003415584 -0.6792716 -0.7259115 -0.107901 -0.7993413 -0.5856287 -0.1345093 -0.8146011 -0.2723078 -0.5121266 -0.9516639 -0.2892451 -0.1033115 -0.9631552 -0.07046872 -0.2595503 -0.9981132 -0.04848808 -0.03766918 -0.9891245 0.1017848 -0.1061733 -0.9896231 0.07735919 -0.1210853 -0.9706957 0.2391586 0.02352124 -0.986106 0.1550167 0.0597068 -0.9180932 -0.3914422 0.06227314 -0.7765043 -0.6267449 0.06505268 -0.9285214 -0.3692334 0.03891986 -0.911868 -0.3303905 0.2435958 -0.5915905 -0.1641258 -0.7893565 -0.5638669 -0.06740254 -0.8231107 -0.7105595 -0.1775326 -0.6808725 -0.8016799 -0.1418718 -0.5806736 -0.8952912 -0.05585002 -0.4419667 -0.8953178 -0.05592012 -0.4419041 -0.7793415 -0.3258523 -0.5352076 -0.9043492 -0.2799627 -0.3221392 -0.8953584 -0.05579167 -0.441838 -0.9481199 -0.07930123 -0.3078634 -0.9981178 0.01291918 -0.0599516 -0.994854 -0.09511226 -0.0349183 -0.9481247 -0.07942003 -0.3078184 -0.9994524 -0.03152334 0.01006793 -0.9560635 -0.03112787 0.2915028 -0.6167387 -0.4309209 -0.6587417 -0.2704628 0.03055649 -0.9622455 0.2326635 0.07542634 -0.9696282 0.24987 0.01640605 -0.9681405 0.1187618 0.03569507 -0.992281 0.130434 -0.1789023 -0.9751825 0.2498 0.01634663 -0.9681596 0.05785834 0.008581757 -0.998288 0.1186462 0.03572613 -0.9922938 0.05773383 0.008678138 -0.9982943 -0.2960013 -0.185666 -0.9369692 -0.8173049 -0.05567628 0.5735095 -0.9212175 -0.2105118 0.3271746 0.6527106 -0.1922218 0.7328163 0.4276205 -0.2659198 0.8639603 0.410181 -0.08040547 0.9084528 0.4100595 -0.08050209 0.9084991 0.4586006 -0.3412604 0.820504 0.2520815 -0.1234975 0.9597935 0.1760461 -0.08560985 0.9806522 0.1248353 -0.2330085 0.964429 -0.1591764 0.01564228 0.9871262 -0.2027906 -0.1905583 0.9605018 -0.3941503 -0.08644342 0.9149717 -0.5659843 -0.07646697 0.8208621 -0.5684945 0.04639011 0.8213781 -0.7110767 -0.1042326 0.6953456 -0.5685299 0.04637485 0.8213546 -0.7259092 -0.2441412 0.6430015 -0.8172558 -0.05571138 0.5735759 -0.7111368 -0.1042122 0.6952872 -0.8678 -0.09234142 0.4882584 0.8314315 -0.1395582 0.5378152 0.8973479 0.05140441 0.4383202 0.8553557 -0.09122401 0.5099461 0.8554204 -0.09109163 0.509861 0.8973761 0.05145311 0.4382568 0.9417037 0.03736436 0.3343622 0.9594599 -0.08347404 0.2692006 0.9816835 -0.1151426 0.1517882 0.9417396 0.03728443 0.33427 0.9950945 -0.004937648 0.09880584 0.9946234 0.04387736 -0.09380412 0.9914185 -0.05271124 -0.1196284 0.9951025 -0.004974067 0.09872412 0.9995722 -0.02860987 -0.006079375 0.9644944 0.05630254 -0.2580325 0.9460445 -0.0866245 -0.3122437 0.8939355 -0.222762 -0.388917 0.7826476 -0.01580387 -0.6222646 0.8939081 -0.2228439 -0.3889334 0.7831584 -0.1415694 -0.6054925 0.8785935 -0.1094643 -0.4648561 0.9239859 -0.1444519 -0.3540956 0.9203417 -0.2031912 -0.3341925 0.9239511 -0.1446182 -0.3541187 0.6841529 -0.7026079 -0.195645 0.7825586 -0.01580137 -0.6223765 0.7848722 -0.07503437 -0.615098 0.696784 -0.04386353 -0.7159386 0.6752669 -0.20529 -0.7084283 0.676759 -0.2995682 -0.6725 0.6968039 -0.0439502 -0.715914 0.5901623 -0.06114989 -0.8049654 0.6752808 -0.2053455 -0.708399 0.5162729 0.03560268 -0.8556838 0.2499681 0.0164414 -0.9681144 0.5164016 0.03554594 -0.8556086 0.9060617 -0.3210295 -0.2756671 0.8913289 -0.2675393 -0.3659992 0.7848525 -0.07510912 -0.615114 0.676781 -0.2995344 -0.6724929 0.8777711 -0.4161537 -0.2373481 0.9581157 -0.2638838 -0.1112642 0.8938933 -0.2229427 -0.3889107 0.6898423 -0.6848461 -0.2347413 0.8022761 -0.5588743 -0.2097924 0.9199656 -0.3612453 0.1522012 0.6912937 -0.5276793 0.4936271 0.6917789 -0.1897224 0.6967406 0.7195883 -0.08906817 0.6886652 0.8314102 -0.1396977 0.537812 0.7071499 -0.2490537 0.6617487 0.5879523 -0.7028128 0.4004577 0.7621436 -0.358399 0.5391542 0.7330532 -0.4211545 0.5340993 0.6772524 -0.5437127 0.4956872 0.7751483 -0.5881385 0.2307344 0.6527674 -0.1923611 0.7327291 0.5423459 -0.410893 0.7328219 0.4131601 -0.7588096 -0.5034947 0.4682241 -0.6749147 -0.5703125 0.4294741 -0.8732627 -0.2301405 0.4682477 -0.6748899 -0.5703226 0.6639487 -0.7182518 -0.2080544 0.4793819 -0.8613651 -0.1680573 0.6640622 -0.7181845 -0.2079241 0.7751361 -0.5882175 0.2305737 0.6917026 -0.7128838 -0.1155179 0.6497031 -0.721633 0.2390226 0.1724414 -0.9771863 -0.1239802 0.358946 -0.929871 0.08060848 0.009965479 -0.9998881 0.01116329 0.08961755 -0.9935069 0.07009166 0.02197211 -0.9978954 -0.06101006 0.1372469 -0.9901828 -0.02648299 0.1023322 -0.9777541 -0.1830986 0.01618129 -0.9972204 -0.07272964 0.1009755 -0.9909572 -0.08836233 0.3095417 -0.8386019 -0.4482532 0.4681174 -0.6748843 -0.5704361 0.05058151 -0.4703666 -0.8810204 0.334838 -0.6667796 -0.6657991 0.468162 -0.6748493 -0.570441 0.2127239 -0.755256 -0.6199492 0.2680934 -0.8781604 -0.3961823 0.6852783 -0.6879204 -0.23908 0.004186391 -0.9430986 -0.3324871 0.04400008 -0.9956907 -0.08163321 0.2679999 -0.8781827 -0.3961963 0.2741382 -0.9118186 -0.3056717 0.04398018 -0.9956936 -0.08160877 0.2617363 -0.9650822 0.01051914 0.2652649 -0.9605864 -0.08311682 0.2198635 -0.9048663 -0.3645231 0.3348675 -0.6668556 -0.6657083 0.08222156 -0.9818862 -0.1707018 0.04588198 -0.9727688 -0.2271912 0.03057909 -0.9432759 -0.3305988 0.09056133 -0.9875888 -0.1283242 0.3202084 -0.867675 -0.3802722 0.1912741 -0.9573513 -0.2165471 -0.01527202 -0.9912374 0.1312074 -0.07464158 -0.9972103 3.16173e-4 -0.0246973 -0.9557556 0.2931235 0.1039003 -0.9611451 0.2557439 0.3217514 -0.9414298 0.1009256 0.1319969 -0.7602208 0.6361142 -0.181616 -0.3667326 0.9124269 -0.7579542 -0.5188186 0.3953896 -0.7258636 -0.2442228 0.6430221 -0.5660352 -0.07655107 0.8208192 -0.7580091 -0.5187694 0.3953488 -0.7978838 -0.5965843 -0.08642274 -0.8881853 -0.4146671 0.1979345 -0.7826669 -0.5809417 0.2234714 -0.8717602 -0.4514987 0.1902186 -0.6885326 -0.4038245 0.6023693 -0.6828594 -0.6266914 0.3754478 -0.7878352 -0.5242253 0.3232701 -0.8461896 -0.2701099 0.4593515 -0.7229216 -0.6906922 -0.01813036 -0.7228986 -0.6907114 -0.01831501 -0.7222777 -0.6567565 -0.2167624 -0.793215 -0.608586 0.02081489 -0.9704 -0.09566622 0.2217473 -0.9879774 -0.1329771 0.07885408 -0.9897067 -0.1325792 0.05388468 -0.9222335 -0.2174157 0.3197123 -0.9611243 -0.04699891 0.2720868 -0.9711098 -0.1558655 0.1806982 -0.9859004 -0.1452875 0.08301866 -0.9840646 -0.1506586 -0.0944395 -0.9559301 -0.05748915 -0.2879107 -0.6781344 0.7098146 -0.1905178 -0.9021207 0.4245108 -0.07725882 -0.9385569 0.3424544 0.04285019 -0.964271 0.1846003 0.1900113 -0.9231997 0.3348875 0.1885542 -0.7067224 0.7057759 0.04923397 -0.876861 0.4781303 -0.05006289 -0.7117106 0.7017704 -0.03140401 -0.6226524 0.7522315 -0.2155268 -0.4720538 0.8654228 -0.1679543 -0.7115765 0.7019084 -0.03136497 -0.2921567 0.9547944 0.05488401 -0.8856188 0.365288 0.2867823 -0.6452608 0.762753 0.04297167 -0.8415567 0.4407026 -0.3123518 -0.5433298 0.8093149 -0.2231642 -0.4578943 0.4690145 -0.7552207 -0.4542661 0.5921726 -0.6655629 -0.4720284 0.8654063 -0.168111 -0.08840233 0.881628 -0.4635917 -0.4577329 0.4690775 -0.7552793 -0.08828049 0.8815891 -0.4636889 -0.1430652 0.5632352 -0.8138173 -0.09830337 0.8833357 -0.4583171 -0.2496153 0.6247113 -0.7398838 -0.1235116 0.8494321 -0.51304 -0.1651534 0.6919206 -0.7028301 -0.7221556 0.1297341 -0.679456 -0.8448781 0.1711126 -0.5068545 -0.143153 0.5631074 -0.8138902 -0.07944977 0.1110244 -0.9906368 -0.4713363 0.408628 -0.7815787 -0.4577717 0.4690073 -0.7552995 -0.07932287 0.1109869 -0.9906513 -0.3412715 0.1028069 -0.9343257 -0.4714158 0.4085965 -0.7815472 -0.5871766 0.06892251 -0.8065193 -0.2864389 -0.06990772 -0.9555447 -0.5406646 -0.06778007 -0.8385033 -0.1083692 -0.108963 -0.9881211 -0.3633271 -0.3867759 -0.8475836 0 0.001363813 -0.9999991 -0.03660911 0.5191147 -0.8539203 0.02683985 0.3815635 -0.9239529 0.04642808 0.6392267 -0.7676157 -0.09826815 0.8834032 -0.4581946 -0.03982067 0.7347945 -0.6771199 -0.09333276 0.671969 -0.7346745 -0.08343702 0.4817615 -0.8723212 -0.1619172 0.1430525 -0.9763805 -0.9231366 0.3350587 0.1885592 -0.436352 0.8911218 0.124495 -0.6452274 0.7627784 0.04302048 -0.1087384 0.9939401 0.01609599 -0.4535144 0.8900439 0.04633349 -0.2919695 0.9548535 0.05485159 -0.02043575 0.9959261 -0.08782702 -0.2400696 0.9649916 -0.1056306 -0.8154281 0.5720192 0.08872008 -0.0710411 0.9974551 0.006047189 -0.1619073 0.9625459 -0.2174659 -0.2470397 0.9633739 0.1043179 -0.5391958 0.8421494 -0.007244586 0.02568387 0.8976605 -0.4399388 0.0565778 0.9924727 -0.1086135 -0.1455112 0.9387938 -0.3122383 0.01144689 0.8839874 -0.4673708 0.02571249 0.897612 -0.4400358 -0.1392171 0.7125109 -0.6877115 -0.284618 0.7409081 -0.6083155 -0.4354189 0.7399272 -0.5127555 -0.2847114 0.7408534 -0.6083384 -0.5152149 0.7222379 -0.4614392 -0.2240958 0.7732337 -0.593204 0.1919236 0.8787454 -0.4370031 0.138991 0.973701 -0.1805215 0.08102834 0.9656252 -0.2469871 0.1391512 0.8238722 -0.5494285 0.1358556 0.9029001 -0.4078171 0.3097295 0.4624113 -0.830809 0.01071488 0.7041298 -0.7099905 0.008796989 0.7899054 -0.6131657 0.1391314 0.8238247 -0.5495048 0.07135701 0.5771843 -0.8134903 0.0347011 0.6074947 -0.7935655 0.1189661 0.2341278 -0.9648996 -0.09951663 0.181164 -0.9784049 0.00470674 0.8630372 -0.5051185 -0.1798266 0.8131973 -0.5535094 -0.1054077 0.9761871 -0.1895995 -0.3845289 0.7913782 -0.4752455 -0.2572295 0.9546908 -0.1496614 -0.09958654 0.1811267 -0.9784047 -0.3203481 0.444906 -0.8363227 0.01057302 0.7041248 -0.7099975 -0.05299019 0.9972455 -0.05189943 -0.1354039 0.9893897 0.05266737 -0.1741821 0.9754276 0.1349139 -0.03194409 0.9865514 -0.1603002 -0.04196834 0.9986845 0.02946335 -0.03746664 0.9273231 -0.3723818 -0.1056499 0.9917429 0.07269364 -0.05298012 0.9972465 -0.05189245 -0.1053245 0.9762209 -0.1894719 0.06309038 0.9928504 -0.1013293 0.007577896 0.9578406 -0.2872002 -0.5421834 0.1273253 -0.8305574 -0.4700418 0.4822751 -0.7392371 -0.4469574 0.4180851 -0.7908438 -0.02046447 0.9959189 -0.087902 0.0132907 0.8960773 -0.4436989 -0.08824306 0.8816643 -0.4635528 -0.3979489 0.9040648 -0.1558957 -0.7876939 0.1421247 -0.599449 -0.6793145 0.5671695 -0.4656724 -0.7781794 0.4788525 -0.4063706 -0.9668025 0.06572991 -0.246926 -0.9890451 0.1473715 -0.008460819 -0.9947729 -0.1020147 0.004448771 -0.9863008 -0.1371572 0.09164363 -0.9169468 -0.397782 0.03127431 -0.992537 -0.1213852 -0.01166611 -0.9466684 0.1850868 0.2637462 -0.9641991 0.06803929 0.2563024 -0.958223 -0.1049875 0.2660571 -0.867609 -0.4524025 0.2063652 -0.9135155 -0.009937107 0.4066827 -0.9733454 -0.02570289 0.2278993 -0.9134814 -0.009786307 0.4067627 -0.8594209 -0.02146983 0.5108179 -0.9432442 -0.2200607 0.2487242 -0.7651774 -0.4272846 0.4815925 -0.8172242 -0.546633 0.1825849 -0.8514487 -0.0777347 0.518645 -0.794421 -0.1016907 0.5987941 -0.7389895 0.1665928 0.6527951 -0.707316 -0.189422 0.6810459 -0.6771295 -0.0336042 0.7350962 -0.6198043 -0.3611975 0.6966915 -0.7934206 -0.00977987 0.6085951 -0.7435005 0.5004915 0.443526 -0.5257294 0.7183256 0.4556501 -0.7301989 0.2087541 0.6505624 -0.5257603 0.7182871 0.4556751 -0.8158262 0.2047998 0.5408185 -0.8513525 -0.004725158 0.5245729 -0.8493533 -0.01480799 0.5276171 -0.8978151 -0.0121048 0.4402064 -0.9568809 0.1448673 0.2517789 -0.9999323 0.006770253 0.009469866 -0.9457808 0.1811062 -0.2696281 0.8392663 -0.03920656 -0.5423055 0.8093377 -0.002337694 -0.5873389 0.6512458 0.02162951 -0.7585587 0.5854721 -0.002641797 -0.8106883 0.3534284 0.1676141 -0.9203227 0.2726774 -0.02895838 -0.9616697 0.1123277 0.06539446 -0.9915171 -0.01331973 -0.01854181 -0.9997394 -0.0996136 0.1810082 -0.9784238 -0.3283908 -0.1014058 -0.9390828 -0.3377863 0.1552246 -0.928335 -0.5266683 -0.09398472 -0.8448595 -0.647879 0.1479724 -0.7472329 -0.8322343 -0.002466797 -0.5544186 -0.920236 0.1828776 -0.3460081 -0.8323295 -0.002462089 -0.5542756 -0.9849417 0.01950484 -0.1717832 0.8623623 -0.1182913 -0.4922789 0.8093794 -0.002341628 -0.5872815 0.8127462 0.1790854 -0.5544115 0.9358787 0.2192794 -0.2757673 0.975647 0.2181551 0.02282929 0.9273024 0.1890631 0.3230565 0.8783168 0.1095377 0.4653613 0.9368755 -0.09222561 0.3372815 0.991255 -0.1287229 0.02905356 0.8835248 -0.2713822 0.3817533 0.8700203 -0.1070324 0.4812576 0.8821519 -0.052863 0.4679891 0.8699573 -0.1071722 0.4813404 0.7695338 -0.1910253 0.6093662 0.8782742 0.1096189 0.4654225 0.8117697 0.01982569 0.5836412 0.8486289 0.0807138 0.5227947 0.575337 -0.8164768 0.04850852 0.7715626 -0.6360223 0.01291853 0.5834647 -0.8120619 0.01116454 0.6552759 -0.7545955 -0.03462851 0.3864572 -0.9217492 -0.03208136 0.8450348 -0.5338169 -0.03091472 0.9725468 -0.2113262 0.09743756 0.9736321 -0.223397 0.04620093 0.9823793 -0.04756093 0.1807457 0.9926923 -0.02951806 0.1170077 0.9975913 -0.04508548 0.05271732 0.9721751 0.0532577 0.2281212 0.9867214 0.06595826 0.1484268 0.9962269 0.0556215 0.06662154 0.9971136 -0.07457709 0.01424032 0.9575088 -0.2883221 -0.006883442 0.06987261 0.984539 -0.1606262 -0.06818592 0.9817506 -0.1775286 -0.05800926 0.9696425 -0.2375466 -0.4229142 0.8622155 -0.2787973 -0.4517922 0.8909898 0.04495656 -0.4659497 0.8628906 0.1957316 -0.8451216 0.3322274 0.4188011 -0.7757417 0.4696127 0.4215316 -0.7253866 0.5070248 0.4655537 -0.9386672 -4.77167e-5 0.3448246 -0.917327 0.1226906 0.3787589 -0.9431701 0.07906627 0.3227674 -0.9956226 0.08385378 0.04128223 -0.9827915 0.1836351 -0.01998019 -0.9778873 0.05539429 0.201663 -0.9675065 0.2157858 -0.1317868 -0.9490824 -0.02359449 -0.3141432 -0.9964377 -0.03300601 -0.07760488 -0.9869717 -0.08663159 -0.1355801 -0.8117958 -0.3961875 -0.4289791 -0.7421216 -0.6208425 -0.2526068 -0.4295054 -0.6844926 -0.5890628 -0.3601428 -0.7141403 -0.6002507 -0.66348 -0.6799782 -0.3121283 -0.4037173 -0.8825017 -0.2412532 0.008034586 -0.9262521 -0.3768192 -0.1552939 -0.9878665 0.001919984 0.008172571 -0.9262158 -0.3769052 -0.07367944 -0.9971843 -0.01396483 0.3659464 -0.9157218 0.1659423 0.1151093 -0.9315687 0.3448618 0.3660073 -0.9156764 0.1660589 0.07269197 -0.9102579 0.4076107 -0.9904386 0.09338808 -0.1015391 -0.9724927 0.2229388 -0.06749975 -0.9999997 4.26091e-4 -8.48785e-4 -0.997447 0.03285622 0.06340372 -0.9954876 -0.002856194 0.09484905 -0.9985145 0.05224651 0.01546287 -0.9956214 0.08386373 0.04129177 -0.8250688 -0.1033689 -0.5554967 -0.6151919 -0.09443646 -0.782701 -0.2646622 -0.1044471 -0.9586682 -0.004565 -0.03902214 -0.999228 0.04609918 -0.07183927 -0.9963504 -0.8255028 -0.3075051 0.4732715 -0.913463 -0.009913742 0.4068012 -0.8400677 0.1919743 0.5073778 -0.7944157 -0.1016758 0.5988038 -0.8513226 -0.07850122 0.5187363 -0.7451044 0.07807177 0.6623627 -0.9193412 -0.01755189 0.3930694 -0.9178267 0.05655109 0.3929327 -0.9037711 0.1022453 0.4156246 -0.8974663 0.08399826 0.4330111 -0.4344086 -0.3242416 -0.8403313 0.8391498 -0.1229698 -0.5298171 0.8569751 -0.03000438 -0.5144835 0.3425523 -0.9394906 0.003920555 0.3125199 -0.9476109 0.06606841 0.09907799 -0.9948019 -0.02351093 0.04970425 -0.9971603 0.05657792 -0.05799514 -0.9963321 0.06292027 0.2935394 -0.9396743 -0.1756328 0.9498192 -0.001690685 0.3127949 0.9719527 -0.0702576 0.2244369 0.9158555 0.07547473 0.3943505 0.9076573 0.1797441 0.3792762 0.7442687 0.3630863 0.5605645 0.721365 0.4766634 0.5024186 0.9581086 -0.01203227 0.2861526 0.9534556 0.2790671 0.1142107 -0.7990297 0.6007523 0.02546381 -0.9626351 0.2662135 0.04964053 -0.9820612 0.1305652 0.1360459 -0.9546546 -0.1059645 0.2782197 -0.9304355 -0.00202018 0.3664501 -0.9546457 -0.1060606 0.2782138 -0.9308924 -0.1614367 0.3276852 -0.9482036 -0.3121641 0.0588541 -0.9925452 -0.121312 -0.01172351 -0.9414709 -0.3365246 0.01959049 -0.9561629 -0.2875337 0.05547088 -0.9561082 -0.2876981 0.05555969 -0.9169054 -0.3978772 0.03127717 -0.7973851 -0.593183 0.1109549 -0.9073678 -0.3615705 0.2143605 -0.9654887 -0.2384989 0.1046414 -0.9271382 -0.3629392 0.09321939 -0.9978461 -0.06368803 0.01571738 -0.7518401 -0.6333613 0.1832756 -0.7651187 -0.4273613 0.481618 -0.4209344 -0.8413518 0.33903 -0.4784145 -0.7525501 0.4525352 -0.7650744 -0.4273812 0.4816706 -0.7073171 -0.1895096 0.6810204 -0.1879789 -0.9160826 0.3541986 -0.09130966 -0.9707936 0.2218617 -0.4208016 -0.8414236 0.3390168 -0.1305312 -0.9869512 0.09428167 -0.5328993 -0.8330945 0.1482293 -0.6101915 -0.7654291 0.2044131 -0.4455062 -0.8942899 0.04207098 -0.7518226 -0.633422 0.1831373 -0.4456527 -0.8942153 0.04210513 -0.8844611 -0.4636338 0.05265468 -0.09324991 -0.9940738 0.05587291 0.02618324 -0.9972643 0.06912565 0.02187204 -0.9850835 0.1706815 0.08894342 -0.9343563 0.3450617 0.0408768 -0.9932631 0.1084324 -0.2805511 -0.9522103 0.1207755 -0.4791995 -0.8482573 0.22545 0.125593 -0.9693508 -0.2111533 -0.04308223 -0.9966846 -0.0690211 0.09456503 -0.9732602 -0.2093378 -0.03162741 -0.9918658 -0.1232966 -0.05829024 -0.9767419 -0.2063434 0.3000302 -0.8608437 -0.4110113 0.079297 -0.9939866 -0.07551562 0.3839428 -0.8825942 -0.2713218 0.09846109 -0.9941123 -0.04523587 -0.01388359 -0.9999014 -0.002141475 -0.1192309 -0.9861733 -0.1150931 -0.191146 -0.9603596 -0.202911 0.4583007 -0.8887677 0.007253944 0.1027219 -0.9945479 0.01796412 0.105387 -0.9943397 -0.0134983 0.4319546 -0.8894476 0.149326 0.07379359 -0.996545 0.03811436 0.4495487 -0.8824775 -0.1383455 0.4420796 -0.8298394 0.3404883 0.07531505 -0.9943788 0.07442265 0.3522093 -0.8532376 0.3846222 0.06413763 -0.9915968 -0.1123489 0.08525276 -0.9902668 -0.1100168 0.08108919 -0.9834972 0.1617346 0.1257485 -0.9905996 0.0538491 0.2604978 -0.9632345 0.0657292 0.2890672 -0.9549617 0.06699383 0.4248116 -0.7529315 0.5026224 0.3623231 -0.9151105 0.1769039 0.1942874 -0.9626572 0.1885305 0.02336353 -0.9891282 0.1451884 -0.03174823 -0.9827058 0.1824323 -0.0710901 -0.9901587 0.1205487 0.6081343 -0.7817082 -0.1382213 0.8353998 -0.5453323 -0.06870204 0.9634181 -0.06246596 0.2606214 0.9040391 0.271627 0.330049 0.7157008 0.6482878 0.2597986 0.7996686 0.02655225 0.5998544 0.8617818 -0.05071139 0.5047381 0.6957522 0.008666515 0.7182297 0.741141 -0.2875294 0.6066604 0.9120144 -0.09629195 0.3986949 0.9073683 -0.1612229 0.3881883 -0.3830995 0.8743246 -0.2979787 -0.3097088 0.9211485 -0.2357245 -0.0350095 0.9993592 -0.007459461 -0.1617447 0.9814818 -0.1026264 0.1037319 0.9944826 -0.01562559 0.1279274 0.988574 -0.07972627 0.3845919 0.9062405 -0.1755483 0.6560939 0.7049389 -0.2694478 0.2144991 0.9266639 -0.3086814 0.4283077 0.7043362 -0.5660946 0.2145221 0.9266113 -0.3088236 0.2785666 0.7837066 -0.5551619 -0.0173121 0.8521227 -0.5230557 0.05469155 0.64343 -0.7635487 0.4180797 0.6048715 -0.6777461 0.1167458 0.2355849 -0.9648162 0.1339141 0.9826501 -0.1283191 0.0514236 0.9843578 -0.1685091 -0.001514077 0.9628292 -0.2701067 0.07815378 0.952846 -0.2932177 -0.3429908 0.8972049 -0.2781739 -0.9999752 0.002396285 -0.006626486 -0.9967388 -0.08067142 0.002023279 -0.9999096 -0.01216876 0.005732715 -0.9608408 0.2770113 -0.007058262 -0.329383 -0.9395409 0.09364765 -0.2635425 -0.9526099 0.15192 -0.7022542 -0.7002388 0.1284709 -0.06561797 -0.9978353 0.004372835 0.260947 -0.9325838 -0.2493875 0.5832982 -0.7880194 -0.1969488 0.5154455 -0.838211 -0.1780962 0.8210783 -0.566919 -0.06658524 0.6407316 -0.7575681 -0.1247142 0.9058358 -0.4079585 0.1141559 0.956468 -0.2749851 0.09773516 0.7591277 -0.6415421 0.1102218 0.4451042 -0.8939417 0.05244582 0.8582633 -0.478035 0.1867262 0.959324 -0.1188446 0.2560732 0.9632103 -0.1331416 0.2334507 0.9396042 -0.2117007 0.2689362 0.9495652 -0.2126606 0.2304372 0.9320846 -0.362173 -0.007018566 0.8028283 -0.5873767 0.1022519 0.7592452 -0.6413953 0.1102681 0.8754048 -0.4290989 0.2225775 0.8583318 -0.4778983 0.1867614 0.6312367 -0.773881 0.05146509 0.3143118 -0.9463235 -0.07536643 0.314376 -0.9462963 -0.07544034 0.706997 -0.7036002 0.07142871 0.6234192 -0.7617208 -0.1764371 0.3961167 -0.8799515 -0.2622534 0.6360393 -0.6431383 -0.4264119 0.6234784 -0.7616531 -0.1765195 0.9024752 -0.3290591 -0.2779544 0.9331613 -0.2653048 -0.2425353 0.6234711 -0.7616747 -0.1764528 0.932056 -0.362245 -0.00708127 0.8692309 -0.494301 -0.01021003 0.4673444 -0.8074923 -0.3599242 0.1118138 -0.9768952 -0.1821363 0.08949434 -0.9874021 -0.130491 0.5348041 -0.8418253 -0.07290297 0.6000468 -0.7987996 -0.04316365 0.9338631 0.161114 0.3192838 0.3960734 -0.8799509 -0.2623211 0.183191 -0.9110453 -0.3693744 0.1119112 -0.976861 -0.1822596 0.1119027 -0.9768583 -0.1822795 0.3653176 -0.7820071 -0.5049833 -0.1555505 -0.9560763 -0.2484397 -0.347121 -0.889504 -0.2971357 -0.09234064 -0.9932113 -0.07074284 -0.2318152 -0.9471459 -0.2217576 -0.2454023 -0.9135749 -0.3242819 0.8217992 0.1386233 0.552657 0.9648883 -0.1082058 0.2393365 0.8217286 0.1386194 0.5527629 0.7408619 -0.01135623 0.6715615 0.6328188 -0.02427369 0.7739194 0.4337009 -0.2541765 0.8644638 0.8505563 0.4276247 0.30609 0.591229 0.7763857 0.218343 0.4963341 0.8429091 0.2077419 0.1414759 0.9869183 0.0773105 0.4982979 0.764173 0.4095593 0.3441365 0.7860472 0.5135172 0.7539913 0.4212397 0.504038 0.3911294 0.7091245 0.5866518 0.6231595 0.1835485 0.7602515 0.6315407 0.06453192 0.7726526 0.4603949 0.6441006 0.6108772 0.3807716 0.2157707 0.8991419 0.6589502 0.01253652 0.7520821 0.5311401 0.1466512 0.834496 0.4960967 0.2827937 0.8209238 0.3869168 0.9033676 -0.1849924 0.7487012 0.5688998 -0.3402936 0.8569993 0.4900274 -0.1594541 0.3814203 0.9021923 -0.2014143 0.6787087 0.7161092 -0.1629177 0.3132756 0.9265376 -0.2082945 0.5834858 0.7927359 -0.1763926 0.2588537 0.9565483 -0.1342016 0.3134388 0.9264944 -0.2082409 0.2085905 0.9428513 -0.2598493 0.6648086 0.6542862 -0.3604708 -0.6913748 0.6883454 -0.2195026 -0.8923348 0.4365903 -0.1145761 -0.9973145 0.04561299 0.05730092 -0.9793873 -0.194647 0.05397433 -0.309973 -0.9497254 0.04402869 -0.5611581 -0.8257417 0.05702871 -0.8204196 -0.5709319 0.03080022 -0.9553874 -0.2942299 0.02576458 0.09856122 -0.9893437 -0.1071678 0.07973623 -0.9841006 -0.1587076 -0.05554902 -0.9964379 -0.06345176 -0.1463089 -0.9798458 -0.1360003 -0.2709674 -0.9612159 -0.05138719 -0.5751907 -0.8053871 -0.1432039 -0.04312193 -0.9713018 -0.2339092 0.08548146 -0.9611452 -0.2624748 0.1005877 -0.9664608 -0.2362962 -0.004042565 -0.9594434 -0.2818726 -0.5454327 -0.8368023 -0.04759615 -0.7803431 -0.6240598 -0.04017478 -0.9468933 -0.3209701 -0.01927691 -0.9884942 -0.1512532 0.001324057 -0.9983117 -0.05808228 -4.61187e-4 0.4533642 -0.8679395 -0.202835 0.1295496 -0.9531944 -0.2731981 0.1297159 -0.9531868 -0.2731464 0.5154632 -0.838219 -0.1780077 0.5347763 -0.8418377 -0.07296466 0.460363 -0.8814586 -0.1053414 0.0894618 -0.9873929 -0.1305831 0.9057785 -0.4081126 0.1140597 -0.09610676 -0.9353331 -0.3404636 -0.1352873 -0.9429138 -0.3043203 -0.4143367 -0.8285748 -0.376549 -0.2454964 -0.9135428 -0.324301 -0.3471704 -0.8894723 -0.297173 -0.3263801 -0.8834539 -0.3361328 -0.2318714 -0.9471299 -0.2217676 -0.628397 -0.7224151 -0.2885025 -0.2788966 -0.9536582 -0.1129283 -0.03204572 -0.998224 -0.05021882 -0.0641961 -0.9766459 -0.2050408 -0.2285717 -0.9400407 -0.2531374 -0.03206384 -0.9982233 -0.05022192 -0.4719602 -0.8005047 -0.3693858 -0.5616435 -0.7331712 -0.3834275 -0.4144728 -0.8284954 -0.3765738 -0.804347 -0.4643164 -0.3707239 -0.6284514 -0.7223793 -0.2884738 0.1944352 -0.9514102 -0.2387755 -0.8253265 -0.446277 -0.3459381 -0.8060168 -0.2910815 -0.5153723 -0.8393997 -0.4462082 -0.310333 -0.8393303 -0.4463734 -0.310283 -0.7658467 -0.4406694 -0.4682836 -0.592907 -0.7213209 -0.3579909 -0.603021 -0.7574098 -0.2503918 -0.4480655 -0.8749953 -0.1833595 -0.4357733 -0.846838 -0.3049051 -0.0717529 -0.9967331 -0.03707778 -0.3694626 -0.9144151 -0.1653561 -0.07158374 -0.9967471 -0.03702968 0.189682 -0.9797937 -0.06344461 0.2262891 -0.9713154 -0.07307368 0.5756874 -0.7818056 -0.2395082 0.3730174 -0.8858446 -0.2759298 -0.4481882 -0.8749238 -0.1834002 -0.5616213 -0.7332304 -0.3833469 -0.8393295 -0.4463426 -0.3103296 -0.7333272 -0.5755972 -0.3618274 -0.8044331 -0.464168 -0.370723 0.09858542 -0.9900888 -0.1000269 0.03579181 -0.9317755 -0.3612666 0.2129518 -0.9186644 -0.3327271 0.3708775 -0.7208834 -0.5854716 0.3797183 -0.9086045 -0.173931 0.1898613 -0.9797576 -0.06346595 0.09849894 -0.9901008 -0.09999179 0.133395 -0.9909485 -0.01506078 0.04595798 -0.9840458 -0.1718772 0.04600614 -0.9840434 -0.1718782 0.01273095 -0.9609872 -0.2762999 -0.071639 -0.9967425 -0.03704637 -0.1477268 -0.9387593 -0.3113003 0.6923455 -0.6552343 -0.3022017 0.5757188 -0.7818198 -0.2393865 0.6740882 -0.7371354 -0.04729038 0.7774593 -0.6043197 -0.1742265 0.3566766 -0.5612058 -0.7468802 0.5862391 -0.2572724 -0.7682024 0.7953215 -0.4874857 -0.3603073 0.8516787 -0.4575063 -0.2555999 0.8251947 -0.3091085 -0.472764 0.9057289 -0.4068946 -0.1187091 0.7747418 -0.5596525 -0.2942181 0.905691 -0.407028 -0.1185417 0.8412106 -0.5320413 -0.09642022 0.7739164 -0.6147919 -0.1519358 0.6952065 -0.6979661 -0.1718468 0.36492 -0.871874 -0.3266023 0.09141033 -0.9657701 -0.2427597 0.1082171 -0.9713828 -0.2114345 -0.2429727 -0.9586407 -0.1482307 -0.149463 -0.959923 -0.2370839 -0.5741729 -0.7920567 -0.207296 -0.4440809 -0.7372611 -0.5091545 -0.5305556 -0.663222 -0.5278707 0.9091961 -0.4086763 -0.07966357 0.9057402 -0.4069011 -0.1186011 0.8810024 -0.3338826 -0.3351975 0.616196 -0.7256671 -0.3061207 0.8809447 -0.333876 -0.3353555 0.8251523 -0.3090333 -0.4728871 0.8092687 -0.2381909 -0.5369817 -0.06937927 -0.84253 -0.5341626 0.0417366 -0.904713 -0.4239721 0.2689908 -0.9138115 -0.3042903 -0.337961 -0.8506247 -0.4027655 -0.1709436 -0.8502339 -0.4978762 -0.2216181 -0.7459805 -0.6280115 -0.03738236 -0.7481287 -0.6624999 -0.03682059 -0.2741759 -0.9609745 -0.5590748 -0.7861191 -0.2635381 -0.9830794 0.1117035 -0.1451801 -0.9573 -0.1077129 -0.2682813 -0.9530091 -0.007070064 -0.3028592 -0.88121 -0.07961773 -0.4659722 -0.8216409 -0.05343765 -0.5674951 -0.6881664 -0.2264739 -0.6893016 -0.5401512 -0.07676184 -0.8380599 -0.4619375 -0.3969941 -0.7931011 -0.2887268 -0.2539365 -0.9231215 -0.8860404 -0.4161282 -0.2043771 -0.260762 -0.5587104 -0.787303 -0.4619399 -0.3971551 -0.7930192 -0.4937821 -0.6617427 -0.5641595 -0.4441285 -0.7371644 -0.5092529 -0.4938405 -0.6617828 -0.5640614 -0.6881977 -0.2265308 -0.6892516 -0.8382903 -0.2328353 -0.4930083 -0.0367732 -0.2740013 -0.961026 -0.2346994 0.03654581 -0.9713808 -0.2799688 -0.1390785 -0.9498814 -0.2348482 0.03655052 -0.9713447 -0.9997396 -0.01720494 0.01499253 -0.9367665 0.2297509 0.2639755 -0.9997366 -0.01720452 0.01519715 -0.9001147 -0.009935557 0.4355398 -0.05788773 -0.05515223 0.9967986 0.2497683 -0.0448355 0.967267 0.3150802 -0.2177515 0.9237471 0.1193234 -0.2971504 0.9473456 0.3151299 -0.2178609 0.9237044 0.3743544 -0.3088836 0.8743281 0.4336079 -0.2541817 0.8645091 0.5984514 0.03242194 0.8005028 0.2873266 -0.4288463 0.8564662 0.1193379 -0.2971419 0.9473464 0.4335975 -0.2543352 0.8644692 -0.6233175 0.03002035 0.7813925 -0.5268709 -0.02550828 0.8495625 -0.3180494 -0.02624267 0.9477109 -0.1815129 -0.111532 0.9770434 -0.1377675 -0.03917586 0.9896896 -0.03612649 -0.331927 0.942613 -0.7879101 7.64901e-4 0.61579 -0.9160265 0.2531388 0.311153 -0.950541 -0.1143676 0.2887768 -0.9065096 -0.005173146 0.4221536 -0.9000549 -0.009941339 0.4356631 -0.7102732 -0.08817237 0.6983822 -0.3835422 -0.03826546 0.9227303 -0.06954491 -0.04689282 0.9964762 -0.0693745 -0.04695826 0.9964849 -0.9922509 0.06815856 -0.1038873 -0.9901303 -0.02088212 -0.1385859 -0.9901494 -0.02086555 -0.1384516 -0.9955943 0.01542168 0.092489 -0.9896194 0.1416881 0.02404129 -0.9671064 0.2029796 -0.1533122 -0.9896234 0.1416697 0.02398574 -0.9968108 0.07976937 -0.002254068 -0.9437012 -0.3108244 -0.1132099 -0.9673002 0.2361838 -0.0924527 -0.901695 -0.3955543 -0.1745938 -0.7739973 -0.6028843 -0.1935432 -0.9437102 -0.3107967 -0.1132105 -0.5591116 -0.7860801 -0.263576 -0.6617704 -0.7120926 -0.2344872 -0.9999965 -2.2456e-5 0.002646803 -0.9017208 -0.3954944 -0.1745964 -0.9968101 0.07977896 -0.002258121 -0.9975506 -0.06778544 -0.01726579 -0.8767247 -0.4647344 -0.1239989 -0.9935014 -0.09740805 -0.05887812 -0.9979318 -0.01525431 -0.06244468 -0.9993848 -0.02368551 0.02586585 -0.9792961 0.08341658 0.1844476 -0.9895582 -0.1404668 -0.03230547 -0.9982031 -0.05661809 0.01962357 -0.9991991 0.01250612 0.03801035 -0.9910127 0.1330447 0.01389271 -0.9967983 0.07992595 -0.002206861 -0.8894219 0.4570693 -0.00404191 -0.8936085 0.4027748 0.1980823 -0.8576012 0.4085397 0.3124347 -0.8575722 0.4085541 0.3124957 -0.6639055 0.7029532 0.2551203 -0.7586582 0.4824613 0.4377998 -0.200698 0.9476352 0.2484109 -0.1493237 0.9879478 -0.04076337 -0.006551563 0.9282774 0.371831 0.07283174 0.9782398 0.1942745 -0.0786429 0.9877507 0.1347743 0.1413016 0.9869481 0.07724851 -0.08424609 0.9925029 0.08854794 -0.2131524 0.9766198 0.02792918 -0.01025056 0.9985575 0.05270493 0.05376732 0.9823374 0.1792277 0.1927435 0.9041014 0.3813801 0.2821992 0.8495876 0.4456061 0.05382746 0.982306 0.1793816 0.1697157 0.8105925 0.5604787 0.3440859 0.7859632 0.5136798 0.09591126 0.6250658 0.7746572 0.2687143 0.4155437 0.8689742 -0.5508595 0.7343476 0.396595 -0.4742851 0.7051544 0.5270777 -0.3378239 0.8587912 0.3851658 -0.4181094 0.7066408 0.5708269 -0.2305395 0.9374061 0.2610006 -0.3623581 0.8060751 0.4679098 -0.07872015 0.9877293 0.1348856 -0.09793829 0.974588 0.2014605 -0.01026654 0.9985549 0.05275362 -0.6285722 0.6283683 0.4583126 -0.7870072 0.560557 0.2576735 -0.5332933 0.5898545 0.6063581 -0.5244812 0.1142435 0.8437227 -0.2995621 0.5914154 0.7486591 -0.5332707 0.5898218 0.6064099 0.2306823 0.965685 0.1193242 0.1412234 0.9523511 0.2703394 0.1392498 0.7836436 0.6054026 -0.006511032 0.9282125 0.3719937 -0.06073647 0.5722033 0.8178597 -0.1522175 0.6807126 0.7165614 -0.5387762 0.5693128 0.6209696 -0.8971322 0.09505093 0.4314152 -0.5388863 0.5692011 0.6209764 -0.6469464 0.1547552 0.7466668 -0.3655463 0.03233629 0.9302314 -0.2885018 -0.05838948 0.9556974 -0.6172367 -0.08887124 0.7817422 -0.2060298 -0.2498266 0.9461176 -0.1899146 -0.4104959 0.8918663 -0.6017941 -0.4921616 0.628984 0.03858488 0.08829617 0.9953467 0.0644415 -0.1531029 0.986107 -0.1897919 -0.4104672 0.8919057 0.2306868 0.9656754 0.119393 0.408517 0.7656586 0.4968711 0.1412068 0.9523918 0.2702046 0.2138913 0.8640419 0.4557214 0.6490834 0.5960198 0.4727063 0.3985828 0.6749521 0.620944 0.3966274 0.4254956 0.8134127 0.342509 0.4655365 0.8160659 0.01098042 0.4613192 0.8871665 0.4567605 0.3586677 0.8140807 0.2707751 0.1331757 0.9533861 0.2899726 -0.1016697 0.9516193 0.2014211 -0.5526465 0.8087098 0.06447798 -0.1531156 0.9861027 0.1960546 -0.4798943 0.8551398 -0.148118 -0.332173 0.9315161 0.7441928 0.3632068 0.5605871 0.4535716 0.1111111 0.8842665 0.5377401 -0.05482316 0.8413264 0.1961573 -0.4799057 0.8551099 0.4425853 -0.4041174 0.8005045 0.7411065 -0.2875381 0.6066985 -0.7783488 -0.5478115 0.3067181 -0.8879519 -0.2697167 0.3725513 -0.864915 -0.1384309 0.482451 -0.706257 -0.6130665 0.3540489 -0.4957901 -0.759294 0.4215031 -0.2513386 -0.8766582 0.410243 -0.479189 -0.8738566 0.08217447 -0.8861166 -0.445573 -0.1275237 -0.9194482 -0.3903884 -0.04703038 -0.7553337 -0.6422558 0.1303023 -0.6576925 -0.742985 0.1241533 -0.9195036 -0.3902511 -0.04708713 -0.9675397 -0.2463536 0.05636399 -0.8567177 -0.5104257 0.07416617 -0.9674974 -0.2464949 0.05647379 -0.8885605 -0.3749281 0.2643654 -0.5496537 -0.8318707 -0.07662969 -0.9516384 -0.1890961 -0.2421306 -0.9194442 -0.3903964 -0.04704594 -0.966609 -0.1392244 -0.2151362 -0.985672 0.1534952 -0.06992876 -0.999704 0.02404886 -0.003706455 -0.9319099 -0.2895671 0.2183918 -0.9713838 -0.1983059 0.1307228 -0.9879931 -0.09221339 0.1239614 -0.8886025 -0.3748231 0.2643737 -0.9909248 -0.04251581 0.1275168 -0.4991543 0.4356203 0.7490528 -0.3654425 0.03227293 0.9302743 -0.3441706 0.1604157 0.9251019 -0.217738 0.1792552 0.959405 -0.9599303 -0.2402743 0.1442301 -0.9842156 -0.1013827 -0.145056 -0.8933861 -0.4317902 -0.1241711 -0.9469798 -0.2623917 -0.1854183 -0.9842222 -0.1012997 -0.1450695 -0.8861655 -0.4454513 -0.1276088 -0.8792881 0.4415054 -0.1786773 -0.7187586 0.6756482 -0.1639685 -0.3431622 0.8971395 -0.2781734 -0.1941514 0.9768678 -0.08963584 0.1633121 0.9620208 -0.2187356 -0.5010557 0.8268825 -0.2553598 -0.9977673 0.06431221 -0.01801246 -0.9998023 8.12906e-4 0.01986825 -0.8233292 0.4705365 -0.3173715 -0.6682978 0.6854236 -0.2890895 -0.9823063 0.006576061 -0.1871663 -0.9822454 0.07958918 -0.1698814 -0.9999938 0.003425061 -8.91264e-4 -0.9823141 0.006566464 -0.1871257 -0.9998027 7.98497e-4 0.01985055 -0.9810836 -0.081294 -0.1756885 -0.9994384 -0.03297859 -0.005938589 -0.9994375 -0.03300708 -0.005947768 -0.9793372 -0.03493022 -0.1991946 -0.992558 -0.00627768 0.1216114 -0.9891939 0.01044112 0.1462412 -0.4138291 0.8598394 0.2990347 -0.54907 0.6645925 0.506793 -0.4137113 0.8599289 0.2989403 -0.113765 0.9932294 0.02351492 -0.9479065 -0.005744516 0.3184967 -0.8928743 -0.01877278 0.4499146 -0.9875596 -0.001806735 0.1572347 -0.9921126 0.1253094 -0.003174602 -0.4909316 -0.824715 -0.2807697 -0.5512617 -0.7791067 -0.298502 -0.01782262 -0.9445195 -0.3279716 -0.4909187 -0.8247045 -0.2808229 -0.3583033 -0.8897377 -0.282817 -0.4910692 -0.8246225 -0.2808006 -0.4877812 -0.827976 -0.2766321 -0.5512399 -0.7790995 -0.2985609 -0.5590977 -0.786084 -0.263594 -0.9016331 -0.3956668 -0.1746591 -0.08302462 -0.9901858 0.1124238 -0.09206998 -0.9956911 0.01106488 0.7847595 -0.1643491 0.5976134 -0.1949773 -0.9685357 -0.1546691 -0.9983137 -0.05804926 -4.57613e-4 -0.1497867 -0.9826415 -0.1094528 -0.2120427 -0.7587102 0.615952 0.2697597 -0.8109806 0.5191727 0.111288 -0.9415698 0.3179017 0.3620036 -0.9309915 0.04699277 -0.1810743 -0.9480005 0.2617387 -0.4869911 0.8442205 -0.2239009 0.1339147 0.982654 -0.1282886 0.2588776 0.9565531 -0.1341218 0.4782761 0.532682 -0.6982134 0.7832628 0.5730196 -0.2411391 0.6228078 0.4555134 -0.636096 -0.1758748 0.9466827 -0.269926 -0.4028579 0.9002047 -0.1653391 -0.4869418 0.844265 -0.2238401 -0.5372178 0.8174331 -0.2078468 -0.4712973 0.8214159 -0.3211774 -0.5734285 0.7436865 -0.3436718 0.4126289 0.9105384 -0.0256381 0.3652549 0.930854 0.009994983 0.07468831 0.9959478 -0.05009722 0.8853958 0.4226557 0.1934851 0.5317559 0.8409422 -0.1002596 0.469546 0.8814715 0.05034488 0.469406 0.8815499 0.05027955 0.460254 0.8783968 -0.1287851 0.1042127 0.9747115 -0.1976794 0.1041403 0.9747313 -0.1976205 0.8734636 0.4844376 0.04880267 0.6763408 0.7365889 5.05447e-5 0.8854047 0.4226438 0.1934705 0.4193376 -0.6860732 0.5945248 0.7481593 -0.3501761 0.5635906 0.795274 -0.3758574 0.475679 0.795393 -0.3757595 0.4755576 0.2421476 -0.8755021 0.4181633 0.1725377 -0.935824 0.3073502 0.1762943 -0.6855124 0.7063944 0.4192553 -0.6861929 0.5944446 0.2014009 -0.5527745 0.8086273 0.442502 -0.4043186 0.800449 0.7638878 -0.5937461 0.2528657 0.939034 -0.1153895 0.3238833 0.7882421 -0.34307 0.5108595 0.8601306 0.483586 0.1622346 0.9693209 0.1558418 0.1900802 0.9539247 0.1586837 0.2546513 0.939041 -0.1153128 0.3238905 0.8462178 -0.4517118 0.2826163 0.8854525 0.4225167 0.1935292 0.9038516 0.4190448 0.08633589 0.8924892 0.4426818 -0.08657914 0.9693204 0.1558852 0.1900473 0.6618059 0.7455601 0.07844185 0.8492423 0.2306291 -0.4749716 0.9668251 0.1045746 -0.2330529 0.9560918 0.2891012 -0.04805415 0.8925284 0.4425958 -0.08661466 0.9455756 0.2460331 -0.2129664 0.9851022 0.1100265 0.132166 0.9560961 0.2890982 -0.04798442 0.9851095 0.1099317 0.1321911 0.9529222 0.03161394 0.3015623 0.9240339 0.04666614 0.3794519 0.8250885 -0.1471197 0.5455133 0.7421414 0.01620978 0.6700473 0.6569982 -0.02717429 0.7534024 0.4887479 0.02652603 0.8720217 0.451869 -0.02968436 0.8915904 0.1288768 0.01444995 0.9915553 0.168007 -0.009006977 0.9857447 -0.1737412 -0.01283329 0.9847078 0.003118991 0.01526623 0.9998787 0.8254867 0.08642077 -0.5577662 0.9548071 0.1541848 -0.2541071 0.9440774 0.1951084 -0.2658017 0.9974253 0.05968475 0.03975802 0.9668515 0.1045196 -0.2329674 0.9974245 0.0596463 0.03983455 0.9626761 0.02880895 -0.2691189 0.7162097 0.1006292 -0.6905921 0.8254488 0.08627605 -0.5578448 0.8253965 0.08639711 -0.5579036 0.6885402 0.2951982 -0.6623976 0.5080225 0.08892422 -0.8567413 0.6842111 0.2068596 -0.6993314 0.3982214 0.2520431 -0.8819831 0.5079613 0.0888158 -0.8567888 0.2548685 0.07762169 -0.9638552 0.2483029 0.0552681 -0.9671045 0.04131448 0.1475659 -0.988189 -0.09035706 0.1068116 -0.9901651 -0.209374 0.2887254 -0.9342378 -0.4429163 0.06952041 -0.8938637 -0.4170627 0.344765 -0.8409494 -0.6333789 0.2937424 -0.7159237 -0.3017714 0.7581517 -0.5780485 -0.5327324 0.6569703 -0.5334663 0.115253 0.2639961 -0.9576131 0.3296862 0.4982331 -0.801917 -0.3063001 0.2389938 -0.9214458 7.95573e-5 0.2269253 -0.9739122 0.2012227 0.1650283 -0.9655439 0.1168724 0.2354287 -0.964839 0.2548725 0.0775389 -0.9638609 0.4512273 0.3898282 -0.8027628 0.4355572 0.236689 -0.8684862 0.1168631 0.2354369 -0.964838 0.2697815 0.1119686 -0.9563897 0.4329618 0.8232098 -0.3672464 0.3808825 0.6189761 -0.6868749 0.6227199 0.4556089 -0.6361137 0.4355399 0.2367275 -0.8684845 0.4784599 0.3743563 -0.7943133 0.1029316 0.2986825 -0.9487855 0.05108708 0.4167078 -0.9076038 -0.1575416 0.7961548 -0.5842245 -0.2854616 0.5318512 -0.7972741 -0.05605751 0.9190059 -0.3902382 -0.1575546 0.7962374 -0.5841084 -0.1445049 0.6489594 -0.7469739 -0.3016219 0.7582457 -0.5780034 0.3132795 0.9265555 -0.2082092 -0.1939582 0.9769093 -0.08960235 0.1173034 0.9773025 -0.1764081 -0.06081253 0.9793007 -0.1930595 -0.1081966 0.937802 -0.3298801 -0.2652066 0.934589 -0.2370842 -0.1718122 0.9721984 -0.1590939 -0.2653018 0.9345988 -0.236939 -0.1941291 0.976878 -0.0895729 -0.5367332 0.7966185 -0.2780584 -0.3309519 0.8982604 -0.2891353 -0.7368676 0.6023647 -0.3068926 -0.5328207 0.6569452 -0.533409 -0.7772215 0.3337177 -0.533441 -0.5981976 0.5621396 -0.571103 -0.7772747 0.33364 -0.5334119 -0.7714235 0.1050381 -0.6275929 -0.8232744 0.4705471 -0.3174976 -0.9406545 0.02418959 -0.3385027 -0.9771701 -0.1535859 0.1467989 -0.9986487 -0.05196452 -6.46973e-4 -0.9998773 0.009267926 -0.01262992 -0.8087897 -0.1332072 0.5728133 -0.9635927 0.007752478 0.2672624 -0.9998782 0.009286999 -0.01254326 -0.3013765 0.01636564 0.9533649 -0.4915991 -0.11948 0.8625862 -0.5980066 0.006953179 0.8014611 -0.8277237 0.0226826 0.5606774 -0.7891255 -0.2307407 0.5692449 -0.4688414 -0.5839289 0.6627328 -0.4915872 -0.1196023 0.8625761 -0.3445936 -0.4757957 0.8092428 -0.3755967 -0.2535552 0.8914242 0 0.1097661 0.9939575 -2.5885e-7 0.07948231 0.9968364 0.002708911 0.04278439 0.9990807 0.1679194 -0.008979737 0.9857599 0.00270915 0.04277908 0.999081 0 0.1097658 0.9939575 0.4329834 -0.07790243 0.8980293 0.4131796 -0.2618921 0.8721784 0.1093317 -0.9659641 0.2344357 0.4972196 -0.5178117 0.6961636 0.4131504 -0.2619716 0.8721683 0.5365802 -0.3861305 0.7503234 0.7967389 -0.2594187 0.5458105 -0.9999344 0.00133711 -0.01137679 -0.9999335 0.001329481 -0.01145583 -0.9935982 0.01601743 0.1118314 -0.9943234 -0.08393377 0.06539231 -0.360186 -0.7140754 -0.6003019 -0.4793526 -0.3577238 -0.8014081 -0.811702 -0.3962884 -0.4290634 -0.4247875 -0.3354356 -0.840856 -0.2989037 -0.7344234 -0.6093266 0.008119463 -0.9261981 -0.3769502 0.1870394 -0.6117159 -0.7686482 0.1358661 -0.7315893 -0.66807 0.1871525 -0.6116241 -0.7686938 0.3968355 -0.8091575 -0.4333425 0.3891399 -0.5470005 -0.7411887 0.3303601 -0.7875954 -0.5201498 0.3814797 -0.6420592 -0.6650062 0.154695 -0.4624385 -0.8730522 0.2838824 -0.8263817 -0.486317 0.0150175 -0.9008209 -0.4339313 -0.141152 -0.7592647 -0.6352899 -0.5016911 -0.77888 -0.3763669 0.07128566 -0.9968168 -0.03570216 0.1091025 -0.990005 -0.08936905 0.3565169 -0.9226182 -0.1472119 0.2668608 -0.8731015 -0.4080184 0.2042115 -0.9147115 -0.3487126 0.04251414 -0.9878073 -0.1497644 0.5402909 -0.8414623 0.005203485 0.004767298 -0.9893085 -0.1457603 -0.05157846 -0.9932729 -0.103677 -0.06431007 -0.5120471 -0.8565466 0.0310918 -0.2665777 -0.9633118 0.2041367 -0.1183571 -0.9717612 0.09764456 -0.138548 -0.9855304 -0.9462428 -0.2862411 0.1506348 -0.9381163 -0.3035278 -0.1667598 -0.7223836 -0.6566417 -0.2167572 -0.6805942 -0.1466853 -0.7178267 -0.9343774 0.1078442 -0.3395709 -0.06684112 -0.2814337 -0.9572499 0.2848708 -0.4186127 -0.8623295 0.3188279 -0.07438242 -0.9448894 0.2812201 -0.1819403 -0.9422383 -0.3956072 -0.277998 -0.8753354 0.2130342 -0.5578077 -0.802164 0.3809144 0.5310855 -0.7568702 0.6958133 0.2685806 -0.6661144 0.8678643 0.3330246 -0.3686546 0.9408788 0.2908453 -0.1736556 0.7674969 0.5297206 -0.3610329 0.634867 0.7507802 -0.1824094 0.7537772 0.6325027 -0.1782141 0.9236243 0.0368278 0.3815255 0.9885475 0.06815856 0.1346417 0.9892838 0.005613029 0.1458979 0.777336 0.2931287 0.5566188 0.8784075 0.2453547 0.4101238 0.9613037 0.1120663 0.2516676 0.8784115 0.2454482 0.410059 0.769267 0.3844079 0.5103517 0.7886459 0.4789825 0.3855042 0.8848825 -0.002640902 -0.4658069 0.6064577 -0.01891028 -0.7948909 0.86683 0.004038989 -0.4985875 0.8973902 0.02334111 -0.4406201 0.8656426 0.008285582 -0.500594 0.8668008 0.004035472 -0.4986383 0.8281094 0.01785409 -0.5602822 0.7811691 -0.00237441 -0.624315 0.7725727 0.0386824 -0.633747 0.6385255 -8.46284e-4 -0.7696003 0.5336878 0.01309067 -0.8455804 0.430114 0.001318395 -0.9027737 0.2468104 0.01165944 -0.9689937 0.2387077 -3.2915e-4 -0.9710915 0.04414159 0.001592218 -0.999024 -0.06307828 0.009245574 -0.9979658 -0.201371 0.001013934 -0.9795145 -0.4039911 0.01631903 -0.9146175 -0.2989323 -0.1534672 -0.9418532 -0.4041305 0.01630866 -0.914556 -0.4357472 -0.0182994 -0.899883 -0.4863307 -0.1295341 -0.8641201 -0.4863389 -0.1294726 -0.8641247 -0.2989967 -0.1534873 -0.9418294 -0.4418512 -0.3049576 -0.8436636 -0.1993402 -0.4138786 -0.8882388 -0.382173 -0.530323 -0.7567704 -0.301158 -0.1605545 -0.9399607 -0.5566912 0.02681106 -0.8302868 -0.5144714 -0.009727299 -0.8574525 -0.6512853 -0.1179108 -0.7496163 -0.51446 -0.009742438 -0.8574591 -0.6512795 -0.1179389 -0.7496169 -0.4668037 -0.07969784 -0.8807625 0.1725885 0.0157485 -0.9848681 -0.02942526 -0.1552728 -0.9874333 0.07342171 -0.1744903 -0.9819177 0.07337856 -0.1746614 -0.9818906 -0.03586882 -0.2636051 -0.9639636 -0.04800081 -0.2510923 -0.9667723 -0.1539207 -0.07656216 -0.9851126 0.5328391 -0.005568981 -0.8461983 -0.6514216 -0.1179494 -0.7494918 -0.6611626 0.01391077 -0.7501137 -0.9641229 0.01267594 -0.2651535 -0.5081605 0.004389345 -0.8612513 0.8473588 0.06777244 -0.5266785 0.8886521 0.01167434 -0.4584333 0.889182 -2.08007e-4 -0.4575536 0.8891697 -2.01906e-4 -0.4575775</float_array>
          <technique_common>
            <accessor source="#polygons_002-mesh-normals-array" count="3538" stride="3">
              <param name="X" type="float"/>
              <param name="Y" type="float"/>
              <param name="Z" type="float"/>
            </accessor>
          </technique_common>
        </source>
        <vertices id="polygons_002-mesh-vertices">
          <input semantic="POSITION" source="#polygons_002-mesh-positions"/>
        </vertices>
        <triangles material="Surface_1_004-material" count="2482">
          <input semantic="VERTEX" source="#polygons_002-mesh-vertices" offset="0"/>
          <input semantic="NORMAL" source="#polygons_002-mesh-normals" offset="1"/>
          <p>0 0 1 1 2 2 2 3 1 4 3 5 2 3 3 5 4 6 4 7 3 8 5 9 6 10 3 11 1 12 7 13 8 14 9 15 10 16 11 17 12 18 13 19 14 20 15 21 16 22 17 23 18 24 19 25 20 26 14 26 21 27 22 28 23 29 24 30 25 31 26 32 8 33 7 34 27 34 19 35 14 36 13 37 18 38 28 39 16 40 13 41 29 42 30 43 31 44 32 45 33 46 30 47 19 48 13 49 34 50 35 51 36 52 37 53 36 54 35 55 38 56 35 57 34 58 39 59 40 60 34 61 34 62 40 63 41 64 34 65 41 66 38 67 42 68 43 69 44 70 45 71 46 72 47 73 43 74 42 75 48 76 46 77 26 78 25 79 49 80 50 81 51 82 48 83 52 84 43 85 53 86 54 87 52 88 55 89 56 90 57 91 52 92 48 93 53 94 58 95 44 96 59 97 60 98 61 99 62 100 63 101 64 102 65 103 66 104 67 104 68 104 69 105 70 106 71 107 72 108 45 109 47 110 73 111 74 112 75 113 76 114 26 115 77 116 78 117 79 117 80 117 81 118 82 119 83 120 82 121 81 122 84 123 44 124 58 125 42 126 85 127 86 128 87 127 86 129 85 129 88 129 89 130 77 131 90 132 91 133 92 134 93 135 94 136 95 137 96 138 97 139 87 139 98 139 87 140 97 141 85 140 99 142 100 143 101 144 102 145 101 146 100 147 103 148 104 149 105 149 100 150 106 151 102 152 107 153 108 154 109 155 110 156 111 156 6 156 112 157 113 158 114 159 115 160 116 161 117 160 118 162 90 163 77 164 83 165 119 166 81 167 119 168 83 169 120 170 68 171 105 171 66 171 121 172 77 173 26 174 105 175 68 175 103 175 59 176 122 177 58 178 123 179 124 180 125 181 126 182 124 183 123 184 6 185 127 186 128 187 129 188 130 189 131 190 132 191 133 192 134 193 127 194 131 195 130 196 134 197 133 198 135 199 134 197 135 199 136 200 136 200 135 199 137 201 136 200 137 201 138 202 132 203 134 203 139 203 140 204 141 204 142 204 143 205 144 206 145 206 116 207 115 207 146 208 17 209 16 210 143 211 147 212 148 212 149 212 133 213 132 213 150 213 151 214 152 215 153 216 154 217 155 218 156 218 157 219 158 219 159 220 160 221 112 222 114 223 153 216 161 224 151 214 145 225 162 226 143 227 163 228 164 228 165 228 166 229 143 230 162 231 143 232 166 233 17 234 167 235 114 236 113 237 168 238 169 239 12 240 158 241 170 242 171 243 159 244 158 245 71 246 71 247 158 241 171 243 71 248 171 249 69 250 169 251 168 252 172 253 109 254 173 255 174 256 17 257 166 258 175 259 176 260 29 261 175 262 175 262 29 261 18 263 175 264 18 265 17 266 29 261 176 260 30 267 123 268 177 269 126 270 178 271 179 271 51 271 114 272 167 273 180 274 181 275 182 276 183 277 184 278 185 279 186 280 187 281 188 282 189 283 190 284 191 285 192 286 188 287 187 288 193 289 138 290 194 290 195 290 2 291 157 292 0 293 196 294 197 295 198 296 199 297 200 298 201 299 202 300 192 301 203 302 190 303 192 304 202 305 204 306 205 307 206 308 207 309 208 310 209 311 208 312 210 313 209 314 211 315 212 316 213 317 214 318 183 319 182 320 215 321 216 321 217 321 213 322 212 323 218 324 216 325 215 325 219 325 197 326 220 327 198 328 221 329 222 330 223 331 224 332 225 333 223 334 223 334 225 333 226 335 223 336 226 337 221 338 223 334 227 339 224 332 228 340 189 341 188 342 229 343 230 343 231 343 232 344 233 345 234 346 235 347 236 348 237 349 217 350 238 350 215 350 239 351 240 352 241 353 238 354 217 354 230 354 230 355 229 355 238 355 242 356 198 357 243 358 244 359 245 360 246 361 247 362 243 363 248 364 249 365 245 366 244 367 180 368 160 369 114 370 250 371 251 372 252 373 253 374 254 375 255 376 204 377 256 378 205 379 257 380 258 381 259 382 260 383 261 384 117 385 260 386 117 387 97 388 97 388 117 387 116 389 97 388 116 389 85 390 85 390 116 389 262 391 85 392 262 393 88 394 263 395 182 396 90 397 264 398 265 399 266 400 267 401 268 401 255 401 269 402 90 403 182 404 244 405 270 406 249 407 99 408 101 409 271 410 272 411 273 412 274 413 275 414 276 415 277 416 278 417 279 418 280 419 281 420 282 421 267 422 283 423 284 424 285 424 194 425 138 426 137 427 286 428 287 429 288 430 286 428 288 430 289 431 289 432 288 433 290 434 289 432 290 434 291 435 291 435 290 434 292 436 291 435 292 436 293 437 293 438 292 436 294 439 293 438 294 439 295 440 296 441 290 434 297 442 297 442 290 434 288 433 296 441 298 443 290 434 290 434 298 443 299 444 290 434 299 444 300 445 300 445 299 444 301 446 300 447 301 448 302 449 303 450 298 451 296 452 302 453 292 436 300 445 300 445 292 436 290 434 302 453 294 439 292 436 304 454 291 455 305 456 305 457 291 458 293 459 305 460 293 461 306 462 289 432 291 435 307 463 307 464 291 465 304 466 236 467 160 468 180 469 308 470 309 471 310 472 117 473 311 474 115 473 312 475 206 476 313 477 206 478 312 479 204 479 311 480 117 480 261 480 314 481 315 482 316 483 317 484 318 485 319 486 297 487 288 488 283 489 275 490 314 491 316 492 194 493 137 493 320 493 321 494 272 494 274 495 322 496 323 497 324 498 324 499 323 500 325 501 96 502 326 503 94 504 327 505 328 505 329 505 330 506 325 507 323 508 322 509 331 510 323 511 332 512 333 513 334 514 335 515 336 515 337 515 338 516 328 516 339 516 337 517 340 518 341 519 342 520 343 520 344 520 345 521 92 522 91 523 325 524 346 525 324 526 343 527 342 527 347 527 345 528 348 529 332 530 349 531 350 532 351 533 331 534 352 535 353 536 354 537 355 538 356 539 357 540 358 540 359 540 360 541 361 542 163 543 362 544 357 544 363 544 363 545 357 545 359 545 363 545 359 545 364 545 364 545 359 545 365 545 364 545 365 545 360 546 360 547 365 548 172 549 360 547 172 549 361 550 361 550 172 549 168 551 361 550 168 551 366 552 366 553 168 554 367 545 366 555 367 556 368 556 368 545 367 545 62 545 368 557 62 557 369 557 369 545 62 545 61 545 369 558 61 558 370 558 370 545 61 545 63 545 370 559 63 559 371 559 371 545 63 545 372 545 371 560 372 560 373 560 373 545 372 545 374 545 373 561 374 561 375 561 362 545 363 545 376 545 377 562 378 563 379 564 380 565 381 566 382 567 383 568 384 569 385 570 351 571 386 572 349 573 387 574 40 574 39 575 388 576 382 577 39 578 39 578 382 577 381 579 39 580 381 581 387 582 389 583 357 584 362 585 389 583 362 585 390 586 390 586 362 585 376 587 390 586 376 587 391 588 391 588 376 587 363 589 391 588 363 589 392 590 392 590 363 589 364 591 392 590 364 591 393 592 393 592 364 591 360 593 393 594 360 595 394 595 50 596 395 596 396 596 397 597 398 597 399 597 400 598 183 599 189 600 189 601 183 602 401 603 78 604 395 604 402 604 189 605 403 606 187 607 396 608 395 609 78 610 404 611 386 612 351 613 405 614 379 615 378 616 240 617 406 617 241 617 239 618 407 619 408 620 241 621 407 622 239 623 409 624 241 625 406 626 340 627 410 628 341 629 409 630 406 631 411 632 412 633 413 633 414 633 415 634 416 635 417 636 418 637 417 638 416 639 419 640 420 640 414 640 421 641 422 642 423 643 424 644 423 645 425 646 425 647 423 648 422 649 235 650 426 651 427 652 160 653 427 654 428 655 428 655 427 656 426 657 429 658 430 659 431 660 432 661 433 662 431 660 431 660 433 662 434 663 431 660 434 663 429 658 429 658 434 663 435 664 429 665 435 666 436 667 437 668 438 669 439 670 440 671 441 672 439 673 439 673 441 672 411 674 439 675 411 676 437 677 437 677 411 676 442 678 437 677 442 678 443 679 443 679 442 678 411 676 443 679 411 676 444 680 384 681 441 672 385 682 385 682 441 672 440 671 445 683 383 684 446 685 446 685 383 684 447 686 446 685 447 686 448 687 448 687 447 686 443 679 448 687 443 679 449 688 449 688 443 679 444 680 449 688 444 680 448 687 383 684 445 683 384 689 385 690 447 686 383 684 221 691 450 692 451 693 452 694 207 695 451 693 451 693 207 695 222 696 451 693 222 696 221 691 208 697 207 695 202 698 202 698 207 695 452 694 202 699 452 700 453 701 454 702 450 703 226 704 226 705 450 692 221 691 257 706 315 707 258 708 455 709 258 710 456 711 456 712 258 713 315 714 255 715 268 716 457 717 268 716 458 718 457 717 457 717 458 718 253 719 457 717 253 719 255 720 268 716 267 721 458 718 458 722 267 723 282 724 458 725 282 726 377 727 377 728 282 729 378 730 459 731 460 732 461 733 459 731 461 733 462 734 462 734 461 733 463 735 462 734 463 735 129 736 464 737 463 735 465 738 465 738 463 735 461 733 465 739 461 740 466 741 415 742 467 743 416 744 468 745 415 742 469 746 470 747 469 746 417 748 417 748 469 746 415 742 471 749 468 750 472 751 472 752 468 745 469 746 472 752 469 746 473 753 471 754 474 755 468 745 468 745 474 755 475 756 468 745 475 756 415 742 415 742 475 756 463 735 415 742 463 735 467 743 467 743 463 735 464 737 130 757 129 736 475 756 475 756 129 736 463 735 476 758 462 759 477 760 477 761 462 734 129 736 477 761 129 736 131 762 478 763 479 764 480 765 480 765 479 764 481 766 480 765 481 766 482 767 482 767 481 766 462 734 482 767 462 734 483 768 483 769 462 770 476 771 462 734 481 766 459 731 484 772 485 773 486 774 247 362 248 364 484 775 484 775 248 364 487 776 484 777 487 778 485 779 335 780 488 781 336 782 488 781 335 780 485 783 485 783 335 780 317 784 485 785 317 786 486 787 318 788 317 789 489 790 489 791 317 784 335 780 489 791 335 780 490 792 490 792 335 780 337 793 490 792 337 793 491 794 492 795 493 796 494 797 495 798 496 799 494 797 494 797 496 799 497 800 494 797 497 800 492 795 492 795 497 800 498 801 492 795 498 801 499 802 492 795 499 802 500 803 500 803 499 802 501 804 500 803 501 804 502 545 502 545 501 804 503 805 504 806 501 804 499 802 503 805 501 804 505 807 505 807 506 808 503 805 503 805 506 808 507 809 503 805 507 809 508 810 507 809 506 808 509 811 510 812 511 813 409 814 409 815 411 816 510 817 510 818 411 819 441 820 510 818 441 820 512 821 512 821 441 820 384 822 513 823 514 824 515 825 515 825 514 824 516 826 516 827 514 828 517 829 516 830 517 831 113 832 518 833 51 834 50 835 51 834 518 833 178 836 178 836 518 833 519 837 178 838 519 839 179 840 520 841 521 842 522 843 523 844 522 845 524 846 524 847 522 848 521 849 512 850 424 851 425 852 512 850 384 853 424 851 424 851 384 853 445 854 424 851 445 854 423 855 423 855 445 854 446 856 459 857 481 858 525 859 274 860 313 861 479 862 479 862 313 861 526 863 479 862 526 863 481 858 481 858 526 863 279 864 481 858 279 864 525 859 525 859 279 864 278 865 525 859 278 865 147 866 312 867 313 868 273 869 273 870 313 861 274 860 526 863 313 861 527 871 527 871 313 861 206 872 527 871 206 872 528 873 206 874 205 875 528 876 528 877 205 878 529 879 528 880 529 881 530 882 531 883 315 884 314 885 532 886 455 887 531 888 531 889 455 890 456 891 531 889 456 891 315 892 533 893 345 894 332 895 345 894 533 893 92 896 92 897 533 898 534 899 92 900 534 901 535 902 92 903 535 904 536 905 536 905 535 904 95 906 536 905 95 906 94 907 18 908 29 909 28 910 28 911 29 912 13 913 537 914 538 915 539 916 539 916 538 915 540 917 21 918 537 919 22 920 22 921 537 922 539 923 541 924 542 925 543 926 543 926 542 925 544 927 542 925 545 928 544 927 544 927 545 928 546 929 544 927 546 929 547 930 547 930 546 929 548 931 547 930 548 931 549 932 549 933 548 934 550 935 546 929 551 936 548 931 548 931 551 936 552 937 548 931 552 937 550 938 550 939 552 940 65 941 550 942 65 943 64 944 104 945 72 946 105 947 105 948 72 949 66 950 553 951 554 952 518 953 518 954 554 955 519 956 92 957 536 958 93 959 93 960 536 961 555 962 536 963 94 964 555 965 555 965 94 964 326 966 555 967 326 968 556 969 556 970 326 971 557 972 72 973 104 974 45 975 45 976 104 977 103 978 558 979 559 980 560 981 560 981 559 980 561 982 140 983 561 984 141 985 141 985 561 984 559 986 360 987 163 987 394 987 394 988 163 988 165 988 562 989 320 990 135 991 135 992 320 993 137 994 563 995 564 996 385 997 385 998 564 999 447 1000 565 1001 191 1002 208 1003 208 1004 191 1005 210 1006 452 1007 450 1008 566 1009 566 1009 450 1008 454 1010 219 1011 229 1012 216 1013 216 1013 229 1012 231 1014 134 1015 136 1016 139 1017 139 1018 136 1019 567 1020 564 1021 568 1022 447 1023 447 1024 568 1025 443 1026 569 1027 568 1028 563 1029 563 1030 568 1031 564 1032 570 1033 276 1034 571 1035 571 1036 276 1037 275 1038 358 1039 357 1039 572 1039 572 1040 357 1040 389 1040 573 1041 344 1042 574 1043 574 1043 344 1042 343 1044 330 1045 575 1046 325 1047 325 1048 575 1049 346 1050 347 1051 576 1052 343 1053 343 1053 576 1052 574 1054 577 1055 352 1056 578 1057 578 1058 352 1059 331 1060 575 1061 579 1062 346 1063 346 1064 579 1065 580 1066 322 1067 581 1068 331 1069 331 1070 581 1071 578 1072 387 1073 381 1074 582 1075 582 1075 381 1074 380 1076 198 1077 220 1078 583 1079 583 1079 220 1078 584 1080 220 1078 585 1081 584 1080 584 1080 585 1081 586 1082 584 1080 586 1082 587 1083 588 1084 589 1085 590 1086 590 1086 589 1085 586 1082 590 1086 586 1082 585 1081 243 1087 198 1077 488 1088 488 1088 198 1077 583 1079 488 1088 583 1079 336 1089 487 1090 248 1091 485 1092 485 1092 248 1091 243 1087 485 1092 243 1087 488 1088 515 1093 591 1094 513 1095 513 1096 591 1097 592 1098 30 1099 176 1100 19 1101 19 1102 176 1103 175 1104 19 1105 175 1106 20 1107 55 1108 70 1109 56 1110 56 1110 70 1109 69 1111 515 1112 516 1113 593 1114 593 1115 516 1116 113 1117 593 1118 113 1119 112 1120 95 1121 350 1122 96 1123 96 1124 350 1125 349 1126 594 1127 595 1128 157 1129 157 1129 595 1128 158 1130 2 1131 4 1132 157 1129 157 1129 4 1132 596 1133 157 1129 596 1133 594 1127 594 1134 596 1135 597 1136 594 1134 597 1136 598 1137 435 1138 434 1139 184 1140 184 1140 434 1139 185 1141 599 1142 600 1142 436 1142 436 1142 600 1142 429 1142 186 1143 185 1144 433 1145 433 1146 185 1147 434 1081 235 1148 427 1149 236 1150 236 467 427 1151 160 468 192 1152 191 1153 601 1154 601 1155 191 1156 565 1157 186 1158 433 1159 602 1160 602 1161 433 1162 196 1163 190 1164 431 1165 603 1166 603 1166 431 1165 430 1167 604 1168 605 1169 606 1170 606 1171 605 1172 173 1173 230 1174 217 1175 231 1176 231 1176 217 1175 216 1177 607 1178 608 1179 569 1180 569 1181 608 1182 443 1183 569 1184 443 1185 568 1186 242 1187 243 1188 609 1189 609 1190 243 1191 247 1192 303 1193 296 1194 610 1195 610 1196 296 1197 297 1198 210 1199 252 1200 209 1201 209 1201 252 1200 611 1202 191 1203 612 1204 210 1205 210 1206 612 1207 255 1208 210 1209 255 1210 252 1211 446 1212 448 1213 423 1214 423 1214 448 1213 613 1215 423 1216 613 1217 421 1218 251 372 614 1219 252 373 252 1220 614 1221 611 1222 227 1223 614 1219 224 1224 224 1224 614 1219 251 372 224 1224 251 372 615 1225 109 1226 616 1227 173 1228 173 1228 616 1227 606 1229 617 1230 613 1231 444 1232 444 1232 613 1231 448 1233 240 1234 239 1235 617 1236 617 1237 239 1238 421 1239 617 1240 421 1241 613 1242 617 1243 444 1244 240 1245 240 1246 444 1247 411 1248 240 1249 411 1250 406 1251 283 1252 288 1253 618 1254 618 1254 288 1253 287 1255 257 1256 619 1257 315 1258 315 1259 619 1260 571 1261 437 677 443 679 620 1262 620 1263 443 1264 608 1265 315 1266 571 1267 316 1268 316 1269 571 1270 275 1271 329 1272 413 1273 327 1274 327 1275 413 1276 412 1277 621 1278 286 1279 622 1280 622 1280 286 1279 289 1281 622 1280 289 1281 623 1282 624 1283 333 1284 348 1285 348 1286 333 1287 332 1288 576 1289 625 1290 574 1291 574 1291 625 1290 573 1292 40 1293 387 1294 41 1295 41 1296 387 1297 582 1298 41 1296 582 1298 38 1299 626 1300 385 1301 627 1302 627 1303 385 1304 440 671 440 671 439 673 627 1303 627 1302 439 1305 626 1300 626 1300 439 1305 607 1306 607 1307 439 1308 438 1309 607 1310 438 1311 608 1312 607 1313 569 1314 626 1315 626 1316 569 1317 563 1318 626 1319 563 1320 385 1321 606 1322 628 1323 604 1324 604 1325 628 1326 386 1327 338 1328 339 1329 420 1330 420 1331 339 1332 629 1333 21 1334 630 1335 537 1336 537 1336 630 1335 538 1337 21 1338 23 1339 630 1340 630 1340 23 1339 631 1341 540 1342 538 1343 631 1344 631 1344 538 1343 630 1345 394 1346 632 1346 393 1346 393 1347 632 1347 633 1348 165 545 634 545 394 545 394 1349 634 1349 635 1349 394 1350 635 1350 632 1350 636 1351 150 1352 633 1353 633 1354 150 1355 132 1356 633 1357 132 545 393 545 393 1358 132 1358 139 1359 393 1360 139 1361 392 1360 392 1362 139 1363 567 1362 392 1364 567 1364 195 1364 150 1365 636 1366 562 1367 572 1368 389 1368 637 1368 637 545 389 545 390 545 637 545 390 545 638 545 638 1369 390 1369 391 1369 638 545 391 545 639 1370 639 1371 391 1372 194 1373 639 1374 194 1375 636 1376 636 1376 194 1375 320 1377 636 1378 320 1379 562 1380 392 545 195 545 391 545 391 545 195 545 194 1381 82 1382 84 1383 640 1384 640 1385 84 1386 54 1387 640 1385 54 1387 53 1388 641 1389 642 1390 643 1391 643 1391 642 1390 644 1081 643 1391 644 1081 645 1081 645 1081 644 1081 646 1081 645 1392 646 1392 647 1392 647 1081 646 1081 648 1081 647 1081 648 1081 649 1081 649 1081 648 1081 650 1081 649 1393 650 1393 651 1393 651 1394 650 1394 652 1394 651 1395 652 1395 653 1395 653 1081 652 1081 654 1396 653 1081 654 1396 655 1397 655 1397 654 1396 656 1398 60 1399 64 1400 61 1401 61 1402 64 1403 63 1404 67 1405 66 1406 47 1407 47 1408 66 1409 72 1410 168 1411 12 1412 367 1413 367 1414 12 1415 11 1416 367 1417 11 1418 62 1419 62 1420 11 1421 60 1422 657 1423 658 1424 659 1425 311 1426 660 1427 115 1428 115 1428 660 1427 658 1424 115 1428 658 1424 146 1429 146 1429 658 1424 657 1423 87 1430 661 1431 98 1432 98 1432 661 1431 662 1433 663 1434 664 1435 659 1425 659 1425 664 1435 86 1436 659 1425 86 1436 657 1423 665 1437 658 1424 666 1438 666 1438 658 1424 660 1427 666 1438 660 1427 667 1439 667 1439 660 1427 530 1440 667 1439 530 1440 668 1441 668 1441 530 1440 669 1442 279 1443 661 1431 280 1444 280 1444 661 1431 670 1445 664 1435 671 1446 672 1447 672 1447 671 1446 673 1448 528 1449 530 1450 527 1451 527 1451 530 1450 526 1452 526 1453 530 1454 279 1443 279 1443 530 1454 660 1427 279 1443 660 1427 661 1431 661 1431 660 1427 311 1426 661 1431 311 1426 662 1433 164 1455 670 1456 673 1457 673 1458 670 1445 674 1459 674 1459 670 1445 672 1447 672 1447 670 1445 661 1431 672 1447 661 1431 664 1435 664 1435 661 1431 87 1460 664 1435 87 1460 86 1436 666 1438 667 1439 669 1461 669 1442 530 1440 529 1462 675 1463 554 1464 80 1465 80 1465 554 1464 553 1466 80 1467 553 1468 78 1469 43 1470 52 1471 44 1472 44 1473 52 1474 54 1475 44 1476 54 1477 59 1478 59 1479 54 1480 84 1481 59 1479 84 1481 676 1482 676 1483 84 1484 81 1485 676 1486 81 1487 119 1488 124 1489 677 1490 125 1491 125 1491 677 1490 678 1492 678 1492 677 1490 679 1493 679 1493 677 1490 680 1494 679 1495 680 1496 5 1497 5 1497 680 1496 681 1498 5 1499 681 1500 4 1501 644 1502 682 1503 646 1504 646 1504 682 1503 683 1505 646 1504 683 1505 648 1506 648 1506 683 1505 684 1507 648 1506 684 1507 650 1508 650 1508 684 1507 685 1509 650 1508 685 1509 652 1510 652 1510 685 1509 686 1511 652 1510 686 1511 654 1512 654 1512 686 1511 687 1513 654 1512 687 1513 656 1514 656 1514 687 1513 688 1515 656 1514 688 1515 655 1516 655 1516 688 1515 689 1517 655 1516 689 1517 653 1518 653 1518 689 1517 690 1519 653 1520 690 1521 651 1522 651 1522 690 1521 691 1523 651 1522 691 1523 649 1524 649 1524 691 1523 692 1525 649 1524 692 1525 647 1526 647 1526 692 1525 693 1527 647 1526 693 1527 645 1528 645 1528 693 1527 694 1529 645 1528 694 1529 643 1530 643 1530 694 1529 695 1531 643 1530 695 1531 641 1532 641 1532 695 1531 696 1533 641 1532 696 1533 642 1534 642 1534 696 1533 697 1535 642 1534 697 1535 644 1536 644 1536 697 1535 682 1537 119 1538 120 1539 676 1540 676 1541 120 1542 122 1543 676 1541 122 1543 59 1544 3 1545 6 1546 698 1547 698 1547 6 1546 111 1548 164 1549 73 1550 670 1551 670 1552 73 1553 699 1554 670 1552 699 1554 280 1555 170 1556 700 1557 171 1558 171 1559 700 1560 701 1561 171 1562 701 1563 69 1564 122 1565 702 1566 58 1567 58 1567 702 1566 703 1568 58 1567 703 1568 42 1569 122 1565 120 1570 702 1566 702 1566 120 1570 83 1571 702 1566 83 1571 704 1572 704 1572 83 1571 82 1573 704 1572 82 1573 705 1574 705 1574 82 1573 640 1575 705 1574 640 1575 706 1576 706 1576 640 1575 53 1577 706 1576 53 1577 33 1578 33 1578 53 1577 48 1579 33 1578 48 1579 707 1580 702 1581 708 1582 709 1583 710 1584 704 1572 705 1574 33 1578 711 1585 706 1576 33 1578 707 1580 712 1586 712 1586 707 1580 75 1587 148 1588 75 1587 703 1568 703 1568 75 1587 707 1580 703 1568 707 1580 42 1569 42 1569 707 1580 48 1579 31 1589 713 1590 74 1591 74 1591 713 1590 75 1587 75 1587 713 1590 712 1586 712 1586 713 1590 31 1592 712 1586 31 1592 33 1578 272 1593 709 1583 273 1594 273 1594 709 1583 708 1582 273 1595 708 1596 312 1597 312 1598 708 1582 702 1581 312 1599 702 1566 714 1600 714 1600 702 1566 704 1572 714 1600 704 1572 715 1601 312 1599 714 1600 715 1601 716 1602 256 1603 204 1604 204 1605 312 1606 716 1607 716 1607 312 1606 715 1601 716 1607 715 1601 256 1608 256 1608 715 1601 704 1572 717 1609 699 1610 75 113 75 113 699 1610 73 111 75 113 148 1611 717 1609 717 1609 148 1611 147 1612 717 1609 147 1613 699 1610 699 1610 147 1613 278 1614 699 1615 278 1616 280 1617 689 1618 688 1619 718 1620 718 1620 688 1619 687 1621 718 1620 687 1621 719 1622 719 1622 687 1621 686 1623 719 1622 686 1623 720 1624 720 1624 686 1623 685 1625 720 1624 685 1625 721 1626 721 1626 685 1625 684 1627 721 1628 684 1629 722 1630 722 1630 684 1629 683 1631 722 1630 683 1631 723 1632 723 1632 683 1631 682 1633 723 1632 682 1633 170 1634 170 1635 682 1636 697 1637 170 1635 697 1637 700 1638 700 1638 697 1637 696 1639 700 1638 696 1639 695 1640 700 1638 695 1640 701 1641 701 1641 695 1640 694 1642 701 1643 694 1644 69 1645 69 1646 694 1647 693 1648 69 1649 693 1650 56 1651 56 1652 693 1653 692 1654 56 1655 692 1656 57 1657 57 1657 692 1656 691 1658 57 1657 691 1658 724 1659 724 1659 691 1658 690 1660 724 1659 690 1660 725 1661 725 1661 690 1660 689 1618 725 1661 689 1618 718 1620 726 1662 57 1663 724 1664 727 1665 721 1666 722 1667 728 1668 729 1669 730 1670 730 1670 729 1669 731 1671 730 1672 731 1673 732 1674 732 1674 731 1673 106 1675 732 1676 106 1677 100 1678 733 1679 734 1680 560 1681 560 1681 734 1680 558 1682 179 1683 519 1684 735 1685 735 1685 519 1684 554 1686 735 1687 554 1688 675 1689 734 1690 733 1691 142 1692 142 1693 733 1694 140 1695 733 1696 560 1697 140 1698 140 1698 560 1697 561 1699 562 1700 135 1701 150 1702 150 1703 135 1704 133 1705 145 1706 20 1707 162 1708 162 1709 20 1710 175 1711 162 1712 175 1713 166 1714 164 1715 673 1716 736 1717 736 1718 673 1719 671 1720 86 1721 88 1722 657 1723 657 1724 88 1725 262 1726 657 1724 262 1726 146 1727 146 1728 262 1729 116 1730 603 1731 430 1732 737 1733 737 1733 430 1732 429 1734 737 1733 429 1734 600 1081 190 1735 603 1736 191 1737 191 1737 603 1736 737 1738 191 1737 737 1738 738 1739 738 1740 737 1741 600 1742 738 1740 600 1742 599 1743 565 1744 208 1745 203 1746 203 1747 208 1748 202 1749 138 1750 195 1751 136 1752 136 1753 195 1754 567 1755 295 440 294 439 739 1756 739 1757 294 1758 302 1759 739 1760 302 1761 740 1762 454 1763 431 1764 453 1765 453 1766 431 1767 190 1768 453 1766 190 1768 202 1769 454 1770 199 1771 431 1772 431 660 199 1773 201 1774 431 660 201 1774 432 661 741 1775 742 1776 743 1777 743 1778 742 1779 744 1780 743 1778 744 1780 745 1781 252 1782 255 1783 250 1784 250 1785 255 1786 254 1787 227 1788 223 1789 614 1790 614 1791 223 1792 222 1793 614 1791 222 1793 207 1794 207 1795 209 1796 614 1797 614 1797 209 1796 611 1798 97 1799 98 1800 260 1801 260 1802 98 1803 662 1804 260 1802 662 1804 261 1805 261 1806 662 1807 311 1808 149 1809 460 1810 147 1811 147 1812 460 1813 459 1814 147 1812 459 1814 525 1815 314 1816 275 1817 308 1818 308 1819 275 1820 746 1821 321 1822 274 1823 478 1824 478 1825 274 1826 479 1827 747 1828 486 1829 748 1830 748 1831 486 1832 317 1833 748 1834 317 1835 319 1836 334 1837 534 1838 332 1839 332 1840 534 899 533 898 331 1841 353 1842 323 1843 323 1844 353 1845 330 1846 328 1847 338 1848 329 1849 329 1849 338 1848 413 1850 414 1851 413 1852 419 1853 419 1854 413 1850 338 1848 419 1854 338 1848 420 1855 749 1856 729 1857 750 1858 750 1858 729 1857 728 1859 750 1858 728 1859 751 1860 728 1859 624 1861 751 1860 751 1860 624 1861 348 1862 751 1860 348 1862 752 1863 752 1863 348 1862 345 1864 752 1865 345 1866 91 1867 386 1868 557 1869 349 1870 349 1870 557 1869 326 1871 349 1872 326 1873 96 1874 556 1875 557 1876 628 1877 628 1878 557 1869 386 1868 753 1879 754 1880 755 1881 755 1881 754 1880 756 1882 573 1883 625 1883 344 1883 344 1884 625 1884 342 1884 352 1885 579 1886 353 1887 353 1888 579 1889 575 1890 353 1891 575 1892 330 1892 577 1885 757 1885 352 1885 352 1885 757 1885 758 1885 352 1885 758 1885 579 1893 380 1894 382 1895 37 1896 37 1897 382 1898 388 1899 37 1897 388 1899 36 1900 36 1900 388 1899 39 1901 36 1900 39 1901 34 1902 666 1903 669 1904 759 1905 759 1906 669 1907 529 1908 78 1909 553 1910 396 1911 396 1911 553 1910 518 1912 396 1913 518 1914 50 1915 757 1916 760 1917 758 1918 758 1919 760 1920 580 1921 758 1919 580 1921 579 1922 581 1923 760 1924 578 1925 578 1925 760 1924 757 1926 578 1927 757 1928 577 1929 241 1930 409 1931 407 1932 407 1933 409 1934 511 1935 407 1933 511 1935 408 1936 761 1937 762 1938 763 1939 763 1939 762 1938 764 1940 763 1939 764 1940 765 1941 761 1937 766 1942 762 1938 762 1938 766 1942 767 1943 762 1938 767 1943 768 1944 768 1944 767 1943 769 1945 768 1944 769 1945 770 1946 770 1946 769 1945 771 1947 770 1946 771 1947 772 1948 772 1948 771 1947 773 1949 772 1948 773 1949 774 1950 774 1950 773 1949 775 1951 774 1950 775 1951 776 1952 777 1953 778 1954 779 1955 779 1955 778 1954 780 1956 762 1938 768 1944 764 1940 764 1940 768 1944 781 1957 782 1958 783 1959 784 1960 784 1960 783 1959 64 1961 784 1960 64 1961 785 1962 785 1963 64 1964 60 1965 785 1963 60 1965 786 1966 786 1966 60 1965 11 1967 786 1968 11 1969 10 1970 787 1971 547 1972 788 1973 788 1973 547 1972 549 1974 788 1973 549 1974 789 1975 789 1976 549 1977 550 1978 789 1975 550 1979 783 1959 783 1959 550 1979 64 1980 544 1981 787 1971 778 1954 778 1954 787 1971 788 1973 778 1954 788 1973 780 1956 780 1956 788 1973 789 1975 780 1956 789 1975 790 1982 790 1982 789 1975 783 1959 790 1982 783 1959 791 1983 791 1983 783 1959 782 1958 791 1983 782 1958 792 1984 792 1984 782 1958 793 1985 792 1984 793 1985 794 1986 778 1954 541 1987 544 1981 95 1988 535 1989 778 1954 778 1954 535 1989 534 1990 778 1954 534 1990 541 1987 541 1987 534 1990 334 1991 541 1987 334 1991 375 1992 375 1992 334 1991 333 1993 375 1994 333 1284 624 1283 95 1988 778 1954 350 1995 350 1995 778 1954 777 1953 350 1995 777 1953 351 1996 351 1996 777 1953 795 1997 351 1996 795 1997 796 1998 796 1998 795 1997 797 1999 796 1998 797 1999 798 2000 798 2000 797 1999 799 2001 798 2000 799 2001 800 2002 800 2002 799 2001 801 2003 800 2002 801 2003 802 2004 802 2005 801 2003 803 2006 802 2005 803 2006 401 2007 777 1953 804 2008 795 1997 795 1997 804 2008 805 2009 795 1997 805 2009 797 1999 797 1999 805 2009 806 2010 797 1999 806 2010 799 2001 799 2001 806 2010 807 2011 799 2001 807 2011 801 2003 801 2003 807 2011 808 2012 801 2003 808 2012 803 2006 803 2006 808 2012 809 2013 803 2006 809 2013 810 2014 810 2014 809 2013 811 2015 810 2014 811 2015 812 2016 765 1941 764 1940 813 2017 813 2017 764 1940 781 1957 813 2017 781 1957 814 2018 814 2018 781 1957 815 2019 814 2018 815 2019 816 2020 816 2020 815 2019 817 2021 816 2020 817 2021 818 2022 818 2022 817 2021 819 2023 818 2022 819 2023 820 2024 820 2025 819 2023 532 2026 820 2027 532 2028 821 2029 821 2029 532 2028 531 2030 821 2029 531 2030 314 2031 768 1944 770 1946 781 1957 781 1957 770 1946 815 2019 822 2032 823 2033 782 1958 782 1958 823 2033 793 1985 785 1962 786 2034 784 1960 784 1960 786 2034 10 2035 784 1960 10 2035 824 2036 824 2036 10 2035 825 2037 796 1998 404 2038 351 1996 815 2019 770 1946 826 2039 826 2039 770 1946 772 1948 826 2039 772 1948 774 1950 773 1949 771 1947 794 1986 794 1986 771 1947 769 1945 794 1986 769 1945 792 1984 792 1984 769 1945 767 1943 792 1984 767 1943 791 1983 791 1983 767 1943 766 1942 791 1983 766 1942 790 1982 790 1982 766 1942 827 2040 790 1982 827 2040 780 1956 780 1956 827 2040 761 1937 780 1956 761 1937 779 1955 779 1955 761 1937 763 1939 779 1955 763 1939 777 1953 777 1953 763 1939 765 1941 777 1953 765 1941 804 2008 804 2008 765 1941 813 2017 804 2008 813 2017 828 2041 828 2041 813 2017 814 2018 828 2041 814 2018 829 2042 829 2042 814 2018 816 2020 829 2042 816 2020 830 2043 830 2043 816 2020 818 2022 830 2043 818 2022 831 2044 831 2045 818 2046 820 2047 773 1949 794 1986 832 2048 832 2048 794 1986 793 1985 832 2048 793 1985 833 2049 833 2049 793 1985 823 2033 833 2049 823 2033 834 2050 834 2050 823 2033 822 2032 834 2050 822 2032 835 2051 835 2051 822 2032 836 2052 835 2051 836 2052 837 2053 837 2053 836 2052 838 2054 837 2053 838 2054 839 2055 839 2055 838 2054 840 2056 839 2055 840 2056 841 2057 841 2057 840 2056 842 2058 841 2057 842 2058 843 2059 843 2059 842 2058 844 2060 843 2059 844 2060 144 2061 144 2061 844 2060 845 2062 144 2061 845 2062 846 2063 846 2063 845 2062 126 2064 846 2063 126 2064 177 2065 847 2066 848 2067 849 2068 824 2036 825 2069 850 2070 850 2070 825 2069 851 2071 850 2070 851 2071 852 2072 852 2072 851 2071 172 2073 852 2072 172 2073 365 2074 853 2075 263 2076 796 1998 796 1998 263 2076 118 2077 796 1998 118 2077 404 2038 404 2038 118 2077 121 2078 404 2038 121 2078 854 2079 854 2079 121 2078 103 2080 854 2079 103 2080 855 2081 855 2082 103 2083 68 2084 855 2082 68 2084 67 2085 815 2019 826 2039 817 2021 817 2021 826 2039 774 1950 817 2021 774 1950 776 1952 856 2086 775 1951 773 1949 773 1949 832 2048 856 2086 856 2086 832 2048 857 2087 856 2086 857 2087 775 1951 775 1951 857 2087 858 2088 775 1951 858 2088 859 2089 859 2089 858 2088 860 2090 859 2089 860 2090 861 2091 861 2091 860 2090 862 2092 861 2091 862 2092 863 2093 832 2048 833 2049 857 2087 834 2050 835 2051 864 2094 864 2094 835 2051 837 2053 864 2094 837 2053 865 2095 865 2095 837 2053 866 2096 865 2095 866 2096 867 2097 838 2054 836 2052 868 2098 868 2098 836 2052 822 2032 868 2098 822 2032 869 2099 869 2099 822 2032 782 1958 869 2099 782 1958 870 2100 870 2100 782 1958 784 1960 870 2100 784 1960 847 2066 847 2066 784 1960 824 2036 847 2066 824 2036 848 2101 848 2101 824 2036 850 2070 840 2056 838 2054 849 2102 849 2068 838 2054 868 2098 849 2068 868 2098 847 2066 847 2066 868 2098 869 2099 847 2066 869 2099 870 2100 852 2072 871 2103 850 2070 850 2070 871 2103 848 2104 10 2105 12 2106 825 2107 825 2108 12 2109 169 2110 825 2111 169 2112 851 2113 169 2114 172 2073 851 2071 365 2074 681 2115 852 2072 852 2072 681 2115 680 2116 852 2072 680 2116 872 2117 872 2117 680 2116 677 2118 872 2117 677 2118 124 2119 572 2120 637 2121 358 2122 358 2122 637 2121 529 2123 358 2124 529 2125 359 2126 359 2126 529 2125 681 2127 359 2128 681 2129 873 2130 873 2130 681 2131 365 2132 873 2130 365 2132 359 2128 165 2133 736 2134 634 2135 634 2136 736 2137 671 2138 634 2136 671 2138 635 2139 635 2139 671 2138 664 2140 635 2139 664 2140 632 2141 632 2141 664 2140 663 2142 632 2141 663 2142 633 2143 633 2143 663 2142 659 2144 633 2143 659 2144 636 2145 636 2145 659 2144 658 2146 636 2145 658 2146 639 2147 639 2147 658 2146 665 2148 639 2149 665 2150 638 2151 638 2151 665 2150 666 2152 638 2151 666 2152 637 2153 637 2153 666 2152 759 2154 637 2121 759 2155 529 2123 736 2134 165 2133 164 2156 205 2157 681 2127 529 2125 596 2158 256 2159 597 2160 597 2160 256 2159 704 2161 597 2160 704 2161 598 2162 31 2163 726 2164 32 2165 32 2165 726 2164 724 2166 32 2165 724 2166 33 2167 33 2167 724 2166 725 2168 33 2167 725 2168 711 2169 711 2169 725 2168 718 2170 711 2169 718 2170 706 2171 706 2171 718 2170 719 2172 706 2171 719 2172 705 2173 705 2173 719 2172 720 2174 705 2173 720 2174 710 2175 710 2175 720 2174 721 2176 710 2175 721 2176 704 2161 704 2161 721 2176 727 2177 704 2161 727 2177 598 2162 598 2178 727 2179 874 2180 598 2178 874 2180 594 2181 594 2181 874 2180 722 2182 594 2183 722 2184 723 2185 874 2180 727 2186 722 2182 594 2187 723 2188 595 2189 595 2189 723 2188 170 2190 595 2191 170 2192 158 2193 4 2194 681 2127 596 2195 596 2195 681 2127 205 2157 596 2158 205 2196 256 2159 872 2117 124 2197 875 2198 875 2198 124 2197 876 2199 877 2200 125 2201 878 2202 878 2203 125 2204 678 1492 878 2203 678 1492 679 1493 879 2205 880 2206 881 2207 881 2207 880 2206 882 2208 881 2207 882 2208 883 2209 883 2209 882 2208 884 2210 883 2209 884 2210 885 2211 698 2212 111 2213 880 2206 880 2206 111 2213 884 2210 880 2206 884 2210 882 2208 886 2214 110 2215 27 2216 8 2217 27 2218 887 2219 887 2220 27 2216 110 2215 887 2221 110 2222 128 2223 128 2223 110 2222 6 2224 888 2225 889 2226 890 2227 890 2227 889 2226 891 2228 154 2229 156 2230 888 2225 888 2225 156 2230 892 2231 888 2225 892 2231 889 2226 155 2232 893 2233 894 2234 894 2234 893 2233 895 2235 894 2234 895 2235 896 2236 896 2236 895 2235 897 2237 896 2236 897 2237 898 2238 898 2238 897 2237 899 2239 898 2238 899 2239 900 2240 900 2240 899 2239 556 2241 900 2240 556 2241 901 2242 901 2242 556 2241 628 2243 897 2237 895 2235 902 2244 902 2244 895 2235 893 2233 155 2245 154 2246 903 2247 9 2248 474 2249 890 2250 890 2250 474 2249 471 2251 890 2250 471 2251 888 2252 888 2253 471 2254 472 2255 888 2256 472 2257 154 2258 154 2259 472 2260 473 2261 154 2259 473 2261 469 2262 7 2263 9 2248 890 2250 8 2264 474 2249 9 2248 128 2265 127 2266 887 2267 887 2268 127 2269 130 2270 887 2271 130 2272 8 2264 8 2264 130 2272 475 2273 8 2264 475 2273 474 2249 470 2274 904 2275 469 2262 469 2262 904 2275 903 2247 469 2262 903 2247 154 2259 905 2276 245 2277 464 2278 464 2279 245 2280 906 2281 464 2279 906 2281 467 2282 467 2282 906 2281 907 2283 467 2282 907 2283 416 2284 416 2284 907 2283 908 2285 416 2284 908 2285 418 2286 418 2286 908 2285 271 2287 418 2286 271 2287 417 2288 417 2288 271 2287 909 2289 417 2290 909 2291 470 2292 470 2274 909 2293 910 2294 470 2274 910 2294 904 2275 149 2295 148 2296 911 2297 911 2298 148 2299 703 2300 911 2298 703 2300 71 2301 71 2302 703 2303 702 2304 71 2302 702 2304 159 2305 159 2306 702 2307 709 2308 709 2308 272 2309 159 2306 159 2306 272 2309 476 2310 159 2306 476 2310 912 2311 912 2311 476 2310 477 2312 912 2313 477 2314 913 2315 272 2309 321 2316 476 2310 476 2317 321 2318 483 2319 913 2315 477 2320 914 2321 914 2321 477 2320 915 2322 914 2321 915 2322 6 2323 6 2324 915 2325 131 2326 6 2327 131 2328 127 2329 915 2322 477 2320 131 2330 912 2313 913 2315 1 2331 1 2331 913 2315 914 2321 1 2332 914 2333 6 2334 912 2313 1 2331 0 2335 159 2336 912 2337 157 2338 157 2338 912 2337 0 2339 911 2297 71 2340 520 2341 520 2341 916 2342 911 2297 911 2297 916 2342 465 2343 911 2297 465 2343 149 2295 149 2344 465 2345 466 2346 520 2347 522 2348 916 2342 916 2342 522 2348 905 2276 916 2342 905 2276 465 2343 465 2343 905 2276 464 2278 522 2349 523 2350 905 2351 905 2351 523 2350 245 2352 917 2353 918 2354 524 847 524 2355 918 2356 919 2357 524 2358 919 2359 523 2360 523 2360 919 2359 246 2361 523 2360 246 2361 245 2362 521 849 920 2363 524 847 524 847 920 2363 917 2353 71 2364 70 2365 520 2366 520 2366 70 2365 55 2367 520 2366 55 2367 521 2368 521 849 55 2369 921 2370 521 849 921 2370 920 2363 921 2370 55 2369 922 2371 923 2372 918 2373 924 2374 924 2375 918 2376 917 2377 923 2378 246 2379 918 2356 918 2356 246 2379 919 2357 925 2380 926 2381 923 2382 923 2383 926 2384 244 2385 923 2378 244 2386 246 2379 925 2380 923 2382 927 2387 927 2387 923 2382 924 2388 928 2389 926 2381 929 2390 929 2390 926 2381 925 2380 732 2391 930 2392 931 2393 931 2393 930 2392 932 2394 930 2392 271 410 908 2395 271 410 930 2392 99 408 99 408 930 2392 732 2391 99 2396 732 1676 100 1678 249 407 270 406 908 2397 908 2395 270 2398 926 2381 908 2395 926 2381 930 2392 930 2392 926 2381 928 2389 930 2392 928 2389 932 2394 926 2381 270 2398 244 2399 906 2281 245 2280 907 2283 907 2283 245 2280 249 2400 907 2283 249 2400 908 2401 101 2402 909 2403 271 2404 101 2405 102 2406 904 2275 904 2275 102 2406 933 2407 904 2275 933 2407 903 2247 903 2247 933 2407 934 2408 903 2247 934 2408 155 2245 155 2245 934 2408 935 2409 155 2245 935 2409 902 2244 909 2410 101 2411 910 2412 910 2413 101 2405 904 2275 933 2407 102 2406 936 2414 936 2415 102 152 106 151 936 2415 106 151 731 2416 933 2407 936 2414 934 2408 934 2408 936 2414 731 2417 934 2408 731 2417 935 2409 937 2418 91 2419 938 2420 938 2420 91 2419 899 2239 749 2421 750 2422 937 2418 937 2418 750 2422 752 2423 937 2418 752 2423 91 2419 751 2424 752 2423 750 2422 91 2419 93 2425 899 2239 899 2239 93 2425 555 2426 899 2239 555 2426 556 2241 606 2427 616 2428 628 2429 628 2243 616 2430 939 2431 628 2243 939 2431 901 2242 901 2242 939 2431 940 2432 901 2242 940 2432 941 2433 941 2433 940 2432 942 2434 941 2433 942 2434 943 2435 943 2436 942 2437 944 2438 109 2439 939 2431 616 2430 940 2440 944 2438 942 2437 945 2441 943 2442 946 2443 946 2444 943 2445 947 2446 946 2447 947 2448 948 2449 948 2449 947 2448 949 2450 948 2451 949 2452 950 2453 946 2443 951 2454 952 2455 952 2455 951 2454 896 2236 952 2455 896 2236 898 2238 948 2456 953 2457 946 2458 946 2459 953 2460 954 2461 946 2462 954 2461 955 2463 953 2460 956 2464 954 2461 954 2461 956 2464 957 2465 954 2461 957 2465 955 2463 953 2460 958 2466 956 2464 956 2464 958 2466 959 2467 956 2464 959 2467 957 2465 957 2465 959 2467 896 2236 957 2465 896 2236 955 2463 955 2463 896 2236 951 2454 955 2463 951 2454 946 2462 960 2468 958 2466 953 2460 953 2460 948 2469 961 2470 961 2470 948 2469 950 2471 949 2472 962 2473 950 2474 950 2474 962 2473 963 2475 950 2474 963 2475 961 2470 961 2470 963 2475 964 2476 961 2470 964 2476 953 2460 939 2477 965 2478 940 2479 940 2479 965 2478 966 2480 940 2481 966 2480 944 2482 944 2482 966 2480 967 2483 944 2482 967 2483 943 2484 109 2485 965 2478 939 2477 968 2486 966 2480 965 2478 107 2487 968 2486 108 2488 108 2488 968 2486 965 2478 108 2488 965 2478 109 2489 969 2490 970 2491 107 2492 107 2492 970 2491 968 2486 855 2493 969 2494 174 2495 174 2496 969 2490 107 2492 174 2496 107 2492 109 2497 174 2498 854 2499 855 2500 969 2490 855 2501 970 2491 970 2491 855 2501 971 2502 970 2491 971 2502 972 2503 972 2503 971 2502 973 2504 972 2505 973 2506 974 2507 974 2508 973 2509 975 2510 974 2511 975 2512 976 2513 974 2514 977 2515 978 2516 978 2516 977 2515 592 2517 978 2516 592 2517 591 2518 976 2519 977 2520 974 2521 591 2522 515 2523 593 2524 428 655 979 2525 160 653 160 653 979 2525 112 2526 428 655 980 2527 979 2525 979 2525 980 2527 967 2483 979 2525 967 2483 112 2526 112 2526 967 2483 966 2480 112 2526 966 2480 593 2528 593 2528 966 2480 968 2486 593 2528 968 2486 591 2529 591 2529 968 2486 970 2491 591 2529 970 2491 978 2530 978 2530 970 2491 972 2531 978 2530 972 2531 974 2532 981 2533 964 2476 426 2534 426 2535 964 2476 963 2475 426 657 963 2475 428 655 428 655 963 2475 962 2473 428 655 962 2473 980 2527 980 2527 962 2473 949 2472 980 2527 949 2472 967 2483 967 2536 949 2537 947 2538 967 2536 947 2538 943 2539 981 2533 426 2534 982 2540 982 2540 426 2534 235 2541 982 2540 235 2542 237 2543 236 2544 983 2545 237 2543 236 2544 984 2546 983 2545 983 2545 984 2546 985 2547 983 2545 985 2547 760 2548 180 2549 984 2546 236 2544 180 2550 986 2551 984 2546 984 2546 986 2551 987 2552 984 2546 987 2552 985 2547 180 2550 988 2553 986 2551 986 2554 988 2555 989 2556 986 2557 989 2558 987 2559 988 2553 180 2550 167 2560 990 2561 991 2562 992 2563 992 2563 991 2562 993 2564 992 2563 993 2564 994 2565 991 2562 995 2566 993 2564 167 2567 113 2568 991 2569 991 2562 113 2570 517 2571 991 2562 517 2571 995 2566 995 2566 517 2571 23 2572 995 2566 23 2572 22 2573 996 2574 514 2575 997 2576 997 2576 514 2575 513 2577 855 2578 46 2579 971 2580 971 2580 46 2579 25 2581 971 2580 25 2581 973 2582 973 2582 25 2581 998 2583 973 2582 998 2583 975 2584 975 2584 998 2583 999 2585 975 2584 999 2585 976 2586 976 2586 999 2585 1000 2587 976 2586 1000 2587 977 2588 977 2588 1000 2587 1001 2589 977 2588 1001 2589 592 2590 592 2590 1001 2589 1002 2591 592 2590 1002 2591 513 2592 513 2577 1002 2593 1003 2594 513 2577 1003 2594 997 2576 103 2080 121 2078 45 2595 45 2595 121 2078 46 2596 26 2597 46 2596 121 2078 77 2598 121 2078 118 2077 90 2599 118 2077 263 2076 182 2600 263 2076 214 2601 214 2601 263 2076 1004 2602 1004 2602 263 2076 853 2075 1005 2603 798 2000 853 2075 853 2075 798 2000 800 2002 853 2075 800 2002 1004 2602 1004 2602 800 2002 802 2604 1004 2602 802 2605 214 2601 214 2606 802 2607 401 2608 214 2609 401 2610 183 2611 1006 2612 1007 2613 1008 2614 1008 2614 1007 2613 1009 2615 1008 2614 1009 2615 1010 2616 1007 2613 1011 2617 1009 2615 1012 2618 1013 2619 1014 2620 1014 2620 1013 2619 1015 2621 1013 2619 1016 2622 1015 2621 1017 2623 1018 2624 829 2042 829 2042 1018 2624 1019 2625 829 2042 1019 2625 828 2041 828 2041 1019 2625 1020 2626 828 2041 1020 2626 804 2008 804 2008 1020 2626 1021 2627 804 2008 1021 2627 805 2009 775 1951 859 2089 1022 2628 1022 2628 859 2089 1023 2629 1022 2628 1023 2629 1024 2630 1024 2630 1023 2629 861 2091 1024 2630 861 2091 863 2631 1025 2632 1026 2633 867 2097 867 2097 1026 2633 865 2095 865 2095 1026 2633 864 2094 864 2094 1026 2633 834 2050 837 2053 839 2055 866 2096 840 2056 849 2634 842 2058 875 2198 876 2199 848 2635 848 2635 876 2199 849 2636 848 2635 871 2103 875 2198 875 2198 871 2103 852 2072 875 2198 852 2072 872 2117 1027 2637 1028 2638 876 2199 845 2062 844 2060 1029 2639 1029 2639 844 2060 842 2058 843 2059 144 2061 15 2640 15 2640 144 2061 28 2641 15 2640 28 2641 13 2642 28 2641 144 2061 16 2643 16 2643 144 2061 143 2644 145 2645 144 2061 1030 2646 1030 2646 144 2061 846 2063 1030 2646 846 2063 1031 2647 1031 2647 846 2063 177 2648 1031 2647 177 2648 153 2649 153 2650 177 2651 123 2652 153 2650 123 2652 1032 2653 1032 2653 123 2652 125 2654 1032 2655 125 2656 879 2205 879 2205 125 2201 877 2200 879 2205 877 2200 880 2206 880 2206 877 2200 878 2202 880 2206 878 2202 698 2657 698 2657 878 2202 679 2658 698 2659 679 2660 3 8 3 8 679 2660 5 9 1030 2646 581 2661 145 2645 145 2645 581 2661 322 2662 145 2645 322 2662 20 2663 20 2663 322 2662 324 2664 20 2663 324 2664 14 2665 14 2665 324 2664 1033 2666 14 2665 1033 2666 15 2667 760 2548 581 2661 983 2545 983 2545 581 2661 1030 2646 983 2545 1030 2646 237 2543 237 2543 1030 2646 1034 2668 237 2543 1034 2668 982 2540 982 2540 1034 2668 1035 2669 982 2540 1035 2669 981 2533 981 2533 1035 2669 1036 2670 981 2533 1036 2670 964 2476 964 2476 1036 2670 1037 2671 964 2476 1037 2671 953 2460 953 2460 1037 2671 1038 2672 953 2460 1038 2672 960 2468 989 2673 988 2674 990 2561 990 2561 988 2674 167 2675 990 2676 167 2677 991 2678 992 2563 989 2673 990 2561 995 2566 22 2573 996 2574 996 2574 22 2573 539 2679 996 2574 539 2679 514 2575 514 2575 539 2679 540 2680 514 2575 540 2680 1039 2681 1039 2681 540 2680 631 2682 1039 2681 631 2682 517 2571 517 2571 631 2682 23 2572 1040 2683 1001 2589 1000 2587 47 2684 46 2579 67 2685 67 2685 46 2579 855 2578 1006 2612 1041 2686 1042 2687 1042 2687 1041 2686 1043 2688 1042 2687 1043 2688 1044 2689 1044 2689 1043 2688 1045 2690 1006 2612 1008 2614 1041 2686 1041 2686 1008 2614 1010 2616 1041 2686 1010 2616 1043 2688 1043 2688 1010 2616 1046 2691 1014 2620 1047 2692 1048 2693 1048 2693 1047 2692 1049 2694 1048 2693 1049 2694 1050 2695 1050 2695 1049 2694 1051 2696 1050 2695 1051 2696 1052 2697 1053 2698 1054 2699 831 2044 831 2044 1054 2699 830 2043 1024 2630 819 2023 1022 2628 1022 2628 819 2023 817 2021 1022 2628 817 2021 776 1952 1023 2629 859 2089 861 2091 860 2090 858 2088 1025 2632 1025 2632 858 2088 857 2087 1025 2632 857 2087 1026 2633 1026 2633 857 2087 833 2049 1026 2633 833 2049 834 2050 860 2090 1025 2632 1055 2700 1055 2700 1025 2632 867 2097 1055 2700 867 2097 1056 2701 1056 2701 867 2097 866 2096 1056 2701 866 2096 1033 2666 1033 2666 866 2096 839 2055 1033 2666 839 2055 15 2667 15 2667 839 2055 841 2057 15 2702 841 2057 843 2059 842 2058 849 2636 1029 2639 1029 2639 849 2636 1028 2638 1029 2639 1028 2638 845 2062 845 2062 1028 2638 1027 2637 845 2062 1027 2637 1057 2703 1057 2703 1027 2637 876 2199 1057 2703 876 2199 1058 2704 1058 2704 876 2199 124 2197 1058 2704 124 2197 1057 2703 1057 2705 124 2706 126 2707 1057 2703 126 2064 845 2062 876 2199 1028 2638 849 2636 760 2708 985 2709 580 2710 580 2711 985 2712 1059 2713 580 2711 1059 2713 346 2714 346 2715 1059 2713 1060 2716 346 2715 1060 2716 1061 2717 987 2718 989 2719 994 2720 994 2721 989 2722 992 2723 993 2724 1062 2725 994 2726 994 2726 1062 2725 1063 2727 994 2726 1063 2727 987 2728 987 2729 1063 2727 1064 2730 987 2731 1064 2732 985 2733 985 2712 1064 2730 1059 2713 993 2724 995 2734 1062 2725 1062 2725 995 2734 228 2735 1062 2725 228 2735 1065 2736 1065 2736 228 2735 188 2737 1065 2736 188 2737 193 2738 997 2739 995 2734 996 2740 1066 2741 1040 2742 998 2743 998 2743 1040 2742 999 2744 1000 2745 999 2744 1040 2742 998 2743 25 2746 1066 2741 1066 2741 25 2746 24 2747 1066 2741 24 2747 1040 2742 26 2748 76 2749 24 2747 24 2747 76 2749 1003 2750 24 2747 1003 2750 1040 2742 1040 2742 1003 2750 1002 2751 1040 2742 1002 2751 1001 2752 90 2753 269 2754 89 2755 182 2756 181 2757 269 2754 269 2754 181 2757 1003 2750 269 2754 1003 2750 89 2755 89 2755 1003 2750 76 2749 89 2755 76 2749 77 2758 183 2759 400 2760 181 2757 181 2757 400 2760 995 2734 181 2757 995 2734 1003 2750 1003 2750 995 2734 997 2739 189 2761 228 2735 400 2760 400 2760 228 2735 995 2734 193 2738 422 2762 421 2763 193 2738 187 2764 422 2762 422 2762 187 2764 403 2765 422 2762 403 2765 425 2766 425 2766 403 2765 810 2014 810 2014 403 2765 401 2767 810 2014 401 2767 803 2006 189 2768 401 2769 403 2770 808 2012 1067 2771 809 2013 809 2013 1067 2771 1068 2772 809 2013 1068 2772 1069 2773 1046 2691 1010 2616 1070 2774 1070 2774 1010 2616 1009 2615 1070 2774 1009 2615 1071 2775 1071 2775 1009 2615 1011 2617 1071 2775 1011 2617 1013 2619 1072 2776 1050 2695 1073 2777 1073 2777 1050 2695 1052 2697 1073 2777 1052 2697 1074 2778 1051 2696 1049 2694 1075 2779 1075 2779 1049 2694 1076 2780 1075 2779 1076 2780 1077 2781 1047 2692 1076 2780 1049 2694 1078 2782 1079 2783 1080 2784 1080 2784 1079 2783 1017 2623 455 2785 532 2026 1081 2786 1081 2786 532 2026 1082 2787 1081 2786 1082 2787 1083 2788 1083 2788 1082 2787 1084 2789 1083 2788 1084 2789 1085 2790 1085 2790 1084 2789 741 1775 1085 2790 741 1775 1086 2791 1086 2791 741 1775 743 1777 1086 2791 743 2792 1087 2793 1087 2793 743 2792 1088 2794 1087 2795 1088 2796 259 2797 259 2798 1088 2799 1089 2800 1090 2801 1082 2787 1091 2802 1091 2802 1082 2787 532 2026 1091 2802 532 2026 1092 2803 1092 2803 532 2026 819 2023 1092 2803 819 2023 1091 2802 1091 2802 819 2023 1024 2630 1091 2802 1024 2630 1093 2804 1093 2804 1024 2630 863 2631 1093 2804 863 2631 1094 2805 735 2806 675 2807 1033 2666 1033 2666 675 2807 79 2808 1033 2666 79 2808 1056 2701 1056 2701 79 2808 402 2809 1056 2701 402 2809 1055 2700 1055 2700 402 2809 862 2092 1055 2700 862 2092 860 2090 735 2806 1033 2666 1061 2717 1061 2717 1033 2666 324 2664 1061 2717 324 2664 346 2715 1095 2810 1096 2811 1097 2812 1063 2727 1098 2813 1064 2730 1063 2727 1062 2725 1065 2736 811 2015 809 2013 1069 2773 1099 2814 1100 2815 1101 2816 1101 2816 1100 2815 1102 2817 1101 2818 1102 2817 1103 2819 1103 2819 1102 2817 1104 2820 1103 2819 1104 2820 1072 2776 1072 2776 1104 2820 1048 2693 1072 2776 1048 2693 1050 2695 1105 2821 1106 2822 1107 2823 1108 2824 1109 2825 1110 2826 242 2827 609 2828 1109 2825 1109 2825 609 2828 1105 2829 1109 2825 1105 2830 1110 2826 1110 2826 1105 2831 1107 2832 1110 2826 1107 2832 1108 2824 1106 2822 1105 2833 1111 2834 1111 2835 1105 2836 1112 2837 1111 2835 1112 2837 484 2838 484 2839 1112 2840 247 2841 247 2842 1112 2843 609 2844 609 2845 1112 2837 1105 2836 484 2846 1113 2847 1111 2834 1111 2834 1113 2847 1114 2848 1111 2834 1114 2848 1106 2822 1106 2822 1114 2848 1115 2849 1106 2822 1115 2849 1107 2823 1107 2832 1115 2850 1103 2819 1107 2832 1103 2819 1108 2824 1108 2824 1103 2819 1072 2776 1108 2824 1072 2776 1109 2825 1109 2825 1072 2776 1073 2777 1109 2825 1073 2777 1116 2851 484 2852 486 2853 1113 2854 1113 2855 486 2856 747 2857 1113 2847 747 2858 1117 2859 1113 2847 1117 2859 1114 2848 1114 2848 1117 2859 1118 2860 1114 2848 1118 2860 1119 2861 1109 2825 1116 2851 242 2827 242 2827 1116 2851 1120 2862 242 2863 1120 2864 198 2865 198 2865 1120 2864 602 2866 198 2865 602 2866 196 2867 1073 2777 1074 2778 1116 2868 1116 2869 1074 2870 1121 2871 1116 2869 1121 2871 1120 2872 1120 2872 1121 2871 1122 2873 1120 2874 1122 2875 602 2876 602 2877 1122 2878 186 2879 1077 2781 1123 2880 1075 2779 1075 2779 1123 2880 1124 2881 1075 2779 1124 2882 1051 2696 742 1776 741 1775 1090 2883 745 2884 744 2885 1125 2886 1125 2886 744 2885 742 2887 1125 2888 742 2889 1093 2804 1093 2804 742 2889 1090 2890 1093 2804 1090 2890 1091 2802 1125 2891 264 2892 745 2893 1094 2805 1125 2888 1093 2804 863 2894 862 2092 1126 2895 1126 2895 862 2092 402 2809 79 2808 78 2896 402 2809 80 2897 79 2808 675 2807 1045 2690 1127 2898 1096 2811 1096 2811 1127 2898 1128 2899 1096 2811 1128 2899 1097 2812 1097 2812 1128 2899 1129 2900 1097 2812 1129 2900 1130 2901 1131 2902 1132 2903 1133 2904 1133 2904 1132 2903 1134 2905 1133 2904 1134 2905 1135 2906 1135 2906 1134 2905 1136 2907 1132 2903 1137 2908 1134 2905 1138 2909 1139 2910 1099 2814 1099 2814 1139 2910 1046 2691 1099 2814 1046 2691 1100 2815 1100 2815 1046 2691 1070 2774 1100 2815 1070 2774 1102 2817 1102 2817 1070 2774 1071 2775 1102 2817 1071 2775 1104 2820 1104 2820 1071 2775 1013 2619 1104 2820 1013 2619 1048 2693 1048 2693 1013 2619 1012 2618 1099 2814 1140 2911 1138 2909 1138 2909 1140 2911 1137 2908 1138 2909 1137 2908 1139 2910 1139 2910 1137 2908 1132 2903 1139 2910 1132 2903 1046 2691 1046 2691 1132 2903 1131 2902 1046 2691 1131 2902 1043 2688 1043 2688 1131 2902 1133 2904 1043 2688 1133 2904 1045 2690 1045 2690 1133 2904 1135 2906 1045 2690 1135 2906 1127 2898 1127 2898 1135 2906 1141 2912 1127 2898 1141 2912 1128 2899 1128 2899 1141 2912 1142 2913 1128 2899 1142 2913 1129 2900 1129 2900 1142 2913 49 2914 1129 2900 49 2914 1130 2901 1130 2901 49 2914 51 2915 1130 2901 51 2915 179 2916 1099 2814 1101 2917 1140 2911 1140 2911 1101 2917 1143 2918 1143 2919 1101 2920 1115 2921 1143 2918 1115 2922 1114 2923 1115 2921 1101 2920 1103 2924 1144 2925 1114 2923 1119 2926 1145 2927 1140 2911 1144 2925 1144 2925 1140 2911 1143 2918 1144 2925 1143 2918 1114 2923 1144 2925 1119 2928 1145 2927 1145 2927 1119 2928 747 2929 1119 2930 1118 2931 747 2932 747 2858 1118 2860 1117 2859 355 2933 1146 2934 356 2935 356 2936 1146 2937 1140 2911 356 2936 1140 2911 354 2938 354 2938 1140 2911 1145 2927 354 2939 1145 2940 1147 2941 1147 2941 1145 2940 747 2942 1146 2937 1148 2943 1140 2911 1140 2911 1148 2943 1137 2908 747 2944 748 2945 1149 2946 1149 2947 748 2948 319 2949 1149 2947 319 2949 355 2950 355 2951 319 2952 1150 2953 355 2954 1150 2955 1146 2937 1146 2937 1150 2955 1151 2956 1146 2937 1151 2956 1148 2943 1148 2943 1151 2957 1152 2958 1148 2943 1152 2958 1153 2959 355 2960 354 2961 1149 2962 1149 2946 354 2963 1147 2964 1149 2946 1147 2964 747 2944 1154 2965 318 2966 1155 2967 318 2966 489 2968 1155 2967 1155 2967 489 2968 1156 2969 1155 2967 1156 2969 1154 2965 1154 2965 1156 2969 1151 2970 1154 2971 1151 2972 318 2973 318 2974 1151 2956 1150 2955 318 2975 1150 2976 319 2977 489 2968 1157 2978 1156 2969 1152 2979 1151 2970 1158 2980 1158 2980 1151 2970 1156 2969 1158 2980 1156 2969 1157 2981 489 2982 490 2983 1157 2984 1157 2985 490 2986 1159 2987 1157 2988 1159 2989 1158 2980 1158 2980 1159 2989 1160 2990 1158 2980 1160 2990 1152 2979 1152 2979 1160 2990 1161 2991 1152 2958 1161 2992 1153 2959 1153 2959 1161 2992 1162 2993 1153 2959 1162 2993 1163 2994 1163 2994 1162 2993 1164 2995 1163 2994 1164 2995 1165 2996 1165 2996 1164 2995 1166 2997 1165 2996 1166 2997 1167 2998 1167 2998 1166 2997 1168 2999 1167 2998 1168 2999 1169 3000 1161 3001 1159 3002 1162 3003 1162 3004 1159 2987 490 2986 1162 3005 490 3006 491 3007 1159 2989 1161 2991 1160 2990 491 3008 1166 2997 1170 3009 1170 3009 1166 2997 1164 2995 1170 3009 1164 2995 1162 2993 1162 3010 491 3008 1170 3009 1168 3011 1166 2997 341 3012 341 3012 1166 2997 491 3008 341 3013 491 3014 337 3015 1171 3016 1165 2996 1167 2998 377 3017 1172 3018 587 3019 587 3019 1172 3018 1169 3020 587 3019 1169 3020 584 3021 584 3021 1169 3020 1173 3022 584 3021 1173 3022 583 3023 583 3023 1173 3022 410 3024 583 3023 410 3024 340 3025 1172 3018 1167 3026 1169 3020 341 3027 410 3028 1168 3029 1168 3030 410 3024 1173 3022 1168 3031 1173 3032 1169 3033 337 3034 336 3035 340 3036 340 3025 336 3037 583 3023 377 3017 587 3019 586 3038 458 3039 586 3040 589 3041 199 3042 220 3043 200 3044 432 3045 200 3046 196 3047 196 3048 200 3044 220 3043 196 3048 220 3043 197 3049 433 3050 432 3051 196 3052 225 3053 1174 3054 226 3055 226 3056 1174 3054 199 3057 226 3056 199 3057 454 3058 1174 3054 225 3053 224 3059 253 3060 458 3039 615 3061 615 3061 458 3039 589 3041 615 3062 589 3063 224 3059 224 3059 589 3063 588 3064 224 3059 588 3064 1174 3054 1174 3054 588 3064 590 3065 1174 3054 590 3065 199 3057 199 3057 590 3065 585 3066 199 3042 585 3067 220 3043 576 3068 377 3017 625 3069 625 3069 377 3017 586 3038 625 3070 586 3040 342 3071 342 3071 586 3040 458 3039 342 3071 458 3039 347 3072 347 3072 458 3039 377 3073 347 3074 377 3017 576 3068 398 3075 1175 3076 379 3077 379 3077 1175 3076 1172 3018 379 3077 1172 3018 377 3017 1176 3078 1171 3079 1175 3080 1175 3076 1171 3081 1167 3082 1175 3076 1167 3082 1172 3018 1175 3080 398 3083 1176 3078 1176 3084 398 3085 1177 3086 1176 3084 1177 3086 1178 3087 35 3088 1177 3086 37 3089 37 3089 1177 3086 380 3090 397 3091 414 3092 1177 3086 1177 3086 414 3092 629 3093 1177 3086 629 3093 380 3090 380 3090 629 3093 582 3094 397 3091 1177 3086 398 3085 379 615 405 614 398 3095 398 3096 405 3097 1179 3098 398 3096 1179 3098 399 3099 399 3100 1179 3101 1180 3102 399 3100 1180 3102 397 3091 1181 3103 378 3104 1182 3105 1182 3105 378 3104 1183 3106 1184 3107 1121 3108 281 3109 281 3109 1121 3108 282 3110 1184 3107 436 3111 1121 3108 1121 3108 436 3111 435 3112 1121 3108 435 3112 1122 3113 1122 3114 435 3115 184 3116 1122 3117 184 3118 186 3119 267 3120 612 3121 281 3122 281 3122 612 3121 738 3123 281 3124 738 3125 1184 3126 1184 3126 738 3125 599 3127 1184 3126 599 3127 436 3128 267 3129 255 3130 612 3131 191 3132 738 3133 612 3134 1074 3135 1183 3106 1121 3108 1121 3108 1183 3106 378 3104 1121 3108 378 3104 282 3110 1183 3136 1185 3137 1182 3138 1182 3138 1185 3137 754 3139 1182 3105 754 3140 1181 3103 1181 3103 754 3140 753 3141 1186 3142 753 3143 1187 3144 1188 3145 1189 3146 1190 3147 1190 3147 1189 3146 739 3148 1190 3147 739 3149 740 3150 1188 3145 756 3151 1189 3146 1189 3146 756 3151 1191 3152 1189 3146 1191 3152 739 3153 1074 3154 1052 3155 1183 3156 1183 3157 1052 3158 1192 3159 1183 3136 1192 3159 1185 3137 1185 3137 1192 3159 1124 3160 1185 3137 1124 3161 754 3139 754 3162 1124 3163 1193 3164 754 3162 1193 3164 756 3151 756 3151 1193 3164 1194 3165 756 3151 1194 3165 1191 3152 1191 3152 1194 3165 295 3166 1191 3167 295 3168 739 3169 1052 3158 1051 3170 1192 3159 1192 3159 1051 3170 1124 3160 1193 3164 1195 3171 1194 3165 1194 3165 1195 3171 1196 3172 295 3173 1194 3165 1197 3174 1197 3174 1194 3165 1196 3172 1197 3174 1196 3172 1078 3175 1198 3176 1199 3177 740 3150 740 3150 1199 3177 1200 3178 740 3150 1200 3178 1190 3147 740 1762 302 1761 1198 3179 1198 3180 302 3181 301 3182 299 3183 1201 3184 301 3185 301 3186 1201 3187 1202 3188 301 3189 1202 3190 1198 3191 299 3192 212 3193 1201 3194 1201 3187 212 3195 211 3196 1201 3187 211 3196 1202 3188 1202 3188 211 3196 1203 3197 1202 3188 1203 3197 1198 3198 1198 3199 1203 3197 1204 3200 1198 3201 1204 3200 1199 3177 1199 3177 1204 3200 1205 3202 1199 3177 1205 3202 1200 3178 1200 3178 1205 3202 1186 3142 1200 3178 1186 3142 1190 3147 1190 3147 1186 3142 1187 3144 1190 3147 1187 3144 1188 3145 1188 3145 1187 3144 753 3203 1188 3204 753 3205 755 3206 303 3207 1206 3208 298 3209 298 3210 1206 3211 212 323 298 3210 212 323 299 3212 1207 3213 1208 3214 1094 3215 1094 3215 1208 3214 1209 3216 1094 3215 1209 3216 1125 3217 1094 3215 863 3218 1207 3213 1207 3213 863 3218 1126 2895 1207 3213 1126 2895 1210 3219 1210 3219 1126 2895 402 2809 1210 3219 402 2809 395 3220 1210 3219 1203 3197 1207 3213 1207 3213 1203 3197 211 3196 1207 3213 211 3196 1208 3214 1208 3214 211 3196 213 3221 1208 3214 213 3222 1209 3216 38 3223 582 3094 1210 3219 1210 3219 582 3094 629 3093 1210 3219 629 3093 339 3224 1210 3219 395 3220 38 3225 38 3226 395 3227 35 3228 35 3228 395 3227 50 3229 35 3088 50 3230 1177 3086 1177 3086 50 3230 49 2914 1177 3086 49 2914 1178 3087 1178 3087 49 2914 1142 2913 1178 3087 1142 2913 1136 2907 1136 2907 1142 2913 1141 2912 1136 2907 1141 2912 1135 2906 629 3093 414 3092 420 3231 412 3232 414 3092 1211 3233 1211 3233 414 3092 397 3091 1211 3233 397 3091 1186 3142 1186 3142 397 3091 1180 3102 1186 3142 1180 3102 753 3143 753 3143 1180 3102 1179 3234 753 3235 1179 3236 1181 3103 1181 3103 1179 3236 405 3237 1181 3103 405 3237 378 3104 1211 3233 1186 3142 412 3232 412 3232 1186 3142 327 3238 327 3239 1186 3142 1205 3202 327 3240 1205 3202 328 3241 328 3241 1205 3202 1210 3219 328 3241 1210 3219 339 3224 1204 3200 1203 3197 1205 3202 1205 3202 1203 3197 1210 3219 1134 2905 1212 3242 1136 2907 1136 2907 1212 3243 1178 3087 1148 2943 1213 3244 1137 2908 1137 2908 1213 3244 1212 3245 1137 2908 1212 3246 1134 2905 1163 2994 1213 3244 1153 2959 1153 2959 1213 3244 1148 2943 1178 3087 1212 3247 1176 3084 1212 3245 1213 3244 1171 3248 1171 3248 1213 3244 1163 2994 1171 3248 1163 2994 1165 2996 1212 3249 1171 3250 1176 3251 511 3252 812 2016 1214 3253 1214 3253 812 2016 811 2015 1214 3253 811 2015 1095 2810 1095 2810 811 2015 1069 2773 1095 2810 1069 2773 1096 2811 1096 2811 1069 2773 1068 2772 1096 2811 1068 2772 1045 2690 1045 2690 1068 2772 1067 2771 1045 2690 1067 2771 1044 2689 1044 2689 1067 2771 808 2012 1044 2689 808 2012 1042 2687 1042 2687 808 2012 807 2011 1042 2687 807 2011 1006 2612 1006 2612 807 2011 806 2010 1006 2612 806 2010 1007 2613 1007 2613 806 2010 805 2009 1007 2613 805 2009 1011 2617 1011 2617 805 2009 1021 2627 1011 2617 1021 2627 1013 2619 1013 2619 1021 2627 1020 2626 1013 2619 1020 2626 1016 2622 1016 2622 1020 2626 1019 2625 1016 2622 1019 2625 1015 2621 1015 2621 1019 2625 1018 2624 1015 2621 1018 2624 1014 2620 1014 2620 1018 2624 1017 2623 1014 2620 1017 2623 1047 2692 1047 2692 1017 2623 1079 2783 1047 2692 1079 2783 1076 2780 1076 2780 1079 2783 1078 2782 1076 2780 1078 2782 1077 2781 1077 2781 1078 3254 1196 3172 1077 2781 1196 3172 1123 2880 1123 2880 1196 3172 1195 3171 1123 2880 1195 3171 1124 3163 1124 3163 1195 3171 1193 3164 408 3255 511 3252 1098 2813 1098 2813 511 3252 1214 3253 1098 2813 1214 3253 1064 2730 1064 2730 1214 3253 1095 2810 1064 2730 1095 2810 1059 2713 1059 2713 1095 2810 1097 2812 1059 2713 1097 2812 1060 2716 1060 2716 1097 2812 1130 2901 1060 2716 1130 2901 1061 2717 1061 2717 1130 2901 179 3256 1061 2717 179 3256 735 2806 408 3255 1098 2813 239 3257 239 3257 1098 2813 1063 2727 239 3257 1063 2727 421 2763 421 2763 1063 2727 1065 2736 421 2763 1065 2736 193 2738 510 3258 512 3259 1215 3260 1215 3260 512 3259 425 3261 511 3262 510 3258 812 2016 812 2016 510 3258 1215 3260 812 2016 1215 3260 810 2014 810 2014 1215 3260 425 2766 1083 2788 1216 3263 1081 2786 1082 2787 1217 545 1084 2789 1084 2789 1217 545 1090 3264 1084 2789 1090 3265 741 1775 1088 3266 743 3267 745 3268 1083 2788 1085 2790 1087 2793 1087 2793 1085 2790 1086 2791 1087 2793 259 3269 1083 2788 1083 2788 259 3269 258 3270 1083 2788 258 3270 1216 3263 1216 3271 258 3272 455 3273 1216 3263 455 3274 1081 2786 308 3275 310 3276 314 3277 309 3278 820 3279 310 3280 310 3281 820 3282 821 3283 310 3276 821 3284 314 3277 831 3285 820 3286 309 3287 1218 3288 1078 3289 306 3290 306 3291 1078 2782 1080 2784 306 3291 1080 2784 1053 2698 1053 2698 1080 2784 1017 2623 1053 2698 1017 2623 1054 2699 1054 2699 1017 2623 829 2042 1054 2699 829 2042 830 2043 306 3290 293 3292 1218 3288 293 3293 295 3294 1218 3295 1218 3288 295 3296 1197 3297 1218 3288 1197 3297 1078 3289 305 3298 1219 3299 304 3300 308 3301 1220 3302 1221 3303 1221 3303 1220 3302 1219 3304 1221 3303 1219 3304 1053 2698 1053 2698 1219 3304 305 3305 1053 2698 305 3305 306 3291 308 3301 1221 3303 309 3306 309 3306 1221 3303 1053 2698 309 3306 1053 2698 831 3307 746 3308 1220 3309 308 3310 275 3311 277 3312 746 3313 746 3314 277 3315 1222 3316 746 3317 1222 3318 1220 3302 1220 3302 1222 3318 1223 3319 1220 3302 1223 3319 1219 3304 1219 3304 1223 3319 496 3320 1219 3304 496 3320 304 3321 304 3321 496 3320 495 3322 304 3321 495 3322 1224 3323 1224 3323 495 3322 494 3324 1224 3323 494 3324 1225 3325 1225 3325 494 3324 493 3326 1225 3325 493 3326 1226 3327 1226 3327 493 3326 285 3328 1226 3327 285 3328 284 3329 499 3330 498 3331 277 3332 277 3332 498 3331 497 3333 277 3334 497 3335 1222 3318 1222 3318 497 3335 496 3320 1222 3318 496 3320 1223 3319 277 3336 276 3337 499 3338 499 3339 276 3340 504 3341 276 3342 570 3343 504 3344 504 3344 570 3343 1227 3345 504 3344 1227 3345 501 3346 501 3346 1227 3345 1228 3347 501 3346 1228 3347 505 3348 505 3348 1228 3347 1229 3349 505 3348 1229 3349 506 3350 506 3350 1229 3349 1230 3351 506 3350 1230 3351 1231 3352 1231 3352 1230 3351 233 3353 1231 3352 233 3353 232 3354 619 3355 570 3343 571 3356 257 3357 1089 2800 619 3358 619 3359 1089 3360 1227 3361 619 3355 1227 3345 570 3343 259 2798 1089 2800 257 3357 1088 3362 745 3363 1089 3364 1089 3360 745 3365 1227 3361 264 3366 266 3367 745 3368 745 3369 266 3370 1232 3371 745 3369 1232 3371 1227 3345 1227 3345 1232 3371 1228 3347 1228 3347 1232 3372 1229 3349 1229 3349 1232 3372 265 3373 1229 3349 265 3373 1230 3351 1230 3351 265 3373 1233 3374 266 3375 265 3376 1232 3377 265 3373 233 3378 1233 3374 1125 3379 1209 3380 264 3381 264 3381 1209 3380 1234 3382 264 3381 1234 3382 265 3373 265 3373 1234 3382 1235 3383 265 3373 1235 3383 233 3378 1235 3383 1234 3382 234 3384 234 3385 1234 3382 1209 3380 234 3386 1209 3387 213 3388 234 3389 213 3390 232 3391 232 3391 213 3390 1236 3392 232 3393 1236 3394 1231 3352 1231 3352 1236 3394 509 3395 1231 3352 509 3395 506 3350 213 3396 218 324 1236 3394 1236 3394 218 324 509 3395 212 323 1206 3211 218 324 218 324 1206 3211 507 3397 218 324 507 3397 509 3395 303 3398 238 3399 1206 3211 1206 3211 238 3399 508 3400 1206 3211 508 3400 507 3397 610 3401 503 3402 303 3398 303 3398 503 3402 508 3403 285 3328 492 3404 1237 3405 1237 3405 492 3404 500 3406 1237 3405 500 3406 610 3401 610 3401 500 3406 502 3407 610 3401 502 3407 503 3402 610 3408 297 3409 1237 3410 1237 3410 297 3409 283 3411 1237 3405 283 3412 285 3328 493 3326 492 3404 285 3328 287 3413 621 3414 618 3415 618 3415 621 3414 1226 3416 618 3417 1226 3327 284 3329 287 3413 286 3418 621 3414 1226 3327 622 3419 623 3420 289 3421 307 3422 623 3423 623 3420 307 3424 1225 3325 623 3420 1225 3325 1226 3327 304 3425 1224 3323 307 3424 307 3424 1224 3323 1225 3325 238 3399 229 3426 508 3400 508 3403 229 3427 219 3428 508 3403 219 3428 303 3398 303 3398 219 3428 215 3429 303 3398 215 3429 238 3399 153 3430 152 3431 1031 3432 1031 2647 152 3433 1034 2668 1031 2647 1034 2668 1030 2646 153 3434 1032 3435 161 3436 161 3437 1032 2655 883 2209 161 3438 883 3439 1238 3440 1238 3440 883 3439 885 3441 1238 3440 885 3442 1239 3443 1239 3443 885 3444 1240 3445 1239 3443 1240 3445 1241 3446 1241 3446 1240 3445 889 2226 1241 3446 889 2226 1242 3447 1242 3447 889 2226 892 2231 1242 3447 892 2231 894 2234 894 2234 892 2231 156 2230 894 2234 156 2230 155 2232 881 2207 883 2209 879 2205 879 2205 883 2209 1032 2655 1243 3448 1244 3449 884 3450 884 3450 1244 3449 885 3451 1240 3445 885 3452 1245 3453 1245 3453 885 3451 1244 3449 1245 3453 1244 3449 27 2216 27 2216 1244 3449 1243 3448 27 2216 1243 3448 886 2214 886 2214 1243 3448 884 3450 886 2214 884 3450 110 2215 110 2215 884 3450 111 3454 1240 3445 1245 3453 1246 3455 1246 3455 1245 3453 27 2216 1246 3455 27 2216 891 2228 891 2228 27 2216 7 3456 891 2228 7 3456 890 2227 889 2226 1240 3445 891 2228 891 2228 1240 3445 1246 3455 894 2234 896 2236 1242 3447 1242 3447 896 2236 959 2467 1242 3447 959 2467 1241 3446 1241 3446 959 2467 1247 3457 1241 3446 1247 3457 1239 3443 1239 3443 1247 3457 1248 3458 1239 3443 1248 3458 1249 3459 1249 3459 1248 3458 1038 2672 1249 3459 1038 2672 1250 3460 1250 3460 1038 2672 1037 2671 1250 3460 1037 2671 1036 2670 899 2239 897 2237 938 2420 938 2420 897 2237 902 2244 938 2420 902 2244 937 2418 937 2418 902 2244 935 2409 937 2418 935 2409 749 3461 749 3461 935 2409 731 2417 749 3462 731 3463 729 3464 901 2242 941 2433 900 2240 1251 3465 945 2441 952 2455 952 2455 945 2441 946 2443 952 2455 898 2238 1251 3465 1251 3465 898 2238 900 2240 1251 3465 900 2240 945 2441 945 2441 900 2240 941 2433 945 2441 941 2433 943 2442 1038 2672 1248 3458 1252 3466 1252 3466 1248 3458 1247 3457 1034 2668 152 3433 1035 2669 1035 2669 152 3433 1036 2670 1253 3467 161 3438 1238 3440 1247 3457 959 2467 1252 3466 1252 3466 959 2467 958 2466 1252 3466 958 2466 1038 2672 1249 3459 1250 3460 1254 3468 1254 3468 1250 3460 1255 3469 1254 3468 1255 3469 1249 3459 1249 3459 1255 3469 1239 3443 1036 2670 152 3470 1250 3460 1250 3460 152 215 151 214 1250 3460 151 214 1255 3469 1238 3440 1239 3443 1253 3467 1253 3467 1239 3443 1255 3469 1253 3467 1255 3469 161 3471 161 3471 1255 3469 151 214 174 3472 173 3473 854 2079 854 2079 173 3473 605 3474 854 2079 605 3474 404 2038 404 3475 605 3476 604 3477 404 3475 604 3477 386 3478 372 3479 545 3480 374 3481 374 3481 545 3480 541 1987 374 3481 541 1987 375 1992 63 3482 1256 3483 372 3479 372 3479 1256 3483 551 3484 372 3479 551 3484 545 3480 1256 3485 63 3486 65 3487 730 3488 624 1283 728 3489 732 3490 373 3491 730 3488 730 3488 373 3491 375 1994 730 3488 375 1994 624 1283 142 3492 732 3493 734 3494 734 3494 732 3493 931 3495 734 3494 931 3495 371 3496 371 3496 931 3495 932 3497 371 3496 932 3497 370 3498 370 3498 932 3497 928 3499 370 3498 928 3499 369 3500 369 3500 928 3499 929 3501 369 3500 929 3501 925 3502 369 3500 925 3502 368 3503 368 3503 925 3502 927 3504 368 3503 927 3504 366 3505 366 3505 927 3504 924 3506 366 3507 924 3508 1257 3509 1257 3510 924 3511 917 3512 1257 3509 917 3513 920 3514 920 3514 921 3515 1257 3509 1257 3509 921 3515 74 3516 1257 3509 74 3516 361 3517 361 3517 74 3516 164 3518 361 3519 164 3520 163 3521 57 3522 726 3523 922 3524 922 3525 726 3526 1258 3527 922 3525 1258 3527 921 3515 921 3515 1258 3527 31 3528 921 3515 31 3528 74 3516 57 3522 922 3524 55 3529 726 3526 31 3528 1258 3527 164 3530 74 3531 73 3532 1257 3509 361 3517 1259 3533 1259 3533 361 3517 366 3507 1259 3533 366 3507 1257 3509 734 3494 371 3496 558 3534 558 3534 371 3496 373 3491 558 3534 373 3491 559 3535 559 3535 373 3491 141 3536 141 3536 373 3491 732 3490 141 3537 732 3493 142 3492</p>
        </triangles>
      </mesh>
    </geometry>
  </library_geometries>
  <library_visual_scenes>
    <visual_scene id="Scene" name="Scene">
      <node id="mh00400-j00_lk2" name="mh00400-j00_lk2" type="NODE">
        <matrix sid="transform">1 0 0 -0.4 0 1 0 0 0 0 1 -0.9 0 0 0 1</matrix>
        <instance_geometry url="#polygons_002-mesh" name="mh00400-j00_lk2">
          <bind_material>
            <technique_common>
              <instance_material symbol="Surface_1_004-material" target="#Surface_1_004-material"/>
            </technique_common>
          </bind_material>
        </instance_geometry>
      </node>
    </visual_scene>
  </library_visual_scenes>
  <scene>
    <instance_visual_scene url="#Scene"/>
  </scene>
</COLLADA>